Time (seconds),Requests,Throughput (requests/second),Minimum Latency (microseconds),25th Percentile Latency (microseconds),Median Latency (microseconds),Average Latency (microseconds),75th Percentile Latency (microseconds),90th Percentile Latency (microseconds),95th Percentile Latency (microseconds),99th Percentile Latency (microseconds),Maximum Latency (microseconds)
0,830,830.000,3449,27776,88821,89599,114442,160249,184606,316924,1853306
1,896,896.000,3846,30763,74513,84784,114519,165146,196131,361283,1549687
2,1127,1127.000,3490,34718,51758,64051,78626,118396,148032,232998,955189
3,999,999.000,3501,27486,55312,81802,109899,201189,245587,285419,577515
4,1538,1538.000,3382,21609,38646,45442,54719,83834,97040,179713,1002089
5,1282,1282.000,3318,33856,54538,56330,70233,94197,111965,148007,767767
6,1630,1630.000,3302,29897,39974,45569,54519,76147,94335,134056,391316
7,1974,1974.000,3258,23801,35381,38191,48329,61131,77791,104037,483430
8,2070,2070.000,2878,21523,33061,36172,46529,59807,78227,97152,394095
9,1425,1425.000,3116,18537,29340,57367,42231,253019,317381,342066,491304
10,1805,1805.000,3023,16461,24519,37167,37236,46917,79447,282814,330737
11,1988,1988.000,3033,15536,23739,45507,36956,67865,286880,315627,350323
12,1676,1676.000,2941,15278,23430,35599,36124,47704,79054,257493,298944
13,2133,2133.000,2848,16109,22526,35178,35620,44359,69969,305698,336261
14,2010,2010.000,2910,16802,25642,37306,37403,50416,73498,288493,396032
15,2076,2076.000,2745,15735,26099,35786,37665,54509,76952,266193,302696
16,1724,1724.000,2701,24126,33988,44383,45528,63132,103417,258029,315427
17,1832,1832.000,2897,15242,28361,39989,42206,67210,90637,269437,407841
18,1490,1490.000,2745,16165,36248,51561,55291,76614,304734,338165,375481
19,861,861.000,3033,26658,41953,86373,60518,312801,323665,359732,379372
20,1282,1282.000,2952,29273,41617,58190,54398,74784,316815,341673,367118
21,1062,1062.000,2860,28069,39919,77334,53853,308612,323566,347008,416309
22,1285,1285.000,2861,23870,36324,52745,48687,73385,315256,334966,364643
23,1596,1596.000,2868,18254,30801,57073,42594,80807,312556,348074,431186
24,1212,1212.000,3007,20302,30648,48804,45224,65545,297353,322120,398655
25,1968,1968.000,2836,17563,27557,37988,39843,49125,74408,280850,330944
26,1563,1563.000,2641,18230,28142,56545,44422,109709,301067,329328,396683
27,1404,1404.000,2985,17586,27396,45293,40841,62315,320104,341877,380276
28,2118,2118.000,2750,16217,24912,34454,37420,46873,71464,253263,289225
29,1897,1897.000,2851,16858,25868,39340,38702,52226,76814,315841,353824
30,1833,1833.000,2547,18200,27310,41050,40805,52789,76199,328957,378673
31,2002,2002.000,2634,17098,24671,37438,36855,47103,70550,322438,361093
32,1723,1723.000,2719,17982,29762,43721,43866,67418,102845,318982,352777
33,1411,1411.000,2802,27696,34711,53274,50320,76081,306366,327276,381668
34,1309,1309.000,2697,29126,43398,56752,59631,80924,284355,314237,374977
35,1988,1988.000,2726,25354,34275,45046,48937,71299,91044,263532,410478
36,1664,1664.000,2972,23111,31678,36272,45921,60487,76293,91226,167749
37,1629,1629.000,2910,25927,33197,45937,46499,70042,121100,257349,357073
38,1848,1848.000,2671,13750,30015,40692,45249,64418,93050,267028,301896
39,1178,1178.000,2745,21098,33455,66540,56513,268519,305472,332062,390577
40,1406,1406.000,2919,25918,37654,61387,53499,89119,305382,335384,430801
41,1104,1104.000,2816,20451,30431,54718,43505,80935,294395,311739,344422
42,1562,1562.000,2911,22306,31961,48371,46757,62491,153821,347355,391191
43,1209,1209.000,2797,19006,28383,61585,41516,292475,304259,325843,345009
44,1617,1617.000,2831,20220,30753,46160,44536,57890,89897,344043,406421
45,1811,1811.000,2629,18190,27905,50331,41517,74009,262238,338822,421247
46,1273,1273.000,2953,17978,28560,45531,41497,65073,288934,312578,358337
47,1784,1784.000,2656,18172,29365,42549,42371,53866,86051,334176,400654
48,1911,1911.000,2660,17528,27046,39353,39553,49866,75184,315640,354088
49,1909,1909.000,2821,17018,26673,39595,39565,51837,81176,303965,360490
50,1829,1829.000,2651,15420,25381,47911,37265,69746,297215,325188,385924
51,1736,1736.000,2780,15167,24359,38395,35151,45205,76766,330042,397114
52,2009,2009.000,2744,14306,22709,34708,34470,43223,71427,298349,339236
53,1856,1856.000,2736,17769,24762,40472,36592,44992,71690,389216,423980
54,1773,1773.000,2757,29507,42906,51386,57147,74305,103416,277516,332526
55,1523,1523.000,2798,29085,34655,39286,46513,61150,75559,93479,180889
56,1419,1419.000,2766,28947,41295,52532,50323,72194,286609,317125,422686
57,1673,1673.000,2873,23953,32398,44501,45276,63050,92463,269972,321916
58,2147,2147.000,2651,14893,25771,35047,38302,50794,75647,250431,295726
59,1914,1914.000,2796,29142,37592,39342,46606,60028,73124,103045,180270
60,1996,1996.000,2757,12709,24714,37259,39333,66078,81444,276744,329665
61,950,950.000,2801,24191,42693,79217,60599,276064,329998,338576,352412
62,1275,1275.000,2890,25786,38912,68202,53282,273148,315079,330241,369253
63,1195,1195.000,2704,23590,34452,52915,46990,70742,315682,338272,372036
64,1503,1503.000,2738,20896,33455,61288,46451,125579,323319,349009,397172
65,1038,1038.000,2807,23807,35358,55805,50109,82475,302253,326767,351728
66,1758,1758.000,2762,18600,29367,41958,41706,54834,84047,319024,362273
67,1698,1698.000,2777,18592,28837,53809,43555,76857,266336,364066,405325
68,1318,1318.000,2773,17941,27749,45396,42108,56055,297757,314837,347929
69,2167,2167.000,2666,16902,23542,34158,37399,45042,72693,261018,308839
70,2105,2105.000,2749,17088,25393,36473,37940,47243,74040,260829,349284
71,1672,1672.000,2564,15212,24149,45778,35834,67408,253816,316843,321642
72,1900,1900.000,2762,16006,24783,37780,37230,45978,73101,315491,359797
73,2325,2325.000,2685,15507,22167,32140,34880,42919,69595,256689,488787
74,1878,1878.000,2727,15762,25735,40213,39373,50950,78777,352647,400994
75,1833,1833.000,2859,16702,24738,40515,38767,51629,82232,346981,382505
76,2000,2000.000,2806,17720,24620,37543,37451,46052,74629,315432,361768
77,1833,1833.000,2734,18684,29824,41343,43819,60751,89154,280399,406644
78,1664,1664.000,2885,17936,30564,44480,44880,67927,103978,290324,348917
79,1915,1915.000,2663,16298,30446,41590,45098,69727,91657,273356,326859
80,2063,2063.000,2844,22141,31515,34150,45074,56516,66169,91826,146407
81,1466,1466.000,2915,26786,34886,51790,50620,82977,268625,302495,340393
82,1388,1388.000,2950,27229,36172,53918,56609,92534,279519,320643,382141
83,1867,1867.000,2854,13629,30021,39940,43023,66641,85997,274165,315439
84,1161,1161.000,2821,19238,29855,64345,44025,287727,311260,336078,359146
85,1446,1446.000,2722,19724,29421,55480,43872,240170,297957,324013,359445
86,1526,1526.000,2712,19336,30650,45640,42965,64056,98597,333290,369897
87,1401,1401.000,2918,21364,32858,62995,49279,294274,310038,334686,410112
88,1324,1324.000,2803,19781,30631,46661,42360,54723,305091,322641,366775
89,1930,1930.000,2783,16483,25121,38713,37100,48509,76333,334749,378129
90,1745,1745.000,2864,17915,29890,50921,41962,76563,257698,333492,377220
91,1353,1353.000,2630,15616,23553,45843,36599,61987,371142,399959,433606
92,1819,1819.000,2685,17503,26119,40600,37845,50050,78674,347633,392374
93,1945,1945.000,2794,16936,25432,38926,38198,48436,76277,324209,445194
94,1941,1941.000,2726,16131,24615,38295,37552,46721,76161,328430,441181
95,1866,1866.000,2813,15550,28405,40453,40558,58018,79774,319190,429742
96,1929,1929.000,2811,16762,24106,38866,36761,46663,74049,342897,385715
97,1877,1877.000,2734,18539,29333,40283,41923,57597,83013,296250,342470
98,1507,1507.000,2894,27770,39049,49401,48755,70683,136186,283188,384769
99,1467,1467.000,2846,28508,42382,51535,56774,75851,248905,276294,310137
100,1732,1732.000,2826,28583,40400,49094,49504,61184,100234,302434,391123
101,2100,2100.000,2671,15796,29571,34503,41759,55460,72596,238117,285940
102,2232,2232.000,2676,14675,24870,36483,36367,53666,89141,258014,298098
103,1688,1688.000,2738,26398,34678,35993,44086,57920,67242,86792,128074
104,2048,2048.000,2670,14326,28031,36307,38374,55462,70683,272224,318269
105,1877,1877.000,2755,15699,28923,39795,42794,61126,84871,267910,296175
106,1654,1654.000,2771,14732,33491,56436,52219,89697,278931,342656,433126
107,1136,1136.000,2993,24076,36050,50450,50839,73113,249044,270253,311857
108,1002,1002.000,2984,23691,36039,78358,52350,314892,348165,362236,481821
109,1526,1526.000,2714,21507,29988,46187,43871,59817,104246,334977,379212
110,1543,1543.000,2837,20218,31626,55803,45113,93592,278165,327552,358788
111,1468,1468.000,2833,19225,29721,43959,41527,51695,293333,316961,363750
112,1866,1866.000,2727,18048,27828,40032,40327,50237,80750,316391,354170
113,1843,1843.000,2777,17108,25539,47007,37659,66740,256332,324081,370383
114,1403,1403.000,2734,19327,28858,44928,40788,54114,301921,322269,358776
115,2170,2170.000,2695,16812,25045,34791,38317,47301,71920,255375,295034
116,2003,2003.000,2660,16608,24080,37353,37241,45261,72708,312112,362726
117,2082,2082.000,2811,14965,22898,39866,35904,45802,299875,333667,374546
118,1905,1905.000,2772,15112,24632,44350,37422,63636,287195,350462,382063
119,1894,1894.000,2795,15217,23800,39347,36870,46857,75023,373291,411544
120,1963,1963.000,2799,18344,28336,30305,39815,47642,58224,82748,358085
121,1478,1478.000,2721,27689,37953,49599,52565,69613,115043,299597,317223
122,1411,1411.000,2756,28166,41454,53081,55079,72230,281543,299059,343680
123,1526,1526.000,2798,28505,42058,51735,56000,71376,116778,291167,349425
124,1897,1897.000,2739,27593,35163,37334,45348,57583,71377,90695,120098
125,2210,2210.000,2892,14712,24085,33968,36674,48730,71196,274805,316029
126,2202,2202.000,2719,13742,23179,34263,34793,45908,70693,304115,354143
127,2184,2184.000,2685,15066,26920,34112,36399,44676,69054,257939,302594
128,1818,1818.000,2847,12829,24172,46308,36758,69508,259002,330928,373513
129,1075,1075.000,2843,31100,44525,61222,58709,83828,303730,318501,349928
130,1313,1313.000,2731,19340,30947,60409,43688,255828,315848,343666,419889
131,1643,1643.000,2811,19677,29727,43084,41942,53847,86352,314137,350340
132,1352,1352.000,2854,21340,31358,66208,46309,306308,363518,388738,422789
133,1186,1186.000,2853,18132,30355,51017,41737,59921,347274,373607,419548
134,1571,1571.000,2841,19479,28572,47440,43084,52313,85287,398246,448923
135,1775,1775.000,2876,18506,27271,42533,40154,52024,79593,353871,387918
136,1954,1954.000,2602,17173,25633,44209,38160,56413,256638,320674,449046
137,1639,1639.000,2665,15437,22411,38422,36448,49283,241949,262526,291695
138,2270,2270.000,2599,15210,21100,33059,34776,43926,69720,281428,319695
139,1888,1888.000,2687,16375,29230,39767,39988,56086,88958,294603,319430
140,1936,1936.000,2844,16195,24049,38500,36813,46811,73905,339956,375556
141,2190,2190.000,2799,14287,22296,34370,35310,43526,72442,309271,356137
142,1883,1883.000,2625,15179,26291,39696,38395,51367,78342,353334,398764
143,1504,1504.000,2753,27311,38656,50098,52981,71822,161339,287943,343444
144,1426,1426.000,2943,28110,40921,52823,53821,71808,290333,314940,349225
145,1765,1765.000,2749,27922,35208,46880,48255,60825,89675,277279,321555
146,2116,2116.000,2731,15257,27812,37357,40174,56021,78924,278662,338641
147,2187,2187.000,2711,14616,28296,29634,38788,48310,60133,87264,322191
148,1611,1611.000,2714,27183,33658,45726,45284,59662,100061,276376,294795
149,1901,1901.000,2851,13326,24976,44939,37696,69804,261980,311071,326370
150,1416,1416.000,2862,18798,27645,45574,40892,52066,322071,350019,371523
151,1154,1154.000,2878,25143,36248,71231,50331,308984,324160,340903,459891
152,1392,1392.000,2814,22508,32176,48279,43602,61516,313434,338717,374008
153,1831,1831.000,2677,18373,26801,52052,40765,72043,307952,352657,390080
154,1220,1220.000,2815,17600,25530,45059,39036,51644,309277,326524,376053
155,1767,1767.000,2727,18796,27397,42430,41472,53966,86698,338301,392850
156,1751,1751.000,2842,17859,28674,42425,41239,73586,106757,303557,345653
157,1738,1738.000,2792,17677,28450,51991,40657,74261,301367,319614,354194
158,1548,1548.000,2696,15512,23466,38501,35499,46029,82018,302735,331518
159,1748,1748.000,2687,17274,27853,42998,39262,48234,79597,383018,431696
160,1692,1692.000,2963,19457,30031,44270,41753,57316,82797,351813,377837
161,2025,2025.000,2843,14417,21321,37014,34685,43189,71480,374768,418813
162,1430,1430.000,2826,27801,41227,52792,55389,73540,292579,310726,338319
163,1923,1923.000,2691,17124,29812,40875,43176,60157,85279,279836,320086
164,1822,1822.000,2615,27481,40386,40325,53425,60403,74171,101336,385058
165,1430,1430.000,2996,28086,38946,50439,49250,66423,102846,312358,337668
166,2099,2099.000,2550,14743,28067,36330,39414,57823,77860,258924,289831
167,1710,1710.000,2727,25117,30193,43609,44768,58622,90288,266353,293170
168,1676,1676.000,2764,25032,32080,44417,45538,58316,100344,268214,314156
169,2017,2017.000,2824,14193,27983,37231,40879,56221,78064,273525,327344
170,1135,1135.000,3000,28940,45396,79787,61568,308963,334196,360528,395621
171,1068,1068.000,2915,25247,36961,55356,49079,69491,300569,329895,379069
172,1575,1575.000,2868,22432,34399,48980,48405,69763,135422,321914,356142
173,1326,1326.000,2687,18992,28785,55100,43231,245080,279261,291061,301931
174,2079,2079.000,2687,17398,24672,44332,38874,66939,264657,289383,320722
175,1276,1276.000,2810,17820,27686,45628,41843,53447,300358,322185,337902
176,1828,1828.000,2817,18222,27026,40652,41381,51440,80332,312287,359886
177,1912,1912.000,2736,18160,27423,39307,39841,49965,77698,309355,343904
178,1818,1818.000,2836,17384,28288,40889,39054,48770,78076,331776,374734
179,1918,1918.000,2924,15955,23842,46546,38626,70162,265964,334573,369992
180,1774,1774.000,2826,19380,30021,44757,41125,53899,85442,378335,420862
181,1823,1823.000,2968,17608,27606,38981,40591,54615,80381,289054,333182
182,1505,1505.000,2827,28223,41685,41173,54074,63689,75110,100870,131327
183,1488,1488.000,2750,27700,39855,50140,53288,70763,260296,294267,337887
184,1777,1777.000,2864,19423,30143,42085,43387,57301,85280,282448,332204
185,1538,1538.000,2739,26032,37531,48334,47828,65352,125558,302771,334033
186,1777,1777.000,2830,22981,31333,42366,44220,57363,88162,266907,300056
187,2032,2032.000,2734,21916,31631,44007,44343,65383,89756,303447,371872
188,1704,1704.000,2699,26862,30958,35250,43472,56946,63110,87928,156197
189,1960,1960.000,2731,13613,26302,38046,38974,56269,76755,315618,360120
190,1343,1343.000,2710,29074,40893,71029,54885,306733,341730,360374,373077
191,922,922.000,2877,27873,38903,59717,51177,83221,298524,320738,343742
192,1609,1609.000,2679,20271,30538,46831,42565,57515,89116,364478,402499
193,1591,1591.000,2589,17350,27724,53492,40759,81416,297934,317786,360160
194,1695,1695.000,2738,18084,26729,37792,38905,48915,76935,259431,299137
195,2047,2047.000,2878,18571,26564,38454,39508,51959,85365,264410,381623
196,1515,1515.000,2895,16869,24067,49864,38760,74651,265397,341008,357960
197,1786,1786.000,2903,16679,25200,39787,38120,48747,83952,329212,574245
198,1913,1913.000,2648,18822,25550,39368,40029,49106,83095,318980,359026
199,1680,1680.000,3022,19811,30734,44470,44624,58317,96663,317436,357049
200,2059,2059.000,2814,16154,22731,37012,38760,51405,83929,289590,355525
201,1309,1309.000,2818,27550,42852,56845,57444,88114,278159,306081,336871
202,1578,1578.000,2835,26706,38781,47357,51071,63444,104738,264207,305571
203,1605,1605.000,2845,27690,40678,50065,55102,70714,99999,288985,331990
204,1775,1775.000,2991,28072,36330,38916,49620,58410,70584,94527,251791
205,1754,1754.000,2822,22269,31220,42676,44896,58139,90367,263585,306416
206,2061,2061.000,2788,15567,26964,36613,39895,53862,79944,267896,292089
207,1807,1807.000,2696,16921,29254,41665,42792,59895,88397,294922,418337
208,1938,1938.000,2781,14421,27706,38882,40096,52479,81258,313446,363959
209,1529,1529.000,2653,20816,33892,60205,49922,100823,303965,334036,388609
210,1027,1027.000,2923,21996,35658,55395,47749,75481,314628,338398,384068
211,1823,1823.000,2654,19909,31275,49210,44282,73988,257691,330463,367903
212,1365,1365.000,2782,17397,27143,44355,40434,71121,242740,304436,306334
213,1894,1894.000,2746,17663,25615,39583,39990,49022,76668,325386,368647
214,1823,1823.000,2866,17025,26999,46095,40011,76840,248523,275499,309947
215,1312,1312.000,3014,19968,34547,49614,47189,69483,304713,330302,387030
216,1845,1845.000,3130,18814,25239,40808,41491,52629,87137,314790,472583
217,1840,1840.000,2707,18386,26314,40857,41956,53991,92164,311059,357951
218,1961,1961.000,2711,16225,27748,38257,39582,52292,81106,296778,315418
219,1765,1765.000,2803,17292,26972,42224,39717,48869,86594,365723,397937
220,1716,1716.000,2927,20281,32755,44256,46908,68458,98068,258552,303167
221,1421,1421.000,2741,27991,39945,52240,55687,73690,258655,303263,471943
222,1660,1660.000,2953,28287,42196,51569,55198,73728,108672,304639,364621
223,2011,2011.000,2784,18542,29914,37532,43072,56659,72926,264899,295845
224,1631,1631.000,2910,25567,34080,39311,46403,58594,73508,244854,246042
225,1720,1720.000,2680,21203,29854,43415,46351,61863,93246,262052,301382
226,1794,1794.000,2668,18682,29375,41631,42503,56829,84470,293101,321692
227,2389,2389.000,2767,13171,23315,36252,35971,45076,72640,378882,431772
228,1134,1134.000,2770,23631,34917,57270,48512,80861,350043,377733,399134
229,795,795.000,3082,27857,43453,96986,91627,322391,342265,381727,409137
230,1204,1204.000,3148,24491,35977,65213,62625,105726,338438,379850,415330
231,831,831.000,3026,26946,38782,82895,81639,314608,326814,366004,442988
232,1094,1094.000,3150,26109,42582,80178,83386,283655,331000,382894,410694
233,922,922.000,2935,28487,47797,68835,84343,110894,204485,381104,434011
234,1733,1733.000,2989,20059,31135,41955,44874,55870,90225,266467,320388
235,1790,1790.000,2856,19462,28354,50450,42521,61770,316863,340639,392709
236,1594,1594.000,2852,16633,24526,41038,37737,50521,243087,311623,318104
237,2098,2098.000,2929,15675,21895,33236,35967,43777,72933,249768,291905
238,1909,1909.000,2547,16136,25113,39157,37946,48176,76308,337502,376754
239,2060,2060.000,2714,16094,23708,36411,35618,45563,74742,320947,359083
240,2035,2035.000,2967,15045,22966,36793,36464,46750,76998,334290,377076
241,2096,2096.000,2622,16110,22802,35840,35996,44207,72455,317912,355457
242,1489,1489.000,2839,27060,35013,50305,52915,72088,271167,319894,353096
243,1490,1490.000,2710,27646,41144,52231,55510,70152,277014,309702,370840
244,2262,2262.000,2764,17693,29822,39809,42308,57281,79358,297412,338069
245,1517,1517.000,2889,27771,38330,38104,47808,57597,70517,92452,130920
246,1923,1923.000,2666,17932,28130,38731,41202,56542,85683,264428,319970
247,1686,1686.000,2789,21078,30758,44377,43497,58750,87163,313948,355708
248,1922,1922.000,2877,15411,28641,38919,42159,57538,85348,264688,308718
249,1661,1661.000,2821,18428,30891,45684,42679,59694,88333,355396,426061
250,1001,1001.000,2791,27526,39976,76911,53744,301153,317814,331783,345675
251,1900,1900.000,2815,18720,26434,40713,39431,50388,249122,306290,344095
252,1291,1291.000,2840,18389,29262,53953,42423,256958,276539,291214,312188
253,1884,1884.000,2744,18901,27773,40029,40478,51129,83618,291072,339461
254,1700,1700.000,2804,20046,31426,54874,43368,80905,300809,323794,357997
255,1429,1429.000,2643,17015,25431,39056,39013,55717,235377,260659,304853
256,2255,2255.000,2653,16415,22822,33461,36698,45286,72373,252453,296718
257,2065,2065.000,2811,15903,24403,36352,37996,47136,74960,294388,340189
258,2003,2003.000,2789,17535,23885,37635,36982,45924,77133,323585,369319
259,1963,1963.000,3020,16186,23891,46513,39322,70543,271555,331004,375008
260,1862,1862.000,2555,18400,27933,43117,41263,53713,86556,362791,398400
261,1926,1926.000,2742,16338,27288,27981,37512,46226,57992,85801,108352
262,1467,1467.000,2844,28210,41437,50378,54457,69424,249231,272838,314570
263,1580,1580.000,2772,27536,32916,47779,48727,58579,105722,293762,326697
264,1412,1412.000,2735,27933,40811,53031,55374,70685,286579,309351,361014
265,1870,1870.000,2897,27765,40951,39650,53506,58644,72445,93906,127767
266,2007,2007.000,2775,15601,27821,37650,40286,54817,83059,265424,311021
267,1712,1712.000,2701,23266,30382,43973,45751,58675,96665,272746,307173
268,1603,1603.000,2782,16059,29222,46430,44403,88123,109662,322563,358642
269,1770,1770.000,2866,17456,29379,42592,42963,58993,92018,296625,354307
270,2060,2060.000,2689,13716,27802,36514,39002,58524,78319,260664,318226
271,1172,1172.000,2912,21835,35232,70919,50123,312319,332723,359727,391024
272,1087,1087.000,2884,27525,39909,61336,52332,83581,354743,376935,432581
273,1774,1774.000,2707,18911,27686,48811,41846,66002,317602,340737,568503
274,1141,1141.000,2753,21117,31993,58845,45874,89018,317585,340257,385537
275,1494,1494.000,2803,20121,31814,47306,45123,63202,269893,338800,377976
276,1782,1782.000,2993,18784,27837,42066,42339,55094,88006,313749,366288
277,1867,1867.000,2791,16068,24857,40767,38855,51059,80375,356616,401240
278,1718,1718.000,2864,16620,24453,48130,38623,72738,259973,326924,342652
279,1589,1589.000,2981,17337,26973,41608,38600,51786,87563,326980,370893
280,1731,1731.000,2866,19319,30330,46430,42839,77015,102023,347869,387525
281,1758,1758.000,2809,18999,30787,42700,43619,59486,85589,287466,307057
282,1819,1819.000,2815,18028,30026,41150,44444,68772,89724,250766,279454
283,1861,1861.000,2936,16137,27091,38893,38594,48825,80758,320283,371294
284,1755,1755.000,2782,27621,41575,41683,55445,66877,75263,98610,210993
285,1689,1689.000,2935,19137,31968,44212,48015,70007,101808,262745,293066
286,1706,1706.000,2776,24490,30633,43514,44270,60700,97107,260485,307181
287,1826,1826.000,3035,18021,29461,41218,43833,58835,98268,256592,304899
288,1971,1971.000,2687,15468,28184,38081,42107,58042,89298,257133,301124
289,2450,2450.000,2963,15057,28290,32889,41816,55754,70449,106493,365577
290,977,977.000,2949,23372,37904,72496,52560,304413,318825,337287,367920
291,1725,1725.000,2848,19695,28795,44632,41502,54212,300306,327969,371962
292,1182,1182.000,2786,21582,31974,63749,46238,295851,313680,331187,390553
293,1633,1633.000,2820,19174,29759,43729,41910,51602,82027,340730,381123
294,1764,1764.000,2756,19952,29600,43202,41266,52949,87735,321226,370610
295,1540,1540.000,2884,16410,24632,49312,39198,75734,265022,319319,342317
296,1752,1752.000,2690,17000,26329,41159,38290,47912,79603,349067,394007
297,1925,1925.000,2762,17346,24562,39123,39196,50609,81152,318624,366265
298,2149,2149.000,2710,15852,24368,34858,36392,44599,72822,290213,335308
299,2022,2022.000,2848,18609,26919,37553,38368,50227,81080,264948,393448
300,1941,1941.000,2840,13891,22833,47351,35528,66582,328925,347539,386605
301,1573,1573.000,2785,26455,34208,36883,44661,57883,69761,97319,126607
302,1447,1447.000,2809,27861,39993,51685,52488,68669,286492,304408,361225
303,1587,1587.000,2841,27450,36050,47357,48772,64620,100108,271685,316254
304,1464,1464.000,2762,27541,39291,50532,54202,72125,269139,296579,352268
305,1749,1749.000,2972,26259,33415,44701,46879,60964,90576,265086,308068
306,2162,2162.000,2808,15240,28012,38762,40027,53192,78497,337548,392808
307,2167,2167.000,2864,14668,27725,29038,40216,52901,58086,84744,111748
308,1987,1987.000,2808,14718,28800,41020,40462,55621,77982,350395,381007
309,1611,1611.000,2667,18680,32954,42563,43310,61630,94661,268530,395430
310,1315,1315.000,2881,18732,30402,56900,42744,252861,281440,306232,339272
311,2081,2081.000,2660,18348,26037,36499,39014,48338,76069,260089,374321
312,1519,1519.000,3000,17882,27438,56686,43051,88003,317478,337853,371973
313,1453,1453.000,2948,19185,27997,43411,40753,53727,287961,310766,348260
314,1833,1833.000,2901,17855,27553,41002,40814,52184,81968,315226,364956
315,1900,1900.000,2607,17134,25634,39283,39239,49472,79861,318552,440218
316,2113,2113.000,2797,15395,21913,35977,35373,44725,71772,327988,423348
317,1960,1960.000,2902,15860,26880,46814,39974,73793,278954,308637,325326
318,1779,1779.000,2971,14187,24300,37795,37051,46668,79667,318247,367010
319,1726,1726.000,2922,26431,36046,37889,51284,59310,72108,99172,138802
320,2042,2042.000,2719,16107,27755,36675,39577,53985,74461,273317,305075
321,1895,1895.000,2929,15827,27903,39767,40862,56334,82821,320090,347158
322,1557,1557.000,2835,27152,33847,47916,48841,58926,111333,293525,312551
323,1857,1857.000,2872,18070,29248,40023,42942,57427,85914,253775,307344
324,2168,2168.000,2835,13821,25746,34727,37669,51103,71132,275262,314443
325,1833,1833.000,2802,20122,29428,41004,43052,57607,87243,269895,326514
326,2686,2686.000,2746,14077,27168,30270,38186,48046,69278,93823,367936
327,819,819.000,2864,34241,43235,83916,59298,304106,313405,329727,349978
328,1636,1636.000,2864,20537,33644,45580,46628,61561,91663,305725,343137
329,1226,1226.000,2995,22845,32562,67036,47560,305497,322768,335441,375725
330,1453,1453.000,2898,18320,27985,46795,41601,55552,348530,377623,414228
331,1873,1873.000,2667,18029,25511,40008,39013,50705,79267,330434,380021
332,1704,1704.000,2798,17583,28784,48928,41086,75197,251523,306734,326178
333,1867,1867.000,2887,16455,23588,35651,36941,49617,76735,258809,292838
334,1943,1943.000,2948,16566,28197,38723,40649,50145,80454,296962,342553
335,1939,1939.000,2929,16307,24102,38662,39861,51615,83403,319204,362935
336,2062,2062.000,2985,14960,22827,37989,37683,47386,80218,315008,490142
337,1928,1928.000,2918,14215,22266,45830,37174,68409,297813,353443,406426
338,1835,1835.000,2874,18162,28518,32441,41977,54423,68174,91852,363570
339,1448,1448.000,2906,27335,37695,51107,53935,71558,124510,319613,335340
340,1632,1632.000,2880,18926,31335,45569,43424,68072,97592,318333,374997
341,1490,1490.000,2772,17686,31798,50557,48941,70658,341268,360609,408786
342,2033,2033.000,2808,15066,28085,36765,40357,56131,81097,253330,283955
343,1989,1989.000,2800,24082,33955,45514,49342,63975,92201,302803,350364
344,1808,1808.000,2983,15781,28263,33201,42345,58749,90210,105819,143051
345,1918,1918.000,2773,14905,28583,38765,42458,58117,92814,261727,305909
346,1411,1411.000,2931,26892,38580,66974,52266,310087,320921,338148,385776
347,896,896.000,2933,24498,35911,61496,54546,94384,323160,346544,382983
348,1769,1769.000,2809,18564,26686,53018,42912,80124,311283,341285,385460
349,1035,1035.000,3219,20106,29934,55057,48697,81632,330605,351992,407116
350,1352,1352.000,2900,25968,37571,56848,52078,78907,322582,374074,428129
351,904,904.000,3105,21878,35692,83168,69117,319558,347161,381449,408662
352,1654,1654.000,3020,19272,27502,43808,41974,69190,103935,318498,377940
353,2052,2052.000,2805,16124,23764,38417,37309,46245,77386,310650,345216
354,1538,1538.000,2813,15953,24357,50939,39917,79414,253345,378937,430047
355,1702,1702.000,2830,17366,27879,41415,39904,49075,79331,324657,373037
356,2041,2041.000,2867,15506,24710,35853,37415,49379,73250,283221,317828
357,1522,1522.000,2983,20059,31919,48591,46518,72075,107235,357660,415362
358,2163,2163.000,2893,16585,23768,41009,38840,53824,238590,322967,358280
359,1676,1676.000,2863,18060,29718,36750,42590,56805,72306,303045,310908
360,1485,1485.000,2892,27598,39467,50592,50158,69275,280219,301099,343622
361,1670,1670.000,2736,25427,32744,44672,43933,59213,94797,264185,316075
362,1806,1806.000,2644,22343,29289,41391,42878,56993,85401,259367,299386
363,2050,2050.000,2868,22898,31191,43881,43436,57069,83791,341150,382909
364,2057,2057.000,2759,15764,27754,29175,39516,53497,61783,83513,113117
365,1407,1407.000,2865,14380,25440,53538,42246,258405,282646,304196,346131
366,1324,1324.000,2845,26614,40371,57307,53763,67872,346706,368273,402263
367,1150,1150.000,2832,26386,38030,72634,52876,299481,326005,350491,402772
368,1691,1691.000,2761,18772,25405,38769,40439,52716,83327,266454,301638
369,1794,1794.000,2888,18873,28750,45471,42722,55488,296835,322435,359150
370,1381,1381.000,2717,17401,26158,49241,40403,78775,255290,297960,309676
371,2286,2286.000,2477,16565,22472,32728,35288,43424,71629,248720,289082
372,2214,2214.000,2774,14712,22507,42676,35010,53637,287145,317389,357324
373,1602,1602.000,2839,16423,26148,40502,38357,47835,80675,323357,360710
374,1679,1679.000,2800,17047,24208,40096,38073,49876,81634,327108,342797
375,1870,1870.000,2760,18015,27461,39039,37318,51408,79467,306753,356298
376,2097,2097.000,2802,16762,24885,35836,36194,45126,71089,296760,347319
377,1714,1714.000,2765,24081,31798,43624,45297,62402,96754,246713,286644
378,1996,1996.000,2783,23995,30335,42805,44031,58339,86262,282385,335869
379,1911,1911.000,2865,19560,31988,34939,44258,58546,71640,97651,117577
380,1538,1538.000,2909,27307,31964,47823,46377,58507,101265,299035,313559
381,1916,1916.000,2726,16808,28785,39278,41625,57416,82973,256312,306752
382,1614,1614.000,2871,26299,34418,46435,44763,58322,101376,291213,361523
383,2026,2026.000,2768,24890,32417,42255,45368,56975,83266,257278,307548
384,1827,1827.000,2821,25930,30818,34647,43238,56132,58995,86195,113844
385,1949,1949.000,2761,14968,28029,38771,40897,56690,84026,300506,347612
386,1887,1887.000,2822,13830,29049,39723,42135,60284,84970,280721,329103
387,1239,1239.000,2883,26218,36011,65842,51709,277977,300154,320835,339780
388,1563,1563.000,2959,21183,31600,44005,44565,58234,92891,266973,327040
389,1358,1358.000,2670,18325,29882,56240,41884,238519,296572,318508,354566
390,1936,1936.000,2788,17482,28484,37682,40415,50378,77259,267816,303218
391,1735,1735.000,2628,16819,25189,47907,38323,70782,258073,319098,343170
392,1597,1597.000,2730,17983,27130,42018,40228,50317,83337,322333,374294
393,2242,2242.000,2685,16048,23698,33500,35955,43860,70709,253815,296471
394,2084,2084.000,2489,15901,23197,37565,36104,44840,75099,314844,353445
395,1829,1829.000,2721,17827,25808,46547,38802,65692,290804,306780,345386
396,1716,1716.000,2717,17805,27075,40814,40368,51057,87695,311004,360308
397,1862,1862.000,2884,15039,23330,36897,35440,45269,76271,322739,372480
398,1987,1987.000,2683,16762,24587,36627,36294,44992,72313,311343,348589
399,2136,2136.000,2845,14545,22475,35169,34697,44905,70865,321599,370479
400,1980,1980.000,2681,27683,39852,38723,44391,57010,69907,95371,329312
401,1916,1916.000,2656,17130,28695,38092,41744,56728,79385,273577,289842
402,2005,2005.000,2749,15014,27633,37294,39080,55469,73378,289803,352322
403,1659,1659.000,2664,23551,31382,45176,45424,58354,97488,295084,328428
404,1841,1841.000,2707,19967,30077,41068,44024,57705,86469,270699,316596
405,1851,1851.000,2473,27000,32942,43342,44776,58487,87207,247351,283024
406,2318,2318.000,2760,13435,27144,35088,38439,55556,72368,260348,308926
407,1028,1028.000,2912,31362,42739,61354,58683,86605,303711,326764,370045
408,1313,1313.000,2950,24372,36418,67573,51351,297262,317841,338967,381954
409,1152,1152.000,2855,21234,32209,52642,43783,64073,344223,356994,410657
410,1855,1855.000,2648,18697,28682,40727,40093,52154,78698,324996,372196
411,1518,1518.000,2755,18915,29802,56525,43486,92017,301541,318604,354995
412,1282,1282.000,2904,18559,30308,50040,43018,55393,352508,380404,407583
413,1857,1857.000,2866,18302,27736,40308,39891,50067,80216,320274,357490
414,1960,1960.000,2772,16807,25279,38295,38821,48458,79993,311200,345684
415,1882,1882.000,2854,18284,29480,40332,42625,56783,83119,290384,327059
416,1801,1801.000,2819,21333,30346,41489,43684,58143,88921,261546,318454
417,1815,1815.000,2745,17125,28987,41079,43205,63480,88093,269511,304154
418,1803,1803.000,2777,20803,30024,41853,43459,57239,85334,262190,313462
419,1348,1348.000,2855,27386,41728,55382,56969,81831,288419,313632,413052
420,1472,1472.000,2919,27968,41569,51609,55712,71100,246663,279590,331114
421,2136,2136.000,2818,16887,28648,39846,42062,55793,77793,321291,363862
422,1739,1739.000,2716,27442,31713,36197,44230,56085,59089,85565,113110
423,1901,1901.000,2830,18600,29252,39679,42915,56924,83483,263597,289262
424,1524,1524.000,2747,22500,30507,49303,45214,58181,102562,381225,414834
425,2528,2528.000,2711,14784,27920,29613,38972,53911,65841,91092,123131
426,1455,1455.000,2673,25409,36736,63829,50031,290889,307290,327496,366583
427,996,996.000,3162,25230,38531,58233,52291,79370,320960,335078,375824
428,1598,1598.000,3030,22029,33086,46641,45205,57398,94904,329777,360710
429,1647,1647.000,2812,18564,28783,53550,40981,81046,297495,335008,381737
430,1319,1319.000,2896,19973,29792,47254,43917,68775,298021,314065,345731
431,2200,2200.000,2548,16672,22947,33561,36797,45154,72986,255626,292328
432,2268,2268.000,2617,14659,22807,35566,34812,43545,72298,308943,349770
433,1629,1629.000,3092,18617,28450,51546,42361,75678,299179,324464,436746
434,1687,1687.000,2822,15691,23949,37818,37508,47861,78012,296909,319465
435,1856,1856.000,2753,14612,22848,38663,35864,51634,74471,362145,407791
436,2104,2104.000,2678,17027,26616,35434,37563,48724,74728,259577,298851
437,1761,1761.000,2778,26053,29957,47488,44322,69593,89873,344129,390933
438,1612,1612.000,2831,27840,41460,41196,55607,69377,74333,100461,128024
439,1669,1669.000,2792,21921,32562,45111,49591,69833,99707,274350,320924
440,1778,1778.000,2921,19174,29425,41950,43001,57260,96916,274036,332675
441,2198,2198.000,2848,13831,25557,34452,37043,54552,76145,261522,304363
442,1609,1609.000,3023,24379,32251,46078,49514,61634,97271,294871,311899
443,2503,2503.000,2863,16397,28336,29892,39993,50156,60545,82903,101102
444,1162,1162.000,2930,23077,37254,68923,52313,275320,306960,330319,496838
445,1752,1752.000,2851,19391,29190,40411,42648,54022,88502,263821,307881
446,1652,1652.000,2609,19395,29061,56045,43900,83656,311008,332564,369893
447,1234,1234.000,3002,18896,30064,47464,42717,56903,303009,326958,368581
448,1745,1745.000,2655,19770,29596,42224,41625,53399,82403,312377,351548
449,1875,1875.000,2858,18377,26106,39753,39857,50506,81384,314051,354278
450,1621,1621.000,2981,24016,32855,46271,49231,66193,103170,268929,319028
451,1943,1943.000,2810,16579,28319,39017,41364,55595,84981,285425,328275
452,1952,1952.000,3007,16389,28377,38184,40917,56294,86553,262978,303251
453,2080,2080.000,3007,15992,26343,41353,39800,56936,240379,266763,300132
454,1562,1562.000,2813,27502,35402,41153,52438,59528,83222,240037,260170
455,1784,1784.000,2752,17509,29867,41918,43738,59236,86939,280114,350080
456,1533,1533.000,3107,27263,38616,49028,54676,71009,232157,269735,320396
457,1717,1717.000,2929,20323,31293,43246,46692,68988,107499,252546,292568
458,1654,1654.000,2973,26713,35349,47690,52167,69788,108487,282225,319063
459,2164,2164.000,2805,20028,29706,40138,44444,58104,79324,315976,361382
460,2202,2202.000,2801,13124,21606,27104,34671,42167,51752,83103,306383
461,1613,1613.000,2751,20876,34454,46828,47341,61679,90876,310315,360025
462,1757,1757.000,2749,21175,31638,43486,45287,60317,94169,270481,357936
463,1214,1214.000,2943,17407,27786,59504,40755,295142,305412,322767,357648
464,1677,1677.000,2782,19556,30734,44893,42478,53906,91642,346514,383349
465,1945,1945.000,2921,16806,26837,48495,39461,66072,297810,320561,361796
466,1476,1476.000,2705,17302,25653,41594,38995,48901,287656,310832,346777
467,1697,1697.000,2813,17558,25967,40938,39736,50512,82142,320203,336050
468,2096,2096.000,2754,16632,24998,35444,37106,46162,73487,275346,312461
469,1552,1552.000,2858,18894,32830,48508,45734,59877,102938,372351,408181
470,1518,1518.000,2598,22987,33577,58919,48141,109000,292851,328382,350129
471,1064,1064.000,3128,22243,34214,57493,55529,97482,290612,326083,385023
472,1334,1334.000,2655,20875,33951,56705,58403,98582,305133,378428,415407
473,1584,1584.000,2942,17288,28933,46745,44099,88895,133634,339829,377821
474,1799,1799.000,2814,16282,26881,49721,39446,76303,278043,327490,353510
475,1169,1169.000,2694,24317,39708,55042,55506,83280,276409,293750,324011
476,1549,1549.000,2772,18958,30672,45808,44312,65649,99899,316635,358884
477,1753,1753.000,2775,19757,31325,42672,45118,66767,90521,266063,335866
478,2088,2088.000,2906,13863,23145,35525,34976,44892,71592,338368,358968
479,2540,2540.000,2962,13726,22616,35014,35863,69509,111707,267279,314570
480,1519,1519.000,2781,15376,27965,40791,40802,51606,93299,295082,334429
481,1249,1249.000,2824,22514,35978,66479,48749,299837,310135,326514,366829
482,1372,1372.000,2865,24028,33820,49155,46828,62286,302322,325423,360330
483,1751,1751.000,2870,19639,30549,54139,43680,77943,303744,326966,359201
484,1371,1371.000,2788,16409,25286,40154,37348,49425,257921,279528,320588
485,1958,1958.000,2738,17210,25328,38107,39246,48714,77110,309895,342575
486,2132,2132.000,2801,17287,26191,40288,38869,47894,85113,386579,426394
487,1596,1596.000,2699,17483,28016,50151,40060,70246,300578,370401,386815
488,1597,1597.000,2950,16125,25463,36529,37071,47413,80063,251448,293346
489,2159,2159.000,2748,14679,23226,34976,35479,44589,73239,315071,354702
490,2100,2100.000,2816,15938,23083,35680,35798,44454,74102,310660,345144
491,2141,2141.000,2841,14537,22864,35064,34630,43472,69794,329820,370613
492,1955,1955.000,2641,16704,27925,38538,39219,55146,77878,300743,346789
493,1902,1902.000,2535,16359,28891,39504,41633,57959,80110,273557,316954
494,1590,1590.000,2606,27349,33069,46618,45906,60994,99031,270559,322288
495,2066,2066.000,2474,27521,33758,38004,44228,56255,69839,93750,331405
496,2022,2022.000,2785,15090,26959,38452,37947,58258,138315,287432,310492
497,1837,1837.000,2712,13599,23527,37642,36251,68556,138986,257968,286594
498,1682,1682.000,2697,18171,27884,44574,41728,62394,84948,351717,418190
499,2872,2872.000,2721,13591,23328,30146,35863,46425,66504,286719,344987
500,977,977.000,2675,23904,36344,65606,50685,282335,327811,347478,392100
501,1794,1794.000,2448,21726,32700,52432,44597,76056,263539,314743,350280
502,1091,1091.000,2826,20784,33902,52146,46248,72249,306373,325943,362400
503,1979,1979.000,2688,18449,26608,37169,39561,49647,75505,258888,297427
504,1788,1788.000,2649,18803,28445,52928,40731,68959,316824,339782,379420
505,1463,1463.000,2667,16758,25685,37841,36897,45917,235410,260520,298102
506,1986,1986.000,2767,16900,25960,37670,37922,45748,74367,316683,353981
507,1986,1986.000,2840,16999,24913,37801,38810,48188,77365,311695,361909
508,1981,1981.000,2842,16661,23953,37745,37474,46269,76306,325614,358909
509,1923,1923.000,2766,15870,26194,39122,36322,47103,71907,361016,388431
510,1916,1916.000,2526,14519,27523,39131,40910,56763,82839,305130,350268
511,1909,1909.000,2836,18937,29126,39269,42172,57584,82952,259041,305697
512,2048,2048.000,2767,16387,27988,36421,39549,55930,71215,254895,288975
513,1693,1693.000,2731,23748,29719,44633,43606,58026,88354,298354,344405
514,1660,1660.000,2820,24612,32307,44895,42765,67979,97682,283067,342420
515,1841,1841.000,2704,18508,29130,40741,42444,59775,84189,263257,297461
516,2180,2180.000,2827,14023,25171,34177,37007,51304,75344,266654,309773
517,2119,2119.000,2934,26813,31743,35469,43441,56063,67965,86630,120140
518,2118,2118.000,2564,12820,24564,35632,36609,50687,72959,309248,346254
519,1203,1203.000,2871,23551,34056,67942,48851,306616,316070,332347,370093
520,1459,1459.000,2656,20869,32490,46763,43016,55438,309857,330162,377828
521,1701,1701.000,2725,16470,26384,51718,37418,70901,315098,347924,390974
522,1397,1397.000,2757,19543,28266,44420,41164,51405,298130,327626,367543
523,1973,1973.000,2790,16878,25783,37758,36856,46025,73351,313708,351895
524,2081,2081.000,2864,17062,27840,45426,39079,66736,242282,313798,362220
525,1458,1458.000,2845,16030,23995,38826,37063,47243,257270,288404,329914
526,2172,2172.000,2664,15026,22652,33954,35037,42869,70584,290563,321562
527,1965,1965.000,2713,17830,26710,38378,38778,47033,75161,310258,346136
528,1600,1600.000,2736,17607,28564,46696,40157,55762,93508,415217,465865
529,1713,1713.000,2616,15726,25195,53197,39537,76335,291616,409537,438429
530,1271,1271.000,2712,16412,28336,46124,39421,67450,321969,341684,376410
531,2202,2202.000,2769,14428,21854,34163,34378,41977,67549,316816,360836
532,2204,2204.000,2636,15396,23599,33990,35657,44338,69479,281734,492949
533,1767,1767.000,2673,16875,27828,42797,41356,57670,84765,362770,401976
534,1931,1931.000,2740,15609,28215,38619,42429,58866,81508,263761,302011
535,1791,1791.000,2766,23698,31068,42093,42714,55741,83945,276579,443568
536,1992,1992.000,2729,25617,29242,41728,42338,55878,83272,287896,313748
537,1829,1829.000,2860,13146,25287,36803,38233,57245,79382,282800,331565
538,1292,1292.000,2699,23492,35572,62407,50111,243985,300644,320382,370492
539,1774,1774.000,2764,18956,28612,38839,39785,51895,80928,265372,302106
540,1437,1437.000,2657,21416,31257,60590,45200,298322,314447,333714,372019
541,1400,1400.000,2629,17902,27972,44381,39588,49848,309520,338008,371605
542,2216,2216.000,2567,16144,24774,34047,36655,44388,69622,267604,298825
543,1820,1820.000,2762,14701,22265,47219,36445,67779,292432,334625,364012
544,1592,1592.000,2648,17895,26366,40212,37699,47049,79704,313496,352652
545,1922,1922.000,2622,16459,26914,39053,37489,46343,72610,336263,379291
546,2265,2265.000,2612,15661,23373,32994,34991,42985,69399,264826,310077
547,2129,2129.000,2648,14525,23101,35230,35097,44391,69859,315738,352152
548,2132,2132.000,2541,13687,22255,43863,34638,45866,334510,369008,407608
549,1525,1525.000,2809,18705,30258,37346,42515,58039,70705,352903,358073
550,1926,1926.000,2765,17748,28359,38744,41247,56066,75826,270701,310302
551,2054,2054.000,2545,16906,27995,36351,39291,54056,71113,251551,298675
552,1944,1944.000,2739,17433,28303,38922,41333,56381,82221,285482,325176
553,1764,1764.000,2861,15248,28085,42309,40925,64544,95276,329537,376035
554,1742,1742.000,2853,18888,30540,43982,43572,77348,101752,294153,361121
555,2486,2486.000,2717,14979,28337,29461,40516,49862,57146,83236,112487
556,1415,1415.000,2653,19870,33786,63411,49983,303850,321706,335093,371552
557,1155,1155.000,2766,22965,33870,52155,48835,67483,296952,323167,362795
558,1717,1717.000,2881,20805,31390,55998,45268,80674,321557,342481,375417
559,1164,1164.000,2778,21458,33623,51387,46042,71230,302992,326756,362162
560,1506,1506.000,2894,18396,29287,45772,40783,53259,105178,358529,544395
561,1852,1852.000,2732,17364,27586,40547,37946,46059,74754,360915,393496
562,1776,1776.000,2666,19144,28899,42999,42194,61082,80753,341639,364667
563,1772,1772.000,2684,19593,30958,41960,44461,65765,89016,279010,311963
564,1579,1579.000,2678,24036,32022,46986,46910,68615,104206,313322,339207
565,1850,1850.000,2643,18835,29175,41240,42648,60970,82900,290524,328294
566,2050,2050.000,2919,14184,23368,41518,36532,63993,246976,267603,306067
567,1808,1808.000,2639,26214,31463,36633,43347,56293,70199,93711,327722
568,1874,1874.000,2523,16786,28287,38697,41978,56668,81531,288903,292240
569,1900,1900.000,2802,16289,27930,39469,41632,57313,83631,280521,335325
570,1845,1845.000,2858,16200,28370,40378,41528,56454,84201,293545,522260
571,1962,1962.000,2567,15129,28053,38349,39034,51982,74081,306542,346533
572,1857,1857.000,2817,20507,29392,40346,42092,55394,80459,271937,319295
573,2037,2037.000,2635,15449,27385,36818,38276,56279,73997,274683,316356
574,2545,2545.000,2734,14740,28214,29722,39370,52951,67016,85353,116138
575,1312,1312.000,2963,21707,33174,62210,47670,269977,298510,325829,362343
576,1468,1468.000,2530,20813,29109,46119,43889,60819,294437,320309,359503
577,1612,1612.000,2839,19922,31044,46329,42030,53348,86796,371421,410483
578,1631,1631.000,2732,16228,23421,50741,39100,76438,295877,322086,361145
579,1580,1580.000,2638,18399,27795,42703,40048,50092,85480,327105,369704
580,2028,2028.000,2571,16851,24447,37198,37358,45458,71568,321857,361623
581,1931,1931.000,2564,18080,29201,38491,41440,52699,74592,257862,299529
582,2235,2235.000,2712,15596,25566,33679,36152,46584,72548,252004,304200
583,1976,1976.000,2591,19114,28007,38395,40259,51777,76071,282249,319427
584,2009,2009.000,2722,14861,26166,43483,38669,68401,241339,276773,318695
585,1972,1972.000,2738,16561,28136,38162,40705,58830,83363,258800,300223
586,1785,1785.000,2595,24203,31444,34683,43736,56179,63286,87048,115924
587,1918,1918.000,2834,16281,27757,39168,41623,57617,84035,282303,318972
588,1362,1362.000,2760,29107,43597,54538,56293,74909,289461,306584,344595
589,1587,1587.000,2697,26003,32717,47258,46139,62371,100851,313089,347627
590,2021,2021.000,2805,16466,27628,36993,38612,51990,78887,260827,285351
591,2028,2028.000,2753,15004,28815,37586,39237,57631,74005,288134,332204
592,2460,2460.000,2768,13518,26969,37707,40823,62471,75015,316252,340116
593,1129,1129.000,2748,19803,31738,50051,44922,67517,304939,337083,372870
594,1594,1594.000,2830,20275,29768,58311,42199,77319,334711,353312,389788
595,1073,1073.000,2651,20439,30970,52855,45693,71796,326342,349625,378949
596,2037,2037.000,2785,16761,24336,36821,36660,45292,71989,315858,360186
597,1632,1632.000,2784,18440,27736,54245,40128,79013,316164,336537,366069
598,1352,1352.000,2723,18043,25923,45666,38721,50567,348536,368939,398046
599,1995,1995.000,2713,16781,24322,37449,37021,45728,74010,328446,374086
600,2025,2025.000,2674,16207,23365,36970,35979,44750,71623,334659,366974
601,1819,1819.000,2853,15284,23675,47368,35657,67250,289233,329315,367709
602,1832,1832.000,2784,15557,24306,34995,35352,44543,72430,266127,311709
603,2131,2131.000,2673,15281,22736,35113,35030,42898,69374,321191,367264
604,2056,2056.000,2685,16121,24036,36527,36799,45559,71303,320966,370347
605,2083,2083.000,2833,15393,23520,35774,35432,44497,70793,316660,371775
606,2120,2120.000,2708,14724,21312,35589,34966,44940,70394,335625,382446
607,1869,1869.000,2691,15304,25017,40108,36852,45454,74006,374295,415276
608,2055,2055.000,2580,15617,24509,36434,35407,43750,71612,325485,358756
609,1668,1668.000,2990,15419,28568,45012,41536,57149,86287,410412,443923
610,1934,1934.000,2803,28493,39044,39682,46407,59140,72147,95174,341189
611,1652,1652.000,2798,24627,31167,44547,45573,59328,87405,297512,310385
612,2074,2074.000,2802,15265,27645,35854,37677,49811,74239,270951,305479
613,1675,1675.000,2713,23532,31785,44616,44952,60791,90033,284703,325021
614,2019,2019.000,2816,13434,28465,38114,41430,59954,83072,262268,403139
615,878,878.000,2917,21147,34917,83716,51030,339193,343564,368321,393756
616,1624,1624.000,2623,19793,30671,57451,43464,75261,327523,349595,382001
617,1020,1020.000,2881,22830,35044,55903,46951,76340,320331,350079,387109
618,1621,1621.000,2856,21043,30239,46218,43605,57653,92042,355077,388169
619,1207,1207.000,2968,22362,35117,68837,48956,311762,326616,341278,367736
620,1445,1445.000,2784,19870,29247,46240,43609,56278,309952,347375,398800
621,1606,1606.000,2709,17451,26661,46542,40424,54928,82058,421054,466234
622,1520,1520.000,2661,18103,26125,53662,41633,88295,302533,336436,362380
623,1563,1563.000,2738,19110,29712,43969,41861,53543,83970,335600,378426
624,1795,1795.000,2930,19314,27346,41293,40048,48147,81725,332762,353380
625,1764,1764.000,2909,16161,24983,51066,39567,76031,312572,334447,362790
626,1471,1471.000,2624,18602,28804,41112,40251,51866,239938,283882,319705
627,2082,2082.000,2876,15464,23256,36050,35146,44213,70892,327811,377559
628,1448,1448.000,2675,16841,28337,61198,41529,252297,352289,431772,457083
629,1490,1490.000,2785,15809,25201,41190,36635,67667,269028,329040,368640
630,2052,2052.000,2709,16237,22356,36475,35639,43531,71906,337506,379736
631,1826,1826.000,2719,15416,23629,47406,36084,67898,287547,346487,380286
632,1357,1357.000,2678,18979,28604,48251,40261,55046,339824,399750,441295
633,1800,1800.000,2777,16390,26701,40819,38537,54803,78734,349437,382100
634,1941,1941.000,2715,16435,24722,38126,38199,48864,73269,341349,379672
635,1868,1868.000,2643,15041,23403,50552,37289,74306,332379,376477,421382
636,1486,1486.000,2769,15275,21921,41582,36916,50112,297035,363991,406778
637,1281,1281.000,2821,17601,31236,56699,51602,123036,325776,346742,356306
638,1765,1765.000,2971,14548,28216,51214,41351,74793,296625,342992,370461
639,758,758.000,2820,33801,46227,75753,64213,111308,368222,387893,413936
640,1009,1009.000,2864,30279,43188,87428,64819,348044,359924,384057,416594
641,915,915.000,2715,24951,39994,66905,56258,85118,389015,395030,451595
642,1174,1174.000,2702,23777,37469,74619,51422,336669,353910,380476,405456
643,1120,1120.000,2766,22193,34062,54988,46855,69678,357551,375324,406082
644,1880,1880.000,2866,18817,26639,43778,40355,50829,257768,330297,375108
645,1379,1379.000,2809,18574,26877,49036,40163,71438,269172,298353,332199
646,1801,1801.000,2763,19658,29034,41952,41029,51087,79161,329354,368500
647,1626,1626.000,2611,17174,26782,55842,40643,77355,315522,395205,440358
648,1097,1097.000,2776,20072,29205,53386,43482,75724,332321,380506,415488
649,1774,1774.000,2659,17983,27431,42330,40084,50544,79919,360554,396106
650,1567,1567.000,2772,17075,26718,56136,39341,78682,336985,360865,398026
651,1133,1133.000,2647,24899,33942,53992,48317,61535,328503,349522,383904
652,2155,2155.000,2823,15990,25206,35141,37531,45691,70968,282622,333843
653,1550,1550.000,2616,16007,27195,59813,40027,79144,360525,401536,443865
654,1245,1245.000,2715,17904,27989,47554,38953,72077,317917,357217,395154
655,1589,1589.000,2692,18255,27691,45870,40595,64863,84397,405888,433716
656,1709,1709.000,2708,15851,25335,43891,36247,45784,83964,447414,476383
657,1951,1951.000,2761,15313,22784,43667,37315,65768,261732,285807,324145
658,1527,1527.000,2868,17473,26606,42876,39235,53959,85716,339099,371961
659,2050,2050.000,2613,15789,21699,36261,35151,44671,71129,338231,378900
660,1960,1960.000,2861,16149,24100,41488,36479,46299,80972,366123,407005
661,1523,1523.000,2681,17495,27803,56609,40691,79323,360773,386951,431308
662,1316,1316.000,2771,14973,27042,70615,41116,136961,473573,677827,700926
663,1094,1094.000,2716,18277,32296,69732,47068,81752,476237,597279,656829
664,800,800.000,2763,21241,38144,50444,56165,103774,133836,262505,264020
665,1442,1442.000,2924,15934,26802,50473,39795,92907,328548,382496,411635
666,1775,1775.000,2659,13648,24766,50467,39561,114814,270353,342868,388752
667,1288,1288.000,2763,14999,31932,47967,45464,72849,288934,336718,344791
668,744,744.000,2868,41928,47584,109186,93101,349720,367705,394583,418470
669,1345,1345.000,2820,22643,34165,50578,47420,70790,306607,334353,365852
670,1539,1539.000,2679,19485,28692,58123,43817,88754,320465,340607,376535
671,1245,1245.000,2874,18075,27246,47912,40202,51937,348653,364031,394996
672,1869,1869.000,2686,17714,26017,40480,37567,48104,76215,368620,400043
673,1856,1856.000,2704,17407,26738,50666,40175,70583,308081,332733,359000
674,1500,1500.000,2532,16247,24452,38819,36652,44985,280607,302633,339680
675,1742,1742.000,2751,16557,24470,41511,37266,47509,74050,385741,437525
676,1844,1844.000,2711,17641,26736,40592,39685,50377,79246,328418,372545
677,2076,2076.000,2801,16298,22399,36244,35198,43354,69689,337690,373799
678,1985,1985.000,2752,15367,22414,37813,35365,46080,73229,362227,409683
679,1937,1937.000,2719,16255,25209,38513,37262,49849,75185,336311,369244
680,2019,2019.000,2809,16231,23378,37220,36362,45642,72577,333798,379810
681,1960,1960.000,2951,15846,24662,38434,37972,45922,77536,337046,414576
682,1953,1953.000,2795,16034,25448,38513,37895,50432,75155,323451,372512
683,1920,1920.000,2642,14920,24536,38799,36357,46234,74034,370293,405142
684,2073,2073.000,2661,13986,22212,36121,33777,42809,69614,367882,396870
685,1960,1960.000,2722,15185,21871,38355,34873,43883,73725,380283,428226
686,1521,1521.000,2589,22452,30262,49430,43444,61106,98527,399630,436941
687,1590,1590.000,2646,23734,33725,46826,46040,70064,98503,300850,343301
688,2059,2059.000,2867,16359,26888,36794,38871,50169,76625,281275,497926
689,1641,1641.000,2644,22879,30854,49316,44290,84677,211886,269695,314345
690,886,886.000,2575,16234,27288,77641,39482,175876,596877,624713,655512
691,954,954.000,2775,22004,36195,78545,52362,129943,574394,596921,601861
692,1100,1100.000,2710,19331,33416,80758,84080,134415,453991,659544,678312
693,1357,1357.000,2764,16181,29247,76755,40812,136213,644489,781286,814162
694,995,995.000,2969,17000,30057,33088,40755,53447,73740,155817,156792
695,461,461.000,3094,34472,64947,159958,106063,701564,704920,705127,706884
696,1499,1499.000,2787,16410,29942,49976,44564,85047,328070,372920,408936
697,2077,2077.000,2759,12915,22721,44208,36390,67768,269962,352851,396155
698,941,941.000,2904,26662,40960,61915,56858,88578,312330,342087,369729
699,824,824.000,2778,33789,49422,96861,75023,338843,348964,377865,415433
700,1274,1274.000,2820,25460,38572,55189,54610,75584,304125,361317,397105
701,1058,1058.000,2555,22361,35685,73509,50788,314660,326469,348783,388417
702,1453,1453.000,2850,22465,33683,49944,47656,61654,296057,342829,374760
703,1560,1560.000,2658,19951,32408,58224,45248,89259,317579,331591,357288
704,1197,1197.000,2679,19512,29601,50563,39973,52944,363275,383121,420580
705,1876,1876.000,2690,17140,26077,39342,39987,48973,77649,308677,341958
706,1921,1921.000,2569,16925,24938,38635,38241,47065,76406,317568,367875
707,1929,1929.000,2720,17252,24708,39116,38431,47547,73570,327832,379879
708,1611,1611.000,2802,16911,26609,51038,38599,73419,286223,330088,363200
709,1809,1809.000,2782,15973,23768,37381,36847,48356,74140,308802,350618
710,1736,1736.000,2744,16978,26841,43531,41697,72076,105945,322588,361434
711,1323,1323.000,2765,21688,32766,67671,60505,257693,326472,373855,413832
712,816,816.000,3144,25943,41048,74962,82072,129561,360981,403045,426728
713,1613,1613.000,2606,18188,30365,45457,46421,83499,119527,284040,339159
714,2266,2266.000,2548,14664,21788,33097,34027,42306,68406,293491,336292
715,2038,2038.000,2688,14753,22206,37185,35588,45115,75431,346958,381227
716,1274,1274.000,2816,24736,46320,58964,66183,86151,277337,300546,334385
717,1153,1153.000,2699,19670,34460,73680,70448,278091,324931,368828,396972
718,1299,1299.000,2801,23308,40059,51367,72413,103509,120042,162222,355014
719,1760,1760.000,2840,18762,33028,41148,45333,60326,91436,276678,299187
720,1910,1910.000,2716,15802,31264,39427,42701,62596,93222,264228,286705
721,1354,1354.000,2862,32820,44395,55874,51502,68433,296666,318674,353664
722,1402,1402.000,2890,29035,43434,55532,59087,90093,246049,269949,321238
723,2152,2152.000,2663,14429,28237,36658,37585,52589,73096,290121,342175
724,1887,1887.000,2621,16009,27960,42715,40974,60892,87975,380144,414701
725,1781,1781.000,2787,16130,27742,40244,40828,63468,84505,298725,340455
726,1863,1863.000,2806,16570,30796,35635,43890,63800,86997,165775,214663
727,1340,1340.000,2858,28893,38096,55610,53056,107891,281175,303375,352356
728,1804,1804.000,2663,33097,35467,41421,50583,53316,68627,87687,356057
729,1329,1329.000,2679,34014,40413,56600,52073,69914,299655,321251,352646
730,1232,1232.000,2969,32500,50242,70485,84503,122062,277343,326962,447513
731,1727,1727.000,2709,14973,25722,36880,46428,85528,104308,138744,179373
732,1058,1058.000,2692,18689,32477,70343,50631,306509,328707,349043,385806
733,1375,1375.000,2682,21316,34435,58520,45525,248407,283629,312459,354431
734,1476,1476.000,2726,22670,32262,46661,45856,59824,286640,307006,343055
735,1625,1625.000,2609,19271,30256,52790,43181,81185,265154,317927,355500
736,1419,1419.000,2660,19151,28799,45478,42544,53217,310852,338086,373845
737,1788,1788.000,2766,19060,29552,41794,41922,52034,79285,308919,360081
738,1866,1866.000,2562,16992,26103,47630,39659,67141,270735,310535,352855
739,1516,1516.000,2739,17029,26713,39769,39008,52188,97507,281915,318463
740,1972,1972.000,2668,17414,25941,38359,39083,48877,75858,313440,345470
741,2048,2048.000,2730,16436,24307,36516,36293,45290,72946,309992,338469
742,2049,2049.000,2871,15746,23275,36816,38062,45513,74308,320292,359479
743,1991,1991.000,2931,15733,23413,37542,36983,47475,75676,328737,377901
744,2076,2076.000,2828,16229,23927,36694,37960,47378,75620,287348,360649
745,1787,1787.000,2732,18425,30207,41710,41916,57605,85658,316732,342007
746,1856,1856.000,2682,16328,24129,40339,37448,49324,77406,384117,427510
747,1574,1574.000,2744,27479,32143,47375,46648,59221,100756,283542,449792
748,1958,1958.000,2801,17246,28431,38393,41210,56090,83331,266209,311161
749,2206,2206.000,2672,14620,26353,33849,36134,44625,69539,265957,311182
750,2011,2011.000,2808,15062,28680,37317,41492,57174,83755,254251,299810
751,2149,2149.000,2727,25290,29320,40881,42701,57064,83722,264083,321696
752,2047,2047.000,2721,16555,28606,30542,41886,53597,57524,84118,103640
753,1805,1805.000,2625,16485,29164,41064,43262,59150,85838,278513,321534
754,2044,2044.000,2831,16893,28284,37019,40699,55071,78810,256531,301826
755,2172,2172.000,2830,14442,24816,34426,37605,52640,73001,261240,309696
756,2009,2009.000,2844,16369,29578,39254,43131,59251,92284,255731,300997
757,1937,1937.000,2781,27595,33914,36856,43692,56710,63679,97291,126128
758,1739,1739.000,2686,18337,28637,42838,41827,56233,84745,318763,379786
759,1738,1738.000,2936,18938,29454,43720,42806,65879,94782,296485,338679
760,2479,2479.000,2775,15907,28050,37401,40938,55772,75620,310267,353360
761,2141,2141.000,2614,14467,25571,26746,35251,44743,56474,78265,104067
762,2017,2017.000,2764,13786,27439,36675,38787,55579,77331,290522,318393
763,2232,2232.000,2819,12815,24766,42086,37101,59715,252435,297776,340362
764,971,971.000,2915,25822,37460,58579,49317,81057,307588,331464,347860
765,1543,1543.000,2695,21442,34157,48134,46580,62949,105145,326148,377142
766,1383,1383.000,2744,18379,27226,53997,41975,239907,285528,303245,336287
767,1733,1733.000,2849,19473,29756,43538,43859,55937,83651,324025,369917
768,1719,1719.000,2647,19668,31111,56299,43156,75761,328197,346652,390169
769,1407,1407.000,2680,16754,24286,38574,37481,53138,239088,261152,323820
770,1822,1822.000,2908,18562,27872,40667,40197,50346,77374,315875,354982
771,2013,2013.000,2713,16606,25027,37137,37918,46909,73131,305058,351368
772,1983,1983.000,2664,16826,24880,37661,38361,46415,73806,302881,343398
773,2150,2150.000,2646,15027,21760,42290,35316,63991,264126,313507,359780
774,1880,1880.000,2652,14299,20558,36898,34311,41807,71155,363902,397778
775,1893,1893.000,2712,17238,25702,38396,36929,45491,73798,328121,374422
776,1956,1956.000,2592,17828,30309,41588,40425,52445,80507,336787,381362
777,2122,2122.000,2815,13867,20917,36316,35998,44741,73760,356849,403243
778,2217,2217.000,2731,14089,24575,33890,35808,46546,73842,282954,303505
779,1614,1614.000,2649,27289,33117,36389,45509,56705,59345,87093,112547
780,1862,1862.000,2835,18924,29357,40548,42974,57220,85503,261054,299913
781,1600,1600.000,2765,26956,31209,46696,44696,58489,101781,290353,331553
782,1611,1611.000,2696,27995,40957,47756,49561,70590,100904,253185,280883
783,2335,2335.000,2852,14762,27901,35005,38378,53074,72568,268886,325602
784,2366,2366.000,2634,14672,27149,34522,38477,55457,74052,259129,302603
785,1756,1756.000,2712,26796,29257,34137,42629,55598,57349,85286,113047
786,1529,1529.000,2854,27501,31023,48706,44240,58028,100206,315831,347177
787,1568,1568.000,2708,27755,38397,48834,44746,57896,99104,297122,340674
788,2021,2021.000,2830,27004,32736,36165,43177,56424,69780,85332,240673
789,2432,2432.000,2571,12414,21010,37510,34439,46365,241954,273998,319615
790,988,988.000,2977,27814,38514,60297,50297,71208,335386,350664,411524
791,1537,1537.000,2818,24754,33837,48958,46880,61395,292731,318146,535883
792,1108,1108.000,2811,22228,36732,70034,50621,301368,311036,333128,360872
793,1716,1716.000,2734,18830,28866,41606,41519,51369,79533,312927,343495
794,1847,1847.000,2923,18331,28979,50015,41637,71780,257748,333409,388600
795,1488,1488.000,2713,17536,25582,38787,38555,56253,219356,258767,290387
796,1828,1828.000,2840,17538,27071,40722,38837,49021,75995,339136,456878
797,1976,1976.000,2479,16646,24878,38001,38498,51068,79729,327833,369439
798,2107,2107.000,2642,17105,25776,36134,38443,46764,77161,269720,342906
799,1887,1887.000,2806,18259,28075,47907,41522,70239,291340,309950,343536
800,1806,1806.000,2737,19628,27690,32404,39815,49751,60677,90092,296849
801,2114,2114.000,2915,15435,25335,37959,35985,45929,76462,315231,460636
802,1446,1446.000,2872,26873,32199,48521,44666,60831,88261,362055,373449
803,1760,1760.000,2850,21588,31755,42773,44414,66278,89085,256458,298372
804,1824,1824.000,2826,19266,29255,41012,42106,58551,92126,266829,306243
805,1538,1538.000,2778,27435,40766,48900,48112,69292,151178,280683,322337
806,2065,2065.000,2802,27616,30752,39466,43076,56351,68609,309329,381331
807,1540,1540.000,2892,27570,32077,44158,45795,58236,83832,298365,312717
808,2055,2055.000,2689,15167,27372,36335,38621,53099,78246,255630,295968
809,1963,1963.000,2502,14183,28253,38333,41321,56893,84515,285722,328532
810,1792,1792.000,2616,27253,30550,45382,43343,58122,87409,297784,399164
811,2419,2419.000,2639,14313,27817,28549,37965,52632,62562,82389,109085
812,2102,2102.000,2679,12462,25890,42293,38141,72735,245223,266268,303659
813,1022,1022.000,2801,28125,39617,59829,52633,68426,318628,353577,373801
814,1555,1555.000,2818,20783,34240,50116,44350,65540,285018,339497,379165
815,1154,1154.000,2855,21852,35820,61743,49451,246094,293128,315282,345060
816,2155,2155.000,2995,17613,26058,34971,37813,45875,72745,243932,296321
817,1559,1559.000,2694,15810,24568,47693,37426,75827,258638,279316,309855
818,1943,1943.000,2765,17482,26930,39174,39088,48350,77640,314584,358675
819,1897,1897.000,2668,16745,26341,39070,38144,46326,77180,333925,372234
820,1956,1956.000,2793,17749,26617,38631,37964,46821,75030,315236,355625
821,2076,2076.000,2626,16216,23979,37848,35966,44767,76263,322129,363269
822,1805,1805.000,2829,18144,30989,50681,39961,73856,311627,328637,389472
823,1863,1863.000,2648,15318,24806,38157,37375,48400,76414,321895,357729
824,1598,1598.000,2876,27510,34801,37198,44655,56744,67617,95159,128272
825,1593,1593.000,2496,26851,30652,46725,43266,58441,100188,301235,343161
826,1877,1877.000,2603,15579,28296,40039,41165,56896,85345,315049,356631
827,1607,1607.000,2686,27103,34557,46356,47076,69261,99570,270856,318876
828,2075,2075.000,2607,16841,28889,39679,42396,57534,83589,268612,304535
829,1924,1924.000,2732,26061,31619,35380,44268,56483,67206,87341,126829
830,1791,1791.000,2933,23519,31655,41647,43284,56175,80885,261742,305822
831,1244,1244.000,2779,25888,31812,59993,52616,77450,417659,454942,487952
832,3325,3325.000,2747,12249,18407,22598,31679,38475,43394,71095,80831
833,1066,1066.000,2877,24678,34650,71783,51352,285527,318706,343228,376233
834,1693,1693.000,2657,19513,30593,43653,41422,53192,85945,330776,372717
835,1331,1331.000,2780,21958,33586,62729,47280,286835,301380,320744,335041
836,1390,1390.000,2612,19070,29329,47581,41751,53904,342240,365787,398301
837,1788,1788.000,2592,18460,30536,42112,41912,55852,85286,324314,334084
838,1779,1779.000,2809,18253,28812,43077,42018,53388,82816,327213,371511
839,1510,1510.000,2616,16442,26576,50092,39111,77344,267184,316474,327775
840,1983,1983.000,2596,15783,24030,36583,36352,44858,71335,311713,349224
841,2363,2363.000,2740,15105,21612,31768,34720,42113,68845,254868,289018
842,2295,2295.000,2697,15103,22502,32596,34943,41981,67949,279906,320460
843,2049,2049.000,2843,15327,23395,36571,37006,46143,73522,328672,363902
844,1896,1896.000,2706,16611,26283,40143,37627,46894,75894,369219,432652
845,2053,2053.000,2559,15467,27108,35984,38974,56394,72575,261131,311875
846,1516,1516.000,2783,27394,34864,49823,48368,71394,147297,304897,344251
847,2030,2030.000,2750,16881,28020,37111,40383,55362,75052,254742,308252
848,1727,1727.000,2737,26525,31680,44336,44651,59025,99450,256118,303651
849,2144,2144.000,2569,20567,29797,33785,43329,56988,70583,85860,120872
850,2187,2187.000,2680,13005,25630,34267,34934,45286,69976,294124,332008
851,1893,1893.000,2724,20227,30623,42184,43128,58019,80790,316124,372959
852,1421,1421.000,2911,23807,35406,49706,46352,62943,312106,327420,398771
853,1726,1726.000,2732,18933,29648,51383,40924,73425,265595,331193,369676
854,1681,1681.000,2578,16840,22563,36539,36791,45232,70485,275347,312073
855,1927,1927.000,2679,16897,24874,38758,38725,60174,76429,337184,388351
856,1713,1713.000,2602,16506,27410,49395,39179,71356,263388,319980,360932
857,1572,1572.000,2799,16600,25706,41661,38945,49031,81509,338620,377269
858,1910,1910.000,2866,17153,25684,39191,37985,48309,74435,324582,455740
859,1662,1662.000,2667,20125,33999,45047,47881,64910,92784,284175,319316
860,2076,2076.000,2556,15990,24785,36006,36662,46157,70592,308843,338204
861,2044,2044.000,2703,16245,27224,36938,38876,53889,77366,278839,322460
862,1547,1547.000,2801,26990,32767,48171,45986,58893,107298,304437,335096
863,2007,2007.000,2851,27458,39751,42460,46916,57562,80839,281779,323964
864,1559,1559.000,2635,27204,32530,41576,45328,57049,83016,268092,270937
865,1845,1845.000,2797,17240,29315,40858,42880,58874,84622,271933,318337
866,1853,1853.000,2758,22017,29381,40563,43155,57516,84273,243934,280786
867,2075,2075.000,2677,15953,28032,35760,38191,54658,73327,254397,292032
868,2295,2295.000,2691,12790,21192,32721,34451,43220,70734,301435,341000
869,1832,1832.000,2649,16260,28413,40953,40845,55914,85242,312320,367881
870,1618,1618.000,2797,21131,34863,60019,47884,84255,326400,345128,389825
871,1101,1101.000,2824,20298,31156,50062,43676,59763,298868,322907,357072
872,1998,1998.000,2533,17869,26956,36630,38446,49651,76246,259317,288314
873,1764,1764.000,2704,16724,25809,48235,38697,71938,272695,315548,336494
874,1569,1569.000,2788,17057,27535,41381,40066,51461,91213,306601,320709
875,2175,2175.000,2787,16158,24487,34285,37213,46064,70054,263099,285834
876,2083,2083.000,2711,16080,25702,36018,37642,46869,73877,280441,334978
877,1936,1936.000,2627,14763,22302,38855,34985,43302,71712,389313,431980
878,2068,2068.000,2647,16825,25157,38698,38610,49659,81031,298963,355412
879,1935,1935.000,2794,16238,25746,47109,37836,65699,303835,357786,393544
880,1552,1552.000,2814,25597,30252,34640,43434,56281,62321,89713,114497
881,1891,1891.000,2630,16748,29164,39879,42230,57151,82851,280085,324451
882,2071,2071.000,2803,15476,27168,35798,37851,53148,73675,265000,301238
883,1670,1670.000,2767,24279,34354,45324,44717,64714,93610,284925,307783
884,1722,1722.000,2529,23993,31377,43534,45215,59112,91566,268506,313239
885,1658,1658.000,2698,23506,33529,44822,45093,58637,93787,284018,326409
886,2635,2635.000,2702,14128,27712,28607,37978,49668,59320,83268,110674
887,1562,1562.000,2751,22982,34425,56947,47414,80993,306057,333600,353278
888,1187,1187.000,2711,21551,32758,52228,45531,72875,295397,323006,335231
889,1640,1640.000,2695,22223,31562,45226,44137,56391,88729,314154,375196
890,1844,1844.000,2631,18134,27893,49408,39586,70535,254894,347398,392995
891,1351,1351.000,2642,18036,26888,43490,39364,49997,295798,318110,360818
892,1966,1966.000,2629,16707,25686,38176,38902,48459,77005,313415,345243
893,1871,1871.000,2765,18845,28926,39730,42062,59672,82483,261590,290324
894,1539,1539.000,2704,23929,37586,48644,50046,70242,116811,299559,322793
895,1963,1963.000,2791,18628,29607,38472,41100,55131,79731,247683,289349
896,2460,2460.000,2645,13720,20632,30666,33281,41824,66812,257808,298960
897,1581,1581.000,2816,26547,33569,46919,44524,67894,96990,285638,321856
898,1585,1585.000,2879,27388,37840,48187,50217,59906,98613,296116,334567
899,1489,1489.000,2827,27613,33693,49437,44139,71313,268911,314361,348864
900,1929,1929.000,2882,16569,28756,40834,42210,59396,83835,304243,354872
901,2201,2201.000,2645,17533,28851,37084,41742,55864,74122,251623,296981
902,2099,2099.000,2768,18392,29010,31144,42192,52080,60432,84968,103848
903,1643,1643.000,2795,20625,28822,45401,43104,80598,103176,289626,316309
904,2357,2357.000,2707,17463,30724,31637,42277,52858,65512,85584,114003
905,1571,1571.000,2619,25916,37870,48431,52170,68524,123210,279184,315980
906,1529,1529.000,2737,18991,30323,57934,43539,93734,318229,341588,377955
907,1253,1253.000,2712,20280,34942,48032,49752,65740,253536,286093,311226
908,1704,1704.000,2873,19879,33219,44350,49915,70178,97897,261288,303535
909,1990,1990.000,2741,16994,28271,37582,39357,56513,74971,267347,305805
910,1969,1969.000,2703,17134,28134,46006,41833,71659,245942,263182,314736
911,1623,1623.000,2783,22909,33232,44598,45156,60604,90540,282290,314423
912,1740,1740.000,2726,16009,28813,39312,42031,60573,86036,253408,300977
913,1888,1888.000,2753,17949,26795,39927,38275,48686,80503,334590,371008
914,1872,1872.000,2679,24633,29660,43502,43488,63605,86157,284871,327314
915,1715,1715.000,2909,27565,32177,36439,43825,56615,67776,88100,112766
916,1715,1715.000,2754,18164,29579,43409,42445,57269,94882,307087,351055
917,1732,1732.000,2812,23429,29387,43103,43058,58666,87210,289384,329158
918,1725,1725.000,2745,25223,30459,43586,44367,59931,98983,266882,406182
919,1948,1948.000,2853,14805,27844,38526,40819,62774,81590,279473,334142
920,2086,2086.000,2783,15095,28432,38825,41240,56815,83905,297730,341403
921,2333,2333.000,2884,13651,28673,29641,38734,52931,65854,83556,105340
922,1504,1504.000,2827,26299,36126,50258,48828,61129,116323,330676,356548
923,1323,1323.000,2764,21231,32417,58449,45719,245019,288993,312988,348364
924,1686,1686.000,2807,19710,29833,42700,41546,51051,83852,317613,350458
925,1771,1771.000,2833,18278,28694,42087,41686,52065,83868,331300,373234
926,1732,1732.000,2849,18427,30001,50719,42355,78267,262455,310565,360321
927,1516,1516.000,2783,19351,29708,41677,42823,55286,94569,267697,304353
928,1786,1786.000,2880,20633,29784,41456,43533,56621,92749,264172,317984
929,1816,1816.000,2806,20014,30613,41397,43636,58936,92794,250862,303352
930,1930,1930.000,2821,17601,29634,38983,42208,56954,86907,251473,304011
931,2110,2110.000,2905,14648,22971,35408,37581,47107,77058,295349,345858
932,1711,1711.000,2648,23738,30336,43778,47480,65212,95982,258367,317791
933,1528,1528.000,2823,27721,39968,49586,49618,60238,101043,299134,472296
934,1949,1949.000,2796,27492,39993,38480,48700,58795,72992,93343,116603
935,1957,1957.000,2745,15269,28052,38436,40904,56898,84396,279318,324064
936,1844,1844.000,2678,17470,28618,40236,42174,56385,83838,267121,299663
937,1655,1655.000,2813,24264,31357,45816,44642,60516,91527,305892,347800
938,2584,2584.000,2874,14381,27886,28870,39053,50268,59700,83150,125339
939,1700,1700.000,2764,23895,35899,46744,48076,61660,91991,299049,340086
940,1496,1496.000,2829,22099,33814,46822,44992,59254,284753,324602,368961
941,1799,1799.000,2714,19262,31880,48439,43317,69638,269331,298024,340424
942,1481,1481.000,2654,16556,26108,42686,38809,64693,246891,262681,297060
943,1793,1793.000,2804,18207,26548,41483,40011,50383,79604,339699,580961
944,1747,1747.000,2896,15684,23119,48239,38099,73325,269184,325529,361904
945,1412,1412.000,2777,16340,24728,46833,38445,69724,370660,397618,434068
946,1290,1290.000,2739,31513,48308,57704,62836,84317,252580,276291,447706
947,1400,1400.000,2739,25541,40680,53766,59231,80244,253454,270877,343333
948,1485,1485.000,2672,19933,33976,50153,49744,76417,240563,353676,393113
949,1382,1382.000,2943,18888,31240,54792,52128,98792,300261,386316,453773
950,1909,1909.000,2626,15761,27781,39309,40147,54846,83711,315989,354442
951,1642,1642.000,2730,26598,32411,45414,44125,68357,100051,263642,305371
952,1638,1638.000,2850,26656,32552,45775,43731,58316,97086,285199,311883
953,2195,2195.000,2730,14610,23936,34045,35084,45879,73454,278305,310743
954,2176,2176.000,2769,15411,27392,34370,37009,51343,70295,256610,289422
955,1836,1836.000,2644,26598,41652,42087,55799,74364,83828,110968,197850
956,1953,1953.000,2765,14482,27921,37403,41114,55715,78591,272719,314984
957,2061,2061.000,2718,12795,25859,36834,36498,49186,73921,330548,370853
958,1676,1676.000,2800,22015,32905,55595,46735,80749,281889,321641,357901
959,1047,1047.000,2674,21687,33749,54184,46133,76009,312978,331024,363929
960,1710,1710.000,2887,19650,31815,43700,42895,51851,82416,326402,359341
961,1787,1787.000,2668,17954,29003,41592,40157,53595,78664,332849,354929
962,1648,1648.000,2727,18180,27031,55502,41916,78948,326127,354020,405947
963,1541,1541.000,2667,18896,32350,45232,45394,64584,107908,300770,335316
964,1530,1530.000,2742,25737,37473,48434,53469,71338,102830,269255,305318
965,1618,1618.000,2731,22120,34498,44658,46116,67191,95518,267558,310833
966,1700,1700.000,2713,23887,31673,43595,44008,57586,86966,286803,325763
967,1877,1877.000,2719,16782,25601,38172,37978,48007,77045,312464,351982
968,2280,2280.000,2772,14041,21410,31447,34195,42240,69495,250233,270586
969,1968,1968.000,2751,18304,28549,38174,41543,56119,79940,247932,295674
970,1773,1773.000,2898,25404,31878,44126,44786,57892,87555,277411,323743
971,2238,2238.000,2798,14992,25188,34753,36034,47293,70699,289908,324487
972,2308,2308.000,2658,16513,27593,35330,38023,49024,66743,279263,315836
973,1915,1915.000,2633,22730,29238,32958,42905,55818,65716,84389,118850
974,1813,1813.000,2725,22633,30126,41105,42979,57356,84185,253655,275386
975,1847,1847.000,2751,18444,28064,40494,41929,56126,76762,305526,329647
976,2373,2373.000,2586,19329,31424,31834,40649,52670,60503,83167,114107
977,1222,1222.000,2909,20980,33939,68450,48726,310430,332792,358888,374006
978,1767,1767.000,2864,17310,26978,37424,39025,47565,75634,257566,297131
979,1707,1707.000,2862,19538,32087,45798,43235,55737,297805,324705,366239
980,1418,1418.000,2541,19669,28742,55484,42288,86027,299435,314286,349506
981,1919,1919.000,2700,16719,24101,35193,36713,44569,73649,264684,304371
982,2043,2043.000,2679,16521,24605,36725,37313,44526,72491,314882,357384
983,1689,1689.000,2760,20040,32105,44279,44713,60982,91576,302261,348764
984,1654,1654.000,2893,24464,35238,45660,46636,69104,90350,264044,301137
985,1803,1803.000,2768,19950,31369,41602,43142,58065,83963,269142,317989
986,1467,1467.000,2787,27511,39535,51251,53513,70780,294195,312122,357972
987,1545,1545.000,2769,27487,38068,48236,45398,71356,100654,282709,338452
988,1863,1863.000,2681,17543,29157,41181,42411,57628,84779,296963,336005
989,1911,1911.000,2705,27592,38019,38331,47680,57387,70582,97810,112803
990,1594,1594.000,2674,27651,32166,47509,44683,58471,94204,292478,342731
991,2034,2034.000,2746,16032,27510,36756,39224,52662,70938,274755,293888
992,1899,1899.000,2749,18102,28999,39199,41774,57421,80133,269226,312701
993,2745,2745.000,2595,13572,25152,27600,36551,49244,64793,81613,117533
994,1560,1560.000,2877,29490,44490,54428,57023,77520,114437,280562,317597
995,1399,1399.000,3026,21095,32836,45963,45592,60691,269358,291574,327822
996,1945,1945.000,2833,17896,28076,45725,40430,70028,254046,273586,322362
997,1663,1663.000,2597,17082,24984,36692,37999,47888,74842,256125,299596
998,1950,1950.000,2733,17273,26785,38677,38394,48713,74730,314943,349824
999,1914,1914.000,2694,16341,25675,39017,37619,46597,73246,342872,386935
1000,1831,1831.000,2796,16082,23869,45849,36886,68850,260220,308082,345363
1001,1698,1698.000,2756,17229,26264,40827,37536,47300,75970,343952,375267
1002,1795,1795.000,2757,17578,27653,39716,38902,50053,78821,308089,343774
1003,2148,2148.000,2747,14277,25946,35626,36856,48669,72865,304266,349819
1004,1925,1925.000,2590,16130,27554,38666,40703,56895,72510,301554,325976
1005,2019,2019.000,2853,15588,27606,37280,40739,61623,74930,261416,312217
1006,2217,2217.000,2838,18083,28245,37232,41287,55783,76568,249990,296962
1007,1983,1983.000,2781,24661,30013,33643,42697,55855,60442,88301,129742
1008,1827,1827.000,2856,22753,31104,41252,43121,58240,86151,247692,299847
1009,1826,1826.000,2745,16341,28972,41083,42923,71644,87238,259377,292906
1010,2645,2645.000,2695,14069,25835,28495,38832,51145,60042,77894,264696
1011,1477,1477.000,2776,27041,38844,50574,50881,72005,257631,294815,326564
1012,1645,1645.000,2787,20592,34956,45216,47733,69331,98706,263916,318963
1013,1616,1616.000,2821,18670,28583,53881,41369,74258,307419,324235,359604
1014,1476,1476.000,2817,18938,30119,42549,41666,55838,264035,294905,324978
1015,1617,1617.000,2673,20162,36246,46372,48196,68179,99108,285342,333393
1016,1610,1610.000,2683,23912,37636,46730,53656,69694,100246,261975,307740
1017,1823,1823.000,2831,18152,30247,41398,44503,68036,87843,269745,306342
1018,1988,1988.000,2735,16434,28349,37869,41351,61984,84617,248071,292038
1019,1992,1992.000,2776,15467,26261,37120,37924,48133,73278,308849,360198
1020,1863,1863.000,2808,17404,28663,40242,41723,55665,82414,299021,340589
1021,2275,2275.000,2707,14237,23070,33192,35067,45257,68637,276968,331647
1022,1828,1828.000,2586,18039,29683,40782,42711,57625,84664,275477,317478
1023,1628,1628.000,2831,27669,37031,46199,43597,57588,85586,279290,321875
1024,2045,2045.000,2640,15416,27500,36519,37286,48144,69843,288059,323670
1025,2015,2015.000,2688,26032,30878,42025,43798,57262,82881,261072,299302
1026,2296,2296.000,2757,13879,25219,36271,37715,55378,70956,314459,348928
1027,2026,2026.000,2721,14234,27059,28327,38845,48754,57800,76027,106877
1028,1645,1645.000,2723,21336,31499,45337,45136,57516,88370,324207,353661
1029,1586,1586.000,2867,20168,29240,53429,43393,75554,279920,314698,332267
1030,1420,1420.000,2808,20234,33003,46231,44382,62278,285832,311488,349022
1031,1657,1657.000,2641,17897,28009,45276,39341,50511,82979,404787,443006
1032,1933,1933.000,2740,16493,26243,38693,37489,48123,71527,333480,363630
1033,1727,1727.000,2581,20502,32137,44177,43518,58437,88520,302227,325924
1034,1630,1630.000,2792,25898,34973,45881,46604,68971,93177,270651,282864
1035,1837,1837.000,2656,16995,27425,44836,39880,67734,242849,265719,289978
1036,1866,1866.000,2708,18701,28894,40417,39513,49369,75268,323360,350007
1037,1899,1899.000,2658,16696,27101,38277,39306,55447,74900,296170,330753
1038,1879,1879.000,3123,26759,31288,36578,44972,57383,68732,94106,111452
1039,1654,1654.000,2859,18154,33038,45205,47638,74955,114517,268020,321610
1040,1594,1594.000,2745,22573,30748,47215,45362,58869,99150,332603,373773
1041,1873,1873.000,2842,17492,28556,39904,41991,56455,85857,267366,317814
1042,2100,2100.000,2905,15319,25827,35691,39412,53637,80099,260311,302355
1043,1802,1802.000,2680,18257,28869,41928,43272,69752,85236,268778,321925
1044,2509,2509.000,2693,16266,27065,29885,40457,51401,60211,86036,101546
1045,1701,1701.000,2965,21131,31657,45252,45616,58484,88734,320825,361798
1046,1608,1608.000,2808,21012,32476,45069,46435,60419,90696,298373,344194
1047,1719,1719.000,2946,19075,32796,43765,48367,69581,99012,246169,273714
1048,1503,1503.000,2823,20366,35245,59652,51806,111199,291044,332533,390280
1049,1356,1356.000,2855,23311,38381,51718,55021,80807,274770,290718,340174
1050,1563,1563.000,2640,27034,39379,49626,53387,71675,98196,283117,327796
1051,1689,1689.000,2851,15386,26561,36805,37975,47447,76914,266701,308001
1052,1935,1935.000,2722,16812,28980,38545,42751,56701,81637,259411,295306
1053,1706,1706.000,2830,17389,29452,44033,41449,60005,86924,356468,391728
1054,1968,1968.000,2800,16668,28400,38412,41501,56254,81794,265084,307114
1055,1819,1819.000,2912,17632,28702,41050,43222,62670,89732,294691,334265
1056,2000,2000.000,2874,25577,32664,43408,46481,61981,83552,274843,323625
1057,1774,1774.000,2764,26233,32417,35863,44135,56799,63813,85854,178913
1058,1744,1744.000,2882,18776,28743,42540,41559,56139,87349,327024,370275
1059,1869,1869.000,2807,16669,28289,39994,42300,61985,83431,268990,298243
1060,2604,2604.000,2880,14757,27591,29155,38916,50888,62061,80830,97108
1061,2039,2039.000,2606,24231,35276,37038,48234,59390,75632,87463,114787
1062,1311,1311.000,2807,28810,42374,70898,61132,280112,300233,330415,364625
1063,1007,1007.000,2680,32600,53722,67708,63322,89419,312286,326895,369524
1064,1102,1102.000,2933,27945,47838,60008,63767,90338,258233,287195,320867
1065,1714,1714.000,2869,18602,27954,41918,40014,53678,84790,331826,367023
1066,1678,1678.000,2912,19003,31486,55415,46867,83825,264483,337382,369842
1067,989,989.000,2865,23066,35504,57219,56553,101235,278106,300170,348507
1068,1534,1534.000,3192,21209,31414,49503,51027,89042,133293,300831,359915
1069,1584,1584.000,2806,19467,30804,46755,43234,70543,130402,338612,389256
1070,2106,2106.000,2841,15311,24122,40345,36225,44603,284054,312774,349286
1071,1398,1398.000,2761,16852,28786,48929,41066,73838,273110,289756,329748
1072,1790,1790.000,2634,29974,43468,49152,50825,69329,95846,264628,289464
1073,1852,1852.000,2813,16648,31516,32234,43923,56505,66005,86462,239756
1074,1349,1349.000,2754,32553,39816,55250,52057,74937,285228,312852,351090
1075,1356,1356.000,2779,30587,38067,54915,51824,82584,283691,300773,434855
1076,1425,1425.000,2603,31766,40642,52237,54228,78828,216802,261496,392047
1077,1457,1457.000,3101,17620,32904,52972,57787,96699,276896,325230,371886
1078,1712,1712.000,2775,15340,29197,43128,44710,84243,123505,265432,305079
1079,1214,1214.000,2899,26016,38953,70994,52973,302004,313311,337744,370732
1080,1266,1266.000,2956,21551,32687,49729,45897,64262,302755,327914,357974
1081,1774,1774.000,2683,18613,28517,51491,42395,74098,286012,316554,362703
1082,1240,1240.000,2996,18946,30524,47255,42081,61368,297352,320925,351251
1083,1748,1748.000,2875,18772,31324,43069,42958,56609,79003,310171,349749
1084,2181,2181.000,2813,16195,25562,37935,37527,48266,232114,266408,296685
1085,1622,1622.000,2649,16213,24838,41487,37770,65082,239083,257318,297118
1086,1992,1992.000,2940,17321,25509,37784,38148,47494,76577,311146,346560
1087,1898,1898.000,2856,18002,27039,39328,37981,47834,76403,323543,363573
1088,1812,1812.000,2778,16279,25347,41394,38870,49615,76927,377066,425958
1089,1947,1947.000,2683,16125,26353,38470,41056,68155,97137,252423,312679
1090,1575,1575.000,2722,26149,34253,47780,52266,69211,100050,294776,352725
1091,1963,1963.000,2653,27628,38942,47923,52228,65567,86506,314815,357106
1092,1580,1580.000,2757,23058,31572,35153,44276,58044,70839,86934,285252
1093,2111,2111.000,2597,16823,27157,35542,37896,50610,76235,249180,293895
1094,1892,1892.000,2786,16338,28288,39798,41642,57026,85633,299532,355079
1095,1694,1694.000,2970,24950,32108,44112,44448,57632,95334,264211,295250
1096,2113,2113.000,2781,24517,33062,35939,47449,57885,71004,92124,111163
1097,2188,2188.000,2767,13528,24633,34278,38105,50395,78413,259958,305997
1098,1314,1314.000,2975,26749,38145,68152,53622,290542,322003,343074,388629
1099,1031,1031.000,2865,24707,34941,57126,54582,85718,302629,335467,384550
1100,1597,1597.000,2867,21573,31199,47190,45127,56390,96339,352843,378133
1101,1687,1687.000,2950,20547,29861,44822,44719,56453,94963,324785,378316
1102,1682,1682.000,2902,17197,25709,51506,40231,77607,298238,322993,376865
1103,1397,1397.000,3021,18948,30273,44635,43890,64466,272098,301956,343510
1104,1703,1703.000,2898,18094,32579,44741,47084,73141,112386,276512,322141
1105,1742,1742.000,2741,19374,29585,42920,46403,58961,97928,280337,328779
1106,1896,1896.000,2831,16695,28919,39276,43196,61816,90296,252114,313443
1107,1896,1896.000,2853,16207,28405,39669,43365,64057,91463,267898,314851
1108,1450,1450.000,3089,27244,40995,51621,56182,82917,242566,277058,318396
1109,1958,1958.000,2986,17273,29216,41255,45987,68158,95820,267795,299804
1110,2185,2185.000,2936,16596,28210,39023,44284,58680,90738,275944,327483
1111,2234,2234.000,2731,14563,25593,32769,35868,46402,68564,277538,318605
1112,1654,1654.000,2939,24546,30976,36889,43715,56917,71427,98577,267860
1113,1758,1758.000,2684,22122,30900,42557,44706,58303,87459,256490,315759
1114,2145,2145.000,2868,13823,25807,35098,37301,49400,74243,285277,327205
1115,2368,2368.000,2758,19045,29409,31535,42078,51761,61002,87697,100574
1116,1613,1613.000,2867,20206,31962,46260,45939,60734,101799,326135,365590
1117,1483,1483.000,2673,19518,30623,60552,44709,296387,332930,354769,402476
1118,1324,1324.000,2983,19334,29660,46118,44261,59670,290336,310414,346601
1119,1845,1845.000,2674,17827,28764,40320,41788,58708,84511,282857,311993
1120,1899,1899.000,2687,18069,30450,39481,41958,60500,85834,257705,289179
1121,1708,1708.000,2780,20011,32694,43829,45004,69077,95627,266112,308331
1122,1920,1920.000,2718,19467,29936,39423,41623,57192,79536,255273,297786
1123,1879,1879.000,2759,18555,29982,39515,42221,56006,80687,254591,294381
1124,1741,1741.000,2844,21359,31688,43038,44777,67158,90996,253034,306338
1125,1592,1592.000,2782,26846,34012,47113,48704,68604,98692,281812,329427
1126,1619,1619.000,2852,26360,37638,46895,53342,69335,96372,264360,318325
1127,1538,1538.000,2723,27178,37170,48219,54274,70931,127863,262281,312301
1128,2075,2075.000,2786,16590,28541,37784,41692,55104,81609,254287,296031
1129,2198,2198.000,2842,18140,29565,38405,42546,57749,80351,249433,287147
1130,2154,2154.000,2808,13591,23723,28651,38334,55697,74571,93664,116950
1131,2081,2081.000,2771,23404,36212,36410,48108,59081,68628,89860,120002
1132,1514,1514.000,2942,26672,38619,49055,50353,72182,120091,275542,295194
1133,1572,1572.000,2842,19486,32583,47733,47083,70415,94256,332888,361477
1134,1866,1866.000,2807,19907,29935,41843,42690,59961,92382,269244,305347
1135,1405,1405.000,2739,18781,31998,55494,48479,113730,268498,297624,310578
1136,1762,1762.000,2888,16208,29651,39358,41934,59878,81299,263115,284541
1137,1704,1704.000,2736,20629,32145,43712,46551,68671,98216,257060,281163
1138,1887,1887.000,2774,17130,30261,40186,42768,65519,93107,259458,300707
1139,1898,1898.000,2741,17318,29136,39276,40899,49441,80575,296588,323595
1140,1749,1749.000,2803,17703,32195,42782,44765,71592,105688,263206,279843
1141,2129,2129.000,2784,16681,27211,35355,38418,49911,76291,254518,294795
1142,1596,1596.000,2651,26124,36508,46598,50334,68445,94792,265267,300948
1143,2058,2058.000,2793,14891,27895,36568,39302,54885,76230,276887,310519
1144,2142,2142.000,2613,17505,28355,37149,40504,52367,76584,259527,306020
1145,2320,2320.000,2685,15184,28355,37042,40272,53274,76839,291821,320554
1146,2083,2083.000,2662,13558,26153,28967,38064,51791,72075,88160,119620
1147,2152,2152.000,2816,19896,29904,42095,42459,54846,78376,348664,407580
1148,1182,1182.000,2725,20963,34270,49662,49990,70314,260578,301261,338267
1149,1846,1846.000,2926,18134,31930,41316,43896,66670,92373,255591,312310
1150,1850,1850.000,2783,18584,30285,39849,43249,56949,81395,259994,299784
1151,1571,1571.000,2763,20854,34379,55270,50060,96987,257777,273646,298461
1152,1698,1698.000,2922,16157,26841,37508,39100,55314,81898,262593,276427
1153,1541,1541.000,2788,23023,38037,48420,51874,74615,103528,284519,311284
1154,1644,1644.000,2861,24489,33129,45359,48382,67191,95814,276048,310994
1155,2010,2010.000,2791,16139,25234,37375,37870,48100,78801,310013,357147
1156,1883,1883.000,2749,17283,29111,39900,41722,56652,82881,264070,307076
1157,2070,2070.000,2915,15864,27370,36038,38962,53959,76194,251314,300182
1158,1942,1942.000,2706,25290,33992,44319,50601,67069,86922,259545,272220
1159,1839,1839.000,2784,22907,30740,35043,45408,58311,69291,97030,130423
1160,1853,1853.000,2742,17680,28893,40384,42401,57136,85211,257539,308813
1161,2049,2049.000,2862,15877,27766,37074,40735,58241,77123,250958,286756
1162,2529,2529.000,2791,15020,27894,29434,39449,53870,60967,80401,98413
1163,1768,1768.000,2727,28242,40916,42011,54764,68722,78712,100617,121966
1164,1778,1778.000,2797,19147,30737,51058,44498,74008,266485,310388,343700
1165,1199,1199.000,2818,20565,32732,50552,45178,72963,315529,342682,359874
1166,1632,1632.000,2830,19874,33904,45302,48835,75827,108017,270556,318317
1167,1929,1929.000,2848,16744,29401,39282,41743,65943,83530,266077,287229
1168,1705,1705.000,2638,20455,32878,43338,45344,68525,89239,256524,267430
1169,1737,1737.000,2784,17676,30473,43348,46424,70856,97070,286598,324359
1170,1886,1886.000,2789,16896,28592,47574,43470,78319,248126,280217,315452
1171,1892,1892.000,2761,14249,22951,35444,35529,43594,72869,298845,333517
1172,1901,1901.000,2892,26082,34524,45330,45370,58362,84633,293807,342345
1173,1790,1790.000,2797,18301,28814,31610,41366,54896,68191,83656,105779
1174,2091,2091.000,2659,14852,26037,36195,38100,54470,76548,290124,320618
1175,1405,1405.000,2865,26928,38163,52974,55300,74296,289965,321006,363984
1176,1835,1835.000,2878,17319,29205,40882,44189,61936,91862,270121,328237
1177,1661,1661.000,2568,25577,34030,45938,49310,58464,93075,270457,291273
1178,2462,2462.000,2775,15217,27409,30387,39801,52315,73680,89629,130142
1179,1982,1982.000,2857,23925,36121,37182,48326,59842,70934,93867,120019
1180,1681,1681.000,2788,20957,33792,44723,47990,69954,93285,278578,308737
1181,1657,1657.000,2823,17245,29925,53725,42232,82421,298061,317973,354712
1182,1346,1346.000,2812,19834,33080,45368,46040,68029,243122,272132,295515
1183,1513,1513.000,2782,24402,37707,49600,52569,75214,123105,262384,305478
1184,1883,1883.000,2892,17874,28603,39645,41288,61836,84227,267396,296549
1185,1625,1625.000,2872,18797,31871,54797,47009,88116,286397,311996,357455
1186,1325,1325.000,2902,31543,46793,54833,64059,81826,107823,284654,330253
1187,1354,1354.000,2917,23173,37759,57313,57961,96035,257831,297626,348192
1188,1011,1011.000,3205,24566,38708,60524,55312,103754,294915,335781,392117
1189,1389,1389.000,3318,18296,30125,53761,55113,108363,274172,342725,385931
1190,1755,1755.000,3004,27243,40920,48814,55386,73103,107792,257146,299854
1191,1942,1942.000,2762,20599,29276,32991,42585,55830,61752,85873,102129
1192,2061,2061.000,2699,16332,28329,36838,39591,55450,76258,258645,281440
1193,1893,1893.000,2636,19986,28399,39140,41796,55600,79467,258402,296165
1194,1659,1659.000,2750,23796,31291,45367,44363,76718,95462,281174,322917
1195,2532,2532.000,2756,14575,27145,29462,39116,54301,72050,81653,140080
1196,1703,1703.000,2825,19102,32696,44641,42835,61193,93417,329829,369141
1197,1529,1529.000,2637,19568,32035,55313,43634,91317,293615,314299,347564
1198,1671,1671.000,2866,17965,27146,38519,38816,50819,81685,269857,293887
1199,1903,1903.000,2832,18488,28451,48821,40414,74416,254298,324623,361917
1200,1351,1351.000,2816,19198,29076,45357,40333,54736,306705,329652,363188
1201,1759,1759.000,2640,17502,27995,40284,38884,48656,76402,326177,339119
1202,2261,2261.000,2683,16258,24366,33368,36905,45284,70560,251340,293411
1203,2066,2066.000,2652,16631,24428,36228,35942,44481,70934,313552,351594
1204,1929,1929.000,2631,16547,28338,39480,39663,53049,79367,302485,322335
1205,2038,2038.000,2826,15808,24855,43811,37950,64100,261642,304399,354199
1206,1755,1755.000,2782,22182,31783,34165,43512,56184,68446,85904,111303
1207,2034,2034.000,2727,15254,27555,36650,38877,55886,77897,285935,354458
1208,1830,1830.000,2735,19297,29275,40899,42129,55846,82931,270782,326107
1209,1811,1811.000,2747,17461,29411,41273,42644,59022,84946,276616,314339
1210,1977,1977.000,2832,16444,27413,38233,39868,55551,82433,292496,343700
1211,1773,1773.000,2673,23643,30290,41956,43154,56447,85182,263908,295465
1212,2398,2398.000,2695,14730,26990,34793,38520,51596,69785,276494,320706
1213,2618,2618.000,2740,13344,22344,25595,34783,44124,55220,77531,93264
1214,1604,1604.000,2692,20641,32944,46358,44571,56738,86595,344496,362377
1215,1688,1688.000,2852,18996,30689,56539,41958,75483,328083,354344,425644
1216,1217,1217.000,2700,17933,26342,44709,38157,56870,297589,319921,354587
1217,1835,1835.000,2743,19337,29655,41371,40138,50753,75561,329083,366232
1218,1981,1981.000,2843,18207,26392,38558,40677,50582,80027,261404,358526
1219,1589,1589.000,2782,17866,29243,51821,43819,81231,261281,321353,332386
1220,1751,1751.000,2755,17615,27506,37852,39127,49224,82044,260825,294528
1221,1826,1826.000,2802,18787,30956,40723,43454,59751,78631,270514,303687
1222,1740,1740.000,2705,23303,31603,43124,45236,59192,89421,272188,314901
1223,1939,1939.000,2880,17622,28163,38453,41487,56202,80251,253967,286780
1224,1838,1838.000,2648,23975,31288,42725,43659,59474,86354,272774,308636
1225,2109,2109.000,2562,15056,24595,34495,36743,51651,72380,265785,299565
1226,2164,2164.000,2748,16127,24935,35078,36314,46777,73276,283294,321000
1227,2388,2388.000,2799,15311,27819,36537,40344,55396,71763,279747,331651
1228,2067,2067.000,2724,14789,28297,29704,40131,52331,57827,81853,101215
1229,1904,1904.000,2890,17452,28528,39189,41824,60579,87152,252280,299539
1230,2213,2213.000,2634,13439,22993,33830,36186,67069,83550,246724,287017
1231,1714,1714.000,2440,22541,33681,46108,47234,61211,87258,317098,361258
1232,1526,1526.000,2806,18769,29076,46301,41906,57650,91475,375518,415570
1233,1800,1800.000,2694,18731,27645,52580,41820,75328,314882,338902,368982
1234,1310,1310.000,2724,18781,28320,45487,41824,52607,302067,323183,354171
1235,1716,1716.000,2836,19382,29122,41815,45012,62702,101526,264766,327572
1236,1671,1671.000,2986,20542,32288,44568,47879,67500,101315,276619,314884
1237,1694,1694.000,2781,24316,33649,44012,46564,61663,91889,257611,275073
1238,1864,1864.000,2791,19140,30669,40485,42499,58909,79609,271822,314153
1239,2107,2107.000,2860,14264,24977,35591,37432,45602,74091,301108,326735
1240,2024,2024.000,2816,15744,27736,37454,41278,55424,78632,276448,318298
1241,1851,1851.000,2685,17138,28831,39924,42752,61178,85915,247562,295024
1242,2086,2086.000,2650,16612,27019,35847,38569,50064,74350,264601,307481
1243,1609,1609.000,2874,20302,30285,49571,43695,69049,292835,350618,389898
1244,2202,2202.000,2808,13959,24047,33584,36174,47610,72935,266657,294286
1245,1853,1853.000,2708,20186,30119,38706,44338,55048,82614,239936,254423
1246,1636,1636.000,2696,23015,28716,45623,41859,56582,86022,360281,397923
1247,2420,2420.000,2894,16217,29289,31169,41979,54552,63381,89013,121703
1248,1388,1388.000,2816,27649,43772,54289,57511,78442,243705,260885,288055
1249,1699,1699.000,2830,21170,30542,43963,44147,56553,86006,317877,363590
1250,1579,1579.000,2961,19537,33545,55922,48337,96925,276081,301488,334666
1251,1429,1429.000,2845,24133,39088,48615,50293,66561,243018,268880,312523
1252,1553,1553.000,2880,17434,30643,42886,45443,66616,103716,268844,290726
1253,1717,1717.000,2803,18020,31649,43617,46296,71087,98199,273743,305425
1254,1616,1616.000,2965,21541,36630,46343,50442,71036,101382,265581,302745
1255,2140,2140.000,2719,15818,24525,35210,38675,48481,76945,278800,316443
1256,2118,2118.000,2834,15155,24276,35479,38394,47471,77713,287736,338809
1257,1726,1726.000,2766,18706,29713,43716,44685,65560,93400,305021,344460
1258,1624,1624.000,2846,20177,31439,46140,47696,67780,108849,298505,346110
1259,1879,1879.000,2895,17052,28866,39811,42001,56097,85864,270018,311160
1260,1988,1988.000,3027,16509,28659,37683,40731,55312,77970,259436,297186
1261,2267,2267.000,2787,13720,24661,33942,36960,54203,74460,255006,276751
1262,2197,2197.000,3018,14052,26065,35201,37497,51072,74517,283220,321647
1263,2397,2397.000,2763,14276,25659,29363,38687,52176,73815,91231,134654
1264,1864,1864.000,2931,19781,32559,41116,43980,56926,82089,259833,302416
1265,1916,1916.000,2862,18340,27538,38520,42061,51024,83057,261686,438434
1266,1705,1705.000,2976,18581,29793,52721,42863,78179,273586,338086,379275
1267,1377,1377.000,3089,19299,27480,46097,39864,53117,333358,348784,385492
1268,1791,1791.000,2715,16921,26760,39626,39890,49038,76886,318503,350034
1269,1825,1825.000,3046,18852,28218,40830,44136,56864,91004,267783,326271
1270,1782,1782.000,2640,20204,29796,42205,43564,58255,89626,278520,309515
1271,2114,2114.000,2653,15260,23458,35582,36339,47157,74847,308232,360232
1272,1984,1984.000,2793,15352,25474,38060,38229,51371,76258,318264,365292
1273,2118,2118.000,2953,16041,25155,35071,36939,53264,72328,265514,304014
1274,1718,1718.000,2694,24871,30928,44455,42824,57018,85037,294343,329551
1275,1787,1787.000,2740,19241,30390,41459,42050,58401,85131,264973,299514
1276,2032,2032.000,2720,16172,27553,36754,39135,52039,75126,280768,316766
1277,1955,1955.000,2828,15301,26981,38410,39199,55569,79794,315569,348540
1278,2021,2021.000,2974,14411,26423,37863,39570,72684,96951,267091,310580
1279,2718,2718.000,2898,14641,23038,26965,37456,45855,54303,84421,113506
1280,2004,2004.000,2908,24088,34843,46614,49820,61961,86929,330892,363838
1281,1246,1246.000,2746,17071,26526,45560,39857,51063,310879,335864,376926
1282,1792,1792.000,2600,17163,27744,41782,39699,50157,79504,355575,399481
1283,1781,1781.000,2839,16751,27853,51077,41391,70938,301781,322071,362062
1284,1355,1355.000,2882,17250,26955,43628,40501,53216,291318,315859,331976
1285,2082,2082.000,2823,16980,26133,35921,38757,48367,76059,256182,297694
1286,1947,1947.000,2819,18132,28162,38415,41703,55312,78953,267478,307536
1287,1660,1660.000,2871,24833,33967,45592,44821,57575,86515,304060,339426
1288,1993,1993.000,2935,17312,28193,37407,39925,51291,78678,266125,304047
1289,1935,1935.000,2848,14951,27659,38859,41037,66264,88656,280626,328519
1290,1720,1720.000,2739,19624,33045,44076,49679,69264,94359,263505,286955
1291,1790,1790.000,2614,20375,29836,41874,42080,58561,84009,276985,316899
1292,1821,1821.000,2785,17731,28656,40631,40887,55489,81047,310710,353885
1293,1892,1892.000,2895,17982,28917,39442,41826,56166,80353,265401,309718
1294,2279,2279.000,2656,14789,24905,33484,36376,48871,71969,255909,298206
1295,2815,2815.000,2800,13680,21400,26259,35436,43926,69025,83946,136150
1296,2289,2289.000,2895,20539,31303,32660,43638,52085,64322,87705,104927
1297,1332,1332.000,2862,19620,34298,61348,47524,241318,324792,338827,382173
1298,1754,1754.000,2817,18259,29777,39311,41943,51011,85536,254898,295484
1299,1788,1788.000,2926,18081,26824,47400,40504,51806,320091,352550,395087
1300,1308,1308.000,2894,19726,31691,55246,44572,79065,303730,319974,360085
1301,1731,1731.000,2740,16867,28125,39051,40898,64011,85227,253325,286719
1302,1910,1910.000,2771,17587,29914,39294,42569,58312,83251,251175,294205
1303,2007,2007.000,2685,17934,28033,37308,40054,52412,77519,254430,301367
1304,1904,1904.000,2721,18381,28410,39332,41165,70986,84593,254921,276830
1305,1923,1923.000,2828,17124,27397,39552,40296,55188,82686,311716,332908
1306,1922,1922.000,2849,16559,28147,38312,38854,48408,73335,304001,342645
1307,1979,1979.000,2708,16085,28492,38106,41842,56511,82944,252621,295133
1308,2289,2289.000,2705,14670,21594,32733,34669,42781,70088,278686,324102
1309,2017,2017.000,2803,16051,27495,37187,39601,55341,74392,278239,319874
1310,1648,1648.000,2727,21369,30795,45368,46527,60095,87958,316332,358701
1311,1893,1893.000,2773,20471,28197,39983,42447,66340,83450,257062,293928
1312,2696,2696.000,2781,14091,25790,27891,37603,47554,58951,83094,114075
1313,1777,1777.000,2520,20980,33169,43270,46556,59026,88650,278916,318635
1314,1596,1596.000,2867,21299,32907,45548,44531,57747,91894,319221,334847
1315,1714,1714.000,2936,18979,28100,45182,40870,52102,275906,366366,405533
1316,1532,1532.000,2766,17597,27451,47553,38579,74828,253900,269717,288648
1317,1861,1861.000,2791,17858,27791,39861,39478,48671,76058,317957,357743
1318,1808,1808.000,2853,21639,31858,42094,44627,59945,89379,250989,290947
1319,2022,2022.000,2673,17141,27590,36800,39494,54995,72575,253088,294620
1320,2111,2111.000,2723,16039,26706,35826,38152,51760,72417,257204,296068
1321,1949,1949.000,2781,18786,29550,48047,40763,71900,250418,322454,363236
1322,1726,1726.000,2804,18154,29034,32179,41850,55482,69851,85835,108769
1323,1891,1891.000,2766,18140,28970,39520,41946,56575,84114,268069,305901
1324,1815,1815.000,2769,16352,29755,41373,43315,63903,83591,268310,316176
1325,1948,1948.000,2631,16893,28492,38418,41013,55050,76451,276619,320988
1326,2129,2129.000,2784,15143,27608,35346,38685,52953,74216,256269,302211
1327,2023,2023.000,2758,16913,28171,37040,40287,55495,75893,252174,296324
1328,1686,1686.000,2765,26620,35203,45834,47445,72455,86816,260669,300228
1329,2577,2577.000,2792,15008,26210,28164,38321,48206,57808,81242,92957
1330,1484,1484.000,2820,18271,28164,52073,41953,237617,267926,284635,318724
1331,1650,1650.000,2972,19648,30912,43955,44437,56226,88398,306529,351497
1332,1846,1846.000,2772,18248,27293,44326,40391,51610,307341,328712,366526
1333,1431,1431.000,2792,18990,30034,54085,42270,76010,301842,319900,348201
1334,1473,1473.000,2842,18860,30008,44950,42187,55223,304518,325695,357440
1335,2207,2207.000,2822,16436,25017,33799,36040,43563,69976,255481,301077
1336,2277,2277.000,2699,15635,22706,33007,35691,44024,70614,246931,290748
1337,1969,1969.000,2742,16955,26675,38736,38693,49539,77135,313982,347360
1338,1857,1857.000,3005,16906,27908,42163,41376,56543,99135,310643,326219
1339,1700,1700.000,2918,19501,32281,41512,45364,64630,87761,264139,268042
1340,1791,1791.000,2863,18127,28961,41962,43416,58947,86640,283853,336176
1341,1867,1867.000,2877,19437,28736,40211,42083,56106,83937,261526,296671
1342,1815,1815.000,2958,17901,30265,41107,42338,58665,84191,261646,288109
1343,1497,1497.000,2769,26718,35550,50020,51520,67326,297297,327963,359089
1344,2233,2233.000,2704,21437,29287,39288,42088,56397,83050,256565,290982
1345,2389,2389.000,2750,13337,20708,26091,34389,43739,70877,98300,105168
1346,2239,2239.000,2866,20565,31745,33873,44831,54177,62008,85618,103658
1347,1429,1429.000,2608,23839,34772,63420,47651,297736,317046,337620,365291
1348,1212,1212.000,2926,21472,34026,47837,47745,69989,250694,264930,316128
1349,1940,1940.000,2673,17605,26580,38859,41048,52473,79135,292270,330271
1350,1814,1814.000,2974,18911,32427,41704,43738,61235,87689,268775,309911
1351,1605,1605.000,2701,19719,30745,52958,43655,81695,267495,305299,342416
1352,1542,1542.000,2736,25501,34833,46038,46625,62493,96335,263917,307003
1353,1763,1763.000,2624,17761,28414,38609,40238,54875,81363,254968,293581
1354,2048,2048.000,2749,16220,27475,36804,38965,55284,74971,259883,312818
1355,1833,1833.000,2878,18395,29155,40902,42650,58107,93528,280547,329357
1356,1659,1659.000,2771,24993,33116,45286,49011,62708,99891,265791,307272
1357,1754,1754.000,2707,25660,32146,44853,47747,65415,96128,270381,294904
1358,2091,2091.000,2625,24278,30232,39320,42798,56669,75950,286023,336691
1359,2096,2096.000,2886,14671,26096,30634,36868,47033,65610,270295,282019
1360,1915,1915.000,2807,17325,28412,39035,41671,55625,82358,269458,290236
1361,2132,2132.000,2678,13423,27083,35088,37566,59853,75944,257308,301325
1362,2568,2568.000,2861,15552,27373,29453,40072,51631,59271,79949,97200
1363,1888,1888.000,2774,20394,32928,43999,45745,67884,87249,299846,318373
1364,1435,1435.000,2778,22836,34848,46073,46653,65971,243017,267253,301980
1365,2078,2078.000,2893,17583,26267,36230,39492,47016,75606,265638,303459
1366,1623,1623.000,2666,18427,28315,52849,42081,77516,286019,333928,368165
1367,1815,1815.000,2896,15600,24796,35282,36674,46565,76259,253229,290520
1368,1959,1959.000,2811,18084,28260,38567,41541,56047,79936,268096,317286
1369,1761,1761.000,2678,22134,30066,42352,43524,58927,83317,271864,309853
1370,1732,1732.000,2814,22951,33858,43262,46276,65209,96249,247903,283887
1371,2002,2002.000,2689,15390,25452,37455,36747,49472,73823,328793,362396
1372,1857,1857.000,2806,16993,28745,40244,41178,60203,76114,294024,331980
1373,2191,2191.000,2807,16351,27226,34495,38084,50526,73594,250521,288144
1374,1830,1830.000,2882,18445,29074,41004,42671,58136,81829,277533,323360
1375,1847,1847.000,2820,27114,31770,44454,49029,57894,97116,258663,297941
1376,2134,2134.000,2840,18346,28822,31610,42049,54493,60353,85457,101613
1377,1812,1812.000,2748,17501,29634,41275,42985,57670,84978,269301,308058
1378,2318,2318.000,2726,18743,31929,32792,44264,55456,61764,85904,100199
1379,1926,1926.000,2873,19358,29957,39638,40285,50026,79330,262128,374977
1380,1257,1257.000,2938,23431,40857,66547,57438,240781,310591,331710,344611
1381,1505,1505.000,2727,17179,27699,42397,41296,69925,123355,297595,336665
1382,2002,2002.000,2719,16904,27640,37444,40805,55723,79031,261302,284066
1383,1854,1854.000,2777,18843,30895,49175,44420,71775,246503,273109,304437
1384,1518,1518.000,2788,23184,35171,48577,46017,68924,110942,316320,361714
1385,1690,1690.000,2810,17069,27895,38187,40258,53912,85472,254068,294097
1386,1879,1879.000,2702,17638,28591,37832,40831,54857,77822,251355,284384
1387,1967,1967.000,2834,16365,25865,37850,38314,47619,75470,310045,347776
1388,1757,1757.000,2798,26015,35622,45492,49210,68392,91479,273787,300961
1389,2067,2067.000,2828,14650,25247,35195,37248,55609,72345,268991,313557
1390,2138,2138.000,2857,16086,26160,35993,37975,51812,73178,285794,320194
1391,1949,1949.000,2829,27512,31549,36406,43682,56271,68486,85034,97046
1392,1612,1612.000,2772,16827,28485,46199,39998,55526,82470,408288,454801
1393,2138,2138.000,2905,13724,26151,35455,38782,58700,80263,248067,287479
1394,2711,2711.000,2652,15021,24687,27238,37667,45373,52589,79807,93959
1395,1723,1723.000,2831,19551,30483,43716,43371,62984,89388,314252,364905
1396,1667,1667.000,2811,22083,36408,47145,48630,67930,243278,274035,306535
1397,1333,1333.000,2811,16730,25442,53231,40414,239035,303548,323588,337619
1398,2062,2062.000,2863,17936,27404,36812,39756,49500,78797,256355,300667
1399,1765,1765.000,2705,18544,32326,42869,46991,67835,100325,274959,293312
1400,1829,1829.000,2773,18119,29866,40740,42894,58476,82276,271964,305543
1401,1828,1828.000,2801,18655,31016,42557,43237,59440,106392,272494,307513
1402,1815,1815.000,2790,18307,30479,47299,44529,74027,249400,271793,305400
1403,1841,1841.000,2867,18329,29058,40272,41928,54707,83980,286641,328124
1404,1894,1894.000,2863,15456,26344,36295,39071,55006,76612,257733,294975
1405,1847,1847.000,2879,27235,30527,36373,43798,56108,68815,86484,97892
1406,1679,1679.000,2911,19399,31185,44845,44135,57351,84673,313311,354316
1407,1843,1843.000,2816,16851,29653,40762,43833,63204,96258,251928,312977
1408,2097,2097.000,2995,15337,26952,35866,38366,50940,79180,262652,324066
1409,2263,2263.000,2653,14326,23303,33109,35698,45065,72568,268572,302952
1410,2719,2719.000,2611,13636,24790,27738,37102,47169,69152,82389,126419
1411,1537,1537.000,2755,24073,34604,49077,46458,58687,95416,344202,375887
1412,1882,1882.000,2819,19222,31242,39645,41685,55138,77870,264864,303905
1413,1409,1409.000,3048,18990,27375,55646,43056,244032,297990,321661,364239
1414,1902,1902.000,2878,17491,26551,37531,39280,47665,76552,275895,320819
1415,1877,1877.000,2900,17657,27641,39726,39978,49815,77526,313413,358922
1416,1742,1742.000,2897,18456,26616,49982,41528,79575,259275,325896,367396
1417,1673,1673.000,2642,19508,29324,41155,41204,61447,88034,279467,326889
1418,1756,1756.000,2953,24342,34432,44552,47072,62596,89108,254790,297392
1419,1804,1804.000,2873,14007,22957,36411,35499,45447,75651,311897,353568
1420,2197,2197.000,2726,14187,21342,34149,33536,41762,67283,331424,374126
1421,2236,2236.000,2565,16494,25480,33932,37035,46067,69079,249940,282931
1422,2109,2109.000,2630,16220,27490,35225,38138,48225,69509,255688,295736
1423,1589,1589.000,2884,29748,41357,51206,48811,72751,99174,294710,326215
1424,1846,1846.000,2762,27792,33597,43610,48235,63696,80910,267839,317440
1425,1812,1812.000,2844,16346,28799,43066,42551,74770,248955,265641,317411
1426,1553,1553.000,2907,17767,33738,45510,53848,80114,98325,283003,334871
1427,1348,1348.000,2653,18646,32740,47990,60298,99982,140930,253192,378280
1428,1436,1436.000,2988,17293,30810,52507,60524,96291,261604,324161,333530
1429,987,987.000,3059,24197,41466,89707,99173,303807,354944,413427,473030
1430,958,958.000,2797,31707,43052,63244,58057,78012,309129,320139,366366
1431,1487,1487.000,2711,23474,34474,61212,49251,264614,307671,329174,364157
1432,1323,1323.000,2800,18130,25848,45014,39654,58732,313654,339108,374322
1433,1591,1591.000,2790,20523,31679,58412,46257,87093,278240,371489,408684
1434,926,926.000,2889,23166,36075,62313,56286,94945,336690,370206,401998
1435,1410,1410.000,2887,23081,36059,53125,52714,83604,203926,358740,412160
1436,1702,1702.000,2943,16417,26799,43480,39114,67910,100761,362796,406891
1437,1772,1772.000,2953,16495,25049,52176,37537,69417,336817,362366,399621
1438,1449,1449.000,2869,16264,24887,40749,37702,63100,246317,312964,343978
1439,1846,1846.000,2729,17901,28119,40306,38944,51796,79416,318147,354084
1440,1940,1940.000,2692,16894,28235,38090,37404,47179,71665,307405,341918
1441,1974,1974.000,2880,14629,21683,38190,35538,44773,72520,394001,438148
1442,1754,1754.000,2753,19076,31819,42703,45857,62083,88448,283153,326568
1443,1429,1429.000,2730,31647,38663,52511,50144,70699,277825,296544,329806
1444,1633,1633.000,2744,25563,33731,45939,48356,66607,92660,271129,309281
1445,1710,1710.000,2776,27744,35540,49044,50111,67330,94452,300380,332449
1446,1710,1710.000,2712,30668,35875,38651,50270,59340,68094,87540,99708
1447,1778,1778.000,2642,17749,30840,42706,47934,72208,98546,283614,311389
1448,1403,1403.000,2783,19701,33283,59357,62381,101015,296209,396803,455304
1449,2121,2121.000,2837,13216,21928,30768,32725,40214,65296,355793,379412
1450,1369,1369.000,2541,15000,27602,54809,41383,243064,299550,323786,368223
1451,1497,1497.000,2662,25735,36466,54400,50304,69963,300713,341448,378090
1452,1061,1061.000,2714,21129,32380,65780,47955,294312,314570,330945,343757
1453,1683,1683.000,2659,20227,30895,43868,44235,53255,80798,316244,348371
1454,1728,1728.000,2744,18470,29033,51827,42217,76673,285299,313368,359469
1455,1415,1415.000,2690,17892,27737,43099,39151,49471,297654,324635,355751
1456,1928,1928.000,2736,18078,26866,38843,38593,47312,74598,314510,354633
1457,2208,2208.000,2750,16245,24702,33721,36660,44311,69954,254557,300408
1458,2009,2009.000,2704,16621,25935,47303,37791,65342,301927,324924,358212
1459,1765,1765.000,2642,18359,28646,40645,41283,53508,81846,303930,346230
1460,1924,1924.000,2760,17145,27152,37524,36810,48270,75332,301823,340003
1461,1964,1964.000,2628,16882,25100,36822,37737,49807,73006,292734,322348
1462,2089,2089.000,2610,16557,28191,38156,38918,57195,76245,292354,316329
1463,2165,2165.000,2658,15055,25816,32431,37261,49269,65595,288420,328990
1464,2170,2170.000,2663,14940,25453,29357,35213,43418,63091,270779,275631
1465,2256,2256.000,2604,14197,25488,33436,35115,44402,65561,278730,323649
1466,1896,1896.000,2743,17892,29826,39530,42947,57294,81192,256221,301473
1467,2051,2051.000,2678,14803,28289,36492,40962,56700,75446,257012,306473
1468,2020,2020.000,2692,14609,28137,37163,39750,50705,71878,286478,330507
1469,2151,2151.000,2734,16835,27967,37903,41071,55584,71435,283052,320063
1470,2412,2412.000,2639,12293,25378,28332,35966,54581,69514,119500,297022
1471,1102,1102.000,2553,25330,37138,67699,51769,250422,312162,329902,357379
1472,1781,1781.000,2633,21652,32368,46070,44118,58286,269941,316067,347028
1473,1153,1153.000,2760,22632,35664,62216,48190,287536,303445,313294,340600
1474,1829,1829.000,2662,18293,29186,38806,40914,50342,76145,271033,313574
1475,1734,1734.000,2588,19028,30233,44650,42178,54098,84324,342715,379422
1476,1490,1490.000,2830,18718,29488,55923,42857,82193,306984,324703,344627
1477,1934,1934.000,2691,15579,22841,33467,35395,43888,71182,249652,268164
1478,2161,2161.000,2679,15973,24405,34918,35588,44610,68865,292618,333577
1479,2015,2015.000,2749,15988,25311,36881,37109,44050,70337,315648,358158
1480,1836,1836.000,2542,17875,28800,41145,37870,50684,73662,351760,390694
1481,2271,2271.000,2677,12919,22389,33287,34304,44457,64732,312321,347086
1482,1988,1988.000,2713,15746,26926,37192,38284,55201,71079,290518,324547
1483,2235,2235.000,2621,15004,24323,33624,35464,44611,69981,271804,315013
1484,1864,1864.000,2695,20447,29008,40402,42512,57430,77668,259426,295629
1485,2241,2241.000,2732,15461,24510,33362,35473,44856,66972,260472,295432
1486,1914,1914.000,2562,17742,28592,39327,41736,55169,77041,282942,324350
1487,2448,2448.000,2654,13800,22679,30412,33273,41199,64323,245717,289407
1488,1956,1956.000,2647,13712,26634,38381,39904,64351,90901,285215,326750
1489,3048,3048.000,2523,13342,21383,28614,34082,42433,63831,300462,337900
1490,1066,1066.000,2722,27366,38945,59265,51879,101059,263594,291575,299961
1491,1687,1687.000,2786,22123,31710,54111,44646,78096,284845,301672,331878
1492,1237,1237.000,2727,19887,31413,47649,43143,57624,300479,331845,356963
1493,1678,1678.000,2749,18235,28624,44481,40602,49611,81252,378872,421551
1494,2123,2123.000,2575,16618,25497,42136,37320,67174,241565,262902,302638
1495,1443,1443.000,2595,17419,27295,41930,38928,49602,291079,311150,347525
1496,2028,2028.000,2795,16753,24988,36779,36561,44753,69705,313205,356360
1497,2171,2171.000,2644,16062,21808,34427,34331,43475,70860,304639,347981
1498,2302,2302.000,2626,15367,21309,32658,34261,42662,66877,282550,314673
1499,1949,1949.000,2631,17524,27535,38665,38619,50125,74423,311787,348661
1500,2201,2201.000,2578,15043,23848,42343,34668,43741,306069,324943,360264
1501,2078,2078.000,2498,15576,24009,30046,34176,42634,61296,311358,349090
1502,1975,1975.000,2665,15860,27294,35000,37040,47749,68745,306160,318516
1503,2174,2174.000,2539,15073,26628,34548,36221,51449,67396,273029,302386
1504,1899,1899.000,2854,17107,29523,39718,41886,58693,83696,258688,306532
1505,2046,2046.000,2740,15043,28056,36624,40288,54710,72492,265637,296629
1506,2040,2040.000,2637,14723,26128,36321,36424,61288,105255,250905,292672
1507,2623,2623.000,2750,13420,25868,28933,38449,53080,69089,96657,101963
1508,1422,1422.000,2853,24057,33342,61613,47250,293824,301486,318309,358699
1509,1256,1256.000,2848,20091,32702,49486,46097,62055,311204,335947,364897
1510,1882,1882.000,2725,19240,29517,39831,41400,53582,78164,278239,315340
1511,1658,1658.000,2638,17316,27640,52517,38755,72887,307720,329637,359983
1512,1599,1599.000,2705,16934,28792,39218,38986,53495,83155,272821,309272
1513,1865,1865.000,2555,16887,25777,40146,37067,43303,72811,375511,407188
1514,1691,1691.000,2758,22347,36543,44779,48559,67401,88171,259968,280369
1515,1672,1672.000,2700,23478,33186,44521,44917,61950,87097,276895,304694
1516,1944,1944.000,2739,17557,29923,38828,38070,49723,73543,289537,332711
1517,2288,2288.000,2679,14029,24771,32865,35263,46637,69958,257806,302224
1518,1890,1890.000,2801,17675,28302,39116,41249,56172,83583,273630,396948
1519,2157,2157.000,2725,15378,23457,34911,36006,47433,70917,294207,325258
1520,1919,1919.000,2696,17859,28565,38998,41566,59957,81929,263198,289813
1521,2163,2163.000,2704,15664,26177,34505,37353,47462,69105,261133,296233
1522,2275,2275.000,2791,15393,25931,33387,36037,48560,69649,240814,280767
1523,1950,1950.000,2672,15801,26798,38154,39097,69406,106072,251518,306520
1524,2732,2732.000,2544,14383,25377,27477,37188,47254,62475,75068,93373
1525,1383,1383.000,2723,17925,29563,55136,40421,244326,287654,307388,332272
1526,1784,1784.000,2776,18766,27285,41082,40380,53586,76280,326306,359872
1527,1802,1802.000,2692,17872,28867,53210,41914,72895,315199,337004,362194
1528,1366,1366.000,2649,18685,28314,40017,38089,49495,241291,263159,301700
1529,1918,1918.000,2574,17407,27307,39152,38154,47179,71983,329586,374286
1530,1996,1996.000,2626,16813,26046,37475,38189,45820,72500,310400,348231
1531,1814,1814.000,2567,16846,27309,42158,38466,46787,75460,373642,411487
1532,1666,1666.000,2573,24630,34160,44359,44524,59553,85490,281514,290180
1533,2039,2039.000,2477,16498,25127,45116,38335,63947,260785,315222,333328
1534,1877,1877.000,2740,18089,28655,40524,41259,56184,81116,296750,337929
1535,1923,1923.000,2685,16607,27561,37570,38482,55111,76884,287244,324190
1536,1577,1577.000,2819,27937,39818,37963,44434,56428,62433,85590,102327
1537,1930,1930.000,2738,17384,28020,38504,41152,55377,74910,277778,315249
1538,2111,2111.000,2667,15740,27375,35559,37723,52888,75423,251692,289259
1539,2152,2152.000,2778,15365,26101,35016,37748,47020,74506,270574,309589
1540,1615,1615.000,2714,25635,30472,46047,42607,57559,94071,303194,345070
1541,2730,2730.000,2618,12864,25256,27732,36670,50400,66293,89853,134686
1542,1502,1502.000,2631,25371,36092,49288,47701,59711,95215,331086,368937
1543,1176,1176.000,2737,22151,32129,65834,48439,277362,308702,325157,371394
1544,1806,1806.000,2690,18680,29094,40732,40326,51252,75962,310898,347641
1545,1542,1542.000,2537,18398,29279,48101,41400,55398,85667,420692,452252
1546,1836,1836.000,2646,16704,29273,49860,43295,73263,269275,286660,327935
1547,1449,1449.000,2919,23217,37401,47809,52743,71830,235716,262822,305687
1548,1605,1605.000,2613,16621,27847,40459,39808,55339,80254,295264,348397
1549,2057,2057.000,2624,16224,26544,36386,38043,51945,73334,268433,332618
1550,1989,1989.000,2665,18435,28916,37418,38908,50623,74411,264243,308291
1551,1941,1941.000,2641,14706,25703,38853,37086,60011,81573,329786,374224
1552,1846,1846.000,2693,17174,29136,40791,42881,64233,84262,274553,319728
1553,1635,1635.000,2739,26096,37583,45761,45736,67451,91096,257768,284529
1554,2141,2141.000,2710,15028,26038,34934,36938,55052,69821,267753,306947
1555,1804,1804.000,2724,26994,36502,44495,46283,65091,85004,256502,296300
1556,2212,2212.000,2564,20939,29344,36062,42107,54865,70284,252684,280272
1557,2168,2168.000,2533,14840,24310,29860,35801,47437,72095,235011,238942
1558,2771,2771.000,2533,14696,26049,27231,36160,46761,56751,75993,98869
1559,1401,1401.000,2680,24934,35698,53393,46715,57160,376243,401359,436585
1560,1352,1352.000,2577,18246,29808,60741,43815,295489,315185,340987,374860
1561,1594,1594.000,2659,19180,29398,42573,40038,50852,81335,315432,350761
1562,1842,1842.000,2674,18993,29553,40850,40781,52953,79996,304238,340677
1563,1704,1704.000,2771,18139,29537,49115,42429,74697,254376,276335,304852
1564,1570,1570.000,2680,20108,32520,43464,44244,65642,96922,271257,292645
1565,1673,1673.000,2839,23509,32714,43294,44693,61634,84867,265028,295925
1566,2266,2266.000,2701,14960,24399,33328,35964,47445,70859,254112,274760
1567,2074,2074.000,2668,16237,23994,36177,36057,46061,71788,312862,358499
1568,1904,1904.000,2701,16828,28203,39449,41892,56811,82244,259693,282245
1569,1949,1949.000,2794,17988,28481,38605,41183,56016,75360,268148,353566
1570,2094,2094.000,2746,15547,25050,35478,36568,49487,68572,283371,321760
1571,2342,2342.000,2675,14689,21991,32524,34045,48199,69070,264448,309450
1572,1725,1725.000,2689,24432,30289,42923,43517,57936,82751,277935,300047
1573,2392,2392.000,2620,14037,23382,31385,34817,44547,66179,244911,284850
1574,2628,2628.000,2550,14514,27936,28378,37757,48480,61058,75971,125810
1575,2170,2170.000,2667,22941,33204,38515,45430,58015,71369,258051,314381
1576,1335,1335.000,2696,19050,33803,49992,45835,75396,244415,262180,295779
1577,1698,1698.000,2763,20472,31147,44437,42778,55211,80249,334873,349671
1578,1738,1738.000,2752,18508,27846,51959,40720,73019,305954,325067,353752
1579,1364,1364.000,2719,22495,34554,47315,46092,67231,254839,284120,311197
1580,1750,1750.000,2591,16367,28600,39633,40629,67267,94495,264429,283327
1581,2127,2127.000,2549,16115,25646,35246,38174,56667,71382,246476,287754
1582,1769,1769.000,2787,22939,31283,42891,43665,58367,84283,261965,301362
1583,2027,2027.000,2532,16219,27430,36713,39159,55010,77112,259861,297810
1584,1925,1925.000,2794,17052,28421,38966,39255,53021,77519,305876,342190
1585,1903,1903.000,2652,18765,28730,39328,41151,54884,81236,261983,312236
1586,1958,1958.000,2670,16101,28146,37983,39519,56535,74128,282707,317758
1587,2306,2306.000,2630,15656,24292,32626,34714,43089,65805,254980,294520
1588,2462,2462.000,2696,13991,23106,30734,33512,41756,65911,251036,295846
1589,2053,2053.000,2670,16108,28337,36641,39350,54003,75471,255991,290260
1590,2043,2043.000,2705,15870,26353,36359,37110,50076,71825,290305,333778
1591,2106,2106.000,2663,13079,24940,35571,35263,48096,70885,325853,362253
1592,2322,2322.000,2615,19228,30337,38956,42379,55893,73246,281113,315168
1593,1417,1417.000,2789,20183,29243,42359,41966,53994,245703,268942,305975
1594,1664,1664.000,2761,18630,31306,44812,42142,53386,82663,346492,393675
1595,1600,1600.000,2578,18172,27269,57609,41117,79315,332835,388782,430381
1596,1443,1443.000,2945,18013,27682,43679,40942,54738,173408,335326,372952
1597,1910,1910.000,2749,17297,26567,36382,38056,47669,72025,255137,299057
1598,1979,1979.000,2693,17002,23975,38137,36871,46248,72772,331064,367405
1599,1902,1902.000,2703,16842,27469,39152,39429,53154,72644,314243,347447
1600,2014,2014.000,2760,16463,26807,45720,37136,66633,252859,323780,365603
1601,1902,1902.000,2769,14148,25714,35489,36367,50703,71568,272663,301118
1602,1939,1939.000,2639,14994,25409,35874,36335,53278,72785,284291,330425
1603,1463,1463.000,2731,20649,41636,52124,56308,78486,243531,272143,310011
1604,1665,1665.000,2684,17132,30825,42116,44212,68911,93464,255273,288455
1605,2091,2091.000,2644,25604,30518,42917,43961,58328,84174,286658,333229
1606,2323,2323.000,2578,14136,25136,29486,35453,42566,56506,265391,297786
1607,1831,1831.000,2706,23952,29046,36508,42302,56006,70171,250452,250989
1608,1932,1932.000,2602,13323,26656,38612,36558,50307,72025,352187,393362
1609,2289,2289.000,2799,20108,30450,41226,43623,57160,77726,332968,376250
1610,1125,1125.000,2671,19922,31949,49747,44310,66161,298046,318198,361349
1611,2005,2005.000,2649,17708,28889,37579,39595,48734,72687,264412,353103
1612,1355,1355.000,2763,18066,32151,62959,43683,296079,344845,369957,406089
1613,1579,1579.000,2705,17238,26190,40403,38019,47337,78675,318560,340154
1614,1994,1994.000,2612,16915,25328,37677,38026,47369,73769,309638,355893
1615,2263,2263.000,2549,15802,22179,33237,36471,44275,68829,259572,337334
1616,1710,1710.000,2623,21702,30595,45194,43744,61749,267881,295526,311865
1617,1825,1825.000,2632,17659,27718,45496,39792,67015,256445,278070,307803
1618,1873,1873.000,2656,16878,30471,42944,43063,68670,91526,320191,348191
1619,1973,1973.000,2660,16440,27606,36777,39012,55935,75474,265390,303895
1620,1983,1983.000,2639,16998,28562,39413,41508,57327,75228,294729,339669
1621,2144,2144.000,2461,16042,26814,28933,36223,44988,56602,82341,295565
1622,1781,1781.000,2695,19478,31709,39902,42516,57891,79592,252968,265477
1623,2108,2108.000,2622,17605,27436,35632,37667,50970,71594,255361,295084
1624,1775,1775.000,2565,24473,31595,42538,43670,57072,82847,264420,297981
1625,2749,2749.000,2568,14245,26307,27100,37092,44281,54146,77488,95554
1626,1845,1845.000,2648,18634,30205,41060,39452,52216,77465,323579,350370
1627,1889,1889.000,2770,18751,28297,50391,41759,69404,264422,358221,385376
1628,1250,1250.000,2660,17775,26433,43611,39632,54328,277148,306577,337223
1629,1937,1937.000,2721,17465,26627,38548,37732,48427,75219,322427,330756
1630,2082,2082.000,2558,16100,24336,36685,35651,43746,68187,327410,372612
1631,1632,1632.000,2719,15464,25322,48399,36762,68889,259966,334689,347456
1632,1885,1885.000,2633,15934,23205,36820,36070,44399,70632,313278,352841
1633,1927,1927.000,2586,19239,29549,39318,41787,57582,77680,253544,289837
1634,2088,2088.000,2772,16554,26604,35544,38635,52628,72207,253608,285925
1635,2319,2319.000,2724,14710,23448,32557,34836,43003,66039,263041,302440
1636,2324,2324.000,2534,14779,24165,32129,34384,42323,65445,254659,482764
1637,2157,2157.000,2779,15055,26019,34823,35873,47439,69515,292916,327804
1638,2122,2122.000,2855,14647,25646,35157,37557,54557,72672,271868,284509
1639,1909,1909.000,2743,16976,28954,39665,42004,56878,83538,268046,313800
1640,2225,2225.000,2713,14701,25488,33656,36579,47711,71522,249104,292049
1641,1636,1636.000,2617,26124,30883,45500,42817,55663,85806,310974,354004
1642,2920,2920.000,2630,13396,23997,25839,34741,43184,55874,76664,101064
1643,1643,1643.000,2736,21516,33541,58051,45751,81491,309735,339209,376993
1644,1066,1066.000,2732,21374,35087,52463,48536,69331,291983,315635,325509
1645,1641,1641.000,2746,20709,31420,44748,43360,55268,82206,318658,365939
1646,1841,1841.000,2703,17885,28632,43133,39463,53916,291869,328277,367476
1647,1512,1512.000,2608,17448,27296,53749,40313,72667,326014,343208,372218
1648,1477,1477.000,2772,19951,30168,43487,43674,67379,236670,261942,289122
1649,2169,2169.000,2569,17058,25752,34545,37043,46064,69939,257489,298957
1650,1760,1760.000,2655,20348,31761,42483,42982,64587,82783,284149,329018
1651,2447,2447.000,2732,14171,20322,30772,33153,42035,67177,253648,292540
1652,2076,2076.000,2626,13856,23302,43031,35546,60644,281841,300298,336355
1653,1915,1915.000,2679,17259,27924,37561,39685,57003,72127,262258,295600
1654,2061,2061.000,2671,14978,24782,35434,36483,53535,73785,281687,319457
1655,2186,2186.000,2797,15819,28196,32339,40717,55912,67934,252981,296303
1656,2069,2069.000,2775,16707,27711,33684,38321,50847,67350,244717,255492
1657,1948,1948.000,2614,19345,28532,38459,41083,55091,77835,261004,297245
1658,1773,1773.000,2636,22337,30329,42409,42874,55812,82814,279799,320691
1659,1821,1821.000,2512,19488,28710,41087,41401,55649,79220,309749,346310
1660,1991,1991.000,2721,15164,26260,37732,37411,51612,74401,319822,358543
1661,1894,1894.000,2694,19780,29599,48116,43044,69560,255814,286753,315922
1662,1254,1254.000,2679,20166,30552,47641,43084,61607,298107,316402,353451
1663,1768,1768.000,2675,18593,29039,42130,40558,50543,73662,336183,373688
1664,1424,1424.000,2830,18548,26837,55591,40009,245922,329772,352281,390411
1665,1904,1904.000,2811,16468,24400,37008,36440,46278,72660,303125,351151
1666,1589,1589.000,2743,18111,27298,56285,43240,93794,310004,342623,394312
1667,1262,1262.000,2715,18472,30355,48120,43853,76358,284974,320566,348788
1668,1587,1587.000,3074,19732,30833,47888,48203,85946,127629,320227,348154
1669,1498,1498.000,2747,18224,30421,49450,46751,75593,303996,367664,419779
1670,2303,2303.000,2636,15310,23709,32723,35911,44728,67985,251975,283284
1671,2179,2179.000,2703,15150,25442,34297,36753,46382,70379,257129,301136
1672,2333,2333.000,2706,14492,21805,38791,33922,43940,257089,277872,318147
1673,2135,2135.000,2577,16689,25667,30860,36177,45904,64883,251110,287932
1674,2192,2192.000,2695,15327,26819,31311,36541,48566,66687,244652,247776
1675,1980,1980.000,2629,14808,27452,37826,39633,65292,82661,287238,328791
1676,2306,2306.000,2647,15105,24403,32308,34067,44423,65953,250536,286177
1677,2175,2175.000,2684,14627,26606,34469,36642,55800,74692,250170,274849
1678,1678,1678.000,2676,14303,26607,44939,42286,87659,126921,311360,347271
1679,2080,2080.000,2823,12596,28436,42461,38168,61641,248834,326744,370894
1680,1086,1086.000,2823,20771,31116,56757,42944,81057,304207,321761,358244
1681,1838,1838.000,2741,17725,27727,47737,40074,69420,266573,307392,324376
1682,1266,1266.000,2730,19852,32652,48974,44193,57599,320457,339346,370499
1683,1931,1931.000,2822,17765,27551,38937,39337,49426,74392,312182,350349
1684,1808,1808.000,2634,17964,26320,47909,38115,71336,256376,322341,361451
1685,1414,1414.000,2736,16983,25715,44293,38603,54278,322605,349018,375627
1686,2041,2041.000,2697,16791,25162,36928,37343,45701,72393,303748,346039
1687,2194,2194.000,2530,16876,25826,34360,36256,44201,69243,262685,305969
1688,2032,2032.000,2625,15825,23256,36826,35293,43443,70843,340565,381139
1689,2073,2073.000,2700,15695,24867,38621,36357,46095,79967,315995,354593
1690,1932,1932.000,2606,16618,26382,45628,37488,63303,242974,375324,409511
1691,1737,1737.000,2657,24311,29666,32677,41715,53534,58186,81656,88144
1692,2131,2131.000,2672,14877,25400,35073,36497,52220,68009,283102,321295
1693,2086,2086.000,2586,16632,28133,35850,38731,49844,71888,254071,289676
1694,1997,1997.000,2623,17454,28183,38012,41267,55286,80914,258622,297877
1695,2027,2027.000,2653,16161,28453,36999,40629,54990,71089,248814,298330
1696,2084,2084.000,2683,16148,28050,35965,39442,50855,75063,251080,305446
1697,1701,1701.000,2514,15267,27795,45198,41233,64316,121027,390773,428113
1698,2194,2194.000,2527,13253,22783,33026,34796,46869,102413,253835,295458
1699,1814,1814.000,2757,16749,29699,50247,44954,77163,273435,294359,329091
1700,1277,1277.000,2817,21176,31033,46477,42091,62869,276921,300641,334759
1701,1630,1630.000,2773,20558,32872,57353,45061,77689,306872,329323,357629
1702,1214,1214.000,2700,19020,29391,46508,41122,57124,292862,315495,349867
1703,1826,1826.000,2649,18289,27968,40740,39927,50517,77180,335820,362267
1704,2017,2017.000,2648,17252,25010,37274,37730,45545,71280,303908,340209
1705,1650,1650.000,2646,17202,28083,53677,39550,70879,316867,334637,367649
1706,1496,1496.000,2661,16862,26003,42764,37954,47403,329374,353734,389857
1707,2015,2015.000,2686,16190,24013,35960,36296,43826,70071,305108,336509
1708,1963,1963.000,2715,16677,27337,38162,37949,50281,75206,316056,348701
1709,1947,1947.000,2611,16903,24876,39388,36364,46975,72997,371875,408837
1710,1999,1999.000,2673,17052,28633,37588,40396,63193,76906,248224,295414
1711,1846,1846.000,2815,18163,28819,39897,41717,55690,79444,268061,303730
1712,1970,1970.000,2678,17133,28684,38040,41061,55750,71109,270361,297225
1713,2072,2072.000,2508,15687,27727,36472,39853,55386,76688,257356,303967
1714,1897,1897.000,2513,16727,29244,39023,42696,56803,74405,259114,294338
1715,1911,1911.000,2553,26658,29754,42360,42387,56117,82329,276417,304530
1716,2284,2284.000,2676,14677,25079,38630,36052,45198,69970,425059,467284
1717,2149,2149.000,2753,13759,24551,26495,35970,46393,59784,75507,95844
1718,1142,1142.000,2785,22219,34602,64843,47687,269025,286935,306287,344008
1719,1758,1758.000,2791,19401,30884,42443,41938,55490,80614,315527,346484
1720,1508,1508.000,2539,19627,29480,58546,43042,83826,322130,360544,397961
1721,1508,1508.000,2618,16731,28160,40945,38220,47767,80699,307571,330004
1722,2155,2155.000,2674,17578,25808,35032,37336,46232,72464,253712,289731
1723,1798,1798.000,2592,17305,28001,53581,39848,70425,344171,365827,399617
1724,1535,1535.000,2799,16268,23019,36679,36354,45151,73549,258727,292714
1725,1860,1860.000,2646,17144,25306,38573,37821,47282,72976,324666,361552
1726,2042,2042.000,2761,16246,26299,36839,36433,44691,70443,322108,352339
1727,2061,2061.000,2696,17468,25164,36453,36183,46058,71353,307564,331245
1728,1826,1826.000,2758,18502,29579,41136,41768,59519,82414,283656,325589
1729,1784,1784.000,2712,20642,29901,42390,43505,59683,85933,270636,310942
1730,1957,1957.000,2745,16923,28632,38209,41337,56471,80334,252761,285849
1731,1702,1702.000,2577,25792,30967,44277,43577,56856,84827,283273,325947
1732,2068,2068.000,2696,16525,27486,35740,38617,53079,71789,245003,288299
1733,1900,1900.000,2635,17788,28780,39577,41732,56564,82301,260290,284432
1734,2068,2068.000,2558,14635,26460,36516,36065,52109,69487,315313,344453
1735,2712,2712.000,2624,13790,23905,28099,35906,46840,68369,110267,358452
1736,914,914.000,2787,27516,41106,79878,58506,300366,311180,320359,346499
1737,1635,1635.000,2732,22222,32496,45998,44023,57985,87966,327170,361774
1738,1527,1527.000,2792,17755,30823,54229,42660,87040,287820,329491,349908
1739,1594,1594.000,2546,17912,28535,41878,39580,49681,79611,318423,357191
1740,2003,2003.000,2634,17412,26844,37553,38621,47987,71244,302519,327118
1741,1618,1618.000,2785,17117,27826,53226,39428,72184,305990,323804,351102
1742,1554,1554.000,2662,16157,28106,41132,38077,49144,80697,321135,353150
1743,2354,2354.000,2533,15786,22551,31818,34053,42534,66679,243845,284607
1744,2034,2034.000,2663,16372,26008,36881,36550,48187,71435,300731,336048
1745,2078,2078.000,2625,17113,25466,36036,36027,45227,71065,306317,349474
1746,1838,1838.000,2808,14573,27129,41224,40199,58533,81647,352799,396222
1747,1892,1892.000,2739,16377,27979,39368,40483,56652,77224,295458,337998
1748,1809,1809.000,2730,18785,28679,41344,42027,56686,81831,304371,339215
1749,2341,2341.000,2573,14852,21513,31922,33542,41904,66122,272589,317466
1750,1995,1995.000,2615,18411,28358,38174,41472,55235,73647,263305,295539
1751,2008,2008.000,2578,16075,28119,36773,40541,54316,72745,251293,286284
1752,1967,1967.000,2665,17059,28104,38736,40402,54907,73922,296382,332767
1753,2108,2108.000,2629,13745,27286,35122,38508,51306,72702,249830,290071
1754,1313,1313.000,2596,22447,33713,60920,48423,248156,306155,323811,364184
1755,1668,1668.000,2606,20879,31950,41929,43149,55084,85151,265991,302028
1756,1294,1294.000,2711,19835,30222,58421,42918,251285,305226,329257,367007
1757,2011,2011.000,2741,18194,27208,37029,39114,49191,75086,262397,305106
1758,1686,1686.000,2693,16466,25520,51013,38325,71368,305447,321753,347034
1759,1618,1618.000,2616,15491,24960,39586,37325,51396,77272,322837,365311
1760,1889,1889.000,2643,17120,26741,39683,38108,46732,74107,343328,377419
1761,2009,2009.000,2739,16332,25999,37428,36813,45103,71288,334789,361088
1762,2080,2080.000,2714,15920,24341,43508,36205,63607,244208,324274,368760
1763,1718,1718.000,2739,14469,21892,34491,34099,43771,72543,265560,303462
1764,2230,2230.000,2690,14380,22640,33551,35239,44028,68531,287115,325424
1765,2388,2388.000,2548,14917,22581,31453,33946,41514,66770,256450,295308
1766,2204,2204.000,2767,16480,22563,34180,34352,41192,67046,308225,350257
1767,2144,2144.000,2625,15502,25359,34815,35517,50060,69456,284545,306050
1768,2291,2291.000,2610,15056,22668,32739,33921,42081,65289,283981,320014
1769,2354,2354.000,2652,14134,23925,31830,33946,43480,67655,249445,296506
1770,1830,1830.000,2700,15370,27219,40884,39301,57557,82966,349223,380460
1771,2362,2362.000,2700,14003,24276,32058,34739,45182,68737,248091,287896
1772,2097,2097.000,2674,13252,23633,35920,37048,62452,113251,261974,311497
1773,1132,1132.000,2631,22770,36933,72037,48103,307856,333694,348160,393653
1774,1670,1670.000,2650,19416,29958,40862,42127,53768,81087,271069,309309
1775,1400,1400.000,2622,17736,29099,57901,41653,279861,313680,334715,372202
1776,1849,1849.000,2701,17971,26564,37087,39070,48194,75800,255462,292703
1777,1898,1898.000,2630,17334,26748,47454,37824,67752,255588,337805,451780
1778,1525,1525.000,2561,16668,26085,39262,38092,48219,86465,289216,318307
1779,2010,2010.000,2703,16424,23421,37181,37002,45865,71487,327382,366925
1780,2075,2075.000,2737,16594,23531,36226,36565,45359,71147,309289,350534
1781,2226,2226.000,2695,15699,23799,42585,37146,58043,248073,314260,352732
1782,1793,1793.000,2897,16698,26396,36235,36578,45672,72225,268766,308454
1783,1553,1553.000,2662,16730,27195,41452,39564,73965,154208,264956,300603
1784,2302,2302.000,2681,14742,23643,32788,34478,42115,67121,272945,317982
1785,2036,2036.000,2631,15080,22070,44374,37158,66124,304704,367807,405370
1786,1421,1421.000,2577,17447,27333,49470,43427,76781,272671,359156,361154
1787,1370,1370.000,2776,18623,28797,51081,46941,88895,301473,366832,421918
1788,1611,1611.000,2936,22960,35101,46817,49828,74156,113792,261538,303674
1789,2381,2381.000,2708,15814,27612,36314,40058,51841,74231,286127,324022
1790,2200,2200.000,2573,14489,25741,26687,36176,44067,58824,75911,90598
1791,2156,2156.000,2517,13583,26662,34339,36070,51863,68465,265360,298485
1792,1940,1940.000,2683,13030,20873,39824,34031,62115,242834,258481,300272
1793,1637,1637.000,2685,21337,34721,52499,48176,73992,267169,295371,513005
1794,1145,1145.000,2625,21650,33351,54417,44835,75437,295682,320805,347492
1795,1839,1839.000,2569,20139,29588,40367,40368,51801,74921,289984,330113
1796,1387,1387.000,2647,18884,31247,59497,44005,291098,304803,322150,350888
1797,1781,1781.000,2857,16202,25007,38196,37009,46095,72966,310235,352194
1798,2002,2002.000,2808,16394,25368,37227,37087,45982,70947,311871,327483
1799,1921,1921.000,2741,16855,26614,39866,38394,47161,73373,329059,358142
1800,1689,1689.000,2534,16647,24699,37179,36446,46042,71642,304158,317586
