Time (seconds),Requests,Throughput (requests/second),Minimum Latency (microseconds),25th Percentile Latency (microseconds),Median Latency (microseconds),Average Latency (microseconds),75th Percentile Latency (microseconds),90th Percentile Latency (microseconds),95th Percentile Latency (microseconds),99th Percentile Latency (microseconds),Maximum Latency (microseconds)
0,785,785.000,8776,36491,71370,93528,131598,205226,243327,318806,438388
1,1064,1064.000,6429,29579,52572,68542,83066,152883,190830,278572,375720
2,1118,1118.000,7085,29477,51527,67317,84565,148175,183337,259777,346854
3,1115,1115.000,6031,29316,49097,66133,86077,145906,174763,249577,347609
4,1412,1412.000,5298,26765,46751,53068,71253,89304,131930,161122,271516
5,1628,1628.000,5565,24059,38176,46215,62909,78616,113299,157425,181079
6,1693,1693.000,5332,23318,31927,43833,59872,76472,89734,140766,162902
7,1543,1543.000,4602,23222,45297,49257,66768,90743,108481,152911,178246
8,1036,1036.000,5417,32139,56456,72768,76123,125923,299085,309923,369103
9,1417,1417.000,4801,23194,38076,52380,63317,83537,202465,242031,323607
10,1659,1659.000,4675,24784,38628,44550,60823,75593,87281,137005,188101
11,1760,1760.000,4380,22956,37162,43137,58709,71931,82230,134151,231795
12,1767,1767.000,4427,22587,35757,42144,57122,71906,83708,131089,185392
13,1862,1862.000,4980,20993,31302,40535,56973,71052,79698,138397,159799
14,1498,1498.000,5030,21800,37227,49839,59245,78611,191348,243802,301416
15,1468,1468.000,4643,21085,38765,50900,58852,81701,186755,262876,352057
16,1527,1527.000,4192,20125,32880,49290,60468,82118,161093,242894,305009
17,1377,1377.000,4290,21701,33137,54996,67882,94724,213369,264128,348641
18,1427,1427.000,4980,26440,43316,52046,72179,90986,105867,163681,215893
19,1626,1626.000,4771,24004,34494,46567,66139,82576,98369,159693,182155
20,1624,1624.000,4995,22739,35857,45597,65451,79681,89587,148002,175884
21,1431,1431.000,4520,23088,38417,55136,68197,91713,206580,266537,344567
22,1340,1340.000,4384,24003,38074,53025,64917,86726,191536,241819,303570
23,1475,1475.000,4740,21552,38822,50703,61613,83902,191770,226882,298826
24,1534,1534.000,4832,20275,34394,49456,57257,75502,225905,278033,394836
25,1279,1279.000,5030,21762,36150,58273,63906,96723,287248,330642,407557
26,1308,1308.000,4770,21499,40384,57416,63840,85279,278361,331549,371833
27,1089,1089.000,4234,26269,46610,68561,78003,143746,279713,323599,360534
28,1504,1504.000,4305,26230,41853,49086,65869,82989,99890,150237,184260
29,1334,1334.000,4203,27867,49120,57688,77999,101145,130240,204105,264035
30,1282,1282.000,5394,31578,51432,58037,78000,96762,113517,180442,293060
31,1259,1259.000,5559,24396,39366,61675,67916,96599,297014,340678,429416
32,1219,1219.000,4954,22995,41815,59486,64769,89034,290053,326423,371025
33,1252,1252.000,5142,22676,32976,59125,63610,89600,298213,333863,420253
34,1206,1206.000,5255,22367,38653,62625,69472,109705,303191,361925,461887
35,1263,1263.000,4935,21304,38590,59528,64815,95209,303108,343717,393835
36,1306,1306.000,4740,21539,37601,57090,65579,90096,270364,306826,385073
37,1337,1337.000,4867,20283,39419,56207,61606,78553,288834,345216,414524
38,1818,1818.000,3973,21994,33034,41239,57695,72020,81459,136071,170106
39,1830,1830.000,3987,22443,33474,40854,56682,70458,78326,132552,155830
40,1712,1712.000,3961,23225,36579,43976,61756,75539,85948,141768,168047
41,1814,1814.000,4682,21387,32829,46339,57474,73004,115230,328924,415032
42,1182,1182.000,4876,23011,38074,65246,64891,138143,296050,323155,475942
43,1145,1145.000,4502,20759,40899,62317,64940,120618,316647,370108,434115
44,1138,1138.000,4067,20898,34712,57813,59357,83301,301748,346126,397523
45,1367,1367.000,4652,21975,36545,56172,61576,82233,295974,338109,420241
46,1252,1252.000,5116,23642,41674,60124,66422,92197,286852,336184,392029
47,1440,1440.000,4799,22162,38486,54722,60647,83350,269036,309915,379897
48,1562,1562.000,4738,22569,37027,45071,61484,78194,103536,156965,191557
49,1601,1601.000,4327,26564,42037,47279,64516,78998,92596,141724,170719
50,1549,1549.000,5218,25235,37725,48296,67168,84674,100757,158278,190270
51,1609,1609.000,4967,23767,33988,46397,65621,82540,94328,156221,184762
52,1284,1284.000,5526,22920,44542,58458,71183,100122,217381,262990,358455
53,1210,1210.000,6054,24235,46597,67493,78952,197740,229023,255051,331403
54,1173,1173.000,4600,21593,30343,56750,66237,86715,255933,302957,386106
55,1422,1422.000,5255,21985,39601,54184,68186,89714,195876,249510,337193
56,1196,1196.000,6058,22813,32255,62006,71597,102839,283951,328874,375944
57,1664,1664.000,4841,21744,36628,45480,64429,81476,98086,158871,192068
58,1704,1704.000,5262,21985,32046,43938,62380,77184,88956,149788,172824
59,1574,1574.000,4983,23285,39562,47315,66419,82344,96835,156201,182072
60,1671,1671.000,5484,22415,32898,44963,64029,79890,92179,151747,202941
61,1767,1767.000,4117,22322,34184,42044,58537,72567,85146,132015,172384
62,1447,1447.000,3763,21422,40437,52493,61275,79286,212337,263772,336096
63,1344,1344.000,5039,22250,38159,66288,67614,220995,274996,323939,396526
64,1386,1386.000,4783,19901,29919,52664,58785,80884,276935,320358,383568
65,1569,1569.000,4377,19166,29712,39608,55715,70243,83145,138213,201272
66,1725,1725.000,4284,22464,36638,43843,60289,74908,84627,140868,271901
67,1725,1725.000,4404,23147,36501,43386,58818,73966,86394,139596,162334
68,1607,1607.000,5139,25467,38292,46095,62820,79815,90606,143404,171040
69,1747,1747.000,4670,23312,37844,42840,59622,73351,84306,130485,165163
70,1378,1378.000,4367,24703,39492,54850,64942,85342,217089,259320,340417
71,1480,1480.000,4222,21640,32232,50809,62944,83215,203329,247754,324240
72,1249,1249.000,5794,23096,36397,59773,66364,96709,284986,340585,392746
73,1176,1176.000,5133,22923,44097,64795,73027,128292,288554,331741,383767
74,1224,1224.000,5361,22628,39904,60306,65657,91037,299260,342005,420136
75,1659,1659.000,4412,22660,38044,45001,63310,76980,88684,151165,181542
76,1464,1464.000,5287,25243,44104,51343,71978,87150,102739,166334,176198
77,1473,1473.000,4549,25876,43637,51425,72288,89049,104922,158927,177578
78,1458,1458.000,5560,24612,38466,51510,72901,91261,140083,168366,184635
79,1374,1374.000,5282,22332,36967,53696,65001,87359,203608,258508,322218
80,1322,1322.000,5045,23155,36445,57508,69355,90579,234488,287213,366848
81,1230,1230.000,4797,22752,40070,60225,66085,90451,292599,329905,434337
82,1378,1378.000,5040,20680,37479,55247,63320,84864,270478,312944,379683
83,1385,1385.000,4528,21225,35841,53669,60856,80775,264511,306607,366318
84,1789,1789.000,4390,21854,34736,41546,57636,70918,83527,132331,155569
85,1788,1788.000,4361,22156,33493,42076,58629,73055,83524,137533,162054
86,1749,1749.000,3905,22889,32833,42642,58066,72451,87113,140604,167184
87,1764,1764.000,4748,21239,35408,42894,60267,76233,88605,137458,177424
88,1572,1572.000,4453,20158,30999,47681,58553,77234,139236,228800,289526
89,1481,1481.000,4485,22237,36803,50360,59580,86598,193784,238911,286151
90,1397,1397.000,4408,21555,39218,54096,67100,95919,192336,249422,334876
91,1372,1372.000,4649,22932,41836,54026,65728,91816,191435,244037,322951
92,1369,1369.000,4864,22601,38264,55536,63675,89498,226115,288920,372569
93,1638,1638.000,5002,24460,35542,45586,63673,78950,90258,148985,187401
94,1577,1577.000,5094,24938,39260,47243,65594,80616,102922,145850,170518
95,1708,1708.000,4375,22139,35929,43762,60153,75242,91925,142258,280480
96,1742,1742.000,4843,22679,33453,43308,59153,75635,84838,143111,166997
97,1447,1447.000,5150,22317,38109,52208,65767,84513,195994,242057,316840
98,1462,1462.000,4775,20947,33907,51129,62705,80566,210309,262029,339103
99,1434,1434.000,4652,20836,34998,52092,60254,81828,246349,289842,351207
100,1338,1338.000,4202,20664,35724,56267,60551,86105,295461,340452,405885
101,1435,1435.000,3837,20814,34546,52265,57382,79831,257209,291201,375041
102,1774,1774.000,4286,21819,36116,42026,57876,73078,84044,129748,165998
103,1783,1783.000,4265,22614,37843,42106,58605,71749,79949,136938,160502
104,1751,1751.000,3785,22173,35169,42616,59228,73335,91582,135393,152008
105,1851,1851.000,4443,20888,33705,40519,56765,69961,81149,131153,158780
106,1507,1507.000,4244,21244,36383,50266,61612,82168,169558,243391,321838
107,1500,1500.000,4705,21780,36342,49455,60119,80154,187056,230274,304056
108,1505,1505.000,4157,21487,35709,50014,59773,80520,149875,248331,315553
109,1406,1406.000,4631,20862,35413,53360,58534,81287,269532,300172,361511
110,1363,1363.000,4734,20791,33396,55317,62418,84899,269416,319941,469707
111,1782,1782.000,4339,22089,34684,41536,56600,71953,80742,133652,151440
112,1705,1705.000,4080,22622,37587,44352,62154,75899,89672,141584,158823
113,1652,1652.000,4282,23241,34554,44936,63588,79498,90789,146640,167325
114,1785,1785.000,4875,21679,34870,42208,59154,73232,82226,134767,153413
115,1447,1447.000,4873,22924,39445,51962,61445,78203,203147,262461,335066
116,1543,1543.000,4097,20855,29465,48344,59438,77026,145852,245658,326307
117,1505,1505.000,4309,21584,39144,50310,61159,79622,193981,246003,345163
118,1416,1416.000,4564,22894,38636,53272,61851,80716,227491,274993,377791
119,1255,1255.000,4400,21969,40089,59771,68560,121571,271683,312510,361315
120,1339,1339.000,4362,21013,35940,55127,61666,91541,269017,306120,369686
121,1717,1717.000,4584,23034,37240,43739,59547,74859,90091,139891,159296
122,1717,1717.000,4501,23176,35262,44152,61743,76922,86917,141091,156198
123,1657,1657.000,5348,22297,35073,44623,62355,79319,90570,146305,178978
124,1710,1710.000,4475,21940,37778,44144,61698,76205,88210,143490,186439
125,1539,1539.000,4482,20959,36843,48954,57689,74810,194265,236292,309580
126,1285,1285.000,4245,21541,39050,60069,63259,204208,221442,248624,298121
127,1376,1376.000,4646,22463,38986,52178,60045,81717,218544,268386,320538
128,1480,1480.000,4291,19893,32966,50522,55725,72823,260486,313325,377845
129,1510,1510.000,4362,19126,32732,49590,55185,70455,135379,312620,389495
130,1906,1906.000,3862,20322,32632,39838,54544,70501,84524,127088,168233
131,1797,1797.000,4203,22330,35366,41434,57275,69917,80290,123718,146972
132,1839,1839.000,4257,22474,34124,40729,55715,69459,78980,126846,167583
133,1837,1837.000,4984,23558,35194,41090,56204,68734,76805,123793,133747
134,1549,1549.000,4303,21806,35741,48223,57211,75656,134977,231987,292017
135,1565,1565.000,4470,22322,33053,47734,57069,72432,135608,239439,293214
136,1518,1518.000,3605,21678,36372,49902,59941,77881,147018,239964,296212
137,1352,1352.000,4334,22943,41270,55752,68345,90856,211322,257540,329025
138,1063,1063.000,5371,24211,47602,70712,78762,151292,307941,358493,464751
139,1193,1193.000,4934,23027,40350,62586,71926,96897,285949,333836,421156
140,1509,1509.000,5832,23515,36522,49701,72425,89534,101742,168912,189918
141,1602,1602.000,4956,23988,34647,46565,66626,82534,91942,155220,184925
142,1575,1575.000,5628,25292,40573,47933,65394,84555,93968,153689,176855
143,1449,1449.000,5428,25526,37454,51474,73541,91396,105149,170222,186021
144,1597,1597.000,5236,23910,40371,47081,64848,80639,93029,148897,172689
145,1620,1620.000,5177,23976,35974,46178,63989,80598,89840,148853,343145
146,1460,1460.000,5396,21561,35147,58418,63859,195150,222085,255581,323441
147,1244,1244.000,4685,22780,38626,54627,66872,94674,202812,251667,317893
148,1452,1452.000,4259,20903,35570,48385,58536,79516,178754,228308,279276
149,1696,1696.000,4527,22078,37063,44573,61629,79111,90905,148194,180497
150,1536,1536.000,5676,26299,38807,49828,67563,85844,105979,166847,214697
151,1556,1556.000,4444,24041,38400,47191,65831,82483,99038,152467,167852
152,1702,1702.000,5170,22224,35288,43969,61120,76748,89682,139072,159347
153,1744,1744.000,5403,21561,31165,43158,60635,76240,86323,145275,159568
154,1734,1734.000,4525,21870,35696,43008,58561,74153,90774,136047,348210
155,1596,1596.000,4697,20795,33331,47362,57583,75711,139879,241447,298062
156,1511,1511.000,4592,20871,37794,48850,60411,79650,166705,231001,296023
157,1437,1437.000,4180,21021,36146,53149,64687,83041,233265,278221,348131
158,1694,1694.000,4580,22383,34413,43928,61678,77076,91191,138670,160895
159,1726,1726.000,4276,22980,39391,43676,58856,74739,86863,134692,166080
160,1723,1723.000,4156,23128,36855,43448,60027,74045,85016,136803,158347
161,1794,1794.000,4237,21802,34561,42192,59344,73064,84683,136072,167405
162,1607,1607.000,4525,23365,39388,46158,64237,80982,90270,148471,177152
163,1369,1369.000,5037,22741,38256,54869,68299,90747,215470,244405,320120
164,1537,1537.000,4388,20357,35673,48734,58842,77020,198638,252088,321043
165,1553,1553.000,4629,19762,34009,48066,58685,77863,146164,241258,322127
166,1778,1778.000,5024,21673,33880,42320,59729,73375,86691,147399,185975
167,1697,1697.000,4876,22395,36325,43887,60865,75957,92300,142075,161487
168,1755,1755.000,4104,22226,35005,42726,59522,73440,83295,143883,172658
169,1720,1720.000,4808,22809,33953,43687,59992,75520,89786,138121,156544
170,1679,1679.000,4566,22182,33350,45175,64013,80826,93622,158310,178107
171,1377,1377.000,5551,22251,40517,53739,69525,96094,185035,233922,277021
172,1468,1468.000,4628,21617,36542,51486,63921,87006,193240,247718,326691
173,1419,1419.000,4850,21003,37896,52910,66068,86688,204328,244736,327106
174,1624,1624.000,4836,23705,40547,46272,63817,79926,92368,151673,169703
175,1547,1547.000,4378,24775,38975,48723,68790,84237,95538,158509,191922
176,1619,1619.000,5005,24135,41288,45998,64158,78224,86421,143883,171123
177,1579,1579.000,4634,23532,40035,47244,65949,81716,93408,151800,174187
178,1699,1699.000,4285,22898,33883,44529,62510,78458,88824,147201,177808
179,1749,1749.000,3973,21484,32773,42995,59245,76629,95620,150666,182960
180,1305,1305.000,5243,22074,40225,55768,69603,91967,211515,261243,332255
181,1419,1419.000,4772,21112,36796,53193,66434,85027,206974,255930,346556
182,1593,1593.000,5785,23000,39648,47581,67922,84678,97368,155169,174880
183,1548,1548.000,4978,24439,33894,48806,68495,85532,101791,161638,186801
184,1590,1590.000,4298,23087,35322,46838,67248,82491,93889,159774,180344
185,1592,1592.000,4584,23667,36847,47518,66565,83948,97937,159774,180924
186,1603,1603.000,5701,22696,41041,46619,65775,81658,89733,153271,173695
187,1587,1587.000,5196,23256,37046,47609,66959,85000,102736,155748,182967
188,1679,1679.000,5099,21693,32218,44926,64835,80909,90513,158402,329068
189,1482,1482.000,4637,20509,38316,49728,63007,78580,135926,248529,284979
190,1673,1673.000,3988,23119,36040,44837,62870,79131,91559,142980,173254
191,1646,1646.000,4528,23153,36019,45531,64645,79770,89309,150548,168589
192,1614,1614.000,5373,22931,34717,46490,65596,83013,95704,158399,182742
193,1590,1590.000,4900,23425,35006,47055,67039,83490,101028,158341,184636
194,1667,1667.000,4857,22584,40470,45074,62774,76559,88884,143044,159694
195,1663,1663.000,4525,22080,33351,44680,63378,80418,92777,150862,171858
196,1414,1414.000,5079,21400,33190,53859,65072,95575,209642,264323,336446
197,1661,1661.000,4624,22089,32521,45344,64741,80446,92714,155083,168813
198,1627,1627.000,4768,23080,37805,45910,64314,80498,91773,151085,196056
199,1698,1698.000,4514,22944,33503,43830,61831,78220,86413,149493,169333
200,1550,1550.000,5758,23246,36865,48412,68692,87142,102595,162083,199576
201,1757,1757.000,4699,21494,33094,42742,60293,74825,81795,141906,269429
202,1587,1587.000,4146,22963,36632,47197,67684,83741,94986,159675,187924
203,1534,1534.000,5505,23059,31155,49143,70323,87694,104421,170679,190953
204,1830,1830.000,4510,19651,28643,40489,58005,73373,82367,139308,163485
205,1650,1650.000,4973,20903,32809,45551,64487,85549,99663,168338,263403
206,1609,1609.000,5323,23643,32108,47088,67708,84709,99237,159780,177550
207,1647,1647.000,3820,22294,34922,45517,63203,81570,98555,160251,181569
208,1503,1503.000,5828,23586,43141,49403,69747,86016,100760,155952,179226
209,1580,1580.000,5218,22590,38301,47905,67814,85667,100405,160341,206808
210,1553,1553.000,5556,23078,33001,48027,69559,86106,97438,165593,194539
211,1506,1506.000,5921,22611,42759,49751,70190,88253,107874,172526,195910
212,1518,1518.000,5729,22695,30937,49669,70887,91496,138644,184431,208025
213,1612,1612.000,4770,20755,28930,46562,68077,86641,95731,163955,178746
214,1476,1476.000,6403,24991,38149,50476,70769,89792,101078,171022,195381
215,1544,1544.000,4861,23913,37555,49026,69251,87456,99446,163482,199870
216,1624,1624.000,4020,23275,35058,45643,64020,79619,95597,152519,190317
217,1697,1697.000,4439,21824,36598,44013,61438,76425,90984,144993,242933
218,1669,1669.000,5447,22030,37855,45271,65614,79586,91800,151558,176360
219,1696,1696.000,4845,22890,35566,43850,61304,76050,86844,139337,156023
220,1472,1472.000,4805,21343,36691,51313,61543,82348,210656,260142,328011
221,1916,1916.000,3992,19194,28703,39067,55941,69739,80773,135435,164649
222,1639,1639.000,4790,22781,37342,45763,64143,79986,91645,155657,175357
223,1601,1601.000,5349,23744,40525,46981,67282,82671,91783,153759,179333
224,1728,1728.000,4786,20773,35258,43185,60325,76392,109286,138342,160274
225,1804,1804.000,4933,21083,34690,41459,58360,72847,80873,133242,272670
226,1800,1800.000,4401,20861,33159,41420,58384,74015,85473,137381,156749
227,1875,1875.000,3987,20028,29866,40483,55512,71165,87713,141428,167359
228,1550,1550.000,4257,19845,31285,47830,60268,79258,148552,219990,307782
229,1785,1785.000,4534,21470,35708,42561,59335,74213,85476,141157,161868
230,1700,1700.000,3941,22592,34597,43987,61037,77088,91147,142738,168192
231,1760,1760.000,4016,21379,31895,41998,58919,74330,85066,138526,155225
232,1725,1725.000,4591,22432,36956,44257,61085,76599,90344,145768,174239
233,1649,1649.000,5603,21758,35470,45345,63857,81950,89283,155034,175657
234,1598,1598.000,4828,21998,38962,46133,65266,82248,98120,150378,173141
235,1722,1722.000,4879,20813,38315,51632,63471,82128,145611,270739,361647
236,1505,1505.000,4900,19930,34517,41244,58238,72777,84577,133620,244158
237,1612,1612.000,4960,24246,38043,46443,64377,79397,93148,148299,284559
238,1675,1675.000,5403,22072,32205,44537,63377,78537,93453,152711,174860
239,1595,1595.000,5005,22942,37198,47568,66083,85707,103994,157675,212564
240,1473,1473.000,5733,24055,38074,50815,72767,91340,102941,178155,199911
241,1523,1523.000,5641,22797,42152,49179,69666,88423,106034,173443,202087
242,1624,1624.000,5157,22209,34383,45895,65713,81314,94442,151744,189986
243,1755,1755.000,4841,20272,28730,42842,61866,75488,90436,144929,176324
244,1834,1834.000,4580,19597,28913,40669,58117,71923,83507,140711,157749
245,1776,1776.000,4202,22587,35637,42158,58568,72019,81097,135837,155589
246,1802,1802.000,4082,22064,30697,41625,58751,71554,85836,134761,149500
247,1842,1842.000,4306,20584,29523,40609,56841,71357,80587,135138,154861
248,1740,1740.000,4465,22155,33796,43341,59882,74603,90700,139130,157598
249,1933,1933.000,4085,19633,27448,38938,55406,69309,80562,132995,158056
250,1831,1831.000,3717,19997,29382,40319,56247,71184,85946,137783,170693
251,1482,1482.000,4592,20083,30036,51000,55602,75377,262432,314308,396355
252,1333,1333.000,4050,20581,34025,56255,61021,86514,297215,339058,389196
253,1650,1650.000,4475,23095,39525,45346,63448,79009,89370,144670,158320
254,1805,1805.000,4383,21608,32641,41573,57264,72469,83437,133631,166024
255,1882,1882.000,4701,21089,30851,39918,56163,69569,77699,134271,150227
256,1793,1793.000,4008,21618,32997,41927,59900,73483,82892,138530,165124
257,1727,1727.000,5104,21583,30692,43245,61401,75360,86223,140783,171644
258,1688,1688.000,4518,22041,36224,45031,63018,80062,91714,156955,176175
259,1437,1437.000,4631,21637,38611,51704,63531,82334,207251,251242,323533
260,1559,1559.000,5169,23687,33454,48304,69644,84627,97826,161475,191111
261,1611,1611.000,5124,24080,37382,46337,66882,80508,89791,152344,182820
262,1694,1694.000,4499,22930,36114,44195,62173,77392,89245,149064,165947
263,1497,1497.000,5156,25650,44442,50706,69869,87847,98928,167208,185847
264,1807,1807.000,4042,21629,33055,40784,57131,71095,81812,130988,164501
265,1789,1789.000,4983,21356,30700,42706,60937,75554,84329,141766,158631
266,1842,1842.000,4670,20362,32975,40229,56447,69741,81572,129305,145118
267,1561,1561.000,3773,20842,34629,47587,55180,74489,137985,252429,312770
268,1745,1745.000,4643,22907,35398,43349,60496,76173,83893,136241,166316
269,1574,1574.000,4673,23871,40158,47365,63114,83766,105742,163326,202957
270,1700,1700.000,4279,21723,34496,45529,61818,77965,125500,159389,234595
271,1026,1026.000,4199,29278,51266,71511,92713,163415,189645,240747,294279
272,1151,1151.000,5056,28809,47496,65177,83433,147131,174147,217322,369780
273,1033,1033.000,5308,28273,51692,75403,111784,171299,205506,252387,317616
274,837,837.000,6510,38941,80527,93477,127509,173995,201304,587900,638768
275,521,521.000,5317,45905,118389,137973,161852,279755,449149,561486,584878
276,678,678.000,7263,51491,101742,111143,161067,206562,232152,273721,315482
277,869,869.000,5079,34654,63405,84362,118687,190147,215102,249810,284436
278,932,932.000,5798,30436,54149,79403,118807,177662,207695,250735,311022
279,1470,1470.000,4836,27353,40842,50391,69567,87738,101366,157966,199937
280,1571,1571.000,4391,25590,37872,47794,67903,84291,94072,165421,185356
281,1435,1435.000,4982,25449,41712,52386,72991,90628,135452,179543,191199
282,1516,1516.000,5299,24731,40060,48909,66439,86599,103618,166483,204490
283,1737,1737.000,4746,20782,34463,43019,60820,75021,85774,144209,193811
284,1502,1502.000,4758,18800,32567,49764,55964,74431,150161,303246,386909
285,1743,1743.000,4489,22957,37233,43267,59406,74341,83331,138981,162792
286,1680,1680.000,5053,23187,35218,44522,62163,77255,86971,148370,170624
287,1670,1670.000,5093,22328,36609,45563,63558,78552,93499,149780,168183
288,1668,1668.000,4476,22998,35340,44533,62324,76826,90905,144446,161010
289,1785,1785.000,4465,21285,34815,41771,59975,72740,80549,131973,150420
290,1804,1804.000,5254,20963,33490,42082,58420,72837,86698,140279,165787
291,1816,1816.000,4112,20352,34028,40714,56884,71745,80702,133035,369632
292,1568,1568.000,4451,19175,26432,47689,55714,75405,141444,283499,356349
293,1695,1695.000,4370,24093,37474,44492,61691,75610,83607,140754,173911
294,1774,1774.000,4079,23059,35724,42309,58240,71095,82338,136930,159991
295,1771,1771.000,4880,21500,32753,41981,59151,73503,85127,148335,162944
296,1786,1786.000,4677,20515,29578,42163,58849,75734,85988,147758,173343
297,1747,1747.000,4647,20694,28782,43125,61475,78177,91433,155163,222421
298,1738,1738.000,5268,21006,34457,43539,62550,75897,86813,145093,163758
299,1769,1769.000,4396,20555,32297,42244,60085,75177,88395,143712,259274
300,1825,1825.000,4761,19951,29375,40845,60310,74440,82511,141380,167706
301,1732,1732.000,4872,22923,35452,43870,60680,74614,87471,136675,160190
302,1732,1732.000,4170,22458,37008,42802,58723,72868,82368,130312,147501
303,1725,1725.000,4944,21873,33627,43237,61010,75465,88667,143096,160161
304,1766,1766.000,4465,21888,35419,42716,59609,73246,86373,134976,152269
305,1822,1822.000,4221,20739,35323,41208,58174,71260,80435,135800,259377
306,1725,1725.000,5306,21034,34348,43568,62404,77882,88491,151480,169867
307,1267,1267.000,5101,21822,39204,59434,67776,90369,280338,350143,432483
308,1683,1683.000,5110,20344,36290,44015,63362,77748,90641,153922,189318
309,1740,1740.000,4432,23079,36423,43234,59729,73791,87309,136913,159465
310,1882,1882.000,4566,21092,32148,39766,55971,67888,75914,128806,146597
311,1856,1856.000,4687,20812,30867,40120,56498,69615,78995,132546,154068
312,1716,1716.000,4099,22072,34813,44032,61425,76922,92119,151848,191498
313,1774,1774.000,4501,20825,33929,42131,58128,74306,88433,144064,155015
314,1962,1962.000,4530,19462,28217,38491,54043,66894,77763,129660,147349
315,1568,1568.000,4449,19072,28465,47325,54661,72202,138182,273832,343225
316,1904,1904.000,3854,19988,29700,39351,55287,69292,78886,131652,151476
317,1795,1795.000,3932,21227,34081,41947,59025,72900,82254,138365,165099
318,1818,1818.000,4615,20409,36150,41072,57527,71623,81958,133671,168754
319,1827,1827.000,4125,21376,33436,41175,57471,71753,81941,139562,154132
320,1835,1835.000,4412,20714,30311,40867,57120,71725,83055,137576,168120
321,1904,1904.000,3690,19472,31234,39410,55344,69345,79252,129847,150735
322,1525,1525.000,3905,19800,30588,49303,57087,77262,155071,279995,354046
323,1813,1813.000,4932,18969,32104,41066,58395,74687,87724,143237,187484
324,1773,1773.000,4153,21477,36486,42669,59593,74083,85998,137355,152307
325,1563,1563.000,5043,23591,40344,48240,67325,84139,112727,167850,190349
326,1552,1552.000,5549,22598,37025,48074,68751,86428,105959,160972,182552
327,1611,1611.000,3965,22331,36566,46662,66388,81652,95469,156086,176413
328,1763,1763.000,4762,21435,33069,42078,59779,74354,82851,137800,162499
329,1713,1713.000,4918,22156,33338,44149,62280,77346,93724,154116,174538
330,1625,1625.000,4587,22264,31402,45885,66519,82663,92927,156774,173864
331,1746,1746.000,4578,21217,36944,43087,61842,76116,84972,142455,167483
332,1673,1673.000,4119,24358,36826,44601,62266,75236,86275,137245,157641
333,1693,1693.000,5159,23513,36410,44777,61875,77667,87369,141085,164014
334,1770,1770.000,4500,21115,33415,42288,58978,72424,85125,144511,169732
335,1696,1696.000,4752,22123,37989,44204,62099,76792,85566,144650,274461
336,1750,1750.000,4819,21289,35610,42755,58989,74427,91069,140567,170237
337,1823,1823.000,3964,20647,28287,41007,58912,73187,85385,141276,158917
338,1383,1383.000,4246,19801,34817,54727,60767,86204,277171,335146,393785
339,1741,1741.000,4609,19955,34423,42212,59603,74680,85541,145279,170368
340,1692,1692.000,4259,23912,38160,44754,61340,75820,87952,143496,168682
341,1719,1719.000,4657,23894,33906,43621,61201,75468,84836,143050,172430
342,1725,1725.000,4452,22274,34349,43504,60051,76395,88040,144647,176865
343,1685,1685.000,4172,21672,36013,44823,63990,78172,91446,154632,289236
344,1789,1789.000,3921,20526,35921,41561,59404,72728,84603,134483,166099
345,1875,1875.000,4000,20406,32760,39819,56133,69160,77538,130509,152893
346,1634,1634.000,4127,18412,24596,46024,53550,71891,133674,285425,348400
347,1829,1829.000,4693,21141,35267,40758,56008,69618,79835,129526,148779
348,1978,1978.000,3919,21337,32031,38311,53384,65614,72775,117810,137023
349,1887,1887.000,4320,21550,32513,39582,55859,67365,75307,125476,151970
350,1940,1940.000,4049,20184,29415,38579,53680,67350,76550,126994,141027
351,1888,1888.000,4575,20125,30268,39768,55417,68560,83762,129773,153003
352,1794,1794.000,4645,20884,35307,41680,57852,71502,83888,141105,168245
353,1504,1504.000,4207,19809,34247,49100,57618,74837,152848,264713,347888
354,1954,1954.000,4140,19534,33920,39189,54664,67435,79190,123708,148071
355,1796,1796.000,4298,21136,31131,41626,58101,73313,84953,139005,159799
356,1833,1833.000,4037,21162,34542,41234,58270,71278,80460,137632,166500
357,1789,1789.000,3296,20175,29108,41779,59323,74301,89438,141267,168690
358,1873,1873.000,4377,19656,30677,39780,57237,70843,79452,131456,148061
359,1813,1813.000,3923,20580,31162,41424,57462,75585,90882,146047,185091
360,1963,1963.000,4589,19245,25732,38509,55124,69035,80165,131656,152260
361,1980,1980.000,4490,18233,25549,37385,53704,67427,76747,131971,162387
362,1760,1760.000,4434,22865,36914,42861,58981,73224,85542,134583,154913
363,1836,1836.000,4423,20730,35029,40760,56367,70791,81686,132116,156311
364,1852,1852.000,4396,20735,32422,40394,56302,69508,77918,133317,157388
365,1910,1910.000,3563,20494,33906,39305,54502,66755,76599,124923,148593
366,1878,1878.000,4583,20506,30624,40011,56763,69666,79092,131968,148553
367,1835,1835.000,4625,20861,36510,40767,56823,70396,79628,129226,158193
368,1455,1455.000,4258,19612,34519,51708,56286,75031,278942,315840,379975
369,1993,1993.000,4060,18282,29883,37524,52686,65972,75030,123725,139853
370,1824,1824.000,3766,22280,34987,41517,56650,69961,79952,124634,141497
371,1916,1916.000,4072,20662,31101,38718,53047,65621,76872,123964,144291
372,1884,1884.000,4451,20547,33862,40054,56657,68937,77459,130919,146297
373,1847,1847.000,4654,21343,30666,40735,56499,71504,79547,135233,168231
374,1821,1821.000,3931,20817,33963,41200,58046,70507,80641,136439,152591
375,1893,1893.000,4396,20502,26885,39333,55211,70343,78877,139747,153164
376,1469,1469.000,4254,19987,35898,50653,59058,78662,226802,265634,320560
377,1752,1752.000,4463,22283,34289,43370,59909,76754,91437,143249,167919
378,1722,1722.000,4966,22456,32865,43379,60354,76024,86088,143020,169613
379,1780,1780.000,4547,21046,33658,41765,57910,72069,82977,142368,152060
380,1847,1847.000,4287,21260,31345,41174,57055,71869,83459,139774,157064
381,1834,1834.000,4355,20746,34032,40094,56527,68869,77930,129190,148757
382,1890,1890.000,4298,20281,32717,39933,55486,69484,80493,132726,148886
383,1478,1478.000,4207,19272,34318,51215,56822,76765,260066,315854,381717
384,1940,1940.000,4358,18290,30260,38357,53494,67209,82886,128044,152341
385,1818,1818.000,4649,22447,33353,41317,57374,71335,80479,132183,165800
386,1770,1770.000,4719,21626,36282,42636,59478,73374,85011,142608,172041
387,1764,1764.000,4665,22032,33836,42197,58168,73362,84450,139034,166478
388,1975,1975.000,4619,19943,28800,37897,53754,66103,72340,122528,146503
389,1862,1862.000,4281,20065,31280,40187,55144,72613,85897,141852,164197
390,1711,1711.000,5477,22011,32082,44412,62252,78008,94228,148958,175080
391,1572,1572.000,4548,19914,30575,47288,57054,78283,156320,244701,317854
392,1365,1365.000,4489,24940,40393,55424,71288,125903,143550,201886,274433
393,1237,1237.000,5249,27105,42100,61075,77284,143525,163663,214184,252535
394,1139,1139.000,4559,26738,48245,67410,88363,153680,195908,245149,274492
395,1067,1067.000,5238,27773,48667,68062,85627,156474,193419,237592,285219
396,1136,1136.000,4736,27657,49552,66026,84248,146921,178933,242391,292363
397,1554,1554.000,4659,22455,37670,48294,65771,86182,131285,171349,236811
398,1391,1391.000,4919,21821,36166,54688,62971,88664,241480,302632,355150
399,1458,1458.000,4404,19817,32201,50211,54113,72886,268304,314294,361988
400,1781,1781.000,3495,20781,35417,42160,58672,73282,90010,131101,152599
401,1752,1752.000,3980,21879,35546,42875,59956,73756,87525,140995,168761
402,1818,1818.000,4062,21175,33765,40988,57047,69995,85072,131973,164756
403,1801,1801.000,3727,21476,31727,44389,58203,75695,122102,195456,320032
404,1378,1378.000,4576,24345,38511,52512,65563,114606,143832,203085,274215
405,1253,1253.000,4265,22495,37010,61502,65315,143841,260414,303349,364906
406,1474,1474.000,4011,20188,29519,50541,58081,79817,237198,291663,362047
407,1515,1515.000,4611,20905,32672,52401,59886,81475,155105,297555,373818
408,1624,1624.000,4883,21701,34555,41671,57777,70612,81551,132810,151285
409,1706,1706.000,3678,23983,35394,43400,59422,73958,87922,134137,150380
410,1807,1807.000,3897,21754,31747,41518,59087,72362,81861,133759,151871
411,1832,1832.000,3849,21394,32951,40928,57413,70911,80448,132633,162474
412,1788,1788.000,4447,20941,32382,41796,57724,73546,88184,138210,156708
413,1993,1993.000,4189,19371,27743,38712,53710,67997,77175,132090,322485
414,1565,1565.000,4804,20617,34936,52536,59036,112181,206135,235984,284145
415,1524,1524.000,4399,20635,33017,47398,59445,78045,130660,263024,335222
416,1545,1545.000,4250,20815,29806,44557,58211,73445,120869,221033,247403
417,1722,1722.000,4449,22626,33335,43389,59557,75789,86982,142781,281554
418,1668,1668.000,5207,23017,38219,45318,63918,78381,88490,150197,166279
419,1683,1683.000,4584,22352,38714,44655,60449,76620,106141,143876,177324
420,1679,1679.000,4975,23292,38351,44462,61759,75536,89473,139655,176957
421,1786,1786.000,4096,21509,32835,41683,59040,73053,83111,141185,165310
422,1778,1778.000,4560,21771,37077,42384,59688,73075,82441,136562,157935
423,1449,1449.000,4154,21590,36174,51719,61109,85305,203301,253636,309368
424,1828,1828.000,4302,21461,31244,40899,57004,71627,83774,134795,160251
425,1807,1807.000,4352,21410,31626,41260,57484,72204,82796,134339,163991
426,1701,1701.000,4609,21774,37582,44190,61495,76307,90118,150972,176357
427,1742,1742.000,4702,21772,35222,43707,61749,76219,88264,144819,170785
428,1696,1696.000,4964,21497,34347,43818,62241,77080,88614,145704,168146
429,1750,1750.000,4516,22074,36443,42914,59863,73149,86293,134802,162856
430,1781,1781.000,4951,20591,36244,42163,59110,73389,88600,138855,171951
431,1965,1965.000,4161,18388,27788,37872,53295,67170,76686,132712,159410
432,1803,1803.000,4177,22179,32828,41378,58455,70973,79681,132032,154000
433,1746,1746.000,4438,22636,38670,43440,59453,72101,83934,135620,158284
434,1824,1824.000,3992,21883,34231,40841,57677,70971,78911,128338,160946
435,1729,1729.000,4243,22536,37695,43766,60272,74625,94651,133282,149431
436,1692,1692.000,4240,22658,36331,44192,62067,76302,89873,139582,161289
437,1677,1677.000,4404,21792,38008,45241,63944,80515,96122,152032,176477
438,1737,1737.000,4495,20880,34278,42680,60298,75119,98260,141258,160257
439,1502,1502.000,4491,20969,35696,49763,60811,87485,152726,237091,322913
440,1689,1689.000,4067,23006,37911,44246,60896,77159,90477,135893,274974
441,1720,1720.000,4278,23192,37425,43763,60735,73111,82596,138738,154503
442,1659,1659.000,5504,22579,38490,45428,62648,77258,98203,145040,161603
443,1704,1704.000,4648,22738,35808,43860,61861,75841,84541,139989,168974
444,1840,1840.000,4471,21861,32138,40578,56908,71316,80804,128035,261238
445,1619,1619.000,4213,23344,38079,46417,63734,80346,100789,152331,181740
446,1818,1818.000,4999,20416,27912,41149,57818,73790,86676,138968,342092
447,1494,1494.000,3997,20620,35427,50555,62717,86658,197684,244598,334366
448,1749,1749.000,4211,21131,33574,42711,61311,75913,88655,140958,170859
449,1612,1612.000,4405,24334,36621,46231,63355,82114,98076,147259,218053
450,1661,1661.000,5122,24083,32874,45714,63091,80522,92351,151724,171117
451,1641,1641.000,4054,23215,40439,45544,62658,77267,90279,144514,170812
452,1595,1595.000,4260,24747,41307,47570,65841,80313,99746,146549,169870
453,1611,1611.000,4628,24179,39417,45823,63196,78009,89494,141160,170604
454,1716,1716.000,4765,21980,35284,43248,60116,73801,89731,141748,164645
455,1760,1760.000,3839,22244,39741,45096,59615,73004,97318,238954,322754
456,1619,1619.000,4435,19235,29571,44022,57261,74037,121629,215590,232694
457,1776,1776.000,4368,22873,33391,42345,59718,73679,84682,140757,163072
458,1746,1746.000,4567,22290,32484,43018,60565,74365,85434,140510,169918
459,1687,1687.000,4645,23176,35972,44406,61482,77103,94464,141209,171134
460,1648,1648.000,4596,23373,36249,45288,64089,78847,91368,144455,165993
461,1663,1663.000,4517,24553,38252,45611,62998,77884,88615,140977,158712
462,1591,1591.000,4354,25440,39965,46575,62760,79438,105028,144607,155548
463,1693,1693.000,4368,21785,34841,44290,61447,79701,99207,142522,188791
464,1469,1469.000,4373,20062,35871,51149,61133,82805,223171,271656,366508
465,1868,1868.000,3935,20479,32528,40086,55635,70530,80714,131378,152172
466,1730,1730.000,4586,22997,38022,43738,59751,74266,85853,137375,168511
467,1766,1766.000,4714,22484,35221,42085,58540,72534,80291,134220,150970
468,1810,1810.000,3830,21348,34750,41568,57644,71976,87848,132060,150540
469,1792,1792.000,4033,23058,37456,41751,58254,69581,77092,125131,153064
470,1871,1871.000,4021,20821,31366,40004,55867,69844,80203,130688,148441
471,1667,1667.000,4520,23548,38998,44893,61051,77408,88908,145040,177145
472,1305,1305.000,4963,22530,39451,57698,67717,89973,260513,308151,381129
473,1220,1220.000,5203,25089,40736,61677,68412,93952,292252,336284,409347
474,1629,1629.000,4364,25235,38731,45679,62298,78293,89714,143200,185617
475,1593,1593.000,4390,25772,37264,48255,66867,83996,96618,164162,186644
476,1603,1603.000,4700,23416,34565,46030,64864,82064,91202,151769,172071
477,1570,1570.000,4292,23466,37862,47511,67248,86874,98741,157498,186984
478,1636,1636.000,5187,22919,37895,45965,64577,80019,90373,155166,193027
479,1503,1503.000,5187,23838,37945,49764,71793,88951,107304,170570,195536
480,1461,1461.000,4968,24449,43089,51171,71842,90594,105020,170259,190974
481,1256,1256.000,5191,23015,42608,60264,70054,104294,245707,302354,399420
482,1565,1565.000,4810,22605,40043,48014,67802,87430,98906,168623,354114
483,1356,1356.000,5675,29147,45128,55152,76051,95177,108419,181140,215307
484,1492,1492.000,5265,25606,43476,49974,68909,85671,105556,160624,201877
485,1652,1652.000,4562,23990,37878,45371,62093,77679,90463,147927,171278
486,1667,1667.000,5020,22625,36991,45250,62130,79311,96694,151545,238805
487,1634,1634.000,4464,23756,34846,45831,64644,79773,90424,153788,180425
488,1686,1686.000,4653,22796,33132,44189,62096,77423,90225,149861,186240
489,1769,1769.000,4542,21437,34354,42325,59648,74124,84350,139238,167090
490,1441,1441.000,3770,21387,38210,51944,61543,84819,209035,261289,300847
491,1769,1769.000,4433,21423,34004,42489,58307,73720,101499,139545,157940
492,1687,1687.000,4904,23398,36760,44520,61534,75404,96139,141824,234762
493,1789,1789.000,4382,20707,35495,41678,58598,72029,84116,138859,159148
494,1807,1807.000,3680,21401,38531,41863,57950,70126,83260,129349,147300
495,1840,1840.000,3879,20947,33444,40589,57428,70109,80439,131506,154736
496,1796,1796.000,4218,21698,33095,41716,58554,72350,81729,138107,166653
497,1752,1752.000,3926,21854,33651,43056,61075,75413,85452,143098,178008
498,1459,1459.000,4031,20802,38185,50687,59827,81001,206571,268326,323263
499,1783,1783.000,4439,21439,36051,42458,59818,73132,85412,137627,178991
500,1771,1771.000,4068,23167,34988,42131,58441,71240,82583,131676,165939
501,1812,1812.000,4063,21602,33360,41678,58579,71918,83672,134125,165580
502,1801,1801.000,3954,22919,35008,41759,57322,70671,80686,133953,149057
503,1643,1643.000,4275,23614,37025,45584,62992,77180,95941,140619,191591
504,1756,1756.000,4554,22153,33996,42579,58909,74680,86206,138329,162723
505,1689,1689.000,4440,23273,36871,44334,61365,76463,90488,146156,168411
506,1503,1503.000,3897,20157,34570,50130,58472,79982,161378,260938,336715
507,1810,1810.000,4583,20054,36618,41356,57239,70988,87243,137385,295278
508,1792,1792.000,3838,22493,35462,41898,57373,71920,81392,132745,148192
509,1618,1618.000,4897,24132,39452,46235,61732,79749,105313,157338,370480
510,1638,1638.000,4786,23371,37612,46228,63805,80495,94138,151605,172188
511,1729,1729.000,4403,22144,36478,42557,58582,72687,83727,134664,154075
512,1760,1760.000,4350,22270,34856,43138,60497,75690,85348,140696,159979
513,1686,1686.000,4349,21673,34872,43900,60874,75965,90328,144156,163466
514,1777,1777.000,4310,20155,34253,48315,59384,79555,139618,231167,367023
515,1637,1637.000,4270,19790,31830,39575,56070,70201,80785,134549,164944
516,1696,1696.000,4498,24394,39265,43964,60332,74486,84596,134974,164519
517,1659,1659.000,4461,23890,39989,45104,60941,77207,106480,145153,169909
518,1390,1390.000,4487,22916,41090,55510,70625,123449,157952,213021,306124
519,1116,1116.000,4143,29001,46546,66854,85711,156682,181387,234484,266992
520,1063,1063.000,5298,33721,52531,73264,90221,161105,201970,261209,312221
521,718,718.000,4918,40381,71793,104088,154054,225320,274279,351570,572003
522,661,661.000,6558,41399,83752,112959,168150,249861,288954,357708,403522
523,530,530.000,6661,44063,98095,145480,224979,324714,366029,496350,621614
524,731,731.000,5530,33567,64086,98774,135194,230315,279408,365757,511881
525,1239,1239.000,5013,29241,48474,58400,76912,108288,134647,180944,291951
526,1629,1629.000,4825,24004,37719,45767,63258,78432,88807,153882,270651
527,1692,1692.000,4351,22985,38331,44231,61998,76029,85346,141346,169316
528,1809,1809.000,3951,21844,35399,41831,58440,72124,83813,134496,166300
529,1809,1809.000,4451,21537,31100,41144,57290,71243,81112,134129,162368
530,1851,1851.000,4806,20875,28902,40506,56521,70828,82850,138309,159781
531,1608,1608.000,4674,21253,33276,48549,58412,78829,142059,248912,455466
532,1683,1683.000,4887,21060,33713,42612,59777,74519,86499,144210,161338
533,1727,1727.000,4139,23142,36680,43770,60849,74291,83363,136838,160201
534,1734,1734.000,4189,24274,38298,43618,58599,72900,89058,131458,154004
535,1720,1720.000,3302,22798,38191,43006,58704,74377,85836,133806,153850
536,1779,1779.000,4302,22271,37209,42589,57132,73055,86975,131343,155924
537,1745,1745.000,3906,22365,36785,42917,60200,73465,83551,137884,190182
538,1813,1813.000,4289,20723,30591,41202,57457,72204,84194,140255,166360
539,1694,1694.000,4726,21977,33152,44609,61020,79994,104081,150196,209915
540,1451,1451.000,4424,20704,37555,50827,62828,81415,210271,250528,332551
541,1755,1755.000,3737,21989,35677,43060,60578,74786,90574,138357,162413
542,1709,1709.000,4238,22820,35812,43518,60116,75808,88532,144255,173764
543,1701,1701.000,4199,22185,35482,44368,62553,75986,89308,148288,280768
544,1803,1803.000,4042,21485,34670,41606,58303,72745,82691,133939,160140
545,1892,1892.000,4669,20913,34036,39527,55183,67856,75901,127562,142721
546,1783,1783.000,4710,20789,36155,42381,59618,73675,87982,141072,175257
547,1811,1811.000,4182,21748,33802,41366,57050,72232,81214,139390,166972
548,1519,1519.000,4343,20901,34991,49037,59686,80971,153103,245075,293865
549,1805,1805.000,3849,20999,33177,41644,57816,72889,87459,135106,160501
550,1782,1782.000,4352,22669,36491,41791,57805,71956,82458,128759,150982
551,1901,1901.000,3997,20809,33535,39899,54804,68062,82573,129572,161373
552,1795,1795.000,4176,20960,35595,41436,57461,71195,83916,133759,151312
553,1780,1780.000,4179,22544,37606,42359,58599,70525,82587,136875,263772
554,1942,1942.000,4102,19478,29359,38497,53192,67761,76752,126379,166605
555,1960,1960.000,4664,19015,28149,38843,53485,67940,78414,130470,340448
556,1537,1537.000,4333,20534,33658,47854,59407,77141,137303,240051,282361
557,1784,1784.000,4249,22566,34773,42223,58459,71968,84641,134359,154978
558,1814,1814.000,4182,21436,31609,41335,57756,72153,82591,134161,170148
559,1812,1812.000,4540,21692,34613,41171,56338,70595,84522,131577,154785
560,1865,1865.000,4441,20855,32445,40542,56814,69406,79892,131687,157884
561,1687,1687.000,4620,22995,37996,44220,60411,74820,91168,143346,163129
562,1806,1806.000,4172,20686,33028,41601,58332,73246,85619,135697,159406
563,1628,1628.000,4352,22942,39271,45542,62126,78348,95262,147829,297282
564,1516,1516.000,4134,19332,37021,50027,58653,83617,162723,260056,340188
565,1715,1715.000,4404,22310,38786,43844,59899,75154,93671,133627,159494
566,1786,1786.000,4345,21692,35266,41748,57251,72071,87963,133343,144926
567,1739,1739.000,4144,22944,34598,43060,58959,73549,85656,137153,187524
568,1751,1751.000,4547,22576,36743,43276,60473,73427,86830,136646,159482
569,1600,1600.000,4687,24244,38620,46123,62771,79056,100126,153456,191719
570,1666,1666.000,4337,22344,38443,45640,63625,79584,93142,145395,176547
571,1756,1756.000,4913,20925,31354,42757,60621,75677,88441,145703,179838
572,1473,1473.000,4607,20995,32099,50654,61895,81900,202432,261707,344331
573,1772,1772.000,4309,21381,34040,42093,58348,73100,84406,135248,163541
574,1676,1676.000,4194,23374,36042,44519,61150,76337,104181,141197,164401
575,1789,1789.000,4490,22400,33073,42145,58040,72806,87523,132144,149677
576,1820,1820.000,4813,20827,32680,41378,58921,72563,81801,137977,151740
577,1826,1826.000,4572,21586,32757,41185,57502,70684,81896,134085,171257
578,1859,1859.000,4697,20966,35322,40441,56544,69197,76281,133098,151487
579,1882,1882.000,4706,20213,29779,39621,55786,69687,79590,135521,329554
580,1528,1528.000,4116,19534,34748,48609,59359,78631,158181,252703,290173
581,1844,1844.000,3935,20195,35059,40766,56137,69794,82741,130252,147707
582,1736,1736.000,4542,22964,37168,43505,59945,74797,84322,136123,177160
583,1565,1565.000,4870,24054,36692,47716,66669,84502,98393,158349,189304
584,1620,1620.000,3703,25128,42525,46479,63299,78118,88861,140868,166095
585,1802,1802.000,4061,22305,34450,41483,58078,70698,78633,128174,157965
586,1860,1860.000,4282,20849,33217,40235,55985,69318,80334,132322,168665
587,1917,1917.000,3953,20003,30331,39606,55509,70016,82943,134116,157718
588,1512,1512.000,4506,20685,38355,48990,60738,79512,150507,226937,299874
589,1820,1820.000,4167,21290,34486,41298,57241,71521,83249,132127,159425
590,1714,1714.000,4400,23304,35113,43867,60849,75127,83374,141627,283321
591,1802,1802.000,4568,21594,36309,41738,57426,71633,88041,133610,159031
592,1796,1796.000,3505,21945,36085,41451,56110,70026,84602,130770,221227
593,1801,1801.000,4301,22934,36047,41841,57535,70610,81310,132122,156943
594,1863,1863.000,3885,21568,35257,40294,56091,67264,77782,127621,157517
595,1749,1749.000,4260,25278,37370,42733,57775,72055,82898,126131,142104
596,1421,1421.000,3908,22362,37166,52117,60791,80448,226513,268568,324774
597,1524,1524.000,4284,22013,34169,49753,57384,79097,162997,257147,321204
598,1719,1719.000,4029,23346,39794,43939,61179,74274,84993,132690,150754
599,1691,1691.000,4264,23078,37120,43770,60028,74159,96914,139850,267405
600,1982,1982.000,4491,20026,31123,38197,53148,66750,74025,124006,157347
601,1841,1841.000,3590,20818,34771,40566,56319,68744,80857,131353,154969
602,1861,1861.000,4092,20562,30865,40641,56866,70224,94588,133453,154670
603,1848,1848.000,4785,20917,31269,40358,56655,69249,79878,134392,161442
604,1468,1468.000,3810,21540,35768,51100,61803,90097,196098,239729,321227
605,1789,1789.000,4346,21263,34133,41695,57775,72448,85566,137927,157798
606,1727,1727.000,4503,23399,37881,43839,60114,75154,87785,142465,167745
607,1746,1746.000,4193,22924,35572,42804,59665,72693,80874,135820,152660
608,1795,1795.000,3888,20661,34762,41079,57341,70749,81918,136094,268880
609,1779,1779.000,3705,22009,35374,42521,59073,72284,89390,136509,158098
610,1725,1725.000,4649,23141,36440,43581,60787,76034,84247,135374,361178
611,1823,1823.000,3886,20899,35108,41354,57923,71983,83267,135211,156462
612,1557,1557.000,3782,19611,34985,47673,57369,78342,144655,244629,326953
613,1793,1793.000,4109,20673,33365,42613,59267,74171,89516,152290,194885
614,1753,1753.000,4177,22250,34964,42465,58873,72869,85568,138614,349720
615,1877,1877.000,3892,21480,31361,39738,55296,68453,76802,130310,159842
616,1753,1753.000,4440,22994,37192,42439,58646,70496,79068,132970,155094
617,1633,1633.000,4560,26103,41099,46468,61580,76784,98163,142943,338707
618,1822,1822.000,4299,22839,36076,40994,55416,69493,75334,122138,148366
619,1813,1813.000,4280,22891,37762,41450,55811,68409,80497,124780,151036
620,1778,1778.000,3753,22024,35903,47409,57800,74154,124953,232114,300118
621,1588,1588.000,4056,18651,31248,47417,55036,71520,131435,281929,355602
622,1628,1628.000,4413,20110,37287,39919,54511,68155,81101,121719,146767
623,1905,1905.000,4203,20154,33865,39159,54291,67377,77600,126724,149351
624,2021,2021.000,4020,19499,28116,37295,52740,65363,73974,121177,140997
625,1857,1857.000,4036,20558,33944,40513,56841,68786,81931,130075,146843
626,1924,1924.000,3812,19843,32388,39013,54994,67486,78482,125736,157716
627,1990,1990.000,3582,19223,31315,37743,53787,66057,73681,122906,259287
628,1539,1539.000,3596,20084,35394,48423,55889,74175,139685,263799,309918
629,1469,1469.000,4136,19081,34132,51205,58240,89420,246603,297515,372042
630,1693,1693.000,4010,23400,38051,44263,61342,74454,89492,136679,158052
631,1825,1825.000,3599,22591,32124,41194,56722,70036,80809,130129,151424
632,1766,1766.000,4225,21500,33460,42544,59544,74571,88987,140136,170350
633,1781,1781.000,3936,22053,33000,42323,58182,73367,87099,135821,156667
634,1369,1369.000,4507,28634,47210,54923,72753,98394,123334,187140,242680
635,1724,1724.000,4183,20937,32290,42885,60809,75737,97716,144887,176571
636,1738,1738.000,4372,21476,37280,44181,61530,75279,86361,144966,415903
637,1228,1228.000,4106,22588,39230,60031,66527,97795,295814,337544,355754
638,1507,1507.000,4854,25526,41374,49682,68013,85838,102559,162363,187702
639,1459,1459.000,4497,27823,43245,51278,68615,90289,110591,159356,223280
640,1357,1357.000,5741,27944,45881,56453,78994,101051,119016,182899,226633
641,1359,1359.000,4890,27154,40632,54755,76737,96567,113243,187450,220061
642,1278,1278.000,4279,29902,49385,57900,80749,101319,115130,177139,219023
643,1238,1238.000,5104,31286,50514,61075,83470,104756,123423,200855,239528
644,1338,1338.000,4720,25983,42673,56827,77594,102923,149765,201175,269513
645,1311,1311.000,5646,27115,48681,56441,78171,97545,116015,195968,222868
646,1681,1681.000,5248,21233,36964,44484,61024,79248,103479,148405,183746
647,1318,1318.000,4464,19744,33111,56101,57840,78027,330817,376981,453036
648,1922,1922.000,4433,19884,31703,39441,55047,68291,82745,129191,152113
649,1675,1675.000,4182,23898,39196,44621,61282,75182,86176,140007,183681
650,1820,1820.000,4272,21874,33478,41545,58054,72707,79758,136712,164517
651,1793,1793.000,4154,21182,36190,41359,58444,72325,83079,129219,163318
652,1844,1844.000,3822,22899,32858,40729,56022,69757,78378,126843,144268
653,1737,1737.000,3634,22401,34058,43107,59814,74563,88489,144827,198560
654,1837,1837.000,3938,20163,29622,40631,56600,72192,86509,137098,156238
655,1413,1413.000,4146,20109,30015,53546,58540,77482,301163,336769,410903
656,1705,1705.000,4230,21473,35613,44490,62649,77526,95308,156517,173452
657,1569,1569.000,4572,25791,40040,47325,64313,79593,92883,153391,176753
658,1691,1691.000,4446,23670,33421,44286,61264,76281,86945,143913,173434
659,1445,1445.000,4261,24477,41217,51822,70467,93384,129076,184526,258312
660,1512,1512.000,5053,25598,43811,49625,69117,85683,98570,161031,193041
661,1604,1604.000,4460,25753,38459,46792,64952,79782,91860,145438,178597
662,1697,1697.000,3952,22443,36995,44623,62464,77176,88182,154323,183324
663,1754,1754.000,4772,21315,30669,42373,59730,75518,85198,142682,165494
664,1349,1349.000,4594,20136,32100,55470,59982,93515,288556,319484,426635
665,1930,1930.000,4564,18856,30014,38694,54564,68394,79470,130827,147338
666,1685,1685.000,4644,25707,38159,44781,61834,75207,85236,141675,156638
667,1618,1618.000,4495,26846,37998,46193,63217,79603,90901,140561,155574
668,1528,1528.000,4526,27140,43134,48598,65161,80581,96038,143011,168408
669,1692,1692.000,4704,23512,38124,44852,62787,77368,88853,142255,165540
670,1672,1672.000,4319,24027,37715,44714,62606,75418,87229,139512,165101
671,1731,1731.000,4628,21763,34886,43199,60383,76039,87433,141396,172581
672,1756,1756.000,4824,20427,36012,43477,59794,76106,88578,150276,392914
673,1260,1260.000,4606,21206,40022,58424,66854,99086,279135,317842,325380
674,1205,1205.000,4626,23713,38323,62742,66565,96156,326653,378765,450769
675,1636,1636.000,4570,25889,40830,45450,60020,74704,87416,137992,157824
676,1602,1602.000,4166,25234,38931,46643,63680,77453,97247,149813,170844
677,1622,1622.000,4301,24177,41857,46969,65532,78776,91594,144195,186130
678,1710,1710.000,5134,22326,33799,43432,60899,74544,83484,146635,176186
679,1710,1710.000,3784,22863,35952,44056,61589,76546,88964,141912,175466
680,1668,1668.000,4773,22944,38697,45049,61887,76053,88874,150114,168542
681,1544,1544.000,4602,24424,41138,48262,66882,82715,95981,159705,174648
682,1176,1176.000,4427,24691,36894,64207,71487,99976,314980,360685,453746
683,1367,1367.000,4179,21286,33702,54438,59202,80453,289103,331465,404381
684,1707,1707.000,4206,23934,38179,43676,59493,74059,85245,134753,154994
685,1802,1802.000,4351,22212,35913,42263,58345,73264,85127,137038,170814
686,1701,1701.000,4691,23097,37836,43615,59848,74584,91596,132865,164098
687,1635,1635.000,4118,24203,39335,45800,62272,79267,102017,139339,184905
688,1755,1755.000,4029,22587,36200,42902,58825,74408,85130,140637,166888
689,1721,1721.000,4040,22028,37566,43717,60041,74936,92537,145380,182641
690,1684,1684.000,4430,22420,35828,44614,60327,76173,88502,151024,426323
691,1279,1279.000,4062,20826,36435,57719,63525,90576,299258,349670,384137
692,1093,1093.000,4019,23974,40789,69838,70562,170248,309425,348578,420161
693,1167,1167.000,4934,30149,46759,64211,81443,148324,172042,213500,264161
694,1152,1152.000,3943,29995,50165,67143,84330,151076,185733,227603,304131
695,971,971.000,4044,30602,56270,75992,100820,167763,202136,275842,348973
696,1547,1547.000,4520,25469,39825,47215,64638,81354,98639,149223,197529
697,1569,1569.000,4401,25661,40801,47688,64594,80870,94728,143218,169430
698,1695,1695.000,4661,24053,38569,44638,61430,75898,91116,136742,187152
699,1703,1703.000,4784,23247,39174,43585,59815,74025,82069,135923,169246
700,1331,1331.000,4212,21332,34981,56475,63406,87220,280937,323619,371360
701,1418,1418.000,3841,20040,36516,53446,57858,84801,275188,317709,378605
702,1708,1708.000,4634,22579,36799,43472,59557,73965,86673,139535,167183
703,1741,1741.000,4505,22682,37851,43374,61194,75391,86031,138442,172354
704,1657,1657.000,4483,24917,40326,45312,62071,74081,88014,137284,161597
705,1794,1794.000,4531,21872,33714,41920,58712,73086,83379,134705,160901
706,1726,1726.000,4255,23922,38247,42974,57596,73014,84465,134365,157208
707,1703,1703.000,3992,21939,35498,44006,61458,75468,88745,144462,169600
708,1760,1760.000,4161,21678,39104,46455,60128,73813,112747,245991,295007
709,1529,1529.000,4358,20856,36384,47408,58350,75548,126776,225305,409203
710,1333,1333.000,5062,21231,37545,53394,60741,82016,142608,320255,332581
711,1685,1685.000,4264,24492,37922,44358,61587,75299,85721,133917,157254
712,1749,1749.000,4210,21643,33238,42755,59524,74107,87617,146998,163671
713,1838,1838.000,3878,21922,32536,40735,57198,69522,77934,136715,175137
714,1841,1841.000,4731,21602,33955,41161,58423,70861,77855,133820,163280
715,1869,1869.000,4412,21334,29957,40019,56235,70801,78779,136975,161050
716,1836,1836.000,4110,21738,32274,41034,58329,71363,81236,135386,162284
717,1374,1374.000,4635,22683,36974,54006,63719,83982,232794,282330,349948
718,1811,1811.000,4159,20763,34868,41558,57701,72975,84309,136156,157249
719,1579,1579.000,4722,24978,40852,47466,63197,81250,109761,161791,194029
720,1722,1722.000,4591,22825,34957,43596,60073,74629,88386,142174,247152
721,1854,1854.000,3804,21615,33062,40297,56467,69218,77437,127870,153641
722,1751,1751.000,4295,22273,36784,43010,59033,73021,98059,136823,154254
723,1788,1788.000,4102,21945,36439,41926,57844,71723,84678,132178,165804
724,1758,1758.000,4430,20946,32203,42455,60575,74731,85547,140063,173781
725,1629,1629.000,4182,20288,34804,52956,57979,83595,136265,378066,488447
726,1689,1689.000,4794,18225,30287,37645,53561,66343,75207,131071,159334
727,1780,1780.000,3675,22892,37427,42581,57782,72270,82107,129038,173784
728,1819,1819.000,4045,22034,34918,41266,58414,70905,79377,131414,159596
729,1858,1858.000,4074,22607,33214,40235,56356,67301,77365,125122,167203
730,1799,1799.000,4232,21408,34028,41634,58203,72031,82180,134988,164606
731,1762,1762.000,4850,22795,35387,42763,57975,71441,84276,133652,161970
732,1711,1711.000,4470,21383,36371,43651,60578,76405,98569,145467,165156
733,1686,1686.000,4265,22081,39840,54411,63164,86410,150539,309114,396564
734,1459,1459.000,4485,19619,29365,39769,55064,70060,81839,140753,159496
735,1763,1763.000,4102,22937,37062,42575,58460,72069,83562,136417,179176
736,1740,1740.000,4759,23094,36168,43352,59832,74649,89811,135960,152970
737,1650,1650.000,4292,23343,36891,45518,63241,78044,88699,142980,184479
738,1825,1825.000,4104,21048,33534,40407,56564,69319,79111,128508,141823
739,1851,1851.000,4434,21069,33843,40754,56862,70598,83125,130861,151497
740,1851,1851.000,4113,20417,29373,40610,57238,72302,81944,136412,160988
741,1891,1891.000,4661,20222,34030,40558,54983,69534,78381,135570,404962
742,1455,1455.000,4569,19026,33730,50419,56327,77019,134543,316459,331722
743,1814,1814.000,4183,22017,36412,41602,57402,69102,84733,129215,150699
744,1764,1764.000,4111,23170,35929,42243,58249,71701,83507,136302,161409
745,1844,1844.000,4134,21155,33725,40646,56254,69284,81052,130997,175605
746,1893,1893.000,4919,20406,31318,39592,55823,68263,78907,127878,149869
747,1795,1795.000,3972,21943,33455,41905,58038,72204,84386,137476,261823
748,1841,1841.000,4572,21281,33672,40643,56674,69484,80787,132058,146884
749,1741,1741.000,4415,20073,36176,43648,59714,76028,105516,150771,371261
750,1382,1382.000,4896,20626,34135,53399,61128,83907,255225,294848,324129
751,1735,1735.000,3848,23509,34654,43589,60206,75571,86913,137548,172181
752,1627,1627.000,4865,23828,38131,45993,61679,78383,112930,161046,209664
753,1446,1446.000,5097,25459,38970,51803,67261,99245,143205,185611,245045
754,1540,1540.000,4158,23807,38491,49063,64474,89948,127230,166645,243791
755,1004,1004.000,4439,28975,47695,74923,98128,183790,219270,275071,321407
756,998,998.000,5495,29043,47289,76979,101589,185721,221727,289100,343466
757,833,833.000,5536,33559,61665,91194,145485,208041,246732,297381,358909
758,1006,1006.000,4294,21486,40414,71275,67093,131879,382304,456921,558348
759,1442,1442.000,4773,22209,32351,51762,58338,78649,240726,296181,330505
760,1644,1644.000,4904,23989,37886,45960,63517,79020,93392,148134,172288
761,1393,1393.000,4360,24895,40581,53391,68549,101428,142043,202050,277430
762,965,965.000,5350,29525,54532,80993,101118,196358,243364,302879,355856
763,815,815.000,5210,34263,59812,90879,136778,205042,235990,305901,379321
764,893,893.000,5316,31263,55797,83425,109837,195305,236403,295987,341477
765,835,835.000,6884,40511,77252,92053,122848,187914,225102,265123,352532
766,782,782.000,4894,38858,73076,101055,139096,211480,249449,500141,595455
767,887,887.000,5287,28047,48481,78293,87531,165086,348806,418053,442126
768,1338,1338.000,5626,27245,44854,55243,74761,96344,116160,184358,224166
769,1569,1569.000,4418,24475,40544,47032,64751,80876,97575,147783,177982
770,1547,1547.000,4517,24341,41733,48701,66615,84281,120412,159485,203350
771,1583,1583.000,4728,24056,37629,47767,63351,82211,127472,168152,213142
772,1695,1695.000,4645,22521,34876,43684,60027,74013,92096,145681,288955
773,1718,1718.000,4080,22368,38022,43696,61442,76053,87466,138298,165389
774,1601,1601.000,4339,22261,34889,56140,63237,82112,156261,353642,411221
775,1136,1136.000,4283,23784,39553,55800,69484,105003,158840,333975,451370
776,1189,1189.000,5039,22355,37993,61383,70314,134726,283579,319867,349138
777,1217,1217.000,4659,32109,49187,60999,79380,120643,152511,185429,246685
778,1059,1059.000,5106,30370,54711,70538,93528,150239,191449,253113,341156
779,1512,1512.000,4904,25580,42300,49897,68690,86966,109354,168580,216008
780,1708,1708.000,4487,22250,34484,43454,60656,75086,85526,141761,157110
781,1681,1681.000,4196,22520,35151,44757,62866,78047,93499,151439,167649
782,1518,1518.000,4574,24128,38882,49352,69881,85665,108720,163629,184845
783,1364,1364.000,4840,22730,35730,54675,68877,91069,199154,250841,278949
784,1281,1281.000,5261,21997,38707,57729,65307,88119,276388,323376,350483
785,1654,1654.000,4233,23433,36297,46482,64853,81007,106500,152756,178366
786,1468,1468.000,4949,27937,45671,50380,66918,83363,112958,147619,175209
787,1840,1840.000,4857,21903,32172,41166,58122,71190,80503,133569,151745
788,1838,1838.000,4294,20444,35834,40889,57311,70840,80419,134816,160833
789,1717,1717.000,3993,22968,35069,43672,60452,74916,86014,137273,173119
790,1643,1643.000,4172,22500,37098,45748,63845,80249,92161,153809,186714
791,1804,1804.000,4925,21344,29046,41334,58886,71570,80999,139129,165560
792,1343,1343.000,4411,20826,37840,55401,59927,77830,287459,337710,388814
793,1637,1637.000,4859,21960,35604,46167,64441,83312,95816,161759,205290
794,1676,1676.000,4971,22663,35075,44180,61961,77247,88408,149390,167083
795,1814,1814.000,4412,22337,33158,41835,58662,72966,84134,133256,159287
796,1661,1661.000,4856,22866,34935,44759,61954,79327,94243,148299,169664
797,1687,1687.000,4508,24521,36777,44865,62976,78230,86953,146577,174347
798,1767,1767.000,4140,21825,32141,42071,58464,73963,84589,143663,254995
799,1816,1816.000,4409,21624,30922,41582,57969,73555,83423,135985,266973
800,1862,1862.000,4575,19197,32528,39943,55776,70110,79418,137593,157693
801,1721,1721.000,4194,21545,37760,43756,61538,74865,84435,139408,175086
802,1693,1693.000,4552,23579,36033,44445,61535,75660,94543,139639,166832
803,1717,1717.000,4558,22664,35051,43789,61326,74635,86290,140709,161610
804,1764,1764.000,4330,21564,36001,42233,58492,72223,84159,137673,278759
805,1679,1679.000,4534,23265,36886,44772,61585,78028,88811,150429,180661
806,1731,1731.000,3907,21370,35416,43042,59149,73476,97603,140117,167430
807,1779,1779.000,4512,21186,33811,42531,59559,74468,87860,143383,167794
808,1705,1705.000,4750,20584,36363,54090,61926,82406,147317,343995,414892
809,1413,1413.000,4086,19129,34334,40649,56280,73642,89404,140991,167205
810,1627,1627.000,4644,23522,38870,46566,65075,81453,95876,149678,295585
811,1577,1577.000,5103,26025,38323,47220,65637,79789,90123,151736,170045
812,1661,1661.000,4676,23364,39089,45663,63568,78666,87003,143621,357341
813,1598,1598.000,5212,23464,34531,46417,65405,82699,92220,153234,176146
814,1703,1703.000,4597,22242,33020,44166,62490,77037,88362,146905,166042
815,1771,1771.000,4837,21070,28807,42151,60079,75318,87785,143234,164087
816,1798,1798.000,4339,21071,29589,42025,60733,75488,84817,146807,165006
817,1838,1838.000,4328,18690,26044,41030,59071,75031,88104,146961,175652
818,1728,1728.000,4558,22006,32494,42496,58853,73241,90027,138134,160256
819,1841,1841.000,4670,21684,34081,40637,55985,69007,77833,127725,143818
820,1810,1810.000,4692,22625,35541,41699,58062,70955,82101,131287,151493
821,1879,1879.000,4289,20690,34434,39630,54871,67009,78539,125319,149892
822,1871,1871.000,4225,20209,32453,40179,57183,70341,79791,131624,153382
823,1845,1845.000,4967,20110,27897,40755,57620,73620,85614,139502,154792
824,1861,1861.000,3950,19860,31294,40351,56368,70386,82443,135058,150364
825,1446,1446.000,3789,19111,31321,51585,57606,77132,278453,319977,388060
826,1775,1775.000,4258,21700,35511,42714,59318,74486,86013,144000,169345
827,1707,1707.000,4778,22578,37296,43876,60910,74691,84220,138430,153863
828,1823,1823.000,4420,20789,29601,41029,57713,70676,85730,138013,292244
829,1847,1847.000,4428,20908,30244,40472,56595,71530,80156,133589,161265
830,1657,1657.000,5075,23046,39765,45529,63135,77908,90735,144243,164972
831,1603,1603.000,4707,23731,36160,47022,67061,81502,95515,154869,180735
832,1601,1601.000,4647,22374,32891,46942,64955,84994,124192,155610,180481
833,1265,1265.000,4976,22079,36970,58884,67077,118259,275911,318001,360000
834,1763,1763.000,4639,19816,32577,42282,59575,76019,86907,147465,172085
835,1618,1618.000,4339,25586,37615,46416,63191,80600,91188,149457,167026
836,1707,1707.000,4182,22606,36434,44046,61074,76107,87676,145350,180990
837,1532,1532.000,3920,24254,39966,48832,67744,84379,125764,159731,182976
838,1533,1533.000,4701,24838,34369,49275,70111,87770,97467,163598,193768
839,1467,1467.000,4694,24021,36732,51342,70532,98229,130918,173064,220232
840,1627,1627.000,4991,23235,33868,46061,65242,82772,96303,159957,194330
841,1531,1531.000,4884,23486,36412,48815,69329,88185,111279,164096,208622
842,1646,1646.000,5083,22179,35213,45418,64956,82479,93343,156941,187047
843,1667,1667.000,5374,20581,30254,45154,64290,82123,105531,166941,192524
844,1524,1524.000,4763,25764,41139,48955,67942,83707,95062,160696,211632
845,1532,1532.000,5311,25099,38632,49200,67429,83211,117150,163150,193025
846,1580,1580.000,4664,24387,37632,46953,65894,82445,95155,152385,186078
847,1596,1596.000,4424,24738,40625,47086,65044,80374,90682,153056,185041
848,1605,1605.000,4515,24679,39240,46402,63236,79698,91209,146381,173064
849,1564,1564.000,4993,24426,39266,48593,67105,83869,99206,161109,188584
850,1536,1536.000,5008,23928,41189,48735,68182,86464,102035,160059,212323
851,1620,1620.000,4929,22598,35926,46469,66070,81721,93298,163131,190066
852,1418,1418.000,4806,20526,34865,52160,61771,82261,219989,268560,368693
853,1775,1775.000,4808,22044,33658,42781,60322,74544,85074,143391,202749
854,1714,1714.000,4414,22951,33027,43738,60221,76033,88125,142563,168699
855,1809,1809.000,3768,21479,30717,41070,56693,71510,80060,137468,166785
856,1766,1766.000,4539,21671,29966,42692,60661,74123,86638,149151,173184
857,1636,1636.000,4383,23761,37445,45780,63816,79541,93952,145969,183836
858,1584,1584.000,5222,23493,39325,47474,67004,81476,92523,155240,181006
859,1704,1704.000,4804,22370,34388,43442,60777,76312,84256,144617,174931
860,1767,1767.000,4078,22091,34981,49054,60715,81183,142839,244443,303612
861,1595,1595.000,4255,18499,26578,40289,57362,72823,100688,149776,185785
862,1601,1601.000,4182,25094,39607,46619,63330,77250,90209,147100,259540
863,1702,1702.000,4463,23263,35464,44171,62098,76134,86339,141237,164700
864,1763,1763.000,4414,21769,33449,41935,58456,73527,83113,141766,166527
865,1701,1701.000,3783,22634,35470,44566,61086,78367,96788,145931,172377
866,1688,1688.000,4981,22485,38009,44397,61758,77553,87361,145054,170427
867,1685,1685.000,4585,22728,33341,44969,62625,78211,102158,152495,186654
868,1795,1795.000,3998,20610,29917,41469,58375,74417,90665,139350,162772
869,1649,1649.000,5017,21239,35052,45497,63029,84198,111375,157339,205135
870,1657,1657.000,4933,23729,38723,45129,63324,77545,86759,144101,170908
871,1687,1687.000,4816,24713,37569,44630,61163,77743,88836,140367,155005
872,1693,1693.000,4401,23419,37275,43867,59583,73186,90496,139452,175401
873,1719,1719.000,4386,23389,34927,43685,60710,74470,87981,137744,176048
874,1711,1711.000,3940,22701,34569,44085,61640,76543,91690,142265,297775
875,1821,1821.000,4316,21445,33202,41093,57703,71251,81748,135517,152884
876,1659,1659.000,3732,22518,39013,45327,62538,77391,100228,147262,181020
877,1637,1637.000,5027,21891,36285,52380,66066,85207,158827,261951,354388
878,1690,1690.000,4348,18386,32663,37852,54145,65870,76183,133908,156551
879,1698,1698.000,4119,24130,36358,44130,61848,74185,85609,137419,166249
880,1626,1626.000,4663,24562,35886,46052,63429,80553,92095,153392,175306
881,1786,1786.000,4219,22402,31578,42016,58502,73012,83834,136448,158220
882,1733,1733.000,5036,22528,34867,43580,61070,76888,88304,146038,178304
883,1674,1674.000,4661,23021,36937,44592,61698,76789,89857,146187,186621
884,1722,1722.000,3936,20993,36111,43775,61233,76653,95055,148088,166039
885,1819,1819.000,4445,21018,30912,40953,57674,72092,81255,139199,150400
886,1449,1449.000,4074,20807,38255,51595,61168,81780,209434,267514,336042
887,1654,1654.000,4685,22763,37618,45626,63615,80471,106054,143662,203005
888,1656,1656.000,4770,23645,40369,45265,61467,76337,101031,140787,196986
889,1643,1643.000,4560,23577,36865,45971,64930,79428,91838,146802,177417
890,1614,1614.000,4123,23233,35896,45964,65439,80717,92115,150392,175579
891,1722,1722.000,4657,22778,39147,43605,60385,74554,83628,134697,155802
892,1724,1724.000,4634,21753,37016,43556,60599,75026,84994,143001,165359
893,1799,1799.000,4009,20954,30391,41496,57530,72779,83485,142135,346907
894,1713,1713.000,4683,20931,37881,51094,61161,82182,147013,268570,356442
895,1545,1545.000,4404,19366,32192,40956,56486,73171,95522,145501,164925
896,1707,1707.000,4252,22588,33237,43741,62192,77175,87949,144285,165995
897,1704,1704.000,4608,22264,35414,43671,60653,75644,93007,143726,168733
898,1642,1642.000,4564,22609,37586,45801,64843,79978,91981,152155,186180
899,1639,1639.000,4524,23146,37284,45893,63465,80468,96824,156775,190612
900,1662,1662.000,4286,23603,38081,44815,62137,76973,88912,142576,175728
901,1720,1720.000,4201,24394,37129,43511,59285,73546,92885,133138,183291
902,1860,1860.000,3906,20335,32568,40324,56550,70410,79852,134929,162257
903,1483,1483.000,3633,19255,34683,50706,56974,81309,239451,295786,388514
904,1996,1996.000,3994,18726,31137,37573,52239,66467,75332,123236,178048
905,1820,1820.000,4285,21795,32430,41696,58154,71382,84913,134657,155894
906,1809,1809.000,4579,21634,34135,41350,57827,71435,82166,131058,172608
907,1842,1842.000,4266,20369,29849,40676,57764,71041,81821,135018,240766
908,1854,1854.000,4589,20254,32282,40157,55469,70698,84666,131206,165010
909,1919,1919.000,4510,19714,27112,39092,54918,69028,83125,130691,157911
910,1844,1844.000,4488,20944,34871,40793,56582,69795,79988,129255,268919
911,1935,1935.000,4505,18523,30330,38561,54541,68651,81578,131204,155661
912,1899,1899.000,4468,20567,31252,39496,54596,69436,79639,134123,164922
913,1813,1813.000,4541,21784,33177,41284,57705,70382,84181,132603,166883
914,1856,1856.000,4436,20939,34799,40159,54784,68758,77454,133243,165016
915,1835,1835.000,4167,21666,34083,41511,56739,71417,82270,134789,147802
916,1828,1828.000,3984,21395,34771,40693,57413,70845,80103,132466,172026
917,1726,1726.000,4750,22733,37325,43339,60051,72968,84852,134955,266602
918,1849,1849.000,4150,20245,33490,40916,57840,70869,80585,135185,156244
919,1406,1406.000,4548,19804,32757,53078,57545,76876,292120,336231,408528
920,1864,1864.000,4734,19038,28712,40339,57084,71072,89708,137949,175505
921,1773,1773.000,4053,22100,32214,42073,58539,71236,91076,132257,159927
922,1813,1813.000,3891,21829,30707,41287,57874,72164,83776,134274,160400
923,1815,1815.000,4138,20931,35271,41669,57746,72525,88953,137936,171697
924,1749,1749.000,4704,21669,32875,42847,59079,74646,90757,141873,164789
925,1759,1759.000,4110,21177,34921,42691,60852,74639,86653,140438,163408
926,1835,1835.000,4488,20834,30840,41073,57800,73161,82992,137333,163805
927,1801,1801.000,4019,19796,29466,41322,57538,73214,87120,147849,261365
928,1725,1725.000,4836,21618,35327,43350,60482,76326,88701,143526,179470
929,1615,1615.000,4494,23971,36992,46645,63756,83188,112364,150087,188970
930,1724,1724.000,4529,23099,32328,43589,61027,76805,86233,145648,174802
931,1744,1744.000,4206,21437,35069,42649,60202,73788,83472,141029,178546
932,1765,1765.000,4206,22414,31520,42619,58589,73771,90681,144293,274245
933,1784,1784.000,4630,20223,34395,42223,58878,71724,110115,142070,288043
934,1750,1750.000,4345,21687,35454,42573,60009,73401,84508,141147,159586
935,1966,1966.000,3927,19010,28758,38260,53686,67622,78109,131971,150880
936,1941,1941.000,4676,18919,32319,38703,53944,67965,78705,131865,148948
937,1790,1790.000,4128,22131,34175,41795,58365,72162,81234,134536,154735
938,1820,1820.000,4673,21450,34907,41202,57161,70010,81420,130785,162944
939,1875,1875.000,4064,20755,29822,39895,55285,69549,81270,131377,273047
940,1759,1759.000,4073,22717,34396,42837,58871,73711,84696,140490,164875
941,1725,1725.000,4788,22273,36645,43339,59095,75092,85109,137084,158881
942,1882,1882.000,3940,19997,30756,39926,56070,71062,81521,134245,167776
943,1504,1504.000,4274,20721,31378,52648,59200,79623,147941,317761,391085
944,1782,1782.000,3849,19384,29355,39516,56010,69876,83088,139827,167831
945,1834,1834.000,4323,22176,33609,40698,56649,70225,81881,127450,144922
946,1727,1727.000,4655,22770,36236,43913,60779,76304,87250,143684,171795
947,1801,1801.000,3779,22486,32342,41693,57520,72083,83700,139039,185444
948,1870,1870.000,3620,19969,31875,39495,55692,68709,80089,127087,165965
949,1946,1946.000,4084,20313,29697,38939,54281,67820,76093,127106,149882
950,1820,1820.000,3773,20930,31971,41091,57063,71369,82627,134436,161335
951,1715,1715.000,4490,20380,35746,50061,58025,77942,132586,280993,350775
952,1621,1621.000,4202,19497,31297,39920,57095,71304,84392,136005,160721
953,1724,1724.000,3923,22896,37652,43356,58253,73263,92175,132986,185265
954,1798,1798.000,3737,21601,32773,41461,56781,71670,90102,138368,172368
955,1783,1783.000,4550,21441,33880,42079,58786,73343,85380,135895,155039
956,1876,1876.000,4218,21138,34228,40065,55027,66638,78031,125295,155833
957,1829,1829.000,3950,20794,35036,40861,56908,70810,83894,128289,150018
958,1859,1859.000,4086,20295,35585,40527,55501,70078,80869,135425,346533
959,1723,1723.000,4503,21001,38043,43654,59721,77957,97007,141747,188337
960,1488,1488.000,4596,19237,29981,49912,57366,75747,264280,305423,389003
961,1816,1816.000,4341,21096,33975,41541,58615,72971,85983,138754,150715
962,1872,1872.000,4360,20666,33408,40023,55807,68776,78949,130749,140926
963,1774,1774.000,4012,21855,33884,42174,59118,73594,83879,134580,155206
964,1964,1964.000,4534,20134,28586,38155,53545,67030,74674,129441,158704
965,1841,1841.000,4544,21054,32475,41002,56274,71016,86429,132914,153446
966,1847,1847.000,4168,20458,30467,40239,56145,70702,83067,133184,152226
967,1995,1995.000,3894,18656,27370,37843,53507,66939,78342,126868,312423
968,1663,1663.000,4068,17544,30666,44540,52074,71099,124705,258031,269993
969,1813,1813.000,4195,21790,36377,42268,57266,72430,93552,135378,155767
970,1766,1766.000,3872,22456,34168,42072,58263,71478,92416,133639,159446
971,1848,1848.000,3853,20992,34291,40488,55153,68988,85210,129524,262031
972,1885,1885.000,4263,20344,29661,40006,55677,71005,84923,137272,282519
973,1832,1832.000,4448,21420,33622,40800,56518,69430,79398,132016,147974
974,1842,1842.000,4371,20927,31373,40885,56949,71229,84458,132015,157213
975,1842,1842.000,4147,20938,34835,41434,56073,69460,89494,125952,322028
976,1523,1523.000,4532,20375,34800,47947,58072,74965,130600,253633,270130
977,1694,1694.000,4790,23898,36488,44011,60512,74821,84808,127473,372580
978,1824,1824.000,4274,22221,34942,41662,57211,71088,82801,130493,149569
979,1739,1739.000,4294,23785,37601,43011,58875,71749,82465,128842,157612
980,1784,1784.000,4629,22379,35028,42155,59188,74024,86036,132690,169749
981,1846,1846.000,4208,20193,34892,40407,56482,68490,84374,129461,135936
982,1989,1989.000,4109,19686,29567,37672,53747,65547,72331,123944,157691
983,1901,1901.000,4175,20396,33111,39452,54741,67163,77113,125691,152014
984,1596,1596.000,4153,18976,31071,46834,55937,74645,129583,255906,327003
985,1654,1654.000,3915,24432,38530,44879,62387,76830,89553,136048,179660
986,1753,1753.000,4359,23867,37407,43720,59997,73306,85735,137786,163334
987,1783,1783.000,3994,23169,35820,41723,56845,70883,81164,133021,163091
988,1806,1806.000,3989,22320,37155,41490,57020,69694,79939,125792,159934
989,1710,1710.000,4165,21898,37583,43986,60902,76723,94972,143733,184735
990,1781,1781.000,4763,20934,31676,42174,59610,73778,86171,139354,167570
991,1895,1895.000,4284,20862,30182,39627,54211,67360,77804,132316,422809
992,1349,1349.000,4410,20877,38930,62982,61322,123207,313279,351868,387727
993,1142,1142.000,4202,22930,41495,57753,67577,124821,169542,293529,302521
994,1378,1378.000,4387,26370,40345,53547,69389,105791,142448,186991,257149
995,1417,1417.000,4570,24927,39459,53401,68341,109424,147264,192837,291068
996,1231,1231.000,4214,25467,44108,62319,75946,146171,171475,240498,325955
997,945,945.000,4870,30066,52108,78662,108770,187243,211997,276616,344204
998,960,960.000,5344,30061,55738,80942,122183,186482,213312,248436,374633
999,837,837.000,6319,32447,60361,86008,131282,192996,224893,279743,307453
1000,1665,1665.000,4608,22755,34879,47477,61005,79633,109728,267560,341618
1001,1416,1416.000,4562,21092,40121,56531,63580,125249,222652,254033,311984
1002,1516,1516.000,4412,22637,36340,42459,57939,72750,83560,134054,167086
1003,1825,1825.000,3623,21554,36514,41232,56770,70112,80143,127094,228814
1004,1758,1758.000,4130,23323,35545,42633,58156,71758,84546,132965,149141
1005,1854,1854.000,4274,21058,34603,40164,55425,68408,78600,127848,145903
1006,1792,1792.000,3994,22595,36605,41885,55943,70372,85631,133728,213568
1007,1934,1934.000,3912,20399,30177,38825,55042,67274,75846,129684,143361
1008,2047,2047.000,4657,19195,26584,42063,52992,66978,110906,241582,309287
1009,1531,1531.000,4028,20443,32129,47944,55794,73852,208353,245184,330410
1010,1590,1590.000,4331,20840,34588,41126,57962,70699,81004,135154,160563
1011,1782,1782.000,4357,22784,34721,41690,57277,70369,83145,132276,157276
1012,1880,1880.000,3988,20574,29145,40510,55842,71807,93023,130302,153060
1013,1907,1907.000,4635,20779,29201,39256,55046,67639,76496,130237,163535
1014,1894,1894.000,4035,20551,32614,39474,55419,67125,75076,126150,148726
1015,1901,1901.000,3973,20015,30685,39460,54062,68539,79405,133495,172175
1016,1928,1928.000,3958,19062,32133,44173,52772,67639,117086,255682,332228
1017,1630,1630.000,3843,19917,30014,39580,56337,69465,82754,130592,145845
1018,1910,1910.000,4389,20731,29442,39234,54421,68409,78736,124288,151758
1019,1792,1792.000,4173,21889,31773,42002,57516,74483,94014,149424,192701
1020,1785,1785.000,4439,21857,34542,41963,58175,71825,82885,135056,226411
1021,1865,1865.000,4119,20928,32911,40473,56742,70806,80386,130147,161564
1022,1875,1875.000,4488,20177,33948,39742,55374,67324,78007,127603,324857
1023,1817,1817.000,4244,20789,35205,40970,57015,70716,80772,129515,144046
1024,1974,1974.000,4132,19636,33899,44639,55357,70091,123978,229528,298379
1025,1763,1763.000,3733,17250,28341,35337,50426,61847,70141,119074,193160
1026,1800,1800.000,4294,22427,35426,42116,56971,72082,84996,129939,168116
1027,1814,1814.000,4195,22088,31787,41139,57867,69789,81114,133444,169665
1028,1773,1773.000,4304,21860,34899,42130,58544,71769,83244,128674,287016
1029,1784,1784.000,4113,22311,32091,41971,57913,72400,84412,136855,284500
1030,1728,1728.000,4353,22073,34277,43510,59999,75610,99063,146864,210077
1031,1840,1840.000,4754,21102,31676,40669,57923,70670,80109,133457,163517
1032,1757,1757.000,4550,21315,32516,42958,59480,76425,97369,141512,168993
1033,1482,1482.000,4545,21105,37134,50714,61545,78487,206902,251531,305999
1034,1807,1807.000,3590,21894,34004,41402,56924,70665,87265,132706,167968
1035,1886,1886.000,4094,20521,28571,39439,54980,69186,80039,130511,147430
1036,1798,1798.000,4244,22296,31738,42061,59416,72806,82521,138278,158474
1037,1815,1815.000,4340,21496,35952,41303,57126,70943,79828,131490,160688
1038,1947,1947.000,4034,20011,29800,38315,54147,68331,76494,123699,150040
1039,1953,1953.000,3970,19278,29320,38203,53853,66521,74051,127724,148133
1040,1916,1916.000,4230,19977,26773,40160,56494,70228,78223,138229,319180
1041,1702,1702.000,4436,18164,30604,43570,55507,70805,122755,227628,250792
1042,1755,1755.000,4096,22210,34249,42409,59389,72301,84685,131605,160583
1043,1842,1842.000,4469,21317,32857,40666,57320,70664,79209,134110,145552
1044,1887,1887.000,4458,20858,31083,39647,55450,69484,81623,130190,149919
1045,1677,1677.000,4579,23065,39995,44856,62067,77461,90015,142270,174791
1046,1917,1917.000,4229,20461,31594,39088,54568,69224,78272,128287,161709
1047,1702,1702.000,4810,22527,34163,43861,61970,78643,91273,144637,184710
1048,1812,1812.000,4740,20848,33115,41565,57897,72803,83616,140479,160833
1049,1545,1545.000,4412,19371,32484,48337,57618,77299,154346,254582,322174
1050,1740,1740.000,3887,22048,34237,43500,60293,74867,108429,136995,157900
1051,1830,1830.000,4466,22376,33043,40614,56526,69970,77205,130237,153088
1052,1681,1681.000,4530,24200,38697,44584,60019,74457,84410,133920,163523
1053,1863,1863.000,3620,21428,31698,40213,56535,69405,79636,126974,156476
1054,1942,1942.000,4318,19297,27719,38570,54110,69653,81090,138455,166745
1055,1953,1953.000,4418,19747,32580,38547,54258,66783,75310,121764,144738
1056,1891,1891.000,3778,20131,33042,39331,55896,67171,77125,124941,143663
1057,1499,1499.000,4510,20752,36558,50301,60272,81562,166191,259142,347074
1058,1949,1949.000,4364,19607,28809,38541,54583,68049,77369,126792,277983
1059,1784,1784.000,3987,22538,36384,42135,58967,70543,81572,132932,151703
1060,1853,1853.000,3852,21057,32755,40432,55104,69318,87941,131609,161540
1061,1940,1940.000,3982,19827,29370,38581,53688,66480,76990,125221,229172
1062,1928,1928.000,4103,19548,30507,38596,54050,66550,80408,127695,164204
1063,1902,1902.000,4007,20272,32020,39626,54672,68456,79682,128357,153754
1064,2027,2027.000,3910,18717,27012,37156,51944,65864,78899,124998,151769
1065,1727,1727.000,3670,17461,30012,43245,52098,67177,121618,248588,291639
1066,1880,1880.000,3748,20724,32797,39995,55294,69084,82252,128953,147552
1067,1848,1848.000,3587,21608,35965,40551,56604,68831,76790,125245,152169
1068,1930,1930.000,3787,20178,31346,38824,55155,67118,75907,126188,143765
1069,1878,1878.000,3834,20866,33394,39796,54769,67311,80552,125077,144221
1070,1873,1873.000,4479,20557,35021,40430,56554,69042,82374,127121,144770
1071,1953,1953.000,3738,20758,30556,38293,53236,66301,76470,122352,149806
1072,1915,1915.000,3959,19517,32104,38968,53894,68556,80351,128348,144817
1073,1713,1713.000,4089,17738,31959,43725,53170,68475,121470,239233,305423
1074,1872,1872.000,4192,21332,34512,40112,55090,68301,80283,124966,166327
1075,1790,1790.000,4655,21604,37280,42128,58306,71471,83135,136306,166310
1076,1920,1920.000,4451,19841,33883,39224,55090,68028,76214,125240,148883
1077,1914,1914.000,4314,19953,27613,38824,55090,68108,77476,132395,160251
1078,1864,1864.000,4426,20021,31323,40488,56588,70577,82292,136407,281880
1079,1761,1761.000,4618,21768,34124,42606,58910,73219,88766,136356,174292
1080,1803,1803.000,4178,20058,31844,41321,57845,74031,87064,140308,270472
1081,2029,2029.000,3585,17816,27607,37067,52581,65634,76881,132433,164583
1082,1664,1664.000,4488,25656,40034,44704,62064,74005,83188,131542,147057
1083,1609,1609.000,3769,28788,43394,47070,63333,76523,89550,132577,234968
1084,1843,1843.000,3928,22770,35433,40671,55864,68812,79037,124533,146732
1085,1953,1953.000,4368,20308,33292,38381,52764,65229,74150,119585,141872
1086,1927,1927.000,4116,20772,31439,38899,53118,66745,78086,125673,143398
1087,1917,1917.000,4349,20200,29283,39137,54330,67523,79065,130690,162783
1088,1877,1877.000,4387,20427,34170,40126,55125,69035,79981,125876,158892
1089,1481,1481.000,3744,19757,35364,50470,56656,77912,241029,287517,368693
1090,1406,1406.000,4643,20512,34539,53352,58523,77160,280630,318993,381822
1091,1779,1779.000,3691,23067,36084,41519,56121,69212,81375,127587,143472
1092,1841,1841.000,4437,21792,34904,41257,56628,71379,90102,124945,157103
1093,1805,1805.000,4694,21522,34297,41646,57485,70540,83343,133452,154289
1094,1889,1889.000,3783,21187,31455,39273,54738,66560,76363,127132,152526
1095,1919,1919.000,4220,20301,32586,39432,55406,67669,75072,127465,269557
1096,1863,1863.000,4126,19843,30987,40067,55640,70547,93425,134396,155106
1097,1686,1686.000,4402,19258,26913,44542,54366,70860,127142,236137,307396
1098,1944,1944.000,4164,18764,32035,38440,54165,67434,77805,122769,148936
1099,1896,1896.000,3578,21003,33792,39652,54340,68801,78406,121492,136231
1100,1933,1933.000,4280,20345,32317,38898,54189,66939,75294,122522,160912
1101,1892,1892.000,3942,20324,31772,39377,54967,67402,77931,125963,342991
1102,1886,1886.000,4404,21386,34884,39579,55184,67917,76353,120921,145780
1103,1976,1976.000,4038,19454,28931,38264,54084,65934,75039,127228,146800
1104,1993,1993.000,4297,19045,31343,37521,51950,65144,73560,123832,309812
1105,1696,1696.000,4132,18915,31830,44495,53801,69407,125576,240651,292499
1106,1785,1785.000,4531,21574,38150,42217,57534,69988,104119,131497,143462
1107,1827,1827.000,4313,21320,32215,41068,56533,72593,95217,131887,168566
1108,1815,1815.000,4265,21175,34596,40915,55666,69579,86720,128600,139073
1109,1877,1877.000,4666,21081,31331,40190,56127,71626,83210,130273,168449
1110,1672,1672.000,4362,22529,38415,45044,62694,78403,91941,150272,169316
1111,1653,1653.000,3625,24201,38795,45575,63129,77744,87759,138408,159456
1112,1355,1355.000,4549,23293,39913,57789,63771,87468,278843,327904,406116
1113,1133,1133.000,5011,23228,42211,66173,69383,145530,309191,361686,419959
1114,1332,1332.000,4570,24666,41342,54924,72978,122359,145065,192716,303058
1115,1139,1139.000,4370,29095,45630,65422,86374,145259,182360,214910,288955
1116,1229,1229.000,4861,26110,43072,62032,81920,141678,171685,230914,302430
1117,1037,1037.000,4544,29242,49956,72027,90739,167835,197306,238231,291097
1118,1457,1457.000,4990,24366,40844,49586,65184,87679,123030,174615,266925
1119,1911,1911.000,4055,20357,30113,39268,54462,68218,83580,130132,148008
1120,1913,1913.000,4228,20202,28343,39184,55190,70469,77863,133581,158599
1121,1575,1575.000,4364,19896,36277,47594,56912,71553,135574,256522,323407
1122,1531,1531.000,4513,19612,34335,49130,58129,78126,144213,270222,335202
1123,1825,1825.000,4306,22157,31681,40876,56777,70267,78192,136322,159630
1124,1830,1830.000,4657,20759,32356,40901,56962,69821,108954,130736,150722
1125,1919,1919.000,4170,20481,30056,39414,55318,68661,78408,127195,145320
1126,1929,1929.000,4615,20109,28557,38601,53790,66702,77169,128460,144791
1127,1929,1929.000,4878,19567,28508,39078,54782,68674,78614,131490,150805
1128,1951,1951.000,4569,18850,29540,38252,54208,66384,76833,127960,154479
1129,1709,1709.000,3950,18193,28386,43780,55038,71279,127497,228651,246895
1130,1918,1918.000,4442,20448,28746,39332,54956,69533,76403,130778,353984
1131,1860,1860.000,4416,20683,29689,39815,56266,69316,79011,126004,151868
1132,1936,1936.000,4538,19985,32284,39113,53840,67242,78884,124085,143225
1133,1850,1850.000,4284,20902,37054,40655,56666,68263,78326,126899,157930
1134,1955,1955.000,4124,19396,32396,38314,54022,66328,75890,123296,133017
1135,1811,1811.000,4156,20900,32584,40999,57850,70635,82976,130031,159011
1136,1889,1889.000,3937,20897,33670,40264,56048,69350,80799,126355,144423
1137,2019,2019.000,4351,17607,26299,37111,53041,68667,80993,131742,152313
1138,1734,1734.000,4588,23272,34926,43029,58625,73346,84581,136090,153743
1139,1669,1669.000,4137,23138,39442,45241,61569,77177,101050,152162,190447
1140,1752,1752.000,4776,22211,35119,42529,59348,73451,86302,136601,153268
1141,1744,1744.000,4041,22276,34041,42873,59867,73677,85073,138262,157698
1142,1820,1820.000,4257,20734,31349,41498,59384,72265,83053,138434,156451
1143,1733,1733.000,4912,20947,39003,43180,58892,73442,113775,142126,157863
1144,1787,1787.000,3833,21328,34010,41784,58148,72963,89969,134118,156267
1145,2135,2135.000,4171,17287,24897,35429,50009,63616,73202,124004,139287
1146,1895,1895.000,4081,20713,29898,38886,54574,67775,76220,125743,148596
1147,1894,1894.000,4145,21192,32887,40195,55895,71062,77851,130519,152959
1148,1849,1849.000,4894,20500,32537,40350,57101,70480,80077,134951,170781
1149,1820,1820.000,4368,21779,31935,41192,57516,71643,83746,135118,167767
1150,1897,1897.000,4123,20982,33768,39674,55210,67744,79181,129742,158876
1151,2024,2024.000,3955,18929,30463,36721,51140,63747,72587,119048,133472
1152,1939,1939.000,4121,19924,32040,38816,53829,66847,78875,126324,156195
1153,1979,1979.000,4087,18529,28628,37955,53979,67934,77852,132987,153204
1154,1830,1830.000,4237,21422,31264,40510,56225,70474,77531,132267,160824
1155,1862,1862.000,4265,20903,35230,40935,57449,70470,81560,134337,168722
1156,1868,1868.000,4994,20827,31488,39958,56005,69015,79323,130177,157069
1157,1847,1847.000,4070,21208,34187,40449,56172,68391,78258,126351,145424
1158,1857,1857.000,4354,20678,33751,40642,56300,70821,80608,134315,164090
1159,1972,1972.000,3953,19208,28858,37749,53631,66201,74971,122946,151374
1160,2053,2053.000,4186,18274,27245,36663,51878,65225,73790,125057,146742
1161,2072,2072.000,3757,17704,28458,35994,50162,64062,74065,120582,150435
1162,1898,1898.000,3822,20969,31170,39692,55052,67540,81878,124884,146696
1163,1868,1868.000,3602,21113,34497,39869,55665,68247,78689,123303,144021
1164,1963,1963.000,4039,20327,31109,38839,54741,65719,76558,122321,138171
1165,1823,1823.000,4078,20650,34509,40934,56934,70763,104347,125385,149873
1166,1847,1847.000,4493,21244,36295,39981,54213,67023,77074,125034,152143
1167,1866,1866.000,4259,22172,33648,40828,55248,69952,86918,130841,155065
1168,1528,1528.000,4722,19317,32834,48994,54180,70114,129758,299531,357927
1169,1728,1728.000,3929,19954,35736,42985,58182,78986,103208,149208,254814
1170,1798,1798.000,4186,21957,35604,42154,58629,73047,83775,134348,151306
1171,1879,1879.000,4475,20912,30374,39606,55296,68763,77237,130054,153960
1172,1800,1800.000,4153,21191,32136,41949,58202,73364,103307,142016,163345
1173,1292,1292.000,4689,25624,43927,59842,76817,135866,163760,209633,267397
1174,1741,1741.000,4261,21149,36274,41515,56124,71740,96683,130286,153763
1175,1853,1853.000,4185,20340,31837,40686,56805,71134,84463,138502,160121
1176,1223,1223.000,3936,21399,38604,63078,67659,138387,275086,323287,392900
1177,1143,1143.000,5236,25404,45069,66480,84333,162838,194913,247409,286767
1178,1250,1250.000,4720,26085,42839,57572,75371,126785,149628,188139,256571
1179,1157,1157.000,4396,27898,43535,67457,84838,166754,195293,235307,276211
1180,954,954.000,6680,32486,55961,75158,92952,175428,209509,252986,310173
1181,1720,1720.000,4925,22931,35964,43482,61130,75190,86012,132973,282790
1182,1704,1704.000,4709,21984,36355,43655,61168,75934,89577,141288,287204
1183,1699,1699.000,4775,22557,36862,44817,63557,79596,90435,149513,179273
1184,1423,1423.000,4472,21319,37372,52288,60584,82003,234130,272701,329191
1185,1785,1785.000,4229,20451,35763,41773,57773,72510,84261,137980,150612
1186,1792,1792.000,4488,22361,36704,42482,58409,72901,82843,135019,162148
1187,1813,1813.000,4587,21023,30836,40870,56951,70982,84871,128997,156111
1188,1842,1842.000,4273,20983,32661,40933,56710,70648,83294,134046,159388
1189,1883,1883.000,4033,20801,31930,39739,54394,68554,81365,135927,155996
1190,1869,1869.000,4209,20107,32458,39936,55618,69788,83255,133707,157571
1191,1849,1849.000,4533,20647,35379,40610,56423,70083,79455,129477,200072
1192,1592,1592.000,4314,19786,30568,47462,57589,75724,150310,250062,325466
1193,1933,1933.000,4095,19067,32207,38655,53928,67851,78112,126980,152695
1194,1805,1805.000,4269,22246,36040,41401,57814,70018,78577,130255,146916
1195,1784,1784.000,4530,21496,34792,42070,58633,73499,82786,141605,167920
1196,1786,1786.000,4672,21759,34896,41850,57966,72450,84382,133234,152192
1197,1849,1849.000,4042,20568,33006,41084,57035,73004,85768,131367,162385
1198,1886,1886.000,4417,19924,29612,39488,55092,69568,80866,131474,159299
1199,1675,1675.000,4657,22418,36949,44876,62300,78679,92474,147509,193474
1200,1749,1749.000,4292,20669,31128,42610,58856,76033,97431,146126,170058
1201,1894,1894.000,3553,18127,29936,39788,56436,72033,88494,144704,183287
1202,1819,1819.000,4007,22505,32007,41127,57166,71241,81848,130564,266054
1203,1761,1761.000,3895,23177,35893,42501,58639,72272,83201,132799,154652
1204,1725,1725.000,4020,23368,37577,43522,60591,73848,86952,135426,169865
1205,1880,1880.000,3995,20481,29967,39702,55621,70082,80039,134507,154674
1206,1693,1693.000,3866,23176,38583,44124,59242,76270,97962,134382,167199
1207,1788,1788.000,3864,21357,37482,42437,58464,73200,84220,135628,174247
1208,1921,1921.000,4467,19790,31300,38958,54374,67921,78565,127329,161087
1209,1626,1626.000,4353,18467,28926,46062,56096,73104,136151,244923,320877
1210,1857,1857.000,3662,19311,31856,40415,56975,72289,85149,133338,162934
1211,1872,1872.000,4364,20834,29692,40526,56016,69627,84378,139830,158831
1212,1698,1698.000,3778,22078,37133,43362,58725,74755,95192,142644,176376
1213,1818,1818.000,4160,20690,28457,41712,58400,74496,90835,146322,169143
1214,1816,1816.000,4354,20810,30070,40921,58311,72917,85852,134836,172697
1215,1888,1888.000,4666,20424,28436,40484,58424,71822,81971,143282,168633
1216,1736,1736.000,4050,20449,34904,42671,59829,75389,92143,146067,167886
1217,1898,1898.000,4149,19044,29570,39367,57195,70980,79783,133200,157047
1218,1960,1960.000,3518,18444,28570,38137,53007,67620,80221,127679,148219
1219,1862,1862.000,3886,20994,32338,40575,56954,70590,78926,133473,297096
1220,1901,1901.000,4185,21105,31089,39184,55638,69168,74551,127169,149106
1221,1882,1882.000,4260,20222,33045,39710,55457,69474,78486,130992,152486
1222,1867,1867.000,4008,21301,33096,40669,55697,70605,82236,131995,158270
1223,1881,1881.000,4444,19797,30353,39709,55327,69016,80345,134931,267022
1224,1919,1919.000,4337,20124,31034,39035,54954,66459,76605,125419,363886
1225,2085,2085.000,4048,17422,25771,35860,51522,64053,72387,125956,147973
1226,1951,1951.000,3776,19636,31586,38718,54197,68258,80820,126795,148189
1227,1782,1782.000,4018,21356,35920,42061,58527,73294,85826,132776,161089
1228,1838,1838.000,4023,20727,33804,40758,57204,70308,83322,127794,233309
1229,1785,1785.000,4351,21518,33580,42240,58173,74843,90516,138790,182577
1230,1797,1797.000,4185,21112,29320,41298,58950,73012,81625,138129,161505
1231,1814,1814.000,4597,21472,34356,41628,58650,71841,83428,135395,158194
1232,1768,1768.000,3983,21096,37826,49977,60589,78336,143640,268104,308380
1233,1116,1116.000,4426,23551,40369,55220,72069,120125,155223,202676,387187
1234,1057,1057.000,4548,30429,49634,74126,99851,174143,205991,252530,281641
1235,958,958.000,4468,34744,59088,77357,103419,163798,193750,253196,303074
1236,1077,1077.000,4113,29016,46918,68288,87544,159183,186185,233520,266255
1237,980,980.000,5038,29603,57296,78744,109662,178811,209617,275037,329899
1238,972,972.000,4479,30829,59686,75062,107625,151490,176958,247331,369706
1239,1043,1043.000,4109,29434,54489,71044,93856,161622,189009,233706,263778
1240,1351,1351.000,5145,28651,41339,55196,76809,94721,116122,188865,217675
1241,1511,1511.000,4427,23812,40833,49565,70326,88998,100924,166508,202268
1242,1754,1754.000,5138,20431,33608,42964,61242,76368,87184,147308,182119
1243,1516,1516.000,4873,25362,40568,49094,69719,85044,95338,159883,181280
1244,1659,1659.000,3963,23646,34797,44724,61641,78971,89190,147371,167149
1245,1654,1654.000,4423,23997,36919,46072,63499,78941,100416,143867,159520
1246,1613,1613.000,4502,25530,39858,46406,64525,78545,92710,136184,158123
1247,1675,1675.000,4211,23562,34346,45120,61985,80935,103573,152716,215727
1248,1511,1511.000,4228,25733,40149,49187,65184,87267,112179,170100,214753
1249,1719,1719.000,3689,23362,37546,43517,60270,74699,87718,136822,194020
1250,1362,1362.000,5122,27485,46906,55643,78531,98173,113980,187049,218680
1251,1091,1091.000,4876,24577,40220,68752,79078,133060,279873,345796,447968
1252,1327,1327.000,5162,26656,42967,55895,78323,102156,129623,192929,272209
1253,1332,1332.000,5185,30413,49693,56762,76929,96996,113147,185733,365901
1254,1401,1401.000,5079,28191,40091,53702,72899,94652,112473,179590,219247
1255,1364,1364.000,4676,30420,47086,54443,74589,93623,106068,167224,206072
1256,1403,1403.000,4945,26879,39236,54061,76721,95277,113735,187705,242851
1257,1289,1289.000,5106,26981,46740,58465,81435,105992,135464,198420,260380
1258,1408,1408.000,4772,25203,42124,52519,72036,93479,118366,186875,270365
1259,1285,1285.000,5046,27795,45814,58812,80783,108034,136705,213209,268305
1260,1438,1438.000,5028,24606,39224,52017,72806,93730,111942,178411,208565
1261,1527,1527.000,3990,25001,39551,48828,66886,86878,104008,162483,216884
1262,1306,1306.000,4635,27782,46124,57569,79829,103091,128559,208178,268480
1263,1309,1309.000,5328,28228,48932,57262,78718,100502,118930,187082,221479
1264,1596,1596.000,4520,23672,38891,46554,64240,81314,103415,146460,186389
1265,1798,1798.000,4696,21430,34135,41546,57135,71800,89264,137362,225758
1266,1886,1886.000,4214,21436,33352,40178,56187,70088,78206,130259,153901
1267,1890,1890.000,4077,20438,28900,39210,55197,68981,79134,130799,149520
1268,1772,1772.000,3920,22260,37583,42490,58639,70616,85114,129982,277139
1269,1786,1786.000,3905,21114,35311,42344,58208,74068,89464,141633,161603
1270,1864,1864.000,3441,20891,35292,49837,57891,72887,123911,348701,387220
1271,1376,1376.000,4189,20179,32378,41220,55855,68238,85967,136616,325270
1272,1754,1754.000,3967,22053,32927,42998,59346,77528,90023,144855,170429
1273,1761,1761.000,4242,21696,37922,42311,58536,71889,84252,130928,167129
1274,1814,1814.000,4227,21495,32848,41120,57351,70760,80163,137411,164718
1275,1658,1658.000,4412,21905,35063,45792,64558,81827,98738,154015,187575
1276,1654,1654.000,4848,22503,36091,45439,64074,80266,89290,146811,170289
1277,1649,1649.000,4277,22744,30786,45362,65020,81371,91753,160255,182920
1278,1815,1815.000,4107,20889,29539,41076,57980,73967,84390,142253,170861
1279,1880,1880.000,4492,19386,31582,39733,55193,70388,81782,133505,160112
1280,1724,1724.000,4543,20444,37207,44129,62671,78765,88654,149787,167767
1281,1689,1689.000,4295,23382,33857,44266,60666,77088,91057,148285,179484
1282,1684,1684.000,4144,22976,39256,44342,60905,74260,87119,138971,172908
1283,1659,1659.000,4328,22405,38611,45067,61745,77742,99399,145016,196522
1284,1818,1818.000,4531,21135,31387,41209,57850,71236,83859,137890,160467
1285,1742,1742.000,3749,21927,34783,42860,59959,74587,89227,136944,157962
1286,1848,1848.000,4058,21401,33408,40513,55612,71367,82668,129310,156363
1287,1840,1840.000,4236,20955,34000,41472,56529,70955,90650,141116,412422
1288,1486,1486.000,4170,18591,26753,49928,55778,73212,141760,333581,376125
1289,1652,1652.000,4159,22850,39653,45567,62351,79133,101750,145622,186352
1290,1679,1679.000,3907,23401,36210,44891,61843,76920,92733,148998,167650
1291,1805,1805.000,4687,21270,30537,41027,57405,71810,83591,133236,154572
1292,1816,1816.000,4429,21741,32439,41519,59471,72123,79117,134267,165774
1293,1714,1714.000,4449,22001,34296,43879,62754,77190,86343,145794,173306
1294,1692,1692.000,4492,22219,33300,44065,63094,77787,90081,143343,166643
1295,1772,1772.000,4845,21060,34322,42166,59090,73638,86324,136824,172002
1296,1863,1863.000,4422,20166,30148,40695,56819,72217,83028,140713,158521
1297,1786,1786.000,4279,20157,34707,41801,59141,74037,88086,143122,167370
1298,1703,1703.000,4851,23199,35210,44445,61997,75842,87831,144146,179450
1299,1750,1750.000,3954,21824,37181,42342,59114,73108,82840,131363,173110
1300,1754,1754.000,4391,21706,36177,42910,58295,74208,90872,142412,168347
1301,1705,1705.000,4486,22670,36170,43685,61489,75050,84479,138852,163497
1302,1757,1757.000,4158,22035,35212,43086,60967,74960,87818,142349,172072
1303,1653,1653.000,4102,22361,33152,45135,62170,81565,103622,157488,216878
1304,1784,1784.000,4844,21396,34929,42388,59854,73044,84236,138762,183073
1305,1232,1232.000,4164,23245,37203,60615,63984,101683,317847,357453,407043
1306,1813,1813.000,4267,20986,32237,41226,57697,72965,85855,140590,164124
1307,1586,1586.000,4269,25259,37079,47348,64158,82304,101776,147736,169691
1308,1621,1621.000,3782,24097,35034,46694,65449,82532,95652,151501,300719
1309,1656,1656.000,4486,23638,35581,44689,62592,79083,90552,145451,174638
1310,1626,1626.000,4208,23201,36934,45803,62630,78337,93507,149986,279190
1311,1683,1683.000,4244,23193,36945,44974,62036,78344,90172,142748,175353
1312,1672,1672.000,4971,22923,35936,44934,62144,77960,97756,143786,175990
1313,1783,1783.000,4510,20804,33700,42075,59200,72963,85269,137399,154749
1314,1974,1974.000,3796,18251,26075,37821,54216,67598,77235,132959,164367
1315,1725,1725.000,4124,22823,37035,43642,59553,75297,91672,135814,157323
1316,1768,1768.000,4241,21202,33761,42244,58673,73204,87282,137911,219978
1317,1688,1688.000,4872,23170,33349,44276,59637,77480,105486,146057,183008
1318,1800,1800.000,4292,20909,32059,41849,58128,73586,87132,140030,264414
1319,1666,1666.000,4029,22037,38397,44970,61937,78118,96479,148747,181671
1320,1752,1752.000,3728,21801,33452,43129,61055,78264,89713,144776,174698
1321,1716,1716.000,4729,22065,36969,43616,60158,76493,87485,149203,174478
1322,1256,1256.000,4292,21492,38349,59159,61152,85682,324197,373498,441538
1323,1865,1865.000,3947,18746,30352,40608,57563,74065,86111,141704,309182
1324,1738,1738.000,3922,23248,35957,42698,57654,73563,85538,139775,184727
1325,1799,1799.000,4250,22200,35989,41941,57732,70632,83696,133095,147076
1326,1764,1764.000,4212,22366,34983,42588,58876,72457,84491,133837,154795
1327,1696,1696.000,4881,22864,39557,44480,60489,76368,85523,143883,291147
1328,1857,1857.000,4056,20879,32045,40361,57203,72154,82491,128899,154321
1329,1736,1736.000,4252,21092,33669,42615,59982,74741,91923,141815,164020
1330,1809,1809.000,3717,20537,33305,41844,59071,72926,83935,141460,165376
1331,1504,1504.000,3598,17691,27122,49846,55179,72341,138287,342997,409904
1332,1820,1820.000,4744,21442,33026,40856,57275,72358,81127,132940,172506
1333,1722,1722.000,4683,23101,36624,43303,59483,72269,84003,137091,157900
1334,1811,1811.000,4011,21886,33299,42098,58828,73327,86033,133477,150902
1335,1816,1816.000,4268,21968,33670,40886,57619,71281,79533,125364,152856
1336,1742,1742.000,4332,22342,35632,43235,59543,74619,90859,136362,160956
1337,1787,1787.000,4669,22369,34569,42038,59675,72976,81579,133170,154408
1338,1836,1836.000,3988,20440,33311,40596,56154,70423,83810,132015,161507
1339,1368,1368.000,4101,20396,31636,54944,58849,82096,297706,349785,430771
1340,1935,1935.000,4137,18452,31984,38622,54230,68131,79977,132039,153414
1341,1710,1710.000,4171,24537,36937,44116,61303,74280,84496,136077,158879
1342,1674,1674.000,4727,22852,39998,44416,62564,74539,84968,139643,178459
1343,1784,1784.000,3606,22430,35230,42331,58275,72171,83325,132076,235438
1344,1833,1833.000,4197,21364,32676,40644,57031,70351,81327,127015,160127
1345,1840,1840.000,4502,21103,32225,40984,56708,71624,84012,136530,170237
1346,1864,1864.000,4183,20241,33004,40073,56737,69525,80180,133570,157427
1347,1770,1770.000,4485,20254,34731,42961,59271,75514,97162,148065,407801
1348,1467,1467.000,3947,17891,32622,50468,55530,75029,140932,338262,347173
1349,1695,1695.000,3705,22708,35671,44443,60624,79832,101820,149003,168827
1350,1737,1737.000,4232,22447,33598,43074,58602,73577,89146,136516,337701
1351,1825,1825.000,4486,21077,30953,40723,57230,71440,83300,132337,177450
1352,1872,1872.000,4515,20584,32976,40381,56970,69854,78799,131709,150393
1353,1812,1812.000,4398,21814,34331,41387,56619,71788,81749,135118,151660
1354,1819,1819.000,3671,21635,31747,41286,57094,72829,82446,133085,157100
1355,1804,1804.000,4233,21453,31578,41402,57869,72683,84501,137181,168663
1356,1388,1388.000,4342,19812,32030,54107,59915,76591,301592,342892,409616
1357,1909,1909.000,4788,19792,32169,39275,54024,67670,79114,125655,334836
1358,1856,1856.000,4587,21887,33439,40420,56028,69543,80715,125253,142201
1359,1795,1795.000,3821,21798,36153,42161,57737,70968,85977,129646,285950
1360,1763,1763.000,4324,21777,32685,42230,58618,73191,87889,140047,159424
1361,1798,1798.000,4488,21537,36419,41398,56645,69436,81328,128357,148824
1362,1906,1906.000,3737,19800,33194,39732,55030,69573,82821,132776,156842
1363,1724,1724.000,3601,21830,39237,43412,59416,74174,93605,138918,182430
1364,1497,1497.000,4591,21480,34744,49730,59027,75641,222533,264232,322820
1365,1890,1890.000,3798,20663,33775,39937,55449,68790,81775,127044,145585
1366,1728,1728.000,4043,23474,37283,42766,58120,72765,84017,134421,152455
1367,1834,1834.000,4435,21486,34431,41722,57181,72473,90972,136423,156655
1368,1851,1851.000,4521,20535,31446,40311,56560,70415,81458,133404,149077
1369,1892,1892.000,3910,21458,32255,39532,55243,68045,78084,121673,152756
1370,1862,1862.000,3941,20760,33264,40078,55904,68627,77675,127064,154865
1371,1859,1859.000,4168,20518,31125,40556,56890,71592,81851,133118,165290
1372,1382,1382.000,3793,21097,33273,54475,61416,82016,279600,323803,391506
1373,1940,1940.000,4267,18094,29920,38641,54430,69800,81523,131905,151759
1374,1733,1733.000,3897,23769,34520,43047,59156,73798,83992,132464,162562
1375,1710,1710.000,4054,22389,36730,43814,61434,75959,89948,140417,160293
1376,1830,1830.000,4620,20747,33070,41166,57460,71855,86570,134171,162814
1377,1801,1801.000,4013,21049,30871,41668,57485,73616,85711,143127,177846
1378,1799,1799.000,4553,21530,32005,41269,58126,72078,83573,137895,163963
1379,1837,1837.000,3785,20552,32318,41071,56173,72354,87056,141361,374681
1380,1708,1708.000,5255,20581,34896,44219,62504,78520,95359,148126,167210
1381,1950,1950.000,4462,17777,26125,38030,54722,69384,79887,132982,148127
1382,1685,1685.000,4570,23668,36010,44789,62233,76830,86140,144005,179735
1383,1671,1671.000,4796,23621,37409,45101,62407,77936,89573,141309,169283
1384,1734,1734.000,4668,22301,34919,43127,59748,76234,89110,147188,166088
1385,1679,1679.000,4131,22296,36913,44476,61976,77715,96329,141190,175042
1386,1705,1705.000,4229,22276,31575,44145,62727,77940,87373,148462,177823
1387,1671,1671.000,4112,22803,35005,45031,63768,77666,89212,157185,182054
1388,1835,1835.000,4698,20302,31152,40789,57617,72952,81938,137608,160283
1389,1928,1928.000,4058,18837,28590,38645,53997,69294,80629,135524,159882
1390,1794,1794.000,4346,21436,32780,41979,59246,74724,83858,135848,165977
1391,1870,1870.000,4013,21955,32494,39919,55389,68482,76382,124832,268716
1392,1806,1806.000,4246,21424,34273,41800,57566,73802,86771,140698,168543
1393,1444,1444.000,4758,24698,40724,51845,70964,93484,125482,176671,281003
1394,1853,1853.000,4456,20205,30262,40432,57213,71959,82069,138042,174888
1395,1831,1831.000,4707,20452,30430,40986,58219,72739,84006,137915,160070
1396,1799,1799.000,4418,20659,36138,41891,58044,73485,83611,143161,164569
1397,1711,1711.000,5156,20776,27213,43392,63109,78397,91580,148088,183238
1398,1835,1835.000,4831,19350,32628,41110,57978,71646,86955,139963,157022
1399,1738,1738.000,4206,23982,35493,43016,58464,71608,87399,131626,157717
1400,1788,1788.000,4235,21210,36279,41660,57956,72347,82536,138386,162801
1401,1787,1787.000,4168,21999,33102,42076,58474,72693,86494,135868,163625
1402,1820,1820.000,3936,21208,33965,41512,59121,70853,84556,134153,146962
1403,1801,1801.000,4588,20680,32786,41625,59245,73219,85886,136667,156118
1404,1828,1828.000,4760,20752,31386,40685,57350,71084,83119,131265,159073
1405,1637,1637.000,4509,20231,32120,51391,57096,79060,143374,328084,363654
1406,1815,1815.000,4070,17236,30700,36415,52153,64079,74215,120215,133269
1407,1727,1727.000,4182,23619,37164,43718,59741,74151,87255,132696,148850
1408,1829,1829.000,4400,22175,32796,41117,57951,71176,80832,131749,154121
1409,1660,1660.000,4142,21738,35969,44883,61668,81139,103357,149498,190395
1410,1704,1704.000,4421,22708,34388,44121,62154,77198,86809,142953,162442
1411,1674,1674.000,4655,23561,35527,44867,62525,76918,88400,144685,172886
1412,1741,1741.000,5081,22059,30608,42801,60695,75899,86754,144210,172697
1413,1729,1729.000,4520,22045,31951,43430,60812,76451,89472,146410,293317
1414,1363,1363.000,4125,21230,34224,54623,63451,92145,245984,287550,379308
1415,1824,1824.000,4517,19746,33687,41721,58961,74809,89364,141890,265727
1416,1646,1646.000,3824,23377,38092,44990,62115,77790,93839,142048,164431
1417,1667,1667.000,4055,23952,36167,45108,62042,77500,94803,142435,287348
1418,1869,1869.000,4124,22226,33688,40143,55280,68477,79109,125245,151370
1419,1801,1801.000,3813,22167,34034,41226,55683,70395,83384,129013,147915
1420,1784,1784.000,3691,21896,34069,42550,57859,74297,92606,148171,169303
1421,1320,1320.000,4199,21592,38661,60280,65074,119269,294960,344895,410156
1422,1544,1544.000,4561,21374,35342,52726,60817,79923,154527,309807,388892
1423,1408,1408.000,4750,21726,36329,45017,62303,80823,96658,148098,202584
1424,1627,1627.000,4721,25018,38904,46394,63249,78589,100360,146476,168571
1425,1607,1607.000,5014,24383,39507,46728,63939,79977,105590,148081,173519
1426,1641,1641.000,4859,23683,34452,45950,63793,78429,90370,152421,185911
1427,1711,1711.000,5150,22460,30313,43852,61923,75977,87025,144672,180792
1428,1729,1729.000,4830,21568,30932,43235,61309,76310,88095,144122,160224
1429,1287,1287.000,4614,22610,37993,58129,63233,86425,291495,333589,395665
1430,1303,1303.000,4734,21310,35658,57559,62912,87830,296431,338140,425803
1431,1220,1220.000,4760,22950,39229,61634,67212,90494,314507,361499,428297
1432,1584,1584.000,4154,24597,41569,47699,65516,82505,100696,147300,192842
1433,1663,1663.000,4136,23265,35997,44260,61275,76243,86854,142683,169745
1434,1716,1716.000,4564,22978,37049,44242,60850,76107,86082,143254,174846
1435,1528,1528.000,5037,28576,43897,49189,66158,81888,93778,144340,171264
1436,1593,1593.000,4950,23813,39830,46217,63918,79075,92789,148256,163252
1437,1418,1418.000,3558,23852,37469,53782,65412,87131,202495,247507,315319
1438,863,863.000,5196,22517,43412,91578,81845,309434,364771,398272,443891
1439,1587,1587.000,4666,20649,34676,54635,64096,98990,180795,311821,358533
1440,1378,1378.000,5162,19980,35057,42643,59062,77399,93199,145378,240436
1441,1583,1583.000,4627,24334,40775,47760,65677,83026,109266,147916,192321
1442,1659,1659.000,4827,23021,38762,45094,62544,78694,86816,143337,163598
1443,1586,1586.000,4696,23655,41279,47012,65684,82325,95463,147518,164733
1444,1700,1700.000,4540,22565,32517,44028,62048,77523,90882,152303,241250
1445,1711,1711.000,4553,21901,32793,43833,63019,76904,85610,145691,168430
1446,1495,1495.000,3530,20552,35090,50015,61519,81269,201380,239760,309302
1447,1315,1315.000,4590,21823,37295,57609,65926,90264,268721,320374,374414
1448,1437,1437.000,4140,20404,30365,53270,61283,82325,267777,306970,379429
1449,1806,1806.000,4398,19346,32292,40285,57253,71641,80566,135004,167130
1450,1693,1693.000,4474,24684,38288,44524,61121,72405,89518,131192,159549
1451,1721,1721.000,4526,23663,38725,43217,59107,72666,81517,131754,158027
1452,1676,1676.000,4330,23296,39281,45030,62294,77150,93847,140343,170902
1453,1741,1741.000,3900,21828,37455,43306,59595,74907,84222,136251,167840
1454,1887,1887.000,4512,19369,30029,38949,55494,67514,78205,128139,157635
1455,1888,1888.000,3746,20766,33475,40310,55852,69059,81464,129639,143647
1456,1874,1874.000,4335,20149,31396,42513,55652,70133,109409,255329,321584
1457,1578,1578.000,4386,18985,30692,44597,56469,75017,128706,226412,255386
1458,1740,1740.000,3891,22345,35096,43006,58913,72956,103105,134519,153884
1459,1791,1791.000,3904,22511,34076,41561,56764,72830,84905,130204,263654
1460,1805,1805.000,3961,21955,34504,41701,57375,72709,85495,131887,150303
1461,1869,1869.000,3757,21678,34941,40302,55626,70225,78650,126515,147564
1462,1882,1882.000,4416,20531,31042,39213,55284,68517,77072,128684,151806
1463,1915,1915.000,4423,20619,31205,39423,55607,67850,76671,130510,164481
1464,1981,1981.000,4384,19386,31467,38288,53056,66222,76201,123284,148956
1465,1579,1579.000,3990,18982,31756,47317,54661,72775,140736,271679,311235
1466,1904,1904.000,3633,20593,30522,39328,56123,68816,76212,130277,151210
1467,1836,1836.000,3968,21577,29857,40660,57347,70485,81315,134522,165045
1468,1788,1788.000,4365,21564,36711,41993,58153,71954,84654,134656,152107
1469,1630,1630.000,3564,21975,38526,46831,62203,85982,112517,165168,243198
1470,1679,1679.000,4397,21942,36747,44161,61858,76651,91753,145904,171156
1471,1668,1668.000,4225,22099,35942,44789,62214,78414,93295,147277,163871
1472,1779,1779.000,4508,20846,32190,42355,58948,74340,91580,145550,162924
1473,1890,1890.000,4556,19302,28479,39363,55733,69113,82346,132459,162211
1474,1805,1805.000,3948,21287,36604,41497,57437,70415,83183,127974,297800
1475,1786,1786.000,3967,22673,36976,42343,57768,71487,82320,133680,159374
1476,1705,1705.000,3998,23489,39277,43935,60182,73933,82584,130918,154037
1477,1770,1770.000,4855,22515,32371,42646,59532,75235,85229,138315,162768
1478,1651,1651.000,4081,24158,37032,45476,61411,78206,97153,143229,183015
1479,1588,1588.000,4296,22606,38589,47258,63309,87247,122606,150479,188146
1480,1233,1233.000,4292,23032,37173,62269,73609,144297,227969,268363,418515
1481,1162,1162.000,4764,22777,42415,63486,74248,157191,204372,278116,357848
1482,1141,1141.000,5247,24419,44399,67201,88740,162048,200525,247090,291695
1483,875,875.000,6238,32114,57899,85198,132516,200502,224888,265192,318613
1484,846,846.000,5258,32858,62524,88949,136758,199583,228922,265155,314732
1485,1112,1112.000,4822,29099,49636,66008,83950,148674,180028,230300,289518
1486,1625,1625.000,4428,24087,37403,45485,62079,80253,96498,149386,190331
1487,1811,1811.000,4015,21905,30082,41333,57958,72502,83784,133164,155943
1488,1487,1487.000,4400,21369,38091,52227,62057,99134,210270,249749,310669
1489,1102,1102.000,4037,25974,41492,66902,72775,140908,268059,324477,366170
1490,903,903.000,5087,25436,43406,83260,85191,191021,363254,459605,536094
1491,940,940.000,4672,25648,40095,80092,78965,181423,359713,433929,474364
1492,1736,1736.000,4544,22216,35489,41978,57859,71894,84832,133955,155199
1493,1814,1814.000,3496,22660,34344,41488,58083,71324,78421,129739,147689
1494,1819,1819.000,4080,21066,34671,41200,56857,71085,80354,136631,162877
1495,1818,1818.000,4127,20882,30632,41442,58955,72120,88733,134130,158867
1496,1540,1540.000,4439,21563,37431,48306,57503,75633,137460,236919,300981
1497,1509,1509.000,3707,21226,37392,49882,59740,80346,161957,249094,308932
1498,1320,1320.000,4678,21896,36923,56920,62594,83316,301458,335741,399900
1499,1255,1255.000,4350,23009,38339,59565,64078,97715,303187,346228,415372
1500,1336,1336.000,4004,20297,36907,56227,59945,81303,299376,340046,408530
1501,1698,1698.000,3751,22631,36434,44262,61801,75898,90986,146942,269675
1502,1611,1611.000,4665,25284,39988,46817,64226,79809,90437,145763,171783
1503,1662,1662.000,4298,23404,37188,44538,61099,77860,92163,142311,165392
1504,1742,1742.000,4459,24441,36988,43100,58481,73251,85007,129724,154846
1505,1865,1865.000,4196,21268,32703,40198,55703,69558,78909,130910,150707
1506,1523,1523.000,4474,22772,37128,50639,61051,79474,152118,246227,285739
1507,1433,1433.000,4683,21546,36573,51231,61026,80258,219371,261614,318260
1508,1463,1463.000,4052,21755,31482,50915,59186,77829,228995,283977,346851
1509,1372,1372.000,4077,21001,33867,54680,63554,82005,276800,316455,373333
1510,1437,1437.000,4398,20224,32047,52554,61911,80434,261408,305474,377676
1511,1794,1794.000,4869,21341,31732,41592,58553,73687,87335,138231,159862
1512,1684,1684.000,4944,23790,38855,44760,61980,75065,84263,137469,301227
1513,1679,1679.000,4647,23572,32703,44470,60885,78170,112374,143582,172580
1514,1846,1846.000,4240,21000,32232,40556,56694,70687,79893,131830,147518
1515,1864,1864.000,4106,21081,28487,39930,55696,70350,80962,134592,157104
1516,1464,1464.000,4327,23029,35138,52120,61897,86332,208354,256425,328321
1517,1395,1395.000,4950,22713,35680,53498,66683,92964,196619,240721,301460
1518,1425,1425.000,4482,21303,32243,52755,59322,79657,264137,304812,367185
1519,1374,1374.000,4667,22079,36523,54065,62614,86015,234434,275604,371167
1520,1696,1696.000,4680,21497,39006,44395,62242,76555,99341,137888,152017
1521,1807,1807.000,4335,22215,33136,41169,57073,70612,79880,132386,154988
1522,1803,1803.000,3858,22459,33847,41854,57993,72354,83204,133445,170960
1523,1704,1704.000,4720,22679,37661,44281,61158,75249,86500,139819,154921
1524,1798,1798.000,4126,21999,34286,41348,57337,72006,79026,132979,153436
1525,1780,1780.000,4049,22204,37246,42495,58676,73972,82548,139420,187666
1526,1459,1459.000,4107,22273,30666,51034,61205,83800,205295,259771,327931
1527,1459,1459.000,4726,21548,37193,51682,63887,86462,196102,244778,314898
1528,1416,1416.000,4671,21651,36637,53046,65239,84898,214985,269573,368255
1529,1555,1555.000,4086,25541,40298,48488,66510,84488,105107,159469,215080
1530,1595,1595.000,3575,23803,39687,46575,65215,80500,93487,142932,172926
1531,1699,1699.000,4261,22669,36477,44074,62024,76866,88847,138956,155899
1532,1790,1790.000,4513,21749,31154,41821,58204,73802,83415,135427,157357
1533,1760,1760.000,4649,21694,32113,42694,59233,75003,87079,140448,163012
1534,1657,1657.000,4553,23210,40156,52552,63899,83584,148020,248171,326984
1535,1291,1291.000,4486,21214,38759,52457,64064,92000,203418,249431,289562
1536,1370,1370.000,4081,20995,35414,56330,61541,85248,296684,336325,402443
1537,1713,1713.000,4206,20491,29924,39587,56040,70647,81485,134342,152629
1538,1798,1798.000,4250,22220,34804,41637,57324,70058,80704,131818,149242
1539,1873,1873.000,4126,21524,32215,39964,55099,70557,80283,128008,142505
1540,1819,1819.000,4352,21169,32031,41504,57716,73234,95050,137055,154779
1541,1813,1813.000,4653,21008,33575,41335,56965,71611,84552,135734,153271
1542,1722,1722.000,4139,22229,31081,43577,61212,77365,89961,149319,199080
1543,1408,1408.000,4803,23492,40836,60191,65709,87569,310286,359593,444804
1544,1363,1363.000,4625,20899,28906,54658,56018,75222,326981,368613,435750
1545,1582,1582.000,4436,21138,32765,42022,58906,74029,84149,141114,165041
1546,1623,1623.000,4232,25617,38158,45594,62511,77065,86405,147343,172412
1547,1729,1729.000,4487,23722,34662,43555,60406,75154,88689,140555,267343
1548,1632,1632.000,4556,22873,39076,45601,63233,77878,105663,142000,156994
1549,1725,1725.000,3874,22833,35315,43527,61072,74419,87751,138287,159140
1550,1721,1721.000,4464,23024,34521,43589,61983,74975,83892,140143,167098
1551,1512,1512.000,4241,26284,38944,49973,69798,86243,102048,155678,176085
1552,1181,1181.000,4444,23764,41428,63470,71728,98917,289460,335359,411609
1553,1248,1248.000,4358,22634,36383,59835,66629,91680,290795,339666,415268
1554,1518,1518.000,4146,24774,40715,49397,67481,86254,107977,157110,232719
1555,1549,1549.000,3856,25358,40298,47999,64952,83249,100144,154535,200413
1556,1715,1715.000,4702,22946,36340,44075,60949,77290,88964,139434,167943
1557,1619,1619.000,4796,24406,39035,46386,63298,80532,99384,146158,176919
1558,1619,1619.000,4851,24512,38731,46219,64571,78257,95433,145327,164703
1559,1561,1561.000,4305,24168,43859,48279,64805,84325,100216,157464,190306
1560,1315,1315.000,4575,24630,42569,56862,63740,86573,249331,289415,358744
1561,1501,1501.000,4436,21431,35254,50106,61331,81182,159130,232559,321327
1562,1435,1435.000,4568,23046,41544,52095,62656,80205,194363,244060,309490
1563,1769,1769.000,4749,22037,36021,42850,59972,74654,84844,143870,171355
1564,1576,1576.000,4261,24580,38963,46767,63789,81495,94273,150497,183231
1565,1758,1758.000,4063,22703,35305,42705,59457,73109,83177,139093,163860
1566,1740,1740.000,4293,22655,35207,43478,60885,74406,84379,142562,171211
1567,1682,1682.000,4363,23065,37499,44496,61087,76853,99061,138457,172099
1568,1757,1757.000,4089,21710,37599,42218,57923,72149,84240,129928,163043
1569,1578,1578.000,4410,20595,32681,47600,55852,74305,137295,257399,323129
1570,1513,1513.000,3906,21352,35110,49907,59469,80742,204003,250253,313699
1571,1550,1550.000,4409,20544,35621,52242,57881,113835,213359,245700,287470
1572,1410,1410.000,4216,22550,38805,48529,62084,82935,132387,205504,215826
1573,1685,1685.000,4106,23490,37885,45395,63368,77229,88746,148218,167164
1574,1738,1738.000,4353,23002,33854,42639,58190,73084,84703,136189,168606
1575,1771,1771.000,3991,23444,36497,42466,57946,71947,82480,132179,157043
1576,1575,1575.000,4605,24856,43730,47745,65293,81237,96318,149124,193946
1577,1315,1315.000,4318,23368,41320,56463,66852,92359,222710,256208,356233
1578,1402,1402.000,4794,23236,38235,53877,64462,90408,202507,250936,334280
1579,1332,1332.000,4640,23611,42876,55793,67673,94847,203812,254931,326042
1580,1485,1485.000,4367,21429,33961,56119,61836,117825,233672,273835,349161
1581,1170,1170.000,4584,22915,36112,56915,62218,126955,215397,240574,296612
1582,1831,1831.000,3741,22472,34645,40823,56725,69501,78617,127681,143153
1583,1671,1671.000,4049,25988,38803,45614,61527,77563,88583,138513,165040
1584,1686,1686.000,4394,24686,38358,44124,60273,73897,86486,137932,152269
1585,1424,1424.000,4151,23628,37527,52586,60975,78894,209345,269026,332889
1586,1451,1451.000,4088,24089,40246,52480,61557,77379,205343,252210,334898
1587,1166,1166.000,4485,22665,36568,63217,67200,203425,225932,257406,319968
1588,1437,1437.000,4058,24200,37902,52451,62372,106337,200262,252303,324917
1589,1370,1370.000,4777,23440,37704,55505,61318,85733,240805,289146,366455
1590,1166,1166.000,4533,23508,42177,70777,67883,257207,278718,314321,371265
1591,1243,1243.000,4107,21201,35578,58301,60840,88706,314016,354327,381687
1592,1303,1303.000,4984,21335,35022,56920,61732,81377,292904,340542,458290
1593,1572,1572.000,4626,21986,37045,44610,62975,78031,92284,146848,164111
1594,1643,1643.000,4548,24858,38284,45215,62313,77961,86311,140508,173961
1595,1620,1620.000,4588,25511,40043,46838,63789,78940,95197,144658,174924
1596,1258,1258.000,4270,24623,39157,65314,69939,218297,231298,261135,327122
1597,1180,1180.000,4804,23939,42078,57564,69769,98666,212892,256830,354336
1598,1306,1306.000,4841,23734,40452,58023,67998,119863,211603,264458,395848
1599,962,962.000,5126,26706,43361,79955,82520,237386,265559,339498,429855
1600,1022,1022.000,4317,28431,45659,70865,76986,156404,256857,345178,415843
1601,1342,1342.000,4303,25893,38986,55299,64240,99769,207176,265074,337147
1602,1207,1207.000,4457,25753,46437,74691,74659,261689,281290,320428,413630
1603,1097,1097.000,4328,20293,34654,66809,59927,101569,425311,464221,496670
1604,912,912.000,4020,34360,46562,69897,75331,121371,297358,340753,398881
1605,1278,1278.000,4086,21447,36108,56747,61338,82679,293431,340027,387936
1606,1665,1665.000,4144,23015,39842,45193,61611,77094,92682,147235,183776
1607,1598,1598.000,4504,25210,38459,47290,66226,80556,92880,147889,324712
1608,1021,1021.000,4174,24684,45955,72281,71065,229300,252650,283667,355020
1609,1400,1400.000,4099,24305,39654,57424,64984,115066,217040,270129,337960
1610,1111,1111.000,4702,22760,37585,62692,67529,210103,236506,258274,323577
1611,1404,1404.000,4978,23718,37348,54507,64929,90180,198648,255377,331735
1612,1092,1092.000,4057,23570,39317,66944,73428,213628,230146,262743,321877
1613,1471,1471.000,4040,22545,36523,51520,61833,79719,204835,254531,318684
1614,1400,1400.000,4575,21717,41687,59640,63081,126941,248172,285347,350787
1615,1085,1085.000,4216,21999,40735,60719,64699,134086,243108,281335,347580
1616,1292,1292.000,4841,21987,39339,58746,65080,97705,283685,322794,401291
1617,1186,1186.000,4649,24080,47338,63155,68605,97458,278891,335970,425258
1618,1640,1640.000,3878,24056,40789,45417,61731,75490,89078,139124,245344
1619,1567,1567.000,3665,23496,39324,53676,65371,89093,173632,254987,313044
1620,1233,1233.000,4296,23762,38029,53463,63555,90577,200320,242512,313989
1621,1082,1082.000,3903,24916,40236,68415,68293,218609,240853,264070,311295
1622,1500,1500.000,4802,23114,36285,51139,60692,83157,190544,244962,323818
1623,1153,1153.000,4132,24645,42461,64925,68726,201614,221701,258773,311031
1624,1458,1458.000,4559,22158,32199,51127,61020,84212,201441,257586,346283
1625,1427,1427.000,4688,23307,41133,62274,65067,201320,231529,273416,328148
1626,1031,1031.000,5035,22996,33849,58082,67170,131915,222384,276423,337253
1627,1276,1276.000,4704,24889,47170,60877,72721,123172,213727,259397,353234
1628,690,690.000,4887,52493,66796,106650,95145,408082,422192,477938,528168
1629,1772,1772.000,4239,21574,33288,42261,58625,74022,88166,137042,162113
1630,1628,1628.000,4325,25805,37646,45852,64310,77595,88349,142394,162863
1631,1670,1670.000,4616,23472,35854,44838,62128,77735,95395,145005,169801
1632,1482,1482.000,3955,23417,38521,52168,61588,78132,213741,257862,330028
1633,1262,1262.000,4374,25194,45055,64893,72447,204954,218082,249107,324800
1634,1266,1266.000,4282,22683,39301,52126,62463,86437,193325,235864,320468
1635,1570,1570.000,4437,19890,36146,48047,58907,76047,137263,240546,317918
1636,1481,1481.000,4037,21467,35317,50485,61910,86929,174886,231535,327934
1637,1361,1361.000,5069,23459,41851,54884,67397,88846,202438,237631,321425
1638,1062,1062.000,5238,24337,55192,72566,74597,127897,347585,365791,440595
1639,1633,1633.000,4318,22261,37211,44568,61434,77739,96382,145062,172572
1640,1622,1622.000,4697,25593,41757,46845,62724,79398,93787,148937,168548
1641,1634,1634.000,4409,23593,40002,45549,63702,76473,90639,140369,164862
1642,1691,1691.000,4519,22704,35714,44800,62646,78847,92690,150743,182568
1643,1555,1555.000,5380,24240,41365,47349,65707,80113,89715,150931,163217
1644,1779,1779.000,4293,21543,30560,42647,60083,74334,88148,140087,165426
1645,1335,1335.000,4934,22940,36714,56636,68947,101306,217238,277421,365508
1646,1419,1419.000,4120,21112,34387,52756,64473,87293,204133,258041,346530
1647,1445,1445.000,4680,20936,34359,51556,61287,87876,215204,268958,339515
1648,1721,1721.000,3661,22782,36800,43664,60613,74560,84900,139394,239780
1649,1694,1694.000,4017,22225,37860,43857,60897,76987,99935,136379,178290
1650,1774,1774.000,5227,21896,29629,42721,59336,76248,86981,151315,175873
1651,1684,1684.000,4164,23347,37485,44120,60575,76232,88109,143731,162021
1652,1793,1793.000,5161,20853,32526,41937,58653,74974,86078,139867,166705
1653,1665,1665.000,4688,23194,36924,45532,62541,80440,92658,147897,178096
1654,1494,1494.000,4115,20529,36446,49643,60554,80200,188178,250775,325687
1655,1405,1405.000,3725,21626,39547,53766,64307,91899,204409,262582,308104
1656,1639,1639.000,4184,24079,36208,45791,62895,79322,98483,151108,179268
1657,1692,1692.000,4331,23780,36019,44261,61022,75931,86112,145956,289651
1658,1592,1592.000,4535,25702,40249,46880,63942,78153,97097,149974,166250
1659,1708,1708.000,4954,23983,36342,44031,60389,74508,85402,140531,160237
1660,1626,1626.000,3951,23760,36953,46254,64488,80238,92979,149467,180637
1661,1728,1728.000,3989,22395,32372,43148,60534,75072,86034,143057,164589
1662,1184,1184.000,4224,22740,41190,63516,69409,116235,308699,351065,444709
1663,1655,1655.000,4468,22987,36919,45118,62879,79736,92942,153968,189522
1664,1712,1712.000,4158,23222,35891,43944,60627,75418,85935,138331,170964
1665,1716,1716.000,4935,23286,37092,43716,60875,74515,84313,136886,276673
1666,1662,1662.000,4150,24031,36540,45117,61394,76918,95239,141549,174317
1667,1650,1650.000,4235,23980,37934,45010,61430,76778,90647,138391,274936
1668,1794,1794.000,4282,22286,31649,42205,59134,73206,83114,139159,175242
1669,1391,1391.000,4095,21784,33917,53612,61499,83414,247399,297590,364393
1670,1367,1367.000,4642,23127,39517,54967,65169,87844,228406,269155,339639
1671,1524,1524.000,4224,21111,29410,48816,58765,79438,153977,235891,328740
1672,1740,1740.000,4401,23975,36153,43441,59762,74453,83634,137240,163151
1673,1646,1646.000,4394,24532,38291,45455,63761,76539,89115,139981,168678
1674,1701,1701.000,4529,23820,39634,44490,61339,74781,84831,140540,173079
1675,1658,1658.000,3925,24307,36368,44967,62408,78379,90645,143468,161614
1676,1414,1414.000,4321,25532,43521,56776,67590,90525,216355,265549,362603
1677,1243,1243.000,4672,22553,36856,55993,69631,103312,206118,248215,314504
1678,1364,1364.000,5348,23189,38156,54524,64316,85714,217241,269014,330799
1679,1457,1457.000,4388,21317,33812,57203,65790,94556,219400,362372,424530
1680,1137,1137.000,3971,23349,42923,68723,66189,225591,281183,348452,355647
1681,1412,1412.000,4768,23475,37325,45429,62967,79359,91403,147077,177133
1682,1575,1575.000,4872,26128,40290,47937,66186,80902,94473,148710,174527
1683,1605,1605.000,4176,24394,36159,46374,63389,79804,93910,147646,170459
1684,1691,1691.000,4194,23318,38065,44619,60887,75017,89213,143379,346803
1685,1054,1054.000,3937,22741,39906,69786,65862,243575,261274,290529,366528
1686,1502,1502.000,4064,22517,35845,50686,60081,77120,160636,256594,325432
1687,1520,1520.000,3725,21607,34740,56910,59808,122614,242159,294917,339774
1688,1063,1063.000,4426,22934,38240,58727,63158,124478,240700,265872,334630
1689,1459,1459.000,4210,22736,36994,51878,58177,75275,243427,287066,359371
1690,1340,1340.000,4147,23508,39812,55602,63442,85352,250938,286609,354348
1691,1444,1444.000,4547,22231,36371,52433,58456,77914,246520,300161,354370
1692,1397,1397.000,4611,21244,36833,57060,64175,116288,251844,280171,343889
1693,1340,1340.000,4644,23750,41566,52277,66085,83548,139466,244555,266567
1694,1698,1698.000,4123,23601,38207,44278,60659,75070,87508,142699,158335
1695,1367,1367.000,4675,22796,41844,54973,63384,84297,218659,274402,341094
1696,1349,1349.000,4161,25912,42560,55504,65109,84164,211282,253197,324985
1697,1107,1107.000,4296,24664,44200,68101,71994,215095,229876,258268,312058
1698,1308,1308.000,4705,25275,41794,56638,66431,85823,223004,265956,328332
1699,1345,1345.000,4025,25568,41058,62953,69530,204405,219033,252770,311977
1700,1213,1213.000,4361,23306,41373,54021,64478,107482,199804,229107,292459
1701,1530,1530.000,4175,21082,32920,49167,59209,78803,142930,252863,345451
1702,1359,1359.000,4670,22406,37555,61515,63001,206822,230819,272642,346506
1703,1286,1286.000,4447,21907,33458,51332,58526,80652,213027,262739,342791
1704,1535,1535.000,4632,21072,36009,49006,58643,77199,159566,240053,289812
1705,1450,1450.000,4367,20944,38237,51589,61055,79149,223312,276434,336960
1706,1573,1573.000,3867,19786,36039,51225,56691,80140,225817,277408,335946
1707,1259,1259.000,4403,22642,41307,61097,64307,152757,238030,257354,302859
1708,1623,1623.000,4195,20732,37277,41493,56374,71854,85427,133808,160306
1709,1350,1350.000,4022,23461,40920,55829,67304,98489,215240,264467,353055
1710,1304,1304.000,4622,21788,39066,61339,67688,197072,223251,255784,326349
1711,1458,1458.000,3734,21036,33344,47967,58131,76572,192216,236731,327055
1712,1367,1367.000,4103,21252,36862,58655,64491,193548,221805,249656,311663
1713,1383,1383.000,4877,20922,29003,50490,62045,82086,208815,256161,316206
1714,1463,1463.000,4582,22384,38265,50922,61445,80444,186992,239150,299935
1715,1546,1546.000,4787,21126,36150,49765,59126,77347,202041,249212,331786
1716,1179,1179.000,4393,23067,40513,64350,65986,212494,240835,266144,335124
1717,1382,1382.000,4450,23178,38132,53182,62219,87376,198618,260393,320552
1718,1334,1334.000,4537,21969,35740,56722,67547,127944,222259,272313,330735
1719,1121,1121.000,5192,26696,42944,67145,78738,142228,263108,302476,370212
1720,951,951.000,5275,27465,53456,77802,79419,155446,329872,409982,476686
1721,1090,1090.000,5151,23428,43977,69948,79232,172583,255660,324663,383515
1722,1258,1258.000,4420,25742,43927,59197,79009,132529,161518,200763,256393
1723,1088,1088.000,4942,28279,48289,69467,88357,164980,195829,246674,299049
1724,860,860.000,6055,34088,61883,87991,130289,196591,233536,287545,330541
1725,785,785.000,6481,37029,65684,103484,143258,259282,306645,388182,426926
1726,782,782.000,4864,29813,54164,95627,136132,240018,271625,473717,513781
1727,1232,1232.000,5065,22599,37671,53749,65492,92265,193346,239482,309367
1728,1457,1457.000,4927,21614,36502,51367,61971,94751,193446,242942,321036
1729,1430,1430.000,4524,21499,38314,52641,65553,87052,205038,250736,428658
1730,1441,1441.000,3771,21620,36996,51709,63048,86138,197320,233831,337277
1731,1458,1458.000,4821,21340,37458,51645,64090,84895,193745,232506,313660
1732,1466,1466.000,4011,20700,37441,51186,62672,85108,198608,240676,302098
1733,1722,1722.000,4127,22491,37659,43578,60223,75748,88977,133312,156572
1734,1891,1891.000,4398,20670,30616,39666,55631,70727,79056,130692,169215
1735,1716,1716.000,3941,21631,34151,43923,62997,76866,90670,148698,166774
1736,1828,1828.000,4667,20945,29316,40786,57283,71934,80540,139459,160258
1737,1736,1736.000,4400,20526,33142,43527,61502,78701,100202,150542,318130
1738,1424,1424.000,4472,22244,34841,51982,64006,86839,198421,250098,339877
1739,1527,1527.000,4195,20703,38013,49567,59581,81259,158487,242967,306437
1740,1436,1436.000,4371,21326,33612,51747,62799,82403,216970,263354,323152
1741,1696,1696.000,4905,23327,35857,44287,61650,76488,87927,151863,189171
1742,1736,1736.000,4290,22454,34945,43082,60637,74283,85350,138729,165013
1743,1684,1684.000,5091,22038,32642,44962,64240,78850,90237,156867,176568
1744,1616,1616.000,4987,22966,35188,46536,65383,81556,99130,153150,183002
1745,1783,1783.000,4887,21228,30623,41954,59888,75242,84306,143942,185802
1746,1678,1678.000,4638,20831,34501,44572,62380,79753,98926,163799,199872
1747,1647,1647.000,4860,21092,32385,45803,66058,82948,93658,157953,179125
1748,1643,1643.000,5389,20415,37220,45618,64829,80828,123177,157229,184112
1749,1728,1728.000,4224,21395,34957,43236,62148,75840,85741,142055,173120
1750,1552,1552.000,4742,23735,40010,48992,66326,85567,129499,159266,175215
1751,1509,1509.000,5198,23795,42537,49146,70664,86184,96349,161201,172989
1752,1524,1524.000,5758,23087,37593,48796,70171,86685,97789,164078,193097
1753,1508,1508.000,5066,23517,35085,49635,69988,89721,104304,172661,206952
1754,1720,1720.000,4566,22128,33455,43826,60305,78589,93354,148757,169133
1755,1596,1596.000,4746,22788,37182,46692,66521,82415,91651,159694,185432
1756,1509,1509.000,4984,23076,37416,49960,70297,89090,103895,176242,198137
1757,1652,1652.000,5478,20221,28084,45629,66952,85272,96293,166208,180342
1758,1549,1549.000,5693,24221,33571,48620,70185,87121,96698,168207,197055
1759,1501,1501.000,5767,23916,35154,49469,69555,87996,99488,166450,197060
1760,1452,1452.000,5423,25200,44514,51353,73289,90519,100300,173848,192170
1761,1492,1492.000,4890,25425,39735,50648,72534,88387,99832,164252,189680
1762,1585,1585.000,4883,22984,36674,47265,65806,84213,97560,160700,201515
1763,1581,1581.000,5616,22329,30863,47538,69659,85330,94662,167641,191734
1764,1649,1649.000,5010,21281,30659,45956,67187,84986,94829,165249,184001
1765,1526,1526.000,5785,22943,37469,48424,68006,87548,100983,163717,185115
1766,1712,1712.000,5689,20581,30421,44263,64074,81050,90465,159670,185217
1767,1410,1410.000,5497,24896,40860,53516,76134,95522,109663,187417,211823
1768,1510,1510.000,5191,25364,35792,49102,70579,86842,98114,164287,181882
1769,1415,1415.000,4937,24211,42950,52605,73406,93813,119119,197045,263864
1770,1532,1532.000,5685,24369,38532,49604,69776,88121,100328,164821,186537
1771,1604,1604.000,4544,22783,37715,46149,65164,80353,93575,158270,189191
1772,1695,1695.000,4571,21600,32705,44253,62274,77873,93647,148284,179684
1773,1645,1645.000,4595,21478,34590,45507,64368,80726,91141,157570,173486
1774,1772,1772.000,5134,20569,28775,42466,59608,75849,90273,153270,177455
1775,1719,1719.000,4497,22042,32232,43482,60855,77870,90699,152453,177413
1776,1526,1526.000,5449,25263,40618,49620,69165,84782,99711,160336,174792
1777,1525,1525.000,4814,23940,36085,49457,70216,86231,101782,169699,196093
1778,1575,1575.000,4776,23049,38233,46489,65544,79859,89560,147941,179709
1779,1804,1804.000,4477,21117,29893,41690,58818,73933,83303,140064,201250
1780,1611,1611.000,5380,22286,35845,46853,66506,84711,97439,164526,192195
1781,1767,1767.000,4640,20033,34830,42375,59561,74521,87585,145513,167258
1782,1851,1851.000,4317,19587,34121,40473,58027,71693,81514,136204,165400
1783,1663,1663.000,4039,21225,33507,45529,63596,83107,101763,163547,188299
1784,1648,1648.000,4655,23862,34470,44954,62445,75942,87794,145955,171555
1785,1697,1697.000,4875,21952,34343,45075,63509,78640,94733,156663,184185
1786,1517,1517.000,4930,23951,38813,48460,70720,85757,95078,163691,187149
1787,1654,1654.000,4574,22692,31933,45611,65320,81216,90976,153822,173874
1788,1646,1646.000,5348,22090,32140,45915,65551,82459,91739,160865,188392
1789,1789,1789.000,4099,20136,31196,41462,57517,72240,85507,139591,162989
1790,1876,1876.000,4482,19572,33093,39954,56719,69580,78350,139128,168615
1791,1878,1878.000,4090,19973,34848,39740,55472,67858,78741,129458,168233
1792,1759,1759.000,3392,22272,33437,42927,60237,74486,83995,140407,163600
1793,1703,1703.000,4315,22739,35197,44402,61431,76346,88459,145378,170083
1794,1649,1649.000,4753,22365,32354,45459,64207,79877,116332,150840,173030
1795,1577,1577.000,4879,23110,33192,47388,66944,85667,102218,165467,191418
1796,1583,1583.000,5623,23717,32472,47668,68229,84827,98131,169526,186349
1797,1516,1516.000,5701,23123,33129,49546,71021,88362,101350,175923,398650
1798,1638,1638.000,5281,21346,30579,44977,65545,81422,92015,157387,303781
1799,1648,1648.000,4028,21028,37521,45996,64234,81991,106579,164255,205589
1800,1568,1568.000,5158,22944,32043,43930,61889,78696,88153,156317,185681
