time,measurement,field,value,application,batchId,configurationId,executionCounter,host,projectId,userId
2026-09-21 18:24:20+00:00,system,load1,1.32,dbms,09-2026,yugabyte-2026111-vanilla-os-large-large-aws-v2,1,ip-172-31-20-100,ranking,benchANT
2026-09-21 18:24:30+00:00,system,load1,3.29,dbms,09-2026,yugabyte-2026111-vanilla-os-large-large-aws-v2,1,ip-172-31-20-100,ranking,benchANT
2026-09-21 18:24:40+00:00,system,load1,7.38,dbms,09-2026,yugabyte-2026111-vanilla-os-large-large-aws-v2,1,ip-172-31-20-100,ranking,benchANT
2026-09-21 18:24:50+00:00,system,load1,10.19,dbms,09-2026,yugabyte-2026111-vanilla-os-large-large-aws-v2,1,ip-172-31-20-100,ranking,benchANT
2026-09-21 18:25:00+00:00,system,load1,12.83,dbms,09-2026,yugabyte-2026111-vanilla-os-large-large-aws-v2,1,ip-172-31-20-100,ranking,benchANT
2026-09-21 18:25:10+00:00,system,load1,14.63,dbms,09-2026,yugabyte-2026111-vanilla-os-large-large-aws-v2,1,ip-172-31-20-100,ranking,benchANT
2026-09-21 18:25:20+00:00,system,load1,15.82,dbms,09-2026,yugabyte-2026111-vanilla-os-large-large-aws-v2,1,ip-172-31-20-100,ranking,benchANT
2026-09-21 18:25:30+00:00,system,load1,17.66,dbms,09-2026,yugabyte-2026111-vanilla-os-large-large-aws-v2,1,ip-172-31-20-100,ranking,benchANT
2026-09-21 18:25:40+00:00,system,load1,18.66,dbms,09-2026,yugabyte-2026111-vanilla-os-large-large-aws-v2,1,ip-172-31-20-100,ranking,benchANT
2026-09-21 18:25:50+00:00,system,load1,20.52,dbms,09-2026,yugabyte-2026111-vanilla-os-large-large-aws-v2,1,ip-172-31-20-100,ranking,benchANT
2026-09-21 18:26:00+00:00,system,load1,22.39,dbms,09-2026,yugabyte-2026111-vanilla-os-large-large-aws-v2,1,ip-172-31-20-100,ranking,benchANT
2026-09-21 18:26:10+00:00,system,load1,21.92,dbms,09-2026,yugabyte-2026111-vanilla-os-large-large-aws-v2,1,ip-172-31-20-100,ranking,benchANT
2026-09-21 18:26:20+00:00,system,load1,22.68,dbms,09-2026,yugabyte-2026111-vanilla-os-large-large-aws-v2,1,ip-172-31-20-100,ranking,benchANT
2026-09-21 18:26:30+00:00,system,load1,23.29,dbms,09-2026,yugabyte-2026111-vanilla-os-large-large-aws-v2,1,ip-172-31-20-100,ranking,benchANT
2026-09-21 18:26:40+00:00,system,load1,24.12,dbms,09-2026,yugabyte-2026111-vanilla-os-large-large-aws-v2,1,ip-172-31-20-100,ranking,benchANT
2026-09-21 18:26:50+00:00,system,load1,25.11,dbms,09-2026,yugabyte-2026111-vanilla-os-large-large-aws-v2,1,ip-172-31-20-100,ranking,benchANT
2026-09-21 18:27:00+00:00,system,load1,26.42,dbms,09-2026,yugabyte-2026111-vanilla-os-large-large-aws-v2,1,ip-172-31-20-100,ranking,benchANT
2026-09-21 18:27:10+00:00,system,load1,27.26,dbms,09-2026,yugabyte-2026111-vanilla-os-large-large-aws-v2,1,ip-172-31-20-100,ranking,benchANT
2026-09-21 18:27:20+00:00,system,load1,25.63,dbms,09-2026,yugabyte-2026111-vanilla-os-large-large-aws-v2,1,ip-172-31-20-100,ranking,benchANT
2026-09-21 18:27:30+00:00,system,load1,27.06,dbms,09-2026,yugabyte-2026111-vanilla-os-large-large-aws-v2,1,ip-172-31-20-100,ranking,benchANT
2026-09-21 18:27:40+00:00,system,load1,24.92,dbms,09-2026,yugabyte-2026111-vanilla-os-large-large-aws-v2,1,ip-172-31-20-100,ranking,benchANT
2026-09-21 18:27:50+00:00,system,load1,23.83,dbms,09-2026,yugabyte-2026111-vanilla-os-large-large-aws-v2,1,ip-172-31-20-100,ranking,benchANT
2026-09-21 18:28:00+00:00,system,load1,23.1,dbms,09-2026,yugabyte-2026111-vanilla-os-large-large-aws-v2,1,ip-172-31-20-100,ranking,benchANT
2026-09-21 18:28:10+00:00,system,load1,23.88,dbms,09-2026,yugabyte-2026111-vanilla-os-large-large-aws-v2,1,ip-172-31-20-100,ranking,benchANT
2026-09-21 18:28:20+00:00,system,load1,24.86,dbms,09-2026,yugabyte-2026111-vanilla-os-large-large-aws-v2,1,ip-172-31-20-100,ranking,benchANT
2026-09-21 18:28:30+00:00,system,load1,25.37,dbms,09-2026,yugabyte-2026111-vanilla-os-large-large-aws-v2,1,ip-172-31-20-100,ranking,benchANT
2026-09-21 18:28:40+00:00,system,load1,24.83,dbms,09-2026,yugabyte-2026111-vanilla-os-large-large-aws-v2,1,ip-172-31-20-100,ranking,benchANT
2026-09-21 18:28:50+00:00,system,load1,23.2,dbms,09-2026,yugabyte-2026111-vanilla-os-large-large-aws-v2,1,ip-172-31-20-100,ranking,benchANT
2026-09-21 18:29:00+00:00,system,load1,22.45,dbms,09-2026,yugabyte-2026111-vanilla-os-large-large-aws-v2,1,ip-172-31-20-100,ranking,benchANT
2026-09-21 18:29:10+00:00,system,load1,22.94,dbms,09-2026,yugabyte-2026111-vanilla-os-large-large-aws-v2,1,ip-172-31-20-100,ranking,benchANT
2026-09-21 18:29:20+00:00,system,load1,25.03,dbms,09-2026,yugabyte-2026111-vanilla-os-large-large-aws-v2,1,ip-172-31-20-100,ranking,benchANT
2026-09-21 18:29:30+00:00,system,load1,25.63,dbms,09-2026,yugabyte-2026111-vanilla-os-large-large-aws-v2,1,ip-172-31-20-100,ranking,benchANT
2026-09-21 18:29:40+00:00,system,load1,26.55,dbms,09-2026,yugabyte-2026111-vanilla-os-large-large-aws-v2,1,ip-172-31-20-100,ranking,benchANT
2026-09-21 18:29:50+00:00,system,load1,27.04,dbms,09-2026,yugabyte-2026111-vanilla-os-large-large-aws-v2,1,ip-172-31-20-100,ranking,benchANT
2026-09-21 18:30:00+00:00,system,load1,25.5,dbms,09-2026,yugabyte-2026111-vanilla-os-large-large-aws-v2,1,ip-172-31-20-100,ranking,benchANT
2026-09-21 18:30:10+00:00,system,load1,27.6,dbms,09-2026,yugabyte-2026111-vanilla-os-large-large-aws-v2,1,ip-172-31-20-100,ranking,benchANT
2026-09-21 18:30:20+00:00,system,load1,26.63,dbms,09-2026,yugabyte-2026111-vanilla-os-large-large-aws-v2,1,ip-172-31-20-100,ranking,benchANT
2026-09-21 18:30:30+00:00,system,load1,25.93,dbms,09-2026,yugabyte-2026111-vanilla-os-large-large-aws-v2,1,ip-172-31-20-100,ranking,benchANT
2026-09-21 18:30:40+00:00,system,load1,25.89,dbms,09-2026,yugabyte-2026111-vanilla-os-large-large-aws-v2,1,ip-172-31-20-100,ranking,benchANT
2026-09-21 18:30:50+00:00,system,load1,25.4,dbms,09-2026,yugabyte-2026111-vanilla-os-large-large-aws-v2,1,ip-172-31-20-100,ranking,benchANT
2026-09-21 18:31:00+00:00,system,load1,24.59,dbms,09-2026,yugabyte-2026111-vanilla-os-large-large-aws-v2,1,ip-172-31-20-100,ranking,benchANT
2026-09-21 18:31:10+00:00,system,load1,25.8,dbms,09-2026,yugabyte-2026111-vanilla-os-large-large-aws-v2,1,ip-172-31-20-100,ranking,benchANT
2026-09-21 18:31:20+00:00,system,load1,27.02,dbms,09-2026,yugabyte-2026111-vanilla-os-large-large-aws-v2,1,ip-172-31-20-100,ranking,benchANT
2026-09-21 18:31:30+00:00,system,load1,27.06,dbms,09-2026,yugabyte-2026111-vanilla-os-large-large-aws-v2,1,ip-172-31-20-100,ranking,benchANT
2026-09-21 18:31:40+00:00,system,load1,27.65,dbms,09-2026,yugabyte-2026111-vanilla-os-large-large-aws-v2,1,ip-172-31-20-100,ranking,benchANT
2026-09-21 18:31:50+00:00,system,load1,27.4,dbms,09-2026,yugabyte-2026111-vanilla-os-large-large-aws-v2,1,ip-172-31-20-100,ranking,benchANT
2026-09-21 18:32:00+00:00,system,load1,26.27,dbms,09-2026,yugabyte-2026111-vanilla-os-large-large-aws-v2,1,ip-172-31-20-100,ranking,benchANT
2026-09-21 18:32:10+00:00,system,load1,27.48,dbms,09-2026,yugabyte-2026111-vanilla-os-large-large-aws-v2,1,ip-172-31-20-100,ranking,benchANT
2026-09-21 18:32:20+00:00,system,load1,27.51,dbms,09-2026,yugabyte-2026111-vanilla-os-large-large-aws-v2,1,ip-172-31-20-100,ranking,benchANT
2026-09-21 18:32:30+00:00,system,load1,26.48,dbms,09-2026,yugabyte-2026111-vanilla-os-large-large-aws-v2,1,ip-172-31-20-100,ranking,benchANT
2026-09-21 18:32:40+00:00,system,load1,26.98,dbms,09-2026,yugabyte-2026111-vanilla-os-large-large-aws-v2,1,ip-172-31-20-100,ranking,benchANT
2026-09-21 18:32:50+00:00,system,load1,25.36,dbms,09-2026,yugabyte-2026111-vanilla-os-large-large-aws-v2,1,ip-172-31-20-100,ranking,benchANT
2026-09-21 18:33:00+00:00,system,load1,24.34,dbms,09-2026,yugabyte-2026111-vanilla-os-large-large-aws-v2,1,ip-172-31-20-100,ranking,benchANT
2026-09-21 18:33:10+00:00,system,load1,25.9,dbms,09-2026,yugabyte-2026111-vanilla-os-large-large-aws-v2,1,ip-172-31-20-100,ranking,benchANT
2026-09-21 18:33:20+00:00,system,load1,25.98,dbms,09-2026,yugabyte-2026111-vanilla-os-large-large-aws-v2,1,ip-172-31-20-100,ranking,benchANT
2026-09-21 18:33:30+00:00,system,load1,26.92,dbms,09-2026,yugabyte-2026111-vanilla-os-large-large-aws-v2,1,ip-172-31-20-100,ranking,benchANT
2026-09-21 18:33:40+00:00,system,load1,26.33,dbms,09-2026,yugabyte-2026111-vanilla-os-large-large-aws-v2,1,ip-172-31-20-100,ranking,benchANT
2026-09-21 18:33:50+00:00,system,load1,25.23,dbms,09-2026,yugabyte-2026111-vanilla-os-large-large-aws-v2,1,ip-172-31-20-100,ranking,benchANT
2026-09-21 18:34:00+00:00,system,load1,25.66,dbms,09-2026,yugabyte-2026111-vanilla-os-large-large-aws-v2,1,ip-172-31-20-100,ranking,benchANT
2026-09-21 18:34:10+00:00,system,load1,26.49,dbms,09-2026,yugabyte-2026111-vanilla-os-large-large-aws-v2,1,ip-172-31-20-100,ranking,benchANT
2026-09-21 18:34:20+00:00,system,load1,26.42,dbms,09-2026,yugabyte-2026111-vanilla-os-large-large-aws-v2,1,ip-172-31-20-100,ranking,benchANT
2026-09-21 18:34:30+00:00,system,load1,26.82,dbms,09-2026,yugabyte-2026111-vanilla-os-large-large-aws-v2,1,ip-172-31-20-100,ranking,benchANT
2026-09-21 18:34:40+00:00,system,load1,27.42,dbms,09-2026,yugabyte-2026111-vanilla-os-large-large-aws-v2,1,ip-172-31-20-100,ranking,benchANT
2026-09-21 18:34:50+00:00,system,load1,27.2,dbms,09-2026,yugabyte-2026111-vanilla-os-large-large-aws-v2,1,ip-172-31-20-100,ranking,benchANT
2026-09-21 18:35:00+00:00,system,load1,26.05,dbms,09-2026,yugabyte-2026111-vanilla-os-large-large-aws-v2,1,ip-172-31-20-100,ranking,benchANT
2026-09-21 18:35:10+00:00,system,load1,24.93,dbms,09-2026,yugabyte-2026111-vanilla-os-large-large-aws-v2,1,ip-172-31-20-100,ranking,benchANT
2026-09-21 18:35:20+00:00,system,load1,26.97,dbms,09-2026,yugabyte-2026111-vanilla-os-large-large-aws-v2,1,ip-172-31-20-100,ranking,benchANT
2026-09-21 18:35:30+00:00,system,load1,28.46,dbms,09-2026,yugabyte-2026111-vanilla-os-large-large-aws-v2,1,ip-172-31-20-100,ranking,benchANT
2026-09-21 18:35:40+00:00,system,load1,28.61,dbms,09-2026,yugabyte-2026111-vanilla-os-large-large-aws-v2,1,ip-172-31-20-100,ranking,benchANT
2026-09-21 18:35:50+00:00,system,load1,27.63,dbms,09-2026,yugabyte-2026111-vanilla-os-large-large-aws-v2,1,ip-172-31-20-100,ranking,benchANT
2026-09-21 18:36:00+00:00,system,load1,26.47,dbms,09-2026,yugabyte-2026111-vanilla-os-large-large-aws-v2,1,ip-172-31-20-100,ranking,benchANT
2026-09-21 18:36:10+00:00,system,load1,25.92,dbms,09-2026,yugabyte-2026111-vanilla-os-large-large-aws-v2,1,ip-172-31-20-100,ranking,benchANT
2026-09-21 18:36:20+00:00,system,load1,25.48,dbms,09-2026,yugabyte-2026111-vanilla-os-large-large-aws-v2,1,ip-172-31-20-100,ranking,benchANT
2026-09-21 18:36:30+00:00,system,load1,24.69,dbms,09-2026,yugabyte-2026111-vanilla-os-large-large-aws-v2,1,ip-172-31-20-100,ranking,benchANT
2026-09-21 18:36:40+00:00,system,load1,26.45,dbms,09-2026,yugabyte-2026111-vanilla-os-large-large-aws-v2,1,ip-172-31-20-100,ranking,benchANT
2026-09-21 18:36:50+00:00,system,load1,27.32,dbms,09-2026,yugabyte-2026111-vanilla-os-large-large-aws-v2,1,ip-172-31-20-100,ranking,benchANT
2026-09-21 18:37:00+00:00,system,load1,27.81,dbms,09-2026,yugabyte-2026111-vanilla-os-large-large-aws-v2,1,ip-172-31-20-100,ranking,benchANT
2026-09-21 18:37:10+00:00,system,load1,28.48,dbms,09-2026,yugabyte-2026111-vanilla-os-large-large-aws-v2,1,ip-172-31-20-100,ranking,benchANT
2026-09-21 18:37:20+00:00,system,load1,28.65,dbms,09-2026,yugabyte-2026111-vanilla-os-large-large-aws-v2,1,ip-172-31-20-100,ranking,benchANT
2026-09-21 18:37:30+00:00,system,load1,29.34,dbms,09-2026,yugabyte-2026111-vanilla-os-large-large-aws-v2,1,ip-172-31-20-100,ranking,benchANT
2026-09-21 18:37:40+00:00,system,load1,30.26,dbms,09-2026,yugabyte-2026111-vanilla-os-large-large-aws-v2,1,ip-172-31-20-100,ranking,benchANT
2026-09-21 18:37:50+00:00,system,load1,30.43,dbms,09-2026,yugabyte-2026111-vanilla-os-large-large-aws-v2,1,ip-172-31-20-100,ranking,benchANT
2026-09-21 18:38:00+00:00,system,load1,30.36,dbms,09-2026,yugabyte-2026111-vanilla-os-large-large-aws-v2,1,ip-172-31-20-100,ranking,benchANT
2026-09-21 18:38:10+00:00,system,load1,30.18,dbms,09-2026,yugabyte-2026111-vanilla-os-large-large-aws-v2,1,ip-172-31-20-100,ranking,benchANT
2026-09-21 18:38:20+00:00,system,load1,29.82,dbms,09-2026,yugabyte-2026111-vanilla-os-large-large-aws-v2,1,ip-172-31-20-100,ranking,benchANT
2026-09-21 18:38:30+00:00,system,load1,27.82,dbms,09-2026,yugabyte-2026111-vanilla-os-large-large-aws-v2,1,ip-172-31-20-100,ranking,benchANT
2026-09-21 18:38:40+00:00,system,load1,25.6,dbms,09-2026,yugabyte-2026111-vanilla-os-large-large-aws-v2,1,ip-172-31-20-100,ranking,benchANT
2026-09-21 18:38:50+00:00,system,load1,26.05,dbms,09-2026,yugabyte-2026111-vanilla-os-large-large-aws-v2,1,ip-172-31-20-100,ranking,benchANT
2026-09-21 18:39:00+00:00,system,load1,24.7,dbms,09-2026,yugabyte-2026111-vanilla-os-large-large-aws-v2,1,ip-172-31-20-100,ranking,benchANT
2026-09-21 18:39:10+00:00,system,load1,25.93,dbms,09-2026,yugabyte-2026111-vanilla-os-large-large-aws-v2,1,ip-172-31-20-100,ranking,benchANT
2026-09-21 18:39:20+00:00,system,load1,28.3,dbms,09-2026,yugabyte-2026111-vanilla-os-large-large-aws-v2,1,ip-172-31-20-100,ranking,benchANT
2026-09-21 18:39:30+00:00,system,load1,26.54,dbms,09-2026,yugabyte-2026111-vanilla-os-large-large-aws-v2,1,ip-172-31-20-100,ranking,benchANT
2026-09-21 18:39:40+00:00,system,load1,24.84,dbms,09-2026,yugabyte-2026111-vanilla-os-large-large-aws-v2,1,ip-172-31-20-100,ranking,benchANT
2026-09-21 18:39:50+00:00,system,load1,25.09,dbms,09-2026,yugabyte-2026111-vanilla-os-large-large-aws-v2,1,ip-172-31-20-100,ranking,benchANT
2026-09-21 18:40:00+00:00,system,load1,23.53,dbms,09-2026,yugabyte-2026111-vanilla-os-large-large-aws-v2,1,ip-172-31-20-100,ranking,benchANT
2026-09-21 18:40:10+00:00,system,load1,22.59,dbms,09-2026,yugabyte-2026111-vanilla-os-large-large-aws-v2,1,ip-172-31-20-100,ranking,benchANT
2026-09-21 18:40:20+00:00,system,load1,23.1,dbms,09-2026,yugabyte-2026111-vanilla-os-large-large-aws-v2,1,ip-172-31-20-100,ranking,benchANT
2026-09-21 18:40:30+00:00,system,load1,23.19,dbms,09-2026,yugabyte-2026111-vanilla-os-large-large-aws-v2,1,ip-172-31-20-100,ranking,benchANT
2026-09-21 18:40:40+00:00,system,load1,23.6,dbms,09-2026,yugabyte-2026111-vanilla-os-large-large-aws-v2,1,ip-172-31-20-100,ranking,benchANT
2026-09-21 18:40:50+00:00,system,load1,24.56,dbms,09-2026,yugabyte-2026111-vanilla-os-large-large-aws-v2,1,ip-172-31-20-100,ranking,benchANT
2026-09-21 18:41:00+00:00,system,load1,23.9,dbms,09-2026,yugabyte-2026111-vanilla-os-large-large-aws-v2,1,ip-172-31-20-100,ranking,benchANT
2026-09-21 18:41:10+00:00,system,load1,24.73,dbms,09-2026,yugabyte-2026111-vanilla-os-large-large-aws-v2,1,ip-172-31-20-100,ranking,benchANT
2026-09-21 18:41:20+00:00,system,load1,25.83,dbms,09-2026,yugabyte-2026111-vanilla-os-large-large-aws-v2,1,ip-172-31-20-100,ranking,benchANT
2026-09-21 18:41:30+00:00,system,load1,27.75,dbms,09-2026,yugabyte-2026111-vanilla-os-large-large-aws-v2,1,ip-172-31-20-100,ranking,benchANT
2026-09-21 18:41:40+00:00,system,load1,27.82,dbms,09-2026,yugabyte-2026111-vanilla-os-large-large-aws-v2,1,ip-172-31-20-100,ranking,benchANT
2026-09-21 18:41:50+00:00,system,load1,27.08,dbms,09-2026,yugabyte-2026111-vanilla-os-large-large-aws-v2,1,ip-172-31-20-100,ranking,benchANT
2026-09-21 18:42:00+00:00,system,load1,28.97,dbms,09-2026,yugabyte-2026111-vanilla-os-large-large-aws-v2,1,ip-172-31-20-100,ranking,benchANT
2026-09-21 18:42:10+00:00,system,load1,29.18,dbms,09-2026,yugabyte-2026111-vanilla-os-large-large-aws-v2,1,ip-172-31-20-100,ranking,benchANT
2026-09-21 18:42:20+00:00,system,load1,29.31,dbms,09-2026,yugabyte-2026111-vanilla-os-large-large-aws-v2,1,ip-172-31-20-100,ranking,benchANT
2026-09-21 18:42:30+00:00,system,load1,29.74,dbms,09-2026,yugabyte-2026111-vanilla-os-large-large-aws-v2,1,ip-172-31-20-100,ranking,benchANT
2026-09-21 18:42:40+00:00,system,load1,28.19,dbms,09-2026,yugabyte-2026111-vanilla-os-large-large-aws-v2,1,ip-172-31-20-100,ranking,benchANT
2026-09-21 18:42:50+00:00,system,load1,27.65,dbms,09-2026,yugabyte-2026111-vanilla-os-large-large-aws-v2,1,ip-172-31-20-100,ranking,benchANT
2026-09-21 18:43:00+00:00,system,load1,26.62,dbms,09-2026,yugabyte-2026111-vanilla-os-large-large-aws-v2,1,ip-172-31-20-100,ranking,benchANT
2026-09-21 18:43:10+00:00,system,load1,26.49,dbms,09-2026,yugabyte-2026111-vanilla-os-large-large-aws-v2,1,ip-172-31-20-100,ranking,benchANT
2026-09-21 18:43:20+00:00,system,load1,26.51,dbms,09-2026,yugabyte-2026111-vanilla-os-large-large-aws-v2,1,ip-172-31-20-100,ranking,benchANT
2026-09-21 18:43:30+00:00,system,load1,26.32,dbms,09-2026,yugabyte-2026111-vanilla-os-large-large-aws-v2,1,ip-172-31-20-100,ranking,benchANT
2026-09-21 18:43:40+00:00,system,load1,26.53,dbms,09-2026,yugabyte-2026111-vanilla-os-large-large-aws-v2,1,ip-172-31-20-100,ranking,benchANT
2026-09-21 18:43:50+00:00,system,load1,26.95,dbms,09-2026,yugabyte-2026111-vanilla-os-large-large-aws-v2,1,ip-172-31-20-100,ranking,benchANT
2026-09-21 18:44:00+00:00,system,load1,27.84,dbms,09-2026,yugabyte-2026111-vanilla-os-large-large-aws-v2,1,ip-172-31-20-100,ranking,benchANT
2026-09-21 18:44:10+00:00,system,load1,27.42,dbms,09-2026,yugabyte-2026111-vanilla-os-large-large-aws-v2,1,ip-172-31-20-100,ranking,benchANT
2026-09-21 18:44:20+00:00,system,load1,26.58,dbms,09-2026,yugabyte-2026111-vanilla-os-large-large-aws-v2,1,ip-172-31-20-100,ranking,benchANT
2026-09-21 18:44:30+00:00,system,load1,26.59,dbms,09-2026,yugabyte-2026111-vanilla-os-large-large-aws-v2,1,ip-172-31-20-100,ranking,benchANT
2026-09-21 18:44:40+00:00,system,load1,26.72,dbms,09-2026,yugabyte-2026111-vanilla-os-large-large-aws-v2,1,ip-172-31-20-100,ranking,benchANT
2026-09-21 18:44:50+00:00,system,load1,25.31,dbms,09-2026,yugabyte-2026111-vanilla-os-large-large-aws-v2,1,ip-172-31-20-100,ranking,benchANT
2026-09-21 18:45:00+00:00,system,load1,25.99,dbms,09-2026,yugabyte-2026111-vanilla-os-large-large-aws-v2,1,ip-172-31-20-100,ranking,benchANT
2026-09-21 18:45:10+00:00,system,load1,25.5,dbms,09-2026,yugabyte-2026111-vanilla-os-large-large-aws-v2,1,ip-172-31-20-100,ranking,benchANT
2026-09-21 18:45:20+00:00,system,load1,24.69,dbms,09-2026,yugabyte-2026111-vanilla-os-large-large-aws-v2,1,ip-172-31-20-100,ranking,benchANT
2026-09-21 18:45:30+00:00,system,load1,23.76,dbms,09-2026,yugabyte-2026111-vanilla-os-large-large-aws-v2,1,ip-172-31-20-100,ranking,benchANT
2026-09-21 18:45:40+00:00,system,load1,22.06,dbms,09-2026,yugabyte-2026111-vanilla-os-large-large-aws-v2,1,ip-172-31-20-100,ranking,benchANT
2026-09-21 18:45:50+00:00,system,load1,23.24,dbms,09-2026,yugabyte-2026111-vanilla-os-large-large-aws-v2,1,ip-172-31-20-100,ranking,benchANT
2026-09-21 18:46:00+00:00,system,load1,25.1,dbms,09-2026,yugabyte-2026111-vanilla-os-large-large-aws-v2,1,ip-172-31-20-100,ranking,benchANT
2026-09-21 18:46:10+00:00,system,load1,24.69,dbms,09-2026,yugabyte-2026111-vanilla-os-large-large-aws-v2,1,ip-172-31-20-100,ranking,benchANT
2026-09-21 18:46:20+00:00,system,load1,24.66,dbms,09-2026,yugabyte-2026111-vanilla-os-large-large-aws-v2,1,ip-172-31-20-100,ranking,benchANT
2026-09-21 18:46:30+00:00,system,load1,25.63,dbms,09-2026,yugabyte-2026111-vanilla-os-large-large-aws-v2,1,ip-172-31-20-100,ranking,benchANT
2026-09-21 18:46:40+00:00,system,load1,28.04,dbms,09-2026,yugabyte-2026111-vanilla-os-large-large-aws-v2,1,ip-172-31-20-100,ranking,benchANT
2026-09-21 18:46:50+00:00,system,load1,28.63,dbms,09-2026,yugabyte-2026111-vanilla-os-large-large-aws-v2,1,ip-172-31-20-100,ranking,benchANT
2026-09-21 18:47:00+00:00,system,load1,27.7,dbms,09-2026,yugabyte-2026111-vanilla-os-large-large-aws-v2,1,ip-172-31-20-100,ranking,benchANT
2026-09-21 18:47:10+00:00,system,load1,26.84,dbms,09-2026,yugabyte-2026111-vanilla-os-large-large-aws-v2,1,ip-172-31-20-100,ranking,benchANT
2026-09-21 18:47:20+00:00,system,load1,26.25,dbms,09-2026,yugabyte-2026111-vanilla-os-large-large-aws-v2,1,ip-172-31-20-100,ranking,benchANT
2026-09-21 18:47:30+00:00,system,load1,27.32,dbms,09-2026,yugabyte-2026111-vanilla-os-large-large-aws-v2,1,ip-172-31-20-100,ranking,benchANT
2026-09-21 18:47:40+00:00,system,load1,27.86,dbms,09-2026,yugabyte-2026111-vanilla-os-large-large-aws-v2,1,ip-172-31-20-100,ranking,benchANT
2026-09-21 18:47:50+00:00,system,load1,29.93,dbms,09-2026,yugabyte-2026111-vanilla-os-large-large-aws-v2,1,ip-172-31-20-100,ranking,benchANT
2026-09-21 18:48:00+00:00,system,load1,28.74,dbms,09-2026,yugabyte-2026111-vanilla-os-large-large-aws-v2,1,ip-172-31-20-100,ranking,benchANT
2026-09-21 18:48:10+00:00,system,load1,26.94,dbms,09-2026,yugabyte-2026111-vanilla-os-large-large-aws-v2,1,ip-172-31-20-100,ranking,benchANT
2026-09-21 18:48:20+00:00,system,load1,23.18,dbms,09-2026,yugabyte-2026111-vanilla-os-large-large-aws-v2,1,ip-172-31-20-100,ranking,benchANT
2026-09-21 18:48:30+00:00,system,load1,19.69,dbms,09-2026,yugabyte-2026111-vanilla-os-large-large-aws-v2,1,ip-172-31-20-100,ranking,benchANT
2026-09-21 18:48:40+00:00,system,load1,16.66,dbms,09-2026,yugabyte-2026111-vanilla-os-large-large-aws-v2,1,ip-172-31-20-100,ranking,benchANT
2026-09-21 18:24:20+00:00,system,load15,2.32,dbms,09-2026,yugabyte-2026111-vanilla-os-large-large-aws-v2,1,ip-172-31-20-100,ranking,benchANT
2026-09-21 18:24:30+00:00,system,load15,2.44,dbms,09-2026,yugabyte-2026111-vanilla-os-large-large-aws-v2,1,ip-172-31-20-100,ranking,benchANT
2026-09-21 18:24:40+00:00,system,load15,2.74,dbms,09-2026,yugabyte-2026111-vanilla-os-large-large-aws-v2,1,ip-172-31-20-100,ranking,benchANT
2026-09-21 18:24:50+00:00,system,load15,2.98,dbms,09-2026,yugabyte-2026111-vanilla-os-large-large-aws-v2,1,ip-172-31-20-100,ranking,benchANT
2026-09-21 18:25:00+00:00,system,load15,3.25,dbms,09-2026,yugabyte-2026111-vanilla-os-large-large-aws-v2,1,ip-172-31-20-100,ranking,benchANT
2026-09-21 18:25:10+00:00,system,load15,3.47,dbms,09-2026,yugabyte-2026111-vanilla-os-large-large-aws-v2,1,ip-172-31-20-100,ranking,benchANT
2026-09-21 18:25:20+00:00,system,load15,3.67,dbms,09-2026,yugabyte-2026111-vanilla-os-large-large-aws-v2,1,ip-172-31-20-100,ranking,benchANT
2026-09-21 18:25:30+00:00,system,load15,3.93,dbms,09-2026,yugabyte-2026111-vanilla-os-large-large-aws-v2,1,ip-172-31-20-100,ranking,benchANT
2026-09-21 18:25:40+00:00,system,load15,4.15,dbms,09-2026,yugabyte-2026111-vanilla-os-large-large-aws-v2,1,ip-172-31-20-100,ranking,benchANT
2026-09-21 18:25:50+00:00,system,load15,4.43,dbms,09-2026,yugabyte-2026111-vanilla-os-large-large-aws-v2,1,ip-172-31-20-100,ranking,benchANT
2026-09-21 18:26:00+00:00,system,load15,4.74,dbms,09-2026,yugabyte-2026111-vanilla-os-large-large-aws-v2,1,ip-172-31-20-100,ranking,benchANT
2026-09-21 18:26:10+00:00,system,load15,4.9,dbms,09-2026,yugabyte-2026111-vanilla-os-large-large-aws-v2,1,ip-172-31-20-100,ranking,benchANT
2026-09-21 18:26:20+00:00,system,load15,5.14,dbms,09-2026,yugabyte-2026111-vanilla-os-large-large-aws-v2,1,ip-172-31-20-100,ranking,benchANT
2026-09-21 18:26:30+00:00,system,load15,5.37,dbms,09-2026,yugabyte-2026111-vanilla-os-large-large-aws-v2,1,ip-172-31-20-100,ranking,benchANT
2026-09-21 18:26:40+00:00,system,load15,5.62,dbms,09-2026,yugabyte-2026111-vanilla-os-large-large-aws-v2,1,ip-172-31-20-100,ranking,benchANT
2026-09-21 18:26:50+00:00,system,load15,5.89,dbms,09-2026,yugabyte-2026111-vanilla-os-large-large-aws-v2,1,ip-172-31-20-100,ranking,benchANT
2026-09-21 18:27:00+00:00,system,load15,6.19,dbms,09-2026,yugabyte-2026111-vanilla-os-large-large-aws-v2,1,ip-172-31-20-100,ranking,benchANT
2026-09-21 18:27:10+00:00,system,load15,6.46,dbms,09-2026,yugabyte-2026111-vanilla-os-large-large-aws-v2,1,ip-172-31-20-100,ranking,benchANT
2026-09-21 18:27:20+00:00,system,load15,6.57,dbms,09-2026,yugabyte-2026111-vanilla-os-large-large-aws-v2,1,ip-172-31-20-100,ranking,benchANT
2026-09-21 18:27:30+00:00,system,load15,6.88,dbms,09-2026,yugabyte-2026111-vanilla-os-large-large-aws-v2,1,ip-172-31-20-100,ranking,benchANT
2026-09-21 18:27:40+00:00,system,load15,6.94,dbms,09-2026,yugabyte-2026111-vanilla-os-large-large-aws-v2,1,ip-172-31-20-100,ranking,benchANT
2026-09-21 18:27:50+00:00,system,load15,7.06,dbms,09-2026,yugabyte-2026111-vanilla-os-large-large-aws-v2,1,ip-172-31-20-100,ranking,benchANT
2026-09-21 18:28:00+00:00,system,load15,7.18,dbms,09-2026,yugabyte-2026111-vanilla-os-large-large-aws-v2,1,ip-172-31-20-100,ranking,benchANT
2026-09-21 18:28:10+00:00,system,load15,7.41,dbms,09-2026,yugabyte-2026111-vanilla-os-large-large-aws-v2,1,ip-172-31-20-100,ranking,benchANT
2026-09-21 18:28:20+00:00,system,load15,7.66,dbms,09-2026,yugabyte-2026111-vanilla-os-large-large-aws-v2,1,ip-172-31-20-100,ranking,benchANT
2026-09-21 18:28:30+00:00,system,load15,7.88,dbms,09-2026,yugabyte-2026111-vanilla-os-large-large-aws-v2,1,ip-172-31-20-100,ranking,benchANT
2026-09-21 18:28:40+00:00,system,load15,8.03,dbms,09-2026,yugabyte-2026111-vanilla-os-large-large-aws-v2,1,ip-172-31-20-100,ranking,benchANT
2026-09-21 18:28:50+00:00,system,load15,8.1,dbms,09-2026,yugabyte-2026111-vanilla-os-large-large-aws-v2,1,ip-172-31-20-100,ranking,benchANT
2026-09-21 18:29:00+00:00,system,load15,8.21,dbms,09-2026,yugabyte-2026111-vanilla-os-large-large-aws-v2,1,ip-172-31-20-100,ranking,benchANT
2026-09-21 18:29:10+00:00,system,load15,8.4,dbms,09-2026,yugabyte-2026111-vanilla-os-large-large-aws-v2,1,ip-172-31-20-100,ranking,benchANT
2026-09-21 18:29:20+00:00,system,load15,8.69,dbms,09-2026,yugabyte-2026111-vanilla-os-large-large-aws-v2,1,ip-172-31-20-100,ranking,benchANT
2026-09-21 18:29:30+00:00,system,load15,8.91,dbms,09-2026,yugabyte-2026111-vanilla-os-large-large-aws-v2,1,ip-172-31-20-100,ranking,benchANT
2026-09-21 18:29:40+00:00,system,load15,9.15,dbms,09-2026,yugabyte-2026111-vanilla-os-large-large-aws-v2,1,ip-172-31-20-100,ranking,benchANT
2026-09-21 18:29:50+00:00,system,load15,9.37,dbms,09-2026,yugabyte-2026111-vanilla-os-large-large-aws-v2,1,ip-172-31-20-100,ranking,benchANT
2026-09-21 18:30:00+00:00,system,load15,9.45,dbms,09-2026,yugabyte-2026111-vanilla-os-large-large-aws-v2,1,ip-172-31-20-100,ranking,benchANT
2026-09-21 18:30:10+00:00,system,load15,9.77,dbms,09-2026,yugabyte-2026111-vanilla-os-large-large-aws-v2,1,ip-172-31-20-100,ranking,benchANT
2026-09-21 18:30:20+00:00,system,load15,9.9,dbms,09-2026,yugabyte-2026111-vanilla-os-large-large-aws-v2,1,ip-172-31-20-100,ranking,benchANT
2026-09-21 18:30:30+00:00,system,load15,10.03,dbms,09-2026,yugabyte-2026111-vanilla-os-large-large-aws-v2,1,ip-172-31-20-100,ranking,benchANT
2026-09-21 18:30:40+00:00,system,load15,10.2,dbms,09-2026,yugabyte-2026111-vanilla-os-large-large-aws-v2,1,ip-172-31-20-100,ranking,benchANT
2026-09-21 18:30:50+00:00,system,load15,10.33,dbms,09-2026,yugabyte-2026111-vanilla-os-large-large-aws-v2,1,ip-172-31-20-100,ranking,benchANT
2026-09-21 18:31:00+00:00,system,load15,10.44,dbms,09-2026,yugabyte-2026111-vanilla-os-large-large-aws-v2,1,ip-172-31-20-100,ranking,benchANT
2026-09-21 18:31:10+00:00,system,load15,10.67,dbms,09-2026,yugabyte-2026111-vanilla-os-large-large-aws-v2,1,ip-172-31-20-100,ranking,benchANT
2026-09-21 18:31:20+00:00,system,load15,10.92,dbms,09-2026,yugabyte-2026111-vanilla-os-large-large-aws-v2,1,ip-172-31-20-100,ranking,benchANT
2026-09-21 18:31:30+00:00,system,load15,11.1,dbms,09-2026,yugabyte-2026111-vanilla-os-large-large-aws-v2,1,ip-172-31-20-100,ranking,benchANT
2026-09-21 18:31:40+00:00,system,load15,11.31,dbms,09-2026,yugabyte-2026111-vanilla-os-large-large-aws-v2,1,ip-172-31-20-100,ranking,benchANT
2026-09-21 18:31:50+00:00,system,load15,11.47,dbms,09-2026,yugabyte-2026111-vanilla-os-large-large-aws-v2,1,ip-172-31-20-100,ranking,benchANT
2026-09-21 18:32:00+00:00,system,load15,11.56,dbms,09-2026,yugabyte-2026111-vanilla-os-large-large-aws-v2,1,ip-172-31-20-100,ranking,benchANT
2026-09-21 18:32:10+00:00,system,load15,11.8,dbms,09-2026,yugabyte-2026111-vanilla-os-large-large-aws-v2,1,ip-172-31-20-100,ranking,benchANT
2026-09-21 18:32:20+00:00,system,load15,11.97,dbms,09-2026,yugabyte-2026111-vanilla-os-large-large-aws-v2,1,ip-172-31-20-100,ranking,benchANT
2026-09-21 18:32:30+00:00,system,load15,12.07,dbms,09-2026,yugabyte-2026111-vanilla-os-large-large-aws-v2,1,ip-172-31-20-100,ranking,benchANT
2026-09-21 18:32:40+00:00,system,load15,12.25,dbms,09-2026,yugabyte-2026111-vanilla-os-large-large-aws-v2,1,ip-172-31-20-100,ranking,benchANT
2026-09-21 18:32:50+00:00,system,load15,12.29,dbms,09-2026,yugabyte-2026111-vanilla-os-large-large-aws-v2,1,ip-172-31-20-100,ranking,benchANT
2026-09-21 18:33:00+00:00,system,load15,12.37,dbms,09-2026,yugabyte-2026111-vanilla-os-large-large-aws-v2,1,ip-172-31-20-100,ranking,benchANT
2026-09-21 18:33:10+00:00,system,load15,12.6,dbms,09-2026,yugabyte-2026111-vanilla-os-large-large-aws-v2,1,ip-172-31-20-100,ranking,benchANT
2026-09-21 18:33:20+00:00,system,load15,12.74,dbms,09-2026,yugabyte-2026111-vanilla-os-large-large-aws-v2,1,ip-172-31-20-100,ranking,benchANT
2026-09-21 18:33:30+00:00,system,load15,12.95,dbms,09-2026,yugabyte-2026111-vanilla-os-large-large-aws-v2,1,ip-172-31-20-100,ranking,benchANT
2026-09-21 18:33:40+00:00,system,load15,13.06,dbms,09-2026,yugabyte-2026111-vanilla-os-large-large-aws-v2,1,ip-172-31-20-100,ranking,benchANT
2026-09-21 18:33:50+00:00,system,load15,13.12,dbms,09-2026,yugabyte-2026111-vanilla-os-large-large-aws-v2,1,ip-172-31-20-100,ranking,benchANT
2026-09-21 18:34:00+00:00,system,load15,13.29,dbms,09-2026,yugabyte-2026111-vanilla-os-large-large-aws-v2,1,ip-172-31-20-100,ranking,benchANT
2026-09-21 18:34:10+00:00,system,load15,13.47,dbms,09-2026,yugabyte-2026111-vanilla-os-large-large-aws-v2,1,ip-172-31-20-100,ranking,benchANT
2026-09-21 18:34:20+00:00,system,load15,13.61,dbms,09-2026,yugabyte-2026111-vanilla-os-large-large-aws-v2,1,ip-172-31-20-100,ranking,benchANT
2026-09-21 18:34:30+00:00,system,load15,13.78,dbms,09-2026,yugabyte-2026111-vanilla-os-large-large-aws-v2,1,ip-172-31-20-100,ranking,benchANT
2026-09-21 18:34:40+00:00,system,load15,13.96,dbms,09-2026,yugabyte-2026111-vanilla-os-large-large-aws-v2,1,ip-172-31-20-100,ranking,benchANT
2026-09-21 18:34:50+00:00,system,load15,14.09,dbms,09-2026,yugabyte-2026111-vanilla-os-large-large-aws-v2,1,ip-172-31-20-100,ranking,benchANT
2026-09-21 18:35:00+00:00,system,load15,14.15,dbms,09-2026,yugabyte-2026111-vanilla-os-large-large-aws-v2,1,ip-172-31-20-100,ranking,benchANT
2026-09-21 18:35:10+00:00,system,load15,14.2,dbms,09-2026,yugabyte-2026111-vanilla-os-large-large-aws-v2,1,ip-172-31-20-100,ranking,benchANT
2026-09-21 18:35:20+00:00,system,load15,14.45,dbms,09-2026,yugabyte-2026111-vanilla-os-large-large-aws-v2,1,ip-172-31-20-100,ranking,benchANT
2026-09-21 18:35:30+00:00,system,load15,14.69,dbms,09-2026,yugabyte-2026111-vanilla-os-large-large-aws-v2,1,ip-172-31-20-100,ranking,benchANT
2026-09-21 18:35:40+00:00,system,load15,14.85,dbms,09-2026,yugabyte-2026111-vanilla-os-large-large-aws-v2,1,ip-172-31-20-100,ranking,benchANT
2026-09-21 18:35:50+00:00,system,load15,14.92,dbms,09-2026,yugabyte-2026111-vanilla-os-large-large-aws-v2,1,ip-172-31-20-100,ranking,benchANT
2026-09-21 18:36:00+00:00,system,load15,14.97,dbms,09-2026,yugabyte-2026111-vanilla-os-large-large-aws-v2,1,ip-172-31-20-100,ranking,benchANT
2026-09-21 18:36:10+00:00,system,load15,15.05,dbms,09-2026,yugabyte-2026111-vanilla-os-large-large-aws-v2,1,ip-172-31-20-100,ranking,benchANT
2026-09-21 18:36:20+00:00,system,load15,15.14,dbms,09-2026,yugabyte-2026111-vanilla-os-large-large-aws-v2,1,ip-172-31-20-100,ranking,benchANT
2026-09-21 18:36:30+00:00,system,load15,15.2,dbms,09-2026,yugabyte-2026111-vanilla-os-large-large-aws-v2,1,ip-172-31-20-100,ranking,benchANT
2026-09-21 18:36:40+00:00,system,load15,15.42,dbms,09-2026,yugabyte-2026111-vanilla-os-large-large-aws-v2,1,ip-172-31-20-100,ranking,benchANT
2026-09-21 18:36:50+00:00,system,load15,15.6,dbms,09-2026,yugabyte-2026111-vanilla-os-large-large-aws-v2,1,ip-172-31-20-100,ranking,benchANT
2026-09-21 18:37:00+00:00,system,load15,15.76,dbms,09-2026,yugabyte-2026111-vanilla-os-large-large-aws-v2,1,ip-172-31-20-100,ranking,benchANT
2026-09-21 18:37:10+00:00,system,load15,15.94,dbms,09-2026,yugabyte-2026111-vanilla-os-large-large-aws-v2,1,ip-172-31-20-100,ranking,benchANT
2026-09-21 18:37:20+00:00,system,load15,16.09,dbms,09-2026,yugabyte-2026111-vanilla-os-large-large-aws-v2,1,ip-172-31-20-100,ranking,benchANT
2026-09-21 18:37:30+00:00,system,load15,16.28,dbms,09-2026,yugabyte-2026111-vanilla-os-large-large-aws-v2,1,ip-172-31-20-100,ranking,benchANT
2026-09-21 18:37:40+00:00,system,load15,16.47,dbms,09-2026,yugabyte-2026111-vanilla-os-large-large-aws-v2,1,ip-172-31-20-100,ranking,benchANT
2026-09-21 18:37:50+00:00,system,load15,16.63,dbms,09-2026,yugabyte-2026111-vanilla-os-large-large-aws-v2,1,ip-172-31-20-100,ranking,benchANT
2026-09-21 18:38:00+00:00,system,load15,16.77,dbms,09-2026,yugabyte-2026111-vanilla-os-large-large-aws-v2,1,ip-172-31-20-100,ranking,benchANT
2026-09-21 18:38:10+00:00,system,load15,16.91,dbms,09-2026,yugabyte-2026111-vanilla-os-large-large-aws-v2,1,ip-172-31-20-100,ranking,benchANT
2026-09-21 18:38:20+00:00,system,load15,17.03,dbms,09-2026,yugabyte-2026111-vanilla-os-large-large-aws-v2,1,ip-172-31-20-100,ranking,benchANT
2026-09-21 18:38:30+00:00,system,load15,17.02,dbms,09-2026,yugabyte-2026111-vanilla-os-large-large-aws-v2,1,ip-172-31-20-100,ranking,benchANT
2026-09-21 18:38:40+00:00,system,load15,16.98,dbms,09-2026,yugabyte-2026111-vanilla-os-large-large-aws-v2,1,ip-172-31-20-100,ranking,benchANT
2026-09-21 18:38:50+00:00,system,load15,17.11,dbms,09-2026,yugabyte-2026111-vanilla-os-large-large-aws-v2,1,ip-172-31-20-100,ranking,benchANT
2026-09-21 18:39:00+00:00,system,load15,17.11,dbms,09-2026,yugabyte-2026111-vanilla-os-large-large-aws-v2,1,ip-172-31-20-100,ranking,benchANT
2026-09-21 18:39:10+00:00,system,load15,17.28,dbms,09-2026,yugabyte-2026111-vanilla-os-large-large-aws-v2,1,ip-172-31-20-100,ranking,benchANT
2026-09-21 18:39:20+00:00,system,load15,17.53,dbms,09-2026,yugabyte-2026111-vanilla-os-large-large-aws-v2,1,ip-172-31-20-100,ranking,benchANT
2026-09-21 18:39:30+00:00,system,load15,17.53,dbms,09-2026,yugabyte-2026111-vanilla-os-large-large-aws-v2,1,ip-172-31-20-100,ranking,benchANT
2026-09-21 18:39:40+00:00,system,load15,17.5,dbms,09-2026,yugabyte-2026111-vanilla-os-large-large-aws-v2,1,ip-172-31-20-100,ranking,benchANT
2026-09-21 18:39:50+00:00,system,load15,17.6,dbms,09-2026,yugabyte-2026111-vanilla-os-large-large-aws-v2,1,ip-172-31-20-100,ranking,benchANT
2026-09-21 18:40:00+00:00,system,load15,17.57,dbms,09-2026,yugabyte-2026111-vanilla-os-large-large-aws-v2,1,ip-172-31-20-100,ranking,benchANT
2026-09-21 18:40:10+00:00,system,load15,17.57,dbms,09-2026,yugabyte-2026111-vanilla-os-large-large-aws-v2,1,ip-172-31-20-100,ranking,benchANT
2026-09-21 18:40:20+00:00,system,load15,17.66,dbms,09-2026,yugabyte-2026111-vanilla-os-large-large-aws-v2,1,ip-172-31-20-100,ranking,benchANT
2026-09-21 18:40:30+00:00,system,load15,17.72,dbms,09-2026,yugabyte-2026111-vanilla-os-large-large-aws-v2,1,ip-172-31-20-100,ranking,benchANT
2026-09-21 18:40:40+00:00,system,load15,17.81,dbms,09-2026,yugabyte-2026111-vanilla-os-large-large-aws-v2,1,ip-172-31-20-100,ranking,benchANT
2026-09-21 18:40:50+00:00,system,load15,17.95,dbms,09-2026,yugabyte-2026111-vanilla-os-large-large-aws-v2,1,ip-172-31-20-100,ranking,benchANT
2026-09-21 18:41:00+00:00,system,load15,17.97,dbms,09-2026,yugabyte-2026111-vanilla-os-large-large-aws-v2,1,ip-172-31-20-100,ranking,benchANT
2026-09-21 18:41:10+00:00,system,load15,18.09,dbms,09-2026,yugabyte-2026111-vanilla-os-large-large-aws-v2,1,ip-172-31-20-100,ranking,benchANT
2026-09-21 18:41:20+00:00,system,load15,18.24,dbms,09-2026,yugabyte-2026111-vanilla-os-large-large-aws-v2,1,ip-172-31-20-100,ranking,benchANT
2026-09-21 18:41:30+00:00,system,load15,18.46,dbms,09-2026,yugabyte-2026111-vanilla-os-large-large-aws-v2,1,ip-172-31-20-100,ranking,benchANT
2026-09-21 18:41:40+00:00,system,load15,18.57,dbms,09-2026,yugabyte-2026111-vanilla-os-large-large-aws-v2,1,ip-172-31-20-100,ranking,benchANT
2026-09-21 18:41:50+00:00,system,load15,18.61,dbms,09-2026,yugabyte-2026111-vanilla-os-large-large-aws-v2,1,ip-172-31-20-100,ranking,benchANT
2026-09-21 18:42:00+00:00,system,load15,18.84,dbms,09-2026,yugabyte-2026111-vanilla-os-large-large-aws-v2,1,ip-172-31-20-100,ranking,benchANT
2026-09-21 18:42:10+00:00,system,load15,18.96,dbms,09-2026,yugabyte-2026111-vanilla-os-large-large-aws-v2,1,ip-172-31-20-100,ranking,benchANT
2026-09-21 18:42:20+00:00,system,load15,19.08,dbms,09-2026,yugabyte-2026111-vanilla-os-large-large-aws-v2,1,ip-172-31-20-100,ranking,benchANT
2026-09-21 18:42:30+00:00,system,load15,19.22,dbms,09-2026,yugabyte-2026111-vanilla-os-large-large-aws-v2,1,ip-172-31-20-100,ranking,benchANT
2026-09-21 18:42:40+00:00,system,load15,19.23,dbms,09-2026,yugabyte-2026111-vanilla-os-large-large-aws-v2,1,ip-172-31-20-100,ranking,benchANT
2026-09-21 18:42:50+00:00,system,load15,19.29,dbms,09-2026,yugabyte-2026111-vanilla-os-large-large-aws-v2,1,ip-172-31-20-100,ranking,benchANT
2026-09-21 18:43:00+00:00,system,load15,19.31,dbms,09-2026,yugabyte-2026111-vanilla-os-large-large-aws-v2,1,ip-172-31-20-100,ranking,benchANT
2026-09-21 18:43:10+00:00,system,load15,19.37,dbms,09-2026,yugabyte-2026111-vanilla-os-large-large-aws-v2,1,ip-172-31-20-100,ranking,benchANT
2026-09-21 18:43:20+00:00,system,load15,19.45,dbms,09-2026,yugabyte-2026111-vanilla-os-large-large-aws-v2,1,ip-172-31-20-100,ranking,benchANT
2026-09-21 18:43:30+00:00,system,load15,19.51,dbms,09-2026,yugabyte-2026111-vanilla-os-large-large-aws-v2,1,ip-172-31-20-100,ranking,benchANT
2026-09-21 18:43:40+00:00,system,load15,19.6,dbms,09-2026,yugabyte-2026111-vanilla-os-large-large-aws-v2,1,ip-172-31-20-100,ranking,benchANT
2026-09-21 18:43:50+00:00,system,load15,19.71,dbms,09-2026,yugabyte-2026111-vanilla-os-large-large-aws-v2,1,ip-172-31-20-100,ranking,benchANT
2026-09-21 18:44:00+00:00,system,load15,19.84,dbms,09-2026,yugabyte-2026111-vanilla-os-large-large-aws-v2,1,ip-172-31-20-100,ranking,benchANT
2026-09-21 18:44:10+00:00,system,load15,19.9,dbms,09-2026,yugabyte-2026111-vanilla-os-large-large-aws-v2,1,ip-172-31-20-100,ranking,benchANT
2026-09-21 18:44:20+00:00,system,load15,19.92,dbms,09-2026,yugabyte-2026111-vanilla-os-large-large-aws-v2,1,ip-172-31-20-100,ranking,benchANT
2026-09-21 18:44:30+00:00,system,load15,19.99,dbms,09-2026,yugabyte-2026111-vanilla-os-large-large-aws-v2,1,ip-172-31-20-100,ranking,benchANT
2026-09-21 18:44:40+00:00,system,load15,20.08,dbms,09-2026,yugabyte-2026111-vanilla-os-large-large-aws-v2,1,ip-172-31-20-100,ranking,benchANT
2026-09-21 18:44:50+00:00,system,load15,20.05,dbms,09-2026,yugabyte-2026111-vanilla-os-large-large-aws-v2,1,ip-172-31-20-100,ranking,benchANT
2026-09-21 18:45:00+00:00,system,load15,20.15,dbms,09-2026,yugabyte-2026111-vanilla-os-large-large-aws-v2,1,ip-172-31-20-100,ranking,benchANT
2026-09-21 18:45:10+00:00,system,load15,20.18,dbms,09-2026,yugabyte-2026111-vanilla-os-large-large-aws-v2,1,ip-172-31-20-100,ranking,benchANT
2026-09-21 18:45:20+00:00,system,load15,20.18,dbms,09-2026,yugabyte-2026111-vanilla-os-large-large-aws-v2,1,ip-172-31-20-100,ranking,benchANT
2026-09-21 18:45:30+00:00,system,load15,20.16,dbms,09-2026,yugabyte-2026111-vanilla-os-large-large-aws-v2,1,ip-172-31-20-100,ranking,benchANT
2026-09-21 18:45:40+00:00,system,load15,20.08,dbms,09-2026,yugabyte-2026111-vanilla-os-large-large-aws-v2,1,ip-172-31-20-100,ranking,benchANT
2026-09-21 18:45:50+00:00,system,load15,20.19,dbms,09-2026,yugabyte-2026111-vanilla-os-large-large-aws-v2,1,ip-172-31-20-100,ranking,benchANT
2026-09-21 18:46:00+00:00,system,load15,20.35,dbms,09-2026,yugabyte-2026111-vanilla-os-large-large-aws-v2,1,ip-172-31-20-100,ranking,benchANT
2026-09-21 18:46:10+00:00,system,load15,20.37,dbms,09-2026,yugabyte-2026111-vanilla-os-large-large-aws-v2,1,ip-172-31-20-100,ranking,benchANT
2026-09-21 18:46:20+00:00,system,load15,20.41,dbms,09-2026,yugabyte-2026111-vanilla-os-large-large-aws-v2,1,ip-172-31-20-100,ranking,benchANT
2026-09-21 18:46:30+00:00,system,load15,20.53,dbms,09-2026,yugabyte-2026111-vanilla-os-large-large-aws-v2,1,ip-172-31-20-100,ranking,benchANT
2026-09-21 18:46:40+00:00,system,load15,20.76,dbms,09-2026,yugabyte-2026111-vanilla-os-large-large-aws-v2,1,ip-172-31-20-100,ranking,benchANT
2026-09-21 18:46:50+00:00,system,load15,20.88,dbms,09-2026,yugabyte-2026111-vanilla-os-large-large-aws-v2,1,ip-172-31-20-100,ranking,benchANT
2026-09-21 18:47:00+00:00,system,load15,20.9,dbms,09-2026,yugabyte-2026111-vanilla-os-large-large-aws-v2,1,ip-172-31-20-100,ranking,benchANT
2026-09-21 18:47:10+00:00,system,load15,20.91,dbms,09-2026,yugabyte-2026111-vanilla-os-large-large-aws-v2,1,ip-172-31-20-100,ranking,benchANT
2026-09-21 18:47:20+00:00,system,load15,20.93,dbms,09-2026,yugabyte-2026111-vanilla-os-large-large-aws-v2,1,ip-172-31-20-100,ranking,benchANT
2026-09-21 18:47:30+00:00,system,load15,21.06,dbms,09-2026,yugabyte-2026111-vanilla-os-large-large-aws-v2,1,ip-172-31-20-100,ranking,benchANT
2026-09-21 18:47:40+00:00,system,load15,21.16,dbms,09-2026,yugabyte-2026111-vanilla-os-large-large-aws-v2,1,ip-172-31-20-100,ranking,benchANT
2026-09-21 18:47:50+00:00,system,load15,21.38,dbms,09-2026,yugabyte-2026111-vanilla-os-large-large-aws-v2,1,ip-172-31-20-100,ranking,benchANT
2026-09-21 18:48:00+00:00,system,load15,21.39,dbms,09-2026,yugabyte-2026111-vanilla-os-large-large-aws-v2,1,ip-172-31-20-100,ranking,benchANT
2026-09-21 18:48:10+00:00,system,load15,21.34,dbms,09-2026,yugabyte-2026111-vanilla-os-large-large-aws-v2,1,ip-172-31-20-100,ranking,benchANT
2026-09-21 18:48:20+00:00,system,load15,21.14,dbms,09-2026,yugabyte-2026111-vanilla-os-large-large-aws-v2,1,ip-172-31-20-100,ranking,benchANT
2026-09-21 18:48:30+00:00,system,load15,20.92,dbms,09-2026,yugabyte-2026111-vanilla-os-large-large-aws-v2,1,ip-172-31-20-100,ranking,benchANT
2026-09-21 18:48:40+00:00,system,load15,20.69,dbms,09-2026,yugabyte-2026111-vanilla-os-large-large-aws-v2,1,ip-172-31-20-100,ranking,benchANT
2026-09-21 18:24:20+00:00,system,load5,2.96,dbms,09-2026,yugabyte-2026111-vanilla-os-large-large-aws-v2,1,ip-172-31-20-100,ranking,benchANT
2026-09-21 18:24:30+00:00,system,load5,3.33,dbms,09-2026,yugabyte-2026111-vanilla-os-large-large-aws-v2,1,ip-172-31-20-100,ranking,benchANT
2026-09-21 18:24:40+00:00,system,load5,4.2,dbms,09-2026,yugabyte-2026111-vanilla-os-large-large-aws-v2,1,ip-172-31-20-100,ranking,benchANT
2026-09-21 18:24:50+00:00,system,load5,4.91,dbms,09-2026,yugabyte-2026111-vanilla-os-large-large-aws-v2,1,ip-172-31-20-100,ranking,benchANT
2026-09-21 18:25:00+00:00,system,load5,5.65,dbms,09-2026,yugabyte-2026111-vanilla-os-large-large-aws-v2,1,ip-172-31-20-100,ranking,benchANT
2026-09-21 18:25:10+00:00,system,load5,6.27,dbms,09-2026,yugabyte-2026111-vanilla-os-large-large-aws-v2,1,ip-172-31-20-100,ranking,benchANT
2026-09-21 18:25:20+00:00,system,load5,6.79,dbms,09-2026,yugabyte-2026111-vanilla-os-large-large-aws-v2,1,ip-172-31-20-100,ranking,benchANT
2026-09-21 18:25:30+00:00,system,load5,7.48,dbms,09-2026,yugabyte-2026111-vanilla-os-large-large-aws-v2,1,ip-172-31-20-100,ranking,benchANT
2026-09-21 18:25:40+00:00,system,load5,8.02,dbms,09-2026,yugabyte-2026111-vanilla-os-large-large-aws-v2,1,ip-172-31-20-100,ranking,benchANT
2026-09-21 18:25:50+00:00,system,load5,8.78,dbms,09-2026,yugabyte-2026111-vanilla-os-large-large-aws-v2,1,ip-172-31-20-100,ranking,benchANT
2026-09-21 18:26:00+00:00,system,load5,9.57,dbms,09-2026,yugabyte-2026111-vanilla-os-large-large-aws-v2,1,ip-172-31-20-100,ranking,benchANT
2026-09-21 18:26:10+00:00,system,load5,9.9,dbms,09-2026,yugabyte-2026111-vanilla-os-large-large-aws-v2,1,ip-172-31-20-100,ranking,benchANT
2026-09-21 18:26:20+00:00,system,load5,10.48,dbms,09-2026,yugabyte-2026111-vanilla-os-large-large-aws-v2,1,ip-172-31-20-100,ranking,benchANT
2026-09-21 18:26:30+00:00,system,load5,11.0,dbms,09-2026,yugabyte-2026111-vanilla-os-large-large-aws-v2,1,ip-172-31-20-100,ranking,benchANT
2026-09-21 18:26:40+00:00,system,load5,11.58,dbms,09-2026,yugabyte-2026111-vanilla-os-large-large-aws-v2,1,ip-172-31-20-100,ranking,benchANT
2026-09-21 18:26:50+00:00,system,load5,12.21,dbms,09-2026,yugabyte-2026111-vanilla-os-large-large-aws-v2,1,ip-172-31-20-100,ranking,benchANT
2026-09-21 18:27:00+00:00,system,load5,12.92,dbms,09-2026,yugabyte-2026111-vanilla-os-large-large-aws-v2,1,ip-172-31-20-100,ranking,benchANT
2026-09-21 18:27:10+00:00,system,load5,13.55,dbms,09-2026,yugabyte-2026111-vanilla-os-large-large-aws-v2,1,ip-172-31-20-100,ranking,benchANT
2026-09-21 18:27:20+00:00,system,load5,13.65,dbms,09-2026,yugabyte-2026111-vanilla-os-large-large-aws-v2,1,ip-172-31-20-100,ranking,benchANT
2026-09-21 18:27:30+00:00,system,load5,14.35,dbms,09-2026,yugabyte-2026111-vanilla-os-large-large-aws-v2,1,ip-172-31-20-100,ranking,benchANT
2026-09-21 18:27:40+00:00,system,load5,14.31,dbms,09-2026,yugabyte-2026111-vanilla-os-large-large-aws-v2,1,ip-172-31-20-100,ranking,benchANT
2026-09-21 18:27:50+00:00,system,load5,14.41,dbms,09-2026,yugabyte-2026111-vanilla-os-large-large-aws-v2,1,ip-172-31-20-100,ranking,benchANT
2026-09-21 18:28:00+00:00,system,load5,14.57,dbms,09-2026,yugabyte-2026111-vanilla-os-large-large-aws-v2,1,ip-172-31-20-100,ranking,benchANT
2026-09-21 18:28:10+00:00,system,load5,15.01,dbms,09-2026,yugabyte-2026111-vanilla-os-large-large-aws-v2,1,ip-172-31-20-100,ranking,benchANT
2026-09-21 18:28:20+00:00,system,load5,15.52,dbms,09-2026,yugabyte-2026111-vanilla-os-large-large-aws-v2,1,ip-172-31-20-100,ranking,benchANT
2026-09-21 18:28:30+00:00,system,load5,15.94,dbms,09-2026,yugabyte-2026111-vanilla-os-large-large-aws-v2,1,ip-172-31-20-100,ranking,benchANT
2026-09-21 18:28:40+00:00,system,load5,16.14,dbms,09-2026,yugabyte-2026111-vanilla-os-large-large-aws-v2,1,ip-172-31-20-100,ranking,benchANT
2026-09-21 18:28:50+00:00,system,load5,16.09,dbms,09-2026,yugabyte-2026111-vanilla-os-large-large-aws-v2,1,ip-172-31-20-100,ranking,benchANT
2026-09-21 18:29:00+00:00,system,load5,16.17,dbms,09-2026,yugabyte-2026111-vanilla-os-large-large-aws-v2,1,ip-172-31-20-100,ranking,benchANT
2026-09-21 18:29:10+00:00,system,load5,16.48,dbms,09-2026,yugabyte-2026111-vanilla-os-large-large-aws-v2,1,ip-172-31-20-100,ranking,benchANT
2026-09-21 18:29:20+00:00,system,load5,17.12,dbms,09-2026,yugabyte-2026111-vanilla-os-large-large-aws-v2,1,ip-172-31-20-100,ranking,benchANT
2026-09-21 18:29:30+00:00,system,load5,17.51,dbms,09-2026,yugabyte-2026111-vanilla-os-large-large-aws-v2,1,ip-172-31-20-100,ranking,benchANT
2026-09-21 18:29:40+00:00,system,load5,17.97,dbms,09-2026,yugabyte-2026111-vanilla-os-large-large-aws-v2,1,ip-172-31-20-100,ranking,benchANT
2026-09-21 18:29:50+00:00,system,load5,18.34,dbms,09-2026,yugabyte-2026111-vanilla-os-large-large-aws-v2,1,ip-172-31-20-100,ranking,benchANT
2026-09-21 18:30:00+00:00,system,load5,18.3,dbms,09-2026,yugabyte-2026111-vanilla-os-large-large-aws-v2,1,ip-172-31-20-100,ranking,benchANT
2026-09-21 18:30:10+00:00,system,load5,18.99,dbms,09-2026,yugabyte-2026111-vanilla-os-large-large-aws-v2,1,ip-172-31-20-100,ranking,benchANT
2026-09-21 18:30:20+00:00,system,load5,19.08,dbms,09-2026,yugabyte-2026111-vanilla-os-large-large-aws-v2,1,ip-172-31-20-100,ranking,benchANT
2026-09-21 18:30:30+00:00,system,load5,19.17,dbms,09-2026,yugabyte-2026111-vanilla-os-large-large-aws-v2,1,ip-172-31-20-100,ranking,benchANT
2026-09-21 18:30:40+00:00,system,load5,19.4,dbms,09-2026,yugabyte-2026111-vanilla-os-large-large-aws-v2,1,ip-172-31-20-100,ranking,benchANT
2026-09-21 18:30:50+00:00,system,load5,19.5,dbms,09-2026,yugabyte-2026111-vanilla-os-large-large-aws-v2,1,ip-172-31-20-100,ranking,benchANT
2026-09-21 18:31:00+00:00,system,load5,19.52,dbms,09-2026,yugabyte-2026111-vanilla-os-large-large-aws-v2,1,ip-172-31-20-100,ranking,benchANT
2026-09-21 18:31:10+00:00,system,load5,19.94,dbms,09-2026,yugabyte-2026111-vanilla-os-large-large-aws-v2,1,ip-172-31-20-100,ranking,benchANT
2026-09-21 18:31:20+00:00,system,load5,20.41,dbms,09-2026,yugabyte-2026111-vanilla-os-large-large-aws-v2,1,ip-172-31-20-100,ranking,benchANT
2026-09-21 18:31:30+00:00,system,load5,20.62,dbms,09-2026,yugabyte-2026111-vanilla-os-large-large-aws-v2,1,ip-172-31-20-100,ranking,benchANT
2026-09-21 18:31:40+00:00,system,load5,20.97,dbms,09-2026,yugabyte-2026111-vanilla-os-large-large-aws-v2,1,ip-172-31-20-100,ranking,benchANT
2026-09-21 18:31:50+00:00,system,load5,21.15,dbms,09-2026,yugabyte-2026111-vanilla-os-large-large-aws-v2,1,ip-172-31-20-100,ranking,benchANT
2026-09-21 18:32:00+00:00,system,load5,21.1,dbms,09-2026,yugabyte-2026111-vanilla-os-large-large-aws-v2,1,ip-172-31-20-100,ranking,benchANT
2026-09-21 18:32:10+00:00,system,load5,21.52,dbms,09-2026,yugabyte-2026111-vanilla-os-large-large-aws-v2,1,ip-172-31-20-100,ranking,benchANT
2026-09-21 18:32:20+00:00,system,load5,21.73,dbms,09-2026,yugabyte-2026111-vanilla-os-large-large-aws-v2,1,ip-172-31-20-100,ranking,benchANT
2026-09-21 18:32:30+00:00,system,load5,21.69,dbms,09-2026,yugabyte-2026111-vanilla-os-large-large-aws-v2,1,ip-172-31-20-100,ranking,benchANT
2026-09-21 18:32:40+00:00,system,load5,21.95,dbms,09-2026,yugabyte-2026111-vanilla-os-large-large-aws-v2,1,ip-172-31-20-100,ranking,benchANT
2026-09-21 18:32:50+00:00,system,load5,21.76,dbms,09-2026,yugabyte-2026111-vanilla-os-large-large-aws-v2,1,ip-172-31-20-100,ranking,benchANT
2026-09-21 18:33:00+00:00,system,load5,21.67,dbms,09-2026,yugabyte-2026111-vanilla-os-large-large-aws-v2,1,ip-172-31-20-100,ranking,benchANT
2026-09-21 18:33:10+00:00,system,load5,22.08,dbms,09-2026,yugabyte-2026111-vanilla-os-large-large-aws-v2,1,ip-172-31-20-100,ranking,benchANT
2026-09-21 18:33:20+00:00,system,load5,22.21,dbms,09-2026,yugabyte-2026111-vanilla-os-large-large-aws-v2,1,ip-172-31-20-100,ranking,benchANT
2026-09-21 18:33:30+00:00,system,load5,22.53,dbms,09-2026,yugabyte-2026111-vanilla-os-large-large-aws-v2,1,ip-172-31-20-100,ranking,benchANT
2026-09-21 18:33:40+00:00,system,load5,22.56,dbms,09-2026,yugabyte-2026111-vanilla-os-large-large-aws-v2,1,ip-172-31-20-100,ranking,benchANT
2026-09-21 18:33:50+00:00,system,load5,22.43,dbms,09-2026,yugabyte-2026111-vanilla-os-large-large-aws-v2,1,ip-172-31-20-100,ranking,benchANT
2026-09-21 18:34:00+00:00,system,load5,22.63,dbms,09-2026,yugabyte-2026111-vanilla-os-large-large-aws-v2,1,ip-172-31-20-100,ranking,benchANT
2026-09-21 18:34:10+00:00,system,load5,22.89,dbms,09-2026,yugabyte-2026111-vanilla-os-large-large-aws-v2,1,ip-172-31-20-100,ranking,benchANT
2026-09-21 18:34:20+00:00,system,load5,23.01,dbms,09-2026,yugabyte-2026111-vanilla-os-large-large-aws-v2,1,ip-172-31-20-100,ranking,benchANT
2026-09-21 18:34:30+00:00,system,load5,23.21,dbms,09-2026,yugabyte-2026111-vanilla-os-large-large-aws-v2,1,ip-172-31-20-100,ranking,benchANT
2026-09-21 18:34:40+00:00,system,load5,23.45,dbms,09-2026,yugabyte-2026111-vanilla-os-large-large-aws-v2,1,ip-172-31-20-100,ranking,benchANT
2026-09-21 18:34:50+00:00,system,load5,23.53,dbms,09-2026,yugabyte-2026111-vanilla-os-large-large-aws-v2,1,ip-172-31-20-100,ranking,benchANT
2026-09-21 18:35:00+00:00,system,load5,23.41,dbms,09-2026,yugabyte-2026111-vanilla-os-large-large-aws-v2,1,ip-172-31-20-100,ranking,benchANT
2026-09-21 18:35:10+00:00,system,load5,23.25,dbms,09-2026,yugabyte-2026111-vanilla-os-large-large-aws-v2,1,ip-172-31-20-100,ranking,benchANT
2026-09-21 18:35:20+00:00,system,load5,23.74,dbms,09-2026,yugabyte-2026111-vanilla-os-large-large-aws-v2,1,ip-172-31-20-100,ranking,benchANT
2026-09-21 18:35:30+00:00,system,load5,24.16,dbms,09-2026,yugabyte-2026111-vanilla-os-large-large-aws-v2,1,ip-172-31-20-100,ranking,benchANT
2026-09-21 18:35:40+00:00,system,load5,24.34,dbms,09-2026,yugabyte-2026111-vanilla-os-large-large-aws-v2,1,ip-172-31-20-100,ranking,benchANT
2026-09-21 18:35:50+00:00,system,load5,24.25,dbms,09-2026,yugabyte-2026111-vanilla-os-large-large-aws-v2,1,ip-172-31-20-100,ranking,benchANT
2026-09-21 18:36:00+00:00,system,load5,24.11,dbms,09-2026,yugabyte-2026111-vanilla-os-large-large-aws-v2,1,ip-172-31-20-100,ranking,benchANT
2026-09-21 18:36:10+00:00,system,load5,24.06,dbms,09-2026,yugabyte-2026111-vanilla-os-large-large-aws-v2,1,ip-172-31-20-100,ranking,benchANT
2026-09-21 18:36:20+00:00,system,load5,24.02,dbms,09-2026,yugabyte-2026111-vanilla-os-large-large-aws-v2,1,ip-172-31-20-100,ranking,benchANT
2026-09-21 18:36:30+00:00,system,load5,23.91,dbms,09-2026,yugabyte-2026111-vanilla-os-large-large-aws-v2,1,ip-172-31-20-100,ranking,benchANT
2026-09-21 18:36:40+00:00,system,load5,24.31,dbms,09-2026,yugabyte-2026111-vanilla-os-large-large-aws-v2,1,ip-172-31-20-100,ranking,benchANT
2026-09-21 18:36:50+00:00,system,load5,24.57,dbms,09-2026,yugabyte-2026111-vanilla-os-large-large-aws-v2,1,ip-172-31-20-100,ranking,benchANT
2026-09-21 18:37:00+00:00,system,load5,24.77,dbms,09-2026,yugabyte-2026111-vanilla-os-large-large-aws-v2,1,ip-172-31-20-100,ranking,benchANT
2026-09-21 18:37:10+00:00,system,load5,25.02,dbms,09-2026,yugabyte-2026111-vanilla-os-large-large-aws-v2,1,ip-172-31-20-100,ranking,benchANT
2026-09-21 18:37:20+00:00,system,load5,25.18,dbms,09-2026,yugabyte-2026111-vanilla-os-large-large-aws-v2,1,ip-172-31-20-100,ranking,benchANT
2026-09-21 18:37:30+00:00,system,load5,25.44,dbms,09-2026,yugabyte-2026111-vanilla-os-large-large-aws-v2,1,ip-172-31-20-100,ranking,benchANT
2026-09-21 18:37:40+00:00,system,load5,25.75,dbms,09-2026,yugabyte-2026111-vanilla-os-large-large-aws-v2,1,ip-172-31-20-100,ranking,benchANT
2026-09-21 18:37:50+00:00,system,load5,25.92,dbms,09-2026,yugabyte-2026111-vanilla-os-large-large-aws-v2,1,ip-172-31-20-100,ranking,benchANT
2026-09-21 18:38:00+00:00,system,load5,26.06,dbms,09-2026,yugabyte-2026111-vanilla-os-large-large-aws-v2,1,ip-172-31-20-100,ranking,benchANT
2026-09-21 18:38:10+00:00,system,load5,26.17,dbms,09-2026,yugabyte-2026111-vanilla-os-large-large-aws-v2,1,ip-172-31-20-100,ranking,benchANT
2026-09-21 18:38:20+00:00,system,load5,26.23,dbms,09-2026,yugabyte-2026111-vanilla-os-large-large-aws-v2,1,ip-172-31-20-100,ranking,benchANT
2026-09-21 18:38:30+00:00,system,load5,25.91,dbms,09-2026,yugabyte-2026111-vanilla-os-large-large-aws-v2,1,ip-172-31-20-100,ranking,benchANT
2026-09-21 18:38:40+00:00,system,load5,25.5,dbms,09-2026,yugabyte-2026111-vanilla-os-large-large-aws-v2,1,ip-172-31-20-100,ranking,benchANT
2026-09-21 18:38:50+00:00,system,load5,25.6,dbms,09-2026,yugabyte-2026111-vanilla-os-large-large-aws-v2,1,ip-172-31-20-100,ranking,benchANT
2026-09-21 18:39:00+00:00,system,load5,25.32,dbms,09-2026,yugabyte-2026111-vanilla-os-large-large-aws-v2,1,ip-172-31-20-100,ranking,benchANT
2026-09-21 18:39:10+00:00,system,load5,25.57,dbms,09-2026,yugabyte-2026111-vanilla-os-large-large-aws-v2,1,ip-172-31-20-100,ranking,benchANT
2026-09-21 18:39:20+00:00,system,load5,26.08,dbms,09-2026,yugabyte-2026111-vanilla-os-large-large-aws-v2,1,ip-172-31-20-100,ranking,benchANT
2026-09-21 18:39:30+00:00,system,load5,25.78,dbms,09-2026,yugabyte-2026111-vanilla-os-large-large-aws-v2,1,ip-172-31-20-100,ranking,benchANT
2026-09-21 18:39:40+00:00,system,load5,25.44,dbms,09-2026,yugabyte-2026111-vanilla-os-large-large-aws-v2,1,ip-172-31-20-100,ranking,benchANT
2026-09-21 18:39:50+00:00,system,load5,25.47,dbms,09-2026,yugabyte-2026111-vanilla-os-large-large-aws-v2,1,ip-172-31-20-100,ranking,benchANT
2026-09-21 18:40:00+00:00,system,load5,25.13,dbms,09-2026,yugabyte-2026111-vanilla-os-large-large-aws-v2,1,ip-172-31-20-100,ranking,benchANT
2026-09-21 18:40:10+00:00,system,load5,24.88,dbms,09-2026,yugabyte-2026111-vanilla-os-large-large-aws-v2,1,ip-172-31-20-100,ranking,benchANT
2026-09-21 18:40:20+00:00,system,load5,24.9,dbms,09-2026,yugabyte-2026111-vanilla-os-large-large-aws-v2,1,ip-172-31-20-100,ranking,benchANT
2026-09-21 18:40:30+00:00,system,load5,24.87,dbms,09-2026,yugabyte-2026111-vanilla-os-large-large-aws-v2,1,ip-172-31-20-100,ranking,benchANT
2026-09-21 18:40:40+00:00,system,load5,24.9,dbms,09-2026,yugabyte-2026111-vanilla-os-large-large-aws-v2,1,ip-172-31-20-100,ranking,benchANT
2026-09-21 18:40:50+00:00,system,load5,25.07,dbms,09-2026,yugabyte-2026111-vanilla-os-large-large-aws-v2,1,ip-172-31-20-100,ranking,benchANT
2026-09-21 18:41:00+00:00,system,load5,24.92,dbms,09-2026,yugabyte-2026111-vanilla-os-large-large-aws-v2,1,ip-172-31-20-100,ranking,benchANT
2026-09-21 18:41:10+00:00,system,load5,25.06,dbms,09-2026,yugabyte-2026111-vanilla-os-large-large-aws-v2,1,ip-172-31-20-100,ranking,benchANT
2026-09-21 18:41:20+00:00,system,load5,25.28,dbms,09-2026,yugabyte-2026111-vanilla-os-large-large-aws-v2,1,ip-172-31-20-100,ranking,benchANT
2026-09-21 18:41:30+00:00,system,load5,25.73,dbms,09-2026,yugabyte-2026111-vanilla-os-large-large-aws-v2,1,ip-172-31-20-100,ranking,benchANT
2026-09-21 18:41:40+00:00,system,load5,25.81,dbms,09-2026,yugabyte-2026111-vanilla-os-large-large-aws-v2,1,ip-172-31-20-100,ranking,benchANT
2026-09-21 18:41:50+00:00,system,load5,25.71,dbms,09-2026,yugabyte-2026111-vanilla-os-large-large-aws-v2,1,ip-172-31-20-100,ranking,benchANT
2026-09-21 18:42:00+00:00,system,load5,26.18,dbms,09-2026,yugabyte-2026111-vanilla-os-large-large-aws-v2,1,ip-172-31-20-100,ranking,benchANT
2026-09-21 18:42:10+00:00,system,load5,26.31,dbms,09-2026,yugabyte-2026111-vanilla-os-large-large-aws-v2,1,ip-172-31-20-100,ranking,benchANT
2026-09-21 18:42:20+00:00,system,load5,26.43,dbms,09-2026,yugabyte-2026111-vanilla-os-large-large-aws-v2,1,ip-172-31-20-100,ranking,benchANT
2026-09-21 18:42:30+00:00,system,load5,26.61,dbms,09-2026,yugabyte-2026111-vanilla-os-large-large-aws-v2,1,ip-172-31-20-100,ranking,benchANT
2026-09-21 18:42:40+00:00,system,load5,26.39,dbms,09-2026,yugabyte-2026111-vanilla-os-large-large-aws-v2,1,ip-172-31-20-100,ranking,benchANT
2026-09-21 18:42:50+00:00,system,load5,26.33,dbms,09-2026,yugabyte-2026111-vanilla-os-large-large-aws-v2,1,ip-172-31-20-100,ranking,benchANT
2026-09-21 18:43:00+00:00,system,load5,26.16,dbms,09-2026,yugabyte-2026111-vanilla-os-large-large-aws-v2,1,ip-172-31-20-100,ranking,benchANT
2026-09-21 18:43:10+00:00,system,load5,26.14,dbms,09-2026,yugabyte-2026111-vanilla-os-large-large-aws-v2,1,ip-172-31-20-100,ranking,benchANT
2026-09-21 18:43:20+00:00,system,load5,26.15,dbms,09-2026,yugabyte-2026111-vanilla-os-large-large-aws-v2,1,ip-172-31-20-100,ranking,benchANT
2026-09-21 18:43:30+00:00,system,load5,26.11,dbms,09-2026,yugabyte-2026111-vanilla-os-large-large-aws-v2,1,ip-172-31-20-100,ranking,benchANT
2026-09-21 18:43:40+00:00,system,load5,26.17,dbms,09-2026,yugabyte-2026111-vanilla-os-large-large-aws-v2,1,ip-172-31-20-100,ranking,benchANT
2026-09-21 18:43:50+00:00,system,load5,26.28,dbms,09-2026,yugabyte-2026111-vanilla-os-large-large-aws-v2,1,ip-172-31-20-100,ranking,benchANT
2026-09-21 18:44:00+00:00,system,load5,26.49,dbms,09-2026,yugabyte-2026111-vanilla-os-large-large-aws-v2,1,ip-172-31-20-100,ranking,benchANT
2026-09-21 18:44:10+00:00,system,load5,26.44,dbms,09-2026,yugabyte-2026111-vanilla-os-large-large-aws-v2,1,ip-172-31-20-100,ranking,benchANT
2026-09-21 18:44:20+00:00,system,load5,26.29,dbms,09-2026,yugabyte-2026111-vanilla-os-large-large-aws-v2,1,ip-172-31-20-100,ranking,benchANT
2026-09-21 18:44:30+00:00,system,load5,26.3,dbms,09-2026,yugabyte-2026111-vanilla-os-large-large-aws-v2,1,ip-172-31-20-100,ranking,benchANT
2026-09-21 18:44:40+00:00,system,load5,26.35,dbms,09-2026,yugabyte-2026111-vanilla-os-large-large-aws-v2,1,ip-172-31-20-100,ranking,benchANT
2026-09-21 18:44:50+00:00,system,load5,26.06,dbms,09-2026,yugabyte-2026111-vanilla-os-large-large-aws-v2,1,ip-172-31-20-100,ranking,benchANT
2026-09-21 18:45:00+00:00,system,load5,26.18,dbms,09-2026,yugabyte-2026111-vanilla-os-large-large-aws-v2,1,ip-172-31-20-100,ranking,benchANT
2026-09-21 18:45:10+00:00,system,load5,26.06,dbms,09-2026,yugabyte-2026111-vanilla-os-large-large-aws-v2,1,ip-172-31-20-100,ranking,benchANT
2026-09-21 18:45:20+00:00,system,load5,25.87,dbms,09-2026,yugabyte-2026111-vanilla-os-large-large-aws-v2,1,ip-172-31-20-100,ranking,benchANT
2026-09-21 18:45:30+00:00,system,load5,25.63,dbms,09-2026,yugabyte-2026111-vanilla-os-large-large-aws-v2,1,ip-172-31-20-100,ranking,benchANT
2026-09-21 18:45:40+00:00,system,load5,25.2,dbms,09-2026,yugabyte-2026111-vanilla-os-large-large-aws-v2,1,ip-172-31-20-100,ranking,benchANT
2026-09-21 18:45:50+00:00,system,load5,25.36,dbms,09-2026,yugabyte-2026111-vanilla-os-large-large-aws-v2,1,ip-172-31-20-100,ranking,benchANT
2026-09-21 18:46:00+00:00,system,load5,25.68,dbms,09-2026,yugabyte-2026111-vanilla-os-large-large-aws-v2,1,ip-172-31-20-100,ranking,benchANT
2026-09-21 18:46:10+00:00,system,load5,25.56,dbms,09-2026,yugabyte-2026111-vanilla-os-large-large-aws-v2,1,ip-172-31-20-100,ranking,benchANT
2026-09-21 18:46:20+00:00,system,load5,25.52,dbms,09-2026,yugabyte-2026111-vanilla-os-large-large-aws-v2,1,ip-172-31-20-100,ranking,benchANT
2026-09-21 18:46:30+00:00,system,load5,25.72,dbms,09-2026,yugabyte-2026111-vanilla-os-large-large-aws-v2,1,ip-172-31-20-100,ranking,benchANT
2026-09-21 18:46:40+00:00,system,load5,26.25,dbms,09-2026,yugabyte-2026111-vanilla-os-large-large-aws-v2,1,ip-172-31-20-100,ranking,benchANT
2026-09-21 18:46:50+00:00,system,load5,26.44,dbms,09-2026,yugabyte-2026111-vanilla-os-large-large-aws-v2,1,ip-172-31-20-100,ranking,benchANT
2026-09-21 18:47:00+00:00,system,load5,26.31,dbms,09-2026,yugabyte-2026111-vanilla-os-large-large-aws-v2,1,ip-172-31-20-100,ranking,benchANT
2026-09-21 18:47:10+00:00,system,load5,26.16,dbms,09-2026,yugabyte-2026111-vanilla-os-large-large-aws-v2,1,ip-172-31-20-100,ranking,benchANT
2026-09-21 18:47:20+00:00,system,load5,26.06,dbms,09-2026,yugabyte-2026111-vanilla-os-large-large-aws-v2,1,ip-172-31-20-100,ranking,benchANT
2026-09-21 18:47:30+00:00,system,load5,26.29,dbms,09-2026,yugabyte-2026111-vanilla-os-large-large-aws-v2,1,ip-172-31-20-100,ranking,benchANT
2026-09-21 18:47:40+00:00,system,load5,26.43,dbms,09-2026,yugabyte-2026111-vanilla-os-large-large-aws-v2,1,ip-172-31-20-100,ranking,benchANT
2026-09-21 18:47:50+00:00,system,load5,26.93,dbms,09-2026,yugabyte-2026111-vanilla-os-large-large-aws-v2,1,ip-172-31-20-100,ranking,benchANT
2026-09-21 18:48:00+00:00,system,load5,26.76,dbms,09-2026,yugabyte-2026111-vanilla-os-large-large-aws-v2,1,ip-172-31-20-100,ranking,benchANT
2026-09-21 18:48:10+00:00,system,load5,26.44,dbms,09-2026,yugabyte-2026111-vanilla-os-large-large-aws-v2,1,ip-172-31-20-100,ranking,benchANT
2026-09-21 18:48:20+00:00,system,load5,25.65,dbms,09-2026,yugabyte-2026111-vanilla-os-large-large-aws-v2,1,ip-172-31-20-100,ranking,benchANT
2026-09-21 18:48:30+00:00,system,load5,24.83,dbms,09-2026,yugabyte-2026111-vanilla-os-large-large-aws-v2,1,ip-172-31-20-100,ranking,benchANT
2026-09-21 18:48:40+00:00,system,load5,24.01,dbms,09-2026,yugabyte-2026111-vanilla-os-large-large-aws-v2,1,ip-172-31-20-100,ranking,benchANT
2026-09-21 18:24:20+00:00,system,n_cpus,8,dbms,09-2026,yugabyte-2026111-vanilla-os-large-large-aws-v2,1,ip-172-31-20-100,ranking,benchANT
2026-09-21 18:24:30+00:00,system,n_cpus,8,dbms,09-2026,yugabyte-2026111-vanilla-os-large-large-aws-v2,1,ip-172-31-20-100,ranking,benchANT
2026-09-21 18:24:40+00:00,system,n_cpus,8,dbms,09-2026,yugabyte-2026111-vanilla-os-large-large-aws-v2,1,ip-172-31-20-100,ranking,benchANT
2026-09-21 18:24:50+00:00,system,n_cpus,8,dbms,09-2026,yugabyte-2026111-vanilla-os-large-large-aws-v2,1,ip-172-31-20-100,ranking,benchANT
2026-09-21 18:25:00+00:00,system,n_cpus,8,dbms,09-2026,yugabyte-2026111-vanilla-os-large-large-aws-v2,1,ip-172-31-20-100,ranking,benchANT
2026-09-21 18:25:10+00:00,system,n_cpus,8,dbms,09-2026,yugabyte-2026111-vanilla-os-large-large-aws-v2,1,ip-172-31-20-100,ranking,benchANT
2026-09-21 18:25:20+00:00,system,n_cpus,8,dbms,09-2026,yugabyte-2026111-vanilla-os-large-large-aws-v2,1,ip-172-31-20-100,ranking,benchANT
2026-09-21 18:25:30+00:00,system,n_cpus,8,dbms,09-2026,yugabyte-2026111-vanilla-os-large-large-aws-v2,1,ip-172-31-20-100,ranking,benchANT
2026-09-21 18:25:40+00:00,system,n_cpus,8,dbms,09-2026,yugabyte-2026111-vanilla-os-large-large-aws-v2,1,ip-172-31-20-100,ranking,benchANT
2026-09-21 18:25:50+00:00,system,n_cpus,8,dbms,09-2026,yugabyte-2026111-vanilla-os-large-large-aws-v2,1,ip-172-31-20-100,ranking,benchANT
2026-09-21 18:26:00+00:00,system,n_cpus,8,dbms,09-2026,yugabyte-2026111-vanilla-os-large-large-aws-v2,1,ip-172-31-20-100,ranking,benchANT
2026-09-21 18:26:10+00:00,system,n_cpus,8,dbms,09-2026,yugabyte-2026111-vanilla-os-large-large-aws-v2,1,ip-172-31-20-100,ranking,benchANT
2026-09-21 18:26:20+00:00,system,n_cpus,8,dbms,09-2026,yugabyte-2026111-vanilla-os-large-large-aws-v2,1,ip-172-31-20-100,ranking,benchANT
2026-09-21 18:26:30+00:00,system,n_cpus,8,dbms,09-2026,yugabyte-2026111-vanilla-os-large-large-aws-v2,1,ip-172-31-20-100,ranking,benchANT
2026-09-21 18:26:40+00:00,system,n_cpus,8,dbms,09-2026,yugabyte-2026111-vanilla-os-large-large-aws-v2,1,ip-172-31-20-100,ranking,benchANT
2026-09-21 18:26:50+00:00,system,n_cpus,8,dbms,09-2026,yugabyte-2026111-vanilla-os-large-large-aws-v2,1,ip-172-31-20-100,ranking,benchANT
2026-09-21 18:27:00+00:00,system,n_cpus,8,dbms,09-2026,yugabyte-2026111-vanilla-os-large-large-aws-v2,1,ip-172-31-20-100,ranking,benchANT
2026-09-21 18:27:10+00:00,system,n_cpus,8,dbms,09-2026,yugabyte-2026111-vanilla-os-large-large-aws-v2,1,ip-172-31-20-100,ranking,benchANT
2026-09-21 18:27:20+00:00,system,n_cpus,8,dbms,09-2026,yugabyte-2026111-vanilla-os-large-large-aws-v2,1,ip-172-31-20-100,ranking,benchANT
2026-09-21 18:27:30+00:00,system,n_cpus,8,dbms,09-2026,yugabyte-2026111-vanilla-os-large-large-aws-v2,1,ip-172-31-20-100,ranking,benchANT
2026-09-21 18:27:40+00:00,system,n_cpus,8,dbms,09-2026,yugabyte-2026111-vanilla-os-large-large-aws-v2,1,ip-172-31-20-100,ranking,benchANT
2026-09-21 18:27:50+00:00,system,n_cpus,8,dbms,09-2026,yugabyte-2026111-vanilla-os-large-large-aws-v2,1,ip-172-31-20-100,ranking,benchANT
2026-09-21 18:28:00+00:00,system,n_cpus,8,dbms,09-2026,yugabyte-2026111-vanilla-os-large-large-aws-v2,1,ip-172-31-20-100,ranking,benchANT
2026-09-21 18:28:10+00:00,system,n_cpus,8,dbms,09-2026,yugabyte-2026111-vanilla-os-large-large-aws-v2,1,ip-172-31-20-100,ranking,benchANT
2026-09-21 18:28:20+00:00,system,n_cpus,8,dbms,09-2026,yugabyte-2026111-vanilla-os-large-large-aws-v2,1,ip-172-31-20-100,ranking,benchANT
2026-09-21 18:28:30+00:00,system,n_cpus,8,dbms,09-2026,yugabyte-2026111-vanilla-os-large-large-aws-v2,1,ip-172-31-20-100,ranking,benchANT
2026-09-21 18:28:40+00:00,system,n_cpus,8,dbms,09-2026,yugabyte-2026111-vanilla-os-large-large-aws-v2,1,ip-172-31-20-100,ranking,benchANT
2026-09-21 18:28:50+00:00,system,n_cpus,8,dbms,09-2026,yugabyte-2026111-vanilla-os-large-large-aws-v2,1,ip-172-31-20-100,ranking,benchANT
2026-09-21 18:29:00+00:00,system,n_cpus,8,dbms,09-2026,yugabyte-2026111-vanilla-os-large-large-aws-v2,1,ip-172-31-20-100,ranking,benchANT
2026-09-21 18:29:10+00:00,system,n_cpus,8,dbms,09-2026,yugabyte-2026111-vanilla-os-large-large-aws-v2,1,ip-172-31-20-100,ranking,benchANT
2026-09-21 18:29:20+00:00,system,n_cpus,8,dbms,09-2026,yugabyte-2026111-vanilla-os-large-large-aws-v2,1,ip-172-31-20-100,ranking,benchANT
2026-09-21 18:29:30+00:00,system,n_cpus,8,dbms,09-2026,yugabyte-2026111-vanilla-os-large-large-aws-v2,1,ip-172-31-20-100,ranking,benchANT
2026-09-21 18:29:40+00:00,system,n_cpus,8,dbms,09-2026,yugabyte-2026111-vanilla-os-large-large-aws-v2,1,ip-172-31-20-100,ranking,benchANT
2026-09-21 18:29:50+00:00,system,n_cpus,8,dbms,09-2026,yugabyte-2026111-vanilla-os-large-large-aws-v2,1,ip-172-31-20-100,ranking,benchANT
2026-09-21 18:30:00+00:00,system,n_cpus,8,dbms,09-2026,yugabyte-2026111-vanilla-os-large-large-aws-v2,1,ip-172-31-20-100,ranking,benchANT
2026-09-21 18:30:10+00:00,system,n_cpus,8,dbms,09-2026,yugabyte-2026111-vanilla-os-large-large-aws-v2,1,ip-172-31-20-100,ranking,benchANT
2026-09-21 18:30:20+00:00,system,n_cpus,8,dbms,09-2026,yugabyte-2026111-vanilla-os-large-large-aws-v2,1,ip-172-31-20-100,ranking,benchANT
2026-09-21 18:30:30+00:00,system,n_cpus,8,dbms,09-2026,yugabyte-2026111-vanilla-os-large-large-aws-v2,1,ip-172-31-20-100,ranking,benchANT
2026-09-21 18:30:40+00:00,system,n_cpus,8,dbms,09-2026,yugabyte-2026111-vanilla-os-large-large-aws-v2,1,ip-172-31-20-100,ranking,benchANT
2026-09-21 18:30:50+00:00,system,n_cpus,8,dbms,09-2026,yugabyte-2026111-vanilla-os-large-large-aws-v2,1,ip-172-31-20-100,ranking,benchANT
2026-09-21 18:31:00+00:00,system,n_cpus,8,dbms,09-2026,yugabyte-2026111-vanilla-os-large-large-aws-v2,1,ip-172-31-20-100,ranking,benchANT
2026-09-21 18:31:10+00:00,system,n_cpus,8,dbms,09-2026,yugabyte-2026111-vanilla-os-large-large-aws-v2,1,ip-172-31-20-100,ranking,benchANT
2026-09-21 18:31:20+00:00,system,n_cpus,8,dbms,09-2026,yugabyte-2026111-vanilla-os-large-large-aws-v2,1,ip-172-31-20-100,ranking,benchANT
2026-09-21 18:31:30+00:00,system,n_cpus,8,dbms,09-2026,yugabyte-2026111-vanilla-os-large-large-aws-v2,1,ip-172-31-20-100,ranking,benchANT
2026-09-21 18:31:40+00:00,system,n_cpus,8,dbms,09-2026,yugabyte-2026111-vanilla-os-large-large-aws-v2,1,ip-172-31-20-100,ranking,benchANT
2026-09-21 18:31:50+00:00,system,n_cpus,8,dbms,09-2026,yugabyte-2026111-vanilla-os-large-large-aws-v2,1,ip-172-31-20-100,ranking,benchANT
2026-09-21 18:32:00+00:00,system,n_cpus,8,dbms,09-2026,yugabyte-2026111-vanilla-os-large-large-aws-v2,1,ip-172-31-20-100,ranking,benchANT
2026-09-21 18:32:10+00:00,system,n_cpus,8,dbms,09-2026,yugabyte-2026111-vanilla-os-large-large-aws-v2,1,ip-172-31-20-100,ranking,benchANT
2026-09-21 18:32:20+00:00,system,n_cpus,8,dbms,09-2026,yugabyte-2026111-vanilla-os-large-large-aws-v2,1,ip-172-31-20-100,ranking,benchANT
2026-09-21 18:32:30+00:00,system,n_cpus,8,dbms,09-2026,yugabyte-2026111-vanilla-os-large-large-aws-v2,1,ip-172-31-20-100,ranking,benchANT
2026-09-21 18:32:40+00:00,system,n_cpus,8,dbms,09-2026,yugabyte-2026111-vanilla-os-large-large-aws-v2,1,ip-172-31-20-100,ranking,benchANT
2026-09-21 18:32:50+00:00,system,n_cpus,8,dbms,09-2026,yugabyte-2026111-vanilla-os-large-large-aws-v2,1,ip-172-31-20-100,ranking,benchANT
2026-09-21 18:33:00+00:00,system,n_cpus,8,dbms,09-2026,yugabyte-2026111-vanilla-os-large-large-aws-v2,1,ip-172-31-20-100,ranking,benchANT
2026-09-21 18:33:10+00:00,system,n_cpus,8,dbms,09-2026,yugabyte-2026111-vanilla-os-large-large-aws-v2,1,ip-172-31-20-100,ranking,benchANT
2026-09-21 18:33:20+00:00,system,n_cpus,8,dbms,09-2026,yugabyte-2026111-vanilla-os-large-large-aws-v2,1,ip-172-31-20-100,ranking,benchANT
2026-09-21 18:33:30+00:00,system,n_cpus,8,dbms,09-2026,yugabyte-2026111-vanilla-os-large-large-aws-v2,1,ip-172-31-20-100,ranking,benchANT
2026-09-21 18:33:40+00:00,system,n_cpus,8,dbms,09-2026,yugabyte-2026111-vanilla-os-large-large-aws-v2,1,ip-172-31-20-100,ranking,benchANT
2026-09-21 18:33:50+00:00,system,n_cpus,8,dbms,09-2026,yugabyte-2026111-vanilla-os-large-large-aws-v2,1,ip-172-31-20-100,ranking,benchANT
2026-09-21 18:34:00+00:00,system,n_cpus,8,dbms,09-2026,yugabyte-2026111-vanilla-os-large-large-aws-v2,1,ip-172-31-20-100,ranking,benchANT
2026-09-21 18:34:10+00:00,system,n_cpus,8,dbms,09-2026,yugabyte-2026111-vanilla-os-large-large-aws-v2,1,ip-172-31-20-100,ranking,benchANT
2026-09-21 18:34:20+00:00,system,n_cpus,8,dbms,09-2026,yugabyte-2026111-vanilla-os-large-large-aws-v2,1,ip-172-31-20-100,ranking,benchANT
2026-09-21 18:34:30+00:00,system,n_cpus,8,dbms,09-2026,yugabyte-2026111-vanilla-os-large-large-aws-v2,1,ip-172-31-20-100,ranking,benchANT
2026-09-21 18:34:40+00:00,system,n_cpus,8,dbms,09-2026,yugabyte-2026111-vanilla-os-large-large-aws-v2,1,ip-172-31-20-100,ranking,benchANT
2026-09-21 18:34:50+00:00,system,n_cpus,8,dbms,09-2026,yugabyte-2026111-vanilla-os-large-large-aws-v2,1,ip-172-31-20-100,ranking,benchANT
2026-09-21 18:35:00+00:00,system,n_cpus,8,dbms,09-2026,yugabyte-2026111-vanilla-os-large-large-aws-v2,1,ip-172-31-20-100,ranking,benchANT
2026-09-21 18:35:10+00:00,system,n_cpus,8,dbms,09-2026,yugabyte-2026111-vanilla-os-large-large-aws-v2,1,ip-172-31-20-100,ranking,benchANT
2026-09-21 18:35:20+00:00,system,n_cpus,8,dbms,09-2026,yugabyte-2026111-vanilla-os-large-large-aws-v2,1,ip-172-31-20-100,ranking,benchANT
2026-09-21 18:35:30+00:00,system,n_cpus,8,dbms,09-2026,yugabyte-2026111-vanilla-os-large-large-aws-v2,1,ip-172-31-20-100,ranking,benchANT
2026-09-21 18:35:40+00:00,system,n_cpus,8,dbms,09-2026,yugabyte-2026111-vanilla-os-large-large-aws-v2,1,ip-172-31-20-100,ranking,benchANT
2026-09-21 18:35:50+00:00,system,n_cpus,8,dbms,09-2026,yugabyte-2026111-vanilla-os-large-large-aws-v2,1,ip-172-31-20-100,ranking,benchANT
2026-09-21 18:36:00+00:00,system,n_cpus,8,dbms,09-2026,yugabyte-2026111-vanilla-os-large-large-aws-v2,1,ip-172-31-20-100,ranking,benchANT
2026-09-21 18:36:10+00:00,system,n_cpus,8,dbms,09-2026,yugabyte-2026111-vanilla-os-large-large-aws-v2,1,ip-172-31-20-100,ranking,benchANT
2026-09-21 18:36:20+00:00,system,n_cpus,8,dbms,09-2026,yugabyte-2026111-vanilla-os-large-large-aws-v2,1,ip-172-31-20-100,ranking,benchANT
2026-09-21 18:36:30+00:00,system,n_cpus,8,dbms,09-2026,yugabyte-2026111-vanilla-os-large-large-aws-v2,1,ip-172-31-20-100,ranking,benchANT
2026-09-21 18:36:40+00:00,system,n_cpus,8,dbms,09-2026,yugabyte-2026111-vanilla-os-large-large-aws-v2,1,ip-172-31-20-100,ranking,benchANT
2026-09-21 18:36:50+00:00,system,n_cpus,8,dbms,09-2026,yugabyte-2026111-vanilla-os-large-large-aws-v2,1,ip-172-31-20-100,ranking,benchANT
2026-09-21 18:37:00+00:00,system,n_cpus,8,dbms,09-2026,yugabyte-2026111-vanilla-os-large-large-aws-v2,1,ip-172-31-20-100,ranking,benchANT
2026-09-21 18:37:10+00:00,system,n_cpus,8,dbms,09-2026,yugabyte-2026111-vanilla-os-large-large-aws-v2,1,ip-172-31-20-100,ranking,benchANT
2026-09-21 18:37:20+00:00,system,n_cpus,8,dbms,09-2026,yugabyte-2026111-vanilla-os-large-large-aws-v2,1,ip-172-31-20-100,ranking,benchANT
2026-09-21 18:37:30+00:00,system,n_cpus,8,dbms,09-2026,yugabyte-2026111-vanilla-os-large-large-aws-v2,1,ip-172-31-20-100,ranking,benchANT
2026-09-21 18:37:40+00:00,system,n_cpus,8,dbms,09-2026,yugabyte-2026111-vanilla-os-large-large-aws-v2,1,ip-172-31-20-100,ranking,benchANT
2026-09-21 18:37:50+00:00,system,n_cpus,8,dbms,09-2026,yugabyte-2026111-vanilla-os-large-large-aws-v2,1,ip-172-31-20-100,ranking,benchANT
2026-09-21 18:38:00+00:00,system,n_cpus,8,dbms,09-2026,yugabyte-2026111-vanilla-os-large-large-aws-v2,1,ip-172-31-20-100,ranking,benchANT
2026-09-21 18:38:10+00:00,system,n_cpus,8,dbms,09-2026,yugabyte-2026111-vanilla-os-large-large-aws-v2,1,ip-172-31-20-100,ranking,benchANT
2026-09-21 18:38:20+00:00,system,n_cpus,8,dbms,09-2026,yugabyte-2026111-vanilla-os-large-large-aws-v2,1,ip-172-31-20-100,ranking,benchANT
2026-09-21 18:38:30+00:00,system,n_cpus,8,dbms,09-2026,yugabyte-2026111-vanilla-os-large-large-aws-v2,1,ip-172-31-20-100,ranking,benchANT
2026-09-21 18:38:40+00:00,system,n_cpus,8,dbms,09-2026,yugabyte-2026111-vanilla-os-large-large-aws-v2,1,ip-172-31-20-100,ranking,benchANT
2026-09-21 18:38:50+00:00,system,n_cpus,8,dbms,09-2026,yugabyte-2026111-vanilla-os-large-large-aws-v2,1,ip-172-31-20-100,ranking,benchANT
2026-09-21 18:39:00+00:00,system,n_cpus,8,dbms,09-2026,yugabyte-2026111-vanilla-os-large-large-aws-v2,1,ip-172-31-20-100,ranking,benchANT
2026-09-21 18:39:10+00:00,system,n_cpus,8,dbms,09-2026,yugabyte-2026111-vanilla-os-large-large-aws-v2,1,ip-172-31-20-100,ranking,benchANT
2026-09-21 18:39:20+00:00,system,n_cpus,8,dbms,09-2026,yugabyte-2026111-vanilla-os-large-large-aws-v2,1,ip-172-31-20-100,ranking,benchANT
2026-09-21 18:39:30+00:00,system,n_cpus,8,dbms,09-2026,yugabyte-2026111-vanilla-os-large-large-aws-v2,1,ip-172-31-20-100,ranking,benchANT
2026-09-21 18:39:40+00:00,system,n_cpus,8,dbms,09-2026,yugabyte-2026111-vanilla-os-large-large-aws-v2,1,ip-172-31-20-100,ranking,benchANT
2026-09-21 18:39:50+00:00,system,n_cpus,8,dbms,09-2026,yugabyte-2026111-vanilla-os-large-large-aws-v2,1,ip-172-31-20-100,ranking,benchANT
2026-09-21 18:40:00+00:00,system,n_cpus,8,dbms,09-2026,yugabyte-2026111-vanilla-os-large-large-aws-v2,1,ip-172-31-20-100,ranking,benchANT
2026-09-21 18:40:10+00:00,system,n_cpus,8,dbms,09-2026,yugabyte-2026111-vanilla-os-large-large-aws-v2,1,ip-172-31-20-100,ranking,benchANT
2026-09-21 18:40:20+00:00,system,n_cpus,8,dbms,09-2026,yugabyte-2026111-vanilla-os-large-large-aws-v2,1,ip-172-31-20-100,ranking,benchANT
2026-09-21 18:40:30+00:00,system,n_cpus,8,dbms,09-2026,yugabyte-2026111-vanilla-os-large-large-aws-v2,1,ip-172-31-20-100,ranking,benchANT
2026-09-21 18:40:40+00:00,system,n_cpus,8,dbms,09-2026,yugabyte-2026111-vanilla-os-large-large-aws-v2,1,ip-172-31-20-100,ranking,benchANT
2026-09-21 18:40:50+00:00,system,n_cpus,8,dbms,09-2026,yugabyte-2026111-vanilla-os-large-large-aws-v2,1,ip-172-31-20-100,ranking,benchANT
2026-09-21 18:41:00+00:00,system,n_cpus,8,dbms,09-2026,yugabyte-2026111-vanilla-os-large-large-aws-v2,1,ip-172-31-20-100,ranking,benchANT
2026-09-21 18:41:10+00:00,system,n_cpus,8,dbms,09-2026,yugabyte-2026111-vanilla-os-large-large-aws-v2,1,ip-172-31-20-100,ranking,benchANT
2026-09-21 18:41:20+00:00,system,n_cpus,8,dbms,09-2026,yugabyte-2026111-vanilla-os-large-large-aws-v2,1,ip-172-31-20-100,ranking,benchANT
2026-09-21 18:41:30+00:00,system,n_cpus,8,dbms,09-2026,yugabyte-2026111-vanilla-os-large-large-aws-v2,1,ip-172-31-20-100,ranking,benchANT
2026-09-21 18:41:40+00:00,system,n_cpus,8,dbms,09-2026,yugabyte-2026111-vanilla-os-large-large-aws-v2,1,ip-172-31-20-100,ranking,benchANT
2026-09-21 18:41:50+00:00,system,n_cpus,8,dbms,09-2026,yugabyte-2026111-vanilla-os-large-large-aws-v2,1,ip-172-31-20-100,ranking,benchANT
2026-09-21 18:42:00+00:00,system,n_cpus,8,dbms,09-2026,yugabyte-2026111-vanilla-os-large-large-aws-v2,1,ip-172-31-20-100,ranking,benchANT
2026-09-21 18:42:10+00:00,system,n_cpus,8,dbms,09-2026,yugabyte-2026111-vanilla-os-large-large-aws-v2,1,ip-172-31-20-100,ranking,benchANT
2026-09-21 18:42:20+00:00,system,n_cpus,8,dbms,09-2026,yugabyte-2026111-vanilla-os-large-large-aws-v2,1,ip-172-31-20-100,ranking,benchANT
2026-09-21 18:42:30+00:00,system,n_cpus,8,dbms,09-2026,yugabyte-2026111-vanilla-os-large-large-aws-v2,1,ip-172-31-20-100,ranking,benchANT
2026-09-21 18:42:40+00:00,system,n_cpus,8,dbms,09-2026,yugabyte-2026111-vanilla-os-large-large-aws-v2,1,ip-172-31-20-100,ranking,benchANT
2026-09-21 18:42:50+00:00,system,n_cpus,8,dbms,09-2026,yugabyte-2026111-vanilla-os-large-large-aws-v2,1,ip-172-31-20-100,ranking,benchANT
2026-09-21 18:43:00+00:00,system,n_cpus,8,dbms,09-2026,yugabyte-2026111-vanilla-os-large-large-aws-v2,1,ip-172-31-20-100,ranking,benchANT
2026-09-21 18:43:10+00:00,system,n_cpus,8,dbms,09-2026,yugabyte-2026111-vanilla-os-large-large-aws-v2,1,ip-172-31-20-100,ranking,benchANT
2026-09-21 18:43:20+00:00,system,n_cpus,8,dbms,09-2026,yugabyte-2026111-vanilla-os-large-large-aws-v2,1,ip-172-31-20-100,ranking,benchANT
2026-09-21 18:43:30+00:00,system,n_cpus,8,dbms,09-2026,yugabyte-2026111-vanilla-os-large-large-aws-v2,1,ip-172-31-20-100,ranking,benchANT
2026-09-21 18:43:40+00:00,system,n_cpus,8,dbms,09-2026,yugabyte-2026111-vanilla-os-large-large-aws-v2,1,ip-172-31-20-100,ranking,benchANT
2026-09-21 18:43:50+00:00,system,n_cpus,8,dbms,09-2026,yugabyte-2026111-vanilla-os-large-large-aws-v2,1,ip-172-31-20-100,ranking,benchANT
2026-09-21 18:44:00+00:00,system,n_cpus,8,dbms,09-2026,yugabyte-2026111-vanilla-os-large-large-aws-v2,1,ip-172-31-20-100,ranking,benchANT
2026-09-21 18:44:10+00:00,system,n_cpus,8,dbms,09-2026,yugabyte-2026111-vanilla-os-large-large-aws-v2,1,ip-172-31-20-100,ranking,benchANT
2026-09-21 18:44:20+00:00,system,n_cpus,8,dbms,09-2026,yugabyte-2026111-vanilla-os-large-large-aws-v2,1,ip-172-31-20-100,ranking,benchANT
2026-09-21 18:44:30+00:00,system,n_cpus,8,dbms,09-2026,yugabyte-2026111-vanilla-os-large-large-aws-v2,1,ip-172-31-20-100,ranking,benchANT
2026-09-21 18:44:40+00:00,system,n_cpus,8,dbms,09-2026,yugabyte-2026111-vanilla-os-large-large-aws-v2,1,ip-172-31-20-100,ranking,benchANT
2026-09-21 18:44:50+00:00,system,n_cpus,8,dbms,09-2026,yugabyte-2026111-vanilla-os-large-large-aws-v2,1,ip-172-31-20-100,ranking,benchANT
2026-09-21 18:45:00+00:00,system,n_cpus,8,dbms,09-2026,yugabyte-2026111-vanilla-os-large-large-aws-v2,1,ip-172-31-20-100,ranking,benchANT
2026-09-21 18:45:10+00:00,system,n_cpus,8,dbms,09-2026,yugabyte-2026111-vanilla-os-large-large-aws-v2,1,ip-172-31-20-100,ranking,benchANT
2026-09-21 18:45:20+00:00,system,n_cpus,8,dbms,09-2026,yugabyte-2026111-vanilla-os-large-large-aws-v2,1,ip-172-31-20-100,ranking,benchANT
2026-09-21 18:45:30+00:00,system,n_cpus,8,dbms,09-2026,yugabyte-2026111-vanilla-os-large-large-aws-v2,1,ip-172-31-20-100,ranking,benchANT
2026-09-21 18:45:40+00:00,system,n_cpus,8,dbms,09-2026,yugabyte-2026111-vanilla-os-large-large-aws-v2,1,ip-172-31-20-100,ranking,benchANT
2026-09-21 18:45:50+00:00,system,n_cpus,8,dbms,09-2026,yugabyte-2026111-vanilla-os-large-large-aws-v2,1,ip-172-31-20-100,ranking,benchANT
2026-09-21 18:46:00+00:00,system,n_cpus,8,dbms,09-2026,yugabyte-2026111-vanilla-os-large-large-aws-v2,1,ip-172-31-20-100,ranking,benchANT
2026-09-21 18:46:10+00:00,system,n_cpus,8,dbms,09-2026,yugabyte-2026111-vanilla-os-large-large-aws-v2,1,ip-172-31-20-100,ranking,benchANT
2026-09-21 18:46:20+00:00,system,n_cpus,8,dbms,09-2026,yugabyte-2026111-vanilla-os-large-large-aws-v2,1,ip-172-31-20-100,ranking,benchANT
2026-09-21 18:46:30+00:00,system,n_cpus,8,dbms,09-2026,yugabyte-2026111-vanilla-os-large-large-aws-v2,1,ip-172-31-20-100,ranking,benchANT
2026-09-21 18:46:40+00:00,system,n_cpus,8,dbms,09-2026,yugabyte-2026111-vanilla-os-large-large-aws-v2,1,ip-172-31-20-100,ranking,benchANT
2026-09-21 18:46:50+00:00,system,n_cpus,8,dbms,09-2026,yugabyte-2026111-vanilla-os-large-large-aws-v2,1,ip-172-31-20-100,ranking,benchANT
2026-09-21 18:47:00+00:00,system,n_cpus,8,dbms,09-2026,yugabyte-2026111-vanilla-os-large-large-aws-v2,1,ip-172-31-20-100,ranking,benchANT
2026-09-21 18:47:10+00:00,system,n_cpus,8,dbms,09-2026,yugabyte-2026111-vanilla-os-large-large-aws-v2,1,ip-172-31-20-100,ranking,benchANT
2026-09-21 18:47:20+00:00,system,n_cpus,8,dbms,09-2026,yugabyte-2026111-vanilla-os-large-large-aws-v2,1,ip-172-31-20-100,ranking,benchANT
2026-09-21 18:47:30+00:00,system,n_cpus,8,dbms,09-2026,yugabyte-2026111-vanilla-os-large-large-aws-v2,1,ip-172-31-20-100,ranking,benchANT
2026-09-21 18:47:40+00:00,system,n_cpus,8,dbms,09-2026,yugabyte-2026111-vanilla-os-large-large-aws-v2,1,ip-172-31-20-100,ranking,benchANT
2026-09-21 18:47:50+00:00,system,n_cpus,8,dbms,09-2026,yugabyte-2026111-vanilla-os-large-large-aws-v2,1,ip-172-31-20-100,ranking,benchANT
2026-09-21 18:48:00+00:00,system,n_cpus,8,dbms,09-2026,yugabyte-2026111-vanilla-os-large-large-aws-v2,1,ip-172-31-20-100,ranking,benchANT
2026-09-21 18:48:10+00:00,system,n_cpus,8,dbms,09-2026,yugabyte-2026111-vanilla-os-large-large-aws-v2,1,ip-172-31-20-100,ranking,benchANT
2026-09-21 18:48:20+00:00,system,n_cpus,8,dbms,09-2026,yugabyte-2026111-vanilla-os-large-large-aws-v2,1,ip-172-31-20-100,ranking,benchANT
2026-09-21 18:48:30+00:00,system,n_cpus,8,dbms,09-2026,yugabyte-2026111-vanilla-os-large-large-aws-v2,1,ip-172-31-20-100,ranking,benchANT
2026-09-21 18:48:40+00:00,system,n_cpus,8,dbms,09-2026,yugabyte-2026111-vanilla-os-large-large-aws-v2,1,ip-172-31-20-100,ranking,benchANT
2026-09-21 18:24:20+00:00,system,n_users,0,dbms,09-2026,yugabyte-2026111-vanilla-os-large-large-aws-v2,1,ip-172-31-20-100,ranking,benchANT
2026-09-21 18:24:30+00:00,system,n_users,0,dbms,09-2026,yugabyte-2026111-vanilla-os-large-large-aws-v2,1,ip-172-31-20-100,ranking,benchANT
2026-09-21 18:24:40+00:00,system,n_users,0,dbms,09-2026,yugabyte-2026111-vanilla-os-large-large-aws-v2,1,ip-172-31-20-100,ranking,benchANT
2026-09-21 18:24:50+00:00,system,n_users,0,dbms,09-2026,yugabyte-2026111-vanilla-os-large-large-aws-v2,1,ip-172-31-20-100,ranking,benchANT
2026-09-21 18:25:00+00:00,system,n_users,0,dbms,09-2026,yugabyte-2026111-vanilla-os-large-large-aws-v2,1,ip-172-31-20-100,ranking,benchANT
2026-09-21 18:25:10+00:00,system,n_users,0,dbms,09-2026,yugabyte-2026111-vanilla-os-large-large-aws-v2,1,ip-172-31-20-100,ranking,benchANT
2026-09-21 18:25:20+00:00,system,n_users,0,dbms,09-2026,yugabyte-2026111-vanilla-os-large-large-aws-v2,1,ip-172-31-20-100,ranking,benchANT
2026-09-21 18:25:30+00:00,system,n_users,0,dbms,09-2026,yugabyte-2026111-vanilla-os-large-large-aws-v2,1,ip-172-31-20-100,ranking,benchANT
2026-09-21 18:25:40+00:00,system,n_users,0,dbms,09-2026,yugabyte-2026111-vanilla-os-large-large-aws-v2,1,ip-172-31-20-100,ranking,benchANT
2026-09-21 18:25:50+00:00,system,n_users,0,dbms,09-2026,yugabyte-2026111-vanilla-os-large-large-aws-v2,1,ip-172-31-20-100,ranking,benchANT
2026-09-21 18:26:00+00:00,system,n_users,0,dbms,09-2026,yugabyte-2026111-vanilla-os-large-large-aws-v2,1,ip-172-31-20-100,ranking,benchANT
2026-09-21 18:26:10+00:00,system,n_users,0,dbms,09-2026,yugabyte-2026111-vanilla-os-large-large-aws-v2,1,ip-172-31-20-100,ranking,benchANT
2026-09-21 18:26:20+00:00,system,n_users,0,dbms,09-2026,yugabyte-2026111-vanilla-os-large-large-aws-v2,1,ip-172-31-20-100,ranking,benchANT
2026-09-21 18:26:30+00:00,system,n_users,0,dbms,09-2026,yugabyte-2026111-vanilla-os-large-large-aws-v2,1,ip-172-31-20-100,ranking,benchANT
2026-09-21 18:26:40+00:00,system,n_users,0,dbms,09-2026,yugabyte-2026111-vanilla-os-large-large-aws-v2,1,ip-172-31-20-100,ranking,benchANT
2026-09-21 18:26:50+00:00,system,n_users,0,dbms,09-2026,yugabyte-2026111-vanilla-os-large-large-aws-v2,1,ip-172-31-20-100,ranking,benchANT
2026-09-21 18:27:00+00:00,system,n_users,0,dbms,09-2026,yugabyte-2026111-vanilla-os-large-large-aws-v2,1,ip-172-31-20-100,ranking,benchANT
2026-09-21 18:27:10+00:00,system,n_users,0,dbms,09-2026,yugabyte-2026111-vanilla-os-large-large-aws-v2,1,ip-172-31-20-100,ranking,benchANT
2026-09-21 18:27:20+00:00,system,n_users,0,dbms,09-2026,yugabyte-2026111-vanilla-os-large-large-aws-v2,1,ip-172-31-20-100,ranking,benchANT
2026-09-21 18:27:30+00:00,system,n_users,0,dbms,09-2026,yugabyte-2026111-vanilla-os-large-large-aws-v2,1,ip-172-31-20-100,ranking,benchANT
2026-09-21 18:27:40+00:00,system,n_users,0,dbms,09-2026,yugabyte-2026111-vanilla-os-large-large-aws-v2,1,ip-172-31-20-100,ranking,benchANT
2026-09-21 18:27:50+00:00,system,n_users,0,dbms,09-2026,yugabyte-2026111-vanilla-os-large-large-aws-v2,1,ip-172-31-20-100,ranking,benchANT
2026-09-21 18:28:00+00:00,system,n_users,0,dbms,09-2026,yugabyte-2026111-vanilla-os-large-large-aws-v2,1,ip-172-31-20-100,ranking,benchANT
2026-09-21 18:28:10+00:00,system,n_users,0,dbms,09-2026,yugabyte-2026111-vanilla-os-large-large-aws-v2,1,ip-172-31-20-100,ranking,benchANT
2026-09-21 18:28:20+00:00,system,n_users,0,dbms,09-2026,yugabyte-2026111-vanilla-os-large-large-aws-v2,1,ip-172-31-20-100,ranking,benchANT
2026-09-21 18:28:30+00:00,system,n_users,0,dbms,09-2026,yugabyte-2026111-vanilla-os-large-large-aws-v2,1,ip-172-31-20-100,ranking,benchANT
2026-09-21 18:28:40+00:00,system,n_users,0,dbms,09-2026,yugabyte-2026111-vanilla-os-large-large-aws-v2,1,ip-172-31-20-100,ranking,benchANT
2026-09-21 18:28:50+00:00,system,n_users,0,dbms,09-2026,yugabyte-2026111-vanilla-os-large-large-aws-v2,1,ip-172-31-20-100,ranking,benchANT
2026-09-21 18:29:00+00:00,system,n_users,0,dbms,09-2026,yugabyte-2026111-vanilla-os-large-large-aws-v2,1,ip-172-31-20-100,ranking,benchANT
2026-09-21 18:29:10+00:00,system,n_users,0,dbms,09-2026,yugabyte-2026111-vanilla-os-large-large-aws-v2,1,ip-172-31-20-100,ranking,benchANT
2026-09-21 18:29:20+00:00,system,n_users,0,dbms,09-2026,yugabyte-2026111-vanilla-os-large-large-aws-v2,1,ip-172-31-20-100,ranking,benchANT
2026-09-21 18:29:30+00:00,system,n_users,0,dbms,09-2026,yugabyte-2026111-vanilla-os-large-large-aws-v2,1,ip-172-31-20-100,ranking,benchANT
2026-09-21 18:29:40+00:00,system,n_users,0,dbms,09-2026,yugabyte-2026111-vanilla-os-large-large-aws-v2,1,ip-172-31-20-100,ranking,benchANT
2026-09-21 18:29:50+00:00,system,n_users,0,dbms,09-2026,yugabyte-2026111-vanilla-os-large-large-aws-v2,1,ip-172-31-20-100,ranking,benchANT
2026-09-21 18:30:00+00:00,system,n_users,0,dbms,09-2026,yugabyte-2026111-vanilla-os-large-large-aws-v2,1,ip-172-31-20-100,ranking,benchANT
2026-09-21 18:30:10+00:00,system,n_users,0,dbms,09-2026,yugabyte-2026111-vanilla-os-large-large-aws-v2,1,ip-172-31-20-100,ranking,benchANT
2026-09-21 18:30:20+00:00,system,n_users,0,dbms,09-2026,yugabyte-2026111-vanilla-os-large-large-aws-v2,1,ip-172-31-20-100,ranking,benchANT
2026-09-21 18:30:30+00:00,system,n_users,0,dbms,09-2026,yugabyte-2026111-vanilla-os-large-large-aws-v2,1,ip-172-31-20-100,ranking,benchANT
2026-09-21 18:30:40+00:00,system,n_users,0,dbms,09-2026,yugabyte-2026111-vanilla-os-large-large-aws-v2,1,ip-172-31-20-100,ranking,benchANT
2026-09-21 18:30:50+00:00,system,n_users,0,dbms,09-2026,yugabyte-2026111-vanilla-os-large-large-aws-v2,1,ip-172-31-20-100,ranking,benchANT
2026-09-21 18:31:00+00:00,system,n_users,0,dbms,09-2026,yugabyte-2026111-vanilla-os-large-large-aws-v2,1,ip-172-31-20-100,ranking,benchANT
2026-09-21 18:31:10+00:00,system,n_users,0,dbms,09-2026,yugabyte-2026111-vanilla-os-large-large-aws-v2,1,ip-172-31-20-100,ranking,benchANT
2026-09-21 18:31:20+00:00,system,n_users,0,dbms,09-2026,yugabyte-2026111-vanilla-os-large-large-aws-v2,1,ip-172-31-20-100,ranking,benchANT
2026-09-21 18:31:30+00:00,system,n_users,0,dbms,09-2026,yugabyte-2026111-vanilla-os-large-large-aws-v2,1,ip-172-31-20-100,ranking,benchANT
2026-09-21 18:31:40+00:00,system,n_users,0,dbms,09-2026,yugabyte-2026111-vanilla-os-large-large-aws-v2,1,ip-172-31-20-100,ranking,benchANT
2026-09-21 18:31:50+00:00,system,n_users,0,dbms,09-2026,yugabyte-2026111-vanilla-os-large-large-aws-v2,1,ip-172-31-20-100,ranking,benchANT
2026-09-21 18:32:00+00:00,system,n_users,0,dbms,09-2026,yugabyte-2026111-vanilla-os-large-large-aws-v2,1,ip-172-31-20-100,ranking,benchANT
2026-09-21 18:32:10+00:00,system,n_users,0,dbms,09-2026,yugabyte-2026111-vanilla-os-large-large-aws-v2,1,ip-172-31-20-100,ranking,benchANT
2026-09-21 18:32:20+00:00,system,n_users,0,dbms,09-2026,yugabyte-2026111-vanilla-os-large-large-aws-v2,1,ip-172-31-20-100,ranking,benchANT
2026-09-21 18:32:30+00:00,system,n_users,0,dbms,09-2026,yugabyte-2026111-vanilla-os-large-large-aws-v2,1,ip-172-31-20-100,ranking,benchANT
2026-09-21 18:32:40+00:00,system,n_users,0,dbms,09-2026,yugabyte-2026111-vanilla-os-large-large-aws-v2,1,ip-172-31-20-100,ranking,benchANT
2026-09-21 18:32:50+00:00,system,n_users,0,dbms,09-2026,yugabyte-2026111-vanilla-os-large-large-aws-v2,1,ip-172-31-20-100,ranking,benchANT
2026-09-21 18:33:00+00:00,system,n_users,0,dbms,09-2026,yugabyte-2026111-vanilla-os-large-large-aws-v2,1,ip-172-31-20-100,ranking,benchANT
2026-09-21 18:33:10+00:00,system,n_users,0,dbms,09-2026,yugabyte-2026111-vanilla-os-large-large-aws-v2,1,ip-172-31-20-100,ranking,benchANT
2026-09-21 18:33:20+00:00,system,n_users,0,dbms,09-2026,yugabyte-2026111-vanilla-os-large-large-aws-v2,1,ip-172-31-20-100,ranking,benchANT
2026-09-21 18:33:30+00:00,system,n_users,0,dbms,09-2026,yugabyte-2026111-vanilla-os-large-large-aws-v2,1,ip-172-31-20-100,ranking,benchANT
2026-09-21 18:33:40+00:00,system,n_users,0,dbms,09-2026,yugabyte-2026111-vanilla-os-large-large-aws-v2,1,ip-172-31-20-100,ranking,benchANT
2026-09-21 18:33:50+00:00,system,n_users,0,dbms,09-2026,yugabyte-2026111-vanilla-os-large-large-aws-v2,1,ip-172-31-20-100,ranking,benchANT
2026-09-21 18:34:00+00:00,system,n_users,0,dbms,09-2026,yugabyte-2026111-vanilla-os-large-large-aws-v2,1,ip-172-31-20-100,ranking,benchANT
2026-09-21 18:34:10+00:00,system,n_users,0,dbms,09-2026,yugabyte-2026111-vanilla-os-large-large-aws-v2,1,ip-172-31-20-100,ranking,benchANT
2026-09-21 18:34:20+00:00,system,n_users,0,dbms,09-2026,yugabyte-2026111-vanilla-os-large-large-aws-v2,1,ip-172-31-20-100,ranking,benchANT
2026-09-21 18:34:30+00:00,system,n_users,0,dbms,09-2026,yugabyte-2026111-vanilla-os-large-large-aws-v2,1,ip-172-31-20-100,ranking,benchANT
2026-09-21 18:34:40+00:00,system,n_users,0,dbms,09-2026,yugabyte-2026111-vanilla-os-large-large-aws-v2,1,ip-172-31-20-100,ranking,benchANT
2026-09-21 18:34:50+00:00,system,n_users,0,dbms,09-2026,yugabyte-2026111-vanilla-os-large-large-aws-v2,1,ip-172-31-20-100,ranking,benchANT
2026-09-21 18:35:00+00:00,system,n_users,0,dbms,09-2026,yugabyte-2026111-vanilla-os-large-large-aws-v2,1,ip-172-31-20-100,ranking,benchANT
2026-09-21 18:35:10+00:00,system,n_users,0,dbms,09-2026,yugabyte-2026111-vanilla-os-large-large-aws-v2,1,ip-172-31-20-100,ranking,benchANT
2026-09-21 18:35:20+00:00,system,n_users,0,dbms,09-2026,yugabyte-2026111-vanilla-os-large-large-aws-v2,1,ip-172-31-20-100,ranking,benchANT
2026-09-21 18:35:30+00:00,system,n_users,0,dbms,09-2026,yugabyte-2026111-vanilla-os-large-large-aws-v2,1,ip-172-31-20-100,ranking,benchANT
2026-09-21 18:35:40+00:00,system,n_users,0,dbms,09-2026,yugabyte-2026111-vanilla-os-large-large-aws-v2,1,ip-172-31-20-100,ranking,benchANT
2026-09-21 18:35:50+00:00,system,n_users,0,dbms,09-2026,yugabyte-2026111-vanilla-os-large-large-aws-v2,1,ip-172-31-20-100,ranking,benchANT
2026-09-21 18:36:00+00:00,system,n_users,0,dbms,09-2026,yugabyte-2026111-vanilla-os-large-large-aws-v2,1,ip-172-31-20-100,ranking,benchANT
2026-09-21 18:36:10+00:00,system,n_users,0,dbms,09-2026,yugabyte-2026111-vanilla-os-large-large-aws-v2,1,ip-172-31-20-100,ranking,benchANT
2026-09-21 18:36:20+00:00,system,n_users,0,dbms,09-2026,yugabyte-2026111-vanilla-os-large-large-aws-v2,1,ip-172-31-20-100,ranking,benchANT
2026-09-21 18:36:30+00:00,system,n_users,0,dbms,09-2026,yugabyte-2026111-vanilla-os-large-large-aws-v2,1,ip-172-31-20-100,ranking,benchANT
2026-09-21 18:36:40+00:00,system,n_users,0,dbms,09-2026,yugabyte-2026111-vanilla-os-large-large-aws-v2,1,ip-172-31-20-100,ranking,benchANT
2026-09-21 18:36:50+00:00,system,n_users,0,dbms,09-2026,yugabyte-2026111-vanilla-os-large-large-aws-v2,1,ip-172-31-20-100,ranking,benchANT
2026-09-21 18:37:00+00:00,system,n_users,0,dbms,09-2026,yugabyte-2026111-vanilla-os-large-large-aws-v2,1,ip-172-31-20-100,ranking,benchANT
2026-09-21 18:37:10+00:00,system,n_users,0,dbms,09-2026,yugabyte-2026111-vanilla-os-large-large-aws-v2,1,ip-172-31-20-100,ranking,benchANT
2026-09-21 18:37:20+00:00,system,n_users,0,dbms,09-2026,yugabyte-2026111-vanilla-os-large-large-aws-v2,1,ip-172-31-20-100,ranking,benchANT
2026-09-21 18:37:30+00:00,system,n_users,0,dbms,09-2026,yugabyte-2026111-vanilla-os-large-large-aws-v2,1,ip-172-31-20-100,ranking,benchANT
2026-09-21 18:37:40+00:00,system,n_users,0,dbms,09-2026,yugabyte-2026111-vanilla-os-large-large-aws-v2,1,ip-172-31-20-100,ranking,benchANT
2026-09-21 18:37:50+00:00,system,n_users,0,dbms,09-2026,yugabyte-2026111-vanilla-os-large-large-aws-v2,1,ip-172-31-20-100,ranking,benchANT
2026-09-21 18:38:00+00:00,system,n_users,0,dbms,09-2026,yugabyte-2026111-vanilla-os-large-large-aws-v2,1,ip-172-31-20-100,ranking,benchANT
2026-09-21 18:38:10+00:00,system,n_users,0,dbms,09-2026,yugabyte-2026111-vanilla-os-large-large-aws-v2,1,ip-172-31-20-100,ranking,benchANT
2026-09-21 18:38:20+00:00,system,n_users,0,dbms,09-2026,yugabyte-2026111-vanilla-os-large-large-aws-v2,1,ip-172-31-20-100,ranking,benchANT
2026-09-21 18:38:30+00:00,system,n_users,0,dbms,09-2026,yugabyte-2026111-vanilla-os-large-large-aws-v2,1,ip-172-31-20-100,ranking,benchANT
2026-09-21 18:38:40+00:00,system,n_users,0,dbms,09-2026,yugabyte-2026111-vanilla-os-large-large-aws-v2,1,ip-172-31-20-100,ranking,benchANT
2026-09-21 18:38:50+00:00,system,n_users,0,dbms,09-2026,yugabyte-2026111-vanilla-os-large-large-aws-v2,1,ip-172-31-20-100,ranking,benchANT
2026-09-21 18:39:00+00:00,system,n_users,0,dbms,09-2026,yugabyte-2026111-vanilla-os-large-large-aws-v2,1,ip-172-31-20-100,ranking,benchANT
2026-09-21 18:39:10+00:00,system,n_users,0,dbms,09-2026,yugabyte-2026111-vanilla-os-large-large-aws-v2,1,ip-172-31-20-100,ranking,benchANT
2026-09-21 18:39:20+00:00,system,n_users,0,dbms,09-2026,yugabyte-2026111-vanilla-os-large-large-aws-v2,1,ip-172-31-20-100,ranking,benchANT
2026-09-21 18:39:30+00:00,system,n_users,0,dbms,09-2026,yugabyte-2026111-vanilla-os-large-large-aws-v2,1,ip-172-31-20-100,ranking,benchANT
2026-09-21 18:39:40+00:00,system,n_users,0,dbms,09-2026,yugabyte-2026111-vanilla-os-large-large-aws-v2,1,ip-172-31-20-100,ranking,benchANT
2026-09-21 18:39:50+00:00,system,n_users,0,dbms,09-2026,yugabyte-2026111-vanilla-os-large-large-aws-v2,1,ip-172-31-20-100,ranking,benchANT
2026-09-21 18:40:00+00:00,system,n_users,0,dbms,09-2026,yugabyte-2026111-vanilla-os-large-large-aws-v2,1,ip-172-31-20-100,ranking,benchANT
2026-09-21 18:40:10+00:00,system,n_users,0,dbms,09-2026,yugabyte-2026111-vanilla-os-large-large-aws-v2,1,ip-172-31-20-100,ranking,benchANT
2026-09-21 18:40:20+00:00,system,n_users,0,dbms,09-2026,yugabyte-2026111-vanilla-os-large-large-aws-v2,1,ip-172-31-20-100,ranking,benchANT
2026-09-21 18:40:30+00:00,system,n_users,0,dbms,09-2026,yugabyte-2026111-vanilla-os-large-large-aws-v2,1,ip-172-31-20-100,ranking,benchANT
2026-09-21 18:40:40+00:00,system,n_users,0,dbms,09-2026,yugabyte-2026111-vanilla-os-large-large-aws-v2,1,ip-172-31-20-100,ranking,benchANT
2026-09-21 18:40:50+00:00,system,n_users,0,dbms,09-2026,yugabyte-2026111-vanilla-os-large-large-aws-v2,1,ip-172-31-20-100,ranking,benchANT
2026-09-21 18:41:00+00:00,system,n_users,0,dbms,09-2026,yugabyte-2026111-vanilla-os-large-large-aws-v2,1,ip-172-31-20-100,ranking,benchANT
2026-09-21 18:41:10+00:00,system,n_users,0,dbms,09-2026,yugabyte-2026111-vanilla-os-large-large-aws-v2,1,ip-172-31-20-100,ranking,benchANT
2026-09-21 18:41:20+00:00,system,n_users,0,dbms,09-2026,yugabyte-2026111-vanilla-os-large-large-aws-v2,1,ip-172-31-20-100,ranking,benchANT
2026-09-21 18:41:30+00:00,system,n_users,0,dbms,09-2026,yugabyte-2026111-vanilla-os-large-large-aws-v2,1,ip-172-31-20-100,ranking,benchANT
2026-09-21 18:41:40+00:00,system,n_users,0,dbms,09-2026,yugabyte-2026111-vanilla-os-large-large-aws-v2,1,ip-172-31-20-100,ranking,benchANT
2026-09-21 18:41:50+00:00,system,n_users,0,dbms,09-2026,yugabyte-2026111-vanilla-os-large-large-aws-v2,1,ip-172-31-20-100,ranking,benchANT
2026-09-21 18:42:00+00:00,system,n_users,0,dbms,09-2026,yugabyte-2026111-vanilla-os-large-large-aws-v2,1,ip-172-31-20-100,ranking,benchANT
2026-09-21 18:42:10+00:00,system,n_users,0,dbms,09-2026,yugabyte-2026111-vanilla-os-large-large-aws-v2,1,ip-172-31-20-100,ranking,benchANT
2026-09-21 18:42:20+00:00,system,n_users,0,dbms,09-2026,yugabyte-2026111-vanilla-os-large-large-aws-v2,1,ip-172-31-20-100,ranking,benchANT
2026-09-21 18:42:30+00:00,system,n_users,0,dbms,09-2026,yugabyte-2026111-vanilla-os-large-large-aws-v2,1,ip-172-31-20-100,ranking,benchANT
2026-09-21 18:42:40+00:00,system,n_users,0,dbms,09-2026,yugabyte-2026111-vanilla-os-large-large-aws-v2,1,ip-172-31-20-100,ranking,benchANT
2026-09-21 18:42:50+00:00,system,n_users,0,dbms,09-2026,yugabyte-2026111-vanilla-os-large-large-aws-v2,1,ip-172-31-20-100,ranking,benchANT
2026-09-21 18:43:00+00:00,system,n_users,0,dbms,09-2026,yugabyte-2026111-vanilla-os-large-large-aws-v2,1,ip-172-31-20-100,ranking,benchANT
2026-09-21 18:43:10+00:00,system,n_users,0,dbms,09-2026,yugabyte-2026111-vanilla-os-large-large-aws-v2,1,ip-172-31-20-100,ranking,benchANT
2026-09-21 18:43:20+00:00,system,n_users,0,dbms,09-2026,yugabyte-2026111-vanilla-os-large-large-aws-v2,1,ip-172-31-20-100,ranking,benchANT
2026-09-21 18:43:30+00:00,system,n_users,0,dbms,09-2026,yugabyte-2026111-vanilla-os-large-large-aws-v2,1,ip-172-31-20-100,ranking,benchANT
2026-09-21 18:43:40+00:00,system,n_users,0,dbms,09-2026,yugabyte-2026111-vanilla-os-large-large-aws-v2,1,ip-172-31-20-100,ranking,benchANT
2026-09-21 18:43:50+00:00,system,n_users,0,dbms,09-2026,yugabyte-2026111-vanilla-os-large-large-aws-v2,1,ip-172-31-20-100,ranking,benchANT
2026-09-21 18:44:00+00:00,system,n_users,0,dbms,09-2026,yugabyte-2026111-vanilla-os-large-large-aws-v2,1,ip-172-31-20-100,ranking,benchANT
2026-09-21 18:44:10+00:00,system,n_users,0,dbms,09-2026,yugabyte-2026111-vanilla-os-large-large-aws-v2,1,ip-172-31-20-100,ranking,benchANT
2026-09-21 18:44:20+00:00,system,n_users,0,dbms,09-2026,yugabyte-2026111-vanilla-os-large-large-aws-v2,1,ip-172-31-20-100,ranking,benchANT
2026-09-21 18:44:30+00:00,system,n_users,0,dbms,09-2026,yugabyte-2026111-vanilla-os-large-large-aws-v2,1,ip-172-31-20-100,ranking,benchANT
2026-09-21 18:44:40+00:00,system,n_users,0,dbms,09-2026,yugabyte-2026111-vanilla-os-large-large-aws-v2,1,ip-172-31-20-100,ranking,benchANT
2026-09-21 18:44:50+00:00,system,n_users,0,dbms,09-2026,yugabyte-2026111-vanilla-os-large-large-aws-v2,1,ip-172-31-20-100,ranking,benchANT
2026-09-21 18:45:00+00:00,system,n_users,0,dbms,09-2026,yugabyte-2026111-vanilla-os-large-large-aws-v2,1,ip-172-31-20-100,ranking,benchANT
2026-09-21 18:45:10+00:00,system,n_users,0,dbms,09-2026,yugabyte-2026111-vanilla-os-large-large-aws-v2,1,ip-172-31-20-100,ranking,benchANT
2026-09-21 18:45:20+00:00,system,n_users,0,dbms,09-2026,yugabyte-2026111-vanilla-os-large-large-aws-v2,1,ip-172-31-20-100,ranking,benchANT
2026-09-21 18:45:30+00:00,system,n_users,0,dbms,09-2026,yugabyte-2026111-vanilla-os-large-large-aws-v2,1,ip-172-31-20-100,ranking,benchANT
2026-09-21 18:45:40+00:00,system,n_users,0,dbms,09-2026,yugabyte-2026111-vanilla-os-large-large-aws-v2,1,ip-172-31-20-100,ranking,benchANT
2026-09-21 18:45:50+00:00,system,n_users,0,dbms,09-2026,yugabyte-2026111-vanilla-os-large-large-aws-v2,1,ip-172-31-20-100,ranking,benchANT
2026-09-21 18:46:00+00:00,system,n_users,0,dbms,09-2026,yugabyte-2026111-vanilla-os-large-large-aws-v2,1,ip-172-31-20-100,ranking,benchANT
2026-09-21 18:46:10+00:00,system,n_users,0,dbms,09-2026,yugabyte-2026111-vanilla-os-large-large-aws-v2,1,ip-172-31-20-100,ranking,benchANT
2026-09-21 18:46:20+00:00,system,n_users,0,dbms,09-2026,yugabyte-2026111-vanilla-os-large-large-aws-v2,1,ip-172-31-20-100,ranking,benchANT
2026-09-21 18:46:30+00:00,system,n_users,0,dbms,09-2026,yugabyte-2026111-vanilla-os-large-large-aws-v2,1,ip-172-31-20-100,ranking,benchANT
2026-09-21 18:46:40+00:00,system,n_users,0,dbms,09-2026,yugabyte-2026111-vanilla-os-large-large-aws-v2,1,ip-172-31-20-100,ranking,benchANT
2026-09-21 18:46:50+00:00,system,n_users,0,dbms,09-2026,yugabyte-2026111-vanilla-os-large-large-aws-v2,1,ip-172-31-20-100,ranking,benchANT
2026-09-21 18:47:00+00:00,system,n_users,0,dbms,09-2026,yugabyte-2026111-vanilla-os-large-large-aws-v2,1,ip-172-31-20-100,ranking,benchANT
2026-09-21 18:47:10+00:00,system,n_users,0,dbms,09-2026,yugabyte-2026111-vanilla-os-large-large-aws-v2,1,ip-172-31-20-100,ranking,benchANT
2026-09-21 18:47:20+00:00,system,n_users,0,dbms,09-2026,yugabyte-2026111-vanilla-os-large-large-aws-v2,1,ip-172-31-20-100,ranking,benchANT
2026-09-21 18:47:30+00:00,system,n_users,0,dbms,09-2026,yugabyte-2026111-vanilla-os-large-large-aws-v2,1,ip-172-31-20-100,ranking,benchANT
2026-09-21 18:47:40+00:00,system,n_users,0,dbms,09-2026,yugabyte-2026111-vanilla-os-large-large-aws-v2,1,ip-172-31-20-100,ranking,benchANT
2026-09-21 18:47:50+00:00,system,n_users,0,dbms,09-2026,yugabyte-2026111-vanilla-os-large-large-aws-v2,1,ip-172-31-20-100,ranking,benchANT
2026-09-21 18:48:00+00:00,system,n_users,0,dbms,09-2026,yugabyte-2026111-vanilla-os-large-large-aws-v2,1,ip-172-31-20-100,ranking,benchANT
2026-09-21 18:48:10+00:00,system,n_users,0,dbms,09-2026,yugabyte-2026111-vanilla-os-large-large-aws-v2,1,ip-172-31-20-100,ranking,benchANT
2026-09-21 18:48:20+00:00,system,n_users,0,dbms,09-2026,yugabyte-2026111-vanilla-os-large-large-aws-v2,1,ip-172-31-20-100,ranking,benchANT
2026-09-21 18:48:30+00:00,system,n_users,0,dbms,09-2026,yugabyte-2026111-vanilla-os-large-large-aws-v2,1,ip-172-31-20-100,ranking,benchANT
2026-09-21 18:48:40+00:00,system,n_users,0,dbms,09-2026,yugabyte-2026111-vanilla-os-large-large-aws-v2,1,ip-172-31-20-100,ranking,benchANT
2026-09-21 18:24:20+00:00,system,uptime,1092,dbms,09-2026,yugabyte-2026111-vanilla-os-large-large-aws-v2,1,ip-172-31-20-100,ranking,benchANT
2026-09-21 18:24:30+00:00,system,uptime,1102,dbms,09-2026,yugabyte-2026111-vanilla-os-large-large-aws-v2,1,ip-172-31-20-100,ranking,benchANT
2026-09-21 18:24:40+00:00,system,uptime,1112,dbms,09-2026,yugabyte-2026111-vanilla-os-large-large-aws-v2,1,ip-172-31-20-100,ranking,benchANT
2026-09-21 18:24:50+00:00,system,uptime,1122,dbms,09-2026,yugabyte-2026111-vanilla-os-large-large-aws-v2,1,ip-172-31-20-100,ranking,benchANT
2026-09-21 18:25:00+00:00,system,uptime,1132,dbms,09-2026,yugabyte-2026111-vanilla-os-large-large-aws-v2,1,ip-172-31-20-100,ranking,benchANT
2026-09-21 18:25:10+00:00,system,uptime,1142,dbms,09-2026,yugabyte-2026111-vanilla-os-large-large-aws-v2,1,ip-172-31-20-100,ranking,benchANT
2026-09-21 18:25:20+00:00,system,uptime,1152,dbms,09-2026,yugabyte-2026111-vanilla-os-large-large-aws-v2,1,ip-172-31-20-100,ranking,benchANT
2026-09-21 18:25:30+00:00,system,uptime,1162,dbms,09-2026,yugabyte-2026111-vanilla-os-large-large-aws-v2,1,ip-172-31-20-100,ranking,benchANT
2026-09-21 18:25:40+00:00,system,uptime,1172,dbms,09-2026,yugabyte-2026111-vanilla-os-large-large-aws-v2,1,ip-172-31-20-100,ranking,benchANT
2026-09-21 18:25:50+00:00,system,uptime,1182,dbms,09-2026,yugabyte-2026111-vanilla-os-large-large-aws-v2,1,ip-172-31-20-100,ranking,benchANT
2026-09-21 18:26:00+00:00,system,uptime,1192,dbms,09-2026,yugabyte-2026111-vanilla-os-large-large-aws-v2,1,ip-172-31-20-100,ranking,benchANT
2026-09-21 18:26:10+00:00,system,uptime,1202,dbms,09-2026,yugabyte-2026111-vanilla-os-large-large-aws-v2,1,ip-172-31-20-100,ranking,benchANT
2026-09-21 18:26:20+00:00,system,uptime,1212,dbms,09-2026,yugabyte-2026111-vanilla-os-large-large-aws-v2,1,ip-172-31-20-100,ranking,benchANT
2026-09-21 18:26:30+00:00,system,uptime,1222,dbms,09-2026,yugabyte-2026111-vanilla-os-large-large-aws-v2,1,ip-172-31-20-100,ranking,benchANT
2026-09-21 18:26:40+00:00,system,uptime,1232,dbms,09-2026,yugabyte-2026111-vanilla-os-large-large-aws-v2,1,ip-172-31-20-100,ranking,benchANT
2026-09-21 18:26:50+00:00,system,uptime,1242,dbms,09-2026,yugabyte-2026111-vanilla-os-large-large-aws-v2,1,ip-172-31-20-100,ranking,benchANT
2026-09-21 18:27:00+00:00,system,uptime,1252,dbms,09-2026,yugabyte-2026111-vanilla-os-large-large-aws-v2,1,ip-172-31-20-100,ranking,benchANT
2026-09-21 18:27:10+00:00,system,uptime,1262,dbms,09-2026,yugabyte-2026111-vanilla-os-large-large-aws-v2,1,ip-172-31-20-100,ranking,benchANT
2026-09-21 18:27:20+00:00,system,uptime,1272,dbms,09-2026,yugabyte-2026111-vanilla-os-large-large-aws-v2,1,ip-172-31-20-100,ranking,benchANT
2026-09-21 18:27:30+00:00,system,uptime,1282,dbms,09-2026,yugabyte-2026111-vanilla-os-large-large-aws-v2,1,ip-172-31-20-100,ranking,benchANT
2026-09-21 18:27:40+00:00,system,uptime,1292,dbms,09-2026,yugabyte-2026111-vanilla-os-large-large-aws-v2,1,ip-172-31-20-100,ranking,benchANT
2026-09-21 18:27:50+00:00,system,uptime,1302,dbms,09-2026,yugabyte-2026111-vanilla-os-large-large-aws-v2,1,ip-172-31-20-100,ranking,benchANT
2026-09-21 18:28:00+00:00,system,uptime,1312,dbms,09-2026,yugabyte-2026111-vanilla-os-large-large-aws-v2,1,ip-172-31-20-100,ranking,benchANT
2026-09-21 18:28:10+00:00,system,uptime,1322,dbms,09-2026,yugabyte-2026111-vanilla-os-large-large-aws-v2,1,ip-172-31-20-100,ranking,benchANT
2026-09-21 18:28:20+00:00,system,uptime,1332,dbms,09-2026,yugabyte-2026111-vanilla-os-large-large-aws-v2,1,ip-172-31-20-100,ranking,benchANT
2026-09-21 18:28:30+00:00,system,uptime,1342,dbms,09-2026,yugabyte-2026111-vanilla-os-large-large-aws-v2,1,ip-172-31-20-100,ranking,benchANT
2026-09-21 18:28:40+00:00,system,uptime,1352,dbms,09-2026,yugabyte-2026111-vanilla-os-large-large-aws-v2,1,ip-172-31-20-100,ranking,benchANT
2026-09-21 18:28:50+00:00,system,uptime,1362,dbms,09-2026,yugabyte-2026111-vanilla-os-large-large-aws-v2,1,ip-172-31-20-100,ranking,benchANT
2026-09-21 18:29:00+00:00,system,uptime,1372,dbms,09-2026,yugabyte-2026111-vanilla-os-large-large-aws-v2,1,ip-172-31-20-100,ranking,benchANT
2026-09-21 18:29:10+00:00,system,uptime,1382,dbms,09-2026,yugabyte-2026111-vanilla-os-large-large-aws-v2,1,ip-172-31-20-100,ranking,benchANT
2026-09-21 18:29:20+00:00,system,uptime,1392,dbms,09-2026,yugabyte-2026111-vanilla-os-large-large-aws-v2,1,ip-172-31-20-100,ranking,benchANT
2026-09-21 18:29:30+00:00,system,uptime,1402,dbms,09-2026,yugabyte-2026111-vanilla-os-large-large-aws-v2,1,ip-172-31-20-100,ranking,benchANT
2026-09-21 18:29:40+00:00,system,uptime,1412,dbms,09-2026,yugabyte-2026111-vanilla-os-large-large-aws-v2,1,ip-172-31-20-100,ranking,benchANT
2026-09-21 18:29:50+00:00,system,uptime,1422,dbms,09-2026,yugabyte-2026111-vanilla-os-large-large-aws-v2,1,ip-172-31-20-100,ranking,benchANT
2026-09-21 18:30:00+00:00,system,uptime,1432,dbms,09-2026,yugabyte-2026111-vanilla-os-large-large-aws-v2,1,ip-172-31-20-100,ranking,benchANT
2026-09-21 18:30:10+00:00,system,uptime,1442,dbms,09-2026,yugabyte-2026111-vanilla-os-large-large-aws-v2,1,ip-172-31-20-100,ranking,benchANT
2026-09-21 18:30:20+00:00,system,uptime,1452,dbms,09-2026,yugabyte-2026111-vanilla-os-large-large-aws-v2,1,ip-172-31-20-100,ranking,benchANT
2026-09-21 18:30:30+00:00,system,uptime,1462,dbms,09-2026,yugabyte-2026111-vanilla-os-large-large-aws-v2,1,ip-172-31-20-100,ranking,benchANT
2026-09-21 18:30:40+00:00,system,uptime,1472,dbms,09-2026,yugabyte-2026111-vanilla-os-large-large-aws-v2,1,ip-172-31-20-100,ranking,benchANT
2026-09-21 18:30:50+00:00,system,uptime,1482,dbms,09-2026,yugabyte-2026111-vanilla-os-large-large-aws-v2,1,ip-172-31-20-100,ranking,benchANT
2026-09-21 18:31:00+00:00,system,uptime,1492,dbms,09-2026,yugabyte-2026111-vanilla-os-large-large-aws-v2,1,ip-172-31-20-100,ranking,benchANT
2026-09-21 18:31:10+00:00,system,uptime,1502,dbms,09-2026,yugabyte-2026111-vanilla-os-large-large-aws-v2,1,ip-172-31-20-100,ranking,benchANT
2026-09-21 18:31:20+00:00,system,uptime,1512,dbms,09-2026,yugabyte-2026111-vanilla-os-large-large-aws-v2,1,ip-172-31-20-100,ranking,benchANT
2026-09-21 18:31:30+00:00,system,uptime,1522,dbms,09-2026,yugabyte-2026111-vanilla-os-large-large-aws-v2,1,ip-172-31-20-100,ranking,benchANT
2026-09-21 18:31:40+00:00,system,uptime,1532,dbms,09-2026,yugabyte-2026111-vanilla-os-large-large-aws-v2,1,ip-172-31-20-100,ranking,benchANT
2026-09-21 18:31:50+00:00,system,uptime,1542,dbms,09-2026,yugabyte-2026111-vanilla-os-large-large-aws-v2,1,ip-172-31-20-100,ranking,benchANT
2026-09-21 18:32:00+00:00,system,uptime,1552,dbms,09-2026,yugabyte-2026111-vanilla-os-large-large-aws-v2,1,ip-172-31-20-100,ranking,benchANT
2026-09-21 18:32:10+00:00,system,uptime,1562,dbms,09-2026,yugabyte-2026111-vanilla-os-large-large-aws-v2,1,ip-172-31-20-100,ranking,benchANT
2026-09-21 18:32:20+00:00,system,uptime,1572,dbms,09-2026,yugabyte-2026111-vanilla-os-large-large-aws-v2,1,ip-172-31-20-100,ranking,benchANT
2026-09-21 18:32:30+00:00,system,uptime,1582,dbms,09-2026,yugabyte-2026111-vanilla-os-large-large-aws-v2,1,ip-172-31-20-100,ranking,benchANT
2026-09-21 18:32:40+00:00,system,uptime,1592,dbms,09-2026,yugabyte-2026111-vanilla-os-large-large-aws-v2,1,ip-172-31-20-100,ranking,benchANT
2026-09-21 18:32:50+00:00,system,uptime,1602,dbms,09-2026,yugabyte-2026111-vanilla-os-large-large-aws-v2,1,ip-172-31-20-100,ranking,benchANT
2026-09-21 18:33:00+00:00,system,uptime,1612,dbms,09-2026,yugabyte-2026111-vanilla-os-large-large-aws-v2,1,ip-172-31-20-100,ranking,benchANT
2026-09-21 18:33:10+00:00,system,uptime,1622,dbms,09-2026,yugabyte-2026111-vanilla-os-large-large-aws-v2,1,ip-172-31-20-100,ranking,benchANT
2026-09-21 18:33:20+00:00,system,uptime,1632,dbms,09-2026,yugabyte-2026111-vanilla-os-large-large-aws-v2,1,ip-172-31-20-100,ranking,benchANT
2026-09-21 18:33:30+00:00,system,uptime,1642,dbms,09-2026,yugabyte-2026111-vanilla-os-large-large-aws-v2,1,ip-172-31-20-100,ranking,benchANT
2026-09-21 18:33:40+00:00,system,uptime,1652,dbms,09-2026,yugabyte-2026111-vanilla-os-large-large-aws-v2,1,ip-172-31-20-100,ranking,benchANT
2026-09-21 18:33:50+00:00,system,uptime,1662,dbms,09-2026,yugabyte-2026111-vanilla-os-large-large-aws-v2,1,ip-172-31-20-100,ranking,benchANT
2026-09-21 18:34:00+00:00,system,uptime,1672,dbms,09-2026,yugabyte-2026111-vanilla-os-large-large-aws-v2,1,ip-172-31-20-100,ranking,benchANT
2026-09-21 18:34:10+00:00,system,uptime,1682,dbms,09-2026,yugabyte-2026111-vanilla-os-large-large-aws-v2,1,ip-172-31-20-100,ranking,benchANT
2026-09-21 18:34:20+00:00,system,uptime,1692,dbms,09-2026,yugabyte-2026111-vanilla-os-large-large-aws-v2,1,ip-172-31-20-100,ranking,benchANT
2026-09-21 18:34:30+00:00,system,uptime,1702,dbms,09-2026,yugabyte-2026111-vanilla-os-large-large-aws-v2,1,ip-172-31-20-100,ranking,benchANT
2026-09-21 18:34:40+00:00,system,uptime,1712,dbms,09-2026,yugabyte-2026111-vanilla-os-large-large-aws-v2,1,ip-172-31-20-100,ranking,benchANT
2026-09-21 18:34:50+00:00,system,uptime,1722,dbms,09-2026,yugabyte-2026111-vanilla-os-large-large-aws-v2,1,ip-172-31-20-100,ranking,benchANT
2026-09-21 18:35:00+00:00,system,uptime,1732,dbms,09-2026,yugabyte-2026111-vanilla-os-large-large-aws-v2,1,ip-172-31-20-100,ranking,benchANT
2026-09-21 18:35:10+00:00,system,uptime,1742,dbms,09-2026,yugabyte-2026111-vanilla-os-large-large-aws-v2,1,ip-172-31-20-100,ranking,benchANT
2026-09-21 18:35:20+00:00,system,uptime,1752,dbms,09-2026,yugabyte-2026111-vanilla-os-large-large-aws-v2,1,ip-172-31-20-100,ranking,benchANT
2026-09-21 18:35:30+00:00,system,uptime,1762,dbms,09-2026,yugabyte-2026111-vanilla-os-large-large-aws-v2,1,ip-172-31-20-100,ranking,benchANT
2026-09-21 18:35:40+00:00,system,uptime,1772,dbms,09-2026,yugabyte-2026111-vanilla-os-large-large-aws-v2,1,ip-172-31-20-100,ranking,benchANT
2026-09-21 18:35:50+00:00,system,uptime,1782,dbms,09-2026,yugabyte-2026111-vanilla-os-large-large-aws-v2,1,ip-172-31-20-100,ranking,benchANT
2026-09-21 18:36:00+00:00,system,uptime,1792,dbms,09-2026,yugabyte-2026111-vanilla-os-large-large-aws-v2,1,ip-172-31-20-100,ranking,benchANT
2026-09-21 18:36:10+00:00,system,uptime,1802,dbms,09-2026,yugabyte-2026111-vanilla-os-large-large-aws-v2,1,ip-172-31-20-100,ranking,benchANT
2026-09-21 18:36:20+00:00,system,uptime,1812,dbms,09-2026,yugabyte-2026111-vanilla-os-large-large-aws-v2,1,ip-172-31-20-100,ranking,benchANT
2026-09-21 18:36:30+00:00,system,uptime,1822,dbms,09-2026,yugabyte-2026111-vanilla-os-large-large-aws-v2,1,ip-172-31-20-100,ranking,benchANT
2026-09-21 18:36:40+00:00,system,uptime,1832,dbms,09-2026,yugabyte-2026111-vanilla-os-large-large-aws-v2,1,ip-172-31-20-100,ranking,benchANT
2026-09-21 18:36:50+00:00,system,uptime,1842,dbms,09-2026,yugabyte-2026111-vanilla-os-large-large-aws-v2,1,ip-172-31-20-100,ranking,benchANT
2026-09-21 18:37:00+00:00,system,uptime,1852,dbms,09-2026,yugabyte-2026111-vanilla-os-large-large-aws-v2,1,ip-172-31-20-100,ranking,benchANT
2026-09-21 18:37:10+00:00,system,uptime,1862,dbms,09-2026,yugabyte-2026111-vanilla-os-large-large-aws-v2,1,ip-172-31-20-100,ranking,benchANT
2026-09-21 18:37:20+00:00,system,uptime,1872,dbms,09-2026,yugabyte-2026111-vanilla-os-large-large-aws-v2,1,ip-172-31-20-100,ranking,benchANT
2026-09-21 18:37:30+00:00,system,uptime,1882,dbms,09-2026,yugabyte-2026111-vanilla-os-large-large-aws-v2,1,ip-172-31-20-100,ranking,benchANT
2026-09-21 18:37:40+00:00,system,uptime,1892,dbms,09-2026,yugabyte-2026111-vanilla-os-large-large-aws-v2,1,ip-172-31-20-100,ranking,benchANT
2026-09-21 18:37:50+00:00,system,uptime,1902,dbms,09-2026,yugabyte-2026111-vanilla-os-large-large-aws-v2,1,ip-172-31-20-100,ranking,benchANT
2026-09-21 18:38:00+00:00,system,uptime,1912,dbms,09-2026,yugabyte-2026111-vanilla-os-large-large-aws-v2,1,ip-172-31-20-100,ranking,benchANT
2026-09-21 18:38:10+00:00,system,uptime,1922,dbms,09-2026,yugabyte-2026111-vanilla-os-large-large-aws-v2,1,ip-172-31-20-100,ranking,benchANT
2026-09-21 18:38:20+00:00,system,uptime,1932,dbms,09-2026,yugabyte-2026111-vanilla-os-large-large-aws-v2,1,ip-172-31-20-100,ranking,benchANT
2026-09-21 18:38:30+00:00,system,uptime,1942,dbms,09-2026,yugabyte-2026111-vanilla-os-large-large-aws-v2,1,ip-172-31-20-100,ranking,benchANT
2026-09-21 18:38:40+00:00,system,uptime,1952,dbms,09-2026,yugabyte-2026111-vanilla-os-large-large-aws-v2,1,ip-172-31-20-100,ranking,benchANT
2026-09-21 18:38:50+00:00,system,uptime,1962,dbms,09-2026,yugabyte-2026111-vanilla-os-large-large-aws-v2,1,ip-172-31-20-100,ranking,benchANT
2026-09-21 18:39:00+00:00,system,uptime,1972,dbms,09-2026,yugabyte-2026111-vanilla-os-large-large-aws-v2,1,ip-172-31-20-100,ranking,benchANT
2026-09-21 18:39:10+00:00,system,uptime,1982,dbms,09-2026,yugabyte-2026111-vanilla-os-large-large-aws-v2,1,ip-172-31-20-100,ranking,benchANT
2026-09-21 18:39:20+00:00,system,uptime,1992,dbms,09-2026,yugabyte-2026111-vanilla-os-large-large-aws-v2,1,ip-172-31-20-100,ranking,benchANT
2026-09-21 18:39:30+00:00,system,uptime,2002,dbms,09-2026,yugabyte-2026111-vanilla-os-large-large-aws-v2,1,ip-172-31-20-100,ranking,benchANT
2026-09-21 18:39:40+00:00,system,uptime,2012,dbms,09-2026,yugabyte-2026111-vanilla-os-large-large-aws-v2,1,ip-172-31-20-100,ranking,benchANT
2026-09-21 18:39:50+00:00,system,uptime,2022,dbms,09-2026,yugabyte-2026111-vanilla-os-large-large-aws-v2,1,ip-172-31-20-100,ranking,benchANT
2026-09-21 18:40:00+00:00,system,uptime,2032,dbms,09-2026,yugabyte-2026111-vanilla-os-large-large-aws-v2,1,ip-172-31-20-100,ranking,benchANT
2026-09-21 18:40:10+00:00,system,uptime,2042,dbms,09-2026,yugabyte-2026111-vanilla-os-large-large-aws-v2,1,ip-172-31-20-100,ranking,benchANT
2026-09-21 18:40:20+00:00,system,uptime,2052,dbms,09-2026,yugabyte-2026111-vanilla-os-large-large-aws-v2,1,ip-172-31-20-100,ranking,benchANT
2026-09-21 18:40:30+00:00,system,uptime,2062,dbms,09-2026,yugabyte-2026111-vanilla-os-large-large-aws-v2,1,ip-172-31-20-100,ranking,benchANT
2026-09-21 18:40:40+00:00,system,uptime,2072,dbms,09-2026,yugabyte-2026111-vanilla-os-large-large-aws-v2,1,ip-172-31-20-100,ranking,benchANT
2026-09-21 18:40:50+00:00,system,uptime,2082,dbms,09-2026,yugabyte-2026111-vanilla-os-large-large-aws-v2,1,ip-172-31-20-100,ranking,benchANT
2026-09-21 18:41:00+00:00,system,uptime,2092,dbms,09-2026,yugabyte-2026111-vanilla-os-large-large-aws-v2,1,ip-172-31-20-100,ranking,benchANT
2026-09-21 18:41:10+00:00,system,uptime,2102,dbms,09-2026,yugabyte-2026111-vanilla-os-large-large-aws-v2,1,ip-172-31-20-100,ranking,benchANT
2026-09-21 18:41:20+00:00,system,uptime,2112,dbms,09-2026,yugabyte-2026111-vanilla-os-large-large-aws-v2,1,ip-172-31-20-100,ranking,benchANT
2026-09-21 18:41:30+00:00,system,uptime,2122,dbms,09-2026,yugabyte-2026111-vanilla-os-large-large-aws-v2,1,ip-172-31-20-100,ranking,benchANT
2026-09-21 18:41:40+00:00,system,uptime,2132,dbms,09-2026,yugabyte-2026111-vanilla-os-large-large-aws-v2,1,ip-172-31-20-100,ranking,benchANT
2026-09-21 18:41:50+00:00,system,uptime,2142,dbms,09-2026,yugabyte-2026111-vanilla-os-large-large-aws-v2,1,ip-172-31-20-100,ranking,benchANT
2026-09-21 18:42:00+00:00,system,uptime,2152,dbms,09-2026,yugabyte-2026111-vanilla-os-large-large-aws-v2,1,ip-172-31-20-100,ranking,benchANT
2026-09-21 18:42:10+00:00,system,uptime,2162,dbms,09-2026,yugabyte-2026111-vanilla-os-large-large-aws-v2,1,ip-172-31-20-100,ranking,benchANT
2026-09-21 18:42:20+00:00,system,uptime,2172,dbms,09-2026,yugabyte-2026111-vanilla-os-large-large-aws-v2,1,ip-172-31-20-100,ranking,benchANT
2026-09-21 18:42:30+00:00,system,uptime,2182,dbms,09-2026,yugabyte-2026111-vanilla-os-large-large-aws-v2,1,ip-172-31-20-100,ranking,benchANT
2026-09-21 18:42:40+00:00,system,uptime,2192,dbms,09-2026,yugabyte-2026111-vanilla-os-large-large-aws-v2,1,ip-172-31-20-100,ranking,benchANT
2026-09-21 18:42:50+00:00,system,uptime,2202,dbms,09-2026,yugabyte-2026111-vanilla-os-large-large-aws-v2,1,ip-172-31-20-100,ranking,benchANT
2026-09-21 18:43:00+00:00,system,uptime,2212,dbms,09-2026,yugabyte-2026111-vanilla-os-large-large-aws-v2,1,ip-172-31-20-100,ranking,benchANT
2026-09-21 18:43:10+00:00,system,uptime,2222,dbms,09-2026,yugabyte-2026111-vanilla-os-large-large-aws-v2,1,ip-172-31-20-100,ranking,benchANT
2026-09-21 18:43:20+00:00,system,uptime,2232,dbms,09-2026,yugabyte-2026111-vanilla-os-large-large-aws-v2,1,ip-172-31-20-100,ranking,benchANT
2026-09-21 18:43:30+00:00,system,uptime,2242,dbms,09-2026,yugabyte-2026111-vanilla-os-large-large-aws-v2,1,ip-172-31-20-100,ranking,benchANT
2026-09-21 18:43:40+00:00,system,uptime,2252,dbms,09-2026,yugabyte-2026111-vanilla-os-large-large-aws-v2,1,ip-172-31-20-100,ranking,benchANT
2026-09-21 18:43:50+00:00,system,uptime,2262,dbms,09-2026,yugabyte-2026111-vanilla-os-large-large-aws-v2,1,ip-172-31-20-100,ranking,benchANT
2026-09-21 18:44:00+00:00,system,uptime,2272,dbms,09-2026,yugabyte-2026111-vanilla-os-large-large-aws-v2,1,ip-172-31-20-100,ranking,benchANT
2026-09-21 18:44:10+00:00,system,uptime,2282,dbms,09-2026,yugabyte-2026111-vanilla-os-large-large-aws-v2,1,ip-172-31-20-100,ranking,benchANT
2026-09-21 18:44:20+00:00,system,uptime,2292,dbms,09-2026,yugabyte-2026111-vanilla-os-large-large-aws-v2,1,ip-172-31-20-100,ranking,benchANT
2026-09-21 18:44:30+00:00,system,uptime,2302,dbms,09-2026,yugabyte-2026111-vanilla-os-large-large-aws-v2,1,ip-172-31-20-100,ranking,benchANT
2026-09-21 18:44:40+00:00,system,uptime,2312,dbms,09-2026,yugabyte-2026111-vanilla-os-large-large-aws-v2,1,ip-172-31-20-100,ranking,benchANT
2026-09-21 18:44:50+00:00,system,uptime,2322,dbms,09-2026,yugabyte-2026111-vanilla-os-large-large-aws-v2,1,ip-172-31-20-100,ranking,benchANT
2026-09-21 18:45:00+00:00,system,uptime,2332,dbms,09-2026,yugabyte-2026111-vanilla-os-large-large-aws-v2,1,ip-172-31-20-100,ranking,benchANT
2026-09-21 18:45:10+00:00,system,uptime,2342,dbms,09-2026,yugabyte-2026111-vanilla-os-large-large-aws-v2,1,ip-172-31-20-100,ranking,benchANT
2026-09-21 18:45:20+00:00,system,uptime,2352,dbms,09-2026,yugabyte-2026111-vanilla-os-large-large-aws-v2,1,ip-172-31-20-100,ranking,benchANT
2026-09-21 18:45:30+00:00,system,uptime,2362,dbms,09-2026,yugabyte-2026111-vanilla-os-large-large-aws-v2,1,ip-172-31-20-100,ranking,benchANT
2026-09-21 18:45:40+00:00,system,uptime,2372,dbms,09-2026,yugabyte-2026111-vanilla-os-large-large-aws-v2,1,ip-172-31-20-100,ranking,benchANT
2026-09-21 18:45:50+00:00,system,uptime,2382,dbms,09-2026,yugabyte-2026111-vanilla-os-large-large-aws-v2,1,ip-172-31-20-100,ranking,benchANT
2026-09-21 18:46:00+00:00,system,uptime,2392,dbms,09-2026,yugabyte-2026111-vanilla-os-large-large-aws-v2,1,ip-172-31-20-100,ranking,benchANT
2026-09-21 18:46:10+00:00,system,uptime,2402,dbms,09-2026,yugabyte-2026111-vanilla-os-large-large-aws-v2,1,ip-172-31-20-100,ranking,benchANT
2026-09-21 18:46:20+00:00,system,uptime,2412,dbms,09-2026,yugabyte-2026111-vanilla-os-large-large-aws-v2,1,ip-172-31-20-100,ranking,benchANT
2026-09-21 18:46:30+00:00,system,uptime,2422,dbms,09-2026,yugabyte-2026111-vanilla-os-large-large-aws-v2,1,ip-172-31-20-100,ranking,benchANT
2026-09-21 18:46:40+00:00,system,uptime,2432,dbms,09-2026,yugabyte-2026111-vanilla-os-large-large-aws-v2,1,ip-172-31-20-100,ranking,benchANT
2026-09-21 18:46:50+00:00,system,uptime,2442,dbms,09-2026,yugabyte-2026111-vanilla-os-large-large-aws-v2,1,ip-172-31-20-100,ranking,benchANT
2026-09-21 18:47:00+00:00,system,uptime,2452,dbms,09-2026,yugabyte-2026111-vanilla-os-large-large-aws-v2,1,ip-172-31-20-100,ranking,benchANT
2026-09-21 18:47:10+00:00,system,uptime,2462,dbms,09-2026,yugabyte-2026111-vanilla-os-large-large-aws-v2,1,ip-172-31-20-100,ranking,benchANT
2026-09-21 18:47:20+00:00,system,uptime,2472,dbms,09-2026,yugabyte-2026111-vanilla-os-large-large-aws-v2,1,ip-172-31-20-100,ranking,benchANT
2026-09-21 18:47:30+00:00,system,uptime,2482,dbms,09-2026,yugabyte-2026111-vanilla-os-large-large-aws-v2,1,ip-172-31-20-100,ranking,benchANT
2026-09-21 18:47:40+00:00,system,uptime,2492,dbms,09-2026,yugabyte-2026111-vanilla-os-large-large-aws-v2,1,ip-172-31-20-100,ranking,benchANT
2026-09-21 18:47:50+00:00,system,uptime,2502,dbms,09-2026,yugabyte-2026111-vanilla-os-large-large-aws-v2,1,ip-172-31-20-100,ranking,benchANT
2026-09-21 18:48:00+00:00,system,uptime,2512,dbms,09-2026,yugabyte-2026111-vanilla-os-large-large-aws-v2,1,ip-172-31-20-100,ranking,benchANT
2026-09-21 18:48:10+00:00,system,uptime,2522,dbms,09-2026,yugabyte-2026111-vanilla-os-large-large-aws-v2,1,ip-172-31-20-100,ranking,benchANT
2026-09-21 18:48:20+00:00,system,uptime,2532,dbms,09-2026,yugabyte-2026111-vanilla-os-large-large-aws-v2,1,ip-172-31-20-100,ranking,benchANT
2026-09-21 18:48:30+00:00,system,uptime,2542,dbms,09-2026,yugabyte-2026111-vanilla-os-large-large-aws-v2,1,ip-172-31-20-100,ranking,benchANT
2026-09-21 18:48:40+00:00,system,uptime,2552,dbms,09-2026,yugabyte-2026111-vanilla-os-large-large-aws-v2,1,ip-172-31-20-100,ranking,benchANT
2026-09-21 18:24:20+00:00,system,uptime_format, 0:18,dbms,09-2026,yugabyte-2026111-vanilla-os-large-large-aws-v2,1,ip-172-31-20-100,ranking,benchANT
2026-09-21 18:24:30+00:00,system,uptime_format, 0:18,dbms,09-2026,yugabyte-2026111-vanilla-os-large-large-aws-v2,1,ip-172-31-20-100,ranking,benchANT
2026-09-21 18:24:40+00:00,system,uptime_format, 0:18,dbms,09-2026,yugabyte-2026111-vanilla-os-large-large-aws-v2,1,ip-172-31-20-100,ranking,benchANT
2026-09-21 18:24:50+00:00,system,uptime_format, 0:18,dbms,09-2026,yugabyte-2026111-vanilla-os-large-large-aws-v2,1,ip-172-31-20-100,ranking,benchANT
2026-09-21 18:25:00+00:00,system,uptime_format, 0:18,dbms,09-2026,yugabyte-2026111-vanilla-os-large-large-aws-v2,1,ip-172-31-20-100,ranking,benchANT
2026-09-21 18:25:10+00:00,system,uptime_format, 0:19,dbms,09-2026,yugabyte-2026111-vanilla-os-large-large-aws-v2,1,ip-172-31-20-100,ranking,benchANT
2026-09-21 18:25:20+00:00,system,uptime_format, 0:19,dbms,09-2026,yugabyte-2026111-vanilla-os-large-large-aws-v2,1,ip-172-31-20-100,ranking,benchANT
2026-09-21 18:25:30+00:00,system,uptime_format, 0:19,dbms,09-2026,yugabyte-2026111-vanilla-os-large-large-aws-v2,1,ip-172-31-20-100,ranking,benchANT
2026-09-21 18:25:40+00:00,system,uptime_format, 0:19,dbms,09-2026,yugabyte-2026111-vanilla-os-large-large-aws-v2,1,ip-172-31-20-100,ranking,benchANT
2026-09-21 18:25:50+00:00,system,uptime_format, 0:19,dbms,09-2026,yugabyte-2026111-vanilla-os-large-large-aws-v2,1,ip-172-31-20-100,ranking,benchANT
2026-09-21 18:26:00+00:00,system,uptime_format, 0:19,dbms,09-2026,yugabyte-2026111-vanilla-os-large-large-aws-v2,1,ip-172-31-20-100,ranking,benchANT
2026-09-21 18:26:10+00:00,system,uptime_format, 0:20,dbms,09-2026,yugabyte-2026111-vanilla-os-large-large-aws-v2,1,ip-172-31-20-100,ranking,benchANT
2026-09-21 18:26:20+00:00,system,uptime_format, 0:20,dbms,09-2026,yugabyte-2026111-vanilla-os-large-large-aws-v2,1,ip-172-31-20-100,ranking,benchANT
2026-09-21 18:26:30+00:00,system,uptime_format, 0:20,dbms,09-2026,yugabyte-2026111-vanilla-os-large-large-aws-v2,1,ip-172-31-20-100,ranking,benchANT
2026-09-21 18:26:40+00:00,system,uptime_format, 0:20,dbms,09-2026,yugabyte-2026111-vanilla-os-large-large-aws-v2,1,ip-172-31-20-100,ranking,benchANT
2026-09-21 18:26:50+00:00,system,uptime_format, 0:20,dbms,09-2026,yugabyte-2026111-vanilla-os-large-large-aws-v2,1,ip-172-31-20-100,ranking,benchANT
2026-09-21 18:27:00+00:00,system,uptime_format, 0:20,dbms,09-2026,yugabyte-2026111-vanilla-os-large-large-aws-v2,1,ip-172-31-20-100,ranking,benchANT
2026-09-21 18:27:10+00:00,system,uptime_format, 0:21,dbms,09-2026,yugabyte-2026111-vanilla-os-large-large-aws-v2,1,ip-172-31-20-100,ranking,benchANT
2026-09-21 18:27:20+00:00,system,uptime_format, 0:21,dbms,09-2026,yugabyte-2026111-vanilla-os-large-large-aws-v2,1,ip-172-31-20-100,ranking,benchANT
2026-09-21 18:27:30+00:00,system,uptime_format, 0:21,dbms,09-2026,yugabyte-2026111-vanilla-os-large-large-aws-v2,1,ip-172-31-20-100,ranking,benchANT
2026-09-21 18:27:40+00:00,system,uptime_format, 0:21,dbms,09-2026,yugabyte-2026111-vanilla-os-large-large-aws-v2,1,ip-172-31-20-100,ranking,benchANT
2026-09-21 18:27:50+00:00,system,uptime_format, 0:21,dbms,09-2026,yugabyte-2026111-vanilla-os-large-large-aws-v2,1,ip-172-31-20-100,ranking,benchANT
2026-09-21 18:28:00+00:00,system,uptime_format, 0:21,dbms,09-2026,yugabyte-2026111-vanilla-os-large-large-aws-v2,1,ip-172-31-20-100,ranking,benchANT
2026-09-21 18:28:10+00:00,system,uptime_format, 0:22,dbms,09-2026,yugabyte-2026111-vanilla-os-large-large-aws-v2,1,ip-172-31-20-100,ranking,benchANT
2026-09-21 18:28:20+00:00,system,uptime_format, 0:22,dbms,09-2026,yugabyte-2026111-vanilla-os-large-large-aws-v2,1,ip-172-31-20-100,ranking,benchANT
2026-09-21 18:28:30+00:00,system,uptime_format, 0:22,dbms,09-2026,yugabyte-2026111-vanilla-os-large-large-aws-v2,1,ip-172-31-20-100,ranking,benchANT
2026-09-21 18:28:40+00:00,system,uptime_format, 0:22,dbms,09-2026,yugabyte-2026111-vanilla-os-large-large-aws-v2,1,ip-172-31-20-100,ranking,benchANT
2026-09-21 18:28:50+00:00,system,uptime_format, 0:22,dbms,09-2026,yugabyte-2026111-vanilla-os-large-large-aws-v2,1,ip-172-31-20-100,ranking,benchANT
2026-09-21 18:29:00+00:00,system,uptime_format, 0:22,dbms,09-2026,yugabyte-2026111-vanilla-os-large-large-aws-v2,1,ip-172-31-20-100,ranking,benchANT
2026-09-21 18:29:10+00:00,system,uptime_format, 0:23,dbms,09-2026,yugabyte-2026111-vanilla-os-large-large-aws-v2,1,ip-172-31-20-100,ranking,benchANT
2026-09-21 18:29:20+00:00,system,uptime_format, 0:23,dbms,09-2026,yugabyte-2026111-vanilla-os-large-large-aws-v2,1,ip-172-31-20-100,ranking,benchANT
2026-09-21 18:29:30+00:00,system,uptime_format, 0:23,dbms,09-2026,yugabyte-2026111-vanilla-os-large-large-aws-v2,1,ip-172-31-20-100,ranking,benchANT
2026-09-21 18:29:40+00:00,system,uptime_format, 0:23,dbms,09-2026,yugabyte-2026111-vanilla-os-large-large-aws-v2,1,ip-172-31-20-100,ranking,benchANT
2026-09-21 18:29:50+00:00,system,uptime_format, 0:23,dbms,09-2026,yugabyte-2026111-vanilla-os-large-large-aws-v2,1,ip-172-31-20-100,ranking,benchANT
2026-09-21 18:30:00+00:00,system,uptime_format, 0:23,dbms,09-2026,yugabyte-2026111-vanilla-os-large-large-aws-v2,1,ip-172-31-20-100,ranking,benchANT
2026-09-21 18:30:10+00:00,system,uptime_format, 0:24,dbms,09-2026,yugabyte-2026111-vanilla-os-large-large-aws-v2,1,ip-172-31-20-100,ranking,benchANT
2026-09-21 18:30:20+00:00,system,uptime_format, 0:24,dbms,09-2026,yugabyte-2026111-vanilla-os-large-large-aws-v2,1,ip-172-31-20-100,ranking,benchANT
2026-09-21 18:30:30+00:00,system,uptime_format, 0:24,dbms,09-2026,yugabyte-2026111-vanilla-os-large-large-aws-v2,1,ip-172-31-20-100,ranking,benchANT
2026-09-21 18:30:40+00:00,system,uptime_format, 0:24,dbms,09-2026,yugabyte-2026111-vanilla-os-large-large-aws-v2,1,ip-172-31-20-100,ranking,benchANT
2026-09-21 18:30:50+00:00,system,uptime_format, 0:24,dbms,09-2026,yugabyte-2026111-vanilla-os-large-large-aws-v2,1,ip-172-31-20-100,ranking,benchANT
2026-09-21 18:31:00+00:00,system,uptime_format, 0:24,dbms,09-2026,yugabyte-2026111-vanilla-os-large-large-aws-v2,1,ip-172-31-20-100,ranking,benchANT
2026-09-21 18:31:10+00:00,system,uptime_format, 0:25,dbms,09-2026,yugabyte-2026111-vanilla-os-large-large-aws-v2,1,ip-172-31-20-100,ranking,benchANT
2026-09-21 18:31:20+00:00,system,uptime_format, 0:25,dbms,09-2026,yugabyte-2026111-vanilla-os-large-large-aws-v2,1,ip-172-31-20-100,ranking,benchANT
2026-09-21 18:31:30+00:00,system,uptime_format, 0:25,dbms,09-2026,yugabyte-2026111-vanilla-os-large-large-aws-v2,1,ip-172-31-20-100,ranking,benchANT
2026-09-21 18:31:40+00:00,system,uptime_format, 0:25,dbms,09-2026,yugabyte-2026111-vanilla-os-large-large-aws-v2,1,ip-172-31-20-100,ranking,benchANT
2026-09-21 18:31:50+00:00,system,uptime_format, 0:25,dbms,09-2026,yugabyte-2026111-vanilla-os-large-large-aws-v2,1,ip-172-31-20-100,ranking,benchANT
2026-09-21 18:32:00+00:00,system,uptime_format, 0:25,dbms,09-2026,yugabyte-2026111-vanilla-os-large-large-aws-v2,1,ip-172-31-20-100,ranking,benchANT
2026-09-21 18:32:10+00:00,system,uptime_format, 0:26,dbms,09-2026,yugabyte-2026111-vanilla-os-large-large-aws-v2,1,ip-172-31-20-100,ranking,benchANT
2026-09-21 18:32:20+00:00,system,uptime_format, 0:26,dbms,09-2026,yugabyte-2026111-vanilla-os-large-large-aws-v2,1,ip-172-31-20-100,ranking,benchANT
2026-09-21 18:32:30+00:00,system,uptime_format, 0:26,dbms,09-2026,yugabyte-2026111-vanilla-os-large-large-aws-v2,1,ip-172-31-20-100,ranking,benchANT
2026-09-21 18:32:40+00:00,system,uptime_format, 0:26,dbms,09-2026,yugabyte-2026111-vanilla-os-large-large-aws-v2,1,ip-172-31-20-100,ranking,benchANT
2026-09-21 18:32:50+00:00,system,uptime_format, 0:26,dbms,09-2026,yugabyte-2026111-vanilla-os-large-large-aws-v2,1,ip-172-31-20-100,ranking,benchANT
2026-09-21 18:33:00+00:00,system,uptime_format, 0:26,dbms,09-2026,yugabyte-2026111-vanilla-os-large-large-aws-v2,1,ip-172-31-20-100,ranking,benchANT
2026-09-21 18:33:10+00:00,system,uptime_format, 0:27,dbms,09-2026,yugabyte-2026111-vanilla-os-large-large-aws-v2,1,ip-172-31-20-100,ranking,benchANT
2026-09-21 18:33:20+00:00,system,uptime_format, 0:27,dbms,09-2026,yugabyte-2026111-vanilla-os-large-large-aws-v2,1,ip-172-31-20-100,ranking,benchANT
2026-09-21 18:33:30+00:00,system,uptime_format, 0:27,dbms,09-2026,yugabyte-2026111-vanilla-os-large-large-aws-v2,1,ip-172-31-20-100,ranking,benchANT
2026-09-21 18:33:40+00:00,system,uptime_format, 0:27,dbms,09-2026,yugabyte-2026111-vanilla-os-large-large-aws-v2,1,ip-172-31-20-100,ranking,benchANT
2026-09-21 18:33:50+00:00,system,uptime_format, 0:27,dbms,09-2026,yugabyte-2026111-vanilla-os-large-large-aws-v2,1,ip-172-31-20-100,ranking,benchANT
2026-09-21 18:34:00+00:00,system,uptime_format, 0:27,dbms,09-2026,yugabyte-2026111-vanilla-os-large-large-aws-v2,1,ip-172-31-20-100,ranking,benchANT
2026-09-21 18:34:10+00:00,system,uptime_format, 0:28,dbms,09-2026,yugabyte-2026111-vanilla-os-large-large-aws-v2,1,ip-172-31-20-100,ranking,benchANT
2026-09-21 18:34:20+00:00,system,uptime_format, 0:28,dbms,09-2026,yugabyte-2026111-vanilla-os-large-large-aws-v2,1,ip-172-31-20-100,ranking,benchANT
2026-09-21 18:34:30+00:00,system,uptime_format, 0:28,dbms,09-2026,yugabyte-2026111-vanilla-os-large-large-aws-v2,1,ip-172-31-20-100,ranking,benchANT
2026-09-21 18:34:40+00:00,system,uptime_format, 0:28,dbms,09-2026,yugabyte-2026111-vanilla-os-large-large-aws-v2,1,ip-172-31-20-100,ranking,benchANT
2026-09-21 18:34:50+00:00,system,uptime_format, 0:28,dbms,09-2026,yugabyte-2026111-vanilla-os-large-large-aws-v2,1,ip-172-31-20-100,ranking,benchANT
2026-09-21 18:35:00+00:00,system,uptime_format, 0:28,dbms,09-2026,yugabyte-2026111-vanilla-os-large-large-aws-v2,1,ip-172-31-20-100,ranking,benchANT
2026-09-21 18:35:10+00:00,system,uptime_format, 0:29,dbms,09-2026,yugabyte-2026111-vanilla-os-large-large-aws-v2,1,ip-172-31-20-100,ranking,benchANT
2026-09-21 18:35:20+00:00,system,uptime_format, 0:29,dbms,09-2026,yugabyte-2026111-vanilla-os-large-large-aws-v2,1,ip-172-31-20-100,ranking,benchANT
2026-09-21 18:35:30+00:00,system,uptime_format, 0:29,dbms,09-2026,yugabyte-2026111-vanilla-os-large-large-aws-v2,1,ip-172-31-20-100,ranking,benchANT
2026-09-21 18:35:40+00:00,system,uptime_format, 0:29,dbms,09-2026,yugabyte-2026111-vanilla-os-large-large-aws-v2,1,ip-172-31-20-100,ranking,benchANT
2026-09-21 18:35:50+00:00,system,uptime_format, 0:29,dbms,09-2026,yugabyte-2026111-vanilla-os-large-large-aws-v2,1,ip-172-31-20-100,ranking,benchANT
2026-09-21 18:36:00+00:00,system,uptime_format, 0:29,dbms,09-2026,yugabyte-2026111-vanilla-os-large-large-aws-v2,1,ip-172-31-20-100,ranking,benchANT
2026-09-21 18:36:10+00:00,system,uptime_format, 0:30,dbms,09-2026,yugabyte-2026111-vanilla-os-large-large-aws-v2,1,ip-172-31-20-100,ranking,benchANT
2026-09-21 18:36:20+00:00,system,uptime_format, 0:30,dbms,09-2026,yugabyte-2026111-vanilla-os-large-large-aws-v2,1,ip-172-31-20-100,ranking,benchANT
2026-09-21 18:36:30+00:00,system,uptime_format, 0:30,dbms,09-2026,yugabyte-2026111-vanilla-os-large-large-aws-v2,1,ip-172-31-20-100,ranking,benchANT
2026-09-21 18:36:40+00:00,system,uptime_format, 0:30,dbms,09-2026,yugabyte-2026111-vanilla-os-large-large-aws-v2,1,ip-172-31-20-100,ranking,benchANT
2026-09-21 18:36:50+00:00,system,uptime_format, 0:30,dbms,09-2026,yugabyte-2026111-vanilla-os-large-large-aws-v2,1,ip-172-31-20-100,ranking,benchANT
2026-09-21 18:37:00+00:00,system,uptime_format, 0:30,dbms,09-2026,yugabyte-2026111-vanilla-os-large-large-aws-v2,1,ip-172-31-20-100,ranking,benchANT
2026-09-21 18:37:10+00:00,system,uptime_format, 0:31,dbms,09-2026,yugabyte-2026111-vanilla-os-large-large-aws-v2,1,ip-172-31-20-100,ranking,benchANT
2026-09-21 18:37:20+00:00,system,uptime_format, 0:31,dbms,09-2026,yugabyte-2026111-vanilla-os-large-large-aws-v2,1,ip-172-31-20-100,ranking,benchANT
2026-09-21 18:37:30+00:00,system,uptime_format, 0:31,dbms,09-2026,yugabyte-2026111-vanilla-os-large-large-aws-v2,1,ip-172-31-20-100,ranking,benchANT
2026-09-21 18:37:40+00:00,system,uptime_format, 0:31,dbms,09-2026,yugabyte-2026111-vanilla-os-large-large-aws-v2,1,ip-172-31-20-100,ranking,benchANT
2026-09-21 18:37:50+00:00,system,uptime_format, 0:31,dbms,09-2026,yugabyte-2026111-vanilla-os-large-large-aws-v2,1,ip-172-31-20-100,ranking,benchANT
2026-09-21 18:38:00+00:00,system,uptime_format, 0:31,dbms,09-2026,yugabyte-2026111-vanilla-os-large-large-aws-v2,1,ip-172-31-20-100,ranking,benchANT
2026-09-21 18:38:10+00:00,system,uptime_format, 0:32,dbms,09-2026,yugabyte-2026111-vanilla-os-large-large-aws-v2,1,ip-172-31-20-100,ranking,benchANT
2026-09-21 18:38:20+00:00,system,uptime_format, 0:32,dbms,09-2026,yugabyte-2026111-vanilla-os-large-large-aws-v2,1,ip-172-31-20-100,ranking,benchANT
2026-09-21 18:38:30+00:00,system,uptime_format, 0:32,dbms,09-2026,yugabyte-2026111-vanilla-os-large-large-aws-v2,1,ip-172-31-20-100,ranking,benchANT
2026-09-21 18:38:40+00:00,system,uptime_format, 0:32,dbms,09-2026,yugabyte-2026111-vanilla-os-large-large-aws-v2,1,ip-172-31-20-100,ranking,benchANT
2026-09-21 18:38:50+00:00,system,uptime_format, 0:32,dbms,09-2026,yugabyte-2026111-vanilla-os-large-large-aws-v2,1,ip-172-31-20-100,ranking,benchANT
2026-09-21 18:39:00+00:00,system,uptime_format, 0:32,dbms,09-2026,yugabyte-2026111-vanilla-os-large-large-aws-v2,1,ip-172-31-20-100,ranking,benchANT
2026-09-21 18:39:10+00:00,system,uptime_format, 0:33,dbms,09-2026,yugabyte-2026111-vanilla-os-large-large-aws-v2,1,ip-172-31-20-100,ranking,benchANT
2026-09-21 18:39:20+00:00,system,uptime_format, 0:33,dbms,09-2026,yugabyte-2026111-vanilla-os-large-large-aws-v2,1,ip-172-31-20-100,ranking,benchANT
2026-09-21 18:39:30+00:00,system,uptime_format, 0:33,dbms,09-2026,yugabyte-2026111-vanilla-os-large-large-aws-v2,1,ip-172-31-20-100,ranking,benchANT
2026-09-21 18:39:40+00:00,system,uptime_format, 0:33,dbms,09-2026,yugabyte-2026111-vanilla-os-large-large-aws-v2,1,ip-172-31-20-100,ranking,benchANT
2026-09-21 18:39:50+00:00,system,uptime_format, 0:33,dbms,09-2026,yugabyte-2026111-vanilla-os-large-large-aws-v2,1,ip-172-31-20-100,ranking,benchANT
2026-09-21 18:40:00+00:00,system,uptime_format, 0:33,dbms,09-2026,yugabyte-2026111-vanilla-os-large-large-aws-v2,1,ip-172-31-20-100,ranking,benchANT
2026-09-21 18:40:10+00:00,system,uptime_format, 0:34,dbms,09-2026,yugabyte-2026111-vanilla-os-large-large-aws-v2,1,ip-172-31-20-100,ranking,benchANT
2026-09-21 18:40:20+00:00,system,uptime_format, 0:34,dbms,09-2026,yugabyte-2026111-vanilla-os-large-large-aws-v2,1,ip-172-31-20-100,ranking,benchANT
2026-09-21 18:40:30+00:00,system,uptime_format, 0:34,dbms,09-2026,yugabyte-2026111-vanilla-os-large-large-aws-v2,1,ip-172-31-20-100,ranking,benchANT
2026-09-21 18:40:40+00:00,system,uptime_format, 0:34,dbms,09-2026,yugabyte-2026111-vanilla-os-large-large-aws-v2,1,ip-172-31-20-100,ranking,benchANT
2026-09-21 18:40:50+00:00,system,uptime_format, 0:34,dbms,09-2026,yugabyte-2026111-vanilla-os-large-large-aws-v2,1,ip-172-31-20-100,ranking,benchANT
2026-09-21 18:41:00+00:00,system,uptime_format, 0:34,dbms,09-2026,yugabyte-2026111-vanilla-os-large-large-aws-v2,1,ip-172-31-20-100,ranking,benchANT
2026-09-21 18:41:10+00:00,system,uptime_format, 0:35,dbms,09-2026,yugabyte-2026111-vanilla-os-large-large-aws-v2,1,ip-172-31-20-100,ranking,benchANT
2026-09-21 18:41:20+00:00,system,uptime_format, 0:35,dbms,09-2026,yugabyte-2026111-vanilla-os-large-large-aws-v2,1,ip-172-31-20-100,ranking,benchANT
2026-09-21 18:41:30+00:00,system,uptime_format, 0:35,dbms,09-2026,yugabyte-2026111-vanilla-os-large-large-aws-v2,1,ip-172-31-20-100,ranking,benchANT
2026-09-21 18:41:40+00:00,system,uptime_format, 0:35,dbms,09-2026,yugabyte-2026111-vanilla-os-large-large-aws-v2,1,ip-172-31-20-100,ranking,benchANT
2026-09-21 18:41:50+00:00,system,uptime_format, 0:35,dbms,09-2026,yugabyte-2026111-vanilla-os-large-large-aws-v2,1,ip-172-31-20-100,ranking,benchANT
2026-09-21 18:42:00+00:00,system,uptime_format, 0:35,dbms,09-2026,yugabyte-2026111-vanilla-os-large-large-aws-v2,1,ip-172-31-20-100,ranking,benchANT
2026-09-21 18:42:10+00:00,system,uptime_format, 0:36,dbms,09-2026,yugabyte-2026111-vanilla-os-large-large-aws-v2,1,ip-172-31-20-100,ranking,benchANT
2026-09-21 18:42:20+00:00,system,uptime_format, 0:36,dbms,09-2026,yugabyte-2026111-vanilla-os-large-large-aws-v2,1,ip-172-31-20-100,ranking,benchANT
2026-09-21 18:42:30+00:00,system,uptime_format, 0:36,dbms,09-2026,yugabyte-2026111-vanilla-os-large-large-aws-v2,1,ip-172-31-20-100,ranking,benchANT
2026-09-21 18:42:40+00:00,system,uptime_format, 0:36,dbms,09-2026,yugabyte-2026111-vanilla-os-large-large-aws-v2,1,ip-172-31-20-100,ranking,benchANT
2026-09-21 18:42:50+00:00,system,uptime_format, 0:36,dbms,09-2026,yugabyte-2026111-vanilla-os-large-large-aws-v2,1,ip-172-31-20-100,ranking,benchANT
2026-09-21 18:43:00+00:00,system,uptime_format, 0:36,dbms,09-2026,yugabyte-2026111-vanilla-os-large-large-aws-v2,1,ip-172-31-20-100,ranking,benchANT
2026-09-21 18:43:10+00:00,system,uptime_format, 0:37,dbms,09-2026,yugabyte-2026111-vanilla-os-large-large-aws-v2,1,ip-172-31-20-100,ranking,benchANT
2026-09-21 18:43:20+00:00,system,uptime_format, 0:37,dbms,09-2026,yugabyte-2026111-vanilla-os-large-large-aws-v2,1,ip-172-31-20-100,ranking,benchANT
2026-09-21 18:43:30+00:00,system,uptime_format, 0:37,dbms,09-2026,yugabyte-2026111-vanilla-os-large-large-aws-v2,1,ip-172-31-20-100,ranking,benchANT
2026-09-21 18:43:40+00:00,system,uptime_format, 0:37,dbms,09-2026,yugabyte-2026111-vanilla-os-large-large-aws-v2,1,ip-172-31-20-100,ranking,benchANT
2026-09-21 18:43:50+00:00,system,uptime_format, 0:37,dbms,09-2026,yugabyte-2026111-vanilla-os-large-large-aws-v2,1,ip-172-31-20-100,ranking,benchANT
2026-09-21 18:44:00+00:00,system,uptime_format, 0:37,dbms,09-2026,yugabyte-2026111-vanilla-os-large-large-aws-v2,1,ip-172-31-20-100,ranking,benchANT
2026-09-21 18:44:10+00:00,system,uptime_format, 0:38,dbms,09-2026,yugabyte-2026111-vanilla-os-large-large-aws-v2,1,ip-172-31-20-100,ranking,benchANT
2026-09-21 18:44:20+00:00,system,uptime_format, 0:38,dbms,09-2026,yugabyte-2026111-vanilla-os-large-large-aws-v2,1,ip-172-31-20-100,ranking,benchANT
2026-09-21 18:44:30+00:00,system,uptime_format, 0:38,dbms,09-2026,yugabyte-2026111-vanilla-os-large-large-aws-v2,1,ip-172-31-20-100,ranking,benchANT
2026-09-21 18:44:40+00:00,system,uptime_format, 0:38,dbms,09-2026,yugabyte-2026111-vanilla-os-large-large-aws-v2,1,ip-172-31-20-100,ranking,benchANT
2026-09-21 18:44:50+00:00,system,uptime_format, 0:38,dbms,09-2026,yugabyte-2026111-vanilla-os-large-large-aws-v2,1,ip-172-31-20-100,ranking,benchANT
2026-09-21 18:45:00+00:00,system,uptime_format, 0:38,dbms,09-2026,yugabyte-2026111-vanilla-os-large-large-aws-v2,1,ip-172-31-20-100,ranking,benchANT
2026-09-21 18:45:10+00:00,system,uptime_format, 0:39,dbms,09-2026,yugabyte-2026111-vanilla-os-large-large-aws-v2,1,ip-172-31-20-100,ranking,benchANT
2026-09-21 18:45:20+00:00,system,uptime_format, 0:39,dbms,09-2026,yugabyte-2026111-vanilla-os-large-large-aws-v2,1,ip-172-31-20-100,ranking,benchANT
2026-09-21 18:45:30+00:00,system,uptime_format, 0:39,dbms,09-2026,yugabyte-2026111-vanilla-os-large-large-aws-v2,1,ip-172-31-20-100,ranking,benchANT
2026-09-21 18:45:40+00:00,system,uptime_format, 0:39,dbms,09-2026,yugabyte-2026111-vanilla-os-large-large-aws-v2,1,ip-172-31-20-100,ranking,benchANT
2026-09-21 18:45:50+00:00,system,uptime_format, 0:39,dbms,09-2026,yugabyte-2026111-vanilla-os-large-large-aws-v2,1,ip-172-31-20-100,ranking,benchANT
2026-09-21 18:46:00+00:00,system,uptime_format, 0:39,dbms,09-2026,yugabyte-2026111-vanilla-os-large-large-aws-v2,1,ip-172-31-20-100,ranking,benchANT
2026-09-21 18:46:10+00:00,system,uptime_format, 0:40,dbms,09-2026,yugabyte-2026111-vanilla-os-large-large-aws-v2,1,ip-172-31-20-100,ranking,benchANT
2026-09-21 18:46:20+00:00,system,uptime_format, 0:40,dbms,09-2026,yugabyte-2026111-vanilla-os-large-large-aws-v2,1,ip-172-31-20-100,ranking,benchANT
2026-09-21 18:46:30+00:00,system,uptime_format, 0:40,dbms,09-2026,yugabyte-2026111-vanilla-os-large-large-aws-v2,1,ip-172-31-20-100,ranking,benchANT
2026-09-21 18:46:40+00:00,system,uptime_format, 0:40,dbms,09-2026,yugabyte-2026111-vanilla-os-large-large-aws-v2,1,ip-172-31-20-100,ranking,benchANT
2026-09-21 18:46:50+00:00,system,uptime_format, 0:40,dbms,09-2026,yugabyte-2026111-vanilla-os-large-large-aws-v2,1,ip-172-31-20-100,ranking,benchANT
2026-09-21 18:47:00+00:00,system,uptime_format, 0:40,dbms,09-2026,yugabyte-2026111-vanilla-os-large-large-aws-v2,1,ip-172-31-20-100,ranking,benchANT
2026-09-21 18:47:10+00:00,system,uptime_format, 0:41,dbms,09-2026,yugabyte-2026111-vanilla-os-large-large-aws-v2,1,ip-172-31-20-100,ranking,benchANT
2026-09-21 18:47:20+00:00,system,uptime_format, 0:41,dbms,09-2026,yugabyte-2026111-vanilla-os-large-large-aws-v2,1,ip-172-31-20-100,ranking,benchANT
2026-09-21 18:47:30+00:00,system,uptime_format, 0:41,dbms,09-2026,yugabyte-2026111-vanilla-os-large-large-aws-v2,1,ip-172-31-20-100,ranking,benchANT
2026-09-21 18:47:40+00:00,system,uptime_format, 0:41,dbms,09-2026,yugabyte-2026111-vanilla-os-large-large-aws-v2,1,ip-172-31-20-100,ranking,benchANT
2026-09-21 18:47:50+00:00,system,uptime_format, 0:41,dbms,09-2026,yugabyte-2026111-vanilla-os-large-large-aws-v2,1,ip-172-31-20-100,ranking,benchANT
2026-09-21 18:48:00+00:00,system,uptime_format, 0:41,dbms,09-2026,yugabyte-2026111-vanilla-os-large-large-aws-v2,1,ip-172-31-20-100,ranking,benchANT
2026-09-21 18:48:10+00:00,system,uptime_format, 0:42,dbms,09-2026,yugabyte-2026111-vanilla-os-large-large-aws-v2,1,ip-172-31-20-100,ranking,benchANT
2026-09-21 18:48:20+00:00,system,uptime_format, 0:42,dbms,09-2026,yugabyte-2026111-vanilla-os-large-large-aws-v2,1,ip-172-31-20-100,ranking,benchANT
2026-09-21 18:48:30+00:00,system,uptime_format, 0:42,dbms,09-2026,yugabyte-2026111-vanilla-os-large-large-aws-v2,1,ip-172-31-20-100,ranking,benchANT
2026-09-21 18:48:40+00:00,system,uptime_format, 0:42,dbms,09-2026,yugabyte-2026111-vanilla-os-large-large-aws-v2,1,ip-172-31-20-100,ranking,benchANT
2026-09-21 18:24:20+00:00,system,load1,2.17,dbms,09-2026,yugabyte-2026111-vanilla-os-large-large-aws-v2,1,ip-172-31-20-156,ranking,benchANT
2026-09-21 18:24:30+00:00,system,load1,5.24,dbms,09-2026,yugabyte-2026111-vanilla-os-large-large-aws-v2,1,ip-172-31-20-156,ranking,benchANT
2026-09-21 18:24:40+00:00,system,load1,9.56,dbms,09-2026,yugabyte-2026111-vanilla-os-large-large-aws-v2,1,ip-172-31-20-156,ranking,benchANT
2026-09-21 18:24:50+00:00,system,load1,12.41,dbms,09-2026,yugabyte-2026111-vanilla-os-large-large-aws-v2,1,ip-172-31-20-156,ranking,benchANT
2026-09-21 18:25:00+00:00,system,load1,15.46,dbms,09-2026,yugabyte-2026111-vanilla-os-large-large-aws-v2,1,ip-172-31-20-156,ranking,benchANT
2026-09-21 18:25:10+00:00,system,load1,15.16,dbms,09-2026,yugabyte-2026111-vanilla-os-large-large-aws-v2,1,ip-172-31-20-156,ranking,benchANT
2026-09-21 18:25:20+00:00,system,load1,16.8,dbms,09-2026,yugabyte-2026111-vanilla-os-large-large-aws-v2,1,ip-172-31-20-156,ranking,benchANT
2026-09-21 18:25:30+00:00,system,load1,19.3,dbms,09-2026,yugabyte-2026111-vanilla-os-large-large-aws-v2,1,ip-172-31-20-156,ranking,benchANT
2026-09-21 18:25:40+00:00,system,load1,21.46,dbms,09-2026,yugabyte-2026111-vanilla-os-large-large-aws-v2,1,ip-172-31-20-156,ranking,benchANT
2026-09-21 18:25:50+00:00,system,load1,21.93,dbms,09-2026,yugabyte-2026111-vanilla-os-large-large-aws-v2,1,ip-172-31-20-156,ranking,benchANT
2026-09-21 18:26:00+00:00,system,load1,24.49,dbms,09-2026,yugabyte-2026111-vanilla-os-large-large-aws-v2,1,ip-172-31-20-156,ranking,benchANT
2026-09-21 18:26:10+00:00,system,load1,24.37,dbms,09-2026,yugabyte-2026111-vanilla-os-large-large-aws-v2,1,ip-172-31-20-156,ranking,benchANT
2026-09-21 18:26:20+00:00,system,load1,24.93,dbms,09-2026,yugabyte-2026111-vanilla-os-large-large-aws-v2,1,ip-172-31-20-156,ranking,benchANT
2026-09-21 18:26:30+00:00,system,load1,24.76,dbms,09-2026,yugabyte-2026111-vanilla-os-large-large-aws-v2,1,ip-172-31-20-156,ranking,benchANT
2026-09-21 18:26:40+00:00,system,load1,25.47,dbms,09-2026,yugabyte-2026111-vanilla-os-large-large-aws-v2,1,ip-172-31-20-156,ranking,benchANT
2026-09-21 18:26:50+00:00,system,load1,25.92,dbms,09-2026,yugabyte-2026111-vanilla-os-large-large-aws-v2,1,ip-172-31-20-156,ranking,benchANT
2026-09-21 18:27:00+00:00,system,load1,26.16,dbms,09-2026,yugabyte-2026111-vanilla-os-large-large-aws-v2,1,ip-172-31-20-156,ranking,benchANT
2026-09-21 18:27:10+00:00,system,load1,27.92,dbms,09-2026,yugabyte-2026111-vanilla-os-large-large-aws-v2,1,ip-172-31-20-156,ranking,benchANT
2026-09-21 18:27:20+00:00,system,load1,28.41,dbms,09-2026,yugabyte-2026111-vanilla-os-large-large-aws-v2,1,ip-172-31-20-156,ranking,benchANT
2026-09-21 18:27:30+00:00,system,load1,27.5,dbms,09-2026,yugabyte-2026111-vanilla-os-large-large-aws-v2,1,ip-172-31-20-156,ranking,benchANT
2026-09-21 18:27:40+00:00,system,load1,28.49,dbms,09-2026,yugabyte-2026111-vanilla-os-large-large-aws-v2,1,ip-172-31-20-156,ranking,benchANT
2026-09-21 18:27:50+00:00,system,load1,27.71,dbms,09-2026,yugabyte-2026111-vanilla-os-large-large-aws-v2,1,ip-172-31-20-156,ranking,benchANT
2026-09-21 18:28:00+00:00,system,load1,28.31,dbms,09-2026,yugabyte-2026111-vanilla-os-large-large-aws-v2,1,ip-172-31-20-156,ranking,benchANT
2026-09-21 18:28:10+00:00,system,load1,27.63,dbms,09-2026,yugabyte-2026111-vanilla-os-large-large-aws-v2,1,ip-172-31-20-156,ranking,benchANT
2026-09-21 18:28:20+00:00,system,load1,26.71,dbms,09-2026,yugabyte-2026111-vanilla-os-large-large-aws-v2,1,ip-172-31-20-156,ranking,benchANT
2026-09-21 18:28:30+00:00,system,load1,27.89,dbms,09-2026,yugabyte-2026111-vanilla-os-large-large-aws-v2,1,ip-172-31-20-156,ranking,benchANT
2026-09-21 18:28:40+00:00,system,load1,28.49,dbms,09-2026,yugabyte-2026111-vanilla-os-large-large-aws-v2,1,ip-172-31-20-156,ranking,benchANT
2026-09-21 18:28:50+00:00,system,load1,29.65,dbms,09-2026,yugabyte-2026111-vanilla-os-large-large-aws-v2,1,ip-172-31-20-156,ranking,benchANT
2026-09-21 18:29:00+00:00,system,load1,30.75,dbms,09-2026,yugabyte-2026111-vanilla-os-large-large-aws-v2,1,ip-172-31-20-156,ranking,benchANT
2026-09-21 18:29:10+00:00,system,load1,28.94,dbms,09-2026,yugabyte-2026111-vanilla-os-large-large-aws-v2,1,ip-172-31-20-156,ranking,benchANT
2026-09-21 18:29:20+00:00,system,load1,30.9,dbms,09-2026,yugabyte-2026111-vanilla-os-large-large-aws-v2,1,ip-172-31-20-156,ranking,benchANT
2026-09-21 18:29:30+00:00,system,load1,29.47,dbms,09-2026,yugabyte-2026111-vanilla-os-large-large-aws-v2,1,ip-172-31-20-156,ranking,benchANT
2026-09-21 18:29:40+00:00,system,load1,28.23,dbms,09-2026,yugabyte-2026111-vanilla-os-large-large-aws-v2,1,ip-172-31-20-156,ranking,benchANT
2026-09-21 18:29:50+00:00,system,load1,26.28,dbms,09-2026,yugabyte-2026111-vanilla-os-large-large-aws-v2,1,ip-172-31-20-156,ranking,benchANT
2026-09-21 18:30:00+00:00,system,load1,26.25,dbms,09-2026,yugabyte-2026111-vanilla-os-large-large-aws-v2,1,ip-172-31-20-156,ranking,benchANT
2026-09-21 18:30:10+00:00,system,load1,28.14,dbms,09-2026,yugabyte-2026111-vanilla-os-large-large-aws-v2,1,ip-172-31-20-156,ranking,benchANT
2026-09-21 18:30:20+00:00,system,load1,27.89,dbms,09-2026,yugabyte-2026111-vanilla-os-large-large-aws-v2,1,ip-172-31-20-156,ranking,benchANT
2026-09-21 18:30:30+00:00,system,load1,29.62,dbms,09-2026,yugabyte-2026111-vanilla-os-large-large-aws-v2,1,ip-172-31-20-156,ranking,benchANT
2026-09-21 18:30:40+00:00,system,load1,28.87,dbms,09-2026,yugabyte-2026111-vanilla-os-large-large-aws-v2,1,ip-172-31-20-156,ranking,benchANT
2026-09-21 18:30:50+00:00,system,load1,28.38,dbms,09-2026,yugabyte-2026111-vanilla-os-large-large-aws-v2,1,ip-172-31-20-156,ranking,benchANT
2026-09-21 18:31:00+00:00,system,load1,29.05,dbms,09-2026,yugabyte-2026111-vanilla-os-large-large-aws-v2,1,ip-172-31-20-156,ranking,benchANT
2026-09-21 18:31:10+00:00,system,load1,30.65,dbms,09-2026,yugabyte-2026111-vanilla-os-large-large-aws-v2,1,ip-172-31-20-156,ranking,benchANT
2026-09-21 18:31:20+00:00,system,load1,30.38,dbms,09-2026,yugabyte-2026111-vanilla-os-large-large-aws-v2,1,ip-172-31-20-156,ranking,benchANT
2026-09-21 18:31:30+00:00,system,load1,30.73,dbms,09-2026,yugabyte-2026111-vanilla-os-large-large-aws-v2,1,ip-172-31-20-156,ranking,benchANT
2026-09-21 18:31:40+00:00,system,load1,32.45,dbms,09-2026,yugabyte-2026111-vanilla-os-large-large-aws-v2,1,ip-172-31-20-156,ranking,benchANT
2026-09-21 18:31:50+00:00,system,load1,31.78,dbms,09-2026,yugabyte-2026111-vanilla-os-large-large-aws-v2,1,ip-172-31-20-156,ranking,benchANT
2026-09-21 18:32:00+00:00,system,load1,29.55,dbms,09-2026,yugabyte-2026111-vanilla-os-large-large-aws-v2,1,ip-172-31-20-156,ranking,benchANT
2026-09-21 18:32:10+00:00,system,load1,26.81,dbms,09-2026,yugabyte-2026111-vanilla-os-large-large-aws-v2,1,ip-172-31-20-156,ranking,benchANT
2026-09-21 18:32:20+00:00,system,load1,26.88,dbms,09-2026,yugabyte-2026111-vanilla-os-large-large-aws-v2,1,ip-172-31-20-156,ranking,benchANT
2026-09-21 18:32:30+00:00,system,load1,27.31,dbms,09-2026,yugabyte-2026111-vanilla-os-large-large-aws-v2,1,ip-172-31-20-156,ranking,benchANT
2026-09-21 18:32:40+00:00,system,load1,26.79,dbms,09-2026,yugabyte-2026111-vanilla-os-large-large-aws-v2,1,ip-172-31-20-156,ranking,benchANT
2026-09-21 18:32:50+00:00,system,load1,28.6,dbms,09-2026,yugabyte-2026111-vanilla-os-large-large-aws-v2,1,ip-172-31-20-156,ranking,benchANT
2026-09-21 18:33:00+00:00,system,load1,29.98,dbms,09-2026,yugabyte-2026111-vanilla-os-large-large-aws-v2,1,ip-172-31-20-156,ranking,benchANT
2026-09-21 18:33:10+00:00,system,load1,31.69,dbms,09-2026,yugabyte-2026111-vanilla-os-large-large-aws-v2,1,ip-172-31-20-156,ranking,benchANT
2026-09-21 18:33:20+00:00,system,load1,31.09,dbms,09-2026,yugabyte-2026111-vanilla-os-large-large-aws-v2,1,ip-172-31-20-156,ranking,benchANT
2026-09-21 18:33:30+00:00,system,load1,30.63,dbms,09-2026,yugabyte-2026111-vanilla-os-large-large-aws-v2,1,ip-172-31-20-156,ranking,benchANT
2026-09-21 18:33:40+00:00,system,load1,29.46,dbms,09-2026,yugabyte-2026111-vanilla-os-large-large-aws-v2,1,ip-172-31-20-156,ranking,benchANT
2026-09-21 18:33:50+00:00,system,load1,29.3,dbms,09-2026,yugabyte-2026111-vanilla-os-large-large-aws-v2,1,ip-172-31-20-156,ranking,benchANT
2026-09-21 18:34:00+00:00,system,load1,28.16,dbms,09-2026,yugabyte-2026111-vanilla-os-large-large-aws-v2,1,ip-172-31-20-156,ranking,benchANT
2026-09-21 18:34:10+00:00,system,load1,29.44,dbms,09-2026,yugabyte-2026111-vanilla-os-large-large-aws-v2,1,ip-172-31-20-156,ranking,benchANT
2026-09-21 18:34:20+00:00,system,load1,29.25,dbms,09-2026,yugabyte-2026111-vanilla-os-large-large-aws-v2,1,ip-172-31-20-156,ranking,benchANT
2026-09-21 18:34:30+00:00,system,load1,30.77,dbms,09-2026,yugabyte-2026111-vanilla-os-large-large-aws-v2,1,ip-172-31-20-156,ranking,benchANT
2026-09-21 18:34:40+00:00,system,load1,31.08,dbms,09-2026,yugabyte-2026111-vanilla-os-large-large-aws-v2,1,ip-172-31-20-156,ranking,benchANT
2026-09-21 18:34:50+00:00,system,load1,29.53,dbms,09-2026,yugabyte-2026111-vanilla-os-large-large-aws-v2,1,ip-172-31-20-156,ranking,benchANT
2026-09-21 18:35:00+00:00,system,load1,30.43,dbms,09-2026,yugabyte-2026111-vanilla-os-large-large-aws-v2,1,ip-172-31-20-156,ranking,benchANT
2026-09-21 18:35:10+00:00,system,load1,31.43,dbms,09-2026,yugabyte-2026111-vanilla-os-large-large-aws-v2,1,ip-172-31-20-156,ranking,benchANT
2026-09-21 18:35:20+00:00,system,load1,31.43,dbms,09-2026,yugabyte-2026111-vanilla-os-large-large-aws-v2,1,ip-172-31-20-156,ranking,benchANT
2026-09-21 18:35:30+00:00,system,load1,32.23,dbms,09-2026,yugabyte-2026111-vanilla-os-large-large-aws-v2,1,ip-172-31-20-156,ranking,benchANT
2026-09-21 18:35:40+00:00,system,load1,32.9,dbms,09-2026,yugabyte-2026111-vanilla-os-large-large-aws-v2,1,ip-172-31-20-156,ranking,benchANT
2026-09-21 18:35:50+00:00,system,load1,31.74,dbms,09-2026,yugabyte-2026111-vanilla-os-large-large-aws-v2,1,ip-172-31-20-156,ranking,benchANT
2026-09-21 18:36:00+00:00,system,load1,33.04,dbms,09-2026,yugabyte-2026111-vanilla-os-large-large-aws-v2,1,ip-172-31-20-156,ranking,benchANT
2026-09-21 18:36:10+00:00,system,load1,33.35,dbms,09-2026,yugabyte-2026111-vanilla-os-large-large-aws-v2,1,ip-172-31-20-156,ranking,benchANT
2026-09-21 18:36:20+00:00,system,load1,32.0,dbms,09-2026,yugabyte-2026111-vanilla-os-large-large-aws-v2,1,ip-172-31-20-156,ranking,benchANT
2026-09-21 18:36:30+00:00,system,load1,30.45,dbms,09-2026,yugabyte-2026111-vanilla-os-large-large-aws-v2,1,ip-172-31-20-156,ranking,benchANT
2026-09-21 18:36:40+00:00,system,load1,30.2,dbms,09-2026,yugabyte-2026111-vanilla-os-large-large-aws-v2,1,ip-172-31-20-156,ranking,benchANT
2026-09-21 18:36:50+00:00,system,load1,29.08,dbms,09-2026,yugabyte-2026111-vanilla-os-large-large-aws-v2,1,ip-172-31-20-156,ranking,benchANT
2026-09-21 18:37:00+00:00,system,load1,29.37,dbms,09-2026,yugabyte-2026111-vanilla-os-large-large-aws-v2,1,ip-172-31-20-156,ranking,benchANT
2026-09-21 18:37:10+00:00,system,load1,30.53,dbms,09-2026,yugabyte-2026111-vanilla-os-large-large-aws-v2,1,ip-172-31-20-156,ranking,benchANT
2026-09-21 18:37:20+00:00,system,load1,31.16,dbms,09-2026,yugabyte-2026111-vanilla-os-large-large-aws-v2,1,ip-172-31-20-156,ranking,benchANT
2026-09-21 18:37:30+00:00,system,load1,31.23,dbms,09-2026,yugabyte-2026111-vanilla-os-large-large-aws-v2,1,ip-172-31-20-156,ranking,benchANT
2026-09-21 18:37:40+00:00,system,load1,31.48,dbms,09-2026,yugabyte-2026111-vanilla-os-large-large-aws-v2,1,ip-172-31-20-156,ranking,benchANT
2026-09-21 18:37:50+00:00,system,load1,30.89,dbms,09-2026,yugabyte-2026111-vanilla-os-large-large-aws-v2,1,ip-172-31-20-156,ranking,benchANT
2026-09-21 18:38:00+00:00,system,load1,31.52,dbms,09-2026,yugabyte-2026111-vanilla-os-large-large-aws-v2,1,ip-172-31-20-156,ranking,benchANT
2026-09-21 18:38:10+00:00,system,load1,29.46,dbms,09-2026,yugabyte-2026111-vanilla-os-large-large-aws-v2,1,ip-172-31-20-156,ranking,benchANT
2026-09-21 18:38:20+00:00,system,load1,31.09,dbms,09-2026,yugabyte-2026111-vanilla-os-large-large-aws-v2,1,ip-172-31-20-156,ranking,benchANT
2026-09-21 18:38:30+00:00,system,load1,30.84,dbms,09-2026,yugabyte-2026111-vanilla-os-large-large-aws-v2,1,ip-172-31-20-156,ranking,benchANT
2026-09-21 18:38:40+00:00,system,load1,31.0,dbms,09-2026,yugabyte-2026111-vanilla-os-large-large-aws-v2,1,ip-172-31-20-156,ranking,benchANT
2026-09-21 18:38:50+00:00,system,load1,31.15,dbms,09-2026,yugabyte-2026111-vanilla-os-large-large-aws-v2,1,ip-172-31-20-156,ranking,benchANT
2026-09-21 18:39:00+00:00,system,load1,29.17,dbms,09-2026,yugabyte-2026111-vanilla-os-large-large-aws-v2,1,ip-172-31-20-156,ranking,benchANT
2026-09-21 18:39:10+00:00,system,load1,28.69,dbms,09-2026,yugabyte-2026111-vanilla-os-large-large-aws-v2,1,ip-172-31-20-156,ranking,benchANT
2026-09-21 18:39:20+00:00,system,load1,27.75,dbms,09-2026,yugabyte-2026111-vanilla-os-large-large-aws-v2,1,ip-172-31-20-156,ranking,benchANT
2026-09-21 18:39:30+00:00,system,load1,27.81,dbms,09-2026,yugabyte-2026111-vanilla-os-large-large-aws-v2,1,ip-172-31-20-156,ranking,benchANT
2026-09-21 18:39:40+00:00,system,load1,29.24,dbms,09-2026,yugabyte-2026111-vanilla-os-large-large-aws-v2,1,ip-172-31-20-156,ranking,benchANT
2026-09-21 18:39:50+00:00,system,load1,28.9,dbms,09-2026,yugabyte-2026111-vanilla-os-large-large-aws-v2,1,ip-172-31-20-156,ranking,benchANT
2026-09-21 18:40:00+00:00,system,load1,30.25,dbms,09-2026,yugabyte-2026111-vanilla-os-large-large-aws-v2,1,ip-172-31-20-156,ranking,benchANT
2026-09-21 18:40:10+00:00,system,load1,30.03,dbms,09-2026,yugabyte-2026111-vanilla-os-large-large-aws-v2,1,ip-172-31-20-156,ranking,benchANT
2026-09-21 18:40:20+00:00,system,load1,32.82,dbms,09-2026,yugabyte-2026111-vanilla-os-large-large-aws-v2,1,ip-172-31-20-156,ranking,benchANT
2026-09-21 18:40:30+00:00,system,load1,30.84,dbms,09-2026,yugabyte-2026111-vanilla-os-large-large-aws-v2,1,ip-172-31-20-156,ranking,benchANT
2026-09-21 18:40:40+00:00,system,load1,33.01,dbms,09-2026,yugabyte-2026111-vanilla-os-large-large-aws-v2,1,ip-172-31-20-156,ranking,benchANT
2026-09-21 18:40:50+00:00,system,load1,32.29,dbms,09-2026,yugabyte-2026111-vanilla-os-large-large-aws-v2,1,ip-172-31-20-156,ranking,benchANT
2026-09-21 18:41:00+00:00,system,load1,31.55,dbms,09-2026,yugabyte-2026111-vanilla-os-large-large-aws-v2,1,ip-172-31-20-156,ranking,benchANT
2026-09-21 18:41:10+00:00,system,load1,29.11,dbms,09-2026,yugabyte-2026111-vanilla-os-large-large-aws-v2,1,ip-172-31-20-156,ranking,benchANT
2026-09-21 18:41:20+00:00,system,load1,29.35,dbms,09-2026,yugabyte-2026111-vanilla-os-large-large-aws-v2,1,ip-172-31-20-156,ranking,benchANT
2026-09-21 18:41:30+00:00,system,load1,31.0,dbms,09-2026,yugabyte-2026111-vanilla-os-large-large-aws-v2,1,ip-172-31-20-156,ranking,benchANT
2026-09-21 18:41:40+00:00,system,load1,32.87,dbms,09-2026,yugabyte-2026111-vanilla-os-large-large-aws-v2,1,ip-172-31-20-156,ranking,benchANT
2026-09-21 18:41:50+00:00,system,load1,33.47,dbms,09-2026,yugabyte-2026111-vanilla-os-large-large-aws-v2,1,ip-172-31-20-156,ranking,benchANT
2026-09-21 18:42:00+00:00,system,load1,32.24,dbms,09-2026,yugabyte-2026111-vanilla-os-large-large-aws-v2,1,ip-172-31-20-156,ranking,benchANT
2026-09-21 18:42:10+00:00,system,load1,32.82,dbms,09-2026,yugabyte-2026111-vanilla-os-large-large-aws-v2,1,ip-172-31-20-156,ranking,benchANT
2026-09-21 18:42:20+00:00,system,load1,34.05,dbms,09-2026,yugabyte-2026111-vanilla-os-large-large-aws-v2,1,ip-172-31-20-156,ranking,benchANT
2026-09-21 18:42:30+00:00,system,load1,32.3,dbms,09-2026,yugabyte-2026111-vanilla-os-large-large-aws-v2,1,ip-172-31-20-156,ranking,benchANT
2026-09-21 18:42:40+00:00,system,load1,32.61,dbms,09-2026,yugabyte-2026111-vanilla-os-large-large-aws-v2,1,ip-172-31-20-156,ranking,benchANT
2026-09-21 18:42:50+00:00,system,load1,33.24,dbms,09-2026,yugabyte-2026111-vanilla-os-large-large-aws-v2,1,ip-172-31-20-156,ranking,benchANT
2026-09-21 18:43:00+00:00,system,load1,32.5,dbms,09-2026,yugabyte-2026111-vanilla-os-large-large-aws-v2,1,ip-172-31-20-156,ranking,benchANT
2026-09-21 18:43:10+00:00,system,load1,31.53,dbms,09-2026,yugabyte-2026111-vanilla-os-large-large-aws-v2,1,ip-172-31-20-156,ranking,benchANT
2026-09-21 18:43:20+00:00,system,load1,33.42,dbms,09-2026,yugabyte-2026111-vanilla-os-large-large-aws-v2,1,ip-172-31-20-156,ranking,benchANT
2026-09-21 18:43:30+00:00,system,load1,30.55,dbms,09-2026,yugabyte-2026111-vanilla-os-large-large-aws-v2,1,ip-172-31-20-156,ranking,benchANT
2026-09-21 18:43:40+00:00,system,load1,31.03,dbms,09-2026,yugabyte-2026111-vanilla-os-large-large-aws-v2,1,ip-172-31-20-156,ranking,benchANT
2026-09-21 18:43:50+00:00,system,load1,30.97,dbms,09-2026,yugabyte-2026111-vanilla-os-large-large-aws-v2,1,ip-172-31-20-156,ranking,benchANT
2026-09-21 18:44:00+00:00,system,load1,30.5,dbms,09-2026,yugabyte-2026111-vanilla-os-large-large-aws-v2,1,ip-172-31-20-156,ranking,benchANT
2026-09-21 18:44:10+00:00,system,load1,31.52,dbms,09-2026,yugabyte-2026111-vanilla-os-large-large-aws-v2,1,ip-172-31-20-156,ranking,benchANT
2026-09-21 18:44:20+00:00,system,load1,32.67,dbms,09-2026,yugabyte-2026111-vanilla-os-large-large-aws-v2,1,ip-172-31-20-156,ranking,benchANT
2026-09-21 18:44:30+00:00,system,load1,33.92,dbms,09-2026,yugabyte-2026111-vanilla-os-large-large-aws-v2,1,ip-172-31-20-156,ranking,benchANT
2026-09-21 18:44:40+00:00,system,load1,33.49,dbms,09-2026,yugabyte-2026111-vanilla-os-large-large-aws-v2,1,ip-172-31-20-156,ranking,benchANT
2026-09-21 18:44:50+00:00,system,load1,32.27,dbms,09-2026,yugabyte-2026111-vanilla-os-large-large-aws-v2,1,ip-172-31-20-156,ranking,benchANT
2026-09-21 18:45:00+00:00,system,load1,30.38,dbms,09-2026,yugabyte-2026111-vanilla-os-large-large-aws-v2,1,ip-172-31-20-156,ranking,benchANT
2026-09-21 18:45:10+00:00,system,load1,31.16,dbms,09-2026,yugabyte-2026111-vanilla-os-large-large-aws-v2,1,ip-172-31-20-156,ranking,benchANT
2026-09-21 18:45:20+00:00,system,load1,30.81,dbms,09-2026,yugabyte-2026111-vanilla-os-large-large-aws-v2,1,ip-172-31-20-156,ranking,benchANT
2026-09-21 18:45:30+00:00,system,load1,29.35,dbms,09-2026,yugabyte-2026111-vanilla-os-large-large-aws-v2,1,ip-172-31-20-156,ranking,benchANT
2026-09-21 18:45:40+00:00,system,load1,29.97,dbms,09-2026,yugabyte-2026111-vanilla-os-large-large-aws-v2,1,ip-172-31-20-156,ranking,benchANT
2026-09-21 18:45:50+00:00,system,load1,29.99,dbms,09-2026,yugabyte-2026111-vanilla-os-large-large-aws-v2,1,ip-172-31-20-156,ranking,benchANT
2026-09-21 18:46:00+00:00,system,load1,27.2,dbms,09-2026,yugabyte-2026111-vanilla-os-large-large-aws-v2,1,ip-172-31-20-156,ranking,benchANT
2026-09-21 18:46:10+00:00,system,load1,30.67,dbms,09-2026,yugabyte-2026111-vanilla-os-large-large-aws-v2,1,ip-172-31-20-156,ranking,benchANT
2026-09-21 18:46:20+00:00,system,load1,29.24,dbms,09-2026,yugabyte-2026111-vanilla-os-large-large-aws-v2,1,ip-172-31-20-156,ranking,benchANT
2026-09-21 18:46:30+00:00,system,load1,28.77,dbms,09-2026,yugabyte-2026111-vanilla-os-large-large-aws-v2,1,ip-172-31-20-156,ranking,benchANT
2026-09-21 18:46:40+00:00,system,load1,29.26,dbms,09-2026,yugabyte-2026111-vanilla-os-large-large-aws-v2,1,ip-172-31-20-156,ranking,benchANT
2026-09-21 18:46:50+00:00,system,load1,28.53,dbms,09-2026,yugabyte-2026111-vanilla-os-large-large-aws-v2,1,ip-172-31-20-156,ranking,benchANT
2026-09-21 18:47:00+00:00,system,load1,30.29,dbms,09-2026,yugabyte-2026111-vanilla-os-large-large-aws-v2,1,ip-172-31-20-156,ranking,benchANT
2026-09-21 18:47:10+00:00,system,load1,31.51,dbms,09-2026,yugabyte-2026111-vanilla-os-large-large-aws-v2,1,ip-172-31-20-156,ranking,benchANT
2026-09-21 18:47:20+00:00,system,load1,32.95,dbms,09-2026,yugabyte-2026111-vanilla-os-large-large-aws-v2,1,ip-172-31-20-156,ranking,benchANT
2026-09-21 18:47:30+00:00,system,load1,32.25,dbms,09-2026,yugabyte-2026111-vanilla-os-large-large-aws-v2,1,ip-172-31-20-156,ranking,benchANT
2026-09-21 18:47:40+00:00,system,load1,31.37,dbms,09-2026,yugabyte-2026111-vanilla-os-large-large-aws-v2,1,ip-172-31-20-156,ranking,benchANT
2026-09-21 18:47:50+00:00,system,load1,26.93,dbms,09-2026,yugabyte-2026111-vanilla-os-large-large-aws-v2,1,ip-172-31-20-156,ranking,benchANT
2026-09-21 18:48:00+00:00,system,load1,22.79,dbms,09-2026,yugabyte-2026111-vanilla-os-large-large-aws-v2,1,ip-172-31-20-156,ranking,benchANT
2026-09-21 18:48:10+00:00,system,load1,19.75,dbms,09-2026,yugabyte-2026111-vanilla-os-large-large-aws-v2,1,ip-172-31-20-156,ranking,benchANT
2026-09-21 18:48:20+00:00,system,load1,16.86,dbms,09-2026,yugabyte-2026111-vanilla-os-large-large-aws-v2,1,ip-172-31-20-156,ranking,benchANT
2026-09-21 18:48:30+00:00,system,load1,14.34,dbms,09-2026,yugabyte-2026111-vanilla-os-large-large-aws-v2,1,ip-172-31-20-156,ranking,benchANT
2026-09-21 18:48:40+00:00,system,load1,12.14,dbms,09-2026,yugabyte-2026111-vanilla-os-large-large-aws-v2,1,ip-172-31-20-156,ranking,benchANT
2026-09-21 18:24:20+00:00,system,load15,2.74,dbms,09-2026,yugabyte-2026111-vanilla-os-large-large-aws-v2,1,ip-172-31-20-156,ranking,benchANT
2026-09-21 18:24:30+00:00,system,load15,2.94,dbms,09-2026,yugabyte-2026111-vanilla-os-large-large-aws-v2,1,ip-172-31-20-156,ranking,benchANT
2026-09-21 18:24:40+00:00,system,load15,3.27,dbms,09-2026,yugabyte-2026111-vanilla-os-large-large-aws-v2,1,ip-172-31-20-156,ranking,benchANT
2026-09-21 18:24:50+00:00,system,load15,3.53,dbms,09-2026,yugabyte-2026111-vanilla-os-large-large-aws-v2,1,ip-172-31-20-156,ranking,benchANT
2026-09-21 18:25:00+00:00,system,load15,3.84,dbms,09-2026,yugabyte-2026111-vanilla-os-large-large-aws-v2,1,ip-172-31-20-156,ranking,benchANT
2026-09-21 18:25:10+00:00,system,load15,3.94,dbms,09-2026,yugabyte-2026111-vanilla-os-large-large-aws-v2,1,ip-172-31-20-156,ranking,benchANT
2026-09-21 18:25:20+00:00,system,load15,4.18,dbms,09-2026,yugabyte-2026111-vanilla-os-large-large-aws-v2,1,ip-172-31-20-156,ranking,benchANT
2026-09-21 18:25:30+00:00,system,load15,4.49,dbms,09-2026,yugabyte-2026111-vanilla-os-large-large-aws-v2,1,ip-172-31-20-156,ranking,benchANT
2026-09-21 18:25:40+00:00,system,load15,4.79,dbms,09-2026,yugabyte-2026111-vanilla-os-large-large-aws-v2,1,ip-172-31-20-156,ranking,benchANT
2026-09-21 18:25:50+00:00,system,load15,5.01,dbms,09-2026,yugabyte-2026111-vanilla-os-large-large-aws-v2,1,ip-172-31-20-156,ranking,benchANT
2026-09-21 18:26:00+00:00,system,load15,5.37,dbms,09-2026,yugabyte-2026111-vanilla-os-large-large-aws-v2,1,ip-172-31-20-156,ranking,benchANT
2026-09-21 18:26:10+00:00,system,load15,5.57,dbms,09-2026,yugabyte-2026111-vanilla-os-large-large-aws-v2,1,ip-172-31-20-156,ranking,benchANT
2026-09-21 18:26:20+00:00,system,load15,5.81,dbms,09-2026,yugabyte-2026111-vanilla-os-large-large-aws-v2,1,ip-172-31-20-156,ranking,benchANT
2026-09-21 18:26:30+00:00,system,load15,6.0,dbms,09-2026,yugabyte-2026111-vanilla-os-large-large-aws-v2,1,ip-172-31-20-156,ranking,benchANT
2026-09-21 18:26:40+00:00,system,load15,6.25,dbms,09-2026,yugabyte-2026111-vanilla-os-large-large-aws-v2,1,ip-172-31-20-156,ranking,benchANT
2026-09-21 18:26:50+00:00,system,load15,6.49,dbms,09-2026,yugabyte-2026111-vanilla-os-large-large-aws-v2,1,ip-172-31-20-156,ranking,benchANT
2026-09-21 18:27:00+00:00,system,load15,6.72,dbms,09-2026,yugabyte-2026111-vanilla-os-large-large-aws-v2,1,ip-172-31-20-156,ranking,benchANT
2026-09-21 18:27:10+00:00,system,load15,7.05,dbms,09-2026,yugabyte-2026111-vanilla-os-large-large-aws-v2,1,ip-172-31-20-156,ranking,benchANT
2026-09-21 18:27:20+00:00,system,load15,7.31,dbms,09-2026,yugabyte-2026111-vanilla-os-large-large-aws-v2,1,ip-172-31-20-156,ranking,benchANT
2026-09-21 18:27:30+00:00,system,load15,7.47,dbms,09-2026,yugabyte-2026111-vanilla-os-large-large-aws-v2,1,ip-172-31-20-156,ranking,benchANT
2026-09-21 18:27:40+00:00,system,load15,7.76,dbms,09-2026,yugabyte-2026111-vanilla-os-large-large-aws-v2,1,ip-172-31-20-156,ranking,benchANT
2026-09-21 18:27:50+00:00,system,load15,7.92,dbms,09-2026,yugabyte-2026111-vanilla-os-large-large-aws-v2,1,ip-172-31-20-156,ranking,benchANT
2026-09-21 18:28:00+00:00,system,load15,8.17,dbms,09-2026,yugabyte-2026111-vanilla-os-large-large-aws-v2,1,ip-172-31-20-156,ranking,benchANT
2026-09-21 18:28:10+00:00,system,load15,8.34,dbms,09-2026,yugabyte-2026111-vanilla-os-large-large-aws-v2,1,ip-172-31-20-156,ranking,benchANT
2026-09-21 18:28:20+00:00,system,load15,8.48,dbms,09-2026,yugabyte-2026111-vanilla-os-large-large-aws-v2,1,ip-172-31-20-156,ranking,benchANT
2026-09-21 18:28:30+00:00,system,load15,8.76,dbms,09-2026,yugabyte-2026111-vanilla-os-large-large-aws-v2,1,ip-172-31-20-156,ranking,benchANT
2026-09-21 18:28:40+00:00,system,load15,9.01,dbms,09-2026,yugabyte-2026111-vanilla-os-large-large-aws-v2,1,ip-172-31-20-156,ranking,benchANT
2026-09-21 18:28:50+00:00,system,load15,9.3,dbms,09-2026,yugabyte-2026111-vanilla-os-large-large-aws-v2,1,ip-172-31-20-156,ranking,benchANT
2026-09-21 18:29:00+00:00,system,load15,9.6,dbms,09-2026,yugabyte-2026111-vanilla-os-large-large-aws-v2,1,ip-172-31-20-156,ranking,benchANT
2026-09-21 18:29:10+00:00,system,load15,9.7,dbms,09-2026,yugabyte-2026111-vanilla-os-large-large-aws-v2,1,ip-172-31-20-156,ranking,benchANT
2026-09-21 18:29:20+00:00,system,load15,10.04,dbms,09-2026,yugabyte-2026111-vanilla-os-large-large-aws-v2,1,ip-172-31-20-156,ranking,benchANT
2026-09-21 18:29:30+00:00,system,load15,10.17,dbms,09-2026,yugabyte-2026111-vanilla-os-large-large-aws-v2,1,ip-172-31-20-156,ranking,benchANT
2026-09-21 18:29:40+00:00,system,load15,10.29,dbms,09-2026,yugabyte-2026111-vanilla-os-large-large-aws-v2,1,ip-172-31-20-156,ranking,benchANT
2026-09-21 18:29:50+00:00,system,load15,10.35,dbms,09-2026,yugabyte-2026111-vanilla-os-large-large-aws-v2,1,ip-172-31-20-156,ranking,benchANT
2026-09-21 18:30:00+00:00,system,load15,10.52,dbms,09-2026,yugabyte-2026111-vanilla-os-large-large-aws-v2,1,ip-172-31-20-156,ranking,benchANT
2026-09-21 18:30:10+00:00,system,load15,10.82,dbms,09-2026,yugabyte-2026111-vanilla-os-large-large-aws-v2,1,ip-172-31-20-156,ranking,benchANT
2026-09-21 18:30:20+00:00,system,load15,10.99,dbms,09-2026,yugabyte-2026111-vanilla-os-large-large-aws-v2,1,ip-172-31-20-156,ranking,benchANT
2026-09-21 18:30:30+00:00,system,load15,11.3,dbms,09-2026,yugabyte-2026111-vanilla-os-large-large-aws-v2,1,ip-172-31-20-156,ranking,benchANT
2026-09-21 18:30:40+00:00,system,load15,11.44,dbms,09-2026,yugabyte-2026111-vanilla-os-large-large-aws-v2,1,ip-172-31-20-156,ranking,benchANT
2026-09-21 18:30:50+00:00,system,load15,11.6,dbms,09-2026,yugabyte-2026111-vanilla-os-large-large-aws-v2,1,ip-172-31-20-156,ranking,benchANT
2026-09-21 18:31:00+00:00,system,load15,11.82,dbms,09-2026,yugabyte-2026111-vanilla-os-large-large-aws-v2,1,ip-172-31-20-156,ranking,benchANT
2026-09-21 18:31:10+00:00,system,load15,12.12,dbms,09-2026,yugabyte-2026111-vanilla-os-large-large-aws-v2,1,ip-172-31-20-156,ranking,benchANT
2026-09-21 18:31:20+00:00,system,load15,12.3,dbms,09-2026,yugabyte-2026111-vanilla-os-large-large-aws-v2,1,ip-172-31-20-156,ranking,benchANT
2026-09-21 18:31:30+00:00,system,load15,12.51,dbms,09-2026,yugabyte-2026111-vanilla-os-large-large-aws-v2,1,ip-172-31-20-156,ranking,benchANT
2026-09-21 18:31:40+00:00,system,load15,12.83,dbms,09-2026,yugabyte-2026111-vanilla-os-large-large-aws-v2,1,ip-172-31-20-156,ranking,benchANT
2026-09-21 18:31:50+00:00,system,load15,12.99,dbms,09-2026,yugabyte-2026111-vanilla-os-large-large-aws-v2,1,ip-172-31-20-156,ranking,benchANT
2026-09-21 18:32:00+00:00,system,load15,13.04,dbms,09-2026,yugabyte-2026111-vanilla-os-large-large-aws-v2,1,ip-172-31-20-156,ranking,benchANT
2026-09-21 18:32:10+00:00,system,load15,13.03,dbms,09-2026,yugabyte-2026111-vanilla-os-large-large-aws-v2,1,ip-172-31-20-156,ranking,benchANT
2026-09-21 18:32:20+00:00,system,load15,13.18,dbms,09-2026,yugabyte-2026111-vanilla-os-large-large-aws-v2,1,ip-172-31-20-156,ranking,benchANT
2026-09-21 18:32:30+00:00,system,load15,13.35,dbms,09-2026,yugabyte-2026111-vanilla-os-large-large-aws-v2,1,ip-172-31-20-156,ranking,benchANT
2026-09-21 18:32:40+00:00,system,load15,13.47,dbms,09-2026,yugabyte-2026111-vanilla-os-large-large-aws-v2,1,ip-172-31-20-156,ranking,benchANT
2026-09-21 18:32:50+00:00,system,load15,13.74,dbms,09-2026,yugabyte-2026111-vanilla-os-large-large-aws-v2,1,ip-172-31-20-156,ranking,benchANT
2026-09-21 18:33:00+00:00,system,load15,14.0,dbms,09-2026,yugabyte-2026111-vanilla-os-large-large-aws-v2,1,ip-172-31-20-156,ranking,benchANT
2026-09-21 18:33:10+00:00,system,load15,14.29,dbms,09-2026,yugabyte-2026111-vanilla-os-large-large-aws-v2,1,ip-172-31-20-156,ranking,benchANT
2026-09-21 18:33:20+00:00,system,load15,14.43,dbms,09-2026,yugabyte-2026111-vanilla-os-large-large-aws-v2,1,ip-172-31-20-156,ranking,benchANT
2026-09-21 18:33:30+00:00,system,load15,14.58,dbms,09-2026,yugabyte-2026111-vanilla-os-large-large-aws-v2,1,ip-172-31-20-156,ranking,benchANT
2026-09-21 18:33:40+00:00,system,load15,14.67,dbms,09-2026,yugabyte-2026111-vanilla-os-large-large-aws-v2,1,ip-172-31-20-156,ranking,benchANT
2026-09-21 18:33:50+00:00,system,load15,14.82,dbms,09-2026,yugabyte-2026111-vanilla-os-large-large-aws-v2,1,ip-172-31-20-156,ranking,benchANT
2026-09-21 18:34:00+00:00,system,load15,14.89,dbms,09-2026,yugabyte-2026111-vanilla-os-large-large-aws-v2,1,ip-172-31-20-156,ranking,benchANT
2026-09-21 18:34:10+00:00,system,load15,15.13,dbms,09-2026,yugabyte-2026111-vanilla-os-large-large-aws-v2,1,ip-172-31-20-156,ranking,benchANT
2026-09-21 18:34:20+00:00,system,load15,15.26,dbms,09-2026,yugabyte-2026111-vanilla-os-large-large-aws-v2,1,ip-172-31-20-156,ranking,benchANT
2026-09-21 18:34:30+00:00,system,load15,15.52,dbms,09-2026,yugabyte-2026111-vanilla-os-large-large-aws-v2,1,ip-172-31-20-156,ranking,benchANT
2026-09-21 18:34:40+00:00,system,load15,15.71,dbms,09-2026,yugabyte-2026111-vanilla-os-large-large-aws-v2,1,ip-172-31-20-156,ranking,benchANT
2026-09-21 18:34:50+00:00,system,load15,15.76,dbms,09-2026,yugabyte-2026111-vanilla-os-large-large-aws-v2,1,ip-172-31-20-156,ranking,benchANT
2026-09-21 18:35:00+00:00,system,load15,15.97,dbms,09-2026,yugabyte-2026111-vanilla-os-large-large-aws-v2,1,ip-172-31-20-156,ranking,benchANT
2026-09-21 18:35:10+00:00,system,load15,16.19,dbms,09-2026,yugabyte-2026111-vanilla-os-large-large-aws-v2,1,ip-172-31-20-156,ranking,benchANT
2026-09-21 18:35:20+00:00,system,load15,16.36,dbms,09-2026,yugabyte-2026111-vanilla-os-large-large-aws-v2,1,ip-172-31-20-156,ranking,benchANT
2026-09-21 18:35:30+00:00,system,load15,16.58,dbms,09-2026,yugabyte-2026111-vanilla-os-large-large-aws-v2,1,ip-172-31-20-156,ranking,benchANT
2026-09-21 18:35:40+00:00,system,load15,16.79,dbms,09-2026,yugabyte-2026111-vanilla-os-large-large-aws-v2,1,ip-172-31-20-156,ranking,benchANT
2026-09-21 18:35:50+00:00,system,load15,16.89,dbms,09-2026,yugabyte-2026111-vanilla-os-large-large-aws-v2,1,ip-172-31-20-156,ranking,benchANT
2026-09-21 18:36:00+00:00,system,load15,17.13,dbms,09-2026,yugabyte-2026111-vanilla-os-large-large-aws-v2,1,ip-172-31-20-156,ranking,benchANT
2026-09-21 18:36:10+00:00,system,load15,17.33,dbms,09-2026,yugabyte-2026111-vanilla-os-large-large-aws-v2,1,ip-172-31-20-156,ranking,benchANT
2026-09-21 18:36:20+00:00,system,load15,17.4,dbms,09-2026,yugabyte-2026111-vanilla-os-large-large-aws-v2,1,ip-172-31-20-156,ranking,benchANT
2026-09-21 18:36:30+00:00,system,load15,17.45,dbms,09-2026,yugabyte-2026111-vanilla-os-large-large-aws-v2,1,ip-172-31-20-156,ranking,benchANT
2026-09-21 18:36:40+00:00,system,load15,17.58,dbms,09-2026,yugabyte-2026111-vanilla-os-large-large-aws-v2,1,ip-172-31-20-156,ranking,benchANT
2026-09-21 18:36:50+00:00,system,load15,17.63,dbms,09-2026,yugabyte-2026111-vanilla-os-large-large-aws-v2,1,ip-172-31-20-156,ranking,benchANT
2026-09-21 18:37:00+00:00,system,load15,17.77,dbms,09-2026,yugabyte-2026111-vanilla-os-large-large-aws-v2,1,ip-172-31-20-156,ranking,benchANT
2026-09-21 18:37:10+00:00,system,load15,17.98,dbms,09-2026,yugabyte-2026111-vanilla-os-large-large-aws-v2,1,ip-172-31-20-156,ranking,benchANT
2026-09-21 18:37:20+00:00,system,load15,18.16,dbms,09-2026,yugabyte-2026111-vanilla-os-large-large-aws-v2,1,ip-172-31-20-156,ranking,benchANT
2026-09-21 18:37:30+00:00,system,load15,18.31,dbms,09-2026,yugabyte-2026111-vanilla-os-large-large-aws-v2,1,ip-172-31-20-156,ranking,benchANT
2026-09-21 18:37:40+00:00,system,load15,18.46,dbms,09-2026,yugabyte-2026111-vanilla-os-large-large-aws-v2,1,ip-172-31-20-156,ranking,benchANT
2026-09-21 18:37:50+00:00,system,load15,18.56,dbms,09-2026,yugabyte-2026111-vanilla-os-large-large-aws-v2,1,ip-172-31-20-156,ranking,benchANT
2026-09-21 18:38:00+00:00,system,load15,18.73,dbms,09-2026,yugabyte-2026111-vanilla-os-large-large-aws-v2,1,ip-172-31-20-156,ranking,benchANT
2026-09-21 18:38:10+00:00,system,load15,18.73,dbms,09-2026,yugabyte-2026111-vanilla-os-large-large-aws-v2,1,ip-172-31-20-156,ranking,benchANT
2026-09-21 18:38:20+00:00,system,load15,18.96,dbms,09-2026,yugabyte-2026111-vanilla-os-large-large-aws-v2,1,ip-172-31-20-156,ranking,benchANT
2026-09-21 18:38:30+00:00,system,load15,19.07,dbms,09-2026,yugabyte-2026111-vanilla-os-large-large-aws-v2,1,ip-172-31-20-156,ranking,benchANT
2026-09-21 18:38:40+00:00,system,load15,19.21,dbms,09-2026,yugabyte-2026111-vanilla-os-large-large-aws-v2,1,ip-172-31-20-156,ranking,benchANT
2026-09-21 18:38:50+00:00,system,load15,19.35,dbms,09-2026,yugabyte-2026111-vanilla-os-large-large-aws-v2,1,ip-172-31-20-156,ranking,benchANT
2026-09-21 18:39:00+00:00,system,load15,19.33,dbms,09-2026,yugabyte-2026111-vanilla-os-large-large-aws-v2,1,ip-172-31-20-156,ranking,benchANT
2026-09-21 18:39:10+00:00,system,load15,19.4,dbms,09-2026,yugabyte-2026111-vanilla-os-large-large-aws-v2,1,ip-172-31-20-156,ranking,benchANT
2026-09-21 18:39:20+00:00,system,load15,19.44,dbms,09-2026,yugabyte-2026111-vanilla-os-large-large-aws-v2,1,ip-172-31-20-156,ranking,benchANT
2026-09-21 18:39:30+00:00,system,load15,19.53,dbms,09-2026,yugabyte-2026111-vanilla-os-large-large-aws-v2,1,ip-172-31-20-156,ranking,benchANT
2026-09-21 18:39:40+00:00,system,load15,19.72,dbms,09-2026,yugabyte-2026111-vanilla-os-large-large-aws-v2,1,ip-172-31-20-156,ranking,benchANT
2026-09-21 18:39:50+00:00,system,load15,19.8,dbms,09-2026,yugabyte-2026111-vanilla-os-large-large-aws-v2,1,ip-172-31-20-156,ranking,benchANT
2026-09-21 18:40:00+00:00,system,load15,19.99,dbms,09-2026,yugabyte-2026111-vanilla-os-large-large-aws-v2,1,ip-172-31-20-156,ranking,benchANT
2026-09-21 18:40:10+00:00,system,load15,20.08,dbms,09-2026,yugabyte-2026111-vanilla-os-large-large-aws-v2,1,ip-172-31-20-156,ranking,benchANT
2026-09-21 18:40:20+00:00,system,load15,20.38,dbms,09-2026,yugabyte-2026111-vanilla-os-large-large-aws-v2,1,ip-172-31-20-156,ranking,benchANT
2026-09-21 18:40:30+00:00,system,load15,20.38,dbms,09-2026,yugabyte-2026111-vanilla-os-large-large-aws-v2,1,ip-172-31-20-156,ranking,benchANT
2026-09-21 18:40:40+00:00,system,load15,20.65,dbms,09-2026,yugabyte-2026111-vanilla-os-large-large-aws-v2,1,ip-172-31-20-156,ranking,benchANT
2026-09-21 18:40:50+00:00,system,load15,20.73,dbms,09-2026,yugabyte-2026111-vanilla-os-large-large-aws-v2,1,ip-172-31-20-156,ranking,benchANT
2026-09-21 18:41:00+00:00,system,load15,20.81,dbms,09-2026,yugabyte-2026111-vanilla-os-large-large-aws-v2,1,ip-172-31-20-156,ranking,benchANT
2026-09-21 18:41:10+00:00,system,load15,20.75,dbms,09-2026,yugabyte-2026111-vanilla-os-large-large-aws-v2,1,ip-172-31-20-156,ranking,benchANT
2026-09-21 18:41:20+00:00,system,load15,20.86,dbms,09-2026,yugabyte-2026111-vanilla-os-large-large-aws-v2,1,ip-172-31-20-156,ranking,benchANT
2026-09-21 18:41:30+00:00,system,load15,21.07,dbms,09-2026,yugabyte-2026111-vanilla-os-large-large-aws-v2,1,ip-172-31-20-156,ranking,benchANT
2026-09-21 18:41:40+00:00,system,load15,21.31,dbms,09-2026,yugabyte-2026111-vanilla-os-large-large-aws-v2,1,ip-172-31-20-156,ranking,benchANT
2026-09-21 18:41:50+00:00,system,load15,21.47,dbms,09-2026,yugabyte-2026111-vanilla-os-large-large-aws-v2,1,ip-172-31-20-156,ranking,benchANT
2026-09-21 18:42:00+00:00,system,load15,21.52,dbms,09-2026,yugabyte-2026111-vanilla-os-large-large-aws-v2,1,ip-172-31-20-156,ranking,benchANT
2026-09-21 18:42:10+00:00,system,load15,21.67,dbms,09-2026,yugabyte-2026111-vanilla-os-large-large-aws-v2,1,ip-172-31-20-156,ranking,benchANT
2026-09-21 18:42:20+00:00,system,load15,21.88,dbms,09-2026,yugabyte-2026111-vanilla-os-large-large-aws-v2,1,ip-172-31-20-156,ranking,benchANT
2026-09-21 18:42:30+00:00,system,load15,21.89,dbms,09-2026,yugabyte-2026111-vanilla-os-large-large-aws-v2,1,ip-172-31-20-156,ranking,benchANT
2026-09-21 18:42:40+00:00,system,load15,22.02,dbms,09-2026,yugabyte-2026111-vanilla-os-large-large-aws-v2,1,ip-172-31-20-156,ranking,benchANT
2026-09-21 18:42:50+00:00,system,load15,22.18,dbms,09-2026,yugabyte-2026111-vanilla-os-large-large-aws-v2,1,ip-172-31-20-156,ranking,benchANT
2026-09-21 18:43:00+00:00,system,load15,22.25,dbms,09-2026,yugabyte-2026111-vanilla-os-large-large-aws-v2,1,ip-172-31-20-156,ranking,benchANT
2026-09-21 18:43:10+00:00,system,load15,22.29,dbms,09-2026,yugabyte-2026111-vanilla-os-large-large-aws-v2,1,ip-172-31-20-156,ranking,benchANT
2026-09-21 18:43:20+00:00,system,load15,22.52,dbms,09-2026,yugabyte-2026111-vanilla-os-large-large-aws-v2,1,ip-172-31-20-156,ranking,benchANT
2026-09-21 18:43:30+00:00,system,load15,22.43,dbms,09-2026,yugabyte-2026111-vanilla-os-large-large-aws-v2,1,ip-172-31-20-156,ranking,benchANT
2026-09-21 18:43:40+00:00,system,load15,22.55,dbms,09-2026,yugabyte-2026111-vanilla-os-large-large-aws-v2,1,ip-172-31-20-156,ranking,benchANT
2026-09-21 18:43:50+00:00,system,load15,22.64,dbms,09-2026,yugabyte-2026111-vanilla-os-large-large-aws-v2,1,ip-172-31-20-156,ranking,benchANT
2026-09-21 18:44:00+00:00,system,load15,22.7,dbms,09-2026,yugabyte-2026111-vanilla-os-large-large-aws-v2,1,ip-172-31-20-156,ranking,benchANT
2026-09-21 18:44:10+00:00,system,load15,22.85,dbms,09-2026,yugabyte-2026111-vanilla-os-large-large-aws-v2,1,ip-172-31-20-156,ranking,benchANT
2026-09-21 18:44:20+00:00,system,load15,23.02,dbms,09-2026,yugabyte-2026111-vanilla-os-large-large-aws-v2,1,ip-172-31-20-156,ranking,benchANT
2026-09-21 18:44:30+00:00,system,load15,23.21,dbms,09-2026,yugabyte-2026111-vanilla-os-large-large-aws-v2,1,ip-172-31-20-156,ranking,benchANT
2026-09-21 18:44:40+00:00,system,load15,23.3,dbms,09-2026,yugabyte-2026111-vanilla-os-large-large-aws-v2,1,ip-172-31-20-156,ranking,benchANT
2026-09-21 18:44:50+00:00,system,load15,23.32,dbms,09-2026,yugabyte-2026111-vanilla-os-large-large-aws-v2,1,ip-172-31-20-156,ranking,benchANT
2026-09-21 18:45:00+00:00,system,load15,23.29,dbms,09-2026,yugabyte-2026111-vanilla-os-large-large-aws-v2,1,ip-172-31-20-156,ranking,benchANT
2026-09-21 18:45:10+00:00,system,load15,23.41,dbms,09-2026,yugabyte-2026111-vanilla-os-large-large-aws-v2,1,ip-172-31-20-156,ranking,benchANT
2026-09-21 18:45:20+00:00,system,load15,23.47,dbms,09-2026,yugabyte-2026111-vanilla-os-large-large-aws-v2,1,ip-172-31-20-156,ranking,benchANT
2026-09-21 18:45:30+00:00,system,load15,23.45,dbms,09-2026,yugabyte-2026111-vanilla-os-large-large-aws-v2,1,ip-172-31-20-156,ranking,benchANT
2026-09-21 18:45:40+00:00,system,load15,23.56,dbms,09-2026,yugabyte-2026111-vanilla-os-large-large-aws-v2,1,ip-172-31-20-156,ranking,benchANT
2026-09-21 18:45:50+00:00,system,load15,23.63,dbms,09-2026,yugabyte-2026111-vanilla-os-large-large-aws-v2,1,ip-172-31-20-156,ranking,benchANT
2026-09-21 18:46:00+00:00,system,load15,23.5,dbms,09-2026,yugabyte-2026111-vanilla-os-large-large-aws-v2,1,ip-172-31-20-156,ranking,benchANT
2026-09-21 18:46:10+00:00,system,load15,23.78,dbms,09-2026,yugabyte-2026111-vanilla-os-large-large-aws-v2,1,ip-172-31-20-156,ranking,benchANT
2026-09-21 18:46:20+00:00,system,load15,23.75,dbms,09-2026,yugabyte-2026111-vanilla-os-large-large-aws-v2,1,ip-172-31-20-156,ranking,benchANT
2026-09-21 18:46:30+00:00,system,load15,23.78,dbms,09-2026,yugabyte-2026111-vanilla-os-large-large-aws-v2,1,ip-172-31-20-156,ranking,benchANT
2026-09-21 18:46:40+00:00,system,load15,23.87,dbms,09-2026,yugabyte-2026111-vanilla-os-large-large-aws-v2,1,ip-172-31-20-156,ranking,benchANT
2026-09-21 18:46:50+00:00,system,load15,23.87,dbms,09-2026,yugabyte-2026111-vanilla-os-large-large-aws-v2,1,ip-172-31-20-156,ranking,benchANT
2026-09-21 18:47:00+00:00,system,load15,24.05,dbms,09-2026,yugabyte-2026111-vanilla-os-large-large-aws-v2,1,ip-172-31-20-156,ranking,benchANT
2026-09-21 18:47:10+00:00,system,load15,24.2,dbms,09-2026,yugabyte-2026111-vanilla-os-large-large-aws-v2,1,ip-172-31-20-156,ranking,benchANT
2026-09-21 18:47:20+00:00,system,load15,24.38,dbms,09-2026,yugabyte-2026111-vanilla-os-large-large-aws-v2,1,ip-172-31-20-156,ranking,benchANT
2026-09-21 18:47:30+00:00,system,load15,24.42,dbms,09-2026,yugabyte-2026111-vanilla-os-large-large-aws-v2,1,ip-172-31-20-156,ranking,benchANT
2026-09-21 18:47:40+00:00,system,load15,24.45,dbms,09-2026,yugabyte-2026111-vanilla-os-large-large-aws-v2,1,ip-172-31-20-156,ranking,benchANT
2026-09-21 18:47:50+00:00,system,load15,24.22,dbms,09-2026,yugabyte-2026111-vanilla-os-large-large-aws-v2,1,ip-172-31-20-156,ranking,benchANT
2026-09-21 18:48:00+00:00,system,load15,23.96,dbms,09-2026,yugabyte-2026111-vanilla-os-large-large-aws-v2,1,ip-172-31-20-156,ranking,benchANT
2026-09-21 18:48:10+00:00,system,load15,23.73,dbms,09-2026,yugabyte-2026111-vanilla-os-large-large-aws-v2,1,ip-172-31-20-156,ranking,benchANT
2026-09-21 18:48:20+00:00,system,load15,23.49,dbms,09-2026,yugabyte-2026111-vanilla-os-large-large-aws-v2,1,ip-172-31-20-156,ranking,benchANT
2026-09-21 18:48:30+00:00,system,load15,23.24,dbms,09-2026,yugabyte-2026111-vanilla-os-large-large-aws-v2,1,ip-172-31-20-156,ranking,benchANT
2026-09-21 18:48:40+00:00,system,load15,22.99,dbms,09-2026,yugabyte-2026111-vanilla-os-large-large-aws-v2,1,ip-172-31-20-156,ranking,benchANT
2026-09-21 18:24:20+00:00,system,load5,3.53,dbms,09-2026,yugabyte-2026111-vanilla-os-large-large-aws-v2,1,ip-172-31-20-156,ranking,benchANT
2026-09-21 18:24:30+00:00,system,load5,4.14,dbms,09-2026,yugabyte-2026111-vanilla-os-large-large-aws-v2,1,ip-172-31-20-156,ranking,benchANT
2026-09-21 18:24:40+00:00,system,load5,5.09,dbms,09-2026,yugabyte-2026111-vanilla-os-large-large-aws-v2,1,ip-172-31-20-156,ranking,benchANT
2026-09-21 18:24:50+00:00,system,load5,5.85,dbms,09-2026,yugabyte-2026111-vanilla-os-large-large-aws-v2,1,ip-172-31-20-156,ranking,benchANT
2026-09-21 18:25:00+00:00,system,load5,6.71,dbms,09-2026,yugabyte-2026111-vanilla-os-large-large-aws-v2,1,ip-172-31-20-156,ranking,benchANT
2026-09-21 18:25:10+00:00,system,load5,6.93,dbms,09-2026,yugabyte-2026111-vanilla-os-large-large-aws-v2,1,ip-172-31-20-156,ranking,benchANT
2026-09-21 18:25:20+00:00,system,load5,7.56,dbms,09-2026,yugabyte-2026111-vanilla-os-large-large-aws-v2,1,ip-172-31-20-156,ranking,benchANT
2026-09-21 18:25:30+00:00,system,load5,8.4,dbms,09-2026,yugabyte-2026111-vanilla-os-large-large-aws-v2,1,ip-172-31-20-156,ranking,benchANT
2026-09-21 18:25:40+00:00,system,load5,9.21,dbms,09-2026,yugabyte-2026111-vanilla-os-large-large-aws-v2,1,ip-172-31-20-156,ranking,benchANT
2026-09-21 18:25:50+00:00,system,load5,9.73,dbms,09-2026,yugabyte-2026111-vanilla-os-large-large-aws-v2,1,ip-172-31-20-156,ranking,benchANT
2026-09-21 18:26:00+00:00,system,load5,10.68,dbms,09-2026,yugabyte-2026111-vanilla-os-large-large-aws-v2,1,ip-172-31-20-156,ranking,benchANT
2026-09-21 18:26:10+00:00,system,load5,11.11,dbms,09-2026,yugabyte-2026111-vanilla-os-large-large-aws-v2,1,ip-172-31-20-156,ranking,benchANT
2026-09-21 18:26:20+00:00,system,load5,11.67,dbms,09-2026,yugabyte-2026111-vanilla-os-large-large-aws-v2,1,ip-172-31-20-156,ranking,benchANT
2026-09-21 18:26:30+00:00,system,load5,12.06,dbms,09-2026,yugabyte-2026111-vanilla-os-large-large-aws-v2,1,ip-172-31-20-156,ranking,benchANT
2026-09-21 18:26:40+00:00,system,load5,12.64,dbms,09-2026,yugabyte-2026111-vanilla-os-large-large-aws-v2,1,ip-172-31-20-156,ranking,benchANT
2026-09-21 18:26:50+00:00,system,load5,13.16,dbms,09-2026,yugabyte-2026111-vanilla-os-large-large-aws-v2,1,ip-172-31-20-156,ranking,benchANT
2026-09-21 18:27:00+00:00,system,load5,13.63,dbms,09-2026,yugabyte-2026111-vanilla-os-large-large-aws-v2,1,ip-172-31-20-156,ranking,benchANT
2026-09-21 18:27:10+00:00,system,load5,14.42,dbms,09-2026,yugabyte-2026111-vanilla-os-large-large-aws-v2,1,ip-172-31-20-156,ranking,benchANT
2026-09-21 18:27:20+00:00,system,load5,14.98,dbms,09-2026,yugabyte-2026111-vanilla-os-large-large-aws-v2,1,ip-172-31-20-156,ranking,benchANT
2026-09-21 18:27:30+00:00,system,load5,15.23,dbms,09-2026,yugabyte-2026111-vanilla-os-large-large-aws-v2,1,ip-172-31-20-156,ranking,benchANT
2026-09-21 18:27:40+00:00,system,load5,15.85,dbms,09-2026,yugabyte-2026111-vanilla-os-large-large-aws-v2,1,ip-172-31-20-156,ranking,benchANT
2026-09-21 18:27:50+00:00,system,load5,16.08,dbms,09-2026,yugabyte-2026111-vanilla-os-large-large-aws-v2,1,ip-172-31-20-156,ranking,benchANT
2026-09-21 18:28:00+00:00,system,load5,16.58,dbms,09-2026,yugabyte-2026111-vanilla-os-large-large-aws-v2,1,ip-172-31-20-156,ranking,benchANT
2026-09-21 18:28:10+00:00,system,load5,16.82,dbms,09-2026,yugabyte-2026111-vanilla-os-large-large-aws-v2,1,ip-172-31-20-156,ranking,benchANT
2026-09-21 18:28:20+00:00,system,load5,16.98,dbms,09-2026,yugabyte-2026111-vanilla-os-large-large-aws-v2,1,ip-172-31-20-156,ranking,benchANT
2026-09-21 18:28:30+00:00,system,load5,17.56,dbms,09-2026,yugabyte-2026111-vanilla-os-large-large-aws-v2,1,ip-172-31-20-156,ranking,benchANT
2026-09-21 18:28:40+00:00,system,load5,18.03,dbms,09-2026,yugabyte-2026111-vanilla-os-large-large-aws-v2,1,ip-172-31-20-156,ranking,benchANT
2026-09-21 18:28:50+00:00,system,load5,18.62,dbms,09-2026,yugabyte-2026111-vanilla-os-large-large-aws-v2,1,ip-172-31-20-156,ranking,benchANT
2026-09-21 18:29:00+00:00,system,load5,19.23,dbms,09-2026,yugabyte-2026111-vanilla-os-large-large-aws-v2,1,ip-172-31-20-156,ranking,benchANT
2026-09-21 18:29:10+00:00,system,load5,19.22,dbms,09-2026,yugabyte-2026111-vanilla-os-large-large-aws-v2,1,ip-172-31-20-156,ranking,benchANT
2026-09-21 18:29:20+00:00,system,load5,19.97,dbms,09-2026,yugabyte-2026111-vanilla-os-large-large-aws-v2,1,ip-172-31-20-156,ranking,benchANT
2026-09-21 18:29:30+00:00,system,load5,20.02,dbms,09-2026,yugabyte-2026111-vanilla-os-large-large-aws-v2,1,ip-172-31-20-156,ranking,benchANT
2026-09-21 18:29:40+00:00,system,load5,20.08,dbms,09-2026,yugabyte-2026111-vanilla-os-large-large-aws-v2,1,ip-172-31-20-156,ranking,benchANT
2026-09-21 18:29:50+00:00,system,load5,19.93,dbms,09-2026,yugabyte-2026111-vanilla-os-large-large-aws-v2,1,ip-172-31-20-156,ranking,benchANT
2026-09-21 18:30:00+00:00,system,load5,20.14,dbms,09-2026,yugabyte-2026111-vanilla-os-large-large-aws-v2,1,ip-172-31-20-156,ranking,benchANT
2026-09-21 18:30:10+00:00,system,load5,20.75,dbms,09-2026,yugabyte-2026111-vanilla-os-large-large-aws-v2,1,ip-172-31-20-156,ranking,benchANT
2026-09-21 18:30:20+00:00,system,load5,20.94,dbms,09-2026,yugabyte-2026111-vanilla-os-large-large-aws-v2,1,ip-172-31-20-156,ranking,benchANT
2026-09-21 18:30:30+00:00,system,load5,21.55,dbms,09-2026,yugabyte-2026111-vanilla-os-large-large-aws-v2,1,ip-172-31-20-156,ranking,benchANT
2026-09-21 18:30:40+00:00,system,load5,21.65,dbms,09-2026,yugabyte-2026111-vanilla-os-large-large-aws-v2,1,ip-172-31-20-156,ranking,benchANT
2026-09-21 18:30:50+00:00,system,load5,21.8,dbms,09-2026,yugabyte-2026111-vanilla-os-large-large-aws-v2,1,ip-172-31-20-156,ranking,benchANT
2026-09-21 18:31:00+00:00,system,load5,22.15,dbms,09-2026,yugabyte-2026111-vanilla-os-large-large-aws-v2,1,ip-172-31-20-156,ranking,benchANT
2026-09-21 18:31:10+00:00,system,load5,22.71,dbms,09-2026,yugabyte-2026111-vanilla-os-large-large-aws-v2,1,ip-172-31-20-156,ranking,benchANT
2026-09-21 18:31:20+00:00,system,load5,22.92,dbms,09-2026,yugabyte-2026111-vanilla-os-large-large-aws-v2,1,ip-172-31-20-156,ranking,benchANT
2026-09-21 18:31:30+00:00,system,load5,23.24,dbms,09-2026,yugabyte-2026111-vanilla-os-large-large-aws-v2,1,ip-172-31-20-156,ranking,benchANT
2026-09-21 18:31:40+00:00,system,load5,23.85,dbms,09-2026,yugabyte-2026111-vanilla-os-large-large-aws-v2,1,ip-172-31-20-156,ranking,benchANT
2026-09-21 18:31:50+00:00,system,load5,23.99,dbms,09-2026,yugabyte-2026111-vanilla-os-large-large-aws-v2,1,ip-172-31-20-156,ranking,benchANT
2026-09-21 18:32:00+00:00,system,load5,23.76,dbms,09-2026,yugabyte-2026111-vanilla-os-large-large-aws-v2,1,ip-172-31-20-156,ranking,benchANT
2026-09-21 18:32:10+00:00,system,load5,23.37,dbms,09-2026,yugabyte-2026111-vanilla-os-large-large-aws-v2,1,ip-172-31-20-156,ranking,benchANT
2026-09-21 18:32:20+00:00,system,load5,23.49,dbms,09-2026,yugabyte-2026111-vanilla-os-large-large-aws-v2,1,ip-172-31-20-156,ranking,benchANT
2026-09-21 18:32:30+00:00,system,load5,23.69,dbms,09-2026,yugabyte-2026111-vanilla-os-large-large-aws-v2,1,ip-172-31-20-156,ranking,benchANT
2026-09-21 18:32:40+00:00,system,load5,23.7,dbms,09-2026,yugabyte-2026111-vanilla-os-large-large-aws-v2,1,ip-172-31-20-156,ranking,benchANT
2026-09-21 18:32:50+00:00,system,load5,24.19,dbms,09-2026,yugabyte-2026111-vanilla-os-large-large-aws-v2,1,ip-172-31-20-156,ranking,benchANT
2026-09-21 18:33:00+00:00,system,load5,24.64,dbms,09-2026,yugabyte-2026111-vanilla-os-large-large-aws-v2,1,ip-172-31-20-156,ranking,benchANT
2026-09-21 18:33:10+00:00,system,load5,25.2,dbms,09-2026,yugabyte-2026111-vanilla-os-large-large-aws-v2,1,ip-172-31-20-156,ranking,benchANT
2026-09-21 18:33:20+00:00,system,load5,25.27,dbms,09-2026,yugabyte-2026111-vanilla-os-large-large-aws-v2,1,ip-172-31-20-156,ranking,benchANT
2026-09-21 18:33:30+00:00,system,load5,25.38,dbms,09-2026,yugabyte-2026111-vanilla-os-large-large-aws-v2,1,ip-172-31-20-156,ranking,benchANT
2026-09-21 18:33:40+00:00,system,load5,25.3,dbms,09-2026,yugabyte-2026111-vanilla-os-large-large-aws-v2,1,ip-172-31-20-156,ranking,benchANT
2026-09-21 18:33:50+00:00,system,load5,25.4,dbms,09-2026,yugabyte-2026111-vanilla-os-large-large-aws-v2,1,ip-172-31-20-156,ranking,benchANT
2026-09-21 18:34:00+00:00,system,load5,25.28,dbms,09-2026,yugabyte-2026111-vanilla-os-large-large-aws-v2,1,ip-172-31-20-156,ranking,benchANT
2026-09-21 18:34:10+00:00,system,load5,25.65,dbms,09-2026,yugabyte-2026111-vanilla-os-large-large-aws-v2,1,ip-172-31-20-156,ranking,benchANT
2026-09-21 18:34:20+00:00,system,load5,25.71,dbms,09-2026,yugabyte-2026111-vanilla-os-large-large-aws-v2,1,ip-172-31-20-156,ranking,benchANT
2026-09-21 18:34:30+00:00,system,load5,26.17,dbms,09-2026,yugabyte-2026111-vanilla-os-large-large-aws-v2,1,ip-172-31-20-156,ranking,benchANT
2026-09-21 18:34:40+00:00,system,load5,26.39,dbms,09-2026,yugabyte-2026111-vanilla-os-large-large-aws-v2,1,ip-172-31-20-156,ranking,benchANT
2026-09-21 18:34:50+00:00,system,load5,26.2,dbms,09-2026,yugabyte-2026111-vanilla-os-large-large-aws-v2,1,ip-172-31-20-156,ranking,benchANT
2026-09-21 18:35:00+00:00,system,load5,26.49,dbms,09-2026,yugabyte-2026111-vanilla-os-large-large-aws-v2,1,ip-172-31-20-156,ranking,benchANT
2026-09-21 18:35:10+00:00,system,load5,26.84,dbms,09-2026,yugabyte-2026111-vanilla-os-large-large-aws-v2,1,ip-172-31-20-156,ranking,benchANT
2026-09-21 18:35:20+00:00,system,load5,26.99,dbms,09-2026,yugabyte-2026111-vanilla-os-large-large-aws-v2,1,ip-172-31-20-156,ranking,benchANT
2026-09-21 18:35:30+00:00,system,load5,27.32,dbms,09-2026,yugabyte-2026111-vanilla-os-large-large-aws-v2,1,ip-172-31-20-156,ranking,benchANT
2026-09-21 18:35:40+00:00,system,load5,27.62,dbms,09-2026,yugabyte-2026111-vanilla-os-large-large-aws-v2,1,ip-172-31-20-156,ranking,benchANT
2026-09-21 18:35:50+00:00,system,load5,27.55,dbms,09-2026,yugabyte-2026111-vanilla-os-large-large-aws-v2,1,ip-172-31-20-156,ranking,benchANT
2026-09-21 18:36:00+00:00,system,load5,27.95,dbms,09-2026,yugabyte-2026111-vanilla-os-large-large-aws-v2,1,ip-172-31-20-156,ranking,benchANT
2026-09-21 18:36:10+00:00,system,load5,28.2,dbms,09-2026,yugabyte-2026111-vanilla-os-large-large-aws-v2,1,ip-172-31-20-156,ranking,benchANT
2026-09-21 18:36:20+00:00,system,load5,28.07,dbms,09-2026,yugabyte-2026111-vanilla-os-large-large-aws-v2,1,ip-172-31-20-156,ranking,benchANT
2026-09-21 18:36:30+00:00,system,load5,27.87,dbms,09-2026,yugabyte-2026111-vanilla-os-large-large-aws-v2,1,ip-172-31-20-156,ranking,benchANT
2026-09-21 18:36:40+00:00,system,load5,27.92,dbms,09-2026,yugabyte-2026111-vanilla-os-large-large-aws-v2,1,ip-172-31-20-156,ranking,benchANT
2026-09-21 18:36:50+00:00,system,load5,27.75,dbms,09-2026,yugabyte-2026111-vanilla-os-large-large-aws-v2,1,ip-172-31-20-156,ranking,benchANT
2026-09-21 18:37:00+00:00,system,load5,27.84,dbms,09-2026,yugabyte-2026111-vanilla-os-large-large-aws-v2,1,ip-172-31-20-156,ranking,benchANT
2026-09-21 18:37:10+00:00,system,load5,28.14,dbms,09-2026,yugabyte-2026111-vanilla-os-large-large-aws-v2,1,ip-172-31-20-156,ranking,benchANT
2026-09-21 18:37:20+00:00,system,load5,28.37,dbms,09-2026,yugabyte-2026111-vanilla-os-large-large-aws-v2,1,ip-172-31-20-156,ranking,benchANT
2026-09-21 18:37:30+00:00,system,load5,28.47,dbms,09-2026,yugabyte-2026111-vanilla-os-large-large-aws-v2,1,ip-172-31-20-156,ranking,benchANT
2026-09-21 18:37:40+00:00,system,load5,28.62,dbms,09-2026,yugabyte-2026111-vanilla-os-large-large-aws-v2,1,ip-172-31-20-156,ranking,benchANT
2026-09-21 18:37:50+00:00,system,load5,28.58,dbms,09-2026,yugabyte-2026111-vanilla-os-large-large-aws-v2,1,ip-172-31-20-156,ranking,benchANT
2026-09-21 18:38:00+00:00,system,load5,28.78,dbms,09-2026,yugabyte-2026111-vanilla-os-large-large-aws-v2,1,ip-172-31-20-156,ranking,benchANT
2026-09-21 18:38:10+00:00,system,load5,28.44,dbms,09-2026,yugabyte-2026111-vanilla-os-large-large-aws-v2,1,ip-172-31-20-156,ranking,benchANT
2026-09-21 18:38:20+00:00,system,load5,28.82,dbms,09-2026,yugabyte-2026111-vanilla-os-large-large-aws-v2,1,ip-172-31-20-156,ranking,benchANT
2026-09-21 18:38:30+00:00,system,load5,28.84,dbms,09-2026,yugabyte-2026111-vanilla-os-large-large-aws-v2,1,ip-172-31-20-156,ranking,benchANT
2026-09-21 18:38:40+00:00,system,load5,28.95,dbms,09-2026,yugabyte-2026111-vanilla-os-large-large-aws-v2,1,ip-172-31-20-156,ranking,benchANT
2026-09-21 18:38:50+00:00,system,load5,29.05,dbms,09-2026,yugabyte-2026111-vanilla-os-large-large-aws-v2,1,ip-172-31-20-156,ranking,benchANT
2026-09-21 18:39:00+00:00,system,load5,28.69,dbms,09-2026,yugabyte-2026111-vanilla-os-large-large-aws-v2,1,ip-172-31-20-156,ranking,benchANT
2026-09-21 18:39:10+00:00,system,load5,28.6,dbms,09-2026,yugabyte-2026111-vanilla-os-large-large-aws-v2,1,ip-172-31-20-156,ranking,benchANT
2026-09-21 18:39:20+00:00,system,load5,28.4,dbms,09-2026,yugabyte-2026111-vanilla-os-large-large-aws-v2,1,ip-172-31-20-156,ranking,benchANT
2026-09-21 18:39:30+00:00,system,load5,28.38,dbms,09-2026,yugabyte-2026111-vanilla-os-large-large-aws-v2,1,ip-172-31-20-156,ranking,benchANT
2026-09-21 18:39:40+00:00,system,load5,28.67,dbms,09-2026,yugabyte-2026111-vanilla-os-large-large-aws-v2,1,ip-172-31-20-156,ranking,benchANT
2026-09-21 18:39:50+00:00,system,load5,28.61,dbms,09-2026,yugabyte-2026111-vanilla-os-large-large-aws-v2,1,ip-172-31-20-156,ranking,benchANT
2026-09-21 18:40:00+00:00,system,load5,28.92,dbms,09-2026,yugabyte-2026111-vanilla-os-large-large-aws-v2,1,ip-172-31-20-156,ranking,benchANT
2026-09-21 18:40:10+00:00,system,load5,28.91,dbms,09-2026,yugabyte-2026111-vanilla-os-large-large-aws-v2,1,ip-172-31-20-156,ranking,benchANT
2026-09-21 18:40:20+00:00,system,load5,29.54,dbms,09-2026,yugabyte-2026111-vanilla-os-large-large-aws-v2,1,ip-172-31-20-156,ranking,benchANT
2026-09-21 18:40:30+00:00,system,load5,29.22,dbms,09-2026,yugabyte-2026111-vanilla-os-large-large-aws-v2,1,ip-172-31-20-156,ranking,benchANT
2026-09-21 18:40:40+00:00,system,load5,29.76,dbms,09-2026,yugabyte-2026111-vanilla-os-large-large-aws-v2,1,ip-172-31-20-156,ranking,benchANT
2026-09-21 18:40:50+00:00,system,load5,29.71,dbms,09-2026,yugabyte-2026111-vanilla-os-large-large-aws-v2,1,ip-172-31-20-156,ranking,benchANT
2026-09-21 18:41:00+00:00,system,load5,29.64,dbms,09-2026,yugabyte-2026111-vanilla-os-large-large-aws-v2,1,ip-172-31-20-156,ranking,benchANT
2026-09-21 18:41:10+00:00,system,load5,29.19,dbms,09-2026,yugabyte-2026111-vanilla-os-large-large-aws-v2,1,ip-172-31-20-156,ranking,benchANT
2026-09-21 18:41:20+00:00,system,load5,29.23,dbms,09-2026,yugabyte-2026111-vanilla-os-large-large-aws-v2,1,ip-172-31-20-156,ranking,benchANT
2026-09-21 18:41:30+00:00,system,load5,29.6,dbms,09-2026,yugabyte-2026111-vanilla-os-large-large-aws-v2,1,ip-172-31-20-156,ranking,benchANT
2026-09-21 18:41:40+00:00,system,load5,30.04,dbms,09-2026,yugabyte-2026111-vanilla-os-large-large-aws-v2,1,ip-172-31-20-156,ranking,benchANT
2026-09-21 18:41:50+00:00,system,load5,30.27,dbms,09-2026,yugabyte-2026111-vanilla-os-large-large-aws-v2,1,ip-172-31-20-156,ranking,benchANT
2026-09-21 18:42:00+00:00,system,load5,30.12,dbms,09-2026,yugabyte-2026111-vanilla-os-large-large-aws-v2,1,ip-172-31-20-156,ranking,benchANT
2026-09-21 18:42:10+00:00,system,load5,30.31,dbms,09-2026,yugabyte-2026111-vanilla-os-large-large-aws-v2,1,ip-172-31-20-156,ranking,benchANT
2026-09-21 18:42:20+00:00,system,load5,30.66,dbms,09-2026,yugabyte-2026111-vanilla-os-large-large-aws-v2,1,ip-172-31-20-156,ranking,benchANT
2026-09-21 18:42:30+00:00,system,load5,30.41,dbms,09-2026,yugabyte-2026111-vanilla-os-large-large-aws-v2,1,ip-172-31-20-156,ranking,benchANT
2026-09-21 18:42:40+00:00,system,load5,30.53,dbms,09-2026,yugabyte-2026111-vanilla-os-large-large-aws-v2,1,ip-172-31-20-156,ranking,benchANT
2026-09-21 18:42:50+00:00,system,load5,30.72,dbms,09-2026,yugabyte-2026111-vanilla-os-large-large-aws-v2,1,ip-172-31-20-156,ranking,benchANT
2026-09-21 18:43:00+00:00,system,load5,30.65,dbms,09-2026,yugabyte-2026111-vanilla-os-large-large-aws-v2,1,ip-172-31-20-156,ranking,benchANT
2026-09-21 18:43:10+00:00,system,load5,30.51,dbms,09-2026,yugabyte-2026111-vanilla-os-large-large-aws-v2,1,ip-172-31-20-156,ranking,benchANT
2026-09-21 18:43:20+00:00,system,load5,30.94,dbms,09-2026,yugabyte-2026111-vanilla-os-large-large-aws-v2,1,ip-172-31-20-156,ranking,benchANT
2026-09-21 18:43:30+00:00,system,load5,30.4,dbms,09-2026,yugabyte-2026111-vanilla-os-large-large-aws-v2,1,ip-172-31-20-156,ranking,benchANT
2026-09-21 18:43:40+00:00,system,load5,30.51,dbms,09-2026,yugabyte-2026111-vanilla-os-large-large-aws-v2,1,ip-172-31-20-156,ranking,benchANT
2026-09-21 18:43:50+00:00,system,load5,30.51,dbms,09-2026,yugabyte-2026111-vanilla-os-large-large-aws-v2,1,ip-172-31-20-156,ranking,benchANT
2026-09-21 18:44:00+00:00,system,load5,30.42,dbms,09-2026,yugabyte-2026111-vanilla-os-large-large-aws-v2,1,ip-172-31-20-156,ranking,benchANT
2026-09-21 18:44:10+00:00,system,load5,30.64,dbms,09-2026,yugabyte-2026111-vanilla-os-large-large-aws-v2,1,ip-172-31-20-156,ranking,benchANT
2026-09-21 18:44:20+00:00,system,load5,30.92,dbms,09-2026,yugabyte-2026111-vanilla-os-large-large-aws-v2,1,ip-172-31-20-156,ranking,benchANT
2026-09-21 18:44:30+00:00,system,load5,31.23,dbms,09-2026,yugabyte-2026111-vanilla-os-large-large-aws-v2,1,ip-172-31-20-156,ranking,benchANT
2026-09-21 18:44:40+00:00,system,load5,31.24,dbms,09-2026,yugabyte-2026111-vanilla-os-large-large-aws-v2,1,ip-172-31-20-156,ranking,benchANT
2026-09-21 18:44:50+00:00,system,load5,31.05,dbms,09-2026,yugabyte-2026111-vanilla-os-large-large-aws-v2,1,ip-172-31-20-156,ranking,benchANT
2026-09-21 18:45:00+00:00,system,load5,30.69,dbms,09-2026,yugabyte-2026111-vanilla-os-large-large-aws-v2,1,ip-172-31-20-156,ranking,benchANT
2026-09-21 18:45:10+00:00,system,load5,30.83,dbms,09-2026,yugabyte-2026111-vanilla-os-large-large-aws-v2,1,ip-172-31-20-156,ranking,benchANT
2026-09-21 18:45:20+00:00,system,load5,30.77,dbms,09-2026,yugabyte-2026111-vanilla-os-large-large-aws-v2,1,ip-172-31-20-156,ranking,benchANT
2026-09-21 18:45:30+00:00,system,load5,30.46,dbms,09-2026,yugabyte-2026111-vanilla-os-large-large-aws-v2,1,ip-172-31-20-156,ranking,benchANT
2026-09-21 18:45:40+00:00,system,load5,30.56,dbms,09-2026,yugabyte-2026111-vanilla-os-large-large-aws-v2,1,ip-172-31-20-156,ranking,benchANT
2026-09-21 18:45:50+00:00,system,load5,30.55,dbms,09-2026,yugabyte-2026111-vanilla-os-large-large-aws-v2,1,ip-172-31-20-156,ranking,benchANT
2026-09-21 18:46:00+00:00,system,load5,29.93,dbms,09-2026,yugabyte-2026111-vanilla-os-large-large-aws-v2,1,ip-172-31-20-156,ranking,benchANT
2026-09-21 18:46:10+00:00,system,load5,30.58,dbms,09-2026,yugabyte-2026111-vanilla-os-large-large-aws-v2,1,ip-172-31-20-156,ranking,benchANT
2026-09-21 18:46:20+00:00,system,load5,30.27,dbms,09-2026,yugabyte-2026111-vanilla-os-large-large-aws-v2,1,ip-172-31-20-156,ranking,benchANT
2026-09-21 18:46:30+00:00,system,load5,30.13,dbms,09-2026,yugabyte-2026111-vanilla-os-large-large-aws-v2,1,ip-172-31-20-156,ranking,benchANT
2026-09-21 18:46:40+00:00,system,load5,30.19,dbms,09-2026,yugabyte-2026111-vanilla-os-large-large-aws-v2,1,ip-172-31-20-156,ranking,benchANT
2026-09-21 18:46:50+00:00,system,load5,30.0,dbms,09-2026,yugabyte-2026111-vanilla-os-large-large-aws-v2,1,ip-172-31-20-156,ranking,benchANT
2026-09-21 18:47:00+00:00,system,load5,30.33,dbms,09-2026,yugabyte-2026111-vanilla-os-large-large-aws-v2,1,ip-172-31-20-156,ranking,benchANT
2026-09-21 18:47:10+00:00,system,load5,30.59,dbms,09-2026,yugabyte-2026111-vanilla-os-large-large-aws-v2,1,ip-172-31-20-156,ranking,benchANT
2026-09-21 18:47:20+00:00,system,load5,30.93,dbms,09-2026,yugabyte-2026111-vanilla-os-large-large-aws-v2,1,ip-172-31-20-156,ranking,benchANT
2026-09-21 18:47:30+00:00,system,load5,30.85,dbms,09-2026,yugabyte-2026111-vanilla-os-large-large-aws-v2,1,ip-172-31-20-156,ranking,benchANT
2026-09-21 18:47:40+00:00,system,load5,30.73,dbms,09-2026,yugabyte-2026111-vanilla-os-large-large-aws-v2,1,ip-172-31-20-156,ranking,benchANT
2026-09-21 18:47:50+00:00,system,load5,29.8,dbms,09-2026,yugabyte-2026111-vanilla-os-large-large-aws-v2,1,ip-172-31-20-156,ranking,benchANT
2026-09-21 18:48:00+00:00,system,load5,28.82,dbms,09-2026,yugabyte-2026111-vanilla-os-large-large-aws-v2,1,ip-172-31-20-156,ranking,benchANT
2026-09-21 18:48:10+00:00,system,load5,27.97,dbms,09-2026,yugabyte-2026111-vanilla-os-large-large-aws-v2,1,ip-172-31-20-156,ranking,benchANT
2026-09-21 18:48:20+00:00,system,load5,27.08,dbms,09-2026,yugabyte-2026111-vanilla-os-large-large-aws-v2,1,ip-172-31-20-156,ranking,benchANT
2026-09-21 18:48:30+00:00,system,load5,26.2,dbms,09-2026,yugabyte-2026111-vanilla-os-large-large-aws-v2,1,ip-172-31-20-156,ranking,benchANT
2026-09-21 18:48:40+00:00,system,load5,25.34,dbms,09-2026,yugabyte-2026111-vanilla-os-large-large-aws-v2,1,ip-172-31-20-156,ranking,benchANT
2026-09-21 18:24:20+00:00,system,n_cpus,8,dbms,09-2026,yugabyte-2026111-vanilla-os-large-large-aws-v2,1,ip-172-31-20-156,ranking,benchANT
2026-09-21 18:24:30+00:00,system,n_cpus,8,dbms,09-2026,yugabyte-2026111-vanilla-os-large-large-aws-v2,1,ip-172-31-20-156,ranking,benchANT
2026-09-21 18:24:40+00:00,system,n_cpus,8,dbms,09-2026,yugabyte-2026111-vanilla-os-large-large-aws-v2,1,ip-172-31-20-156,ranking,benchANT
2026-09-21 18:24:50+00:00,system,n_cpus,8,dbms,09-2026,yugabyte-2026111-vanilla-os-large-large-aws-v2,1,ip-172-31-20-156,ranking,benchANT
2026-09-21 18:25:00+00:00,system,n_cpus,8,dbms,09-2026,yugabyte-2026111-vanilla-os-large-large-aws-v2,1,ip-172-31-20-156,ranking,benchANT
2026-09-21 18:25:10+00:00,system,n_cpus,8,dbms,09-2026,yugabyte-2026111-vanilla-os-large-large-aws-v2,1,ip-172-31-20-156,ranking,benchANT
2026-09-21 18:25:20+00:00,system,n_cpus,8,dbms,09-2026,yugabyte-2026111-vanilla-os-large-large-aws-v2,1,ip-172-31-20-156,ranking,benchANT
2026-09-21 18:25:30+00:00,system,n_cpus,8,dbms,09-2026,yugabyte-2026111-vanilla-os-large-large-aws-v2,1,ip-172-31-20-156,ranking,benchANT
2026-09-21 18:25:40+00:00,system,n_cpus,8,dbms,09-2026,yugabyte-2026111-vanilla-os-large-large-aws-v2,1,ip-172-31-20-156,ranking,benchANT
2026-09-21 18:25:50+00:00,system,n_cpus,8,dbms,09-2026,yugabyte-2026111-vanilla-os-large-large-aws-v2,1,ip-172-31-20-156,ranking,benchANT
2026-09-21 18:26:00+00:00,system,n_cpus,8,dbms,09-2026,yugabyte-2026111-vanilla-os-large-large-aws-v2,1,ip-172-31-20-156,ranking,benchANT
2026-09-21 18:26:10+00:00,system,n_cpus,8,dbms,09-2026,yugabyte-2026111-vanilla-os-large-large-aws-v2,1,ip-172-31-20-156,ranking,benchANT
2026-09-21 18:26:20+00:00,system,n_cpus,8,dbms,09-2026,yugabyte-2026111-vanilla-os-large-large-aws-v2,1,ip-172-31-20-156,ranking,benchANT
2026-09-21 18:26:30+00:00,system,n_cpus,8,dbms,09-2026,yugabyte-2026111-vanilla-os-large-large-aws-v2,1,ip-172-31-20-156,ranking,benchANT
2026-09-21 18:26:40+00:00,system,n_cpus,8,dbms,09-2026,yugabyte-2026111-vanilla-os-large-large-aws-v2,1,ip-172-31-20-156,ranking,benchANT
2026-09-21 18:26:50+00:00,system,n_cpus,8,dbms,09-2026,yugabyte-2026111-vanilla-os-large-large-aws-v2,1,ip-172-31-20-156,ranking,benchANT
2026-09-21 18:27:00+00:00,system,n_cpus,8,dbms,09-2026,yugabyte-2026111-vanilla-os-large-large-aws-v2,1,ip-172-31-20-156,ranking,benchANT
2026-09-21 18:27:10+00:00,system,n_cpus,8,dbms,09-2026,yugabyte-2026111-vanilla-os-large-large-aws-v2,1,ip-172-31-20-156,ranking,benchANT
2026-09-21 18:27:20+00:00,system,n_cpus,8,dbms,09-2026,yugabyte-2026111-vanilla-os-large-large-aws-v2,1,ip-172-31-20-156,ranking,benchANT
2026-09-21 18:27:30+00:00,system,n_cpus,8,dbms,09-2026,yugabyte-2026111-vanilla-os-large-large-aws-v2,1,ip-172-31-20-156,ranking,benchANT
2026-09-21 18:27:40+00:00,system,n_cpus,8,dbms,09-2026,yugabyte-2026111-vanilla-os-large-large-aws-v2,1,ip-172-31-20-156,ranking,benchANT
2026-09-21 18:27:50+00:00,system,n_cpus,8,dbms,09-2026,yugabyte-2026111-vanilla-os-large-large-aws-v2,1,ip-172-31-20-156,ranking,benchANT
2026-09-21 18:28:00+00:00,system,n_cpus,8,dbms,09-2026,yugabyte-2026111-vanilla-os-large-large-aws-v2,1,ip-172-31-20-156,ranking,benchANT
2026-09-21 18:28:10+00:00,system,n_cpus,8,dbms,09-2026,yugabyte-2026111-vanilla-os-large-large-aws-v2,1,ip-172-31-20-156,ranking,benchANT
2026-09-21 18:28:20+00:00,system,n_cpus,8,dbms,09-2026,yugabyte-2026111-vanilla-os-large-large-aws-v2,1,ip-172-31-20-156,ranking,benchANT
2026-09-21 18:28:30+00:00,system,n_cpus,8,dbms,09-2026,yugabyte-2026111-vanilla-os-large-large-aws-v2,1,ip-172-31-20-156,ranking,benchANT
2026-09-21 18:28:40+00:00,system,n_cpus,8,dbms,09-2026,yugabyte-2026111-vanilla-os-large-large-aws-v2,1,ip-172-31-20-156,ranking,benchANT
2026-09-21 18:28:50+00:00,system,n_cpus,8,dbms,09-2026,yugabyte-2026111-vanilla-os-large-large-aws-v2,1,ip-172-31-20-156,ranking,benchANT
2026-09-21 18:29:00+00:00,system,n_cpus,8,dbms,09-2026,yugabyte-2026111-vanilla-os-large-large-aws-v2,1,ip-172-31-20-156,ranking,benchANT
2026-09-21 18:29:10+00:00,system,n_cpus,8,dbms,09-2026,yugabyte-2026111-vanilla-os-large-large-aws-v2,1,ip-172-31-20-156,ranking,benchANT
2026-09-21 18:29:20+00:00,system,n_cpus,8,dbms,09-2026,yugabyte-2026111-vanilla-os-large-large-aws-v2,1,ip-172-31-20-156,ranking,benchANT
2026-09-21 18:29:30+00:00,system,n_cpus,8,dbms,09-2026,yugabyte-2026111-vanilla-os-large-large-aws-v2,1,ip-172-31-20-156,ranking,benchANT
2026-09-21 18:29:40+00:00,system,n_cpus,8,dbms,09-2026,yugabyte-2026111-vanilla-os-large-large-aws-v2,1,ip-172-31-20-156,ranking,benchANT
2026-09-21 18:29:50+00:00,system,n_cpus,8,dbms,09-2026,yugabyte-2026111-vanilla-os-large-large-aws-v2,1,ip-172-31-20-156,ranking,benchANT
2026-09-21 18:30:00+00:00,system,n_cpus,8,dbms,09-2026,yugabyte-2026111-vanilla-os-large-large-aws-v2,1,ip-172-31-20-156,ranking,benchANT
2026-09-21 18:30:10+00:00,system,n_cpus,8,dbms,09-2026,yugabyte-2026111-vanilla-os-large-large-aws-v2,1,ip-172-31-20-156,ranking,benchANT
2026-09-21 18:30:20+00:00,system,n_cpus,8,dbms,09-2026,yugabyte-2026111-vanilla-os-large-large-aws-v2,1,ip-172-31-20-156,ranking,benchANT
2026-09-21 18:30:30+00:00,system,n_cpus,8,dbms,09-2026,yugabyte-2026111-vanilla-os-large-large-aws-v2,1,ip-172-31-20-156,ranking,benchANT
2026-09-21 18:30:40+00:00,system,n_cpus,8,dbms,09-2026,yugabyte-2026111-vanilla-os-large-large-aws-v2,1,ip-172-31-20-156,ranking,benchANT
2026-09-21 18:30:50+00:00,system,n_cpus,8,dbms,09-2026,yugabyte-2026111-vanilla-os-large-large-aws-v2,1,ip-172-31-20-156,ranking,benchANT
2026-09-21 18:31:00+00:00,system,n_cpus,8,dbms,09-2026,yugabyte-2026111-vanilla-os-large-large-aws-v2,1,ip-172-31-20-156,ranking,benchANT
2026-09-21 18:31:10+00:00,system,n_cpus,8,dbms,09-2026,yugabyte-2026111-vanilla-os-large-large-aws-v2,1,ip-172-31-20-156,ranking,benchANT
2026-09-21 18:31:20+00:00,system,n_cpus,8,dbms,09-2026,yugabyte-2026111-vanilla-os-large-large-aws-v2,1,ip-172-31-20-156,ranking,benchANT
2026-09-21 18:31:30+00:00,system,n_cpus,8,dbms,09-2026,yugabyte-2026111-vanilla-os-large-large-aws-v2,1,ip-172-31-20-156,ranking,benchANT
2026-09-21 18:31:40+00:00,system,n_cpus,8,dbms,09-2026,yugabyte-2026111-vanilla-os-large-large-aws-v2,1,ip-172-31-20-156,ranking,benchANT
2026-09-21 18:31:50+00:00,system,n_cpus,8,dbms,09-2026,yugabyte-2026111-vanilla-os-large-large-aws-v2,1,ip-172-31-20-156,ranking,benchANT
2026-09-21 18:32:00+00:00,system,n_cpus,8,dbms,09-2026,yugabyte-2026111-vanilla-os-large-large-aws-v2,1,ip-172-31-20-156,ranking,benchANT
2026-09-21 18:32:10+00:00,system,n_cpus,8,dbms,09-2026,yugabyte-2026111-vanilla-os-large-large-aws-v2,1,ip-172-31-20-156,ranking,benchANT
2026-09-21 18:32:20+00:00,system,n_cpus,8,dbms,09-2026,yugabyte-2026111-vanilla-os-large-large-aws-v2,1,ip-172-31-20-156,ranking,benchANT
2026-09-21 18:32:30+00:00,system,n_cpus,8,dbms,09-2026,yugabyte-2026111-vanilla-os-large-large-aws-v2,1,ip-172-31-20-156,ranking,benchANT
2026-09-21 18:32:40+00:00,system,n_cpus,8,dbms,09-2026,yugabyte-2026111-vanilla-os-large-large-aws-v2,1,ip-172-31-20-156,ranking,benchANT
2026-09-21 18:32:50+00:00,system,n_cpus,8,dbms,09-2026,yugabyte-2026111-vanilla-os-large-large-aws-v2,1,ip-172-31-20-156,ranking,benchANT
2026-09-21 18:33:00+00:00,system,n_cpus,8,dbms,09-2026,yugabyte-2026111-vanilla-os-large-large-aws-v2,1,ip-172-31-20-156,ranking,benchANT
2026-09-21 18:33:10+00:00,system,n_cpus,8,dbms,09-2026,yugabyte-2026111-vanilla-os-large-large-aws-v2,1,ip-172-31-20-156,ranking,benchANT
2026-09-21 18:33:20+00:00,system,n_cpus,8,dbms,09-2026,yugabyte-2026111-vanilla-os-large-large-aws-v2,1,ip-172-31-20-156,ranking,benchANT
2026-09-21 18:33:30+00:00,system,n_cpus,8,dbms,09-2026,yugabyte-2026111-vanilla-os-large-large-aws-v2,1,ip-172-31-20-156,ranking,benchANT
2026-09-21 18:33:40+00:00,system,n_cpus,8,dbms,09-2026,yugabyte-2026111-vanilla-os-large-large-aws-v2,1,ip-172-31-20-156,ranking,benchANT
2026-09-21 18:33:50+00:00,system,n_cpus,8,dbms,09-2026,yugabyte-2026111-vanilla-os-large-large-aws-v2,1,ip-172-31-20-156,ranking,benchANT
2026-09-21 18:34:00+00:00,system,n_cpus,8,dbms,09-2026,yugabyte-2026111-vanilla-os-large-large-aws-v2,1,ip-172-31-20-156,ranking,benchANT
2026-09-21 18:34:10+00:00,system,n_cpus,8,dbms,09-2026,yugabyte-2026111-vanilla-os-large-large-aws-v2,1,ip-172-31-20-156,ranking,benchANT
2026-09-21 18:34:20+00:00,system,n_cpus,8,dbms,09-2026,yugabyte-2026111-vanilla-os-large-large-aws-v2,1,ip-172-31-20-156,ranking,benchANT
2026-09-21 18:34:30+00:00,system,n_cpus,8,dbms,09-2026,yugabyte-2026111-vanilla-os-large-large-aws-v2,1,ip-172-31-20-156,ranking,benchANT
2026-09-21 18:34:40+00:00,system,n_cpus,8,dbms,09-2026,yugabyte-2026111-vanilla-os-large-large-aws-v2,1,ip-172-31-20-156,ranking,benchANT
2026-09-21 18:34:50+00:00,system,n_cpus,8,dbms,09-2026,yugabyte-2026111-vanilla-os-large-large-aws-v2,1,ip-172-31-20-156,ranking,benchANT
2026-09-21 18:35:00+00:00,system,n_cpus,8,dbms,09-2026,yugabyte-2026111-vanilla-os-large-large-aws-v2,1,ip-172-31-20-156,ranking,benchANT
2026-09-21 18:35:10+00:00,system,n_cpus,8,dbms,09-2026,yugabyte-2026111-vanilla-os-large-large-aws-v2,1,ip-172-31-20-156,ranking,benchANT
2026-09-21 18:35:20+00:00,system,n_cpus,8,dbms,09-2026,yugabyte-2026111-vanilla-os-large-large-aws-v2,1,ip-172-31-20-156,ranking,benchANT
2026-09-21 18:35:30+00:00,system,n_cpus,8,dbms,09-2026,yugabyte-2026111-vanilla-os-large-large-aws-v2,1,ip-172-31-20-156,ranking,benchANT
2026-09-21 18:35:40+00:00,system,n_cpus,8,dbms,09-2026,yugabyte-2026111-vanilla-os-large-large-aws-v2,1,ip-172-31-20-156,ranking,benchANT
2026-09-21 18:35:50+00:00,system,n_cpus,8,dbms,09-2026,yugabyte-2026111-vanilla-os-large-large-aws-v2,1,ip-172-31-20-156,ranking,benchANT
2026-09-21 18:36:00+00:00,system,n_cpus,8,dbms,09-2026,yugabyte-2026111-vanilla-os-large-large-aws-v2,1,ip-172-31-20-156,ranking,benchANT
2026-09-21 18:36:10+00:00,system,n_cpus,8,dbms,09-2026,yugabyte-2026111-vanilla-os-large-large-aws-v2,1,ip-172-31-20-156,ranking,benchANT
2026-09-21 18:36:20+00:00,system,n_cpus,8,dbms,09-2026,yugabyte-2026111-vanilla-os-large-large-aws-v2,1,ip-172-31-20-156,ranking,benchANT
2026-09-21 18:36:30+00:00,system,n_cpus,8,dbms,09-2026,yugabyte-2026111-vanilla-os-large-large-aws-v2,1,ip-172-31-20-156,ranking,benchANT
2026-09-21 18:36:40+00:00,system,n_cpus,8,dbms,09-2026,yugabyte-2026111-vanilla-os-large-large-aws-v2,1,ip-172-31-20-156,ranking,benchANT
2026-09-21 18:36:50+00:00,system,n_cpus,8,dbms,09-2026,yugabyte-2026111-vanilla-os-large-large-aws-v2,1,ip-172-31-20-156,ranking,benchANT
2026-09-21 18:37:00+00:00,system,n_cpus,8,dbms,09-2026,yugabyte-2026111-vanilla-os-large-large-aws-v2,1,ip-172-31-20-156,ranking,benchANT
2026-09-21 18:37:10+00:00,system,n_cpus,8,dbms,09-2026,yugabyte-2026111-vanilla-os-large-large-aws-v2,1,ip-172-31-20-156,ranking,benchANT
2026-09-21 18:37:20+00:00,system,n_cpus,8,dbms,09-2026,yugabyte-2026111-vanilla-os-large-large-aws-v2,1,ip-172-31-20-156,ranking,benchANT
2026-09-21 18:37:30+00:00,system,n_cpus,8,dbms,09-2026,yugabyte-2026111-vanilla-os-large-large-aws-v2,1,ip-172-31-20-156,ranking,benchANT
2026-09-21 18:37:40+00:00,system,n_cpus,8,dbms,09-2026,yugabyte-2026111-vanilla-os-large-large-aws-v2,1,ip-172-31-20-156,ranking,benchANT
2026-09-21 18:37:50+00:00,system,n_cpus,8,dbms,09-2026,yugabyte-2026111-vanilla-os-large-large-aws-v2,1,ip-172-31-20-156,ranking,benchANT
2026-09-21 18:38:00+00:00,system,n_cpus,8,dbms,09-2026,yugabyte-2026111-vanilla-os-large-large-aws-v2,1,ip-172-31-20-156,ranking,benchANT
2026-09-21 18:38:10+00:00,system,n_cpus,8,dbms,09-2026,yugabyte-2026111-vanilla-os-large-large-aws-v2,1,ip-172-31-20-156,ranking,benchANT
2026-09-21 18:38:20+00:00,system,n_cpus,8,dbms,09-2026,yugabyte-2026111-vanilla-os-large-large-aws-v2,1,ip-172-31-20-156,ranking,benchANT
2026-09-21 18:38:30+00:00,system,n_cpus,8,dbms,09-2026,yugabyte-2026111-vanilla-os-large-large-aws-v2,1,ip-172-31-20-156,ranking,benchANT
2026-09-21 18:38:40+00:00,system,n_cpus,8,dbms,09-2026,yugabyte-2026111-vanilla-os-large-large-aws-v2,1,ip-172-31-20-156,ranking,benchANT
2026-09-21 18:38:50+00:00,system,n_cpus,8,dbms,09-2026,yugabyte-2026111-vanilla-os-large-large-aws-v2,1,ip-172-31-20-156,ranking,benchANT
2026-09-21 18:39:00+00:00,system,n_cpus,8,dbms,09-2026,yugabyte-2026111-vanilla-os-large-large-aws-v2,1,ip-172-31-20-156,ranking,benchANT
2026-09-21 18:39:10+00:00,system,n_cpus,8,dbms,09-2026,yugabyte-2026111-vanilla-os-large-large-aws-v2,1,ip-172-31-20-156,ranking,benchANT
2026-09-21 18:39:20+00:00,system,n_cpus,8,dbms,09-2026,yugabyte-2026111-vanilla-os-large-large-aws-v2,1,ip-172-31-20-156,ranking,benchANT
2026-09-21 18:39:30+00:00,system,n_cpus,8,dbms,09-2026,yugabyte-2026111-vanilla-os-large-large-aws-v2,1,ip-172-31-20-156,ranking,benchANT
2026-09-21 18:39:40+00:00,system,n_cpus,8,dbms,09-2026,yugabyte-2026111-vanilla-os-large-large-aws-v2,1,ip-172-31-20-156,ranking,benchANT
2026-09-21 18:39:50+00:00,system,n_cpus,8,dbms,09-2026,yugabyte-2026111-vanilla-os-large-large-aws-v2,1,ip-172-31-20-156,ranking,benchANT
2026-09-21 18:40:00+00:00,system,n_cpus,8,dbms,09-2026,yugabyte-2026111-vanilla-os-large-large-aws-v2,1,ip-172-31-20-156,ranking,benchANT
2026-09-21 18:40:10+00:00,system,n_cpus,8,dbms,09-2026,yugabyte-2026111-vanilla-os-large-large-aws-v2,1,ip-172-31-20-156,ranking,benchANT
2026-09-21 18:40:20+00:00,system,n_cpus,8,dbms,09-2026,yugabyte-2026111-vanilla-os-large-large-aws-v2,1,ip-172-31-20-156,ranking,benchANT
2026-09-21 18:40:30+00:00,system,n_cpus,8,dbms,09-2026,yugabyte-2026111-vanilla-os-large-large-aws-v2,1,ip-172-31-20-156,ranking,benchANT
2026-09-21 18:40:40+00:00,system,n_cpus,8,dbms,09-2026,yugabyte-2026111-vanilla-os-large-large-aws-v2,1,ip-172-31-20-156,ranking,benchANT
2026-09-21 18:40:50+00:00,system,n_cpus,8,dbms,09-2026,yugabyte-2026111-vanilla-os-large-large-aws-v2,1,ip-172-31-20-156,ranking,benchANT
2026-09-21 18:41:00+00:00,system,n_cpus,8,dbms,09-2026,yugabyte-2026111-vanilla-os-large-large-aws-v2,1,ip-172-31-20-156,ranking,benchANT
2026-09-21 18:41:10+00:00,system,n_cpus,8,dbms,09-2026,yugabyte-2026111-vanilla-os-large-large-aws-v2,1,ip-172-31-20-156,ranking,benchANT
2026-09-21 18:41:20+00:00,system,n_cpus,8,dbms,09-2026,yugabyte-2026111-vanilla-os-large-large-aws-v2,1,ip-172-31-20-156,ranking,benchANT
2026-09-21 18:41:30+00:00,system,n_cpus,8,dbms,09-2026,yugabyte-2026111-vanilla-os-large-large-aws-v2,1,ip-172-31-20-156,ranking,benchANT
2026-09-21 18:41:40+00:00,system,n_cpus,8,dbms,09-2026,yugabyte-2026111-vanilla-os-large-large-aws-v2,1,ip-172-31-20-156,ranking,benchANT
2026-09-21 18:41:50+00:00,system,n_cpus,8,dbms,09-2026,yugabyte-2026111-vanilla-os-large-large-aws-v2,1,ip-172-31-20-156,ranking,benchANT
2026-09-21 18:42:00+00:00,system,n_cpus,8,dbms,09-2026,yugabyte-2026111-vanilla-os-large-large-aws-v2,1,ip-172-31-20-156,ranking,benchANT
2026-09-21 18:42:10+00:00,system,n_cpus,8,dbms,09-2026,yugabyte-2026111-vanilla-os-large-large-aws-v2,1,ip-172-31-20-156,ranking,benchANT
2026-09-21 18:42:20+00:00,system,n_cpus,8,dbms,09-2026,yugabyte-2026111-vanilla-os-large-large-aws-v2,1,ip-172-31-20-156,ranking,benchANT
2026-09-21 18:42:30+00:00,system,n_cpus,8,dbms,09-2026,yugabyte-2026111-vanilla-os-large-large-aws-v2,1,ip-172-31-20-156,ranking,benchANT
2026-09-21 18:42:40+00:00,system,n_cpus,8,dbms,09-2026,yugabyte-2026111-vanilla-os-large-large-aws-v2,1,ip-172-31-20-156,ranking,benchANT
2026-09-21 18:42:50+00:00,system,n_cpus,8,dbms,09-2026,yugabyte-2026111-vanilla-os-large-large-aws-v2,1,ip-172-31-20-156,ranking,benchANT
2026-09-21 18:43:00+00:00,system,n_cpus,8,dbms,09-2026,yugabyte-2026111-vanilla-os-large-large-aws-v2,1,ip-172-31-20-156,ranking,benchANT
2026-09-21 18:43:10+00:00,system,n_cpus,8,dbms,09-2026,yugabyte-2026111-vanilla-os-large-large-aws-v2,1,ip-172-31-20-156,ranking,benchANT
2026-09-21 18:43:20+00:00,system,n_cpus,8,dbms,09-2026,yugabyte-2026111-vanilla-os-large-large-aws-v2,1,ip-172-31-20-156,ranking,benchANT
2026-09-21 18:43:30+00:00,system,n_cpus,8,dbms,09-2026,yugabyte-2026111-vanilla-os-large-large-aws-v2,1,ip-172-31-20-156,ranking,benchANT
2026-09-21 18:43:40+00:00,system,n_cpus,8,dbms,09-2026,yugabyte-2026111-vanilla-os-large-large-aws-v2,1,ip-172-31-20-156,ranking,benchANT
2026-09-21 18:43:50+00:00,system,n_cpus,8,dbms,09-2026,yugabyte-2026111-vanilla-os-large-large-aws-v2,1,ip-172-31-20-156,ranking,benchANT
2026-09-21 18:44:00+00:00,system,n_cpus,8,dbms,09-2026,yugabyte-2026111-vanilla-os-large-large-aws-v2,1,ip-172-31-20-156,ranking,benchANT
2026-09-21 18:44:10+00:00,system,n_cpus,8,dbms,09-2026,yugabyte-2026111-vanilla-os-large-large-aws-v2,1,ip-172-31-20-156,ranking,benchANT
2026-09-21 18:44:20+00:00,system,n_cpus,8,dbms,09-2026,yugabyte-2026111-vanilla-os-large-large-aws-v2,1,ip-172-31-20-156,ranking,benchANT
2026-09-21 18:44:30+00:00,system,n_cpus,8,dbms,09-2026,yugabyte-2026111-vanilla-os-large-large-aws-v2,1,ip-172-31-20-156,ranking,benchANT
2026-09-21 18:44:40+00:00,system,n_cpus,8,dbms,09-2026,yugabyte-2026111-vanilla-os-large-large-aws-v2,1,ip-172-31-20-156,ranking,benchANT
2026-09-21 18:44:50+00:00,system,n_cpus,8,dbms,09-2026,yugabyte-2026111-vanilla-os-large-large-aws-v2,1,ip-172-31-20-156,ranking,benchANT
2026-09-21 18:45:00+00:00,system,n_cpus,8,dbms,09-2026,yugabyte-2026111-vanilla-os-large-large-aws-v2,1,ip-172-31-20-156,ranking,benchANT
2026-09-21 18:45:10+00:00,system,n_cpus,8,dbms,09-2026,yugabyte-2026111-vanilla-os-large-large-aws-v2,1,ip-172-31-20-156,ranking,benchANT
2026-09-21 18:45:20+00:00,system,n_cpus,8,dbms,09-2026,yugabyte-2026111-vanilla-os-large-large-aws-v2,1,ip-172-31-20-156,ranking,benchANT
2026-09-21 18:45:30+00:00,system,n_cpus,8,dbms,09-2026,yugabyte-2026111-vanilla-os-large-large-aws-v2,1,ip-172-31-20-156,ranking,benchANT
2026-09-21 18:45:40+00:00,system,n_cpus,8,dbms,09-2026,yugabyte-2026111-vanilla-os-large-large-aws-v2,1,ip-172-31-20-156,ranking,benchANT
2026-09-21 18:45:50+00:00,system,n_cpus,8,dbms,09-2026,yugabyte-2026111-vanilla-os-large-large-aws-v2,1,ip-172-31-20-156,ranking,benchANT
2026-09-21 18:46:00+00:00,system,n_cpus,8,dbms,09-2026,yugabyte-2026111-vanilla-os-large-large-aws-v2,1,ip-172-31-20-156,ranking,benchANT
2026-09-21 18:46:10+00:00,system,n_cpus,8,dbms,09-2026,yugabyte-2026111-vanilla-os-large-large-aws-v2,1,ip-172-31-20-156,ranking,benchANT
2026-09-21 18:46:20+00:00,system,n_cpus,8,dbms,09-2026,yugabyte-2026111-vanilla-os-large-large-aws-v2,1,ip-172-31-20-156,ranking,benchANT
2026-09-21 18:46:30+00:00,system,n_cpus,8,dbms,09-2026,yugabyte-2026111-vanilla-os-large-large-aws-v2,1,ip-172-31-20-156,ranking,benchANT
2026-09-21 18:46:40+00:00,system,n_cpus,8,dbms,09-2026,yugabyte-2026111-vanilla-os-large-large-aws-v2,1,ip-172-31-20-156,ranking,benchANT
2026-09-21 18:46:50+00:00,system,n_cpus,8,dbms,09-2026,yugabyte-2026111-vanilla-os-large-large-aws-v2,1,ip-172-31-20-156,ranking,benchANT
2026-09-21 18:47:00+00:00,system,n_cpus,8,dbms,09-2026,yugabyte-2026111-vanilla-os-large-large-aws-v2,1,ip-172-31-20-156,ranking,benchANT
2026-09-21 18:47:10+00:00,system,n_cpus,8,dbms,09-2026,yugabyte-2026111-vanilla-os-large-large-aws-v2,1,ip-172-31-20-156,ranking,benchANT
2026-09-21 18:47:20+00:00,system,n_cpus,8,dbms,09-2026,yugabyte-2026111-vanilla-os-large-large-aws-v2,1,ip-172-31-20-156,ranking,benchANT
2026-09-21 18:47:30+00:00,system,n_cpus,8,dbms,09-2026,yugabyte-2026111-vanilla-os-large-large-aws-v2,1,ip-172-31-20-156,ranking,benchANT
2026-09-21 18:47:40+00:00,system,n_cpus,8,dbms,09-2026,yugabyte-2026111-vanilla-os-large-large-aws-v2,1,ip-172-31-20-156,ranking,benchANT
2026-09-21 18:47:50+00:00,system,n_cpus,8,dbms,09-2026,yugabyte-2026111-vanilla-os-large-large-aws-v2,1,ip-172-31-20-156,ranking,benchANT
2026-09-21 18:48:00+00:00,system,n_cpus,8,dbms,09-2026,yugabyte-2026111-vanilla-os-large-large-aws-v2,1,ip-172-31-20-156,ranking,benchANT
2026-09-21 18:48:10+00:00,system,n_cpus,8,dbms,09-2026,yugabyte-2026111-vanilla-os-large-large-aws-v2,1,ip-172-31-20-156,ranking,benchANT
2026-09-21 18:48:20+00:00,system,n_cpus,8,dbms,09-2026,yugabyte-2026111-vanilla-os-large-large-aws-v2,1,ip-172-31-20-156,ranking,benchANT
2026-09-21 18:48:30+00:00,system,n_cpus,8,dbms,09-2026,yugabyte-2026111-vanilla-os-large-large-aws-v2,1,ip-172-31-20-156,ranking,benchANT
2026-09-21 18:48:40+00:00,system,n_cpus,8,dbms,09-2026,yugabyte-2026111-vanilla-os-large-large-aws-v2,1,ip-172-31-20-156,ranking,benchANT
2026-09-21 18:24:20+00:00,system,n_users,0,dbms,09-2026,yugabyte-2026111-vanilla-os-large-large-aws-v2,1,ip-172-31-20-156,ranking,benchANT
2026-09-21 18:24:30+00:00,system,n_users,0,dbms,09-2026,yugabyte-2026111-vanilla-os-large-large-aws-v2,1,ip-172-31-20-156,ranking,benchANT
2026-09-21 18:24:40+00:00,system,n_users,0,dbms,09-2026,yugabyte-2026111-vanilla-os-large-large-aws-v2,1,ip-172-31-20-156,ranking,benchANT
2026-09-21 18:24:50+00:00,system,n_users,0,dbms,09-2026,yugabyte-2026111-vanilla-os-large-large-aws-v2,1,ip-172-31-20-156,ranking,benchANT
2026-09-21 18:25:00+00:00,system,n_users,0,dbms,09-2026,yugabyte-2026111-vanilla-os-large-large-aws-v2,1,ip-172-31-20-156,ranking,benchANT
2026-09-21 18:25:10+00:00,system,n_users,0,dbms,09-2026,yugabyte-2026111-vanilla-os-large-large-aws-v2,1,ip-172-31-20-156,ranking,benchANT
2026-09-21 18:25:20+00:00,system,n_users,0,dbms,09-2026,yugabyte-2026111-vanilla-os-large-large-aws-v2,1,ip-172-31-20-156,ranking,benchANT
2026-09-21 18:25:30+00:00,system,n_users,0,dbms,09-2026,yugabyte-2026111-vanilla-os-large-large-aws-v2,1,ip-172-31-20-156,ranking,benchANT
2026-09-21 18:25:40+00:00,system,n_users,0,dbms,09-2026,yugabyte-2026111-vanilla-os-large-large-aws-v2,1,ip-172-31-20-156,ranking,benchANT
2026-09-21 18:25:50+00:00,system,n_users,0,dbms,09-2026,yugabyte-2026111-vanilla-os-large-large-aws-v2,1,ip-172-31-20-156,ranking,benchANT
2026-09-21 18:26:00+00:00,system,n_users,0,dbms,09-2026,yugabyte-2026111-vanilla-os-large-large-aws-v2,1,ip-172-31-20-156,ranking,benchANT
2026-09-21 18:26:10+00:00,system,n_users,0,dbms,09-2026,yugabyte-2026111-vanilla-os-large-large-aws-v2,1,ip-172-31-20-156,ranking,benchANT
2026-09-21 18:26:20+00:00,system,n_users,0,dbms,09-2026,yugabyte-2026111-vanilla-os-large-large-aws-v2,1,ip-172-31-20-156,ranking,benchANT
2026-09-21 18:26:30+00:00,system,n_users,0,dbms,09-2026,yugabyte-2026111-vanilla-os-large-large-aws-v2,1,ip-172-31-20-156,ranking,benchANT
2026-09-21 18:26:40+00:00,system,n_users,0,dbms,09-2026,yugabyte-2026111-vanilla-os-large-large-aws-v2,1,ip-172-31-20-156,ranking,benchANT
2026-09-21 18:26:50+00:00,system,n_users,0,dbms,09-2026,yugabyte-2026111-vanilla-os-large-large-aws-v2,1,ip-172-31-20-156,ranking,benchANT
2026-09-21 18:27:00+00:00,system,n_users,0,dbms,09-2026,yugabyte-2026111-vanilla-os-large-large-aws-v2,1,ip-172-31-20-156,ranking,benchANT
2026-09-21 18:27:10+00:00,system,n_users,0,dbms,09-2026,yugabyte-2026111-vanilla-os-large-large-aws-v2,1,ip-172-31-20-156,ranking,benchANT
2026-09-21 18:27:20+00:00,system,n_users,0,dbms,09-2026,yugabyte-2026111-vanilla-os-large-large-aws-v2,1,ip-172-31-20-156,ranking,benchANT
2026-09-21 18:27:30+00:00,system,n_users,0,dbms,09-2026,yugabyte-2026111-vanilla-os-large-large-aws-v2,1,ip-172-31-20-156,ranking,benchANT
2026-09-21 18:27:40+00:00,system,n_users,0,dbms,09-2026,yugabyte-2026111-vanilla-os-large-large-aws-v2,1,ip-172-31-20-156,ranking,benchANT
2026-09-21 18:27:50+00:00,system,n_users,0,dbms,09-2026,yugabyte-2026111-vanilla-os-large-large-aws-v2,1,ip-172-31-20-156,ranking,benchANT
2026-09-21 18:28:00+00:00,system,n_users,0,dbms,09-2026,yugabyte-2026111-vanilla-os-large-large-aws-v2,1,ip-172-31-20-156,ranking,benchANT
2026-09-21 18:28:10+00:00,system,n_users,0,dbms,09-2026,yugabyte-2026111-vanilla-os-large-large-aws-v2,1,ip-172-31-20-156,ranking,benchANT
2026-09-21 18:28:20+00:00,system,n_users,0,dbms,09-2026,yugabyte-2026111-vanilla-os-large-large-aws-v2,1,ip-172-31-20-156,ranking,benchANT
2026-09-21 18:28:30+00:00,system,n_users,0,dbms,09-2026,yugabyte-2026111-vanilla-os-large-large-aws-v2,1,ip-172-31-20-156,ranking,benchANT
2026-09-21 18:28:40+00:00,system,n_users,0,dbms,09-2026,yugabyte-2026111-vanilla-os-large-large-aws-v2,1,ip-172-31-20-156,ranking,benchANT
2026-09-21 18:28:50+00:00,system,n_users,0,dbms,09-2026,yugabyte-2026111-vanilla-os-large-large-aws-v2,1,ip-172-31-20-156,ranking,benchANT
2026-09-21 18:29:00+00:00,system,n_users,0,dbms,09-2026,yugabyte-2026111-vanilla-os-large-large-aws-v2,1,ip-172-31-20-156,ranking,benchANT
2026-09-21 18:29:10+00:00,system,n_users,0,dbms,09-2026,yugabyte-2026111-vanilla-os-large-large-aws-v2,1,ip-172-31-20-156,ranking,benchANT
2026-09-21 18:29:20+00:00,system,n_users,0,dbms,09-2026,yugabyte-2026111-vanilla-os-large-large-aws-v2,1,ip-172-31-20-156,ranking,benchANT
2026-09-21 18:29:30+00:00,system,n_users,0,dbms,09-2026,yugabyte-2026111-vanilla-os-large-large-aws-v2,1,ip-172-31-20-156,ranking,benchANT
2026-09-21 18:29:40+00:00,system,n_users,0,dbms,09-2026,yugabyte-2026111-vanilla-os-large-large-aws-v2,1,ip-172-31-20-156,ranking,benchANT
2026-09-21 18:29:50+00:00,system,n_users,0,dbms,09-2026,yugabyte-2026111-vanilla-os-large-large-aws-v2,1,ip-172-31-20-156,ranking,benchANT
2026-09-21 18:30:00+00:00,system,n_users,0,dbms,09-2026,yugabyte-2026111-vanilla-os-large-large-aws-v2,1,ip-172-31-20-156,ranking,benchANT
2026-09-21 18:30:10+00:00,system,n_users,0,dbms,09-2026,yugabyte-2026111-vanilla-os-large-large-aws-v2,1,ip-172-31-20-156,ranking,benchANT
2026-09-21 18:30:20+00:00,system,n_users,0,dbms,09-2026,yugabyte-2026111-vanilla-os-large-large-aws-v2,1,ip-172-31-20-156,ranking,benchANT
2026-09-21 18:30:30+00:00,system,n_users,0,dbms,09-2026,yugabyte-2026111-vanilla-os-large-large-aws-v2,1,ip-172-31-20-156,ranking,benchANT
2026-09-21 18:30:40+00:00,system,n_users,0,dbms,09-2026,yugabyte-2026111-vanilla-os-large-large-aws-v2,1,ip-172-31-20-156,ranking,benchANT
2026-09-21 18:30:50+00:00,system,n_users,0,dbms,09-2026,yugabyte-2026111-vanilla-os-large-large-aws-v2,1,ip-172-31-20-156,ranking,benchANT
2026-09-21 18:31:00+00:00,system,n_users,0,dbms,09-2026,yugabyte-2026111-vanilla-os-large-large-aws-v2,1,ip-172-31-20-156,ranking,benchANT
2026-09-21 18:31:10+00:00,system,n_users,0,dbms,09-2026,yugabyte-2026111-vanilla-os-large-large-aws-v2,1,ip-172-31-20-156,ranking,benchANT
2026-09-21 18:31:20+00:00,system,n_users,0,dbms,09-2026,yugabyte-2026111-vanilla-os-large-large-aws-v2,1,ip-172-31-20-156,ranking,benchANT
2026-09-21 18:31:30+00:00,system,n_users,0,dbms,09-2026,yugabyte-2026111-vanilla-os-large-large-aws-v2,1,ip-172-31-20-156,ranking,benchANT
2026-09-21 18:31:40+00:00,system,n_users,0,dbms,09-2026,yugabyte-2026111-vanilla-os-large-large-aws-v2,1,ip-172-31-20-156,ranking,benchANT
2026-09-21 18:31:50+00:00,system,n_users,0,dbms,09-2026,yugabyte-2026111-vanilla-os-large-large-aws-v2,1,ip-172-31-20-156,ranking,benchANT
2026-09-21 18:32:00+00:00,system,n_users,0,dbms,09-2026,yugabyte-2026111-vanilla-os-large-large-aws-v2,1,ip-172-31-20-156,ranking,benchANT
2026-09-21 18:32:10+00:00,system,n_users,0,dbms,09-2026,yugabyte-2026111-vanilla-os-large-large-aws-v2,1,ip-172-31-20-156,ranking,benchANT
2026-09-21 18:32:20+00:00,system,n_users,0,dbms,09-2026,yugabyte-2026111-vanilla-os-large-large-aws-v2,1,ip-172-31-20-156,ranking,benchANT
2026-09-21 18:32:30+00:00,system,n_users,0,dbms,09-2026,yugabyte-2026111-vanilla-os-large-large-aws-v2,1,ip-172-31-20-156,ranking,benchANT
2026-09-21 18:32:40+00:00,system,n_users,0,dbms,09-2026,yugabyte-2026111-vanilla-os-large-large-aws-v2,1,ip-172-31-20-156,ranking,benchANT
2026-09-21 18:32:50+00:00,system,n_users,0,dbms,09-2026,yugabyte-2026111-vanilla-os-large-large-aws-v2,1,ip-172-31-20-156,ranking,benchANT
2026-09-21 18:33:00+00:00,system,n_users,0,dbms,09-2026,yugabyte-2026111-vanilla-os-large-large-aws-v2,1,ip-172-31-20-156,ranking,benchANT
2026-09-21 18:33:10+00:00,system,n_users,0,dbms,09-2026,yugabyte-2026111-vanilla-os-large-large-aws-v2,1,ip-172-31-20-156,ranking,benchANT
2026-09-21 18:33:20+00:00,system,n_users,0,dbms,09-2026,yugabyte-2026111-vanilla-os-large-large-aws-v2,1,ip-172-31-20-156,ranking,benchANT
2026-09-21 18:33:30+00:00,system,n_users,0,dbms,09-2026,yugabyte-2026111-vanilla-os-large-large-aws-v2,1,ip-172-31-20-156,ranking,benchANT
2026-09-21 18:33:40+00:00,system,n_users,0,dbms,09-2026,yugabyte-2026111-vanilla-os-large-large-aws-v2,1,ip-172-31-20-156,ranking,benchANT
2026-09-21 18:33:50+00:00,system,n_users,0,dbms,09-2026,yugabyte-2026111-vanilla-os-large-large-aws-v2,1,ip-172-31-20-156,ranking,benchANT
2026-09-21 18:34:00+00:00,system,n_users,0,dbms,09-2026,yugabyte-2026111-vanilla-os-large-large-aws-v2,1,ip-172-31-20-156,ranking,benchANT
2026-09-21 18:34:10+00:00,system,n_users,0,dbms,09-2026,yugabyte-2026111-vanilla-os-large-large-aws-v2,1,ip-172-31-20-156,ranking,benchANT
2026-09-21 18:34:20+00:00,system,n_users,0,dbms,09-2026,yugabyte-2026111-vanilla-os-large-large-aws-v2,1,ip-172-31-20-156,ranking,benchANT
2026-09-21 18:34:30+00:00,system,n_users,0,dbms,09-2026,yugabyte-2026111-vanilla-os-large-large-aws-v2,1,ip-172-31-20-156,ranking,benchANT
2026-09-21 18:34:40+00:00,system,n_users,0,dbms,09-2026,yugabyte-2026111-vanilla-os-large-large-aws-v2,1,ip-172-31-20-156,ranking,benchANT
2026-09-21 18:34:50+00:00,system,n_users,0,dbms,09-2026,yugabyte-2026111-vanilla-os-large-large-aws-v2,1,ip-172-31-20-156,ranking,benchANT
2026-09-21 18:35:00+00:00,system,n_users,0,dbms,09-2026,yugabyte-2026111-vanilla-os-large-large-aws-v2,1,ip-172-31-20-156,ranking,benchANT
2026-09-21 18:35:10+00:00,system,n_users,0,dbms,09-2026,yugabyte-2026111-vanilla-os-large-large-aws-v2,1,ip-172-31-20-156,ranking,benchANT
2026-09-21 18:35:20+00:00,system,n_users,0,dbms,09-2026,yugabyte-2026111-vanilla-os-large-large-aws-v2,1,ip-172-31-20-156,ranking,benchANT
2026-09-21 18:35:30+00:00,system,n_users,0,dbms,09-2026,yugabyte-2026111-vanilla-os-large-large-aws-v2,1,ip-172-31-20-156,ranking,benchANT
2026-09-21 18:35:40+00:00,system,n_users,0,dbms,09-2026,yugabyte-2026111-vanilla-os-large-large-aws-v2,1,ip-172-31-20-156,ranking,benchANT
2026-09-21 18:35:50+00:00,system,n_users,0,dbms,09-2026,yugabyte-2026111-vanilla-os-large-large-aws-v2,1,ip-172-31-20-156,ranking,benchANT
2026-09-21 18:36:00+00:00,system,n_users,0,dbms,09-2026,yugabyte-2026111-vanilla-os-large-large-aws-v2,1,ip-172-31-20-156,ranking,benchANT
2026-09-21 18:36:10+00:00,system,n_users,0,dbms,09-2026,yugabyte-2026111-vanilla-os-large-large-aws-v2,1,ip-172-31-20-156,ranking,benchANT
2026-09-21 18:36:20+00:00,system,n_users,0,dbms,09-2026,yugabyte-2026111-vanilla-os-large-large-aws-v2,1,ip-172-31-20-156,ranking,benchANT
2026-09-21 18:36:30+00:00,system,n_users,0,dbms,09-2026,yugabyte-2026111-vanilla-os-large-large-aws-v2,1,ip-172-31-20-156,ranking,benchANT
2026-09-21 18:36:40+00:00,system,n_users,0,dbms,09-2026,yugabyte-2026111-vanilla-os-large-large-aws-v2,1,ip-172-31-20-156,ranking,benchANT
2026-09-21 18:36:50+00:00,system,n_users,0,dbms,09-2026,yugabyte-2026111-vanilla-os-large-large-aws-v2,1,ip-172-31-20-156,ranking,benchANT
2026-09-21 18:37:00+00:00,system,n_users,0,dbms,09-2026,yugabyte-2026111-vanilla-os-large-large-aws-v2,1,ip-172-31-20-156,ranking,benchANT
2026-09-21 18:37:10+00:00,system,n_users,0,dbms,09-2026,yugabyte-2026111-vanilla-os-large-large-aws-v2,1,ip-172-31-20-156,ranking,benchANT
2026-09-21 18:37:20+00:00,system,n_users,0,dbms,09-2026,yugabyte-2026111-vanilla-os-large-large-aws-v2,1,ip-172-31-20-156,ranking,benchANT
2026-09-21 18:37:30+00:00,system,n_users,0,dbms,09-2026,yugabyte-2026111-vanilla-os-large-large-aws-v2,1,ip-172-31-20-156,ranking,benchANT
2026-09-21 18:37:40+00:00,system,n_users,0,dbms,09-2026,yugabyte-2026111-vanilla-os-large-large-aws-v2,1,ip-172-31-20-156,ranking,benchANT
2026-09-21 18:37:50+00:00,system,n_users,0,dbms,09-2026,yugabyte-2026111-vanilla-os-large-large-aws-v2,1,ip-172-31-20-156,ranking,benchANT
2026-09-21 18:38:00+00:00,system,n_users,0,dbms,09-2026,yugabyte-2026111-vanilla-os-large-large-aws-v2,1,ip-172-31-20-156,ranking,benchANT
2026-09-21 18:38:10+00:00,system,n_users,0,dbms,09-2026,yugabyte-2026111-vanilla-os-large-large-aws-v2,1,ip-172-31-20-156,ranking,benchANT
2026-09-21 18:38:20+00:00,system,n_users,0,dbms,09-2026,yugabyte-2026111-vanilla-os-large-large-aws-v2,1,ip-172-31-20-156,ranking,benchANT
2026-09-21 18:38:30+00:00,system,n_users,0,dbms,09-2026,yugabyte-2026111-vanilla-os-large-large-aws-v2,1,ip-172-31-20-156,ranking,benchANT
2026-09-21 18:38:40+00:00,system,n_users,0,dbms,09-2026,yugabyte-2026111-vanilla-os-large-large-aws-v2,1,ip-172-31-20-156,ranking,benchANT
2026-09-21 18:38:50+00:00,system,n_users,0,dbms,09-2026,yugabyte-2026111-vanilla-os-large-large-aws-v2,1,ip-172-31-20-156,ranking,benchANT
2026-09-21 18:39:00+00:00,system,n_users,0,dbms,09-2026,yugabyte-2026111-vanilla-os-large-large-aws-v2,1,ip-172-31-20-156,ranking,benchANT
2026-09-21 18:39:10+00:00,system,n_users,0,dbms,09-2026,yugabyte-2026111-vanilla-os-large-large-aws-v2,1,ip-172-31-20-156,ranking,benchANT
2026-09-21 18:39:20+00:00,system,n_users,0,dbms,09-2026,yugabyte-2026111-vanilla-os-large-large-aws-v2,1,ip-172-31-20-156,ranking,benchANT
2026-09-21 18:39:30+00:00,system,n_users,0,dbms,09-2026,yugabyte-2026111-vanilla-os-large-large-aws-v2,1,ip-172-31-20-156,ranking,benchANT
2026-09-21 18:39:40+00:00,system,n_users,0,dbms,09-2026,yugabyte-2026111-vanilla-os-large-large-aws-v2,1,ip-172-31-20-156,ranking,benchANT
2026-09-21 18:39:50+00:00,system,n_users,0,dbms,09-2026,yugabyte-2026111-vanilla-os-large-large-aws-v2,1,ip-172-31-20-156,ranking,benchANT
2026-09-21 18:40:00+00:00,system,n_users,0,dbms,09-2026,yugabyte-2026111-vanilla-os-large-large-aws-v2,1,ip-172-31-20-156,ranking,benchANT
2026-09-21 18:40:10+00:00,system,n_users,0,dbms,09-2026,yugabyte-2026111-vanilla-os-large-large-aws-v2,1,ip-172-31-20-156,ranking,benchANT
2026-09-21 18:40:20+00:00,system,n_users,0,dbms,09-2026,yugabyte-2026111-vanilla-os-large-large-aws-v2,1,ip-172-31-20-156,ranking,benchANT
2026-09-21 18:40:30+00:00,system,n_users,0,dbms,09-2026,yugabyte-2026111-vanilla-os-large-large-aws-v2,1,ip-172-31-20-156,ranking,benchANT
2026-09-21 18:40:40+00:00,system,n_users,0,dbms,09-2026,yugabyte-2026111-vanilla-os-large-large-aws-v2,1,ip-172-31-20-156,ranking,benchANT
2026-09-21 18:40:50+00:00,system,n_users,0,dbms,09-2026,yugabyte-2026111-vanilla-os-large-large-aws-v2,1,ip-172-31-20-156,ranking,benchANT
2026-09-21 18:41:00+00:00,system,n_users,0,dbms,09-2026,yugabyte-2026111-vanilla-os-large-large-aws-v2,1,ip-172-31-20-156,ranking,benchANT
2026-09-21 18:41:10+00:00,system,n_users,0,dbms,09-2026,yugabyte-2026111-vanilla-os-large-large-aws-v2,1,ip-172-31-20-156,ranking,benchANT
2026-09-21 18:41:20+00:00,system,n_users,0,dbms,09-2026,yugabyte-2026111-vanilla-os-large-large-aws-v2,1,ip-172-31-20-156,ranking,benchANT
2026-09-21 18:41:30+00:00,system,n_users,0,dbms,09-2026,yugabyte-2026111-vanilla-os-large-large-aws-v2,1,ip-172-31-20-156,ranking,benchANT
2026-09-21 18:41:40+00:00,system,n_users,0,dbms,09-2026,yugabyte-2026111-vanilla-os-large-large-aws-v2,1,ip-172-31-20-156,ranking,benchANT
2026-09-21 18:41:50+00:00,system,n_users,0,dbms,09-2026,yugabyte-2026111-vanilla-os-large-large-aws-v2,1,ip-172-31-20-156,ranking,benchANT
2026-09-21 18:42:00+00:00,system,n_users,0,dbms,09-2026,yugabyte-2026111-vanilla-os-large-large-aws-v2,1,ip-172-31-20-156,ranking,benchANT
2026-09-21 18:42:10+00:00,system,n_users,0,dbms,09-2026,yugabyte-2026111-vanilla-os-large-large-aws-v2,1,ip-172-31-20-156,ranking,benchANT
2026-09-21 18:42:20+00:00,system,n_users,0,dbms,09-2026,yugabyte-2026111-vanilla-os-large-large-aws-v2,1,ip-172-31-20-156,ranking,benchANT
2026-09-21 18:42:30+00:00,system,n_users,0,dbms,09-2026,yugabyte-2026111-vanilla-os-large-large-aws-v2,1,ip-172-31-20-156,ranking,benchANT
2026-09-21 18:42:40+00:00,system,n_users,0,dbms,09-2026,yugabyte-2026111-vanilla-os-large-large-aws-v2,1,ip-172-31-20-156,ranking,benchANT
2026-09-21 18:42:50+00:00,system,n_users,0,dbms,09-2026,yugabyte-2026111-vanilla-os-large-large-aws-v2,1,ip-172-31-20-156,ranking,benchANT
2026-09-21 18:43:00+00:00,system,n_users,0,dbms,09-2026,yugabyte-2026111-vanilla-os-large-large-aws-v2,1,ip-172-31-20-156,ranking,benchANT
2026-09-21 18:43:10+00:00,system,n_users,0,dbms,09-2026,yugabyte-2026111-vanilla-os-large-large-aws-v2,1,ip-172-31-20-156,ranking,benchANT
2026-09-21 18:43:20+00:00,system,n_users,0,dbms,09-2026,yugabyte-2026111-vanilla-os-large-large-aws-v2,1,ip-172-31-20-156,ranking,benchANT
2026-09-21 18:43:30+00:00,system,n_users,0,dbms,09-2026,yugabyte-2026111-vanilla-os-large-large-aws-v2,1,ip-172-31-20-156,ranking,benchANT
2026-09-21 18:43:40+00:00,system,n_users,0,dbms,09-2026,yugabyte-2026111-vanilla-os-large-large-aws-v2,1,ip-172-31-20-156,ranking,benchANT
2026-09-21 18:43:50+00:00,system,n_users,0,dbms,09-2026,yugabyte-2026111-vanilla-os-large-large-aws-v2,1,ip-172-31-20-156,ranking,benchANT
2026-09-21 18:44:00+00:00,system,n_users,0,dbms,09-2026,yugabyte-2026111-vanilla-os-large-large-aws-v2,1,ip-172-31-20-156,ranking,benchANT
2026-09-21 18:44:10+00:00,system,n_users,0,dbms,09-2026,yugabyte-2026111-vanilla-os-large-large-aws-v2,1,ip-172-31-20-156,ranking,benchANT
2026-09-21 18:44:20+00:00,system,n_users,0,dbms,09-2026,yugabyte-2026111-vanilla-os-large-large-aws-v2,1,ip-172-31-20-156,ranking,benchANT
2026-09-21 18:44:30+00:00,system,n_users,0,dbms,09-2026,yugabyte-2026111-vanilla-os-large-large-aws-v2,1,ip-172-31-20-156,ranking,benchANT
2026-09-21 18:44:40+00:00,system,n_users,0,dbms,09-2026,yugabyte-2026111-vanilla-os-large-large-aws-v2,1,ip-172-31-20-156,ranking,benchANT
2026-09-21 18:44:50+00:00,system,n_users,0,dbms,09-2026,yugabyte-2026111-vanilla-os-large-large-aws-v2,1,ip-172-31-20-156,ranking,benchANT
2026-09-21 18:45:00+00:00,system,n_users,0,dbms,09-2026,yugabyte-2026111-vanilla-os-large-large-aws-v2,1,ip-172-31-20-156,ranking,benchANT
2026-09-21 18:45:10+00:00,system,n_users,0,dbms,09-2026,yugabyte-2026111-vanilla-os-large-large-aws-v2,1,ip-172-31-20-156,ranking,benchANT
2026-09-21 18:45:20+00:00,system,n_users,0,dbms,09-2026,yugabyte-2026111-vanilla-os-large-large-aws-v2,1,ip-172-31-20-156,ranking,benchANT
2026-09-21 18:45:30+00:00,system,n_users,0,dbms,09-2026,yugabyte-2026111-vanilla-os-large-large-aws-v2,1,ip-172-31-20-156,ranking,benchANT
2026-09-21 18:45:40+00:00,system,n_users,0,dbms,09-2026,yugabyte-2026111-vanilla-os-large-large-aws-v2,1,ip-172-31-20-156,ranking,benchANT
2026-09-21 18:45:50+00:00,system,n_users,0,dbms,09-2026,yugabyte-2026111-vanilla-os-large-large-aws-v2,1,ip-172-31-20-156,ranking,benchANT
2026-09-21 18:46:00+00:00,system,n_users,0,dbms,09-2026,yugabyte-2026111-vanilla-os-large-large-aws-v2,1,ip-172-31-20-156,ranking,benchANT
2026-09-21 18:46:10+00:00,system,n_users,0,dbms,09-2026,yugabyte-2026111-vanilla-os-large-large-aws-v2,1,ip-172-31-20-156,ranking,benchANT
2026-09-21 18:46:20+00:00,system,n_users,0,dbms,09-2026,yugabyte-2026111-vanilla-os-large-large-aws-v2,1,ip-172-31-20-156,ranking,benchANT
2026-09-21 18:46:30+00:00,system,n_users,0,dbms,09-2026,yugabyte-2026111-vanilla-os-large-large-aws-v2,1,ip-172-31-20-156,ranking,benchANT
2026-09-21 18:46:40+00:00,system,n_users,0,dbms,09-2026,yugabyte-2026111-vanilla-os-large-large-aws-v2,1,ip-172-31-20-156,ranking,benchANT
2026-09-21 18:46:50+00:00,system,n_users,0,dbms,09-2026,yugabyte-2026111-vanilla-os-large-large-aws-v2,1,ip-172-31-20-156,ranking,benchANT
2026-09-21 18:47:00+00:00,system,n_users,0,dbms,09-2026,yugabyte-2026111-vanilla-os-large-large-aws-v2,1,ip-172-31-20-156,ranking,benchANT
2026-09-21 18:47:10+00:00,system,n_users,0,dbms,09-2026,yugabyte-2026111-vanilla-os-large-large-aws-v2,1,ip-172-31-20-156,ranking,benchANT
2026-09-21 18:47:20+00:00,system,n_users,0,dbms,09-2026,yugabyte-2026111-vanilla-os-large-large-aws-v2,1,ip-172-31-20-156,ranking,benchANT
2026-09-21 18:47:30+00:00,system,n_users,0,dbms,09-2026,yugabyte-2026111-vanilla-os-large-large-aws-v2,1,ip-172-31-20-156,ranking,benchANT
2026-09-21 18:47:40+00:00,system,n_users,0,dbms,09-2026,yugabyte-2026111-vanilla-os-large-large-aws-v2,1,ip-172-31-20-156,ranking,benchANT
2026-09-21 18:47:50+00:00,system,n_users,0,dbms,09-2026,yugabyte-2026111-vanilla-os-large-large-aws-v2,1,ip-172-31-20-156,ranking,benchANT
2026-09-21 18:48:00+00:00,system,n_users,0,dbms,09-2026,yugabyte-2026111-vanilla-os-large-large-aws-v2,1,ip-172-31-20-156,ranking,benchANT
2026-09-21 18:48:10+00:00,system,n_users,0,dbms,09-2026,yugabyte-2026111-vanilla-os-large-large-aws-v2,1,ip-172-31-20-156,ranking,benchANT
2026-09-21 18:48:20+00:00,system,n_users,0,dbms,09-2026,yugabyte-2026111-vanilla-os-large-large-aws-v2,1,ip-172-31-20-156,ranking,benchANT
2026-09-21 18:48:30+00:00,system,n_users,0,dbms,09-2026,yugabyte-2026111-vanilla-os-large-large-aws-v2,1,ip-172-31-20-156,ranking,benchANT
2026-09-21 18:48:40+00:00,system,n_users,0,dbms,09-2026,yugabyte-2026111-vanilla-os-large-large-aws-v2,1,ip-172-31-20-156,ranking,benchANT
2026-09-21 18:24:20+00:00,system,uptime,1092,dbms,09-2026,yugabyte-2026111-vanilla-os-large-large-aws-v2,1,ip-172-31-20-156,ranking,benchANT
2026-09-21 18:24:30+00:00,system,uptime,1102,dbms,09-2026,yugabyte-2026111-vanilla-os-large-large-aws-v2,1,ip-172-31-20-156,ranking,benchANT
2026-09-21 18:24:40+00:00,system,uptime,1112,dbms,09-2026,yugabyte-2026111-vanilla-os-large-large-aws-v2,1,ip-172-31-20-156,ranking,benchANT
2026-09-21 18:24:50+00:00,system,uptime,1122,dbms,09-2026,yugabyte-2026111-vanilla-os-large-large-aws-v2,1,ip-172-31-20-156,ranking,benchANT
2026-09-21 18:25:00+00:00,system,uptime,1132,dbms,09-2026,yugabyte-2026111-vanilla-os-large-large-aws-v2,1,ip-172-31-20-156,ranking,benchANT
2026-09-21 18:25:10+00:00,system,uptime,1142,dbms,09-2026,yugabyte-2026111-vanilla-os-large-large-aws-v2,1,ip-172-31-20-156,ranking,benchANT
2026-09-21 18:25:20+00:00,system,uptime,1152,dbms,09-2026,yugabyte-2026111-vanilla-os-large-large-aws-v2,1,ip-172-31-20-156,ranking,benchANT
2026-09-21 18:25:30+00:00,system,uptime,1162,dbms,09-2026,yugabyte-2026111-vanilla-os-large-large-aws-v2,1,ip-172-31-20-156,ranking,benchANT
2026-09-21 18:25:40+00:00,system,uptime,1172,dbms,09-2026,yugabyte-2026111-vanilla-os-large-large-aws-v2,1,ip-172-31-20-156,ranking,benchANT
2026-09-21 18:25:50+00:00,system,uptime,1182,dbms,09-2026,yugabyte-2026111-vanilla-os-large-large-aws-v2,1,ip-172-31-20-156,ranking,benchANT
2026-09-21 18:26:00+00:00,system,uptime,1192,dbms,09-2026,yugabyte-2026111-vanilla-os-large-large-aws-v2,1,ip-172-31-20-156,ranking,benchANT
2026-09-21 18:26:10+00:00,system,uptime,1202,dbms,09-2026,yugabyte-2026111-vanilla-os-large-large-aws-v2,1,ip-172-31-20-156,ranking,benchANT
2026-09-21 18:26:20+00:00,system,uptime,1212,dbms,09-2026,yugabyte-2026111-vanilla-os-large-large-aws-v2,1,ip-172-31-20-156,ranking,benchANT
2026-09-21 18:26:30+00:00,system,uptime,1222,dbms,09-2026,yugabyte-2026111-vanilla-os-large-large-aws-v2,1,ip-172-31-20-156,ranking,benchANT
2026-09-21 18:26:40+00:00,system,uptime,1232,dbms,09-2026,yugabyte-2026111-vanilla-os-large-large-aws-v2,1,ip-172-31-20-156,ranking,benchANT
2026-09-21 18:26:50+00:00,system,uptime,1242,dbms,09-2026,yugabyte-2026111-vanilla-os-large-large-aws-v2,1,ip-172-31-20-156,ranking,benchANT
2026-09-21 18:27:00+00:00,system,uptime,1252,dbms,09-2026,yugabyte-2026111-vanilla-os-large-large-aws-v2,1,ip-172-31-20-156,ranking,benchANT
2026-09-21 18:27:10+00:00,system,uptime,1262,dbms,09-2026,yugabyte-2026111-vanilla-os-large-large-aws-v2,1,ip-172-31-20-156,ranking,benchANT
2026-09-21 18:27:20+00:00,system,uptime,1272,dbms,09-2026,yugabyte-2026111-vanilla-os-large-large-aws-v2,1,ip-172-31-20-156,ranking,benchANT
2026-09-21 18:27:30+00:00,system,uptime,1282,dbms,09-2026,yugabyte-2026111-vanilla-os-large-large-aws-v2,1,ip-172-31-20-156,ranking,benchANT
2026-09-21 18:27:40+00:00,system,uptime,1292,dbms,09-2026,yugabyte-2026111-vanilla-os-large-large-aws-v2,1,ip-172-31-20-156,ranking,benchANT
2026-09-21 18:27:50+00:00,system,uptime,1302,dbms,09-2026,yugabyte-2026111-vanilla-os-large-large-aws-v2,1,ip-172-31-20-156,ranking,benchANT
2026-09-21 18:28:00+00:00,system,uptime,1312,dbms,09-2026,yugabyte-2026111-vanilla-os-large-large-aws-v2,1,ip-172-31-20-156,ranking,benchANT
2026-09-21 18:28:10+00:00,system,uptime,1322,dbms,09-2026,yugabyte-2026111-vanilla-os-large-large-aws-v2,1,ip-172-31-20-156,ranking,benchANT
2026-09-21 18:28:20+00:00,system,uptime,1332,dbms,09-2026,yugabyte-2026111-vanilla-os-large-large-aws-v2,1,ip-172-31-20-156,ranking,benchANT
2026-09-21 18:28:30+00:00,system,uptime,1342,dbms,09-2026,yugabyte-2026111-vanilla-os-large-large-aws-v2,1,ip-172-31-20-156,ranking,benchANT
2026-09-21 18:28:40+00:00,system,uptime,1352,dbms,09-2026,yugabyte-2026111-vanilla-os-large-large-aws-v2,1,ip-172-31-20-156,ranking,benchANT
2026-09-21 18:28:50+00:00,system,uptime,1362,dbms,09-2026,yugabyte-2026111-vanilla-os-large-large-aws-v2,1,ip-172-31-20-156,ranking,benchANT
2026-09-21 18:29:00+00:00,system,uptime,1372,dbms,09-2026,yugabyte-2026111-vanilla-os-large-large-aws-v2,1,ip-172-31-20-156,ranking,benchANT
2026-09-21 18:29:10+00:00,system,uptime,1382,dbms,09-2026,yugabyte-2026111-vanilla-os-large-large-aws-v2,1,ip-172-31-20-156,ranking,benchANT
2026-09-21 18:29:20+00:00,system,uptime,1392,dbms,09-2026,yugabyte-2026111-vanilla-os-large-large-aws-v2,1,ip-172-31-20-156,ranking,benchANT
2026-09-21 18:29:30+00:00,system,uptime,1402,dbms,09-2026,yugabyte-2026111-vanilla-os-large-large-aws-v2,1,ip-172-31-20-156,ranking,benchANT
2026-09-21 18:29:40+00:00,system,uptime,1412,dbms,09-2026,yugabyte-2026111-vanilla-os-large-large-aws-v2,1,ip-172-31-20-156,ranking,benchANT
2026-09-21 18:29:50+00:00,system,uptime,1422,dbms,09-2026,yugabyte-2026111-vanilla-os-large-large-aws-v2,1,ip-172-31-20-156,ranking,benchANT
2026-09-21 18:30:00+00:00,system,uptime,1432,dbms,09-2026,yugabyte-2026111-vanilla-os-large-large-aws-v2,1,ip-172-31-20-156,ranking,benchANT
2026-09-21 18:30:10+00:00,system,uptime,1442,dbms,09-2026,yugabyte-2026111-vanilla-os-large-large-aws-v2,1,ip-172-31-20-156,ranking,benchANT
2026-09-21 18:30:20+00:00,system,uptime,1452,dbms,09-2026,yugabyte-2026111-vanilla-os-large-large-aws-v2,1,ip-172-31-20-156,ranking,benchANT
2026-09-21 18:30:30+00:00,system,uptime,1462,dbms,09-2026,yugabyte-2026111-vanilla-os-large-large-aws-v2,1,ip-172-31-20-156,ranking,benchANT
2026-09-21 18:30:40+00:00,system,uptime,1472,dbms,09-2026,yugabyte-2026111-vanilla-os-large-large-aws-v2,1,ip-172-31-20-156,ranking,benchANT
2026-09-21 18:30:50+00:00,system,uptime,1482,dbms,09-2026,yugabyte-2026111-vanilla-os-large-large-aws-v2,1,ip-172-31-20-156,ranking,benchANT
2026-09-21 18:31:00+00:00,system,uptime,1492,dbms,09-2026,yugabyte-2026111-vanilla-os-large-large-aws-v2,1,ip-172-31-20-156,ranking,benchANT
2026-09-21 18:31:10+00:00,system,uptime,1502,dbms,09-2026,yugabyte-2026111-vanilla-os-large-large-aws-v2,1,ip-172-31-20-156,ranking,benchANT
2026-09-21 18:31:20+00:00,system,uptime,1512,dbms,09-2026,yugabyte-2026111-vanilla-os-large-large-aws-v2,1,ip-172-31-20-156,ranking,benchANT
2026-09-21 18:31:30+00:00,system,uptime,1522,dbms,09-2026,yugabyte-2026111-vanilla-os-large-large-aws-v2,1,ip-172-31-20-156,ranking,benchANT
2026-09-21 18:31:40+00:00,system,uptime,1532,dbms,09-2026,yugabyte-2026111-vanilla-os-large-large-aws-v2,1,ip-172-31-20-156,ranking,benchANT
2026-09-21 18:31:50+00:00,system,uptime,1542,dbms,09-2026,yugabyte-2026111-vanilla-os-large-large-aws-v2,1,ip-172-31-20-156,ranking,benchANT
2026-09-21 18:32:00+00:00,system,uptime,1552,dbms,09-2026,yugabyte-2026111-vanilla-os-large-large-aws-v2,1,ip-172-31-20-156,ranking,benchANT
2026-09-21 18:32:10+00:00,system,uptime,1562,dbms,09-2026,yugabyte-2026111-vanilla-os-large-large-aws-v2,1,ip-172-31-20-156,ranking,benchANT
2026-09-21 18:32:20+00:00,system,uptime,1572,dbms,09-2026,yugabyte-2026111-vanilla-os-large-large-aws-v2,1,ip-172-31-20-156,ranking,benchANT
2026-09-21 18:32:30+00:00,system,uptime,1582,dbms,09-2026,yugabyte-2026111-vanilla-os-large-large-aws-v2,1,ip-172-31-20-156,ranking,benchANT
2026-09-21 18:32:40+00:00,system,uptime,1592,dbms,09-2026,yugabyte-2026111-vanilla-os-large-large-aws-v2,1,ip-172-31-20-156,ranking,benchANT
2026-09-21 18:32:50+00:00,system,uptime,1602,dbms,09-2026,yugabyte-2026111-vanilla-os-large-large-aws-v2,1,ip-172-31-20-156,ranking,benchANT
2026-09-21 18:33:00+00:00,system,uptime,1612,dbms,09-2026,yugabyte-2026111-vanilla-os-large-large-aws-v2,1,ip-172-31-20-156,ranking,benchANT
2026-09-21 18:33:10+00:00,system,uptime,1622,dbms,09-2026,yugabyte-2026111-vanilla-os-large-large-aws-v2,1,ip-172-31-20-156,ranking,benchANT
2026-09-21 18:33:20+00:00,system,uptime,1632,dbms,09-2026,yugabyte-2026111-vanilla-os-large-large-aws-v2,1,ip-172-31-20-156,ranking,benchANT
2026-09-21 18:33:30+00:00,system,uptime,1642,dbms,09-2026,yugabyte-2026111-vanilla-os-large-large-aws-v2,1,ip-172-31-20-156,ranking,benchANT
2026-09-21 18:33:40+00:00,system,uptime,1652,dbms,09-2026,yugabyte-2026111-vanilla-os-large-large-aws-v2,1,ip-172-31-20-156,ranking,benchANT
2026-09-21 18:33:50+00:00,system,uptime,1662,dbms,09-2026,yugabyte-2026111-vanilla-os-large-large-aws-v2,1,ip-172-31-20-156,ranking,benchANT
2026-09-21 18:34:00+00:00,system,uptime,1672,dbms,09-2026,yugabyte-2026111-vanilla-os-large-large-aws-v2,1,ip-172-31-20-156,ranking,benchANT
2026-09-21 18:34:10+00:00,system,uptime,1682,dbms,09-2026,yugabyte-2026111-vanilla-os-large-large-aws-v2,1,ip-172-31-20-156,ranking,benchANT
2026-09-21 18:34:20+00:00,system,uptime,1692,dbms,09-2026,yugabyte-2026111-vanilla-os-large-large-aws-v2,1,ip-172-31-20-156,ranking,benchANT
2026-09-21 18:34:30+00:00,system,uptime,1702,dbms,09-2026,yugabyte-2026111-vanilla-os-large-large-aws-v2,1,ip-172-31-20-156,ranking,benchANT
2026-09-21 18:34:40+00:00,system,uptime,1712,dbms,09-2026,yugabyte-2026111-vanilla-os-large-large-aws-v2,1,ip-172-31-20-156,ranking,benchANT
2026-09-21 18:34:50+00:00,system,uptime,1722,dbms,09-2026,yugabyte-2026111-vanilla-os-large-large-aws-v2,1,ip-172-31-20-156,ranking,benchANT
2026-09-21 18:35:00+00:00,system,uptime,1732,dbms,09-2026,yugabyte-2026111-vanilla-os-large-large-aws-v2,1,ip-172-31-20-156,ranking,benchANT
2026-09-21 18:35:10+00:00,system,uptime,1742,dbms,09-2026,yugabyte-2026111-vanilla-os-large-large-aws-v2,1,ip-172-31-20-156,ranking,benchANT
2026-09-21 18:35:20+00:00,system,uptime,1752,dbms,09-2026,yugabyte-2026111-vanilla-os-large-large-aws-v2,1,ip-172-31-20-156,ranking,benchANT
2026-09-21 18:35:30+00:00,system,uptime,1762,dbms,09-2026,yugabyte-2026111-vanilla-os-large-large-aws-v2,1,ip-172-31-20-156,ranking,benchANT
2026-09-21 18:35:40+00:00,system,uptime,1772,dbms,09-2026,yugabyte-2026111-vanilla-os-large-large-aws-v2,1,ip-172-31-20-156,ranking,benchANT
2026-09-21 18:35:50+00:00,system,uptime,1782,dbms,09-2026,yugabyte-2026111-vanilla-os-large-large-aws-v2,1,ip-172-31-20-156,ranking,benchANT
2026-09-21 18:36:00+00:00,system,uptime,1792,dbms,09-2026,yugabyte-2026111-vanilla-os-large-large-aws-v2,1,ip-172-31-20-156,ranking,benchANT
2026-09-21 18:36:10+00:00,system,uptime,1802,dbms,09-2026,yugabyte-2026111-vanilla-os-large-large-aws-v2,1,ip-172-31-20-156,ranking,benchANT
2026-09-21 18:36:20+00:00,system,uptime,1812,dbms,09-2026,yugabyte-2026111-vanilla-os-large-large-aws-v2,1,ip-172-31-20-156,ranking,benchANT
2026-09-21 18:36:30+00:00,system,uptime,1822,dbms,09-2026,yugabyte-2026111-vanilla-os-large-large-aws-v2,1,ip-172-31-20-156,ranking,benchANT
2026-09-21 18:36:40+00:00,system,uptime,1832,dbms,09-2026,yugabyte-2026111-vanilla-os-large-large-aws-v2,1,ip-172-31-20-156,ranking,benchANT
2026-09-21 18:36:50+00:00,system,uptime,1842,dbms,09-2026,yugabyte-2026111-vanilla-os-large-large-aws-v2,1,ip-172-31-20-156,ranking,benchANT
2026-09-21 18:37:00+00:00,system,uptime,1852,dbms,09-2026,yugabyte-2026111-vanilla-os-large-large-aws-v2,1,ip-172-31-20-156,ranking,benchANT
2026-09-21 18:37:10+00:00,system,uptime,1862,dbms,09-2026,yugabyte-2026111-vanilla-os-large-large-aws-v2,1,ip-172-31-20-156,ranking,benchANT
2026-09-21 18:37:20+00:00,system,uptime,1872,dbms,09-2026,yugabyte-2026111-vanilla-os-large-large-aws-v2,1,ip-172-31-20-156,ranking,benchANT
2026-09-21 18:37:30+00:00,system,uptime,1882,dbms,09-2026,yugabyte-2026111-vanilla-os-large-large-aws-v2,1,ip-172-31-20-156,ranking,benchANT
2026-09-21 18:37:40+00:00,system,uptime,1892,dbms,09-2026,yugabyte-2026111-vanilla-os-large-large-aws-v2,1,ip-172-31-20-156,ranking,benchANT
2026-09-21 18:37:50+00:00,system,uptime,1902,dbms,09-2026,yugabyte-2026111-vanilla-os-large-large-aws-v2,1,ip-172-31-20-156,ranking,benchANT
2026-09-21 18:38:00+00:00,system,uptime,1912,dbms,09-2026,yugabyte-2026111-vanilla-os-large-large-aws-v2,1,ip-172-31-20-156,ranking,benchANT
2026-09-21 18:38:10+00:00,system,uptime,1922,dbms,09-2026,yugabyte-2026111-vanilla-os-large-large-aws-v2,1,ip-172-31-20-156,ranking,benchANT
2026-09-21 18:38:20+00:00,system,uptime,1932,dbms,09-2026,yugabyte-2026111-vanilla-os-large-large-aws-v2,1,ip-172-31-20-156,ranking,benchANT
2026-09-21 18:38:30+00:00,system,uptime,1942,dbms,09-2026,yugabyte-2026111-vanilla-os-large-large-aws-v2,1,ip-172-31-20-156,ranking,benchANT
2026-09-21 18:38:40+00:00,system,uptime,1952,dbms,09-2026,yugabyte-2026111-vanilla-os-large-large-aws-v2,1,ip-172-31-20-156,ranking,benchANT
2026-09-21 18:38:50+00:00,system,uptime,1962,dbms,09-2026,yugabyte-2026111-vanilla-os-large-large-aws-v2,1,ip-172-31-20-156,ranking,benchANT
2026-09-21 18:39:00+00:00,system,uptime,1972,dbms,09-2026,yugabyte-2026111-vanilla-os-large-large-aws-v2,1,ip-172-31-20-156,ranking,benchANT
2026-09-21 18:39:10+00:00,system,uptime,1982,dbms,09-2026,yugabyte-2026111-vanilla-os-large-large-aws-v2,1,ip-172-31-20-156,ranking,benchANT
2026-09-21 18:39:20+00:00,system,uptime,1992,dbms,09-2026,yugabyte-2026111-vanilla-os-large-large-aws-v2,1,ip-172-31-20-156,ranking,benchANT
2026-09-21 18:39:30+00:00,system,uptime,2002,dbms,09-2026,yugabyte-2026111-vanilla-os-large-large-aws-v2,1,ip-172-31-20-156,ranking,benchANT
2026-09-21 18:39:40+00:00,system,uptime,2012,dbms,09-2026,yugabyte-2026111-vanilla-os-large-large-aws-v2,1,ip-172-31-20-156,ranking,benchANT
2026-09-21 18:39:50+00:00,system,uptime,2022,dbms,09-2026,yugabyte-2026111-vanilla-os-large-large-aws-v2,1,ip-172-31-20-156,ranking,benchANT
2026-09-21 18:40:00+00:00,system,uptime,2032,dbms,09-2026,yugabyte-2026111-vanilla-os-large-large-aws-v2,1,ip-172-31-20-156,ranking,benchANT
2026-09-21 18:40:10+00:00,system,uptime,2042,dbms,09-2026,yugabyte-2026111-vanilla-os-large-large-aws-v2,1,ip-172-31-20-156,ranking,benchANT
2026-09-21 18:40:20+00:00,system,uptime,2052,dbms,09-2026,yugabyte-2026111-vanilla-os-large-large-aws-v2,1,ip-172-31-20-156,ranking,benchANT
2026-09-21 18:40:30+00:00,system,uptime,2062,dbms,09-2026,yugabyte-2026111-vanilla-os-large-large-aws-v2,1,ip-172-31-20-156,ranking,benchANT
2026-09-21 18:40:40+00:00,system,uptime,2072,dbms,09-2026,yugabyte-2026111-vanilla-os-large-large-aws-v2,1,ip-172-31-20-156,ranking,benchANT
2026-09-21 18:40:50+00:00,system,uptime,2082,dbms,09-2026,yugabyte-2026111-vanilla-os-large-large-aws-v2,1,ip-172-31-20-156,ranking,benchANT
2026-09-21 18:41:00+00:00,system,uptime,2092,dbms,09-2026,yugabyte-2026111-vanilla-os-large-large-aws-v2,1,ip-172-31-20-156,ranking,benchANT
2026-09-21 18:41:10+00:00,system,uptime,2102,dbms,09-2026,yugabyte-2026111-vanilla-os-large-large-aws-v2,1,ip-172-31-20-156,ranking,benchANT
2026-09-21 18:41:20+00:00,system,uptime,2112,dbms,09-2026,yugabyte-2026111-vanilla-os-large-large-aws-v2,1,ip-172-31-20-156,ranking,benchANT
2026-09-21 18:41:30+00:00,system,uptime,2122,dbms,09-2026,yugabyte-2026111-vanilla-os-large-large-aws-v2,1,ip-172-31-20-156,ranking,benchANT
2026-09-21 18:41:40+00:00,system,uptime,2132,dbms,09-2026,yugabyte-2026111-vanilla-os-large-large-aws-v2,1,ip-172-31-20-156,ranking,benchANT
2026-09-21 18:41:50+00:00,system,uptime,2142,dbms,09-2026,yugabyte-2026111-vanilla-os-large-large-aws-v2,1,ip-172-31-20-156,ranking,benchANT
2026-09-21 18:42:00+00:00,system,uptime,2152,dbms,09-2026,yugabyte-2026111-vanilla-os-large-large-aws-v2,1,ip-172-31-20-156,ranking,benchANT
2026-09-21 18:42:10+00:00,system,uptime,2162,dbms,09-2026,yugabyte-2026111-vanilla-os-large-large-aws-v2,1,ip-172-31-20-156,ranking,benchANT
2026-09-21 18:42:20+00:00,system,uptime,2172,dbms,09-2026,yugabyte-2026111-vanilla-os-large-large-aws-v2,1,ip-172-31-20-156,ranking,benchANT
2026-09-21 18:42:30+00:00,system,uptime,2182,dbms,09-2026,yugabyte-2026111-vanilla-os-large-large-aws-v2,1,ip-172-31-20-156,ranking,benchANT
2026-09-21 18:42:40+00:00,system,uptime,2192,dbms,09-2026,yugabyte-2026111-vanilla-os-large-large-aws-v2,1,ip-172-31-20-156,ranking,benchANT
2026-09-21 18:42:50+00:00,system,uptime,2202,dbms,09-2026,yugabyte-2026111-vanilla-os-large-large-aws-v2,1,ip-172-31-20-156,ranking,benchANT
2026-09-21 18:43:00+00:00,system,uptime,2212,dbms,09-2026,yugabyte-2026111-vanilla-os-large-large-aws-v2,1,ip-172-31-20-156,ranking,benchANT
2026-09-21 18:43:10+00:00,system,uptime,2222,dbms,09-2026,yugabyte-2026111-vanilla-os-large-large-aws-v2,1,ip-172-31-20-156,ranking,benchANT
2026-09-21 18:43:20+00:00,system,uptime,2232,dbms,09-2026,yugabyte-2026111-vanilla-os-large-large-aws-v2,1,ip-172-31-20-156,ranking,benchANT
2026-09-21 18:43:30+00:00,system,uptime,2242,dbms,09-2026,yugabyte-2026111-vanilla-os-large-large-aws-v2,1,ip-172-31-20-156,ranking,benchANT
2026-09-21 18:43:40+00:00,system,uptime,2252,dbms,09-2026,yugabyte-2026111-vanilla-os-large-large-aws-v2,1,ip-172-31-20-156,ranking,benchANT
2026-09-21 18:43:50+00:00,system,uptime,2262,dbms,09-2026,yugabyte-2026111-vanilla-os-large-large-aws-v2,1,ip-172-31-20-156,ranking,benchANT
2026-09-21 18:44:00+00:00,system,uptime,2272,dbms,09-2026,yugabyte-2026111-vanilla-os-large-large-aws-v2,1,ip-172-31-20-156,ranking,benchANT
2026-09-21 18:44:10+00:00,system,uptime,2282,dbms,09-2026,yugabyte-2026111-vanilla-os-large-large-aws-v2,1,ip-172-31-20-156,ranking,benchANT
2026-09-21 18:44:20+00:00,system,uptime,2292,dbms,09-2026,yugabyte-2026111-vanilla-os-large-large-aws-v2,1,ip-172-31-20-156,ranking,benchANT
2026-09-21 18:44:30+00:00,system,uptime,2302,dbms,09-2026,yugabyte-2026111-vanilla-os-large-large-aws-v2,1,ip-172-31-20-156,ranking,benchANT
2026-09-21 18:44:40+00:00,system,uptime,2312,dbms,09-2026,yugabyte-2026111-vanilla-os-large-large-aws-v2,1,ip-172-31-20-156,ranking,benchANT
2026-09-21 18:44:50+00:00,system,uptime,2322,dbms,09-2026,yugabyte-2026111-vanilla-os-large-large-aws-v2,1,ip-172-31-20-156,ranking,benchANT
2026-09-21 18:45:00+00:00,system,uptime,2332,dbms,09-2026,yugabyte-2026111-vanilla-os-large-large-aws-v2,1,ip-172-31-20-156,ranking,benchANT
2026-09-21 18:45:10+00:00,system,uptime,2342,dbms,09-2026,yugabyte-2026111-vanilla-os-large-large-aws-v2,1,ip-172-31-20-156,ranking,benchANT
2026-09-21 18:45:20+00:00,system,uptime,2352,dbms,09-2026,yugabyte-2026111-vanilla-os-large-large-aws-v2,1,ip-172-31-20-156,ranking,benchANT
2026-09-21 18:45:30+00:00,system,uptime,2362,dbms,09-2026,yugabyte-2026111-vanilla-os-large-large-aws-v2,1,ip-172-31-20-156,ranking,benchANT
2026-09-21 18:45:40+00:00,system,uptime,2372,dbms,09-2026,yugabyte-2026111-vanilla-os-large-large-aws-v2,1,ip-172-31-20-156,ranking,benchANT
2026-09-21 18:45:50+00:00,system,uptime,2382,dbms,09-2026,yugabyte-2026111-vanilla-os-large-large-aws-v2,1,ip-172-31-20-156,ranking,benchANT
2026-09-21 18:46:00+00:00,system,uptime,2392,dbms,09-2026,yugabyte-2026111-vanilla-os-large-large-aws-v2,1,ip-172-31-20-156,ranking,benchANT
2026-09-21 18:46:10+00:00,system,uptime,2402,dbms,09-2026,yugabyte-2026111-vanilla-os-large-large-aws-v2,1,ip-172-31-20-156,ranking,benchANT
2026-09-21 18:46:20+00:00,system,uptime,2412,dbms,09-2026,yugabyte-2026111-vanilla-os-large-large-aws-v2,1,ip-172-31-20-156,ranking,benchANT
2026-09-21 18:46:30+00:00,system,uptime,2422,dbms,09-2026,yugabyte-2026111-vanilla-os-large-large-aws-v2,1,ip-172-31-20-156,ranking,benchANT
2026-09-21 18:46:40+00:00,system,uptime,2432,dbms,09-2026,yugabyte-2026111-vanilla-os-large-large-aws-v2,1,ip-172-31-20-156,ranking,benchANT
2026-09-21 18:46:50+00:00,system,uptime,2442,dbms,09-2026,yugabyte-2026111-vanilla-os-large-large-aws-v2,1,ip-172-31-20-156,ranking,benchANT
2026-09-21 18:47:00+00:00,system,uptime,2452,dbms,09-2026,yugabyte-2026111-vanilla-os-large-large-aws-v2,1,ip-172-31-20-156,ranking,benchANT
2026-09-21 18:47:10+00:00,system,uptime,2462,dbms,09-2026,yugabyte-2026111-vanilla-os-large-large-aws-v2,1,ip-172-31-20-156,ranking,benchANT
2026-09-21 18:47:20+00:00,system,uptime,2472,dbms,09-2026,yugabyte-2026111-vanilla-os-large-large-aws-v2,1,ip-172-31-20-156,ranking,benchANT
2026-09-21 18:47:30+00:00,system,uptime,2482,dbms,09-2026,yugabyte-2026111-vanilla-os-large-large-aws-v2,1,ip-172-31-20-156,ranking,benchANT
2026-09-21 18:47:40+00:00,system,uptime,2492,dbms,09-2026,yugabyte-2026111-vanilla-os-large-large-aws-v2,1,ip-172-31-20-156,ranking,benchANT
2026-09-21 18:47:50+00:00,system,uptime,2502,dbms,09-2026,yugabyte-2026111-vanilla-os-large-large-aws-v2,1,ip-172-31-20-156,ranking,benchANT
2026-09-21 18:48:00+00:00,system,uptime,2512,dbms,09-2026,yugabyte-2026111-vanilla-os-large-large-aws-v2,1,ip-172-31-20-156,ranking,benchANT
2026-09-21 18:48:10+00:00,system,uptime,2522,dbms,09-2026,yugabyte-2026111-vanilla-os-large-large-aws-v2,1,ip-172-31-20-156,ranking,benchANT
2026-09-21 18:48:20+00:00,system,uptime,2532,dbms,09-2026,yugabyte-2026111-vanilla-os-large-large-aws-v2,1,ip-172-31-20-156,ranking,benchANT
2026-09-21 18:48:30+00:00,system,uptime,2542,dbms,09-2026,yugabyte-2026111-vanilla-os-large-large-aws-v2,1,ip-172-31-20-156,ranking,benchANT
2026-09-21 18:48:40+00:00,system,uptime,2552,dbms,09-2026,yugabyte-2026111-vanilla-os-large-large-aws-v2,1,ip-172-31-20-156,ranking,benchANT
2026-09-21 18:24:20+00:00,system,uptime_format, 0:18,dbms,09-2026,yugabyte-2026111-vanilla-os-large-large-aws-v2,1,ip-172-31-20-156,ranking,benchANT
2026-09-21 18:24:30+00:00,system,uptime_format, 0:18,dbms,09-2026,yugabyte-2026111-vanilla-os-large-large-aws-v2,1,ip-172-31-20-156,ranking,benchANT
2026-09-21 18:24:40+00:00,system,uptime_format, 0:18,dbms,09-2026,yugabyte-2026111-vanilla-os-large-large-aws-v2,1,ip-172-31-20-156,ranking,benchANT
2026-09-21 18:24:50+00:00,system,uptime_format, 0:18,dbms,09-2026,yugabyte-2026111-vanilla-os-large-large-aws-v2,1,ip-172-31-20-156,ranking,benchANT
2026-09-21 18:25:00+00:00,system,uptime_format, 0:18,dbms,09-2026,yugabyte-2026111-vanilla-os-large-large-aws-v2,1,ip-172-31-20-156,ranking,benchANT
2026-09-21 18:25:10+00:00,system,uptime_format, 0:19,dbms,09-2026,yugabyte-2026111-vanilla-os-large-large-aws-v2,1,ip-172-31-20-156,ranking,benchANT
2026-09-21 18:25:20+00:00,system,uptime_format, 0:19,dbms,09-2026,yugabyte-2026111-vanilla-os-large-large-aws-v2,1,ip-172-31-20-156,ranking,benchANT
2026-09-21 18:25:30+00:00,system,uptime_format, 0:19,dbms,09-2026,yugabyte-2026111-vanilla-os-large-large-aws-v2,1,ip-172-31-20-156,ranking,benchANT
2026-09-21 18:25:40+00:00,system,uptime_format, 0:19,dbms,09-2026,yugabyte-2026111-vanilla-os-large-large-aws-v2,1,ip-172-31-20-156,ranking,benchANT
2026-09-21 18:25:50+00:00,system,uptime_format, 0:19,dbms,09-2026,yugabyte-2026111-vanilla-os-large-large-aws-v2,1,ip-172-31-20-156,ranking,benchANT
2026-09-21 18:26:00+00:00,system,uptime_format, 0:19,dbms,09-2026,yugabyte-2026111-vanilla-os-large-large-aws-v2,1,ip-172-31-20-156,ranking,benchANT
2026-09-21 18:26:10+00:00,system,uptime_format, 0:20,dbms,09-2026,yugabyte-2026111-vanilla-os-large-large-aws-v2,1,ip-172-31-20-156,ranking,benchANT
2026-09-21 18:26:20+00:00,system,uptime_format, 0:20,dbms,09-2026,yugabyte-2026111-vanilla-os-large-large-aws-v2,1,ip-172-31-20-156,ranking,benchANT
2026-09-21 18:26:30+00:00,system,uptime_format, 0:20,dbms,09-2026,yugabyte-2026111-vanilla-os-large-large-aws-v2,1,ip-172-31-20-156,ranking,benchANT
2026-09-21 18:26:40+00:00,system,uptime_format, 0:20,dbms,09-2026,yugabyte-2026111-vanilla-os-large-large-aws-v2,1,ip-172-31-20-156,ranking,benchANT
2026-09-21 18:26:50+00:00,system,uptime_format, 0:20,dbms,09-2026,yugabyte-2026111-vanilla-os-large-large-aws-v2,1,ip-172-31-20-156,ranking,benchANT
2026-09-21 18:27:00+00:00,system,uptime_format, 0:20,dbms,09-2026,yugabyte-2026111-vanilla-os-large-large-aws-v2,1,ip-172-31-20-156,ranking,benchANT
2026-09-21 18:27:10+00:00,system,uptime_format, 0:21,dbms,09-2026,yugabyte-2026111-vanilla-os-large-large-aws-v2,1,ip-172-31-20-156,ranking,benchANT
2026-09-21 18:27:20+00:00,system,uptime_format, 0:21,dbms,09-2026,yugabyte-2026111-vanilla-os-large-large-aws-v2,1,ip-172-31-20-156,ranking,benchANT
2026-09-21 18:27:30+00:00,system,uptime_format, 0:21,dbms,09-2026,yugabyte-2026111-vanilla-os-large-large-aws-v2,1,ip-172-31-20-156,ranking,benchANT
2026-09-21 18:27:40+00:00,system,uptime_format, 0:21,dbms,09-2026,yugabyte-2026111-vanilla-os-large-large-aws-v2,1,ip-172-31-20-156,ranking,benchANT
2026-09-21 18:27:50+00:00,system,uptime_format, 0:21,dbms,09-2026,yugabyte-2026111-vanilla-os-large-large-aws-v2,1,ip-172-31-20-156,ranking,benchANT
2026-09-21 18:28:00+00:00,system,uptime_format, 0:21,dbms,09-2026,yugabyte-2026111-vanilla-os-large-large-aws-v2,1,ip-172-31-20-156,ranking,benchANT
2026-09-21 18:28:10+00:00,system,uptime_format, 0:22,dbms,09-2026,yugabyte-2026111-vanilla-os-large-large-aws-v2,1,ip-172-31-20-156,ranking,benchANT
2026-09-21 18:28:20+00:00,system,uptime_format, 0:22,dbms,09-2026,yugabyte-2026111-vanilla-os-large-large-aws-v2,1,ip-172-31-20-156,ranking,benchANT
2026-09-21 18:28:30+00:00,system,uptime_format, 0:22,dbms,09-2026,yugabyte-2026111-vanilla-os-large-large-aws-v2,1,ip-172-31-20-156,ranking,benchANT
2026-09-21 18:28:40+00:00,system,uptime_format, 0:22,dbms,09-2026,yugabyte-2026111-vanilla-os-large-large-aws-v2,1,ip-172-31-20-156,ranking,benchANT
2026-09-21 18:28:50+00:00,system,uptime_format, 0:22,dbms,09-2026,yugabyte-2026111-vanilla-os-large-large-aws-v2,1,ip-172-31-20-156,ranking,benchANT
2026-09-21 18:29:00+00:00,system,uptime_format, 0:22,dbms,09-2026,yugabyte-2026111-vanilla-os-large-large-aws-v2,1,ip-172-31-20-156,ranking,benchANT
2026-09-21 18:29:10+00:00,system,uptime_format, 0:23,dbms,09-2026,yugabyte-2026111-vanilla-os-large-large-aws-v2,1,ip-172-31-20-156,ranking,benchANT
2026-09-21 18:29:20+00:00,system,uptime_format, 0:23,dbms,09-2026,yugabyte-2026111-vanilla-os-large-large-aws-v2,1,ip-172-31-20-156,ranking,benchANT
2026-09-21 18:29:30+00:00,system,uptime_format, 0:23,dbms,09-2026,yugabyte-2026111-vanilla-os-large-large-aws-v2,1,ip-172-31-20-156,ranking,benchANT
2026-09-21 18:29:40+00:00,system,uptime_format, 0:23,dbms,09-2026,yugabyte-2026111-vanilla-os-large-large-aws-v2,1,ip-172-31-20-156,ranking,benchANT
2026-09-21 18:29:50+00:00,system,uptime_format, 0:23,dbms,09-2026,yugabyte-2026111-vanilla-os-large-large-aws-v2,1,ip-172-31-20-156,ranking,benchANT
2026-09-21 18:30:00+00:00,system,uptime_format, 0:23,dbms,09-2026,yugabyte-2026111-vanilla-os-large-large-aws-v2,1,ip-172-31-20-156,ranking,benchANT
2026-09-21 18:30:10+00:00,system,uptime_format, 0:24,dbms,09-2026,yugabyte-2026111-vanilla-os-large-large-aws-v2,1,ip-172-31-20-156,ranking,benchANT
2026-09-21 18:30:20+00:00,system,uptime_format, 0:24,dbms,09-2026,yugabyte-2026111-vanilla-os-large-large-aws-v2,1,ip-172-31-20-156,ranking,benchANT
2026-09-21 18:30:30+00:00,system,uptime_format, 0:24,dbms,09-2026,yugabyte-2026111-vanilla-os-large-large-aws-v2,1,ip-172-31-20-156,ranking,benchANT
2026-09-21 18:30:40+00:00,system,uptime_format, 0:24,dbms,09-2026,yugabyte-2026111-vanilla-os-large-large-aws-v2,1,ip-172-31-20-156,ranking,benchANT
2026-09-21 18:30:50+00:00,system,uptime_format, 0:24,dbms,09-2026,yugabyte-2026111-vanilla-os-large-large-aws-v2,1,ip-172-31-20-156,ranking,benchANT
2026-09-21 18:31:00+00:00,system,uptime_format, 0:24,dbms,09-2026,yugabyte-2026111-vanilla-os-large-large-aws-v2,1,ip-172-31-20-156,ranking,benchANT
2026-09-21 18:31:10+00:00,system,uptime_format, 0:25,dbms,09-2026,yugabyte-2026111-vanilla-os-large-large-aws-v2,1,ip-172-31-20-156,ranking,benchANT
2026-09-21 18:31:20+00:00,system,uptime_format, 0:25,dbms,09-2026,yugabyte-2026111-vanilla-os-large-large-aws-v2,1,ip-172-31-20-156,ranking,benchANT
2026-09-21 18:31:30+00:00,system,uptime_format, 0:25,dbms,09-2026,yugabyte-2026111-vanilla-os-large-large-aws-v2,1,ip-172-31-20-156,ranking,benchANT
2026-09-21 18:31:40+00:00,system,uptime_format, 0:25,dbms,09-2026,yugabyte-2026111-vanilla-os-large-large-aws-v2,1,ip-172-31-20-156,ranking,benchANT
2026-09-21 18:31:50+00:00,system,uptime_format, 0:25,dbms,09-2026,yugabyte-2026111-vanilla-os-large-large-aws-v2,1,ip-172-31-20-156,ranking,benchANT
2026-09-21 18:32:00+00:00,system,uptime_format, 0:25,dbms,09-2026,yugabyte-2026111-vanilla-os-large-large-aws-v2,1,ip-172-31-20-156,ranking,benchANT
2026-09-21 18:32:10+00:00,system,uptime_format, 0:26,dbms,09-2026,yugabyte-2026111-vanilla-os-large-large-aws-v2,1,ip-172-31-20-156,ranking,benchANT
2026-09-21 18:32:20+00:00,system,uptime_format, 0:26,dbms,09-2026,yugabyte-2026111-vanilla-os-large-large-aws-v2,1,ip-172-31-20-156,ranking,benchANT
2026-09-21 18:32:30+00:00,system,uptime_format, 0:26,dbms,09-2026,yugabyte-2026111-vanilla-os-large-large-aws-v2,1,ip-172-31-20-156,ranking,benchANT
2026-09-21 18:32:40+00:00,system,uptime_format, 0:26,dbms,09-2026,yugabyte-2026111-vanilla-os-large-large-aws-v2,1,ip-172-31-20-156,ranking,benchANT
2026-09-21 18:32:50+00:00,system,uptime_format, 0:26,dbms,09-2026,yugabyte-2026111-vanilla-os-large-large-aws-v2,1,ip-172-31-20-156,ranking,benchANT
2026-09-21 18:33:00+00:00,system,uptime_format, 0:26,dbms,09-2026,yugabyte-2026111-vanilla-os-large-large-aws-v2,1,ip-172-31-20-156,ranking,benchANT
2026-09-21 18:33:10+00:00,system,uptime_format, 0:27,dbms,09-2026,yugabyte-2026111-vanilla-os-large-large-aws-v2,1,ip-172-31-20-156,ranking,benchANT
2026-09-21 18:33:20+00:00,system,uptime_format, 0:27,dbms,09-2026,yugabyte-2026111-vanilla-os-large-large-aws-v2,1,ip-172-31-20-156,ranking,benchANT
2026-09-21 18:33:30+00:00,system,uptime_format, 0:27,dbms,09-2026,yugabyte-2026111-vanilla-os-large-large-aws-v2,1,ip-172-31-20-156,ranking,benchANT
2026-09-21 18:33:40+00:00,system,uptime_format, 0:27,dbms,09-2026,yugabyte-2026111-vanilla-os-large-large-aws-v2,1,ip-172-31-20-156,ranking,benchANT
2026-09-21 18:33:50+00:00,system,uptime_format, 0:27,dbms,09-2026,yugabyte-2026111-vanilla-os-large-large-aws-v2,1,ip-172-31-20-156,ranking,benchANT
2026-09-21 18:34:00+00:00,system,uptime_format, 0:27,dbms,09-2026,yugabyte-2026111-vanilla-os-large-large-aws-v2,1,ip-172-31-20-156,ranking,benchANT
2026-09-21 18:34:10+00:00,system,uptime_format, 0:28,dbms,09-2026,yugabyte-2026111-vanilla-os-large-large-aws-v2,1,ip-172-31-20-156,ranking,benchANT
2026-09-21 18:34:20+00:00,system,uptime_format, 0:28,dbms,09-2026,yugabyte-2026111-vanilla-os-large-large-aws-v2,1,ip-172-31-20-156,ranking,benchANT
2026-09-21 18:34:30+00:00,system,uptime_format, 0:28,dbms,09-2026,yugabyte-2026111-vanilla-os-large-large-aws-v2,1,ip-172-31-20-156,ranking,benchANT
2026-09-21 18:34:40+00:00,system,uptime_format, 0:28,dbms,09-2026,yugabyte-2026111-vanilla-os-large-large-aws-v2,1,ip-172-31-20-156,ranking,benchANT
2026-09-21 18:34:50+00:00,system,uptime_format, 0:28,dbms,09-2026,yugabyte-2026111-vanilla-os-large-large-aws-v2,1,ip-172-31-20-156,ranking,benchANT
2026-09-21 18:35:00+00:00,system,uptime_format, 0:28,dbms,09-2026,yugabyte-2026111-vanilla-os-large-large-aws-v2,1,ip-172-31-20-156,ranking,benchANT
2026-09-21 18:35:10+00:00,system,uptime_format, 0:29,dbms,09-2026,yugabyte-2026111-vanilla-os-large-large-aws-v2,1,ip-172-31-20-156,ranking,benchANT
2026-09-21 18:35:20+00:00,system,uptime_format, 0:29,dbms,09-2026,yugabyte-2026111-vanilla-os-large-large-aws-v2,1,ip-172-31-20-156,ranking,benchANT
2026-09-21 18:35:30+00:00,system,uptime_format, 0:29,dbms,09-2026,yugabyte-2026111-vanilla-os-large-large-aws-v2,1,ip-172-31-20-156,ranking,benchANT
2026-09-21 18:35:40+00:00,system,uptime_format, 0:29,dbms,09-2026,yugabyte-2026111-vanilla-os-large-large-aws-v2,1,ip-172-31-20-156,ranking,benchANT
2026-09-21 18:35:50+00:00,system,uptime_format, 0:29,dbms,09-2026,yugabyte-2026111-vanilla-os-large-large-aws-v2,1,ip-172-31-20-156,ranking,benchANT
2026-09-21 18:36:00+00:00,system,uptime_format, 0:29,dbms,09-2026,yugabyte-2026111-vanilla-os-large-large-aws-v2,1,ip-172-31-20-156,ranking,benchANT
2026-09-21 18:36:10+00:00,system,uptime_format, 0:30,dbms,09-2026,yugabyte-2026111-vanilla-os-large-large-aws-v2,1,ip-172-31-20-156,ranking,benchANT
2026-09-21 18:36:20+00:00,system,uptime_format, 0:30,dbms,09-2026,yugabyte-2026111-vanilla-os-large-large-aws-v2,1,ip-172-31-20-156,ranking,benchANT
2026-09-21 18:36:30+00:00,system,uptime_format, 0:30,dbms,09-2026,yugabyte-2026111-vanilla-os-large-large-aws-v2,1,ip-172-31-20-156,ranking,benchANT
2026-09-21 18:36:40+00:00,system,uptime_format, 0:30,dbms,09-2026,yugabyte-2026111-vanilla-os-large-large-aws-v2,1,ip-172-31-20-156,ranking,benchANT
2026-09-21 18:36:50+00:00,system,uptime_format, 0:30,dbms,09-2026,yugabyte-2026111-vanilla-os-large-large-aws-v2,1,ip-172-31-20-156,ranking,benchANT
2026-09-21 18:37:00+00:00,system,uptime_format, 0:30,dbms,09-2026,yugabyte-2026111-vanilla-os-large-large-aws-v2,1,ip-172-31-20-156,ranking,benchANT
2026-09-21 18:37:10+00:00,system,uptime_format, 0:31,dbms,09-2026,yugabyte-2026111-vanilla-os-large-large-aws-v2,1,ip-172-31-20-156,ranking,benchANT
2026-09-21 18:37:20+00:00,system,uptime_format, 0:31,dbms,09-2026,yugabyte-2026111-vanilla-os-large-large-aws-v2,1,ip-172-31-20-156,ranking,benchANT
2026-09-21 18:37:30+00:00,system,uptime_format, 0:31,dbms,09-2026,yugabyte-2026111-vanilla-os-large-large-aws-v2,1,ip-172-31-20-156,ranking,benchANT
2026-09-21 18:37:40+00:00,system,uptime_format, 0:31,dbms,09-2026,yugabyte-2026111-vanilla-os-large-large-aws-v2,1,ip-172-31-20-156,ranking,benchANT
2026-09-21 18:37:50+00:00,system,uptime_format, 0:31,dbms,09-2026,yugabyte-2026111-vanilla-os-large-large-aws-v2,1,ip-172-31-20-156,ranking,benchANT
2026-09-21 18:38:00+00:00,system,uptime_format, 0:31,dbms,09-2026,yugabyte-2026111-vanilla-os-large-large-aws-v2,1,ip-172-31-20-156,ranking,benchANT
2026-09-21 18:38:10+00:00,system,uptime_format, 0:32,dbms,09-2026,yugabyte-2026111-vanilla-os-large-large-aws-v2,1,ip-172-31-20-156,ranking,benchANT
2026-09-21 18:38:20+00:00,system,uptime_format, 0:32,dbms,09-2026,yugabyte-2026111-vanilla-os-large-large-aws-v2,1,ip-172-31-20-156,ranking,benchANT
2026-09-21 18:38:30+00:00,system,uptime_format, 0:32,dbms,09-2026,yugabyte-2026111-vanilla-os-large-large-aws-v2,1,ip-172-31-20-156,ranking,benchANT
2026-09-21 18:38:40+00:00,system,uptime_format, 0:32,dbms,09-2026,yugabyte-2026111-vanilla-os-large-large-aws-v2,1,ip-172-31-20-156,ranking,benchANT
2026-09-21 18:38:50+00:00,system,uptime_format, 0:32,dbms,09-2026,yugabyte-2026111-vanilla-os-large-large-aws-v2,1,ip-172-31-20-156,ranking,benchANT
2026-09-21 18:39:00+00:00,system,uptime_format, 0:32,dbms,09-2026,yugabyte-2026111-vanilla-os-large-large-aws-v2,1,ip-172-31-20-156,ranking,benchANT
2026-09-21 18:39:10+00:00,system,uptime_format, 0:33,dbms,09-2026,yugabyte-2026111-vanilla-os-large-large-aws-v2,1,ip-172-31-20-156,ranking,benchANT
2026-09-21 18:39:20+00:00,system,uptime_format, 0:33,dbms,09-2026,yugabyte-2026111-vanilla-os-large-large-aws-v2,1,ip-172-31-20-156,ranking,benchANT
2026-09-21 18:39:30+00:00,system,uptime_format, 0:33,dbms,09-2026,yugabyte-2026111-vanilla-os-large-large-aws-v2,1,ip-172-31-20-156,ranking,benchANT
2026-09-21 18:39:40+00:00,system,uptime_format, 0:33,dbms,09-2026,yugabyte-2026111-vanilla-os-large-large-aws-v2,1,ip-172-31-20-156,ranking,benchANT
2026-09-21 18:39:50+00:00,system,uptime_format, 0:33,dbms,09-2026,yugabyte-2026111-vanilla-os-large-large-aws-v2,1,ip-172-31-20-156,ranking,benchANT
2026-09-21 18:40:00+00:00,system,uptime_format, 0:33,dbms,09-2026,yugabyte-2026111-vanilla-os-large-large-aws-v2,1,ip-172-31-20-156,ranking,benchANT
2026-09-21 18:40:10+00:00,system,uptime_format, 0:34,dbms,09-2026,yugabyte-2026111-vanilla-os-large-large-aws-v2,1,ip-172-31-20-156,ranking,benchANT
2026-09-21 18:40:20+00:00,system,uptime_format, 0:34,dbms,09-2026,yugabyte-2026111-vanilla-os-large-large-aws-v2,1,ip-172-31-20-156,ranking,benchANT
2026-09-21 18:40:30+00:00,system,uptime_format, 0:34,dbms,09-2026,yugabyte-2026111-vanilla-os-large-large-aws-v2,1,ip-172-31-20-156,ranking,benchANT
2026-09-21 18:40:40+00:00,system,uptime_format, 0:34,dbms,09-2026,yugabyte-2026111-vanilla-os-large-large-aws-v2,1,ip-172-31-20-156,ranking,benchANT
2026-09-21 18:40:50+00:00,system,uptime_format, 0:34,dbms,09-2026,yugabyte-2026111-vanilla-os-large-large-aws-v2,1,ip-172-31-20-156,ranking,benchANT
2026-09-21 18:41:00+00:00,system,uptime_format, 0:34,dbms,09-2026,yugabyte-2026111-vanilla-os-large-large-aws-v2,1,ip-172-31-20-156,ranking,benchANT
2026-09-21 18:41:10+00:00,system,uptime_format, 0:35,dbms,09-2026,yugabyte-2026111-vanilla-os-large-large-aws-v2,1,ip-172-31-20-156,ranking,benchANT
2026-09-21 18:41:20+00:00,system,uptime_format, 0:35,dbms,09-2026,yugabyte-2026111-vanilla-os-large-large-aws-v2,1,ip-172-31-20-156,ranking,benchANT
2026-09-21 18:41:30+00:00,system,uptime_format, 0:35,dbms,09-2026,yugabyte-2026111-vanilla-os-large-large-aws-v2,1,ip-172-31-20-156,ranking,benchANT
2026-09-21 18:41:40+00:00,system,uptime_format, 0:35,dbms,09-2026,yugabyte-2026111-vanilla-os-large-large-aws-v2,1,ip-172-31-20-156,ranking,benchANT
2026-09-21 18:41:50+00:00,system,uptime_format, 0:35,dbms,09-2026,yugabyte-2026111-vanilla-os-large-large-aws-v2,1,ip-172-31-20-156,ranking,benchANT
2026-09-21 18:42:00+00:00,system,uptime_format, 0:35,dbms,09-2026,yugabyte-2026111-vanilla-os-large-large-aws-v2,1,ip-172-31-20-156,ranking,benchANT
2026-09-21 18:42:10+00:00,system,uptime_format, 0:36,dbms,09-2026,yugabyte-2026111-vanilla-os-large-large-aws-v2,1,ip-172-31-20-156,ranking,benchANT
2026-09-21 18:42:20+00:00,system,uptime_format, 0:36,dbms,09-2026,yugabyte-2026111-vanilla-os-large-large-aws-v2,1,ip-172-31-20-156,ranking,benchANT
2026-09-21 18:42:30+00:00,system,uptime_format, 0:36,dbms,09-2026,yugabyte-2026111-vanilla-os-large-large-aws-v2,1,ip-172-31-20-156,ranking,benchANT
2026-09-21 18:42:40+00:00,system,uptime_format, 0:36,dbms,09-2026,yugabyte-2026111-vanilla-os-large-large-aws-v2,1,ip-172-31-20-156,ranking,benchANT
2026-09-21 18:42:50+00:00,system,uptime_format, 0:36,dbms,09-2026,yugabyte-2026111-vanilla-os-large-large-aws-v2,1,ip-172-31-20-156,ranking,benchANT
2026-09-21 18:43:00+00:00,system,uptime_format, 0:36,dbms,09-2026,yugabyte-2026111-vanilla-os-large-large-aws-v2,1,ip-172-31-20-156,ranking,benchANT
2026-09-21 18:43:10+00:00,system,uptime_format, 0:37,dbms,09-2026,yugabyte-2026111-vanilla-os-large-large-aws-v2,1,ip-172-31-20-156,ranking,benchANT
2026-09-21 18:43:20+00:00,system,uptime_format, 0:37,dbms,09-2026,yugabyte-2026111-vanilla-os-large-large-aws-v2,1,ip-172-31-20-156,ranking,benchANT
2026-09-21 18:43:30+00:00,system,uptime_format, 0:37,dbms,09-2026,yugabyte-2026111-vanilla-os-large-large-aws-v2,1,ip-172-31-20-156,ranking,benchANT
2026-09-21 18:43:40+00:00,system,uptime_format, 0:37,dbms,09-2026,yugabyte-2026111-vanilla-os-large-large-aws-v2,1,ip-172-31-20-156,ranking,benchANT
2026-09-21 18:43:50+00:00,system,uptime_format, 0:37,dbms,09-2026,yugabyte-2026111-vanilla-os-large-large-aws-v2,1,ip-172-31-20-156,ranking,benchANT
2026-09-21 18:44:00+00:00,system,uptime_format, 0:37,dbms,09-2026,yugabyte-2026111-vanilla-os-large-large-aws-v2,1,ip-172-31-20-156,ranking,benchANT
2026-09-21 18:44:10+00:00,system,uptime_format, 0:38,dbms,09-2026,yugabyte-2026111-vanilla-os-large-large-aws-v2,1,ip-172-31-20-156,ranking,benchANT
2026-09-21 18:44:20+00:00,system,uptime_format, 0:38,dbms,09-2026,yugabyte-2026111-vanilla-os-large-large-aws-v2,1,ip-172-31-20-156,ranking,benchANT
2026-09-21 18:44:30+00:00,system,uptime_format, 0:38,dbms,09-2026,yugabyte-2026111-vanilla-os-large-large-aws-v2,1,ip-172-31-20-156,ranking,benchANT
2026-09-21 18:44:40+00:00,system,uptime_format, 0:38,dbms,09-2026,yugabyte-2026111-vanilla-os-large-large-aws-v2,1,ip-172-31-20-156,ranking,benchANT
2026-09-21 18:44:50+00:00,system,uptime_format, 0:38,dbms,09-2026,yugabyte-2026111-vanilla-os-large-large-aws-v2,1,ip-172-31-20-156,ranking,benchANT
2026-09-21 18:45:00+00:00,system,uptime_format, 0:38,dbms,09-2026,yugabyte-2026111-vanilla-os-large-large-aws-v2,1,ip-172-31-20-156,ranking,benchANT
2026-09-21 18:45:10+00:00,system,uptime_format, 0:39,dbms,09-2026,yugabyte-2026111-vanilla-os-large-large-aws-v2,1,ip-172-31-20-156,ranking,benchANT
2026-09-21 18:45:20+00:00,system,uptime_format, 0:39,dbms,09-2026,yugabyte-2026111-vanilla-os-large-large-aws-v2,1,ip-172-31-20-156,ranking,benchANT
2026-09-21 18:45:30+00:00,system,uptime_format, 0:39,dbms,09-2026,yugabyte-2026111-vanilla-os-large-large-aws-v2,1,ip-172-31-20-156,ranking,benchANT
2026-09-21 18:45:40+00:00,system,uptime_format, 0:39,dbms,09-2026,yugabyte-2026111-vanilla-os-large-large-aws-v2,1,ip-172-31-20-156,ranking,benchANT
2026-09-21 18:45:50+00:00,system,uptime_format, 0:39,dbms,09-2026,yugabyte-2026111-vanilla-os-large-large-aws-v2,1,ip-172-31-20-156,ranking,benchANT
2026-09-21 18:46:00+00:00,system,uptime_format, 0:39,dbms,09-2026,yugabyte-2026111-vanilla-os-large-large-aws-v2,1,ip-172-31-20-156,ranking,benchANT
2026-09-21 18:46:10+00:00,system,uptime_format, 0:40,dbms,09-2026,yugabyte-2026111-vanilla-os-large-large-aws-v2,1,ip-172-31-20-156,ranking,benchANT
2026-09-21 18:46:20+00:00,system,uptime_format, 0:40,dbms,09-2026,yugabyte-2026111-vanilla-os-large-large-aws-v2,1,ip-172-31-20-156,ranking,benchANT
2026-09-21 18:46:30+00:00,system,uptime_format, 0:40,dbms,09-2026,yugabyte-2026111-vanilla-os-large-large-aws-v2,1,ip-172-31-20-156,ranking,benchANT
2026-09-21 18:46:40+00:00,system,uptime_format, 0:40,dbms,09-2026,yugabyte-2026111-vanilla-os-large-large-aws-v2,1,ip-172-31-20-156,ranking,benchANT
2026-09-21 18:46:50+00:00,system,uptime_format, 0:40,dbms,09-2026,yugabyte-2026111-vanilla-os-large-large-aws-v2,1,ip-172-31-20-156,ranking,benchANT
2026-09-21 18:47:00+00:00,system,uptime_format, 0:40,dbms,09-2026,yugabyte-2026111-vanilla-os-large-large-aws-v2,1,ip-172-31-20-156,ranking,benchANT
2026-09-21 18:47:10+00:00,system,uptime_format, 0:41,dbms,09-2026,yugabyte-2026111-vanilla-os-large-large-aws-v2,1,ip-172-31-20-156,ranking,benchANT
2026-09-21 18:47:20+00:00,system,uptime_format, 0:41,dbms,09-2026,yugabyte-2026111-vanilla-os-large-large-aws-v2,1,ip-172-31-20-156,ranking,benchANT
2026-09-21 18:47:30+00:00,system,uptime_format, 0:41,dbms,09-2026,yugabyte-2026111-vanilla-os-large-large-aws-v2,1,ip-172-31-20-156,ranking,benchANT
2026-09-21 18:47:40+00:00,system,uptime_format, 0:41,dbms,09-2026,yugabyte-2026111-vanilla-os-large-large-aws-v2,1,ip-172-31-20-156,ranking,benchANT
2026-09-21 18:47:50+00:00,system,uptime_format, 0:41,dbms,09-2026,yugabyte-2026111-vanilla-os-large-large-aws-v2,1,ip-172-31-20-156,ranking,benchANT
2026-09-21 18:48:00+00:00,system,uptime_format, 0:41,dbms,09-2026,yugabyte-2026111-vanilla-os-large-large-aws-v2,1,ip-172-31-20-156,ranking,benchANT
2026-09-21 18:48:10+00:00,system,uptime_format, 0:42,dbms,09-2026,yugabyte-2026111-vanilla-os-large-large-aws-v2,1,ip-172-31-20-156,ranking,benchANT
2026-09-21 18:48:20+00:00,system,uptime_format, 0:42,dbms,09-2026,yugabyte-2026111-vanilla-os-large-large-aws-v2,1,ip-172-31-20-156,ranking,benchANT
2026-09-21 18:48:30+00:00,system,uptime_format, 0:42,dbms,09-2026,yugabyte-2026111-vanilla-os-large-large-aws-v2,1,ip-172-31-20-156,ranking,benchANT
2026-09-21 18:48:40+00:00,system,uptime_format, 0:42,dbms,09-2026,yugabyte-2026111-vanilla-os-large-large-aws-v2,1,ip-172-31-20-156,ranking,benchANT
2026-09-21 18:24:20+00:00,system,load1,3.83,dbms,09-2026,yugabyte-2026111-vanilla-os-large-large-aws-v2,1,ip-172-31-28-139,ranking,benchANT
2026-09-21 18:24:30+00:00,system,load1,9.01,dbms,09-2026,yugabyte-2026111-vanilla-os-large-large-aws-v2,1,ip-172-31-28-139,ranking,benchANT
2026-09-21 18:24:40+00:00,system,load1,12.82,dbms,09-2026,yugabyte-2026111-vanilla-os-large-large-aws-v2,1,ip-172-31-28-139,ranking,benchANT
2026-09-21 18:24:50+00:00,system,load1,13.59,dbms,09-2026,yugabyte-2026111-vanilla-os-large-large-aws-v2,1,ip-172-31-28-139,ranking,benchANT
2026-09-21 18:25:00+00:00,system,load1,15.55,dbms,09-2026,yugabyte-2026111-vanilla-os-large-large-aws-v2,1,ip-172-31-28-139,ranking,benchANT
2026-09-21 18:25:10+00:00,system,load1,14.13,dbms,09-2026,yugabyte-2026111-vanilla-os-large-large-aws-v2,1,ip-172-31-28-139,ranking,benchANT
2026-09-21 18:25:20+00:00,system,load1,15.55,dbms,09-2026,yugabyte-2026111-vanilla-os-large-large-aws-v2,1,ip-172-31-28-139,ranking,benchANT
2026-09-21 18:25:30+00:00,system,load1,17.96,dbms,09-2026,yugabyte-2026111-vanilla-os-large-large-aws-v2,1,ip-172-31-28-139,ranking,benchANT
2026-09-21 18:25:40+00:00,system,load1,19.89,dbms,09-2026,yugabyte-2026111-vanilla-os-large-large-aws-v2,1,ip-172-31-28-139,ranking,benchANT
2026-09-21 18:25:50+00:00,system,load1,21.41,dbms,09-2026,yugabyte-2026111-vanilla-os-large-large-aws-v2,1,ip-172-31-28-139,ranking,benchANT
2026-09-21 18:26:00+00:00,system,load1,21.12,dbms,09-2026,yugabyte-2026111-vanilla-os-large-large-aws-v2,1,ip-172-31-28-139,ranking,benchANT
2026-09-21 18:26:10+00:00,system,load1,22.32,dbms,09-2026,yugabyte-2026111-vanilla-os-large-large-aws-v2,1,ip-172-31-28-139,ranking,benchANT
2026-09-21 18:26:20+00:00,system,load1,22.84,dbms,09-2026,yugabyte-2026111-vanilla-os-large-large-aws-v2,1,ip-172-31-28-139,ranking,benchANT
2026-09-21 18:26:30+00:00,system,load1,24.36,dbms,09-2026,yugabyte-2026111-vanilla-os-large-large-aws-v2,1,ip-172-31-28-139,ranking,benchANT
2026-09-21 18:26:40+00:00,system,load1,24.46,dbms,09-2026,yugabyte-2026111-vanilla-os-large-large-aws-v2,1,ip-172-31-28-139,ranking,benchANT
2026-09-21 18:26:50+00:00,system,load1,25.28,dbms,09-2026,yugabyte-2026111-vanilla-os-large-large-aws-v2,1,ip-172-31-28-139,ranking,benchANT
2026-09-21 18:27:00+00:00,system,load1,25.52,dbms,09-2026,yugabyte-2026111-vanilla-os-large-large-aws-v2,1,ip-172-31-28-139,ranking,benchANT
2026-09-21 18:27:10+00:00,system,load1,26.29,dbms,09-2026,yugabyte-2026111-vanilla-os-large-large-aws-v2,1,ip-172-31-28-139,ranking,benchANT
2026-09-21 18:27:20+00:00,system,load1,27.23,dbms,09-2026,yugabyte-2026111-vanilla-os-large-large-aws-v2,1,ip-172-31-28-139,ranking,benchANT
2026-09-21 18:27:30+00:00,system,load1,26.59,dbms,09-2026,yugabyte-2026111-vanilla-os-large-large-aws-v2,1,ip-172-31-28-139,ranking,benchANT
2026-09-21 18:27:40+00:00,system,load1,25.22,dbms,09-2026,yugabyte-2026111-vanilla-os-large-large-aws-v2,1,ip-172-31-28-139,ranking,benchANT
2026-09-21 18:27:50+00:00,system,load1,26.16,dbms,09-2026,yugabyte-2026111-vanilla-os-large-large-aws-v2,1,ip-172-31-28-139,ranking,benchANT
2026-09-21 18:28:00+00:00,system,load1,26.85,dbms,09-2026,yugabyte-2026111-vanilla-os-large-large-aws-v2,1,ip-172-31-28-139,ranking,benchANT
2026-09-21 18:28:10+00:00,system,load1,25.13,dbms,09-2026,yugabyte-2026111-vanilla-os-large-large-aws-v2,1,ip-172-31-28-139,ranking,benchANT
2026-09-21 18:28:20+00:00,system,load1,25.53,dbms,09-2026,yugabyte-2026111-vanilla-os-large-large-aws-v2,1,ip-172-31-28-139,ranking,benchANT
2026-09-21 18:28:30+00:00,system,load1,24.22,dbms,09-2026,yugabyte-2026111-vanilla-os-large-large-aws-v2,1,ip-172-31-28-139,ranking,benchANT
2026-09-21 18:28:40+00:00,system,load1,22.74,dbms,09-2026,yugabyte-2026111-vanilla-os-large-large-aws-v2,1,ip-172-31-28-139,ranking,benchANT
2026-09-21 18:28:50+00:00,system,load1,24.47,dbms,09-2026,yugabyte-2026111-vanilla-os-large-large-aws-v2,1,ip-172-31-28-139,ranking,benchANT
2026-09-21 18:29:00+00:00,system,load1,25.49,dbms,09-2026,yugabyte-2026111-vanilla-os-large-large-aws-v2,1,ip-172-31-28-139,ranking,benchANT
2026-09-21 18:29:10+00:00,system,load1,25.17,dbms,09-2026,yugabyte-2026111-vanilla-os-large-large-aws-v2,1,ip-172-31-28-139,ranking,benchANT
2026-09-21 18:29:20+00:00,system,load1,25.22,dbms,09-2026,yugabyte-2026111-vanilla-os-large-large-aws-v2,1,ip-172-31-28-139,ranking,benchANT
2026-09-21 18:29:30+00:00,system,load1,24.59,dbms,09-2026,yugabyte-2026111-vanilla-os-large-large-aws-v2,1,ip-172-31-28-139,ranking,benchANT
2026-09-21 18:29:40+00:00,system,load1,25.37,dbms,09-2026,yugabyte-2026111-vanilla-os-large-large-aws-v2,1,ip-172-31-28-139,ranking,benchANT
2026-09-21 18:29:50+00:00,system,load1,25.62,dbms,09-2026,yugabyte-2026111-vanilla-os-large-large-aws-v2,1,ip-172-31-28-139,ranking,benchANT
2026-09-21 18:30:00+00:00,system,load1,27.7,dbms,09-2026,yugabyte-2026111-vanilla-os-large-large-aws-v2,1,ip-172-31-28-139,ranking,benchANT
2026-09-21 18:30:10+00:00,system,load1,26.46,dbms,09-2026,yugabyte-2026111-vanilla-os-large-large-aws-v2,1,ip-172-31-28-139,ranking,benchANT
2026-09-21 18:30:20+00:00,system,load1,26.5,dbms,09-2026,yugabyte-2026111-vanilla-os-large-large-aws-v2,1,ip-172-31-28-139,ranking,benchANT
2026-09-21 18:30:30+00:00,system,load1,27.26,dbms,09-2026,yugabyte-2026111-vanilla-os-large-large-aws-v2,1,ip-172-31-28-139,ranking,benchANT
2026-09-21 18:30:40+00:00,system,load1,26.45,dbms,09-2026,yugabyte-2026111-vanilla-os-large-large-aws-v2,1,ip-172-31-28-139,ranking,benchANT
2026-09-21 18:30:50+00:00,system,load1,26.56,dbms,09-2026,yugabyte-2026111-vanilla-os-large-large-aws-v2,1,ip-172-31-28-139,ranking,benchANT
2026-09-21 18:31:00+00:00,system,load1,26.41,dbms,09-2026,yugabyte-2026111-vanilla-os-large-large-aws-v2,1,ip-172-31-28-139,ranking,benchANT
2026-09-21 18:31:10+00:00,system,load1,27.85,dbms,09-2026,yugabyte-2026111-vanilla-os-large-large-aws-v2,1,ip-172-31-28-139,ranking,benchANT
2026-09-21 18:31:20+00:00,system,load1,27.38,dbms,09-2026,yugabyte-2026111-vanilla-os-large-large-aws-v2,1,ip-172-31-28-139,ranking,benchANT
2026-09-21 18:31:30+00:00,system,load1,28.2,dbms,09-2026,yugabyte-2026111-vanilla-os-large-large-aws-v2,1,ip-172-31-28-139,ranking,benchANT
2026-09-21 18:31:40+00:00,system,load1,27.2,dbms,09-2026,yugabyte-2026111-vanilla-os-large-large-aws-v2,1,ip-172-31-28-139,ranking,benchANT
2026-09-21 18:31:50+00:00,system,load1,24.92,dbms,09-2026,yugabyte-2026111-vanilla-os-large-large-aws-v2,1,ip-172-31-28-139,ranking,benchANT
2026-09-21 18:32:00+00:00,system,load1,25.45,dbms,09-2026,yugabyte-2026111-vanilla-os-large-large-aws-v2,1,ip-172-31-28-139,ranking,benchANT
2026-09-21 18:32:10+00:00,system,load1,24.14,dbms,09-2026,yugabyte-2026111-vanilla-os-large-large-aws-v2,1,ip-172-31-28-139,ranking,benchANT
2026-09-21 18:32:20+00:00,system,load1,26.0,dbms,09-2026,yugabyte-2026111-vanilla-os-large-large-aws-v2,1,ip-172-31-28-139,ranking,benchANT
2026-09-21 18:32:30+00:00,system,load1,24.64,dbms,09-2026,yugabyte-2026111-vanilla-os-large-large-aws-v2,1,ip-172-31-28-139,ranking,benchANT
2026-09-21 18:32:40+00:00,system,load1,25.77,dbms,09-2026,yugabyte-2026111-vanilla-os-large-large-aws-v2,1,ip-172-31-28-139,ranking,benchANT
2026-09-21 18:32:50+00:00,system,load1,25.78,dbms,09-2026,yugabyte-2026111-vanilla-os-large-large-aws-v2,1,ip-172-31-28-139,ranking,benchANT
2026-09-21 18:33:00+00:00,system,load1,24.73,dbms,09-2026,yugabyte-2026111-vanilla-os-large-large-aws-v2,1,ip-172-31-28-139,ranking,benchANT
2026-09-21 18:33:10+00:00,system,load1,24.78,dbms,09-2026,yugabyte-2026111-vanilla-os-large-large-aws-v2,1,ip-172-31-28-139,ranking,benchANT
2026-09-21 18:33:20+00:00,system,load1,25.0,dbms,09-2026,yugabyte-2026111-vanilla-os-large-large-aws-v2,1,ip-172-31-28-139,ranking,benchANT
2026-09-21 18:33:30+00:00,system,load1,25.04,dbms,09-2026,yugabyte-2026111-vanilla-os-large-large-aws-v2,1,ip-172-31-28-139,ranking,benchANT
2026-09-21 18:33:40+00:00,system,load1,24.95,dbms,09-2026,yugabyte-2026111-vanilla-os-large-large-aws-v2,1,ip-172-31-28-139,ranking,benchANT
2026-09-21 18:33:50+00:00,system,load1,24.71,dbms,09-2026,yugabyte-2026111-vanilla-os-large-large-aws-v2,1,ip-172-31-28-139,ranking,benchANT
2026-09-21 18:34:00+00:00,system,load1,25.81,dbms,09-2026,yugabyte-2026111-vanilla-os-large-large-aws-v2,1,ip-172-31-28-139,ranking,benchANT
2026-09-21 18:34:10+00:00,system,load1,25.28,dbms,09-2026,yugabyte-2026111-vanilla-os-large-large-aws-v2,1,ip-172-31-28-139,ranking,benchANT
2026-09-21 18:34:20+00:00,system,load1,25.38,dbms,09-2026,yugabyte-2026111-vanilla-os-large-large-aws-v2,1,ip-172-31-28-139,ranking,benchANT
2026-09-21 18:34:30+00:00,system,load1,24.34,dbms,09-2026,yugabyte-2026111-vanilla-os-large-large-aws-v2,1,ip-172-31-28-139,ranking,benchANT
2026-09-21 18:34:40+00:00,system,load1,24.18,dbms,09-2026,yugabyte-2026111-vanilla-os-large-large-aws-v2,1,ip-172-31-28-139,ranking,benchANT
2026-09-21 18:34:50+00:00,system,load1,24.76,dbms,09-2026,yugabyte-2026111-vanilla-os-large-large-aws-v2,1,ip-172-31-28-139,ranking,benchANT
2026-09-21 18:35:00+00:00,system,load1,24.54,dbms,09-2026,yugabyte-2026111-vanilla-os-large-large-aws-v2,1,ip-172-31-28-139,ranking,benchANT
2026-09-21 18:35:10+00:00,system,load1,23.38,dbms,09-2026,yugabyte-2026111-vanilla-os-large-large-aws-v2,1,ip-172-31-28-139,ranking,benchANT
2026-09-21 18:35:20+00:00,system,load1,23.08,dbms,09-2026,yugabyte-2026111-vanilla-os-large-large-aws-v2,1,ip-172-31-28-139,ranking,benchANT
2026-09-21 18:35:30+00:00,system,load1,24.2,dbms,09-2026,yugabyte-2026111-vanilla-os-large-large-aws-v2,1,ip-172-31-28-139,ranking,benchANT
2026-09-21 18:35:40+00:00,system,load1,26.38,dbms,09-2026,yugabyte-2026111-vanilla-os-large-large-aws-v2,1,ip-172-31-28-139,ranking,benchANT
2026-09-21 18:35:50+00:00,system,load1,26.56,dbms,09-2026,yugabyte-2026111-vanilla-os-large-large-aws-v2,1,ip-172-31-28-139,ranking,benchANT
2026-09-21 18:36:00+00:00,system,load1,26.77,dbms,09-2026,yugabyte-2026111-vanilla-os-large-large-aws-v2,1,ip-172-31-28-139,ranking,benchANT
2026-09-21 18:36:10+00:00,system,load1,27.07,dbms,09-2026,yugabyte-2026111-vanilla-os-large-large-aws-v2,1,ip-172-31-28-139,ranking,benchANT
2026-09-21 18:36:20+00:00,system,load1,27.08,dbms,09-2026,yugabyte-2026111-vanilla-os-large-large-aws-v2,1,ip-172-31-28-139,ranking,benchANT
2026-09-21 18:36:30+00:00,system,load1,28.58,dbms,09-2026,yugabyte-2026111-vanilla-os-large-large-aws-v2,1,ip-172-31-28-139,ranking,benchANT
2026-09-21 18:36:40+00:00,system,load1,26.6,dbms,09-2026,yugabyte-2026111-vanilla-os-large-large-aws-v2,1,ip-172-31-28-139,ranking,benchANT
2026-09-21 18:36:50+00:00,system,load1,24.7,dbms,09-2026,yugabyte-2026111-vanilla-os-large-large-aws-v2,1,ip-172-31-28-139,ranking,benchANT
2026-09-21 18:37:00+00:00,system,load1,25.45,dbms,09-2026,yugabyte-2026111-vanilla-os-large-large-aws-v2,1,ip-172-31-28-139,ranking,benchANT
2026-09-21 18:37:10+00:00,system,load1,27.14,dbms,09-2026,yugabyte-2026111-vanilla-os-large-large-aws-v2,1,ip-172-31-28-139,ranking,benchANT
2026-09-21 18:37:20+00:00,system,load1,29.14,dbms,09-2026,yugabyte-2026111-vanilla-os-large-large-aws-v2,1,ip-172-31-28-139,ranking,benchANT
2026-09-21 18:37:30+00:00,system,load1,28.21,dbms,09-2026,yugabyte-2026111-vanilla-os-large-large-aws-v2,1,ip-172-31-28-139,ranking,benchANT
2026-09-21 18:37:40+00:00,system,load1,28.05,dbms,09-2026,yugabyte-2026111-vanilla-os-large-large-aws-v2,1,ip-172-31-28-139,ranking,benchANT
2026-09-21 18:37:50+00:00,system,load1,28.9,dbms,09-2026,yugabyte-2026111-vanilla-os-large-large-aws-v2,1,ip-172-31-28-139,ranking,benchANT
2026-09-21 18:38:00+00:00,system,load1,27.99,dbms,09-2026,yugabyte-2026111-vanilla-os-large-large-aws-v2,1,ip-172-31-28-139,ranking,benchANT
2026-09-21 18:38:10+00:00,system,load1,27.72,dbms,09-2026,yugabyte-2026111-vanilla-os-large-large-aws-v2,1,ip-172-31-28-139,ranking,benchANT
2026-09-21 18:38:20+00:00,system,load1,25.89,dbms,09-2026,yugabyte-2026111-vanilla-os-large-large-aws-v2,1,ip-172-31-28-139,ranking,benchANT
2026-09-21 18:38:30+00:00,system,load1,24.87,dbms,09-2026,yugabyte-2026111-vanilla-os-large-large-aws-v2,1,ip-172-31-28-139,ranking,benchANT
2026-09-21 18:38:40+00:00,system,load1,26.45,dbms,09-2026,yugabyte-2026111-vanilla-os-large-large-aws-v2,1,ip-172-31-28-139,ranking,benchANT
2026-09-21 18:38:50+00:00,system,load1,27.03,dbms,09-2026,yugabyte-2026111-vanilla-os-large-large-aws-v2,1,ip-172-31-28-139,ranking,benchANT
2026-09-21 18:39:00+00:00,system,load1,29.01,dbms,09-2026,yugabyte-2026111-vanilla-os-large-large-aws-v2,1,ip-172-31-28-139,ranking,benchANT
2026-09-21 18:39:10+00:00,system,load1,29.11,dbms,09-2026,yugabyte-2026111-vanilla-os-large-large-aws-v2,1,ip-172-31-28-139,ranking,benchANT
2026-09-21 18:39:20+00:00,system,load1,28.58,dbms,09-2026,yugabyte-2026111-vanilla-os-large-large-aws-v2,1,ip-172-31-28-139,ranking,benchANT
2026-09-21 18:39:30+00:00,system,load1,30.68,dbms,09-2026,yugabyte-2026111-vanilla-os-large-large-aws-v2,1,ip-172-31-28-139,ranking,benchANT
2026-09-21 18:39:40+00:00,system,load1,28.67,dbms,09-2026,yugabyte-2026111-vanilla-os-large-large-aws-v2,1,ip-172-31-28-139,ranking,benchANT
2026-09-21 18:39:50+00:00,system,load1,27.29,dbms,09-2026,yugabyte-2026111-vanilla-os-large-large-aws-v2,1,ip-172-31-28-139,ranking,benchANT
2026-09-21 18:40:00+00:00,system,load1,27.47,dbms,09-2026,yugabyte-2026111-vanilla-os-large-large-aws-v2,1,ip-172-31-28-139,ranking,benchANT
2026-09-21 18:40:10+00:00,system,load1,30.87,dbms,09-2026,yugabyte-2026111-vanilla-os-large-large-aws-v2,1,ip-172-31-28-139,ranking,benchANT
2026-09-21 18:40:20+00:00,system,load1,32.52,dbms,09-2026,yugabyte-2026111-vanilla-os-large-large-aws-v2,1,ip-172-31-28-139,ranking,benchANT
2026-09-21 18:40:30+00:00,system,load1,32.72,dbms,09-2026,yugabyte-2026111-vanilla-os-large-large-aws-v2,1,ip-172-31-28-139,ranking,benchANT
2026-09-21 18:40:40+00:00,system,load1,31.85,dbms,09-2026,yugabyte-2026111-vanilla-os-large-large-aws-v2,1,ip-172-31-28-139,ranking,benchANT
2026-09-21 18:40:50+00:00,system,load1,31.85,dbms,09-2026,yugabyte-2026111-vanilla-os-large-large-aws-v2,1,ip-172-31-28-139,ranking,benchANT
2026-09-21 18:41:00+00:00,system,load1,31.86,dbms,09-2026,yugabyte-2026111-vanilla-os-large-large-aws-v2,1,ip-172-31-28-139,ranking,benchANT
2026-09-21 18:41:10+00:00,system,load1,29.86,dbms,09-2026,yugabyte-2026111-vanilla-os-large-large-aws-v2,1,ip-172-31-28-139,ranking,benchANT
2026-09-21 18:41:20+00:00,system,load1,29.03,dbms,09-2026,yugabyte-2026111-vanilla-os-large-large-aws-v2,1,ip-172-31-28-139,ranking,benchANT
2026-09-21 18:41:30+00:00,system,load1,26.51,dbms,09-2026,yugabyte-2026111-vanilla-os-large-large-aws-v2,1,ip-172-31-28-139,ranking,benchANT
2026-09-21 18:41:40+00:00,system,load1,28.22,dbms,09-2026,yugabyte-2026111-vanilla-os-large-large-aws-v2,1,ip-172-31-28-139,ranking,benchANT
2026-09-21 18:41:50+00:00,system,load1,29.2,dbms,09-2026,yugabyte-2026111-vanilla-os-large-large-aws-v2,1,ip-172-31-28-139,ranking,benchANT
2026-09-21 18:42:00+00:00,system,load1,29.54,dbms,09-2026,yugabyte-2026111-vanilla-os-large-large-aws-v2,1,ip-172-31-28-139,ranking,benchANT
2026-09-21 18:42:10+00:00,system,load1,29.32,dbms,09-2026,yugabyte-2026111-vanilla-os-large-large-aws-v2,1,ip-172-31-28-139,ranking,benchANT
2026-09-21 18:42:20+00:00,system,load1,28.83,dbms,09-2026,yugabyte-2026111-vanilla-os-large-large-aws-v2,1,ip-172-31-28-139,ranking,benchANT
2026-09-21 18:42:30+00:00,system,load1,29.59,dbms,09-2026,yugabyte-2026111-vanilla-os-large-large-aws-v2,1,ip-172-31-28-139,ranking,benchANT
2026-09-21 18:42:40+00:00,system,load1,29.34,dbms,09-2026,yugabyte-2026111-vanilla-os-large-large-aws-v2,1,ip-172-31-28-139,ranking,benchANT
2026-09-21 18:42:50+00:00,system,load1,28.32,dbms,09-2026,yugabyte-2026111-vanilla-os-large-large-aws-v2,1,ip-172-31-28-139,ranking,benchANT
2026-09-21 18:43:00+00:00,system,load1,28.14,dbms,09-2026,yugabyte-2026111-vanilla-os-large-large-aws-v2,1,ip-172-31-28-139,ranking,benchANT
2026-09-21 18:43:10+00:00,system,load1,27.47,dbms,09-2026,yugabyte-2026111-vanilla-os-large-large-aws-v2,1,ip-172-31-28-139,ranking,benchANT
2026-09-21 18:43:20+00:00,system,load1,27.35,dbms,09-2026,yugabyte-2026111-vanilla-os-large-large-aws-v2,1,ip-172-31-28-139,ranking,benchANT
2026-09-21 18:43:30+00:00,system,load1,27.92,dbms,09-2026,yugabyte-2026111-vanilla-os-large-large-aws-v2,1,ip-172-31-28-139,ranking,benchANT
2026-09-21 18:43:40+00:00,system,load1,28.18,dbms,09-2026,yugabyte-2026111-vanilla-os-large-large-aws-v2,1,ip-172-31-28-139,ranking,benchANT
2026-09-21 18:43:50+00:00,system,load1,29.09,dbms,09-2026,yugabyte-2026111-vanilla-os-large-large-aws-v2,1,ip-172-31-28-139,ranking,benchANT
2026-09-21 18:44:00+00:00,system,load1,29.59,dbms,09-2026,yugabyte-2026111-vanilla-os-large-large-aws-v2,1,ip-172-31-28-139,ranking,benchANT
2026-09-21 18:44:10+00:00,system,load1,28.32,dbms,09-2026,yugabyte-2026111-vanilla-os-large-large-aws-v2,1,ip-172-31-28-139,ranking,benchANT
2026-09-21 18:44:20+00:00,system,load1,27.54,dbms,09-2026,yugabyte-2026111-vanilla-os-large-large-aws-v2,1,ip-172-31-28-139,ranking,benchANT
2026-09-21 18:44:30+00:00,system,load1,28.78,dbms,09-2026,yugabyte-2026111-vanilla-os-large-large-aws-v2,1,ip-172-31-28-139,ranking,benchANT
2026-09-21 18:44:40+00:00,system,load1,30.11,dbms,09-2026,yugabyte-2026111-vanilla-os-large-large-aws-v2,1,ip-172-31-28-139,ranking,benchANT
2026-09-21 18:44:50+00:00,system,load1,30.87,dbms,09-2026,yugabyte-2026111-vanilla-os-large-large-aws-v2,1,ip-172-31-28-139,ranking,benchANT
2026-09-21 18:45:00+00:00,system,load1,31.34,dbms,09-2026,yugabyte-2026111-vanilla-os-large-large-aws-v2,1,ip-172-31-28-139,ranking,benchANT
2026-09-21 18:45:10+00:00,system,load1,31.89,dbms,09-2026,yugabyte-2026111-vanilla-os-large-large-aws-v2,1,ip-172-31-28-139,ranking,benchANT
2026-09-21 18:45:20+00:00,system,load1,31.76,dbms,09-2026,yugabyte-2026111-vanilla-os-large-large-aws-v2,1,ip-172-31-28-139,ranking,benchANT
2026-09-21 18:45:30+00:00,system,load1,30.74,dbms,09-2026,yugabyte-2026111-vanilla-os-large-large-aws-v2,1,ip-172-31-28-139,ranking,benchANT
2026-09-21 18:45:40+00:00,system,load1,30.67,dbms,09-2026,yugabyte-2026111-vanilla-os-large-large-aws-v2,1,ip-172-31-28-139,ranking,benchANT
2026-09-21 18:45:50+00:00,system,load1,28.36,dbms,09-2026,yugabyte-2026111-vanilla-os-large-large-aws-v2,1,ip-172-31-28-139,ranking,benchANT
2026-09-21 18:46:00+00:00,system,load1,28.45,dbms,09-2026,yugabyte-2026111-vanilla-os-large-large-aws-v2,1,ip-172-31-28-139,ranking,benchANT
2026-09-21 18:46:10+00:00,system,load1,28.41,dbms,09-2026,yugabyte-2026111-vanilla-os-large-large-aws-v2,1,ip-172-31-28-139,ranking,benchANT
2026-09-21 18:46:20+00:00,system,load1,25.84,dbms,09-2026,yugabyte-2026111-vanilla-os-large-large-aws-v2,1,ip-172-31-28-139,ranking,benchANT
2026-09-21 18:46:30+00:00,system,load1,26.83,dbms,09-2026,yugabyte-2026111-vanilla-os-large-large-aws-v2,1,ip-172-31-28-139,ranking,benchANT
2026-09-21 18:46:40+00:00,system,load1,26.44,dbms,09-2026,yugabyte-2026111-vanilla-os-large-large-aws-v2,1,ip-172-31-28-139,ranking,benchANT
2026-09-21 18:46:50+00:00,system,load1,26.05,dbms,09-2026,yugabyte-2026111-vanilla-os-large-large-aws-v2,1,ip-172-31-28-139,ranking,benchANT
2026-09-21 18:47:00+00:00,system,load1,27.21,dbms,09-2026,yugabyte-2026111-vanilla-os-large-large-aws-v2,1,ip-172-31-28-139,ranking,benchANT
2026-09-21 18:47:10+00:00,system,load1,26.03,dbms,09-2026,yugabyte-2026111-vanilla-os-large-large-aws-v2,1,ip-172-31-28-139,ranking,benchANT
2026-09-21 18:47:20+00:00,system,load1,22.4,dbms,09-2026,yugabyte-2026111-vanilla-os-large-large-aws-v2,1,ip-172-31-28-139,ranking,benchANT
2026-09-21 18:47:30+00:00,system,load1,19.04,dbms,09-2026,yugabyte-2026111-vanilla-os-large-large-aws-v2,1,ip-172-31-28-139,ranking,benchANT
2026-09-21 18:47:40+00:00,system,load1,16.65,dbms,09-2026,yugabyte-2026111-vanilla-os-large-large-aws-v2,1,ip-172-31-28-139,ranking,benchANT
2026-09-21 18:47:50+00:00,system,load1,14.17,dbms,09-2026,yugabyte-2026111-vanilla-os-large-large-aws-v2,1,ip-172-31-28-139,ranking,benchANT
2026-09-21 18:48:00+00:00,system,load1,12.37,dbms,09-2026,yugabyte-2026111-vanilla-os-large-large-aws-v2,1,ip-172-31-28-139,ranking,benchANT
2026-09-21 18:48:10+00:00,system,load1,10.7,dbms,09-2026,yugabyte-2026111-vanilla-os-large-large-aws-v2,1,ip-172-31-28-139,ranking,benchANT
2026-09-21 18:48:20+00:00,system,load1,9.13,dbms,09-2026,yugabyte-2026111-vanilla-os-large-large-aws-v2,1,ip-172-31-28-139,ranking,benchANT
2026-09-21 18:48:30+00:00,system,load1,7.87,dbms,09-2026,yugabyte-2026111-vanilla-os-large-large-aws-v2,1,ip-172-31-28-139,ranking,benchANT
2026-09-21 18:48:40+00:00,system,load1,6.73,dbms,09-2026,yugabyte-2026111-vanilla-os-large-large-aws-v2,1,ip-172-31-28-139,ranking,benchANT
2026-09-21 18:24:20+00:00,system,load15,2.55,dbms,09-2026,yugabyte-2026111-vanilla-os-large-large-aws-v2,1,ip-172-31-28-139,ranking,benchANT
2026-09-21 18:24:30+00:00,system,load15,2.92,dbms,09-2026,yugabyte-2026111-vanilla-os-large-large-aws-v2,1,ip-172-31-28-139,ranking,benchANT
2026-09-21 18:24:40+00:00,system,load15,3.25,dbms,09-2026,yugabyte-2026111-vanilla-os-large-large-aws-v2,1,ip-172-31-28-139,ranking,benchANT
2026-09-21 18:24:50+00:00,system,load15,3.41,dbms,09-2026,yugabyte-2026111-vanilla-os-large-large-aws-v2,1,ip-172-31-28-139,ranking,benchANT
2026-09-21 18:25:00+00:00,system,load15,3.66,dbms,09-2026,yugabyte-2026111-vanilla-os-large-large-aws-v2,1,ip-172-31-28-139,ranking,benchANT
2026-09-21 18:25:10+00:00,system,load15,3.69,dbms,09-2026,yugabyte-2026111-vanilla-os-large-large-aws-v2,1,ip-172-31-28-139,ranking,benchANT
2026-09-21 18:25:20+00:00,system,load15,3.9,dbms,09-2026,yugabyte-2026111-vanilla-os-large-large-aws-v2,1,ip-172-31-28-139,ranking,benchANT
2026-09-21 18:25:30+00:00,system,load15,4.19,dbms,09-2026,yugabyte-2026111-vanilla-os-large-large-aws-v2,1,ip-172-31-28-139,ranking,benchANT
2026-09-21 18:25:40+00:00,system,load15,4.47,dbms,09-2026,yugabyte-2026111-vanilla-os-large-large-aws-v2,1,ip-172-31-28-139,ranking,benchANT
2026-09-21 18:25:50+00:00,system,load15,4.74,dbms,09-2026,yugabyte-2026111-vanilla-os-large-large-aws-v2,1,ip-172-31-28-139,ranking,benchANT
2026-09-21 18:26:00+00:00,system,load15,4.9,dbms,09-2026,yugabyte-2026111-vanilla-os-large-large-aws-v2,1,ip-172-31-28-139,ranking,benchANT
2026-09-21 18:26:10+00:00,system,load15,5.15,dbms,09-2026,yugabyte-2026111-vanilla-os-large-large-aws-v2,1,ip-172-31-28-139,ranking,benchANT
2026-09-21 18:26:20+00:00,system,load15,5.37,dbms,09-2026,yugabyte-2026111-vanilla-os-large-large-aws-v2,1,ip-172-31-28-139,ranking,benchANT
2026-09-21 18:26:30+00:00,system,load15,5.67,dbms,09-2026,yugabyte-2026111-vanilla-os-large-large-aws-v2,1,ip-172-31-28-139,ranking,benchANT
2026-09-21 18:26:40+00:00,system,load15,5.87,dbms,09-2026,yugabyte-2026111-vanilla-os-large-large-aws-v2,1,ip-172-31-28-139,ranking,benchANT
2026-09-21 18:26:50+00:00,system,load15,6.13,dbms,09-2026,yugabyte-2026111-vanilla-os-large-large-aws-v2,1,ip-172-31-28-139,ranking,benchANT
2026-09-21 18:27:00+00:00,system,load15,6.35,dbms,09-2026,yugabyte-2026111-vanilla-os-large-large-aws-v2,1,ip-172-31-28-139,ranking,benchANT
2026-09-21 18:27:10+00:00,system,load15,6.61,dbms,09-2026,yugabyte-2026111-vanilla-os-large-large-aws-v2,1,ip-172-31-28-139,ranking,benchANT
2026-09-21 18:27:20+00:00,system,load15,6.89,dbms,09-2026,yugabyte-2026111-vanilla-os-large-large-aws-v2,1,ip-172-31-28-139,ranking,benchANT
2026-09-21 18:27:30+00:00,system,load15,7.06,dbms,09-2026,yugabyte-2026111-vanilla-os-large-large-aws-v2,1,ip-172-31-28-139,ranking,benchANT
2026-09-21 18:27:40+00:00,system,load15,7.18,dbms,09-2026,yugabyte-2026111-vanilla-os-large-large-aws-v2,1,ip-172-31-28-139,ranking,benchANT
2026-09-21 18:27:50+00:00,system,load15,7.43,dbms,09-2026,yugabyte-2026111-vanilla-os-large-large-aws-v2,1,ip-172-31-28-139,ranking,benchANT
2026-09-21 18:28:00+00:00,system,load15,7.69,dbms,09-2026,yugabyte-2026111-vanilla-os-large-large-aws-v2,1,ip-172-31-28-139,ranking,benchANT
2026-09-21 18:28:10+00:00,system,load15,7.77,dbms,09-2026,yugabyte-2026111-vanilla-os-large-large-aws-v2,1,ip-172-31-28-139,ranking,benchANT
2026-09-21 18:28:20+00:00,system,load15,7.98,dbms,09-2026,yugabyte-2026111-vanilla-os-large-large-aws-v2,1,ip-172-31-28-139,ranking,benchANT
2026-09-21 18:28:30+00:00,system,load15,8.07,dbms,09-2026,yugabyte-2026111-vanilla-os-large-large-aws-v2,1,ip-172-31-28-139,ranking,benchANT
2026-09-21 18:28:40+00:00,system,load15,8.15,dbms,09-2026,yugabyte-2026111-vanilla-os-large-large-aws-v2,1,ip-172-31-28-139,ranking,benchANT
2026-09-21 18:28:50+00:00,system,load15,8.42,dbms,09-2026,yugabyte-2026111-vanilla-os-large-large-aws-v2,1,ip-172-31-28-139,ranking,benchANT
2026-09-21 18:29:00+00:00,system,load15,8.66,dbms,09-2026,yugabyte-2026111-vanilla-os-large-large-aws-v2,1,ip-172-31-28-139,ranking,benchANT
2026-09-21 18:29:10+00:00,system,load15,8.82,dbms,09-2026,yugabyte-2026111-vanilla-os-large-large-aws-v2,1,ip-172-31-28-139,ranking,benchANT
2026-09-21 18:29:20+00:00,system,load15,9.0,dbms,09-2026,yugabyte-2026111-vanilla-os-large-large-aws-v2,1,ip-172-31-28-139,ranking,benchANT
2026-09-21 18:29:30+00:00,system,load15,9.14,dbms,09-2026,yugabyte-2026111-vanilla-os-large-large-aws-v2,1,ip-172-31-28-139,ranking,benchANT
2026-09-21 18:29:40+00:00,system,load15,9.36,dbms,09-2026,yugabyte-2026111-vanilla-os-large-large-aws-v2,1,ip-172-31-28-139,ranking,benchANT
2026-09-21 18:29:50+00:00,system,load15,9.55,dbms,09-2026,yugabyte-2026111-vanilla-os-large-large-aws-v2,1,ip-172-31-28-139,ranking,benchANT
2026-09-21 18:30:00+00:00,system,load15,9.87,dbms,09-2026,yugabyte-2026111-vanilla-os-large-large-aws-v2,1,ip-172-31-28-139,ranking,benchANT
2026-09-21 18:30:10+00:00,system,load15,9.97,dbms,09-2026,yugabyte-2026111-vanilla-os-large-large-aws-v2,1,ip-172-31-28-139,ranking,benchANT
2026-09-21 18:30:20+00:00,system,load15,10.15,dbms,09-2026,yugabyte-2026111-vanilla-os-large-large-aws-v2,1,ip-172-31-28-139,ranking,benchANT
2026-09-21 18:30:30+00:00,system,load15,10.38,dbms,09-2026,yugabyte-2026111-vanilla-os-large-large-aws-v2,1,ip-172-31-28-139,ranking,benchANT
2026-09-21 18:30:40+00:00,system,load15,10.5,dbms,09-2026,yugabyte-2026111-vanilla-os-large-large-aws-v2,1,ip-172-31-28-139,ranking,benchANT
2026-09-21 18:30:50+00:00,system,load15,10.68,dbms,09-2026,yugabyte-2026111-vanilla-os-large-large-aws-v2,1,ip-172-31-28-139,ranking,benchANT
2026-09-21 18:31:00+00:00,system,load15,10.84,dbms,09-2026,yugabyte-2026111-vanilla-os-large-large-aws-v2,1,ip-172-31-28-139,ranking,benchANT
2026-09-21 18:31:10+00:00,system,load15,11.1,dbms,09-2026,yugabyte-2026111-vanilla-os-large-large-aws-v2,1,ip-172-31-28-139,ranking,benchANT
2026-09-21 18:31:20+00:00,system,load15,11.25,dbms,09-2026,yugabyte-2026111-vanilla-os-large-large-aws-v2,1,ip-172-31-28-139,ranking,benchANT
2026-09-21 18:31:30+00:00,system,load15,11.48,dbms,09-2026,yugabyte-2026111-vanilla-os-large-large-aws-v2,1,ip-172-31-28-139,ranking,benchANT
2026-09-21 18:31:40+00:00,system,load15,11.59,dbms,09-2026,yugabyte-2026111-vanilla-os-large-large-aws-v2,1,ip-172-31-28-139,ranking,benchANT
2026-09-21 18:31:50+00:00,system,load15,11.6,dbms,09-2026,yugabyte-2026111-vanilla-os-large-large-aws-v2,1,ip-172-31-28-139,ranking,benchANT
2026-09-21 18:32:00+00:00,system,load15,11.79,dbms,09-2026,yugabyte-2026111-vanilla-os-large-large-aws-v2,1,ip-172-31-28-139,ranking,benchANT
2026-09-21 18:32:10+00:00,system,load15,11.85,dbms,09-2026,yugabyte-2026111-vanilla-os-large-large-aws-v2,1,ip-172-31-28-139,ranking,benchANT
2026-09-21 18:32:20+00:00,system,load15,12.11,dbms,09-2026,yugabyte-2026111-vanilla-os-large-large-aws-v2,1,ip-172-31-28-139,ranking,benchANT
2026-09-21 18:32:30+00:00,system,load15,12.17,dbms,09-2026,yugabyte-2026111-vanilla-os-large-large-aws-v2,1,ip-172-31-28-139,ranking,benchANT
2026-09-21 18:32:40+00:00,system,load15,12.38,dbms,09-2026,yugabyte-2026111-vanilla-os-large-large-aws-v2,1,ip-172-31-28-139,ranking,benchANT
2026-09-21 18:32:50+00:00,system,load15,12.53,dbms,09-2026,yugabyte-2026111-vanilla-os-large-large-aws-v2,1,ip-172-31-28-139,ranking,benchANT
2026-09-21 18:33:00+00:00,system,load15,12.6,dbms,09-2026,yugabyte-2026111-vanilla-os-large-large-aws-v2,1,ip-172-31-28-139,ranking,benchANT
2026-09-21 18:33:10+00:00,system,load15,12.73,dbms,09-2026,yugabyte-2026111-vanilla-os-large-large-aws-v2,1,ip-172-31-28-139,ranking,benchANT
2026-09-21 18:33:20+00:00,system,load15,12.88,dbms,09-2026,yugabyte-2026111-vanilla-os-large-large-aws-v2,1,ip-172-31-28-139,ranking,benchANT
2026-09-21 18:33:30+00:00,system,load15,13.01,dbms,09-2026,yugabyte-2026111-vanilla-os-large-large-aws-v2,1,ip-172-31-28-139,ranking,benchANT
2026-09-21 18:33:40+00:00,system,load15,13.13,dbms,09-2026,yugabyte-2026111-vanilla-os-large-large-aws-v2,1,ip-172-31-28-139,ranking,benchANT
2026-09-21 18:33:50+00:00,system,load15,13.24,dbms,09-2026,yugabyte-2026111-vanilla-os-large-large-aws-v2,1,ip-172-31-28-139,ranking,benchANT
2026-09-21 18:34:00+00:00,system,load15,13.44,dbms,09-2026,yugabyte-2026111-vanilla-os-large-large-aws-v2,1,ip-172-31-28-139,ranking,benchANT
2026-09-21 18:34:10+00:00,system,load15,13.54,dbms,09-2026,yugabyte-2026111-vanilla-os-large-large-aws-v2,1,ip-172-31-28-139,ranking,benchANT
2026-09-21 18:34:20+00:00,system,load15,13.66,dbms,09-2026,yugabyte-2026111-vanilla-os-large-large-aws-v2,1,ip-172-31-28-139,ranking,benchANT
2026-09-21 18:34:30+00:00,system,load15,13.72,dbms,09-2026,yugabyte-2026111-vanilla-os-large-large-aws-v2,1,ip-172-31-28-139,ranking,benchANT
2026-09-21 18:34:40+00:00,system,load15,13.82,dbms,09-2026,yugabyte-2026111-vanilla-os-large-large-aws-v2,1,ip-172-31-28-139,ranking,benchANT
2026-09-21 18:34:50+00:00,system,load15,13.97,dbms,09-2026,yugabyte-2026111-vanilla-os-large-large-aws-v2,1,ip-172-31-28-139,ranking,benchANT
2026-09-21 18:35:00+00:00,system,load15,14.07,dbms,09-2026,yugabyte-2026111-vanilla-os-large-large-aws-v2,1,ip-172-31-28-139,ranking,benchANT
2026-09-21 18:35:10+00:00,system,load15,14.11,dbms,09-2026,yugabyte-2026111-vanilla-os-large-large-aws-v2,1,ip-172-31-28-139,ranking,benchANT
2026-09-21 18:35:20+00:00,system,load15,14.19,dbms,09-2026,yugabyte-2026111-vanilla-os-large-large-aws-v2,1,ip-172-31-28-139,ranking,benchANT
2026-09-21 18:35:30+00:00,system,load15,14.36,dbms,09-2026,yugabyte-2026111-vanilla-os-large-large-aws-v2,1,ip-172-31-28-139,ranking,benchANT
2026-09-21 18:35:40+00:00,system,load15,14.62,dbms,09-2026,yugabyte-2026111-vanilla-os-large-large-aws-v2,1,ip-172-31-28-139,ranking,benchANT
2026-09-21 18:35:50+00:00,system,load15,14.76,dbms,09-2026,yugabyte-2026111-vanilla-os-large-large-aws-v2,1,ip-172-31-28-139,ranking,benchANT
2026-09-21 18:36:00+00:00,system,load15,14.9,dbms,09-2026,yugabyte-2026111-vanilla-os-large-large-aws-v2,1,ip-172-31-28-139,ranking,benchANT
2026-09-21 18:36:10+00:00,system,load15,15.05,dbms,09-2026,yugabyte-2026111-vanilla-os-large-large-aws-v2,1,ip-172-31-28-139,ranking,benchANT
2026-09-21 18:36:20+00:00,system,load15,15.18,dbms,09-2026,yugabyte-2026111-vanilla-os-large-large-aws-v2,1,ip-172-31-28-139,ranking,benchANT
2026-09-21 18:36:30+00:00,system,load15,15.41,dbms,09-2026,yugabyte-2026111-vanilla-os-large-large-aws-v2,1,ip-172-31-28-139,ranking,benchANT
2026-09-21 18:36:40+00:00,system,load15,15.41,dbms,09-2026,yugabyte-2026111-vanilla-os-large-large-aws-v2,1,ip-172-31-28-139,ranking,benchANT
2026-09-21 18:36:50+00:00,system,load15,15.4,dbms,09-2026,yugabyte-2026111-vanilla-os-large-large-aws-v2,1,ip-172-31-28-139,ranking,benchANT
2026-09-21 18:37:00+00:00,system,load15,15.55,dbms,09-2026,yugabyte-2026111-vanilla-os-large-large-aws-v2,1,ip-172-31-28-139,ranking,benchANT
2026-09-21 18:37:10+00:00,system,load15,15.77,dbms,09-2026,yugabyte-2026111-vanilla-os-large-large-aws-v2,1,ip-172-31-28-139,ranking,benchANT
2026-09-21 18:37:20+00:00,system,load15,16.03,dbms,09-2026,yugabyte-2026111-vanilla-os-large-large-aws-v2,1,ip-172-31-28-139,ranking,benchANT
2026-09-21 18:37:30+00:00,system,load15,16.1,dbms,09-2026,yugabyte-2026111-vanilla-os-large-large-aws-v2,1,ip-172-31-28-139,ranking,benchANT
2026-09-21 18:37:40+00:00,system,load15,16.22,dbms,09-2026,yugabyte-2026111-vanilla-os-large-large-aws-v2,1,ip-172-31-28-139,ranking,benchANT
2026-09-21 18:37:50+00:00,system,load15,16.41,dbms,09-2026,yugabyte-2026111-vanilla-os-large-large-aws-v2,1,ip-172-31-28-139,ranking,benchANT
2026-09-21 18:38:00+00:00,system,load15,16.49,dbms,09-2026,yugabyte-2026111-vanilla-os-large-large-aws-v2,1,ip-172-31-28-139,ranking,benchANT
2026-09-21 18:38:10+00:00,system,load15,16.59,dbms,09-2026,yugabyte-2026111-vanilla-os-large-large-aws-v2,1,ip-172-31-28-139,ranking,benchANT
2026-09-21 18:38:20+00:00,system,load15,16.59,dbms,09-2026,yugabyte-2026111-vanilla-os-large-large-aws-v2,1,ip-172-31-28-139,ranking,benchANT
2026-09-21 18:38:30+00:00,system,load15,16.62,dbms,09-2026,yugabyte-2026111-vanilla-os-large-large-aws-v2,1,ip-172-31-28-139,ranking,benchANT
2026-09-21 18:38:40+00:00,system,load15,16.82,dbms,09-2026,yugabyte-2026111-vanilla-os-large-large-aws-v2,1,ip-172-31-28-139,ranking,benchANT
2026-09-21 18:38:50+00:00,system,load15,16.96,dbms,09-2026,yugabyte-2026111-vanilla-os-large-large-aws-v2,1,ip-172-31-28-139,ranking,benchANT
2026-09-21 18:39:00+00:00,system,load15,17.21,dbms,09-2026,yugabyte-2026111-vanilla-os-large-large-aws-v2,1,ip-172-31-28-139,ranking,benchANT
2026-09-21 18:39:10+00:00,system,load15,17.34,dbms,09-2026,yugabyte-2026111-vanilla-os-large-large-aws-v2,1,ip-172-31-28-139,ranking,benchANT
2026-09-21 18:39:20+00:00,system,load15,17.43,dbms,09-2026,yugabyte-2026111-vanilla-os-large-large-aws-v2,1,ip-172-31-28-139,ranking,benchANT
2026-09-21 18:39:30+00:00,system,load15,17.7,dbms,09-2026,yugabyte-2026111-vanilla-os-large-large-aws-v2,1,ip-172-31-28-139,ranking,benchANT
2026-09-21 18:39:40+00:00,system,load15,17.69,dbms,09-2026,yugabyte-2026111-vanilla-os-large-large-aws-v2,1,ip-172-31-28-139,ranking,benchANT
2026-09-21 18:39:50+00:00,system,load15,17.71,dbms,09-2026,yugabyte-2026111-vanilla-os-large-large-aws-v2,1,ip-172-31-28-139,ranking,benchANT
2026-09-21 18:40:00+00:00,system,load15,17.83,dbms,09-2026,yugabyte-2026111-vanilla-os-large-large-aws-v2,1,ip-172-31-28-139,ranking,benchANT
2026-09-21 18:40:10+00:00,system,load15,18.17,dbms,09-2026,yugabyte-2026111-vanilla-os-large-large-aws-v2,1,ip-172-31-28-139,ranking,benchANT
2026-09-21 18:40:20+00:00,system,load15,18.42,dbms,09-2026,yugabyte-2026111-vanilla-os-large-large-aws-v2,1,ip-172-31-28-139,ranking,benchANT
2026-09-21 18:40:30+00:00,system,load15,18.59,dbms,09-2026,yugabyte-2026111-vanilla-os-large-large-aws-v2,1,ip-172-31-28-139,ranking,benchANT
2026-09-21 18:40:40+00:00,system,load15,18.68,dbms,09-2026,yugabyte-2026111-vanilla-os-large-large-aws-v2,1,ip-172-31-28-139,ranking,benchANT
2026-09-21 18:40:50+00:00,system,load15,18.82,dbms,09-2026,yugabyte-2026111-vanilla-os-large-large-aws-v2,1,ip-172-31-28-139,ranking,benchANT
2026-09-21 18:41:00+00:00,system,load15,18.96,dbms,09-2026,yugabyte-2026111-vanilla-os-large-large-aws-v2,1,ip-172-31-28-139,ranking,benchANT
2026-09-21 18:41:10+00:00,system,load15,18.96,dbms,09-2026,yugabyte-2026111-vanilla-os-large-large-aws-v2,1,ip-172-31-28-139,ranking,benchANT
2026-09-21 18:41:20+00:00,system,load15,19.02,dbms,09-2026,yugabyte-2026111-vanilla-os-large-large-aws-v2,1,ip-172-31-28-139,ranking,benchANT
2026-09-21 18:41:30+00:00,system,load15,18.95,dbms,09-2026,yugabyte-2026111-vanilla-os-large-large-aws-v2,1,ip-172-31-28-139,ranking,benchANT
2026-09-21 18:41:40+00:00,system,load15,19.15,dbms,09-2026,yugabyte-2026111-vanilla-os-large-large-aws-v2,1,ip-172-31-28-139,ranking,benchANT
2026-09-21 18:41:50+00:00,system,load15,19.31,dbms,09-2026,yugabyte-2026111-vanilla-os-large-large-aws-v2,1,ip-172-31-28-139,ranking,benchANT
2026-09-21 18:42:00+00:00,system,load15,19.44,dbms,09-2026,yugabyte-2026111-vanilla-os-large-large-aws-v2,1,ip-172-31-28-139,ranking,benchANT
2026-09-21 18:42:10+00:00,system,load15,19.54,dbms,09-2026,yugabyte-2026111-vanilla-os-large-large-aws-v2,1,ip-172-31-28-139,ranking,benchANT
2026-09-21 18:42:20+00:00,system,load15,19.61,dbms,09-2026,yugabyte-2026111-vanilla-os-large-large-aws-v2,1,ip-172-31-28-139,ranking,benchANT
2026-09-21 18:42:30+00:00,system,load15,19.76,dbms,09-2026,yugabyte-2026111-vanilla-os-large-large-aws-v2,1,ip-172-31-28-139,ranking,benchANT
2026-09-21 18:42:40+00:00,system,load15,19.85,dbms,09-2026,yugabyte-2026111-vanilla-os-large-large-aws-v2,1,ip-172-31-28-139,ranking,benchANT
2026-09-21 18:42:50+00:00,system,load15,19.88,dbms,09-2026,yugabyte-2026111-vanilla-os-large-large-aws-v2,1,ip-172-31-28-139,ranking,benchANT
2026-09-21 18:43:00+00:00,system,load15,19.96,dbms,09-2026,yugabyte-2026111-vanilla-os-large-large-aws-v2,1,ip-172-31-28-139,ranking,benchANT
2026-09-21 18:43:10+00:00,system,load15,20.01,dbms,09-2026,yugabyte-2026111-vanilla-os-large-large-aws-v2,1,ip-172-31-28-139,ranking,benchANT
2026-09-21 18:43:20+00:00,system,load15,20.08,dbms,09-2026,yugabyte-2026111-vanilla-os-large-large-aws-v2,1,ip-172-31-28-139,ranking,benchANT
2026-09-21 18:43:30+00:00,system,load15,20.2,dbms,09-2026,yugabyte-2026111-vanilla-os-large-large-aws-v2,1,ip-172-31-28-139,ranking,benchANT
2026-09-21 18:43:40+00:00,system,load15,20.3,dbms,09-2026,yugabyte-2026111-vanilla-os-large-large-aws-v2,1,ip-172-31-28-139,ranking,benchANT
2026-09-21 18:43:50+00:00,system,load15,20.45,dbms,09-2026,yugabyte-2026111-vanilla-os-large-large-aws-v2,1,ip-172-31-28-139,ranking,benchANT
2026-09-21 18:44:00+00:00,system,load15,20.58,dbms,09-2026,yugabyte-2026111-vanilla-os-large-large-aws-v2,1,ip-172-31-28-139,ranking,benchANT
2026-09-21 18:44:10+00:00,system,load15,20.59,dbms,09-2026,yugabyte-2026111-vanilla-os-large-large-aws-v2,1,ip-172-31-28-139,ranking,benchANT
2026-09-21 18:44:20+00:00,system,load15,20.62,dbms,09-2026,yugabyte-2026111-vanilla-os-large-large-aws-v2,1,ip-172-31-28-139,ranking,benchANT
2026-09-21 18:44:30+00:00,system,load15,20.79,dbms,09-2026,yugabyte-2026111-vanilla-os-large-large-aws-v2,1,ip-172-31-28-139,ranking,benchANT
2026-09-21 18:44:40+00:00,system,load15,20.96,dbms,09-2026,yugabyte-2026111-vanilla-os-large-large-aws-v2,1,ip-172-31-28-139,ranking,benchANT
2026-09-21 18:44:50+00:00,system,load15,21.11,dbms,09-2026,yugabyte-2026111-vanilla-os-large-large-aws-v2,1,ip-172-31-28-139,ranking,benchANT
2026-09-21 18:45:00+00:00,system,load15,21.25,dbms,09-2026,yugabyte-2026111-vanilla-os-large-large-aws-v2,1,ip-172-31-28-139,ranking,benchANT
2026-09-21 18:45:10+00:00,system,load15,21.4,dbms,09-2026,yugabyte-2026111-vanilla-os-large-large-aws-v2,1,ip-172-31-28-139,ranking,benchANT
2026-09-21 18:45:20+00:00,system,load15,21.5,dbms,09-2026,yugabyte-2026111-vanilla-os-large-large-aws-v2,1,ip-172-31-28-139,ranking,benchANT
2026-09-21 18:45:30+00:00,system,load15,21.54,dbms,09-2026,yugabyte-2026111-vanilla-os-large-large-aws-v2,1,ip-172-31-28-139,ranking,benchANT
2026-09-21 18:45:40+00:00,system,load15,21.63,dbms,09-2026,yugabyte-2026111-vanilla-os-large-large-aws-v2,1,ip-172-31-28-139,ranking,benchANT
2026-09-21 18:45:50+00:00,system,load15,21.57,dbms,09-2026,yugabyte-2026111-vanilla-os-large-large-aws-v2,1,ip-172-31-28-139,ranking,benchANT
2026-09-21 18:46:00+00:00,system,load15,21.64,dbms,09-2026,yugabyte-2026111-vanilla-os-large-large-aws-v2,1,ip-172-31-28-139,ranking,benchANT
2026-09-21 18:46:10+00:00,system,load15,21.72,dbms,09-2026,yugabyte-2026111-vanilla-os-large-large-aws-v2,1,ip-172-31-28-139,ranking,benchANT
2026-09-21 18:46:20+00:00,system,load15,21.61,dbms,09-2026,yugabyte-2026111-vanilla-os-large-large-aws-v2,1,ip-172-31-28-139,ranking,benchANT
2026-09-21 18:46:30+00:00,system,load15,21.72,dbms,09-2026,yugabyte-2026111-vanilla-os-large-large-aws-v2,1,ip-172-31-28-139,ranking,benchANT
2026-09-21 18:46:40+00:00,system,load15,21.75,dbms,09-2026,yugabyte-2026111-vanilla-os-large-large-aws-v2,1,ip-172-31-28-139,ranking,benchANT
2026-09-21 18:46:50+00:00,system,load15,21.78,dbms,09-2026,yugabyte-2026111-vanilla-os-large-large-aws-v2,1,ip-172-31-28-139,ranking,benchANT
2026-09-21 18:47:00+00:00,system,load15,21.9,dbms,09-2026,yugabyte-2026111-vanilla-os-large-large-aws-v2,1,ip-172-31-28-139,ranking,benchANT
2026-09-21 18:47:10+00:00,system,load15,21.88,dbms,09-2026,yugabyte-2026111-vanilla-os-large-large-aws-v2,1,ip-172-31-28-139,ranking,benchANT
2026-09-21 18:47:20+00:00,system,load15,21.67,dbms,09-2026,yugabyte-2026111-vanilla-os-large-large-aws-v2,1,ip-172-31-28-139,ranking,benchANT
2026-09-21 18:47:30+00:00,system,load15,21.45,dbms,09-2026,yugabyte-2026111-vanilla-os-large-large-aws-v2,1,ip-172-31-28-139,ranking,benchANT
2026-09-21 18:47:40+00:00,system,load15,21.25,dbms,09-2026,yugabyte-2026111-vanilla-os-large-large-aws-v2,1,ip-172-31-28-139,ranking,benchANT
2026-09-21 18:47:50+00:00,system,load15,21.03,dbms,09-2026,yugabyte-2026111-vanilla-os-large-large-aws-v2,1,ip-172-31-28-139,ranking,benchANT
2026-09-21 18:48:00+00:00,system,load15,20.83,dbms,09-2026,yugabyte-2026111-vanilla-os-large-large-aws-v2,1,ip-172-31-28-139,ranking,benchANT
2026-09-21 18:48:10+00:00,system,load15,20.63,dbms,09-2026,yugabyte-2026111-vanilla-os-large-large-aws-v2,1,ip-172-31-28-139,ranking,benchANT
2026-09-21 18:48:20+00:00,system,load15,20.41,dbms,09-2026,yugabyte-2026111-vanilla-os-large-large-aws-v2,1,ip-172-31-28-139,ranking,benchANT
2026-09-21 18:48:30+00:00,system,load15,20.2,dbms,09-2026,yugabyte-2026111-vanilla-os-large-large-aws-v2,1,ip-172-31-28-139,ranking,benchANT
2026-09-21 18:48:40+00:00,system,load15,19.99,dbms,09-2026,yugabyte-2026111-vanilla-os-large-large-aws-v2,1,ip-172-31-28-139,ranking,benchANT
2026-09-21 18:24:20+00:00,system,load5,3.53,dbms,09-2026,yugabyte-2026111-vanilla-os-large-large-aws-v2,1,ip-172-31-28-139,ranking,benchANT
2026-09-21 18:24:30+00:00,system,load5,4.64,dbms,09-2026,yugabyte-2026111-vanilla-os-large-large-aws-v2,1,ip-172-31-28-139,ranking,benchANT
2026-09-21 18:24:40+00:00,system,load5,5.59,dbms,09-2026,yugabyte-2026111-vanilla-os-large-large-aws-v2,1,ip-172-31-28-139,ranking,benchANT
2026-09-21 18:24:50+00:00,system,load5,6.0,dbms,09-2026,yugabyte-2026111-vanilla-os-large-large-aws-v2,1,ip-172-31-28-139,ranking,benchANT
2026-09-21 18:25:00+00:00,system,load5,6.67,dbms,09-2026,yugabyte-2026111-vanilla-os-large-large-aws-v2,1,ip-172-31-28-139,ranking,benchANT
2026-09-21 18:25:10+00:00,system,load5,6.67,dbms,09-2026,yugabyte-2026111-vanilla-os-large-large-aws-v2,1,ip-172-31-28-139,ranking,benchANT
2026-09-21 18:25:20+00:00,system,load5,7.22,dbms,09-2026,yugabyte-2026111-vanilla-os-large-large-aws-v2,1,ip-172-31-28-139,ranking,benchANT
2026-09-21 18:25:30+00:00,system,load5,8.0,dbms,09-2026,yugabyte-2026111-vanilla-os-large-large-aws-v2,1,ip-172-31-28-139,ranking,benchANT
2026-09-21 18:25:40+00:00,system,load5,8.75,dbms,09-2026,yugabyte-2026111-vanilla-os-large-large-aws-v2,1,ip-172-31-28-139,ranking,benchANT
2026-09-21 18:25:50+00:00,system,load5,9.43,dbms,09-2026,yugabyte-2026111-vanilla-os-large-large-aws-v2,1,ip-172-31-28-139,ranking,benchANT
2026-09-21 18:26:00+00:00,system,load5,9.76,dbms,09-2026,yugabyte-2026111-vanilla-os-large-large-aws-v2,1,ip-172-31-28-139,ranking,benchANT
2026-09-21 18:26:10+00:00,system,load5,10.38,dbms,09-2026,yugabyte-2026111-vanilla-os-large-large-aws-v2,1,ip-172-31-28-139,ranking,benchANT
2026-09-21 18:26:20+00:00,system,load5,10.88,dbms,09-2026,yugabyte-2026111-vanilla-os-large-large-aws-v2,1,ip-172-31-28-139,ranking,benchANT
2026-09-21 18:26:30+00:00,system,load5,11.61,dbms,09-2026,yugabyte-2026111-vanilla-os-large-large-aws-v2,1,ip-172-31-28-139,ranking,benchANT
2026-09-21 18:26:40+00:00,system,load5,12.04,dbms,09-2026,yugabyte-2026111-vanilla-os-large-large-aws-v2,1,ip-172-31-28-139,ranking,benchANT
2026-09-21 18:26:50+00:00,system,load5,12.63,dbms,09-2026,yugabyte-2026111-vanilla-os-large-large-aws-v2,1,ip-172-31-28-139,ranking,benchANT
2026-09-21 18:27:00+00:00,system,load5,13.1,dbms,09-2026,yugabyte-2026111-vanilla-os-large-large-aws-v2,1,ip-172-31-28-139,ranking,benchANT
2026-09-21 18:27:10+00:00,system,load5,13.67,dbms,09-2026,yugabyte-2026111-vanilla-os-large-large-aws-v2,1,ip-172-31-28-139,ranking,benchANT
2026-09-21 18:27:20+00:00,system,load5,14.28,dbms,09-2026,yugabyte-2026111-vanilla-os-large-large-aws-v2,1,ip-172-31-28-139,ranking,benchANT
2026-09-21 18:27:30+00:00,system,load5,14.58,dbms,09-2026,yugabyte-2026111-vanilla-os-large-large-aws-v2,1,ip-172-31-28-139,ranking,benchANT
2026-09-21 18:27:40+00:00,system,load5,14.68,dbms,09-2026,yugabyte-2026111-vanilla-os-large-large-aws-v2,1,ip-172-31-28-139,ranking,benchANT
2026-09-21 18:27:50+00:00,system,load5,15.22,dbms,09-2026,yugabyte-2026111-vanilla-os-large-large-aws-v2,1,ip-172-31-28-139,ranking,benchANT
2026-09-21 18:28:00+00:00,system,load5,15.74,dbms,09-2026,yugabyte-2026111-vanilla-os-large-large-aws-v2,1,ip-172-31-28-139,ranking,benchANT
2026-09-21 18:28:10+00:00,system,load5,15.73,dbms,09-2026,yugabyte-2026111-vanilla-os-large-large-aws-v2,1,ip-172-31-28-139,ranking,benchANT
2026-09-21 18:28:20+00:00,system,load5,16.12,dbms,09-2026,yugabyte-2026111-vanilla-os-large-large-aws-v2,1,ip-172-31-28-139,ranking,benchANT
2026-09-21 18:28:30+00:00,system,load5,16.14,dbms,09-2026,yugabyte-2026111-vanilla-os-large-large-aws-v2,1,ip-172-31-28-139,ranking,benchANT
2026-09-21 18:28:40+00:00,system,load5,16.1,dbms,09-2026,yugabyte-2026111-vanilla-os-large-large-aws-v2,1,ip-172-31-28-139,ranking,benchANT
2026-09-21 18:28:50+00:00,system,load5,16.67,dbms,09-2026,yugabyte-2026111-vanilla-os-large-large-aws-v2,1,ip-172-31-28-139,ranking,benchANT
2026-09-21 18:29:00+00:00,system,load5,17.15,dbms,09-2026,yugabyte-2026111-vanilla-os-large-large-aws-v2,1,ip-172-31-28-139,ranking,benchANT
2026-09-21 18:29:10+00:00,system,load5,17.36,dbms,09-2026,yugabyte-2026111-vanilla-os-large-large-aws-v2,1,ip-172-31-28-139,ranking,benchANT
2026-09-21 18:29:20+00:00,system,load5,17.62,dbms,09-2026,yugabyte-2026111-vanilla-os-large-large-aws-v2,1,ip-172-31-28-139,ranking,benchANT
2026-09-21 18:29:30+00:00,system,load5,17.75,dbms,09-2026,yugabyte-2026111-vanilla-os-large-large-aws-v2,1,ip-172-31-28-139,ranking,benchANT
2026-09-21 18:29:40+00:00,system,load5,18.15,dbms,09-2026,yugabyte-2026111-vanilla-os-large-large-aws-v2,1,ip-172-31-28-139,ranking,benchANT
2026-09-21 18:29:50+00:00,system,load5,18.44,dbms,09-2026,yugabyte-2026111-vanilla-os-large-large-aws-v2,1,ip-172-31-28-139,ranking,benchANT
2026-09-21 18:30:00+00:00,system,load5,19.12,dbms,09-2026,yugabyte-2026111-vanilla-os-large-large-aws-v2,1,ip-172-31-28-139,ranking,benchANT
2026-09-21 18:30:10+00:00,system,load5,19.13,dbms,09-2026,yugabyte-2026111-vanilla-os-large-large-aws-v2,1,ip-172-31-28-139,ranking,benchANT
2026-09-21 18:30:20+00:00,system,load5,19.38,dbms,09-2026,yugabyte-2026111-vanilla-os-large-large-aws-v2,1,ip-172-31-28-139,ranking,benchANT
2026-09-21 18:30:30+00:00,system,load5,19.78,dbms,09-2026,yugabyte-2026111-vanilla-os-large-large-aws-v2,1,ip-172-31-28-139,ranking,benchANT
2026-09-21 18:30:40+00:00,system,load5,19.85,dbms,09-2026,yugabyte-2026111-vanilla-os-large-large-aws-v2,1,ip-172-31-28-139,ranking,benchANT
2026-09-21 18:30:50+00:00,system,load5,20.09,dbms,09-2026,yugabyte-2026111-vanilla-os-large-large-aws-v2,1,ip-172-31-28-139,ranking,benchANT
2026-09-21 18:31:00+00:00,system,load5,20.27,dbms,09-2026,yugabyte-2026111-vanilla-os-large-large-aws-v2,1,ip-172-31-28-139,ranking,benchANT
2026-09-21 18:31:10+00:00,system,load5,20.77,dbms,09-2026,yugabyte-2026111-vanilla-os-large-large-aws-v2,1,ip-172-31-28-139,ranking,benchANT
2026-09-21 18:31:20+00:00,system,load5,20.9,dbms,09-2026,yugabyte-2026111-vanilla-os-large-large-aws-v2,1,ip-172-31-28-139,ranking,benchANT
2026-09-21 18:31:30+00:00,system,load5,21.31,dbms,09-2026,yugabyte-2026111-vanilla-os-large-large-aws-v2,1,ip-172-31-28-139,ranking,benchANT
2026-09-21 18:31:40+00:00,system,load5,21.31,dbms,09-2026,yugabyte-2026111-vanilla-os-large-large-aws-v2,1,ip-172-31-28-139,ranking,benchANT
2026-09-21 18:31:50+00:00,system,load5,21.02,dbms,09-2026,yugabyte-2026111-vanilla-os-large-large-aws-v2,1,ip-172-31-28-139,ranking,benchANT
2026-09-21 18:32:00+00:00,system,load5,21.28,dbms,09-2026,yugabyte-2026111-vanilla-os-large-large-aws-v2,1,ip-172-31-28-139,ranking,benchANT
2026-09-21 18:32:10+00:00,system,load5,21.15,dbms,09-2026,yugabyte-2026111-vanilla-os-large-large-aws-v2,1,ip-172-31-28-139,ranking,benchANT
2026-09-21 18:32:20+00:00,system,load5,21.66,dbms,09-2026,yugabyte-2026111-vanilla-os-large-large-aws-v2,1,ip-172-31-28-139,ranking,benchANT
2026-09-21 18:32:30+00:00,system,load5,21.52,dbms,09-2026,yugabyte-2026111-vanilla-os-large-large-aws-v2,1,ip-172-31-28-139,ranking,benchANT
2026-09-21 18:32:40+00:00,system,load5,21.86,dbms,09-2026,yugabyte-2026111-vanilla-os-large-large-aws-v2,1,ip-172-31-28-139,ranking,benchANT
2026-09-21 18:32:50+00:00,system,load5,22.0,dbms,09-2026,yugabyte-2026111-vanilla-os-large-large-aws-v2,1,ip-172-31-28-139,ranking,benchANT
2026-09-21 18:33:00+00:00,system,load5,21.9,dbms,09-2026,yugabyte-2026111-vanilla-os-large-large-aws-v2,1,ip-172-31-28-139,ranking,benchANT
2026-09-21 18:33:10+00:00,system,load5,22.0,dbms,09-2026,yugabyte-2026111-vanilla-os-large-large-aws-v2,1,ip-172-31-28-139,ranking,benchANT
2026-09-21 18:33:20+00:00,system,load5,22.13,dbms,09-2026,yugabyte-2026111-vanilla-os-large-large-aws-v2,1,ip-172-31-28-139,ranking,benchANT
2026-09-21 18:33:30+00:00,system,load5,22.23,dbms,09-2026,yugabyte-2026111-vanilla-os-large-large-aws-v2,1,ip-172-31-28-139,ranking,benchANT
2026-09-21 18:33:40+00:00,system,load5,22.31,dbms,09-2026,yugabyte-2026111-vanilla-os-large-large-aws-v2,1,ip-172-31-28-139,ranking,benchANT
2026-09-21 18:33:50+00:00,system,load5,22.33,dbms,09-2026,yugabyte-2026111-vanilla-os-large-large-aws-v2,1,ip-172-31-28-139,ranking,benchANT
2026-09-21 18:34:00+00:00,system,load5,22.65,dbms,09-2026,yugabyte-2026111-vanilla-os-large-large-aws-v2,1,ip-172-31-28-139,ranking,benchANT
2026-09-21 18:34:10+00:00,system,load5,22.64,dbms,09-2026,yugabyte-2026111-vanilla-os-large-large-aws-v2,1,ip-172-31-28-139,ranking,benchANT
2026-09-21 18:34:20+00:00,system,load5,22.74,dbms,09-2026,yugabyte-2026111-vanilla-os-large-large-aws-v2,1,ip-172-31-28-139,ranking,benchANT
2026-09-21 18:34:30+00:00,system,load5,22.6,dbms,09-2026,yugabyte-2026111-vanilla-os-large-large-aws-v2,1,ip-172-31-28-139,ranking,benchANT
2026-09-21 18:34:40+00:00,system,load5,22.63,dbms,09-2026,yugabyte-2026111-vanilla-os-large-large-aws-v2,1,ip-172-31-28-139,ranking,benchANT
2026-09-21 18:34:50+00:00,system,load5,22.81,dbms,09-2026,yugabyte-2026111-vanilla-os-large-large-aws-v2,1,ip-172-31-28-139,ranking,benchANT
2026-09-21 18:35:00+00:00,system,load5,22.81,dbms,09-2026,yugabyte-2026111-vanilla-os-large-large-aws-v2,1,ip-172-31-28-139,ranking,benchANT
2026-09-21 18:35:10+00:00,system,load5,22.64,dbms,09-2026,yugabyte-2026111-vanilla-os-large-large-aws-v2,1,ip-172-31-28-139,ranking,benchANT
2026-09-21 18:35:20+00:00,system,load5,22.6,dbms,09-2026,yugabyte-2026111-vanilla-os-large-large-aws-v2,1,ip-172-31-28-139,ranking,benchANT
2026-09-21 18:35:30+00:00,system,load5,22.84,dbms,09-2026,yugabyte-2026111-vanilla-os-large-large-aws-v2,1,ip-172-31-28-139,ranking,benchANT
2026-09-21 18:35:40+00:00,system,load5,23.36,dbms,09-2026,yugabyte-2026111-vanilla-os-large-large-aws-v2,1,ip-172-31-28-139,ranking,benchANT
2026-09-21 18:35:50+00:00,system,load5,23.51,dbms,09-2026,yugabyte-2026111-vanilla-os-large-large-aws-v2,1,ip-172-31-28-139,ranking,benchANT
2026-09-21 18:36:00+00:00,system,load5,23.66,dbms,09-2026,yugabyte-2026111-vanilla-os-large-large-aws-v2,1,ip-172-31-28-139,ranking,benchANT
2026-09-21 18:36:10+00:00,system,load5,23.82,dbms,09-2026,yugabyte-2026111-vanilla-os-large-large-aws-v2,1,ip-172-31-28-139,ranking,benchANT
2026-09-21 18:36:20+00:00,system,load5,23.94,dbms,09-2026,yugabyte-2026111-vanilla-os-large-large-aws-v2,1,ip-172-31-28-139,ranking,benchANT
2026-09-21 18:36:30+00:00,system,load5,24.35,dbms,09-2026,yugabyte-2026111-vanilla-os-large-large-aws-v2,1,ip-172-31-28-139,ranking,benchANT
2026-09-21 18:36:40+00:00,system,load5,24.06,dbms,09-2026,yugabyte-2026111-vanilla-os-large-large-aws-v2,1,ip-172-31-28-139,ranking,benchANT
2026-09-21 18:36:50+00:00,system,load5,23.73,dbms,09-2026,yugabyte-2026111-vanilla-os-large-large-aws-v2,1,ip-172-31-28-139,ranking,benchANT
2026-09-21 18:37:00+00:00,system,load5,23.92,dbms,09-2026,yugabyte-2026111-vanilla-os-large-large-aws-v2,1,ip-172-31-28-139,ranking,benchANT
2026-09-21 18:37:10+00:00,system,load5,24.34,dbms,09-2026,yugabyte-2026111-vanilla-os-large-large-aws-v2,1,ip-172-31-28-139,ranking,benchANT
2026-09-21 18:37:20+00:00,system,load5,24.85,dbms,09-2026,yugabyte-2026111-vanilla-os-large-large-aws-v2,1,ip-172-31-28-139,ranking,benchANT
2026-09-21 18:37:30+00:00,system,load5,24.78,dbms,09-2026,yugabyte-2026111-vanilla-os-large-large-aws-v2,1,ip-172-31-28-139,ranking,benchANT
2026-09-21 18:37:40+00:00,system,load5,24.86,dbms,09-2026,yugabyte-2026111-vanilla-os-large-large-aws-v2,1,ip-172-31-28-139,ranking,benchANT
2026-09-21 18:37:50+00:00,system,load5,25.15,dbms,09-2026,yugabyte-2026111-vanilla-os-large-large-aws-v2,1,ip-172-31-28-139,ranking,benchANT
2026-09-21 18:38:00+00:00,system,load5,25.1,dbms,09-2026,yugabyte-2026111-vanilla-os-large-large-aws-v2,1,ip-172-31-28-139,ranking,benchANT
2026-09-21 18:38:10+00:00,system,load5,25.14,dbms,09-2026,yugabyte-2026111-vanilla-os-large-large-aws-v2,1,ip-172-31-28-139,ranking,benchANT
2026-09-21 18:38:20+00:00,system,load5,24.84,dbms,09-2026,yugabyte-2026111-vanilla-os-large-large-aws-v2,1,ip-172-31-28-139,ranking,benchANT
2026-09-21 18:38:30+00:00,system,load5,24.66,dbms,09-2026,yugabyte-2026111-vanilla-os-large-large-aws-v2,1,ip-172-31-28-139,ranking,benchANT
2026-09-21 18:38:40+00:00,system,load5,25.0,dbms,09-2026,yugabyte-2026111-vanilla-os-large-large-aws-v2,1,ip-172-31-28-139,ranking,benchANT
2026-09-21 18:38:50+00:00,system,load5,25.18,dbms,09-2026,yugabyte-2026111-vanilla-os-large-large-aws-v2,1,ip-172-31-28-139,ranking,benchANT
2026-09-21 18:39:00+00:00,system,load5,25.66,dbms,09-2026,yugabyte-2026111-vanilla-os-large-large-aws-v2,1,ip-172-31-28-139,ranking,benchANT
2026-09-21 18:39:10+00:00,system,load5,25.78,dbms,09-2026,yugabyte-2026111-vanilla-os-large-large-aws-v2,1,ip-172-31-28-139,ranking,benchANT
2026-09-21 18:39:20+00:00,system,load5,25.79,dbms,09-2026,yugabyte-2026111-vanilla-os-large-large-aws-v2,1,ip-172-31-28-139,ranking,benchANT
2026-09-21 18:39:30+00:00,system,load5,26.32,dbms,09-2026,yugabyte-2026111-vanilla-os-large-large-aws-v2,1,ip-172-31-28-139,ranking,benchANT
2026-09-21 18:39:40+00:00,system,load5,26.03,dbms,09-2026,yugabyte-2026111-vanilla-os-large-large-aws-v2,1,ip-172-31-28-139,ranking,benchANT
2026-09-21 18:39:50+00:00,system,load5,25.82,dbms,09-2026,yugabyte-2026111-vanilla-os-large-large-aws-v2,1,ip-172-31-28-139,ranking,benchANT
2026-09-21 18:40:00+00:00,system,load5,25.91,dbms,09-2026,yugabyte-2026111-vanilla-os-large-large-aws-v2,1,ip-172-31-28-139,ranking,benchANT
2026-09-21 18:40:10+00:00,system,load5,26.69,dbms,09-2026,yugabyte-2026111-vanilla-os-large-large-aws-v2,1,ip-172-31-28-139,ranking,benchANT
2026-09-21 18:40:20+00:00,system,load5,27.18,dbms,09-2026,yugabyte-2026111-vanilla-os-large-large-aws-v2,1,ip-172-31-28-139,ranking,benchANT
2026-09-21 18:40:30+00:00,system,load5,27.4,dbms,09-2026,yugabyte-2026111-vanilla-os-large-large-aws-v2,1,ip-172-31-28-139,ranking,benchANT
2026-09-21 18:40:40+00:00,system,load5,27.39,dbms,09-2026,yugabyte-2026111-vanilla-os-large-large-aws-v2,1,ip-172-31-28-139,ranking,benchANT
2026-09-21 18:40:50+00:00,system,load5,27.54,dbms,09-2026,yugabyte-2026111-vanilla-os-large-large-aws-v2,1,ip-172-31-28-139,ranking,benchANT
2026-09-21 18:41:00+00:00,system,load5,27.67,dbms,09-2026,yugabyte-2026111-vanilla-os-large-large-aws-v2,1,ip-172-31-28-139,ranking,benchANT
2026-09-21 18:41:10+00:00,system,load5,27.38,dbms,09-2026,yugabyte-2026111-vanilla-os-large-large-aws-v2,1,ip-172-31-28-139,ranking,benchANT
2026-09-21 18:41:20+00:00,system,load5,27.29,dbms,09-2026,yugabyte-2026111-vanilla-os-large-large-aws-v2,1,ip-172-31-28-139,ranking,benchANT
2026-09-21 18:41:30+00:00,system,load5,26.8,dbms,09-2026,yugabyte-2026111-vanilla-os-large-large-aws-v2,1,ip-172-31-28-139,ranking,benchANT
2026-09-21 18:41:40+00:00,system,load5,27.16,dbms,09-2026,yugabyte-2026111-vanilla-os-large-large-aws-v2,1,ip-172-31-28-139,ranking,benchANT
2026-09-21 18:41:50+00:00,system,load5,27.4,dbms,09-2026,yugabyte-2026111-vanilla-os-large-large-aws-v2,1,ip-172-31-28-139,ranking,benchANT
2026-09-21 18:42:00+00:00,system,load5,27.53,dbms,09-2026,yugabyte-2026111-vanilla-os-large-large-aws-v2,1,ip-172-31-28-139,ranking,benchANT
2026-09-21 18:42:10+00:00,system,load5,27.56,dbms,09-2026,yugabyte-2026111-vanilla-os-large-large-aws-v2,1,ip-172-31-28-139,ranking,benchANT
2026-09-21 18:42:20+00:00,system,load5,27.52,dbms,09-2026,yugabyte-2026111-vanilla-os-large-large-aws-v2,1,ip-172-31-28-139,ranking,benchANT
2026-09-21 18:42:30+00:00,system,load5,27.72,dbms,09-2026,yugabyte-2026111-vanilla-os-large-large-aws-v2,1,ip-172-31-28-139,ranking,benchANT
2026-09-21 18:42:40+00:00,system,load5,27.72,dbms,09-2026,yugabyte-2026111-vanilla-os-large-large-aws-v2,1,ip-172-31-28-139,ranking,benchANT
2026-09-21 18:42:50+00:00,system,load5,27.55,dbms,09-2026,yugabyte-2026111-vanilla-os-large-large-aws-v2,1,ip-172-31-28-139,ranking,benchANT
2026-09-21 18:43:00+00:00,system,load5,27.54,dbms,09-2026,yugabyte-2026111-vanilla-os-large-large-aws-v2,1,ip-172-31-28-139,ranking,benchANT
2026-09-21 18:43:10+00:00,system,load5,27.44,dbms,09-2026,yugabyte-2026111-vanilla-os-large-large-aws-v2,1,ip-172-31-28-139,ranking,benchANT
2026-09-21 18:43:20+00:00,system,load5,27.42,dbms,09-2026,yugabyte-2026111-vanilla-os-large-large-aws-v2,1,ip-172-31-28-139,ranking,benchANT
2026-09-21 18:43:30+00:00,system,load5,27.54,dbms,09-2026,yugabyte-2026111-vanilla-os-large-large-aws-v2,1,ip-172-31-28-139,ranking,benchANT
2026-09-21 18:43:40+00:00,system,load5,27.62,dbms,09-2026,yugabyte-2026111-vanilla-os-large-large-aws-v2,1,ip-172-31-28-139,ranking,benchANT
2026-09-21 18:43:50+00:00,system,load5,27.84,dbms,09-2026,yugabyte-2026111-vanilla-os-large-large-aws-v2,1,ip-172-31-28-139,ranking,benchANT
2026-09-21 18:44:00+00:00,system,load5,28.0,dbms,09-2026,yugabyte-2026111-vanilla-os-large-large-aws-v2,1,ip-172-31-28-139,ranking,benchANT
2026-09-21 18:44:10+00:00,system,load5,27.78,dbms,09-2026,yugabyte-2026111-vanilla-os-large-large-aws-v2,1,ip-172-31-28-139,ranking,benchANT
2026-09-21 18:44:20+00:00,system,load5,27.64,dbms,09-2026,yugabyte-2026111-vanilla-os-large-large-aws-v2,1,ip-172-31-28-139,ranking,benchANT
2026-09-21 18:44:30+00:00,system,load5,27.9,dbms,09-2026,yugabyte-2026111-vanilla-os-large-large-aws-v2,1,ip-172-31-28-139,ranking,benchANT
2026-09-21 18:44:40+00:00,system,load5,28.2,dbms,09-2026,yugabyte-2026111-vanilla-os-large-large-aws-v2,1,ip-172-31-28-139,ranking,benchANT
2026-09-21 18:44:50+00:00,system,load5,28.43,dbms,09-2026,yugabyte-2026111-vanilla-os-large-large-aws-v2,1,ip-172-31-28-139,ranking,benchANT
2026-09-21 18:45:00+00:00,system,load5,28.61,dbms,09-2026,yugabyte-2026111-vanilla-os-large-large-aws-v2,1,ip-172-31-28-139,ranking,benchANT
2026-09-21 18:45:10+00:00,system,load5,28.82,dbms,09-2026,yugabyte-2026111-vanilla-os-large-large-aws-v2,1,ip-172-31-28-139,ranking,benchANT
2026-09-21 18:45:20+00:00,system,load5,28.89,dbms,09-2026,yugabyte-2026111-vanilla-os-large-large-aws-v2,1,ip-172-31-28-139,ranking,benchANT
2026-09-21 18:45:30+00:00,system,load5,28.78,dbms,09-2026,yugabyte-2026111-vanilla-os-large-large-aws-v2,1,ip-172-31-28-139,ranking,benchANT
2026-09-21 18:45:40+00:00,system,load5,28.82,dbms,09-2026,yugabyte-2026111-vanilla-os-large-large-aws-v2,1,ip-172-31-28-139,ranking,benchANT
2026-09-21 18:45:50+00:00,system,load5,28.38,dbms,09-2026,yugabyte-2026111-vanilla-os-large-large-aws-v2,1,ip-172-31-28-139,ranking,benchANT
2026-09-21 18:46:00+00:00,system,load5,28.39,dbms,09-2026,yugabyte-2026111-vanilla-os-large-large-aws-v2,1,ip-172-31-28-139,ranking,benchANT
2026-09-21 18:46:10+00:00,system,load5,28.39,dbms,09-2026,yugabyte-2026111-vanilla-os-large-large-aws-v2,1,ip-172-31-28-139,ranking,benchANT
2026-09-21 18:46:20+00:00,system,load5,27.84,dbms,09-2026,yugabyte-2026111-vanilla-os-large-large-aws-v2,1,ip-172-31-28-139,ranking,benchANT
2026-09-21 18:46:30+00:00,system,load5,27.99,dbms,09-2026,yugabyte-2026111-vanilla-os-large-large-aws-v2,1,ip-172-31-28-139,ranking,benchANT
2026-09-21 18:46:40+00:00,system,load5,27.87,dbms,09-2026,yugabyte-2026111-vanilla-os-large-large-aws-v2,1,ip-172-31-28-139,ranking,benchANT
2026-09-21 18:46:50+00:00,system,load5,27.74,dbms,09-2026,yugabyte-2026111-vanilla-os-large-large-aws-v2,1,ip-172-31-28-139,ranking,benchANT
2026-09-21 18:47:00+00:00,system,load5,27.93,dbms,09-2026,yugabyte-2026111-vanilla-os-large-large-aws-v2,1,ip-172-31-28-139,ranking,benchANT
2026-09-21 18:47:10+00:00,system,load5,27.67,dbms,09-2026,yugabyte-2026111-vanilla-os-large-large-aws-v2,1,ip-172-31-28-139,ranking,benchANT
2026-09-21 18:47:20+00:00,system,load5,26.84,dbms,09-2026,yugabyte-2026111-vanilla-os-large-large-aws-v2,1,ip-172-31-28-139,ranking,benchANT
2026-09-21 18:47:30+00:00,system,load5,25.97,dbms,09-2026,yugabyte-2026111-vanilla-os-large-large-aws-v2,1,ip-172-31-28-139,ranking,benchANT
2026-09-21 18:47:40+00:00,system,load5,25.23,dbms,09-2026,yugabyte-2026111-vanilla-os-large-large-aws-v2,1,ip-172-31-28-139,ranking,benchANT
2026-09-21 18:47:50+00:00,system,load5,24.42,dbms,09-2026,yugabyte-2026111-vanilla-os-large-large-aws-v2,1,ip-172-31-28-139,ranking,benchANT
2026-09-21 18:48:00+00:00,system,load5,23.69,dbms,09-2026,yugabyte-2026111-vanilla-os-large-large-aws-v2,1,ip-172-31-28-139,ranking,benchANT
2026-09-21 18:48:10+00:00,system,load5,22.96,dbms,09-2026,yugabyte-2026111-vanilla-os-large-large-aws-v2,1,ip-172-31-28-139,ranking,benchANT
2026-09-21 18:48:20+00:00,system,load5,22.22,dbms,09-2026,yugabyte-2026111-vanilla-os-large-large-aws-v2,1,ip-172-31-28-139,ranking,benchANT
2026-09-21 18:48:30+00:00,system,load5,21.52,dbms,09-2026,yugabyte-2026111-vanilla-os-large-large-aws-v2,1,ip-172-31-28-139,ranking,benchANT
2026-09-21 18:48:40+00:00,system,load5,20.83,dbms,09-2026,yugabyte-2026111-vanilla-os-large-large-aws-v2,1,ip-172-31-28-139,ranking,benchANT
2026-09-21 18:24:20+00:00,system,n_cpus,8,dbms,09-2026,yugabyte-2026111-vanilla-os-large-large-aws-v2,1,ip-172-31-28-139,ranking,benchANT
2026-09-21 18:24:30+00:00,system,n_cpus,8,dbms,09-2026,yugabyte-2026111-vanilla-os-large-large-aws-v2,1,ip-172-31-28-139,ranking,benchANT
2026-09-21 18:24:40+00:00,system,n_cpus,8,dbms,09-2026,yugabyte-2026111-vanilla-os-large-large-aws-v2,1,ip-172-31-28-139,ranking,benchANT
2026-09-21 18:24:50+00:00,system,n_cpus,8,dbms,09-2026,yugabyte-2026111-vanilla-os-large-large-aws-v2,1,ip-172-31-28-139,ranking,benchANT
2026-09-21 18:25:00+00:00,system,n_cpus,8,dbms,09-2026,yugabyte-2026111-vanilla-os-large-large-aws-v2,1,ip-172-31-28-139,ranking,benchANT
2026-09-21 18:25:10+00:00,system,n_cpus,8,dbms,09-2026,yugabyte-2026111-vanilla-os-large-large-aws-v2,1,ip-172-31-28-139,ranking,benchANT
2026-09-21 18:25:20+00:00,system,n_cpus,8,dbms,09-2026,yugabyte-2026111-vanilla-os-large-large-aws-v2,1,ip-172-31-28-139,ranking,benchANT
2026-09-21 18:25:30+00:00,system,n_cpus,8,dbms,09-2026,yugabyte-2026111-vanilla-os-large-large-aws-v2,1,ip-172-31-28-139,ranking,benchANT
2026-09-21 18:25:40+00:00,system,n_cpus,8,dbms,09-2026,yugabyte-2026111-vanilla-os-large-large-aws-v2,1,ip-172-31-28-139,ranking,benchANT
2026-09-21 18:25:50+00:00,system,n_cpus,8,dbms,09-2026,yugabyte-2026111-vanilla-os-large-large-aws-v2,1,ip-172-31-28-139,ranking,benchANT
2026-09-21 18:26:00+00:00,system,n_cpus,8,dbms,09-2026,yugabyte-2026111-vanilla-os-large-large-aws-v2,1,ip-172-31-28-139,ranking,benchANT
2026-09-21 18:26:10+00:00,system,n_cpus,8,dbms,09-2026,yugabyte-2026111-vanilla-os-large-large-aws-v2,1,ip-172-31-28-139,ranking,benchANT
2026-09-21 18:26:20+00:00,system,n_cpus,8,dbms,09-2026,yugabyte-2026111-vanilla-os-large-large-aws-v2,1,ip-172-31-28-139,ranking,benchANT
2026-09-21 18:26:30+00:00,system,n_cpus,8,dbms,09-2026,yugabyte-2026111-vanilla-os-large-large-aws-v2,1,ip-172-31-28-139,ranking,benchANT
2026-09-21 18:26:40+00:00,system,n_cpus,8,dbms,09-2026,yugabyte-2026111-vanilla-os-large-large-aws-v2,1,ip-172-31-28-139,ranking,benchANT
2026-09-21 18:26:50+00:00,system,n_cpus,8,dbms,09-2026,yugabyte-2026111-vanilla-os-large-large-aws-v2,1,ip-172-31-28-139,ranking,benchANT
2026-09-21 18:27:00+00:00,system,n_cpus,8,dbms,09-2026,yugabyte-2026111-vanilla-os-large-large-aws-v2,1,ip-172-31-28-139,ranking,benchANT
2026-09-21 18:27:10+00:00,system,n_cpus,8,dbms,09-2026,yugabyte-2026111-vanilla-os-large-large-aws-v2,1,ip-172-31-28-139,ranking,benchANT
2026-09-21 18:27:20+00:00,system,n_cpus,8,dbms,09-2026,yugabyte-2026111-vanilla-os-large-large-aws-v2,1,ip-172-31-28-139,ranking,benchANT
2026-09-21 18:27:30+00:00,system,n_cpus,8,dbms,09-2026,yugabyte-2026111-vanilla-os-large-large-aws-v2,1,ip-172-31-28-139,ranking,benchANT
2026-09-21 18:27:40+00:00,system,n_cpus,8,dbms,09-2026,yugabyte-2026111-vanilla-os-large-large-aws-v2,1,ip-172-31-28-139,ranking,benchANT
2026-09-21 18:27:50+00:00,system,n_cpus,8,dbms,09-2026,yugabyte-2026111-vanilla-os-large-large-aws-v2,1,ip-172-31-28-139,ranking,benchANT
2026-09-21 18:28:00+00:00,system,n_cpus,8,dbms,09-2026,yugabyte-2026111-vanilla-os-large-large-aws-v2,1,ip-172-31-28-139,ranking,benchANT
2026-09-21 18:28:10+00:00,system,n_cpus,8,dbms,09-2026,yugabyte-2026111-vanilla-os-large-large-aws-v2,1,ip-172-31-28-139,ranking,benchANT
2026-09-21 18:28:20+00:00,system,n_cpus,8,dbms,09-2026,yugabyte-2026111-vanilla-os-large-large-aws-v2,1,ip-172-31-28-139,ranking,benchANT
2026-09-21 18:28:30+00:00,system,n_cpus,8,dbms,09-2026,yugabyte-2026111-vanilla-os-large-large-aws-v2,1,ip-172-31-28-139,ranking,benchANT
2026-09-21 18:28:40+00:00,system,n_cpus,8,dbms,09-2026,yugabyte-2026111-vanilla-os-large-large-aws-v2,1,ip-172-31-28-139,ranking,benchANT
2026-09-21 18:28:50+00:00,system,n_cpus,8,dbms,09-2026,yugabyte-2026111-vanilla-os-large-large-aws-v2,1,ip-172-31-28-139,ranking,benchANT
2026-09-21 18:29:00+00:00,system,n_cpus,8,dbms,09-2026,yugabyte-2026111-vanilla-os-large-large-aws-v2,1,ip-172-31-28-139,ranking,benchANT
2026-09-21 18:29:10+00:00,system,n_cpus,8,dbms,09-2026,yugabyte-2026111-vanilla-os-large-large-aws-v2,1,ip-172-31-28-139,ranking,benchANT
2026-09-21 18:29:20+00:00,system,n_cpus,8,dbms,09-2026,yugabyte-2026111-vanilla-os-large-large-aws-v2,1,ip-172-31-28-139,ranking,benchANT
2026-09-21 18:29:30+00:00,system,n_cpus,8,dbms,09-2026,yugabyte-2026111-vanilla-os-large-large-aws-v2,1,ip-172-31-28-139,ranking,benchANT
2026-09-21 18:29:40+00:00,system,n_cpus,8,dbms,09-2026,yugabyte-2026111-vanilla-os-large-large-aws-v2,1,ip-172-31-28-139,ranking,benchANT
2026-09-21 18:29:50+00:00,system,n_cpus,8,dbms,09-2026,yugabyte-2026111-vanilla-os-large-large-aws-v2,1,ip-172-31-28-139,ranking,benchANT
2026-09-21 18:30:00+00:00,system,n_cpus,8,dbms,09-2026,yugabyte-2026111-vanilla-os-large-large-aws-v2,1,ip-172-31-28-139,ranking,benchANT
2026-09-21 18:30:10+00:00,system,n_cpus,8,dbms,09-2026,yugabyte-2026111-vanilla-os-large-large-aws-v2,1,ip-172-31-28-139,ranking,benchANT
2026-09-21 18:30:20+00:00,system,n_cpus,8,dbms,09-2026,yugabyte-2026111-vanilla-os-large-large-aws-v2,1,ip-172-31-28-139,ranking,benchANT
2026-09-21 18:30:30+00:00,system,n_cpus,8,dbms,09-2026,yugabyte-2026111-vanilla-os-large-large-aws-v2,1,ip-172-31-28-139,ranking,benchANT
2026-09-21 18:30:40+00:00,system,n_cpus,8,dbms,09-2026,yugabyte-2026111-vanilla-os-large-large-aws-v2,1,ip-172-31-28-139,ranking,benchANT
2026-09-21 18:30:50+00:00,system,n_cpus,8,dbms,09-2026,yugabyte-2026111-vanilla-os-large-large-aws-v2,1,ip-172-31-28-139,ranking,benchANT
2026-09-21 18:31:00+00:00,system,n_cpus,8,dbms,09-2026,yugabyte-2026111-vanilla-os-large-large-aws-v2,1,ip-172-31-28-139,ranking,benchANT
2026-09-21 18:31:10+00:00,system,n_cpus,8,dbms,09-2026,yugabyte-2026111-vanilla-os-large-large-aws-v2,1,ip-172-31-28-139,ranking,benchANT
2026-09-21 18:31:20+00:00,system,n_cpus,8,dbms,09-2026,yugabyte-2026111-vanilla-os-large-large-aws-v2,1,ip-172-31-28-139,ranking,benchANT
2026-09-21 18:31:30+00:00,system,n_cpus,8,dbms,09-2026,yugabyte-2026111-vanilla-os-large-large-aws-v2,1,ip-172-31-28-139,ranking,benchANT
2026-09-21 18:31:40+00:00,system,n_cpus,8,dbms,09-2026,yugabyte-2026111-vanilla-os-large-large-aws-v2,1,ip-172-31-28-139,ranking,benchANT
2026-09-21 18:31:50+00:00,system,n_cpus,8,dbms,09-2026,yugabyte-2026111-vanilla-os-large-large-aws-v2,1,ip-172-31-28-139,ranking,benchANT
2026-09-21 18:32:00+00:00,system,n_cpus,8,dbms,09-2026,yugabyte-2026111-vanilla-os-large-large-aws-v2,1,ip-172-31-28-139,ranking,benchANT
2026-09-21 18:32:10+00:00,system,n_cpus,8,dbms,09-2026,yugabyte-2026111-vanilla-os-large-large-aws-v2,1,ip-172-31-28-139,ranking,benchANT
2026-09-21 18:32:20+00:00,system,n_cpus,8,dbms,09-2026,yugabyte-2026111-vanilla-os-large-large-aws-v2,1,ip-172-31-28-139,ranking,benchANT
2026-09-21 18:32:30+00:00,system,n_cpus,8,dbms,09-2026,yugabyte-2026111-vanilla-os-large-large-aws-v2,1,ip-172-31-28-139,ranking,benchANT
2026-09-21 18:32:40+00:00,system,n_cpus,8,dbms,09-2026,yugabyte-2026111-vanilla-os-large-large-aws-v2,1,ip-172-31-28-139,ranking,benchANT
2026-09-21 18:32:50+00:00,system,n_cpus,8,dbms,09-2026,yugabyte-2026111-vanilla-os-large-large-aws-v2,1,ip-172-31-28-139,ranking,benchANT
2026-09-21 18:33:00+00:00,system,n_cpus,8,dbms,09-2026,yugabyte-2026111-vanilla-os-large-large-aws-v2,1,ip-172-31-28-139,ranking,benchANT
2026-09-21 18:33:10+00:00,system,n_cpus,8,dbms,09-2026,yugabyte-2026111-vanilla-os-large-large-aws-v2,1,ip-172-31-28-139,ranking,benchANT
2026-09-21 18:33:20+00:00,system,n_cpus,8,dbms,09-2026,yugabyte-2026111-vanilla-os-large-large-aws-v2,1,ip-172-31-28-139,ranking,benchANT
2026-09-21 18:33:30+00:00,system,n_cpus,8,dbms,09-2026,yugabyte-2026111-vanilla-os-large-large-aws-v2,1,ip-172-31-28-139,ranking,benchANT
2026-09-21 18:33:40+00:00,system,n_cpus,8,dbms,09-2026,yugabyte-2026111-vanilla-os-large-large-aws-v2,1,ip-172-31-28-139,ranking,benchANT
2026-09-21 18:33:50+00:00,system,n_cpus,8,dbms,09-2026,yugabyte-2026111-vanilla-os-large-large-aws-v2,1,ip-172-31-28-139,ranking,benchANT
2026-09-21 18:34:00+00:00,system,n_cpus,8,dbms,09-2026,yugabyte-2026111-vanilla-os-large-large-aws-v2,1,ip-172-31-28-139,ranking,benchANT
2026-09-21 18:34:10+00:00,system,n_cpus,8,dbms,09-2026,yugabyte-2026111-vanilla-os-large-large-aws-v2,1,ip-172-31-28-139,ranking,benchANT
2026-09-21 18:34:20+00:00,system,n_cpus,8,dbms,09-2026,yugabyte-2026111-vanilla-os-large-large-aws-v2,1,ip-172-31-28-139,ranking,benchANT
2026-09-21 18:34:30+00:00,system,n_cpus,8,dbms,09-2026,yugabyte-2026111-vanilla-os-large-large-aws-v2,1,ip-172-31-28-139,ranking,benchANT
2026-09-21 18:34:40+00:00,system,n_cpus,8,dbms,09-2026,yugabyte-2026111-vanilla-os-large-large-aws-v2,1,ip-172-31-28-139,ranking,benchANT
2026-09-21 18:34:50+00:00,system,n_cpus,8,dbms,09-2026,yugabyte-2026111-vanilla-os-large-large-aws-v2,1,ip-172-31-28-139,ranking,benchANT
2026-09-21 18:35:00+00:00,system,n_cpus,8,dbms,09-2026,yugabyte-2026111-vanilla-os-large-large-aws-v2,1,ip-172-31-28-139,ranking,benchANT
2026-09-21 18:35:10+00:00,system,n_cpus,8,dbms,09-2026,yugabyte-2026111-vanilla-os-large-large-aws-v2,1,ip-172-31-28-139,ranking,benchANT
2026-09-21 18:35:20+00:00,system,n_cpus,8,dbms,09-2026,yugabyte-2026111-vanilla-os-large-large-aws-v2,1,ip-172-31-28-139,ranking,benchANT
2026-09-21 18:35:30+00:00,system,n_cpus,8,dbms,09-2026,yugabyte-2026111-vanilla-os-large-large-aws-v2,1,ip-172-31-28-139,ranking,benchANT
2026-09-21 18:35:40+00:00,system,n_cpus,8,dbms,09-2026,yugabyte-2026111-vanilla-os-large-large-aws-v2,1,ip-172-31-28-139,ranking,benchANT
2026-09-21 18:35:50+00:00,system,n_cpus,8,dbms,09-2026,yugabyte-2026111-vanilla-os-large-large-aws-v2,1,ip-172-31-28-139,ranking,benchANT
2026-09-21 18:36:00+00:00,system,n_cpus,8,dbms,09-2026,yugabyte-2026111-vanilla-os-large-large-aws-v2,1,ip-172-31-28-139,ranking,benchANT
2026-09-21 18:36:10+00:00,system,n_cpus,8,dbms,09-2026,yugabyte-2026111-vanilla-os-large-large-aws-v2,1,ip-172-31-28-139,ranking,benchANT
2026-09-21 18:36:20+00:00,system,n_cpus,8,dbms,09-2026,yugabyte-2026111-vanilla-os-large-large-aws-v2,1,ip-172-31-28-139,ranking,benchANT
2026-09-21 18:36:30+00:00,system,n_cpus,8,dbms,09-2026,yugabyte-2026111-vanilla-os-large-large-aws-v2,1,ip-172-31-28-139,ranking,benchANT
2026-09-21 18:36:40+00:00,system,n_cpus,8,dbms,09-2026,yugabyte-2026111-vanilla-os-large-large-aws-v2,1,ip-172-31-28-139,ranking,benchANT
2026-09-21 18:36:50+00:00,system,n_cpus,8,dbms,09-2026,yugabyte-2026111-vanilla-os-large-large-aws-v2,1,ip-172-31-28-139,ranking,benchANT
2026-09-21 18:37:00+00:00,system,n_cpus,8,dbms,09-2026,yugabyte-2026111-vanilla-os-large-large-aws-v2,1,ip-172-31-28-139,ranking,benchANT
2026-09-21 18:37:10+00:00,system,n_cpus,8,dbms,09-2026,yugabyte-2026111-vanilla-os-large-large-aws-v2,1,ip-172-31-28-139,ranking,benchANT
2026-09-21 18:37:20+00:00,system,n_cpus,8,dbms,09-2026,yugabyte-2026111-vanilla-os-large-large-aws-v2,1,ip-172-31-28-139,ranking,benchANT
2026-09-21 18:37:30+00:00,system,n_cpus,8,dbms,09-2026,yugabyte-2026111-vanilla-os-large-large-aws-v2,1,ip-172-31-28-139,ranking,benchANT
2026-09-21 18:37:40+00:00,system,n_cpus,8,dbms,09-2026,yugabyte-2026111-vanilla-os-large-large-aws-v2,1,ip-172-31-28-139,ranking,benchANT
2026-09-21 18:37:50+00:00,system,n_cpus,8,dbms,09-2026,yugabyte-2026111-vanilla-os-large-large-aws-v2,1,ip-172-31-28-139,ranking,benchANT
2026-09-21 18:38:00+00:00,system,n_cpus,8,dbms,09-2026,yugabyte-2026111-vanilla-os-large-large-aws-v2,1,ip-172-31-28-139,ranking,benchANT
2026-09-21 18:38:10+00:00,system,n_cpus,8,dbms,09-2026,yugabyte-2026111-vanilla-os-large-large-aws-v2,1,ip-172-31-28-139,ranking,benchANT
2026-09-21 18:38:20+00:00,system,n_cpus,8,dbms,09-2026,yugabyte-2026111-vanilla-os-large-large-aws-v2,1,ip-172-31-28-139,ranking,benchANT
2026-09-21 18:38:30+00:00,system,n_cpus,8,dbms,09-2026,yugabyte-2026111-vanilla-os-large-large-aws-v2,1,ip-172-31-28-139,ranking,benchANT
2026-09-21 18:38:40+00:00,system,n_cpus,8,dbms,09-2026,yugabyte-2026111-vanilla-os-large-large-aws-v2,1,ip-172-31-28-139,ranking,benchANT
2026-09-21 18:38:50+00:00,system,n_cpus,8,dbms,09-2026,yugabyte-2026111-vanilla-os-large-large-aws-v2,1,ip-172-31-28-139,ranking,benchANT
2026-09-21 18:39:00+00:00,system,n_cpus,8,dbms,09-2026,yugabyte-2026111-vanilla-os-large-large-aws-v2,1,ip-172-31-28-139,ranking,benchANT
2026-09-21 18:39:10+00:00,system,n_cpus,8,dbms,09-2026,yugabyte-2026111-vanilla-os-large-large-aws-v2,1,ip-172-31-28-139,ranking,benchANT
2026-09-21 18:39:20+00:00,system,n_cpus,8,dbms,09-2026,yugabyte-2026111-vanilla-os-large-large-aws-v2,1,ip-172-31-28-139,ranking,benchANT
2026-09-21 18:39:30+00:00,system,n_cpus,8,dbms,09-2026,yugabyte-2026111-vanilla-os-large-large-aws-v2,1,ip-172-31-28-139,ranking,benchANT
2026-09-21 18:39:40+00:00,system,n_cpus,8,dbms,09-2026,yugabyte-2026111-vanilla-os-large-large-aws-v2,1,ip-172-31-28-139,ranking,benchANT
2026-09-21 18:39:50+00:00,system,n_cpus,8,dbms,09-2026,yugabyte-2026111-vanilla-os-large-large-aws-v2,1,ip-172-31-28-139,ranking,benchANT
2026-09-21 18:40:00+00:00,system,n_cpus,8,dbms,09-2026,yugabyte-2026111-vanilla-os-large-large-aws-v2,1,ip-172-31-28-139,ranking,benchANT
2026-09-21 18:40:10+00:00,system,n_cpus,8,dbms,09-2026,yugabyte-2026111-vanilla-os-large-large-aws-v2,1,ip-172-31-28-139,ranking,benchANT
2026-09-21 18:40:20+00:00,system,n_cpus,8,dbms,09-2026,yugabyte-2026111-vanilla-os-large-large-aws-v2,1,ip-172-31-28-139,ranking,benchANT
2026-09-21 18:40:30+00:00,system,n_cpus,8,dbms,09-2026,yugabyte-2026111-vanilla-os-large-large-aws-v2,1,ip-172-31-28-139,ranking,benchANT
2026-09-21 18:40:40+00:00,system,n_cpus,8,dbms,09-2026,yugabyte-2026111-vanilla-os-large-large-aws-v2,1,ip-172-31-28-139,ranking,benchANT
2026-09-21 18:40:50+00:00,system,n_cpus,8,dbms,09-2026,yugabyte-2026111-vanilla-os-large-large-aws-v2,1,ip-172-31-28-139,ranking,benchANT
2026-09-21 18:41:00+00:00,system,n_cpus,8,dbms,09-2026,yugabyte-2026111-vanilla-os-large-large-aws-v2,1,ip-172-31-28-139,ranking,benchANT
2026-09-21 18:41:10+00:00,system,n_cpus,8,dbms,09-2026,yugabyte-2026111-vanilla-os-large-large-aws-v2,1,ip-172-31-28-139,ranking,benchANT
2026-09-21 18:41:20+00:00,system,n_cpus,8,dbms,09-2026,yugabyte-2026111-vanilla-os-large-large-aws-v2,1,ip-172-31-28-139,ranking,benchANT
2026-09-21 18:41:30+00:00,system,n_cpus,8,dbms,09-2026,yugabyte-2026111-vanilla-os-large-large-aws-v2,1,ip-172-31-28-139,ranking,benchANT
2026-09-21 18:41:40+00:00,system,n_cpus,8,dbms,09-2026,yugabyte-2026111-vanilla-os-large-large-aws-v2,1,ip-172-31-28-139,ranking,benchANT
2026-09-21 18:41:50+00:00,system,n_cpus,8,dbms,09-2026,yugabyte-2026111-vanilla-os-large-large-aws-v2,1,ip-172-31-28-139,ranking,benchANT
2026-09-21 18:42:00+00:00,system,n_cpus,8,dbms,09-2026,yugabyte-2026111-vanilla-os-large-large-aws-v2,1,ip-172-31-28-139,ranking,benchANT
2026-09-21 18:42:10+00:00,system,n_cpus,8,dbms,09-2026,yugabyte-2026111-vanilla-os-large-large-aws-v2,1,ip-172-31-28-139,ranking,benchANT
2026-09-21 18:42:20+00:00,system,n_cpus,8,dbms,09-2026,yugabyte-2026111-vanilla-os-large-large-aws-v2,1,ip-172-31-28-139,ranking,benchANT
2026-09-21 18:42:30+00:00,system,n_cpus,8,dbms,09-2026,yugabyte-2026111-vanilla-os-large-large-aws-v2,1,ip-172-31-28-139,ranking,benchANT
2026-09-21 18:42:40+00:00,system,n_cpus,8,dbms,09-2026,yugabyte-2026111-vanilla-os-large-large-aws-v2,1,ip-172-31-28-139,ranking,benchANT
2026-09-21 18:42:50+00:00,system,n_cpus,8,dbms,09-2026,yugabyte-2026111-vanilla-os-large-large-aws-v2,1,ip-172-31-28-139,ranking,benchANT
2026-09-21 18:43:00+00:00,system,n_cpus,8,dbms,09-2026,yugabyte-2026111-vanilla-os-large-large-aws-v2,1,ip-172-31-28-139,ranking,benchANT
2026-09-21 18:43:10+00:00,system,n_cpus,8,dbms,09-2026,yugabyte-2026111-vanilla-os-large-large-aws-v2,1,ip-172-31-28-139,ranking,benchANT
2026-09-21 18:43:20+00:00,system,n_cpus,8,dbms,09-2026,yugabyte-2026111-vanilla-os-large-large-aws-v2,1,ip-172-31-28-139,ranking,benchANT
2026-09-21 18:43:30+00:00,system,n_cpus,8,dbms,09-2026,yugabyte-2026111-vanilla-os-large-large-aws-v2,1,ip-172-31-28-139,ranking,benchANT
2026-09-21 18:43:40+00:00,system,n_cpus,8,dbms,09-2026,yugabyte-2026111-vanilla-os-large-large-aws-v2,1,ip-172-31-28-139,ranking,benchANT
2026-09-21 18:43:50+00:00,system,n_cpus,8,dbms,09-2026,yugabyte-2026111-vanilla-os-large-large-aws-v2,1,ip-172-31-28-139,ranking,benchANT
2026-09-21 18:44:00+00:00,system,n_cpus,8,dbms,09-2026,yugabyte-2026111-vanilla-os-large-large-aws-v2,1,ip-172-31-28-139,ranking,benchANT
2026-09-21 18:44:10+00:00,system,n_cpus,8,dbms,09-2026,yugabyte-2026111-vanilla-os-large-large-aws-v2,1,ip-172-31-28-139,ranking,benchANT
2026-09-21 18:44:20+00:00,system,n_cpus,8,dbms,09-2026,yugabyte-2026111-vanilla-os-large-large-aws-v2,1,ip-172-31-28-139,ranking,benchANT
2026-09-21 18:44:30+00:00,system,n_cpus,8,dbms,09-2026,yugabyte-2026111-vanilla-os-large-large-aws-v2,1,ip-172-31-28-139,ranking,benchANT
2026-09-21 18:44:40+00:00,system,n_cpus,8,dbms,09-2026,yugabyte-2026111-vanilla-os-large-large-aws-v2,1,ip-172-31-28-139,ranking,benchANT
2026-09-21 18:44:50+00:00,system,n_cpus,8,dbms,09-2026,yugabyte-2026111-vanilla-os-large-large-aws-v2,1,ip-172-31-28-139,ranking,benchANT
2026-09-21 18:45:00+00:00,system,n_cpus,8,dbms,09-2026,yugabyte-2026111-vanilla-os-large-large-aws-v2,1,ip-172-31-28-139,ranking,benchANT
2026-09-21 18:45:10+00:00,system,n_cpus,8,dbms,09-2026,yugabyte-2026111-vanilla-os-large-large-aws-v2,1,ip-172-31-28-139,ranking,benchANT
2026-09-21 18:45:20+00:00,system,n_cpus,8,dbms,09-2026,yugabyte-2026111-vanilla-os-large-large-aws-v2,1,ip-172-31-28-139,ranking,benchANT
2026-09-21 18:45:30+00:00,system,n_cpus,8,dbms,09-2026,yugabyte-2026111-vanilla-os-large-large-aws-v2,1,ip-172-31-28-139,ranking,benchANT
2026-09-21 18:45:40+00:00,system,n_cpus,8,dbms,09-2026,yugabyte-2026111-vanilla-os-large-large-aws-v2,1,ip-172-31-28-139,ranking,benchANT
2026-09-21 18:45:50+00:00,system,n_cpus,8,dbms,09-2026,yugabyte-2026111-vanilla-os-large-large-aws-v2,1,ip-172-31-28-139,ranking,benchANT
2026-09-21 18:46:00+00:00,system,n_cpus,8,dbms,09-2026,yugabyte-2026111-vanilla-os-large-large-aws-v2,1,ip-172-31-28-139,ranking,benchANT
2026-09-21 18:46:10+00:00,system,n_cpus,8,dbms,09-2026,yugabyte-2026111-vanilla-os-large-large-aws-v2,1,ip-172-31-28-139,ranking,benchANT
2026-09-21 18:46:20+00:00,system,n_cpus,8,dbms,09-2026,yugabyte-2026111-vanilla-os-large-large-aws-v2,1,ip-172-31-28-139,ranking,benchANT
2026-09-21 18:46:30+00:00,system,n_cpus,8,dbms,09-2026,yugabyte-2026111-vanilla-os-large-large-aws-v2,1,ip-172-31-28-139,ranking,benchANT
2026-09-21 18:46:40+00:00,system,n_cpus,8,dbms,09-2026,yugabyte-2026111-vanilla-os-large-large-aws-v2,1,ip-172-31-28-139,ranking,benchANT
2026-09-21 18:46:50+00:00,system,n_cpus,8,dbms,09-2026,yugabyte-2026111-vanilla-os-large-large-aws-v2,1,ip-172-31-28-139,ranking,benchANT
2026-09-21 18:47:00+00:00,system,n_cpus,8,dbms,09-2026,yugabyte-2026111-vanilla-os-large-large-aws-v2,1,ip-172-31-28-139,ranking,benchANT
2026-09-21 18:47:10+00:00,system,n_cpus,8,dbms,09-2026,yugabyte-2026111-vanilla-os-large-large-aws-v2,1,ip-172-31-28-139,ranking,benchANT
2026-09-21 18:47:20+00:00,system,n_cpus,8,dbms,09-2026,yugabyte-2026111-vanilla-os-large-large-aws-v2,1,ip-172-31-28-139,ranking,benchANT
2026-09-21 18:47:30+00:00,system,n_cpus,8,dbms,09-2026,yugabyte-2026111-vanilla-os-large-large-aws-v2,1,ip-172-31-28-139,ranking,benchANT
2026-09-21 18:47:40+00:00,system,n_cpus,8,dbms,09-2026,yugabyte-2026111-vanilla-os-large-large-aws-v2,1,ip-172-31-28-139,ranking,benchANT
2026-09-21 18:47:50+00:00,system,n_cpus,8,dbms,09-2026,yugabyte-2026111-vanilla-os-large-large-aws-v2,1,ip-172-31-28-139,ranking,benchANT
2026-09-21 18:48:00+00:00,system,n_cpus,8,dbms,09-2026,yugabyte-2026111-vanilla-os-large-large-aws-v2,1,ip-172-31-28-139,ranking,benchANT
2026-09-21 18:48:10+00:00,system,n_cpus,8,dbms,09-2026,yugabyte-2026111-vanilla-os-large-large-aws-v2,1,ip-172-31-28-139,ranking,benchANT
2026-09-21 18:48:20+00:00,system,n_cpus,8,dbms,09-2026,yugabyte-2026111-vanilla-os-large-large-aws-v2,1,ip-172-31-28-139,ranking,benchANT
2026-09-21 18:48:30+00:00,system,n_cpus,8,dbms,09-2026,yugabyte-2026111-vanilla-os-large-large-aws-v2,1,ip-172-31-28-139,ranking,benchANT
2026-09-21 18:48:40+00:00,system,n_cpus,8,dbms,09-2026,yugabyte-2026111-vanilla-os-large-large-aws-v2,1,ip-172-31-28-139,ranking,benchANT
2026-09-21 18:24:20+00:00,system,n_users,0,dbms,09-2026,yugabyte-2026111-vanilla-os-large-large-aws-v2,1,ip-172-31-28-139,ranking,benchANT
2026-09-21 18:24:30+00:00,system,n_users,0,dbms,09-2026,yugabyte-2026111-vanilla-os-large-large-aws-v2,1,ip-172-31-28-139,ranking,benchANT
2026-09-21 18:24:40+00:00,system,n_users,0,dbms,09-2026,yugabyte-2026111-vanilla-os-large-large-aws-v2,1,ip-172-31-28-139,ranking,benchANT
2026-09-21 18:24:50+00:00,system,n_users,0,dbms,09-2026,yugabyte-2026111-vanilla-os-large-large-aws-v2,1,ip-172-31-28-139,ranking,benchANT
2026-09-21 18:25:00+00:00,system,n_users,0,dbms,09-2026,yugabyte-2026111-vanilla-os-large-large-aws-v2,1,ip-172-31-28-139,ranking,benchANT
2026-09-21 18:25:10+00:00,system,n_users,0,dbms,09-2026,yugabyte-2026111-vanilla-os-large-large-aws-v2,1,ip-172-31-28-139,ranking,benchANT
2026-09-21 18:25:20+00:00,system,n_users,0,dbms,09-2026,yugabyte-2026111-vanilla-os-large-large-aws-v2,1,ip-172-31-28-139,ranking,benchANT
2026-09-21 18:25:30+00:00,system,n_users,0,dbms,09-2026,yugabyte-2026111-vanilla-os-large-large-aws-v2,1,ip-172-31-28-139,ranking,benchANT
2026-09-21 18:25:40+00:00,system,n_users,0,dbms,09-2026,yugabyte-2026111-vanilla-os-large-large-aws-v2,1,ip-172-31-28-139,ranking,benchANT
2026-09-21 18:25:50+00:00,system,n_users,0,dbms,09-2026,yugabyte-2026111-vanilla-os-large-large-aws-v2,1,ip-172-31-28-139,ranking,benchANT
2026-09-21 18:26:00+00:00,system,n_users,0,dbms,09-2026,yugabyte-2026111-vanilla-os-large-large-aws-v2,1,ip-172-31-28-139,ranking,benchANT
2026-09-21 18:26:10+00:00,system,n_users,0,dbms,09-2026,yugabyte-2026111-vanilla-os-large-large-aws-v2,1,ip-172-31-28-139,ranking,benchANT
2026-09-21 18:26:20+00:00,system,n_users,0,dbms,09-2026,yugabyte-2026111-vanilla-os-large-large-aws-v2,1,ip-172-31-28-139,ranking,benchANT
2026-09-21 18:26:30+00:00,system,n_users,0,dbms,09-2026,yugabyte-2026111-vanilla-os-large-large-aws-v2,1,ip-172-31-28-139,ranking,benchANT
2026-09-21 18:26:40+00:00,system,n_users,0,dbms,09-2026,yugabyte-2026111-vanilla-os-large-large-aws-v2,1,ip-172-31-28-139,ranking,benchANT
2026-09-21 18:26:50+00:00,system,n_users,0,dbms,09-2026,yugabyte-2026111-vanilla-os-large-large-aws-v2,1,ip-172-31-28-139,ranking,benchANT
2026-09-21 18:27:00+00:00,system,n_users,0,dbms,09-2026,yugabyte-2026111-vanilla-os-large-large-aws-v2,1,ip-172-31-28-139,ranking,benchANT
2026-09-21 18:27:10+00:00,system,n_users,0,dbms,09-2026,yugabyte-2026111-vanilla-os-large-large-aws-v2,1,ip-172-31-28-139,ranking,benchANT
2026-09-21 18:27:20+00:00,system,n_users,0,dbms,09-2026,yugabyte-2026111-vanilla-os-large-large-aws-v2,1,ip-172-31-28-139,ranking,benchANT
2026-09-21 18:27:30+00:00,system,n_users,0,dbms,09-2026,yugabyte-2026111-vanilla-os-large-large-aws-v2,1,ip-172-31-28-139,ranking,benchANT
2026-09-21 18:27:40+00:00,system,n_users,0,dbms,09-2026,yugabyte-2026111-vanilla-os-large-large-aws-v2,1,ip-172-31-28-139,ranking,benchANT
2026-09-21 18:27:50+00:00,system,n_users,0,dbms,09-2026,yugabyte-2026111-vanilla-os-large-large-aws-v2,1,ip-172-31-28-139,ranking,benchANT
2026-09-21 18:28:00+00:00,system,n_users,0,dbms,09-2026,yugabyte-2026111-vanilla-os-large-large-aws-v2,1,ip-172-31-28-139,ranking,benchANT
2026-09-21 18:28:10+00:00,system,n_users,0,dbms,09-2026,yugabyte-2026111-vanilla-os-large-large-aws-v2,1,ip-172-31-28-139,ranking,benchANT
2026-09-21 18:28:20+00:00,system,n_users,0,dbms,09-2026,yugabyte-2026111-vanilla-os-large-large-aws-v2,1,ip-172-31-28-139,ranking,benchANT
2026-09-21 18:28:30+00:00,system,n_users,0,dbms,09-2026,yugabyte-2026111-vanilla-os-large-large-aws-v2,1,ip-172-31-28-139,ranking,benchANT
2026-09-21 18:28:40+00:00,system,n_users,0,dbms,09-2026,yugabyte-2026111-vanilla-os-large-large-aws-v2,1,ip-172-31-28-139,ranking,benchANT
2026-09-21 18:28:50+00:00,system,n_users,0,dbms,09-2026,yugabyte-2026111-vanilla-os-large-large-aws-v2,1,ip-172-31-28-139,ranking,benchANT
2026-09-21 18:29:00+00:00,system,n_users,0,dbms,09-2026,yugabyte-2026111-vanilla-os-large-large-aws-v2,1,ip-172-31-28-139,ranking,benchANT
2026-09-21 18:29:10+00:00,system,n_users,0,dbms,09-2026,yugabyte-2026111-vanilla-os-large-large-aws-v2,1,ip-172-31-28-139,ranking,benchANT
2026-09-21 18:29:20+00:00,system,n_users,0,dbms,09-2026,yugabyte-2026111-vanilla-os-large-large-aws-v2,1,ip-172-31-28-139,ranking,benchANT
2026-09-21 18:29:30+00:00,system,n_users,0,dbms,09-2026,yugabyte-2026111-vanilla-os-large-large-aws-v2,1,ip-172-31-28-139,ranking,benchANT
2026-09-21 18:29:40+00:00,system,n_users,0,dbms,09-2026,yugabyte-2026111-vanilla-os-large-large-aws-v2,1,ip-172-31-28-139,ranking,benchANT
2026-09-21 18:29:50+00:00,system,n_users,0,dbms,09-2026,yugabyte-2026111-vanilla-os-large-large-aws-v2,1,ip-172-31-28-139,ranking,benchANT
2026-09-21 18:30:00+00:00,system,n_users,0,dbms,09-2026,yugabyte-2026111-vanilla-os-large-large-aws-v2,1,ip-172-31-28-139,ranking,benchANT
2026-09-21 18:30:10+00:00,system,n_users,0,dbms,09-2026,yugabyte-2026111-vanilla-os-large-large-aws-v2,1,ip-172-31-28-139,ranking,benchANT
2026-09-21 18:30:20+00:00,system,n_users,0,dbms,09-2026,yugabyte-2026111-vanilla-os-large-large-aws-v2,1,ip-172-31-28-139,ranking,benchANT
2026-09-21 18:30:30+00:00,system,n_users,0,dbms,09-2026,yugabyte-2026111-vanilla-os-large-large-aws-v2,1,ip-172-31-28-139,ranking,benchANT
2026-09-21 18:30:40+00:00,system,n_users,0,dbms,09-2026,yugabyte-2026111-vanilla-os-large-large-aws-v2,1,ip-172-31-28-139,ranking,benchANT
2026-09-21 18:30:50+00:00,system,n_users,0,dbms,09-2026,yugabyte-2026111-vanilla-os-large-large-aws-v2,1,ip-172-31-28-139,ranking,benchANT
2026-09-21 18:31:00+00:00,system,n_users,0,dbms,09-2026,yugabyte-2026111-vanilla-os-large-large-aws-v2,1,ip-172-31-28-139,ranking,benchANT
2026-09-21 18:31:10+00:00,system,n_users,0,dbms,09-2026,yugabyte-2026111-vanilla-os-large-large-aws-v2,1,ip-172-31-28-139,ranking,benchANT
2026-09-21 18:31:20+00:00,system,n_users,0,dbms,09-2026,yugabyte-2026111-vanilla-os-large-large-aws-v2,1,ip-172-31-28-139,ranking,benchANT
2026-09-21 18:31:30+00:00,system,n_users,0,dbms,09-2026,yugabyte-2026111-vanilla-os-large-large-aws-v2,1,ip-172-31-28-139,ranking,benchANT
2026-09-21 18:31:40+00:00,system,n_users,0,dbms,09-2026,yugabyte-2026111-vanilla-os-large-large-aws-v2,1,ip-172-31-28-139,ranking,benchANT
2026-09-21 18:31:50+00:00,system,n_users,0,dbms,09-2026,yugabyte-2026111-vanilla-os-large-large-aws-v2,1,ip-172-31-28-139,ranking,benchANT
2026-09-21 18:32:00+00:00,system,n_users,0,dbms,09-2026,yugabyte-2026111-vanilla-os-large-large-aws-v2,1,ip-172-31-28-139,ranking,benchANT
2026-09-21 18:32:10+00:00,system,n_users,0,dbms,09-2026,yugabyte-2026111-vanilla-os-large-large-aws-v2,1,ip-172-31-28-139,ranking,benchANT
2026-09-21 18:32:20+00:00,system,n_users,0,dbms,09-2026,yugabyte-2026111-vanilla-os-large-large-aws-v2,1,ip-172-31-28-139,ranking,benchANT
2026-09-21 18:32:30+00:00,system,n_users,0,dbms,09-2026,yugabyte-2026111-vanilla-os-large-large-aws-v2,1,ip-172-31-28-139,ranking,benchANT
2026-09-21 18:32:40+00:00,system,n_users,0,dbms,09-2026,yugabyte-2026111-vanilla-os-large-large-aws-v2,1,ip-172-31-28-139,ranking,benchANT
2026-09-21 18:32:50+00:00,system,n_users,0,dbms,09-2026,yugabyte-2026111-vanilla-os-large-large-aws-v2,1,ip-172-31-28-139,ranking,benchANT
2026-09-21 18:33:00+00:00,system,n_users,0,dbms,09-2026,yugabyte-2026111-vanilla-os-large-large-aws-v2,1,ip-172-31-28-139,ranking,benchANT
2026-09-21 18:33:10+00:00,system,n_users,0,dbms,09-2026,yugabyte-2026111-vanilla-os-large-large-aws-v2,1,ip-172-31-28-139,ranking,benchANT
2026-09-21 18:33:20+00:00,system,n_users,0,dbms,09-2026,yugabyte-2026111-vanilla-os-large-large-aws-v2,1,ip-172-31-28-139,ranking,benchANT
2026-09-21 18:33:30+00:00,system,n_users,0,dbms,09-2026,yugabyte-2026111-vanilla-os-large-large-aws-v2,1,ip-172-31-28-139,ranking,benchANT
2026-09-21 18:33:40+00:00,system,n_users,0,dbms,09-2026,yugabyte-2026111-vanilla-os-large-large-aws-v2,1,ip-172-31-28-139,ranking,benchANT
2026-09-21 18:33:50+00:00,system,n_users,0,dbms,09-2026,yugabyte-2026111-vanilla-os-large-large-aws-v2,1,ip-172-31-28-139,ranking,benchANT
2026-09-21 18:34:00+00:00,system,n_users,0,dbms,09-2026,yugabyte-2026111-vanilla-os-large-large-aws-v2,1,ip-172-31-28-139,ranking,benchANT
2026-09-21 18:34:10+00:00,system,n_users,0,dbms,09-2026,yugabyte-2026111-vanilla-os-large-large-aws-v2,1,ip-172-31-28-139,ranking,benchANT
2026-09-21 18:34:20+00:00,system,n_users,0,dbms,09-2026,yugabyte-2026111-vanilla-os-large-large-aws-v2,1,ip-172-31-28-139,ranking,benchANT
2026-09-21 18:34:30+00:00,system,n_users,0,dbms,09-2026,yugabyte-2026111-vanilla-os-large-large-aws-v2,1,ip-172-31-28-139,ranking,benchANT
2026-09-21 18:34:40+00:00,system,n_users,0,dbms,09-2026,yugabyte-2026111-vanilla-os-large-large-aws-v2,1,ip-172-31-28-139,ranking,benchANT
2026-09-21 18:34:50+00:00,system,n_users,0,dbms,09-2026,yugabyte-2026111-vanilla-os-large-large-aws-v2,1,ip-172-31-28-139,ranking,benchANT
2026-09-21 18:35:00+00:00,system,n_users,0,dbms,09-2026,yugabyte-2026111-vanilla-os-large-large-aws-v2,1,ip-172-31-28-139,ranking,benchANT
2026-09-21 18:35:10+00:00,system,n_users,0,dbms,09-2026,yugabyte-2026111-vanilla-os-large-large-aws-v2,1,ip-172-31-28-139,ranking,benchANT
2026-09-21 18:35:20+00:00,system,n_users,0,dbms,09-2026,yugabyte-2026111-vanilla-os-large-large-aws-v2,1,ip-172-31-28-139,ranking,benchANT
2026-09-21 18:35:30+00:00,system,n_users,0,dbms,09-2026,yugabyte-2026111-vanilla-os-large-large-aws-v2,1,ip-172-31-28-139,ranking,benchANT
2026-09-21 18:35:40+00:00,system,n_users,0,dbms,09-2026,yugabyte-2026111-vanilla-os-large-large-aws-v2,1,ip-172-31-28-139,ranking,benchANT
2026-09-21 18:35:50+00:00,system,n_users,0,dbms,09-2026,yugabyte-2026111-vanilla-os-large-large-aws-v2,1,ip-172-31-28-139,ranking,benchANT
2026-09-21 18:36:00+00:00,system,n_users,0,dbms,09-2026,yugabyte-2026111-vanilla-os-large-large-aws-v2,1,ip-172-31-28-139,ranking,benchANT
2026-09-21 18:36:10+00:00,system,n_users,0,dbms,09-2026,yugabyte-2026111-vanilla-os-large-large-aws-v2,1,ip-172-31-28-139,ranking,benchANT
2026-09-21 18:36:20+00:00,system,n_users,0,dbms,09-2026,yugabyte-2026111-vanilla-os-large-large-aws-v2,1,ip-172-31-28-139,ranking,benchANT
2026-09-21 18:36:30+00:00,system,n_users,0,dbms,09-2026,yugabyte-2026111-vanilla-os-large-large-aws-v2,1,ip-172-31-28-139,ranking,benchANT
2026-09-21 18:36:40+00:00,system,n_users,0,dbms,09-2026,yugabyte-2026111-vanilla-os-large-large-aws-v2,1,ip-172-31-28-139,ranking,benchANT
2026-09-21 18:36:50+00:00,system,n_users,0,dbms,09-2026,yugabyte-2026111-vanilla-os-large-large-aws-v2,1,ip-172-31-28-139,ranking,benchANT
2026-09-21 18:37:00+00:00,system,n_users,0,dbms,09-2026,yugabyte-2026111-vanilla-os-large-large-aws-v2,1,ip-172-31-28-139,ranking,benchANT
2026-09-21 18:37:10+00:00,system,n_users,0,dbms,09-2026,yugabyte-2026111-vanilla-os-large-large-aws-v2,1,ip-172-31-28-139,ranking,benchANT
2026-09-21 18:37:20+00:00,system,n_users,0,dbms,09-2026,yugabyte-2026111-vanilla-os-large-large-aws-v2,1,ip-172-31-28-139,ranking,benchANT
2026-09-21 18:37:30+00:00,system,n_users,0,dbms,09-2026,yugabyte-2026111-vanilla-os-large-large-aws-v2,1,ip-172-31-28-139,ranking,benchANT
2026-09-21 18:37:40+00:00,system,n_users,0,dbms,09-2026,yugabyte-2026111-vanilla-os-large-large-aws-v2,1,ip-172-31-28-139,ranking,benchANT
2026-09-21 18:37:50+00:00,system,n_users,0,dbms,09-2026,yugabyte-2026111-vanilla-os-large-large-aws-v2,1,ip-172-31-28-139,ranking,benchANT
2026-09-21 18:38:00+00:00,system,n_users,0,dbms,09-2026,yugabyte-2026111-vanilla-os-large-large-aws-v2,1,ip-172-31-28-139,ranking,benchANT
2026-09-21 18:38:10+00:00,system,n_users,0,dbms,09-2026,yugabyte-2026111-vanilla-os-large-large-aws-v2,1,ip-172-31-28-139,ranking,benchANT
2026-09-21 18:38:20+00:00,system,n_users,0,dbms,09-2026,yugabyte-2026111-vanilla-os-large-large-aws-v2,1,ip-172-31-28-139,ranking,benchANT
2026-09-21 18:38:30+00:00,system,n_users,0,dbms,09-2026,yugabyte-2026111-vanilla-os-large-large-aws-v2,1,ip-172-31-28-139,ranking,benchANT
2026-09-21 18:38:40+00:00,system,n_users,0,dbms,09-2026,yugabyte-2026111-vanilla-os-large-large-aws-v2,1,ip-172-31-28-139,ranking,benchANT
2026-09-21 18:38:50+00:00,system,n_users,0,dbms,09-2026,yugabyte-2026111-vanilla-os-large-large-aws-v2,1,ip-172-31-28-139,ranking,benchANT
2026-09-21 18:39:00+00:00,system,n_users,0,dbms,09-2026,yugabyte-2026111-vanilla-os-large-large-aws-v2,1,ip-172-31-28-139,ranking,benchANT
2026-09-21 18:39:10+00:00,system,n_users,0,dbms,09-2026,yugabyte-2026111-vanilla-os-large-large-aws-v2,1,ip-172-31-28-139,ranking,benchANT
2026-09-21 18:39:20+00:00,system,n_users,0,dbms,09-2026,yugabyte-2026111-vanilla-os-large-large-aws-v2,1,ip-172-31-28-139,ranking,benchANT
2026-09-21 18:39:30+00:00,system,n_users,0,dbms,09-2026,yugabyte-2026111-vanilla-os-large-large-aws-v2,1,ip-172-31-28-139,ranking,benchANT
2026-09-21 18:39:40+00:00,system,n_users,0,dbms,09-2026,yugabyte-2026111-vanilla-os-large-large-aws-v2,1,ip-172-31-28-139,ranking,benchANT
2026-09-21 18:39:50+00:00,system,n_users,0,dbms,09-2026,yugabyte-2026111-vanilla-os-large-large-aws-v2,1,ip-172-31-28-139,ranking,benchANT
2026-09-21 18:40:00+00:00,system,n_users,0,dbms,09-2026,yugabyte-2026111-vanilla-os-large-large-aws-v2,1,ip-172-31-28-139,ranking,benchANT
2026-09-21 18:40:10+00:00,system,n_users,0,dbms,09-2026,yugabyte-2026111-vanilla-os-large-large-aws-v2,1,ip-172-31-28-139,ranking,benchANT
2026-09-21 18:40:20+00:00,system,n_users,0,dbms,09-2026,yugabyte-2026111-vanilla-os-large-large-aws-v2,1,ip-172-31-28-139,ranking,benchANT
2026-09-21 18:40:30+00:00,system,n_users,0,dbms,09-2026,yugabyte-2026111-vanilla-os-large-large-aws-v2,1,ip-172-31-28-139,ranking,benchANT
2026-09-21 18:40:40+00:00,system,n_users,0,dbms,09-2026,yugabyte-2026111-vanilla-os-large-large-aws-v2,1,ip-172-31-28-139,ranking,benchANT
2026-09-21 18:40:50+00:00,system,n_users,0,dbms,09-2026,yugabyte-2026111-vanilla-os-large-large-aws-v2,1,ip-172-31-28-139,ranking,benchANT
2026-09-21 18:41:00+00:00,system,n_users,0,dbms,09-2026,yugabyte-2026111-vanilla-os-large-large-aws-v2,1,ip-172-31-28-139,ranking,benchANT
2026-09-21 18:41:10+00:00,system,n_users,0,dbms,09-2026,yugabyte-2026111-vanilla-os-large-large-aws-v2,1,ip-172-31-28-139,ranking,benchANT
2026-09-21 18:41:20+00:00,system,n_users,0,dbms,09-2026,yugabyte-2026111-vanilla-os-large-large-aws-v2,1,ip-172-31-28-139,ranking,benchANT
2026-09-21 18:41:30+00:00,system,n_users,0,dbms,09-2026,yugabyte-2026111-vanilla-os-large-large-aws-v2,1,ip-172-31-28-139,ranking,benchANT
2026-09-21 18:41:40+00:00,system,n_users,0,dbms,09-2026,yugabyte-2026111-vanilla-os-large-large-aws-v2,1,ip-172-31-28-139,ranking,benchANT
2026-09-21 18:41:50+00:00,system,n_users,0,dbms,09-2026,yugabyte-2026111-vanilla-os-large-large-aws-v2,1,ip-172-31-28-139,ranking,benchANT
2026-09-21 18:42:00+00:00,system,n_users,0,dbms,09-2026,yugabyte-2026111-vanilla-os-large-large-aws-v2,1,ip-172-31-28-139,ranking,benchANT
2026-09-21 18:42:10+00:00,system,n_users,0,dbms,09-2026,yugabyte-2026111-vanilla-os-large-large-aws-v2,1,ip-172-31-28-139,ranking,benchANT
2026-09-21 18:42:20+00:00,system,n_users,0,dbms,09-2026,yugabyte-2026111-vanilla-os-large-large-aws-v2,1,ip-172-31-28-139,ranking,benchANT
2026-09-21 18:42:30+00:00,system,n_users,0,dbms,09-2026,yugabyte-2026111-vanilla-os-large-large-aws-v2,1,ip-172-31-28-139,ranking,benchANT
2026-09-21 18:42:40+00:00,system,n_users,0,dbms,09-2026,yugabyte-2026111-vanilla-os-large-large-aws-v2,1,ip-172-31-28-139,ranking,benchANT
2026-09-21 18:42:50+00:00,system,n_users,0,dbms,09-2026,yugabyte-2026111-vanilla-os-large-large-aws-v2,1,ip-172-31-28-139,ranking,benchANT
2026-09-21 18:43:00+00:00,system,n_users,0,dbms,09-2026,yugabyte-2026111-vanilla-os-large-large-aws-v2,1,ip-172-31-28-139,ranking,benchANT
2026-09-21 18:43:10+00:00,system,n_users,0,dbms,09-2026,yugabyte-2026111-vanilla-os-large-large-aws-v2,1,ip-172-31-28-139,ranking,benchANT
2026-09-21 18:43:20+00:00,system,n_users,0,dbms,09-2026,yugabyte-2026111-vanilla-os-large-large-aws-v2,1,ip-172-31-28-139,ranking,benchANT
2026-09-21 18:43:30+00:00,system,n_users,0,dbms,09-2026,yugabyte-2026111-vanilla-os-large-large-aws-v2,1,ip-172-31-28-139,ranking,benchANT
2026-09-21 18:43:40+00:00,system,n_users,0,dbms,09-2026,yugabyte-2026111-vanilla-os-large-large-aws-v2,1,ip-172-31-28-139,ranking,benchANT
2026-09-21 18:43:50+00:00,system,n_users,0,dbms,09-2026,yugabyte-2026111-vanilla-os-large-large-aws-v2,1,ip-172-31-28-139,ranking,benchANT
2026-09-21 18:44:00+00:00,system,n_users,0,dbms,09-2026,yugabyte-2026111-vanilla-os-large-large-aws-v2,1,ip-172-31-28-139,ranking,benchANT
2026-09-21 18:44:10+00:00,system,n_users,0,dbms,09-2026,yugabyte-2026111-vanilla-os-large-large-aws-v2,1,ip-172-31-28-139,ranking,benchANT
2026-09-21 18:44:20+00:00,system,n_users,0,dbms,09-2026,yugabyte-2026111-vanilla-os-large-large-aws-v2,1,ip-172-31-28-139,ranking,benchANT
2026-09-21 18:44:30+00:00,system,n_users,0,dbms,09-2026,yugabyte-2026111-vanilla-os-large-large-aws-v2,1,ip-172-31-28-139,ranking,benchANT
2026-09-21 18:44:40+00:00,system,n_users,0,dbms,09-2026,yugabyte-2026111-vanilla-os-large-large-aws-v2,1,ip-172-31-28-139,ranking,benchANT
2026-09-21 18:44:50+00:00,system,n_users,0,dbms,09-2026,yugabyte-2026111-vanilla-os-large-large-aws-v2,1,ip-172-31-28-139,ranking,benchANT
2026-09-21 18:45:00+00:00,system,n_users,0,dbms,09-2026,yugabyte-2026111-vanilla-os-large-large-aws-v2,1,ip-172-31-28-139,ranking,benchANT
2026-09-21 18:45:10+00:00,system,n_users,0,dbms,09-2026,yugabyte-2026111-vanilla-os-large-large-aws-v2,1,ip-172-31-28-139,ranking,benchANT
2026-09-21 18:45:20+00:00,system,n_users,0,dbms,09-2026,yugabyte-2026111-vanilla-os-large-large-aws-v2,1,ip-172-31-28-139,ranking,benchANT
2026-09-21 18:45:30+00:00,system,n_users,0,dbms,09-2026,yugabyte-2026111-vanilla-os-large-large-aws-v2,1,ip-172-31-28-139,ranking,benchANT
2026-09-21 18:45:40+00:00,system,n_users,0,dbms,09-2026,yugabyte-2026111-vanilla-os-large-large-aws-v2,1,ip-172-31-28-139,ranking,benchANT
2026-09-21 18:45:50+00:00,system,n_users,0,dbms,09-2026,yugabyte-2026111-vanilla-os-large-large-aws-v2,1,ip-172-31-28-139,ranking,benchANT
2026-09-21 18:46:00+00:00,system,n_users,0,dbms,09-2026,yugabyte-2026111-vanilla-os-large-large-aws-v2,1,ip-172-31-28-139,ranking,benchANT
2026-09-21 18:46:10+00:00,system,n_users,0,dbms,09-2026,yugabyte-2026111-vanilla-os-large-large-aws-v2,1,ip-172-31-28-139,ranking,benchANT
2026-09-21 18:46:20+00:00,system,n_users,0,dbms,09-2026,yugabyte-2026111-vanilla-os-large-large-aws-v2,1,ip-172-31-28-139,ranking,benchANT
2026-09-21 18:46:30+00:00,system,n_users,0,dbms,09-2026,yugabyte-2026111-vanilla-os-large-large-aws-v2,1,ip-172-31-28-139,ranking,benchANT
2026-09-21 18:46:40+00:00,system,n_users,0,dbms,09-2026,yugabyte-2026111-vanilla-os-large-large-aws-v2,1,ip-172-31-28-139,ranking,benchANT
2026-09-21 18:46:50+00:00,system,n_users,0,dbms,09-2026,yugabyte-2026111-vanilla-os-large-large-aws-v2,1,ip-172-31-28-139,ranking,benchANT
2026-09-21 18:47:00+00:00,system,n_users,0,dbms,09-2026,yugabyte-2026111-vanilla-os-large-large-aws-v2,1,ip-172-31-28-139,ranking,benchANT
2026-09-21 18:47:10+00:00,system,n_users,0,dbms,09-2026,yugabyte-2026111-vanilla-os-large-large-aws-v2,1,ip-172-31-28-139,ranking,benchANT
2026-09-21 18:47:20+00:00,system,n_users,0,dbms,09-2026,yugabyte-2026111-vanilla-os-large-large-aws-v2,1,ip-172-31-28-139,ranking,benchANT
2026-09-21 18:47:30+00:00,system,n_users,0,dbms,09-2026,yugabyte-2026111-vanilla-os-large-large-aws-v2,1,ip-172-31-28-139,ranking,benchANT
2026-09-21 18:47:40+00:00,system,n_users,0,dbms,09-2026,yugabyte-2026111-vanilla-os-large-large-aws-v2,1,ip-172-31-28-139,ranking,benchANT
2026-09-21 18:47:50+00:00,system,n_users,0,dbms,09-2026,yugabyte-2026111-vanilla-os-large-large-aws-v2,1,ip-172-31-28-139,ranking,benchANT
2026-09-21 18:48:00+00:00,system,n_users,0,dbms,09-2026,yugabyte-2026111-vanilla-os-large-large-aws-v2,1,ip-172-31-28-139,ranking,benchANT
2026-09-21 18:48:10+00:00,system,n_users,0,dbms,09-2026,yugabyte-2026111-vanilla-os-large-large-aws-v2,1,ip-172-31-28-139,ranking,benchANT
2026-09-21 18:48:20+00:00,system,n_users,0,dbms,09-2026,yugabyte-2026111-vanilla-os-large-large-aws-v2,1,ip-172-31-28-139,ranking,benchANT
2026-09-21 18:48:30+00:00,system,n_users,0,dbms,09-2026,yugabyte-2026111-vanilla-os-large-large-aws-v2,1,ip-172-31-28-139,ranking,benchANT
2026-09-21 18:48:40+00:00,system,n_users,0,dbms,09-2026,yugabyte-2026111-vanilla-os-large-large-aws-v2,1,ip-172-31-28-139,ranking,benchANT
2026-09-21 18:24:20+00:00,system,uptime,1092,dbms,09-2026,yugabyte-2026111-vanilla-os-large-large-aws-v2,1,ip-172-31-28-139,ranking,benchANT
2026-09-21 18:24:30+00:00,system,uptime,1102,dbms,09-2026,yugabyte-2026111-vanilla-os-large-large-aws-v2,1,ip-172-31-28-139,ranking,benchANT
2026-09-21 18:24:40+00:00,system,uptime,1112,dbms,09-2026,yugabyte-2026111-vanilla-os-large-large-aws-v2,1,ip-172-31-28-139,ranking,benchANT
2026-09-21 18:24:50+00:00,system,uptime,1122,dbms,09-2026,yugabyte-2026111-vanilla-os-large-large-aws-v2,1,ip-172-31-28-139,ranking,benchANT
2026-09-21 18:25:00+00:00,system,uptime,1132,dbms,09-2026,yugabyte-2026111-vanilla-os-large-large-aws-v2,1,ip-172-31-28-139,ranking,benchANT
2026-09-21 18:25:10+00:00,system,uptime,1142,dbms,09-2026,yugabyte-2026111-vanilla-os-large-large-aws-v2,1,ip-172-31-28-139,ranking,benchANT
2026-09-21 18:25:20+00:00,system,uptime,1152,dbms,09-2026,yugabyte-2026111-vanilla-os-large-large-aws-v2,1,ip-172-31-28-139,ranking,benchANT
2026-09-21 18:25:30+00:00,system,uptime,1162,dbms,09-2026,yugabyte-2026111-vanilla-os-large-large-aws-v2,1,ip-172-31-28-139,ranking,benchANT
2026-09-21 18:25:40+00:00,system,uptime,1172,dbms,09-2026,yugabyte-2026111-vanilla-os-large-large-aws-v2,1,ip-172-31-28-139,ranking,benchANT
2026-09-21 18:25:50+00:00,system,uptime,1182,dbms,09-2026,yugabyte-2026111-vanilla-os-large-large-aws-v2,1,ip-172-31-28-139,ranking,benchANT
2026-09-21 18:26:00+00:00,system,uptime,1192,dbms,09-2026,yugabyte-2026111-vanilla-os-large-large-aws-v2,1,ip-172-31-28-139,ranking,benchANT
2026-09-21 18:26:10+00:00,system,uptime,1202,dbms,09-2026,yugabyte-2026111-vanilla-os-large-large-aws-v2,1,ip-172-31-28-139,ranking,benchANT
2026-09-21 18:26:20+00:00,system,uptime,1212,dbms,09-2026,yugabyte-2026111-vanilla-os-large-large-aws-v2,1,ip-172-31-28-139,ranking,benchANT
2026-09-21 18:26:30+00:00,system,uptime,1222,dbms,09-2026,yugabyte-2026111-vanilla-os-large-large-aws-v2,1,ip-172-31-28-139,ranking,benchANT
2026-09-21 18:26:40+00:00,system,uptime,1232,dbms,09-2026,yugabyte-2026111-vanilla-os-large-large-aws-v2,1,ip-172-31-28-139,ranking,benchANT
2026-09-21 18:26:50+00:00,system,uptime,1242,dbms,09-2026,yugabyte-2026111-vanilla-os-large-large-aws-v2,1,ip-172-31-28-139,ranking,benchANT
2026-09-21 18:27:00+00:00,system,uptime,1252,dbms,09-2026,yugabyte-2026111-vanilla-os-large-large-aws-v2,1,ip-172-31-28-139,ranking,benchANT
2026-09-21 18:27:10+00:00,system,uptime,1262,dbms,09-2026,yugabyte-2026111-vanilla-os-large-large-aws-v2,1,ip-172-31-28-139,ranking,benchANT
2026-09-21 18:27:20+00:00,system,uptime,1272,dbms,09-2026,yugabyte-2026111-vanilla-os-large-large-aws-v2,1,ip-172-31-28-139,ranking,benchANT
2026-09-21 18:27:30+00:00,system,uptime,1282,dbms,09-2026,yugabyte-2026111-vanilla-os-large-large-aws-v2,1,ip-172-31-28-139,ranking,benchANT
2026-09-21 18:27:40+00:00,system,uptime,1292,dbms,09-2026,yugabyte-2026111-vanilla-os-large-large-aws-v2,1,ip-172-31-28-139,ranking,benchANT
2026-09-21 18:27:50+00:00,system,uptime,1302,dbms,09-2026,yugabyte-2026111-vanilla-os-large-large-aws-v2,1,ip-172-31-28-139,ranking,benchANT
2026-09-21 18:28:00+00:00,system,uptime,1312,dbms,09-2026,yugabyte-2026111-vanilla-os-large-large-aws-v2,1,ip-172-31-28-139,ranking,benchANT
2026-09-21 18:28:10+00:00,system,uptime,1322,dbms,09-2026,yugabyte-2026111-vanilla-os-large-large-aws-v2,1,ip-172-31-28-139,ranking,benchANT
2026-09-21 18:28:20+00:00,system,uptime,1332,dbms,09-2026,yugabyte-2026111-vanilla-os-large-large-aws-v2,1,ip-172-31-28-139,ranking,benchANT
2026-09-21 18:28:30+00:00,system,uptime,1342,dbms,09-2026,yugabyte-2026111-vanilla-os-large-large-aws-v2,1,ip-172-31-28-139,ranking,benchANT
2026-09-21 18:28:40+00:00,system,uptime,1352,dbms,09-2026,yugabyte-2026111-vanilla-os-large-large-aws-v2,1,ip-172-31-28-139,ranking,benchANT
2026-09-21 18:28:50+00:00,system,uptime,1362,dbms,09-2026,yugabyte-2026111-vanilla-os-large-large-aws-v2,1,ip-172-31-28-139,ranking,benchANT
2026-09-21 18:29:00+00:00,system,uptime,1372,dbms,09-2026,yugabyte-2026111-vanilla-os-large-large-aws-v2,1,ip-172-31-28-139,ranking,benchANT
2026-09-21 18:29:10+00:00,system,uptime,1382,dbms,09-2026,yugabyte-2026111-vanilla-os-large-large-aws-v2,1,ip-172-31-28-139,ranking,benchANT
2026-09-21 18:29:20+00:00,system,uptime,1392,dbms,09-2026,yugabyte-2026111-vanilla-os-large-large-aws-v2,1,ip-172-31-28-139,ranking,benchANT
2026-09-21 18:29:30+00:00,system,uptime,1402,dbms,09-2026,yugabyte-2026111-vanilla-os-large-large-aws-v2,1,ip-172-31-28-139,ranking,benchANT
2026-09-21 18:29:40+00:00,system,uptime,1412,dbms,09-2026,yugabyte-2026111-vanilla-os-large-large-aws-v2,1,ip-172-31-28-139,ranking,benchANT
2026-09-21 18:29:50+00:00,system,uptime,1422,dbms,09-2026,yugabyte-2026111-vanilla-os-large-large-aws-v2,1,ip-172-31-28-139,ranking,benchANT
2026-09-21 18:30:00+00:00,system,uptime,1432,dbms,09-2026,yugabyte-2026111-vanilla-os-large-large-aws-v2,1,ip-172-31-28-139,ranking,benchANT
2026-09-21 18:30:10+00:00,system,uptime,1442,dbms,09-2026,yugabyte-2026111-vanilla-os-large-large-aws-v2,1,ip-172-31-28-139,ranking,benchANT
2026-09-21 18:30:20+00:00,system,uptime,1452,dbms,09-2026,yugabyte-2026111-vanilla-os-large-large-aws-v2,1,ip-172-31-28-139,ranking,benchANT
2026-09-21 18:30:30+00:00,system,uptime,1462,dbms,09-2026,yugabyte-2026111-vanilla-os-large-large-aws-v2,1,ip-172-31-28-139,ranking,benchANT
2026-09-21 18:30:40+00:00,system,uptime,1472,dbms,09-2026,yugabyte-2026111-vanilla-os-large-large-aws-v2,1,ip-172-31-28-139,ranking,benchANT
2026-09-21 18:30:50+00:00,system,uptime,1482,dbms,09-2026,yugabyte-2026111-vanilla-os-large-large-aws-v2,1,ip-172-31-28-139,ranking,benchANT
2026-09-21 18:31:00+00:00,system,uptime,1492,dbms,09-2026,yugabyte-2026111-vanilla-os-large-large-aws-v2,1,ip-172-31-28-139,ranking,benchANT
2026-09-21 18:31:10+00:00,system,uptime,1502,dbms,09-2026,yugabyte-2026111-vanilla-os-large-large-aws-v2,1,ip-172-31-28-139,ranking,benchANT
2026-09-21 18:31:20+00:00,system,uptime,1512,dbms,09-2026,yugabyte-2026111-vanilla-os-large-large-aws-v2,1,ip-172-31-28-139,ranking,benchANT
2026-09-21 18:31:30+00:00,system,uptime,1522,dbms,09-2026,yugabyte-2026111-vanilla-os-large-large-aws-v2,1,ip-172-31-28-139,ranking,benchANT
2026-09-21 18:31:40+00:00,system,uptime,1532,dbms,09-2026,yugabyte-2026111-vanilla-os-large-large-aws-v2,1,ip-172-31-28-139,ranking,benchANT
2026-09-21 18:31:50+00:00,system,uptime,1542,dbms,09-2026,yugabyte-2026111-vanilla-os-large-large-aws-v2,1,ip-172-31-28-139,ranking,benchANT
2026-09-21 18:32:00+00:00,system,uptime,1552,dbms,09-2026,yugabyte-2026111-vanilla-os-large-large-aws-v2,1,ip-172-31-28-139,ranking,benchANT
2026-09-21 18:32:10+00:00,system,uptime,1562,dbms,09-2026,yugabyte-2026111-vanilla-os-large-large-aws-v2,1,ip-172-31-28-139,ranking,benchANT
2026-09-21 18:32:20+00:00,system,uptime,1572,dbms,09-2026,yugabyte-2026111-vanilla-os-large-large-aws-v2,1,ip-172-31-28-139,ranking,benchANT
2026-09-21 18:32:30+00:00,system,uptime,1582,dbms,09-2026,yugabyte-2026111-vanilla-os-large-large-aws-v2,1,ip-172-31-28-139,ranking,benchANT
2026-09-21 18:32:40+00:00,system,uptime,1592,dbms,09-2026,yugabyte-2026111-vanilla-os-large-large-aws-v2,1,ip-172-31-28-139,ranking,benchANT
2026-09-21 18:32:50+00:00,system,uptime,1602,dbms,09-2026,yugabyte-2026111-vanilla-os-large-large-aws-v2,1,ip-172-31-28-139,ranking,benchANT
2026-09-21 18:33:00+00:00,system,uptime,1612,dbms,09-2026,yugabyte-2026111-vanilla-os-large-large-aws-v2,1,ip-172-31-28-139,ranking,benchANT
2026-09-21 18:33:10+00:00,system,uptime,1622,dbms,09-2026,yugabyte-2026111-vanilla-os-large-large-aws-v2,1,ip-172-31-28-139,ranking,benchANT
2026-09-21 18:33:20+00:00,system,uptime,1632,dbms,09-2026,yugabyte-2026111-vanilla-os-large-large-aws-v2,1,ip-172-31-28-139,ranking,benchANT
2026-09-21 18:33:30+00:00,system,uptime,1642,dbms,09-2026,yugabyte-2026111-vanilla-os-large-large-aws-v2,1,ip-172-31-28-139,ranking,benchANT
2026-09-21 18:33:40+00:00,system,uptime,1652,dbms,09-2026,yugabyte-2026111-vanilla-os-large-large-aws-v2,1,ip-172-31-28-139,ranking,benchANT
2026-09-21 18:33:50+00:00,system,uptime,1662,dbms,09-2026,yugabyte-2026111-vanilla-os-large-large-aws-v2,1,ip-172-31-28-139,ranking,benchANT
2026-09-21 18:34:00+00:00,system,uptime,1672,dbms,09-2026,yugabyte-2026111-vanilla-os-large-large-aws-v2,1,ip-172-31-28-139,ranking,benchANT
2026-09-21 18:34:10+00:00,system,uptime,1682,dbms,09-2026,yugabyte-2026111-vanilla-os-large-large-aws-v2,1,ip-172-31-28-139,ranking,benchANT
2026-09-21 18:34:20+00:00,system,uptime,1692,dbms,09-2026,yugabyte-2026111-vanilla-os-large-large-aws-v2,1,ip-172-31-28-139,ranking,benchANT
2026-09-21 18:34:30+00:00,system,uptime,1702,dbms,09-2026,yugabyte-2026111-vanilla-os-large-large-aws-v2,1,ip-172-31-28-139,ranking,benchANT
2026-09-21 18:34:40+00:00,system,uptime,1712,dbms,09-2026,yugabyte-2026111-vanilla-os-large-large-aws-v2,1,ip-172-31-28-139,ranking,benchANT
2026-09-21 18:34:50+00:00,system,uptime,1722,dbms,09-2026,yugabyte-2026111-vanilla-os-large-large-aws-v2,1,ip-172-31-28-139,ranking,benchANT
2026-09-21 18:35:00+00:00,system,uptime,1732,dbms,09-2026,yugabyte-2026111-vanilla-os-large-large-aws-v2,1,ip-172-31-28-139,ranking,benchANT
2026-09-21 18:35:10+00:00,system,uptime,1742,dbms,09-2026,yugabyte-2026111-vanilla-os-large-large-aws-v2,1,ip-172-31-28-139,ranking,benchANT
2026-09-21 18:35:20+00:00,system,uptime,1752,dbms,09-2026,yugabyte-2026111-vanilla-os-large-large-aws-v2,1,ip-172-31-28-139,ranking,benchANT
2026-09-21 18:35:30+00:00,system,uptime,1762,dbms,09-2026,yugabyte-2026111-vanilla-os-large-large-aws-v2,1,ip-172-31-28-139,ranking,benchANT
2026-09-21 18:35:40+00:00,system,uptime,1772,dbms,09-2026,yugabyte-2026111-vanilla-os-large-large-aws-v2,1,ip-172-31-28-139,ranking,benchANT
2026-09-21 18:35:50+00:00,system,uptime,1782,dbms,09-2026,yugabyte-2026111-vanilla-os-large-large-aws-v2,1,ip-172-31-28-139,ranking,benchANT
2026-09-21 18:36:00+00:00,system,uptime,1792,dbms,09-2026,yugabyte-2026111-vanilla-os-large-large-aws-v2,1,ip-172-31-28-139,ranking,benchANT
2026-09-21 18:36:10+00:00,system,uptime,1802,dbms,09-2026,yugabyte-2026111-vanilla-os-large-large-aws-v2,1,ip-172-31-28-139,ranking,benchANT
2026-09-21 18:36:20+00:00,system,uptime,1812,dbms,09-2026,yugabyte-2026111-vanilla-os-large-large-aws-v2,1,ip-172-31-28-139,ranking,benchANT
2026-09-21 18:36:30+00:00,system,uptime,1822,dbms,09-2026,yugabyte-2026111-vanilla-os-large-large-aws-v2,1,ip-172-31-28-139,ranking,benchANT
2026-09-21 18:36:40+00:00,system,uptime,1832,dbms,09-2026,yugabyte-2026111-vanilla-os-large-large-aws-v2,1,ip-172-31-28-139,ranking,benchANT
2026-09-21 18:36:50+00:00,system,uptime,1842,dbms,09-2026,yugabyte-2026111-vanilla-os-large-large-aws-v2,1,ip-172-31-28-139,ranking,benchANT
2026-09-21 18:37:00+00:00,system,uptime,1852,dbms,09-2026,yugabyte-2026111-vanilla-os-large-large-aws-v2,1,ip-172-31-28-139,ranking,benchANT
2026-09-21 18:37:10+00:00,system,uptime,1862,dbms,09-2026,yugabyte-2026111-vanilla-os-large-large-aws-v2,1,ip-172-31-28-139,ranking,benchANT
2026-09-21 18:37:20+00:00,system,uptime,1872,dbms,09-2026,yugabyte-2026111-vanilla-os-large-large-aws-v2,1,ip-172-31-28-139,ranking,benchANT
2026-09-21 18:37:30+00:00,system,uptime,1882,dbms,09-2026,yugabyte-2026111-vanilla-os-large-large-aws-v2,1,ip-172-31-28-139,ranking,benchANT
2026-09-21 18:37:40+00:00,system,uptime,1892,dbms,09-2026,yugabyte-2026111-vanilla-os-large-large-aws-v2,1,ip-172-31-28-139,ranking,benchANT
2026-09-21 18:37:50+00:00,system,uptime,1902,dbms,09-2026,yugabyte-2026111-vanilla-os-large-large-aws-v2,1,ip-172-31-28-139,ranking,benchANT
2026-09-21 18:38:00+00:00,system,uptime,1912,dbms,09-2026,yugabyte-2026111-vanilla-os-large-large-aws-v2,1,ip-172-31-28-139,ranking,benchANT
2026-09-21 18:38:10+00:00,system,uptime,1922,dbms,09-2026,yugabyte-2026111-vanilla-os-large-large-aws-v2,1,ip-172-31-28-139,ranking,benchANT
2026-09-21 18:38:20+00:00,system,uptime,1932,dbms,09-2026,yugabyte-2026111-vanilla-os-large-large-aws-v2,1,ip-172-31-28-139,ranking,benchANT
2026-09-21 18:38:30+00:00,system,uptime,1942,dbms,09-2026,yugabyte-2026111-vanilla-os-large-large-aws-v2,1,ip-172-31-28-139,ranking,benchANT
2026-09-21 18:38:40+00:00,system,uptime,1952,dbms,09-2026,yugabyte-2026111-vanilla-os-large-large-aws-v2,1,ip-172-31-28-139,ranking,benchANT
2026-09-21 18:38:50+00:00,system,uptime,1962,dbms,09-2026,yugabyte-2026111-vanilla-os-large-large-aws-v2,1,ip-172-31-28-139,ranking,benchANT
2026-09-21 18:39:00+00:00,system,uptime,1972,dbms,09-2026,yugabyte-2026111-vanilla-os-large-large-aws-v2,1,ip-172-31-28-139,ranking,benchANT
2026-09-21 18:39:10+00:00,system,uptime,1982,dbms,09-2026,yugabyte-2026111-vanilla-os-large-large-aws-v2,1,ip-172-31-28-139,ranking,benchANT
2026-09-21 18:39:20+00:00,system,uptime,1992,dbms,09-2026,yugabyte-2026111-vanilla-os-large-large-aws-v2,1,ip-172-31-28-139,ranking,benchANT
2026-09-21 18:39:30+00:00,system,uptime,2002,dbms,09-2026,yugabyte-2026111-vanilla-os-large-large-aws-v2,1,ip-172-31-28-139,ranking,benchANT
2026-09-21 18:39:40+00:00,system,uptime,2012,dbms,09-2026,yugabyte-2026111-vanilla-os-large-large-aws-v2,1,ip-172-31-28-139,ranking,benchANT
2026-09-21 18:39:50+00:00,system,uptime,2022,dbms,09-2026,yugabyte-2026111-vanilla-os-large-large-aws-v2,1,ip-172-31-28-139,ranking,benchANT
2026-09-21 18:40:00+00:00,system,uptime,2032,dbms,09-2026,yugabyte-2026111-vanilla-os-large-large-aws-v2,1,ip-172-31-28-139,ranking,benchANT
2026-09-21 18:40:10+00:00,system,uptime,2042,dbms,09-2026,yugabyte-2026111-vanilla-os-large-large-aws-v2,1,ip-172-31-28-139,ranking,benchANT
2026-09-21 18:40:20+00:00,system,uptime,2052,dbms,09-2026,yugabyte-2026111-vanilla-os-large-large-aws-v2,1,ip-172-31-28-139,ranking,benchANT
2026-09-21 18:40:30+00:00,system,uptime,2062,dbms,09-2026,yugabyte-2026111-vanilla-os-large-large-aws-v2,1,ip-172-31-28-139,ranking,benchANT
2026-09-21 18:40:40+00:00,system,uptime,2072,dbms,09-2026,yugabyte-2026111-vanilla-os-large-large-aws-v2,1,ip-172-31-28-139,ranking,benchANT
2026-09-21 18:40:50+00:00,system,uptime,2082,dbms,09-2026,yugabyte-2026111-vanilla-os-large-large-aws-v2,1,ip-172-31-28-139,ranking,benchANT
2026-09-21 18:41:00+00:00,system,uptime,2092,dbms,09-2026,yugabyte-2026111-vanilla-os-large-large-aws-v2,1,ip-172-31-28-139,ranking,benchANT
2026-09-21 18:41:10+00:00,system,uptime,2102,dbms,09-2026,yugabyte-2026111-vanilla-os-large-large-aws-v2,1,ip-172-31-28-139,ranking,benchANT
2026-09-21 18:41:20+00:00,system,uptime,2112,dbms,09-2026,yugabyte-2026111-vanilla-os-large-large-aws-v2,1,ip-172-31-28-139,ranking,benchANT
2026-09-21 18:41:30+00:00,system,uptime,2122,dbms,09-2026,yugabyte-2026111-vanilla-os-large-large-aws-v2,1,ip-172-31-28-139,ranking,benchANT
2026-09-21 18:41:40+00:00,system,uptime,2132,dbms,09-2026,yugabyte-2026111-vanilla-os-large-large-aws-v2,1,ip-172-31-28-139,ranking,benchANT
2026-09-21 18:41:50+00:00,system,uptime,2142,dbms,09-2026,yugabyte-2026111-vanilla-os-large-large-aws-v2,1,ip-172-31-28-139,ranking,benchANT
2026-09-21 18:42:00+00:00,system,uptime,2152,dbms,09-2026,yugabyte-2026111-vanilla-os-large-large-aws-v2,1,ip-172-31-28-139,ranking,benchANT
2026-09-21 18:42:10+00:00,system,uptime,2162,dbms,09-2026,yugabyte-2026111-vanilla-os-large-large-aws-v2,1,ip-172-31-28-139,ranking,benchANT
2026-09-21 18:42:20+00:00,system,uptime,2172,dbms,09-2026,yugabyte-2026111-vanilla-os-large-large-aws-v2,1,ip-172-31-28-139,ranking,benchANT
2026-09-21 18:42:30+00:00,system,uptime,2182,dbms,09-2026,yugabyte-2026111-vanilla-os-large-large-aws-v2,1,ip-172-31-28-139,ranking,benchANT
2026-09-21 18:42:40+00:00,system,uptime,2192,dbms,09-2026,yugabyte-2026111-vanilla-os-large-large-aws-v2,1,ip-172-31-28-139,ranking,benchANT
2026-09-21 18:42:50+00:00,system,uptime,2202,dbms,09-2026,yugabyte-2026111-vanilla-os-large-large-aws-v2,1,ip-172-31-28-139,ranking,benchANT
2026-09-21 18:43:00+00:00,system,uptime,2212,dbms,09-2026,yugabyte-2026111-vanilla-os-large-large-aws-v2,1,ip-172-31-28-139,ranking,benchANT
2026-09-21 18:43:10+00:00,system,uptime,2222,dbms,09-2026,yugabyte-2026111-vanilla-os-large-large-aws-v2,1,ip-172-31-28-139,ranking,benchANT
2026-09-21 18:43:20+00:00,system,uptime,2232,dbms,09-2026,yugabyte-2026111-vanilla-os-large-large-aws-v2,1,ip-172-31-28-139,ranking,benchANT
2026-09-21 18:43:30+00:00,system,uptime,2242,dbms,09-2026,yugabyte-2026111-vanilla-os-large-large-aws-v2,1,ip-172-31-28-139,ranking,benchANT
2026-09-21 18:43:40+00:00,system,uptime,2252,dbms,09-2026,yugabyte-2026111-vanilla-os-large-large-aws-v2,1,ip-172-31-28-139,ranking,benchANT
2026-09-21 18:43:50+00:00,system,uptime,2262,dbms,09-2026,yugabyte-2026111-vanilla-os-large-large-aws-v2,1,ip-172-31-28-139,ranking,benchANT
2026-09-21 18:44:00+00:00,system,uptime,2272,dbms,09-2026,yugabyte-2026111-vanilla-os-large-large-aws-v2,1,ip-172-31-28-139,ranking,benchANT
2026-09-21 18:44:10+00:00,system,uptime,2282,dbms,09-2026,yugabyte-2026111-vanilla-os-large-large-aws-v2,1,ip-172-31-28-139,ranking,benchANT
2026-09-21 18:44:20+00:00,system,uptime,2292,dbms,09-2026,yugabyte-2026111-vanilla-os-large-large-aws-v2,1,ip-172-31-28-139,ranking,benchANT
2026-09-21 18:44:30+00:00,system,uptime,2302,dbms,09-2026,yugabyte-2026111-vanilla-os-large-large-aws-v2,1,ip-172-31-28-139,ranking,benchANT
2026-09-21 18:44:40+00:00,system,uptime,2312,dbms,09-2026,yugabyte-2026111-vanilla-os-large-large-aws-v2,1,ip-172-31-28-139,ranking,benchANT
2026-09-21 18:44:50+00:00,system,uptime,2322,dbms,09-2026,yugabyte-2026111-vanilla-os-large-large-aws-v2,1,ip-172-31-28-139,ranking,benchANT
2026-09-21 18:45:00+00:00,system,uptime,2332,dbms,09-2026,yugabyte-2026111-vanilla-os-large-large-aws-v2,1,ip-172-31-28-139,ranking,benchANT
2026-09-21 18:45:10+00:00,system,uptime,2342,dbms,09-2026,yugabyte-2026111-vanilla-os-large-large-aws-v2,1,ip-172-31-28-139,ranking,benchANT
2026-09-21 18:45:20+00:00,system,uptime,2352,dbms,09-2026,yugabyte-2026111-vanilla-os-large-large-aws-v2,1,ip-172-31-28-139,ranking,benchANT
2026-09-21 18:45:30+00:00,system,uptime,2362,dbms,09-2026,yugabyte-2026111-vanilla-os-large-large-aws-v2,1,ip-172-31-28-139,ranking,benchANT
2026-09-21 18:45:40+00:00,system,uptime,2372,dbms,09-2026,yugabyte-2026111-vanilla-os-large-large-aws-v2,1,ip-172-31-28-139,ranking,benchANT
2026-09-21 18:45:50+00:00,system,uptime,2382,dbms,09-2026,yugabyte-2026111-vanilla-os-large-large-aws-v2,1,ip-172-31-28-139,ranking,benchANT
2026-09-21 18:46:00+00:00,system,uptime,2392,dbms,09-2026,yugabyte-2026111-vanilla-os-large-large-aws-v2,1,ip-172-31-28-139,ranking,benchANT
2026-09-21 18:46:10+00:00,system,uptime,2402,dbms,09-2026,yugabyte-2026111-vanilla-os-large-large-aws-v2,1,ip-172-31-28-139,ranking,benchANT
2026-09-21 18:46:20+00:00,system,uptime,2412,dbms,09-2026,yugabyte-2026111-vanilla-os-large-large-aws-v2,1,ip-172-31-28-139,ranking,benchANT
2026-09-21 18:46:30+00:00,system,uptime,2422,dbms,09-2026,yugabyte-2026111-vanilla-os-large-large-aws-v2,1,ip-172-31-28-139,ranking,benchANT
2026-09-21 18:46:40+00:00,system,uptime,2432,dbms,09-2026,yugabyte-2026111-vanilla-os-large-large-aws-v2,1,ip-172-31-28-139,ranking,benchANT
2026-09-21 18:46:50+00:00,system,uptime,2442,dbms,09-2026,yugabyte-2026111-vanilla-os-large-large-aws-v2,1,ip-172-31-28-139,ranking,benchANT
2026-09-21 18:47:00+00:00,system,uptime,2452,dbms,09-2026,yugabyte-2026111-vanilla-os-large-large-aws-v2,1,ip-172-31-28-139,ranking,benchANT
2026-09-21 18:47:10+00:00,system,uptime,2462,dbms,09-2026,yugabyte-2026111-vanilla-os-large-large-aws-v2,1,ip-172-31-28-139,ranking,benchANT
2026-09-21 18:47:20+00:00,system,uptime,2472,dbms,09-2026,yugabyte-2026111-vanilla-os-large-large-aws-v2,1,ip-172-31-28-139,ranking,benchANT
2026-09-21 18:47:30+00:00,system,uptime,2482,dbms,09-2026,yugabyte-2026111-vanilla-os-large-large-aws-v2,1,ip-172-31-28-139,ranking,benchANT
2026-09-21 18:47:40+00:00,system,uptime,2492,dbms,09-2026,yugabyte-2026111-vanilla-os-large-large-aws-v2,1,ip-172-31-28-139,ranking,benchANT
2026-09-21 18:47:50+00:00,system,uptime,2502,dbms,09-2026,yugabyte-2026111-vanilla-os-large-large-aws-v2,1,ip-172-31-28-139,ranking,benchANT
2026-09-21 18:48:00+00:00,system,uptime,2512,dbms,09-2026,yugabyte-2026111-vanilla-os-large-large-aws-v2,1,ip-172-31-28-139,ranking,benchANT
2026-09-21 18:48:10+00:00,system,uptime,2522,dbms,09-2026,yugabyte-2026111-vanilla-os-large-large-aws-v2,1,ip-172-31-28-139,ranking,benchANT
2026-09-21 18:48:20+00:00,system,uptime,2532,dbms,09-2026,yugabyte-2026111-vanilla-os-large-large-aws-v2,1,ip-172-31-28-139,ranking,benchANT
2026-09-21 18:48:30+00:00,system,uptime,2542,dbms,09-2026,yugabyte-2026111-vanilla-os-large-large-aws-v2,1,ip-172-31-28-139,ranking,benchANT
2026-09-21 18:48:40+00:00,system,uptime,2552,dbms,09-2026,yugabyte-2026111-vanilla-os-large-large-aws-v2,1,ip-172-31-28-139,ranking,benchANT
2026-09-21 18:24:20+00:00,system,uptime_format, 0:18,dbms,09-2026,yugabyte-2026111-vanilla-os-large-large-aws-v2,1,ip-172-31-28-139,ranking,benchANT
2026-09-21 18:24:30+00:00,system,uptime_format, 0:18,dbms,09-2026,yugabyte-2026111-vanilla-os-large-large-aws-v2,1,ip-172-31-28-139,ranking,benchANT
2026-09-21 18:24:40+00:00,system,uptime_format, 0:18,dbms,09-2026,yugabyte-2026111-vanilla-os-large-large-aws-v2,1,ip-172-31-28-139,ranking,benchANT
2026-09-21 18:24:50+00:00,system,uptime_format, 0:18,dbms,09-2026,yugabyte-2026111-vanilla-os-large-large-aws-v2,1,ip-172-31-28-139,ranking,benchANT
2026-09-21 18:25:00+00:00,system,uptime_format, 0:18,dbms,09-2026,yugabyte-2026111-vanilla-os-large-large-aws-v2,1,ip-172-31-28-139,ranking,benchANT
2026-09-21 18:25:10+00:00,system,uptime_format, 0:19,dbms,09-2026,yugabyte-2026111-vanilla-os-large-large-aws-v2,1,ip-172-31-28-139,ranking,benchANT
2026-09-21 18:25:20+00:00,system,uptime_format, 0:19,dbms,09-2026,yugabyte-2026111-vanilla-os-large-large-aws-v2,1,ip-172-31-28-139,ranking,benchANT
2026-09-21 18:25:30+00:00,system,uptime_format, 0:19,dbms,09-2026,yugabyte-2026111-vanilla-os-large-large-aws-v2,1,ip-172-31-28-139,ranking,benchANT
2026-09-21 18:25:40+00:00,system,uptime_format, 0:19,dbms,09-2026,yugabyte-2026111-vanilla-os-large-large-aws-v2,1,ip-172-31-28-139,ranking,benchANT
2026-09-21 18:25:50+00:00,system,uptime_format, 0:19,dbms,09-2026,yugabyte-2026111-vanilla-os-large-large-aws-v2,1,ip-172-31-28-139,ranking,benchANT
2026-09-21 18:26:00+00:00,system,uptime_format, 0:19,dbms,09-2026,yugabyte-2026111-vanilla-os-large-large-aws-v2,1,ip-172-31-28-139,ranking,benchANT
2026-09-21 18:26:10+00:00,system,uptime_format, 0:20,dbms,09-2026,yugabyte-2026111-vanilla-os-large-large-aws-v2,1,ip-172-31-28-139,ranking,benchANT
2026-09-21 18:26:20+00:00,system,uptime_format, 0:20,dbms,09-2026,yugabyte-2026111-vanilla-os-large-large-aws-v2,1,ip-172-31-28-139,ranking,benchANT
2026-09-21 18:26:30+00:00,system,uptime_format, 0:20,dbms,09-2026,yugabyte-2026111-vanilla-os-large-large-aws-v2,1,ip-172-31-28-139,ranking,benchANT
2026-09-21 18:26:40+00:00,system,uptime_format, 0:20,dbms,09-2026,yugabyte-2026111-vanilla-os-large-large-aws-v2,1,ip-172-31-28-139,ranking,benchANT
2026-09-21 18:26:50+00:00,system,uptime_format, 0:20,dbms,09-2026,yugabyte-2026111-vanilla-os-large-large-aws-v2,1,ip-172-31-28-139,ranking,benchANT
2026-09-21 18:27:00+00:00,system,uptime_format, 0:20,dbms,09-2026,yugabyte-2026111-vanilla-os-large-large-aws-v2,1,ip-172-31-28-139,ranking,benchANT
2026-09-21 18:27:10+00:00,system,uptime_format, 0:21,dbms,09-2026,yugabyte-2026111-vanilla-os-large-large-aws-v2,1,ip-172-31-28-139,ranking,benchANT
2026-09-21 18:27:20+00:00,system,uptime_format, 0:21,dbms,09-2026,yugabyte-2026111-vanilla-os-large-large-aws-v2,1,ip-172-31-28-139,ranking,benchANT
2026-09-21 18:27:30+00:00,system,uptime_format, 0:21,dbms,09-2026,yugabyte-2026111-vanilla-os-large-large-aws-v2,1,ip-172-31-28-139,ranking,benchANT
2026-09-21 18:27:40+00:00,system,uptime_format, 0:21,dbms,09-2026,yugabyte-2026111-vanilla-os-large-large-aws-v2,1,ip-172-31-28-139,ranking,benchANT
2026-09-21 18:27:50+00:00,system,uptime_format, 0:21,dbms,09-2026,yugabyte-2026111-vanilla-os-large-large-aws-v2,1,ip-172-31-28-139,ranking,benchANT
2026-09-21 18:28:00+00:00,system,uptime_format, 0:21,dbms,09-2026,yugabyte-2026111-vanilla-os-large-large-aws-v2,1,ip-172-31-28-139,ranking,benchANT
2026-09-21 18:28:10+00:00,system,uptime_format, 0:22,dbms,09-2026,yugabyte-2026111-vanilla-os-large-large-aws-v2,1,ip-172-31-28-139,ranking,benchANT
2026-09-21 18:28:20+00:00,system,uptime_format, 0:22,dbms,09-2026,yugabyte-2026111-vanilla-os-large-large-aws-v2,1,ip-172-31-28-139,ranking,benchANT
2026-09-21 18:28:30+00:00,system,uptime_format, 0:22,dbms,09-2026,yugabyte-2026111-vanilla-os-large-large-aws-v2,1,ip-172-31-28-139,ranking,benchANT
2026-09-21 18:28:40+00:00,system,uptime_format, 0:22,dbms,09-2026,yugabyte-2026111-vanilla-os-large-large-aws-v2,1,ip-172-31-28-139,ranking,benchANT
2026-09-21 18:28:50+00:00,system,uptime_format, 0:22,dbms,09-2026,yugabyte-2026111-vanilla-os-large-large-aws-v2,1,ip-172-31-28-139,ranking,benchANT
2026-09-21 18:29:00+00:00,system,uptime_format, 0:22,dbms,09-2026,yugabyte-2026111-vanilla-os-large-large-aws-v2,1,ip-172-31-28-139,ranking,benchANT
2026-09-21 18:29:10+00:00,system,uptime_format, 0:23,dbms,09-2026,yugabyte-2026111-vanilla-os-large-large-aws-v2,1,ip-172-31-28-139,ranking,benchANT
2026-09-21 18:29:20+00:00,system,uptime_format, 0:23,dbms,09-2026,yugabyte-2026111-vanilla-os-large-large-aws-v2,1,ip-172-31-28-139,ranking,benchANT
2026-09-21 18:29:30+00:00,system,uptime_format, 0:23,dbms,09-2026,yugabyte-2026111-vanilla-os-large-large-aws-v2,1,ip-172-31-28-139,ranking,benchANT
2026-09-21 18:29:40+00:00,system,uptime_format, 0:23,dbms,09-2026,yugabyte-2026111-vanilla-os-large-large-aws-v2,1,ip-172-31-28-139,ranking,benchANT
2026-09-21 18:29:50+00:00,system,uptime_format, 0:23,dbms,09-2026,yugabyte-2026111-vanilla-os-large-large-aws-v2,1,ip-172-31-28-139,ranking,benchANT
2026-09-21 18:30:00+00:00,system,uptime_format, 0:23,dbms,09-2026,yugabyte-2026111-vanilla-os-large-large-aws-v2,1,ip-172-31-28-139,ranking,benchANT
2026-09-21 18:30:10+00:00,system,uptime_format, 0:24,dbms,09-2026,yugabyte-2026111-vanilla-os-large-large-aws-v2,1,ip-172-31-28-139,ranking,benchANT
2026-09-21 18:30:20+00:00,system,uptime_format, 0:24,dbms,09-2026,yugabyte-2026111-vanilla-os-large-large-aws-v2,1,ip-172-31-28-139,ranking,benchANT
2026-09-21 18:30:30+00:00,system,uptime_format, 0:24,dbms,09-2026,yugabyte-2026111-vanilla-os-large-large-aws-v2,1,ip-172-31-28-139,ranking,benchANT
2026-09-21 18:30:40+00:00,system,uptime_format, 0:24,dbms,09-2026,yugabyte-2026111-vanilla-os-large-large-aws-v2,1,ip-172-31-28-139,ranking,benchANT
2026-09-21 18:30:50+00:00,system,uptime_format, 0:24,dbms,09-2026,yugabyte-2026111-vanilla-os-large-large-aws-v2,1,ip-172-31-28-139,ranking,benchANT
2026-09-21 18:31:00+00:00,system,uptime_format, 0:24,dbms,09-2026,yugabyte-2026111-vanilla-os-large-large-aws-v2,1,ip-172-31-28-139,ranking,benchANT
2026-09-21 18:31:10+00:00,system,uptime_format, 0:25,dbms,09-2026,yugabyte-2026111-vanilla-os-large-large-aws-v2,1,ip-172-31-28-139,ranking,benchANT
2026-09-21 18:31:20+00:00,system,uptime_format, 0:25,dbms,09-2026,yugabyte-2026111-vanilla-os-large-large-aws-v2,1,ip-172-31-28-139,ranking,benchANT
2026-09-21 18:31:30+00:00,system,uptime_format, 0:25,dbms,09-2026,yugabyte-2026111-vanilla-os-large-large-aws-v2,1,ip-172-31-28-139,ranking,benchANT
2026-09-21 18:31:40+00:00,system,uptime_format, 0:25,dbms,09-2026,yugabyte-2026111-vanilla-os-large-large-aws-v2,1,ip-172-31-28-139,ranking,benchANT
2026-09-21 18:31:50+00:00,system,uptime_format, 0:25,dbms,09-2026,yugabyte-2026111-vanilla-os-large-large-aws-v2,1,ip-172-31-28-139,ranking,benchANT
2026-09-21 18:32:00+00:00,system,uptime_format, 0:25,dbms,09-2026,yugabyte-2026111-vanilla-os-large-large-aws-v2,1,ip-172-31-28-139,ranking,benchANT
2026-09-21 18:32:10+00:00,system,uptime_format, 0:26,dbms,09-2026,yugabyte-2026111-vanilla-os-large-large-aws-v2,1,ip-172-31-28-139,ranking,benchANT
2026-09-21 18:32:20+00:00,system,uptime_format, 0:26,dbms,09-2026,yugabyte-2026111-vanilla-os-large-large-aws-v2,1,ip-172-31-28-139,ranking,benchANT
2026-09-21 18:32:30+00:00,system,uptime_format, 0:26,dbms,09-2026,yugabyte-2026111-vanilla-os-large-large-aws-v2,1,ip-172-31-28-139,ranking,benchANT
2026-09-21 18:32:40+00:00,system,uptime_format, 0:26,dbms,09-2026,yugabyte-2026111-vanilla-os-large-large-aws-v2,1,ip-172-31-28-139,ranking,benchANT
2026-09-21 18:32:50+00:00,system,uptime_format, 0:26,dbms,09-2026,yugabyte-2026111-vanilla-os-large-large-aws-v2,1,ip-172-31-28-139,ranking,benchANT
2026-09-21 18:33:00+00:00,system,uptime_format, 0:26,dbms,09-2026,yugabyte-2026111-vanilla-os-large-large-aws-v2,1,ip-172-31-28-139,ranking,benchANT
2026-09-21 18:33:10+00:00,system,uptime_format, 0:27,dbms,09-2026,yugabyte-2026111-vanilla-os-large-large-aws-v2,1,ip-172-31-28-139,ranking,benchANT
2026-09-21 18:33:20+00:00,system,uptime_format, 0:27,dbms,09-2026,yugabyte-2026111-vanilla-os-large-large-aws-v2,1,ip-172-31-28-139,ranking,benchANT
2026-09-21 18:33:30+00:00,system,uptime_format, 0:27,dbms,09-2026,yugabyte-2026111-vanilla-os-large-large-aws-v2,1,ip-172-31-28-139,ranking,benchANT
2026-09-21 18:33:40+00:00,system,uptime_format, 0:27,dbms,09-2026,yugabyte-2026111-vanilla-os-large-large-aws-v2,1,ip-172-31-28-139,ranking,benchANT
2026-09-21 18:33:50+00:00,system,uptime_format, 0:27,dbms,09-2026,yugabyte-2026111-vanilla-os-large-large-aws-v2,1,ip-172-31-28-139,ranking,benchANT
2026-09-21 18:34:00+00:00,system,uptime_format, 0:27,dbms,09-2026,yugabyte-2026111-vanilla-os-large-large-aws-v2,1,ip-172-31-28-139,ranking,benchANT
2026-09-21 18:34:10+00:00,system,uptime_format, 0:28,dbms,09-2026,yugabyte-2026111-vanilla-os-large-large-aws-v2,1,ip-172-31-28-139,ranking,benchANT
2026-09-21 18:34:20+00:00,system,uptime_format, 0:28,dbms,09-2026,yugabyte-2026111-vanilla-os-large-large-aws-v2,1,ip-172-31-28-139,ranking,benchANT
2026-09-21 18:34:30+00:00,system,uptime_format, 0:28,dbms,09-2026,yugabyte-2026111-vanilla-os-large-large-aws-v2,1,ip-172-31-28-139,ranking,benchANT
2026-09-21 18:34:40+00:00,system,uptime_format, 0:28,dbms,09-2026,yugabyte-2026111-vanilla-os-large-large-aws-v2,1,ip-172-31-28-139,ranking,benchANT
2026-09-21 18:34:50+00:00,system,uptime_format, 0:28,dbms,09-2026,yugabyte-2026111-vanilla-os-large-large-aws-v2,1,ip-172-31-28-139,ranking,benchANT
2026-09-21 18:35:00+00:00,system,uptime_format, 0:28,dbms,09-2026,yugabyte-2026111-vanilla-os-large-large-aws-v2,1,ip-172-31-28-139,ranking,benchANT
2026-09-21 18:35:10+00:00,system,uptime_format, 0:29,dbms,09-2026,yugabyte-2026111-vanilla-os-large-large-aws-v2,1,ip-172-31-28-139,ranking,benchANT
2026-09-21 18:35:20+00:00,system,uptime_format, 0:29,dbms,09-2026,yugabyte-2026111-vanilla-os-large-large-aws-v2,1,ip-172-31-28-139,ranking,benchANT
2026-09-21 18:35:30+00:00,system,uptime_format, 0:29,dbms,09-2026,yugabyte-2026111-vanilla-os-large-large-aws-v2,1,ip-172-31-28-139,ranking,benchANT
2026-09-21 18:35:40+00:00,system,uptime_format, 0:29,dbms,09-2026,yugabyte-2026111-vanilla-os-large-large-aws-v2,1,ip-172-31-28-139,ranking,benchANT
2026-09-21 18:35:50+00:00,system,uptime_format, 0:29,dbms,09-2026,yugabyte-2026111-vanilla-os-large-large-aws-v2,1,ip-172-31-28-139,ranking,benchANT
2026-09-21 18:36:00+00:00,system,uptime_format, 0:29,dbms,09-2026,yugabyte-2026111-vanilla-os-large-large-aws-v2,1,ip-172-31-28-139,ranking,benchANT
2026-09-21 18:36:10+00:00,system,uptime_format, 0:30,dbms,09-2026,yugabyte-2026111-vanilla-os-large-large-aws-v2,1,ip-172-31-28-139,ranking,benchANT
2026-09-21 18:36:20+00:00,system,uptime_format, 0:30,dbms,09-2026,yugabyte-2026111-vanilla-os-large-large-aws-v2,1,ip-172-31-28-139,ranking,benchANT
2026-09-21 18:36:30+00:00,system,uptime_format, 0:30,dbms,09-2026,yugabyte-2026111-vanilla-os-large-large-aws-v2,1,ip-172-31-28-139,ranking,benchANT
2026-09-21 18:36:40+00:00,system,uptime_format, 0:30,dbms,09-2026,yugabyte-2026111-vanilla-os-large-large-aws-v2,1,ip-172-31-28-139,ranking,benchANT
2026-09-21 18:36:50+00:00,system,uptime_format, 0:30,dbms,09-2026,yugabyte-2026111-vanilla-os-large-large-aws-v2,1,ip-172-31-28-139,ranking,benchANT
2026-09-21 18:37:00+00:00,system,uptime_format, 0:30,dbms,09-2026,yugabyte-2026111-vanilla-os-large-large-aws-v2,1,ip-172-31-28-139,ranking,benchANT
2026-09-21 18:37:10+00:00,system,uptime_format, 0:31,dbms,09-2026,yugabyte-2026111-vanilla-os-large-large-aws-v2,1,ip-172-31-28-139,ranking,benchANT
2026-09-21 18:37:20+00:00,system,uptime_format, 0:31,dbms,09-2026,yugabyte-2026111-vanilla-os-large-large-aws-v2,1,ip-172-31-28-139,ranking,benchANT
2026-09-21 18:37:30+00:00,system,uptime_format, 0:31,dbms,09-2026,yugabyte-2026111-vanilla-os-large-large-aws-v2,1,ip-172-31-28-139,ranking,benchANT
2026-09-21 18:37:40+00:00,system,uptime_format, 0:31,dbms,09-2026,yugabyte-2026111-vanilla-os-large-large-aws-v2,1,ip-172-31-28-139,ranking,benchANT
2026-09-21 18:37:50+00:00,system,uptime_format, 0:31,dbms,09-2026,yugabyte-2026111-vanilla-os-large-large-aws-v2,1,ip-172-31-28-139,ranking,benchANT
2026-09-21 18:38:00+00:00,system,uptime_format, 0:31,dbms,09-2026,yugabyte-2026111-vanilla-os-large-large-aws-v2,1,ip-172-31-28-139,ranking,benchANT
2026-09-21 18:38:10+00:00,system,uptime_format, 0:32,dbms,09-2026,yugabyte-2026111-vanilla-os-large-large-aws-v2,1,ip-172-31-28-139,ranking,benchANT
2026-09-21 18:38:20+00:00,system,uptime_format, 0:32,dbms,09-2026,yugabyte-2026111-vanilla-os-large-large-aws-v2,1,ip-172-31-28-139,ranking,benchANT
2026-09-21 18:38:30+00:00,system,uptime_format, 0:32,dbms,09-2026,yugabyte-2026111-vanilla-os-large-large-aws-v2,1,ip-172-31-28-139,ranking,benchANT
2026-09-21 18:38:40+00:00,system,uptime_format, 0:32,dbms,09-2026,yugabyte-2026111-vanilla-os-large-large-aws-v2,1,ip-172-31-28-139,ranking,benchANT
2026-09-21 18:38:50+00:00,system,uptime_format, 0:32,dbms,09-2026,yugabyte-2026111-vanilla-os-large-large-aws-v2,1,ip-172-31-28-139,ranking,benchANT
2026-09-21 18:39:00+00:00,system,uptime_format, 0:32,dbms,09-2026,yugabyte-2026111-vanilla-os-large-large-aws-v2,1,ip-172-31-28-139,ranking,benchANT
2026-09-21 18:39:10+00:00,system,uptime_format, 0:33,dbms,09-2026,yugabyte-2026111-vanilla-os-large-large-aws-v2,1,ip-172-31-28-139,ranking,benchANT
2026-09-21 18:39:20+00:00,system,uptime_format, 0:33,dbms,09-2026,yugabyte-2026111-vanilla-os-large-large-aws-v2,1,ip-172-31-28-139,ranking,benchANT
2026-09-21 18:39:30+00:00,system,uptime_format, 0:33,dbms,09-2026,yugabyte-2026111-vanilla-os-large-large-aws-v2,1,ip-172-31-28-139,ranking,benchANT
2026-09-21 18:39:40+00:00,system,uptime_format, 0:33,dbms,09-2026,yugabyte-2026111-vanilla-os-large-large-aws-v2,1,ip-172-31-28-139,ranking,benchANT
2026-09-21 18:39:50+00:00,system,uptime_format, 0:33,dbms,09-2026,yugabyte-2026111-vanilla-os-large-large-aws-v2,1,ip-172-31-28-139,ranking,benchANT
2026-09-21 18:40:00+00:00,system,uptime_format, 0:33,dbms,09-2026,yugabyte-2026111-vanilla-os-large-large-aws-v2,1,ip-172-31-28-139,ranking,benchANT
2026-09-21 18:40:10+00:00,system,uptime_format, 0:34,dbms,09-2026,yugabyte-2026111-vanilla-os-large-large-aws-v2,1,ip-172-31-28-139,ranking,benchANT
2026-09-21 18:40:20+00:00,system,uptime_format, 0:34,dbms,09-2026,yugabyte-2026111-vanilla-os-large-large-aws-v2,1,ip-172-31-28-139,ranking,benchANT
2026-09-21 18:40:30+00:00,system,uptime_format, 0:34,dbms,09-2026,yugabyte-2026111-vanilla-os-large-large-aws-v2,1,ip-172-31-28-139,ranking,benchANT
2026-09-21 18:40:40+00:00,system,uptime_format, 0:34,dbms,09-2026,yugabyte-2026111-vanilla-os-large-large-aws-v2,1,ip-172-31-28-139,ranking,benchANT
2026-09-21 18:40:50+00:00,system,uptime_format, 0:34,dbms,09-2026,yugabyte-2026111-vanilla-os-large-large-aws-v2,1,ip-172-31-28-139,ranking,benchANT
2026-09-21 18:41:00+00:00,system,uptime_format, 0:34,dbms,09-2026,yugabyte-2026111-vanilla-os-large-large-aws-v2,1,ip-172-31-28-139,ranking,benchANT
2026-09-21 18:41:10+00:00,system,uptime_format, 0:35,dbms,09-2026,yugabyte-2026111-vanilla-os-large-large-aws-v2,1,ip-172-31-28-139,ranking,benchANT
2026-09-21 18:41:20+00:00,system,uptime_format, 0:35,dbms,09-2026,yugabyte-2026111-vanilla-os-large-large-aws-v2,1,ip-172-31-28-139,ranking,benchANT
2026-09-21 18:41:30+00:00,system,uptime_format, 0:35,dbms,09-2026,yugabyte-2026111-vanilla-os-large-large-aws-v2,1,ip-172-31-28-139,ranking,benchANT
2026-09-21 18:41:40+00:00,system,uptime_format, 0:35,dbms,09-2026,yugabyte-2026111-vanilla-os-large-large-aws-v2,1,ip-172-31-28-139,ranking,benchANT
2026-09-21 18:41:50+00:00,system,uptime_format, 0:35,dbms,09-2026,yugabyte-2026111-vanilla-os-large-large-aws-v2,1,ip-172-31-28-139,ranking,benchANT
2026-09-21 18:42:00+00:00,system,uptime_format, 0:35,dbms,09-2026,yugabyte-2026111-vanilla-os-large-large-aws-v2,1,ip-172-31-28-139,ranking,benchANT
2026-09-21 18:42:10+00:00,system,uptime_format, 0:36,dbms,09-2026,yugabyte-2026111-vanilla-os-large-large-aws-v2,1,ip-172-31-28-139,ranking,benchANT
2026-09-21 18:42:20+00:00,system,uptime_format, 0:36,dbms,09-2026,yugabyte-2026111-vanilla-os-large-large-aws-v2,1,ip-172-31-28-139,ranking,benchANT
2026-09-21 18:42:30+00:00,system,uptime_format, 0:36,dbms,09-2026,yugabyte-2026111-vanilla-os-large-large-aws-v2,1,ip-172-31-28-139,ranking,benchANT
2026-09-21 18:42:40+00:00,system,uptime_format, 0:36,dbms,09-2026,yugabyte-2026111-vanilla-os-large-large-aws-v2,1,ip-172-31-28-139,ranking,benchANT
2026-09-21 18:42:50+00:00,system,uptime_format, 0:36,dbms,09-2026,yugabyte-2026111-vanilla-os-large-large-aws-v2,1,ip-172-31-28-139,ranking,benchANT
2026-09-21 18:43:00+00:00,system,uptime_format, 0:36,dbms,09-2026,yugabyte-2026111-vanilla-os-large-large-aws-v2,1,ip-172-31-28-139,ranking,benchANT
2026-09-21 18:43:10+00:00,system,uptime_format, 0:37,dbms,09-2026,yugabyte-2026111-vanilla-os-large-large-aws-v2,1,ip-172-31-28-139,ranking,benchANT
2026-09-21 18:43:20+00:00,system,uptime_format, 0:37,dbms,09-2026,yugabyte-2026111-vanilla-os-large-large-aws-v2,1,ip-172-31-28-139,ranking,benchANT
2026-09-21 18:43:30+00:00,system,uptime_format, 0:37,dbms,09-2026,yugabyte-2026111-vanilla-os-large-large-aws-v2,1,ip-172-31-28-139,ranking,benchANT
2026-09-21 18:43:40+00:00,system,uptime_format, 0:37,dbms,09-2026,yugabyte-2026111-vanilla-os-large-large-aws-v2,1,ip-172-31-28-139,ranking,benchANT
2026-09-21 18:43:50+00:00,system,uptime_format, 0:37,dbms,09-2026,yugabyte-2026111-vanilla-os-large-large-aws-v2,1,ip-172-31-28-139,ranking,benchANT
2026-09-21 18:44:00+00:00,system,uptime_format, 0:37,dbms,09-2026,yugabyte-2026111-vanilla-os-large-large-aws-v2,1,ip-172-31-28-139,ranking,benchANT
2026-09-21 18:44:10+00:00,system,uptime_format, 0:38,dbms,09-2026,yugabyte-2026111-vanilla-os-large-large-aws-v2,1,ip-172-31-28-139,ranking,benchANT
2026-09-21 18:44:20+00:00,system,uptime_format, 0:38,dbms,09-2026,yugabyte-2026111-vanilla-os-large-large-aws-v2,1,ip-172-31-28-139,ranking,benchANT
2026-09-21 18:44:30+00:00,system,uptime_format, 0:38,dbms,09-2026,yugabyte-2026111-vanilla-os-large-large-aws-v2,1,ip-172-31-28-139,ranking,benchANT
2026-09-21 18:44:40+00:00,system,uptime_format, 0:38,dbms,09-2026,yugabyte-2026111-vanilla-os-large-large-aws-v2,1,ip-172-31-28-139,ranking,benchANT
2026-09-21 18:44:50+00:00,system,uptime_format, 0:38,dbms,09-2026,yugabyte-2026111-vanilla-os-large-large-aws-v2,1,ip-172-31-28-139,ranking,benchANT
2026-09-21 18:45:00+00:00,system,uptime_format, 0:38,dbms,09-2026,yugabyte-2026111-vanilla-os-large-large-aws-v2,1,ip-172-31-28-139,ranking,benchANT
2026-09-21 18:45:10+00:00,system,uptime_format, 0:39,dbms,09-2026,yugabyte-2026111-vanilla-os-large-large-aws-v2,1,ip-172-31-28-139,ranking,benchANT
2026-09-21 18:45:20+00:00,system,uptime_format, 0:39,dbms,09-2026,yugabyte-2026111-vanilla-os-large-large-aws-v2,1,ip-172-31-28-139,ranking,benchANT
2026-09-21 18:45:30+00:00,system,uptime_format, 0:39,dbms,09-2026,yugabyte-2026111-vanilla-os-large-large-aws-v2,1,ip-172-31-28-139,ranking,benchANT
2026-09-21 18:45:40+00:00,system,uptime_format, 0:39,dbms,09-2026,yugabyte-2026111-vanilla-os-large-large-aws-v2,1,ip-172-31-28-139,ranking,benchANT
2026-09-21 18:45:50+00:00,system,uptime_format, 0:39,dbms,09-2026,yugabyte-2026111-vanilla-os-large-large-aws-v2,1,ip-172-31-28-139,ranking,benchANT
2026-09-21 18:46:00+00:00,system,uptime_format, 0:39,dbms,09-2026,yugabyte-2026111-vanilla-os-large-large-aws-v2,1,ip-172-31-28-139,ranking,benchANT
2026-09-21 18:46:10+00:00,system,uptime_format, 0:40,dbms,09-2026,yugabyte-2026111-vanilla-os-large-large-aws-v2,1,ip-172-31-28-139,ranking,benchANT
2026-09-21 18:46:20+00:00,system,uptime_format, 0:40,dbms,09-2026,yugabyte-2026111-vanilla-os-large-large-aws-v2,1,ip-172-31-28-139,ranking,benchANT
2026-09-21 18:46:30+00:00,system,uptime_format, 0:40,dbms,09-2026,yugabyte-2026111-vanilla-os-large-large-aws-v2,1,ip-172-31-28-139,ranking,benchANT
2026-09-21 18:46:40+00:00,system,uptime_format, 0:40,dbms,09-2026,yugabyte-2026111-vanilla-os-large-large-aws-v2,1,ip-172-31-28-139,ranking,benchANT
2026-09-21 18:46:50+00:00,system,uptime_format, 0:40,dbms,09-2026,yugabyte-2026111-vanilla-os-large-large-aws-v2,1,ip-172-31-28-139,ranking,benchANT
2026-09-21 18:47:00+00:00,system,uptime_format, 0:40,dbms,09-2026,yugabyte-2026111-vanilla-os-large-large-aws-v2,1,ip-172-31-28-139,ranking,benchANT
2026-09-21 18:47:10+00:00,system,uptime_format, 0:41,dbms,09-2026,yugabyte-2026111-vanilla-os-large-large-aws-v2,1,ip-172-31-28-139,ranking,benchANT
2026-09-21 18:47:20+00:00,system,uptime_format, 0:41,dbms,09-2026,yugabyte-2026111-vanilla-os-large-large-aws-v2,1,ip-172-31-28-139,ranking,benchANT
2026-09-21 18:47:30+00:00,system,uptime_format, 0:41,dbms,09-2026,yugabyte-2026111-vanilla-os-large-large-aws-v2,1,ip-172-31-28-139,ranking,benchANT
2026-09-21 18:47:40+00:00,system,uptime_format, 0:41,dbms,09-2026,yugabyte-2026111-vanilla-os-large-large-aws-v2,1,ip-172-31-28-139,ranking,benchANT
2026-09-21 18:47:50+00:00,system,uptime_format, 0:41,dbms,09-2026,yugabyte-2026111-vanilla-os-large-large-aws-v2,1,ip-172-31-28-139,ranking,benchANT
2026-09-21 18:48:00+00:00,system,uptime_format, 0:41,dbms,09-2026,yugabyte-2026111-vanilla-os-large-large-aws-v2,1,ip-172-31-28-139,ranking,benchANT
2026-09-21 18:48:10+00:00,system,uptime_format, 0:42,dbms,09-2026,yugabyte-2026111-vanilla-os-large-large-aws-v2,1,ip-172-31-28-139,ranking,benchANT
2026-09-21 18:48:20+00:00,system,uptime_format, 0:42,dbms,09-2026,yugabyte-2026111-vanilla-os-large-large-aws-v2,1,ip-172-31-28-139,ranking,benchANT
2026-09-21 18:48:30+00:00,system,uptime_format, 0:42,dbms,09-2026,yugabyte-2026111-vanilla-os-large-large-aws-v2,1,ip-172-31-28-139,ranking,benchANT
2026-09-21 18:48:40+00:00,system,uptime_format, 0:42,dbms,09-2026,yugabyte-2026111-vanilla-os-large-large-aws-v2,1,ip-172-31-28-139,ranking,benchANT
