time,measurement,field,value,application,batchId,configurationId,executionCounter,host,projectId,userId
2026-08-12 09:35:50+00:00,processes,blocked,0,dbms,08-2026,couchbase-802-vanilla-ee-xsmall-small-aws,1,ip-172-31-25-22,ranking,benchANT
2026-08-12 09:36:00+00:00,processes,blocked,0,dbms,08-2026,couchbase-802-vanilla-ee-xsmall-small-aws,1,ip-172-31-25-22,ranking,benchANT
2026-08-12 09:36:10+00:00,processes,blocked,0,dbms,08-2026,couchbase-802-vanilla-ee-xsmall-small-aws,1,ip-172-31-25-22,ranking,benchANT
2026-08-12 09:36:20+00:00,processes,blocked,0,dbms,08-2026,couchbase-802-vanilla-ee-xsmall-small-aws,1,ip-172-31-25-22,ranking,benchANT
2026-08-12 09:36:30+00:00,processes,blocked,0,dbms,08-2026,couchbase-802-vanilla-ee-xsmall-small-aws,1,ip-172-31-25-22,ranking,benchANT
2026-08-12 09:36:40+00:00,processes,blocked,0,dbms,08-2026,couchbase-802-vanilla-ee-xsmall-small-aws,1,ip-172-31-25-22,ranking,benchANT
2026-08-12 09:36:50+00:00,processes,blocked,2,dbms,08-2026,couchbase-802-vanilla-ee-xsmall-small-aws,1,ip-172-31-25-22,ranking,benchANT
2026-08-12 09:37:00+00:00,processes,blocked,1,dbms,08-2026,couchbase-802-vanilla-ee-xsmall-small-aws,1,ip-172-31-25-22,ranking,benchANT
2026-08-12 09:37:10+00:00,processes,blocked,0,dbms,08-2026,couchbase-802-vanilla-ee-xsmall-small-aws,1,ip-172-31-25-22,ranking,benchANT
2026-08-12 09:37:20+00:00,processes,blocked,0,dbms,08-2026,couchbase-802-vanilla-ee-xsmall-small-aws,1,ip-172-31-25-22,ranking,benchANT
2026-08-12 09:37:30+00:00,processes,blocked,0,dbms,08-2026,couchbase-802-vanilla-ee-xsmall-small-aws,1,ip-172-31-25-22,ranking,benchANT
2026-08-12 09:37:40+00:00,processes,blocked,0,dbms,08-2026,couchbase-802-vanilla-ee-xsmall-small-aws,1,ip-172-31-25-22,ranking,benchANT
2026-08-12 09:37:50+00:00,processes,blocked,1,dbms,08-2026,couchbase-802-vanilla-ee-xsmall-small-aws,1,ip-172-31-25-22,ranking,benchANT
2026-08-12 09:38:00+00:00,processes,blocked,0,dbms,08-2026,couchbase-802-vanilla-ee-xsmall-small-aws,1,ip-172-31-25-22,ranking,benchANT
2026-08-12 09:38:10+00:00,processes,blocked,1,dbms,08-2026,couchbase-802-vanilla-ee-xsmall-small-aws,1,ip-172-31-25-22,ranking,benchANT
2026-08-12 09:38:20+00:00,processes,blocked,0,dbms,08-2026,couchbase-802-vanilla-ee-xsmall-small-aws,1,ip-172-31-25-22,ranking,benchANT
2026-08-12 09:38:30+00:00,processes,blocked,0,dbms,08-2026,couchbase-802-vanilla-ee-xsmall-small-aws,1,ip-172-31-25-22,ranking,benchANT
2026-08-12 09:38:40+00:00,processes,blocked,0,dbms,08-2026,couchbase-802-vanilla-ee-xsmall-small-aws,1,ip-172-31-25-22,ranking,benchANT
2026-08-12 09:38:50+00:00,processes,blocked,0,dbms,08-2026,couchbase-802-vanilla-ee-xsmall-small-aws,1,ip-172-31-25-22,ranking,benchANT
2026-08-12 09:39:00+00:00,processes,blocked,0,dbms,08-2026,couchbase-802-vanilla-ee-xsmall-small-aws,1,ip-172-31-25-22,ranking,benchANT
2026-08-12 09:39:10+00:00,processes,blocked,0,dbms,08-2026,couchbase-802-vanilla-ee-xsmall-small-aws,1,ip-172-31-25-22,ranking,benchANT
2026-08-12 09:39:20+00:00,processes,blocked,1,dbms,08-2026,couchbase-802-vanilla-ee-xsmall-small-aws,1,ip-172-31-25-22,ranking,benchANT
2026-08-12 09:39:30+00:00,processes,blocked,0,dbms,08-2026,couchbase-802-vanilla-ee-xsmall-small-aws,1,ip-172-31-25-22,ranking,benchANT
2026-08-12 09:39:40+00:00,processes,blocked,0,dbms,08-2026,couchbase-802-vanilla-ee-xsmall-small-aws,1,ip-172-31-25-22,ranking,benchANT
2026-08-12 09:39:50+00:00,processes,blocked,0,dbms,08-2026,couchbase-802-vanilla-ee-xsmall-small-aws,1,ip-172-31-25-22,ranking,benchANT
2026-08-12 09:40:00+00:00,processes,blocked,1,dbms,08-2026,couchbase-802-vanilla-ee-xsmall-small-aws,1,ip-172-31-25-22,ranking,benchANT
2026-08-12 09:40:10+00:00,processes,blocked,0,dbms,08-2026,couchbase-802-vanilla-ee-xsmall-small-aws,1,ip-172-31-25-22,ranking,benchANT
2026-08-12 09:40:20+00:00,processes,blocked,0,dbms,08-2026,couchbase-802-vanilla-ee-xsmall-small-aws,1,ip-172-31-25-22,ranking,benchANT
2026-08-12 09:40:30+00:00,processes,blocked,1,dbms,08-2026,couchbase-802-vanilla-ee-xsmall-small-aws,1,ip-172-31-25-22,ranking,benchANT
2026-08-12 09:40:40+00:00,processes,blocked,2,dbms,08-2026,couchbase-802-vanilla-ee-xsmall-small-aws,1,ip-172-31-25-22,ranking,benchANT
2026-08-12 09:40:50+00:00,processes,blocked,0,dbms,08-2026,couchbase-802-vanilla-ee-xsmall-small-aws,1,ip-172-31-25-22,ranking,benchANT
2026-08-12 09:41:00+00:00,processes,blocked,2,dbms,08-2026,couchbase-802-vanilla-ee-xsmall-small-aws,1,ip-172-31-25-22,ranking,benchANT
2026-08-12 09:41:10+00:00,processes,blocked,2,dbms,08-2026,couchbase-802-vanilla-ee-xsmall-small-aws,1,ip-172-31-25-22,ranking,benchANT
2026-08-12 09:41:20+00:00,processes,blocked,1,dbms,08-2026,couchbase-802-vanilla-ee-xsmall-small-aws,1,ip-172-31-25-22,ranking,benchANT
2026-08-12 09:41:30+00:00,processes,blocked,0,dbms,08-2026,couchbase-802-vanilla-ee-xsmall-small-aws,1,ip-172-31-25-22,ranking,benchANT
2026-08-12 09:41:40+00:00,processes,blocked,1,dbms,08-2026,couchbase-802-vanilla-ee-xsmall-small-aws,1,ip-172-31-25-22,ranking,benchANT
2026-08-12 09:41:50+00:00,processes,blocked,0,dbms,08-2026,couchbase-802-vanilla-ee-xsmall-small-aws,1,ip-172-31-25-22,ranking,benchANT
2026-08-12 09:42:00+00:00,processes,blocked,0,dbms,08-2026,couchbase-802-vanilla-ee-xsmall-small-aws,1,ip-172-31-25-22,ranking,benchANT
2026-08-12 09:42:10+00:00,processes,blocked,1,dbms,08-2026,couchbase-802-vanilla-ee-xsmall-small-aws,1,ip-172-31-25-22,ranking,benchANT
2026-08-12 09:42:20+00:00,processes,blocked,1,dbms,08-2026,couchbase-802-vanilla-ee-xsmall-small-aws,1,ip-172-31-25-22,ranking,benchANT
2026-08-12 09:42:30+00:00,processes,blocked,0,dbms,08-2026,couchbase-802-vanilla-ee-xsmall-small-aws,1,ip-172-31-25-22,ranking,benchANT
2026-08-12 09:42:40+00:00,processes,blocked,0,dbms,08-2026,couchbase-802-vanilla-ee-xsmall-small-aws,1,ip-172-31-25-22,ranking,benchANT
2026-08-12 09:42:50+00:00,processes,blocked,0,dbms,08-2026,couchbase-802-vanilla-ee-xsmall-small-aws,1,ip-172-31-25-22,ranking,benchANT
2026-08-12 09:43:00+00:00,processes,blocked,0,dbms,08-2026,couchbase-802-vanilla-ee-xsmall-small-aws,1,ip-172-31-25-22,ranking,benchANT
2026-08-12 09:43:10+00:00,processes,blocked,0,dbms,08-2026,couchbase-802-vanilla-ee-xsmall-small-aws,1,ip-172-31-25-22,ranking,benchANT
2026-08-12 09:43:20+00:00,processes,blocked,0,dbms,08-2026,couchbase-802-vanilla-ee-xsmall-small-aws,1,ip-172-31-25-22,ranking,benchANT
2026-08-12 09:43:30+00:00,processes,blocked,0,dbms,08-2026,couchbase-802-vanilla-ee-xsmall-small-aws,1,ip-172-31-25-22,ranking,benchANT
2026-08-12 09:43:40+00:00,processes,blocked,1,dbms,08-2026,couchbase-802-vanilla-ee-xsmall-small-aws,1,ip-172-31-25-22,ranking,benchANT
2026-08-12 09:43:50+00:00,processes,blocked,0,dbms,08-2026,couchbase-802-vanilla-ee-xsmall-small-aws,1,ip-172-31-25-22,ranking,benchANT
2026-08-12 09:44:00+00:00,processes,blocked,1,dbms,08-2026,couchbase-802-vanilla-ee-xsmall-small-aws,1,ip-172-31-25-22,ranking,benchANT
2026-08-12 09:44:10+00:00,processes,blocked,0,dbms,08-2026,couchbase-802-vanilla-ee-xsmall-small-aws,1,ip-172-31-25-22,ranking,benchANT
2026-08-12 09:44:20+00:00,processes,blocked,0,dbms,08-2026,couchbase-802-vanilla-ee-xsmall-small-aws,1,ip-172-31-25-22,ranking,benchANT
2026-08-12 09:44:30+00:00,processes,blocked,0,dbms,08-2026,couchbase-802-vanilla-ee-xsmall-small-aws,1,ip-172-31-25-22,ranking,benchANT
2026-08-12 09:44:40+00:00,processes,blocked,0,dbms,08-2026,couchbase-802-vanilla-ee-xsmall-small-aws,1,ip-172-31-25-22,ranking,benchANT
2026-08-12 09:44:50+00:00,processes,blocked,1,dbms,08-2026,couchbase-802-vanilla-ee-xsmall-small-aws,1,ip-172-31-25-22,ranking,benchANT
2026-08-12 09:45:00+00:00,processes,blocked,1,dbms,08-2026,couchbase-802-vanilla-ee-xsmall-small-aws,1,ip-172-31-25-22,ranking,benchANT
2026-08-12 09:45:10+00:00,processes,blocked,0,dbms,08-2026,couchbase-802-vanilla-ee-xsmall-small-aws,1,ip-172-31-25-22,ranking,benchANT
2026-08-12 09:45:20+00:00,processes,blocked,1,dbms,08-2026,couchbase-802-vanilla-ee-xsmall-small-aws,1,ip-172-31-25-22,ranking,benchANT
2026-08-12 09:45:30+00:00,processes,blocked,1,dbms,08-2026,couchbase-802-vanilla-ee-xsmall-small-aws,1,ip-172-31-25-22,ranking,benchANT
2026-08-12 09:45:40+00:00,processes,blocked,1,dbms,08-2026,couchbase-802-vanilla-ee-xsmall-small-aws,1,ip-172-31-25-22,ranking,benchANT
2026-08-12 09:45:50+00:00,processes,blocked,1,dbms,08-2026,couchbase-802-vanilla-ee-xsmall-small-aws,1,ip-172-31-25-22,ranking,benchANT
2026-08-12 09:46:00+00:00,processes,blocked,2,dbms,08-2026,couchbase-802-vanilla-ee-xsmall-small-aws,1,ip-172-31-25-22,ranking,benchANT
2026-08-12 09:46:10+00:00,processes,blocked,0,dbms,08-2026,couchbase-802-vanilla-ee-xsmall-small-aws,1,ip-172-31-25-22,ranking,benchANT
2026-08-12 09:46:20+00:00,processes,blocked,1,dbms,08-2026,couchbase-802-vanilla-ee-xsmall-small-aws,1,ip-172-31-25-22,ranking,benchANT
2026-08-12 09:46:30+00:00,processes,blocked,1,dbms,08-2026,couchbase-802-vanilla-ee-xsmall-small-aws,1,ip-172-31-25-22,ranking,benchANT
2026-08-12 09:46:40+00:00,processes,blocked,1,dbms,08-2026,couchbase-802-vanilla-ee-xsmall-small-aws,1,ip-172-31-25-22,ranking,benchANT
2026-08-12 09:46:50+00:00,processes,blocked,1,dbms,08-2026,couchbase-802-vanilla-ee-xsmall-small-aws,1,ip-172-31-25-22,ranking,benchANT
2026-08-12 09:47:00+00:00,processes,blocked,1,dbms,08-2026,couchbase-802-vanilla-ee-xsmall-small-aws,1,ip-172-31-25-22,ranking,benchANT
2026-08-12 09:47:10+00:00,processes,blocked,1,dbms,08-2026,couchbase-802-vanilla-ee-xsmall-small-aws,1,ip-172-31-25-22,ranking,benchANT
2026-08-12 09:47:20+00:00,processes,blocked,0,dbms,08-2026,couchbase-802-vanilla-ee-xsmall-small-aws,1,ip-172-31-25-22,ranking,benchANT
2026-08-12 09:47:30+00:00,processes,blocked,0,dbms,08-2026,couchbase-802-vanilla-ee-xsmall-small-aws,1,ip-172-31-25-22,ranking,benchANT
2026-08-12 09:47:40+00:00,processes,blocked,0,dbms,08-2026,couchbase-802-vanilla-ee-xsmall-small-aws,1,ip-172-31-25-22,ranking,benchANT
2026-08-12 09:47:50+00:00,processes,blocked,1,dbms,08-2026,couchbase-802-vanilla-ee-xsmall-small-aws,1,ip-172-31-25-22,ranking,benchANT
2026-08-12 09:48:00+00:00,processes,blocked,1,dbms,08-2026,couchbase-802-vanilla-ee-xsmall-small-aws,1,ip-172-31-25-22,ranking,benchANT
2026-08-12 09:48:10+00:00,processes,blocked,1,dbms,08-2026,couchbase-802-vanilla-ee-xsmall-small-aws,1,ip-172-31-25-22,ranking,benchANT
2026-08-12 09:48:20+00:00,processes,blocked,1,dbms,08-2026,couchbase-802-vanilla-ee-xsmall-small-aws,1,ip-172-31-25-22,ranking,benchANT
2026-08-12 09:48:30+00:00,processes,blocked,1,dbms,08-2026,couchbase-802-vanilla-ee-xsmall-small-aws,1,ip-172-31-25-22,ranking,benchANT
2026-08-12 09:48:40+00:00,processes,blocked,1,dbms,08-2026,couchbase-802-vanilla-ee-xsmall-small-aws,1,ip-172-31-25-22,ranking,benchANT
2026-08-12 09:48:50+00:00,processes,blocked,1,dbms,08-2026,couchbase-802-vanilla-ee-xsmall-small-aws,1,ip-172-31-25-22,ranking,benchANT
2026-08-12 09:49:00+00:00,processes,blocked,0,dbms,08-2026,couchbase-802-vanilla-ee-xsmall-small-aws,1,ip-172-31-25-22,ranking,benchANT
2026-08-12 09:49:10+00:00,processes,blocked,1,dbms,08-2026,couchbase-802-vanilla-ee-xsmall-small-aws,1,ip-172-31-25-22,ranking,benchANT
2026-08-12 09:49:20+00:00,processes,blocked,0,dbms,08-2026,couchbase-802-vanilla-ee-xsmall-small-aws,1,ip-172-31-25-22,ranking,benchANT
2026-08-12 09:49:30+00:00,processes,blocked,1,dbms,08-2026,couchbase-802-vanilla-ee-xsmall-small-aws,1,ip-172-31-25-22,ranking,benchANT
2026-08-12 09:49:40+00:00,processes,blocked,1,dbms,08-2026,couchbase-802-vanilla-ee-xsmall-small-aws,1,ip-172-31-25-22,ranking,benchANT
2026-08-12 09:49:50+00:00,processes,blocked,0,dbms,08-2026,couchbase-802-vanilla-ee-xsmall-small-aws,1,ip-172-31-25-22,ranking,benchANT
2026-08-12 09:50:00+00:00,processes,blocked,2,dbms,08-2026,couchbase-802-vanilla-ee-xsmall-small-aws,1,ip-172-31-25-22,ranking,benchANT
2026-08-12 09:50:10+00:00,processes,blocked,1,dbms,08-2026,couchbase-802-vanilla-ee-xsmall-small-aws,1,ip-172-31-25-22,ranking,benchANT
2026-08-12 09:50:20+00:00,processes,blocked,0,dbms,08-2026,couchbase-802-vanilla-ee-xsmall-small-aws,1,ip-172-31-25-22,ranking,benchANT
2026-08-12 09:50:30+00:00,processes,blocked,1,dbms,08-2026,couchbase-802-vanilla-ee-xsmall-small-aws,1,ip-172-31-25-22,ranking,benchANT
2026-08-12 09:50:40+00:00,processes,blocked,1,dbms,08-2026,couchbase-802-vanilla-ee-xsmall-small-aws,1,ip-172-31-25-22,ranking,benchANT
2026-08-12 09:50:50+00:00,processes,blocked,1,dbms,08-2026,couchbase-802-vanilla-ee-xsmall-small-aws,1,ip-172-31-25-22,ranking,benchANT
2026-08-12 09:51:00+00:00,processes,blocked,1,dbms,08-2026,couchbase-802-vanilla-ee-xsmall-small-aws,1,ip-172-31-25-22,ranking,benchANT
2026-08-12 09:51:10+00:00,processes,blocked,1,dbms,08-2026,couchbase-802-vanilla-ee-xsmall-small-aws,1,ip-172-31-25-22,ranking,benchANT
2026-08-12 09:51:20+00:00,processes,blocked,0,dbms,08-2026,couchbase-802-vanilla-ee-xsmall-small-aws,1,ip-172-31-25-22,ranking,benchANT
2026-08-12 09:51:30+00:00,processes,blocked,1,dbms,08-2026,couchbase-802-vanilla-ee-xsmall-small-aws,1,ip-172-31-25-22,ranking,benchANT
2026-08-12 09:51:40+00:00,processes,blocked,1,dbms,08-2026,couchbase-802-vanilla-ee-xsmall-small-aws,1,ip-172-31-25-22,ranking,benchANT
2026-08-12 09:51:50+00:00,processes,blocked,1,dbms,08-2026,couchbase-802-vanilla-ee-xsmall-small-aws,1,ip-172-31-25-22,ranking,benchANT
2026-08-12 09:52:00+00:00,processes,blocked,0,dbms,08-2026,couchbase-802-vanilla-ee-xsmall-small-aws,1,ip-172-31-25-22,ranking,benchANT
2026-08-12 09:52:10+00:00,processes,blocked,1,dbms,08-2026,couchbase-802-vanilla-ee-xsmall-small-aws,1,ip-172-31-25-22,ranking,benchANT
2026-08-12 09:52:20+00:00,processes,blocked,1,dbms,08-2026,couchbase-802-vanilla-ee-xsmall-small-aws,1,ip-172-31-25-22,ranking,benchANT
2026-08-12 09:52:30+00:00,processes,blocked,1,dbms,08-2026,couchbase-802-vanilla-ee-xsmall-small-aws,1,ip-172-31-25-22,ranking,benchANT
2026-08-12 09:52:40+00:00,processes,blocked,1,dbms,08-2026,couchbase-802-vanilla-ee-xsmall-small-aws,1,ip-172-31-25-22,ranking,benchANT
2026-08-12 09:52:50+00:00,processes,blocked,2,dbms,08-2026,couchbase-802-vanilla-ee-xsmall-small-aws,1,ip-172-31-25-22,ranking,benchANT
2026-08-12 09:53:00+00:00,processes,blocked,1,dbms,08-2026,couchbase-802-vanilla-ee-xsmall-small-aws,1,ip-172-31-25-22,ranking,benchANT
2026-08-12 09:53:10+00:00,processes,blocked,2,dbms,08-2026,couchbase-802-vanilla-ee-xsmall-small-aws,1,ip-172-31-25-22,ranking,benchANT
2026-08-12 09:53:20+00:00,processes,blocked,0,dbms,08-2026,couchbase-802-vanilla-ee-xsmall-small-aws,1,ip-172-31-25-22,ranking,benchANT
2026-08-12 09:53:30+00:00,processes,blocked,1,dbms,08-2026,couchbase-802-vanilla-ee-xsmall-small-aws,1,ip-172-31-25-22,ranking,benchANT
2026-08-12 09:53:40+00:00,processes,blocked,1,dbms,08-2026,couchbase-802-vanilla-ee-xsmall-small-aws,1,ip-172-31-25-22,ranking,benchANT
2026-08-12 09:53:50+00:00,processes,blocked,1,dbms,08-2026,couchbase-802-vanilla-ee-xsmall-small-aws,1,ip-172-31-25-22,ranking,benchANT
2026-08-12 09:54:00+00:00,processes,blocked,1,dbms,08-2026,couchbase-802-vanilla-ee-xsmall-small-aws,1,ip-172-31-25-22,ranking,benchANT
2026-08-12 09:54:10+00:00,processes,blocked,1,dbms,08-2026,couchbase-802-vanilla-ee-xsmall-small-aws,1,ip-172-31-25-22,ranking,benchANT
2026-08-12 09:54:20+00:00,processes,blocked,1,dbms,08-2026,couchbase-802-vanilla-ee-xsmall-small-aws,1,ip-172-31-25-22,ranking,benchANT
2026-08-12 09:54:30+00:00,processes,blocked,1,dbms,08-2026,couchbase-802-vanilla-ee-xsmall-small-aws,1,ip-172-31-25-22,ranking,benchANT
2026-08-12 09:54:40+00:00,processes,blocked,1,dbms,08-2026,couchbase-802-vanilla-ee-xsmall-small-aws,1,ip-172-31-25-22,ranking,benchANT
2026-08-12 09:54:50+00:00,processes,blocked,1,dbms,08-2026,couchbase-802-vanilla-ee-xsmall-small-aws,1,ip-172-31-25-22,ranking,benchANT
2026-08-12 09:55:00+00:00,processes,blocked,0,dbms,08-2026,couchbase-802-vanilla-ee-xsmall-small-aws,1,ip-172-31-25-22,ranking,benchANT
2026-08-12 09:55:10+00:00,processes,blocked,1,dbms,08-2026,couchbase-802-vanilla-ee-xsmall-small-aws,1,ip-172-31-25-22,ranking,benchANT
2026-08-12 09:55:20+00:00,processes,blocked,0,dbms,08-2026,couchbase-802-vanilla-ee-xsmall-small-aws,1,ip-172-31-25-22,ranking,benchANT
2026-08-12 09:55:30+00:00,processes,blocked,1,dbms,08-2026,couchbase-802-vanilla-ee-xsmall-small-aws,1,ip-172-31-25-22,ranking,benchANT
2026-08-12 09:55:40+00:00,processes,blocked,1,dbms,08-2026,couchbase-802-vanilla-ee-xsmall-small-aws,1,ip-172-31-25-22,ranking,benchANT
2026-08-12 09:55:50+00:00,processes,blocked,1,dbms,08-2026,couchbase-802-vanilla-ee-xsmall-small-aws,1,ip-172-31-25-22,ranking,benchANT
2026-08-12 09:56:00+00:00,processes,blocked,2,dbms,08-2026,couchbase-802-vanilla-ee-xsmall-small-aws,1,ip-172-31-25-22,ranking,benchANT
2026-08-12 09:56:10+00:00,processes,blocked,1,dbms,08-2026,couchbase-802-vanilla-ee-xsmall-small-aws,1,ip-172-31-25-22,ranking,benchANT
2026-08-12 09:56:20+00:00,processes,blocked,1,dbms,08-2026,couchbase-802-vanilla-ee-xsmall-small-aws,1,ip-172-31-25-22,ranking,benchANT
2026-08-12 09:56:30+00:00,processes,blocked,1,dbms,08-2026,couchbase-802-vanilla-ee-xsmall-small-aws,1,ip-172-31-25-22,ranking,benchANT
2026-08-12 09:56:40+00:00,processes,blocked,0,dbms,08-2026,couchbase-802-vanilla-ee-xsmall-small-aws,1,ip-172-31-25-22,ranking,benchANT
2026-08-12 09:56:50+00:00,processes,blocked,0,dbms,08-2026,couchbase-802-vanilla-ee-xsmall-small-aws,1,ip-172-31-25-22,ranking,benchANT
2026-08-12 09:57:00+00:00,processes,blocked,1,dbms,08-2026,couchbase-802-vanilla-ee-xsmall-small-aws,1,ip-172-31-25-22,ranking,benchANT
2026-08-12 09:57:10+00:00,processes,blocked,1,dbms,08-2026,couchbase-802-vanilla-ee-xsmall-small-aws,1,ip-172-31-25-22,ranking,benchANT
2026-08-12 09:57:20+00:00,processes,blocked,0,dbms,08-2026,couchbase-802-vanilla-ee-xsmall-small-aws,1,ip-172-31-25-22,ranking,benchANT
2026-08-12 09:57:30+00:00,processes,blocked,1,dbms,08-2026,couchbase-802-vanilla-ee-xsmall-small-aws,1,ip-172-31-25-22,ranking,benchANT
2026-08-12 09:57:40+00:00,processes,blocked,1,dbms,08-2026,couchbase-802-vanilla-ee-xsmall-small-aws,1,ip-172-31-25-22,ranking,benchANT
2026-08-12 09:57:50+00:00,processes,blocked,1,dbms,08-2026,couchbase-802-vanilla-ee-xsmall-small-aws,1,ip-172-31-25-22,ranking,benchANT
2026-08-12 09:58:00+00:00,processes,blocked,1,dbms,08-2026,couchbase-802-vanilla-ee-xsmall-small-aws,1,ip-172-31-25-22,ranking,benchANT
2026-08-12 09:58:10+00:00,processes,blocked,1,dbms,08-2026,couchbase-802-vanilla-ee-xsmall-small-aws,1,ip-172-31-25-22,ranking,benchANT
2026-08-12 09:58:20+00:00,processes,blocked,1,dbms,08-2026,couchbase-802-vanilla-ee-xsmall-small-aws,1,ip-172-31-25-22,ranking,benchANT
2026-08-12 09:58:30+00:00,processes,blocked,1,dbms,08-2026,couchbase-802-vanilla-ee-xsmall-small-aws,1,ip-172-31-25-22,ranking,benchANT
2026-08-12 09:58:40+00:00,processes,blocked,1,dbms,08-2026,couchbase-802-vanilla-ee-xsmall-small-aws,1,ip-172-31-25-22,ranking,benchANT
2026-08-12 09:58:50+00:00,processes,blocked,0,dbms,08-2026,couchbase-802-vanilla-ee-xsmall-small-aws,1,ip-172-31-25-22,ranking,benchANT
2026-08-12 09:59:00+00:00,processes,blocked,1,dbms,08-2026,couchbase-802-vanilla-ee-xsmall-small-aws,1,ip-172-31-25-22,ranking,benchANT
2026-08-12 09:59:10+00:00,processes,blocked,0,dbms,08-2026,couchbase-802-vanilla-ee-xsmall-small-aws,1,ip-172-31-25-22,ranking,benchANT
2026-08-12 09:59:20+00:00,processes,blocked,1,dbms,08-2026,couchbase-802-vanilla-ee-xsmall-small-aws,1,ip-172-31-25-22,ranking,benchANT
2026-08-12 09:59:30+00:00,processes,blocked,1,dbms,08-2026,couchbase-802-vanilla-ee-xsmall-small-aws,1,ip-172-31-25-22,ranking,benchANT
2026-08-12 09:59:40+00:00,processes,blocked,1,dbms,08-2026,couchbase-802-vanilla-ee-xsmall-small-aws,1,ip-172-31-25-22,ranking,benchANT
2026-08-12 09:59:50+00:00,processes,blocked,1,dbms,08-2026,couchbase-802-vanilla-ee-xsmall-small-aws,1,ip-172-31-25-22,ranking,benchANT
2026-08-12 10:00:00+00:00,processes,blocked,1,dbms,08-2026,couchbase-802-vanilla-ee-xsmall-small-aws,1,ip-172-31-25-22,ranking,benchANT
2026-08-12 10:00:10+00:00,processes,blocked,2,dbms,08-2026,couchbase-802-vanilla-ee-xsmall-small-aws,1,ip-172-31-25-22,ranking,benchANT
2026-08-12 10:00:20+00:00,processes,blocked,1,dbms,08-2026,couchbase-802-vanilla-ee-xsmall-small-aws,1,ip-172-31-25-22,ranking,benchANT
2026-08-12 10:00:30+00:00,processes,blocked,1,dbms,08-2026,couchbase-802-vanilla-ee-xsmall-small-aws,1,ip-172-31-25-22,ranking,benchANT
2026-08-12 10:00:40+00:00,processes,blocked,1,dbms,08-2026,couchbase-802-vanilla-ee-xsmall-small-aws,1,ip-172-31-25-22,ranking,benchANT
2026-08-12 10:00:50+00:00,processes,blocked,1,dbms,08-2026,couchbase-802-vanilla-ee-xsmall-small-aws,1,ip-172-31-25-22,ranking,benchANT
2026-08-12 10:01:00+00:00,processes,blocked,1,dbms,08-2026,couchbase-802-vanilla-ee-xsmall-small-aws,1,ip-172-31-25-22,ranking,benchANT
2026-08-12 10:01:10+00:00,processes,blocked,1,dbms,08-2026,couchbase-802-vanilla-ee-xsmall-small-aws,1,ip-172-31-25-22,ranking,benchANT
2026-08-12 10:01:20+00:00,processes,blocked,1,dbms,08-2026,couchbase-802-vanilla-ee-xsmall-small-aws,1,ip-172-31-25-22,ranking,benchANT
2026-08-12 10:01:30+00:00,processes,blocked,1,dbms,08-2026,couchbase-802-vanilla-ee-xsmall-small-aws,1,ip-172-31-25-22,ranking,benchANT
2026-08-12 10:01:40+00:00,processes,blocked,1,dbms,08-2026,couchbase-802-vanilla-ee-xsmall-small-aws,1,ip-172-31-25-22,ranking,benchANT
2026-08-12 10:01:50+00:00,processes,blocked,1,dbms,08-2026,couchbase-802-vanilla-ee-xsmall-small-aws,1,ip-172-31-25-22,ranking,benchANT
2026-08-12 10:02:00+00:00,processes,blocked,0,dbms,08-2026,couchbase-802-vanilla-ee-xsmall-small-aws,1,ip-172-31-25-22,ranking,benchANT
2026-08-12 10:02:10+00:00,processes,blocked,0,dbms,08-2026,couchbase-802-vanilla-ee-xsmall-small-aws,1,ip-172-31-25-22,ranking,benchANT
2026-08-12 10:02:20+00:00,processes,blocked,1,dbms,08-2026,couchbase-802-vanilla-ee-xsmall-small-aws,1,ip-172-31-25-22,ranking,benchANT
2026-08-12 10:02:30+00:00,processes,blocked,1,dbms,08-2026,couchbase-802-vanilla-ee-xsmall-small-aws,1,ip-172-31-25-22,ranking,benchANT
2026-08-12 10:02:40+00:00,processes,blocked,1,dbms,08-2026,couchbase-802-vanilla-ee-xsmall-small-aws,1,ip-172-31-25-22,ranking,benchANT
2026-08-12 10:02:50+00:00,processes,blocked,1,dbms,08-2026,couchbase-802-vanilla-ee-xsmall-small-aws,1,ip-172-31-25-22,ranking,benchANT
2026-08-12 10:03:00+00:00,processes,blocked,1,dbms,08-2026,couchbase-802-vanilla-ee-xsmall-small-aws,1,ip-172-31-25-22,ranking,benchANT
2026-08-12 10:03:10+00:00,processes,blocked,1,dbms,08-2026,couchbase-802-vanilla-ee-xsmall-small-aws,1,ip-172-31-25-22,ranking,benchANT
2026-08-12 10:03:20+00:00,processes,blocked,1,dbms,08-2026,couchbase-802-vanilla-ee-xsmall-small-aws,1,ip-172-31-25-22,ranking,benchANT
2026-08-12 10:03:30+00:00,processes,blocked,0,dbms,08-2026,couchbase-802-vanilla-ee-xsmall-small-aws,1,ip-172-31-25-22,ranking,benchANT
2026-08-12 10:03:40+00:00,processes,blocked,1,dbms,08-2026,couchbase-802-vanilla-ee-xsmall-small-aws,1,ip-172-31-25-22,ranking,benchANT
2026-08-12 10:03:50+00:00,processes,blocked,0,dbms,08-2026,couchbase-802-vanilla-ee-xsmall-small-aws,1,ip-172-31-25-22,ranking,benchANT
2026-08-12 10:04:00+00:00,processes,blocked,1,dbms,08-2026,couchbase-802-vanilla-ee-xsmall-small-aws,1,ip-172-31-25-22,ranking,benchANT
2026-08-12 10:04:10+00:00,processes,blocked,1,dbms,08-2026,couchbase-802-vanilla-ee-xsmall-small-aws,1,ip-172-31-25-22,ranking,benchANT
2026-08-12 10:04:20+00:00,processes,blocked,1,dbms,08-2026,couchbase-802-vanilla-ee-xsmall-small-aws,1,ip-172-31-25-22,ranking,benchANT
2026-08-12 10:04:30+00:00,processes,blocked,1,dbms,08-2026,couchbase-802-vanilla-ee-xsmall-small-aws,1,ip-172-31-25-22,ranking,benchANT
2026-08-12 10:04:40+00:00,processes,blocked,0,dbms,08-2026,couchbase-802-vanilla-ee-xsmall-small-aws,1,ip-172-31-25-22,ranking,benchANT
2026-08-12 10:04:50+00:00,processes,blocked,1,dbms,08-2026,couchbase-802-vanilla-ee-xsmall-small-aws,1,ip-172-31-25-22,ranking,benchANT
2026-08-12 10:05:00+00:00,processes,blocked,0,dbms,08-2026,couchbase-802-vanilla-ee-xsmall-small-aws,1,ip-172-31-25-22,ranking,benchANT
2026-08-12 10:05:10+00:00,processes,blocked,0,dbms,08-2026,couchbase-802-vanilla-ee-xsmall-small-aws,1,ip-172-31-25-22,ranking,benchANT
2026-08-12 10:05:20+00:00,processes,blocked,1,dbms,08-2026,couchbase-802-vanilla-ee-xsmall-small-aws,1,ip-172-31-25-22,ranking,benchANT
2026-08-12 10:05:30+00:00,processes,blocked,1,dbms,08-2026,couchbase-802-vanilla-ee-xsmall-small-aws,1,ip-172-31-25-22,ranking,benchANT
2026-08-12 10:05:40+00:00,processes,blocked,0,dbms,08-2026,couchbase-802-vanilla-ee-xsmall-small-aws,1,ip-172-31-25-22,ranking,benchANT
2026-08-12 09:35:50+00:00,processes,dead,0,dbms,08-2026,couchbase-802-vanilla-ee-xsmall-small-aws,1,ip-172-31-25-22,ranking,benchANT
2026-08-12 09:36:00+00:00,processes,dead,0,dbms,08-2026,couchbase-802-vanilla-ee-xsmall-small-aws,1,ip-172-31-25-22,ranking,benchANT
2026-08-12 09:36:10+00:00,processes,dead,0,dbms,08-2026,couchbase-802-vanilla-ee-xsmall-small-aws,1,ip-172-31-25-22,ranking,benchANT
2026-08-12 09:36:20+00:00,processes,dead,0,dbms,08-2026,couchbase-802-vanilla-ee-xsmall-small-aws,1,ip-172-31-25-22,ranking,benchANT
2026-08-12 09:36:30+00:00,processes,dead,0,dbms,08-2026,couchbase-802-vanilla-ee-xsmall-small-aws,1,ip-172-31-25-22,ranking,benchANT
2026-08-12 09:36:40+00:00,processes,dead,0,dbms,08-2026,couchbase-802-vanilla-ee-xsmall-small-aws,1,ip-172-31-25-22,ranking,benchANT
2026-08-12 09:36:50+00:00,processes,dead,0,dbms,08-2026,couchbase-802-vanilla-ee-xsmall-small-aws,1,ip-172-31-25-22,ranking,benchANT
2026-08-12 09:37:00+00:00,processes,dead,0,dbms,08-2026,couchbase-802-vanilla-ee-xsmall-small-aws,1,ip-172-31-25-22,ranking,benchANT
2026-08-12 09:37:10+00:00,processes,dead,0,dbms,08-2026,couchbase-802-vanilla-ee-xsmall-small-aws,1,ip-172-31-25-22,ranking,benchANT
2026-08-12 09:37:20+00:00,processes,dead,0,dbms,08-2026,couchbase-802-vanilla-ee-xsmall-small-aws,1,ip-172-31-25-22,ranking,benchANT
2026-08-12 09:37:30+00:00,processes,dead,0,dbms,08-2026,couchbase-802-vanilla-ee-xsmall-small-aws,1,ip-172-31-25-22,ranking,benchANT
2026-08-12 09:37:40+00:00,processes,dead,0,dbms,08-2026,couchbase-802-vanilla-ee-xsmall-small-aws,1,ip-172-31-25-22,ranking,benchANT
2026-08-12 09:37:50+00:00,processes,dead,0,dbms,08-2026,couchbase-802-vanilla-ee-xsmall-small-aws,1,ip-172-31-25-22,ranking,benchANT
2026-08-12 09:38:00+00:00,processes,dead,0,dbms,08-2026,couchbase-802-vanilla-ee-xsmall-small-aws,1,ip-172-31-25-22,ranking,benchANT
2026-08-12 09:38:10+00:00,processes,dead,0,dbms,08-2026,couchbase-802-vanilla-ee-xsmall-small-aws,1,ip-172-31-25-22,ranking,benchANT
2026-08-12 09:38:20+00:00,processes,dead,0,dbms,08-2026,couchbase-802-vanilla-ee-xsmall-small-aws,1,ip-172-31-25-22,ranking,benchANT
2026-08-12 09:38:30+00:00,processes,dead,0,dbms,08-2026,couchbase-802-vanilla-ee-xsmall-small-aws,1,ip-172-31-25-22,ranking,benchANT
2026-08-12 09:38:40+00:00,processes,dead,0,dbms,08-2026,couchbase-802-vanilla-ee-xsmall-small-aws,1,ip-172-31-25-22,ranking,benchANT
2026-08-12 09:38:50+00:00,processes,dead,0,dbms,08-2026,couchbase-802-vanilla-ee-xsmall-small-aws,1,ip-172-31-25-22,ranking,benchANT
2026-08-12 09:39:00+00:00,processes,dead,0,dbms,08-2026,couchbase-802-vanilla-ee-xsmall-small-aws,1,ip-172-31-25-22,ranking,benchANT
2026-08-12 09:39:10+00:00,processes,dead,0,dbms,08-2026,couchbase-802-vanilla-ee-xsmall-small-aws,1,ip-172-31-25-22,ranking,benchANT
2026-08-12 09:39:20+00:00,processes,dead,0,dbms,08-2026,couchbase-802-vanilla-ee-xsmall-small-aws,1,ip-172-31-25-22,ranking,benchANT
2026-08-12 09:39:30+00:00,processes,dead,0,dbms,08-2026,couchbase-802-vanilla-ee-xsmall-small-aws,1,ip-172-31-25-22,ranking,benchANT
2026-08-12 09:39:40+00:00,processes,dead,0,dbms,08-2026,couchbase-802-vanilla-ee-xsmall-small-aws,1,ip-172-31-25-22,ranking,benchANT
2026-08-12 09:39:50+00:00,processes,dead,0,dbms,08-2026,couchbase-802-vanilla-ee-xsmall-small-aws,1,ip-172-31-25-22,ranking,benchANT
2026-08-12 09:40:00+00:00,processes,dead,0,dbms,08-2026,couchbase-802-vanilla-ee-xsmall-small-aws,1,ip-172-31-25-22,ranking,benchANT
2026-08-12 09:40:10+00:00,processes,dead,0,dbms,08-2026,couchbase-802-vanilla-ee-xsmall-small-aws,1,ip-172-31-25-22,ranking,benchANT
2026-08-12 09:40:20+00:00,processes,dead,0,dbms,08-2026,couchbase-802-vanilla-ee-xsmall-small-aws,1,ip-172-31-25-22,ranking,benchANT
2026-08-12 09:40:30+00:00,processes,dead,0,dbms,08-2026,couchbase-802-vanilla-ee-xsmall-small-aws,1,ip-172-31-25-22,ranking,benchANT
2026-08-12 09:40:40+00:00,processes,dead,0,dbms,08-2026,couchbase-802-vanilla-ee-xsmall-small-aws,1,ip-172-31-25-22,ranking,benchANT
2026-08-12 09:40:50+00:00,processes,dead,0,dbms,08-2026,couchbase-802-vanilla-ee-xsmall-small-aws,1,ip-172-31-25-22,ranking,benchANT
2026-08-12 09:41:00+00:00,processes,dead,0,dbms,08-2026,couchbase-802-vanilla-ee-xsmall-small-aws,1,ip-172-31-25-22,ranking,benchANT
2026-08-12 09:41:10+00:00,processes,dead,0,dbms,08-2026,couchbase-802-vanilla-ee-xsmall-small-aws,1,ip-172-31-25-22,ranking,benchANT
2026-08-12 09:41:20+00:00,processes,dead,0,dbms,08-2026,couchbase-802-vanilla-ee-xsmall-small-aws,1,ip-172-31-25-22,ranking,benchANT
2026-08-12 09:41:30+00:00,processes,dead,0,dbms,08-2026,couchbase-802-vanilla-ee-xsmall-small-aws,1,ip-172-31-25-22,ranking,benchANT
2026-08-12 09:41:40+00:00,processes,dead,0,dbms,08-2026,couchbase-802-vanilla-ee-xsmall-small-aws,1,ip-172-31-25-22,ranking,benchANT
2026-08-12 09:41:50+00:00,processes,dead,0,dbms,08-2026,couchbase-802-vanilla-ee-xsmall-small-aws,1,ip-172-31-25-22,ranking,benchANT
2026-08-12 09:42:00+00:00,processes,dead,0,dbms,08-2026,couchbase-802-vanilla-ee-xsmall-small-aws,1,ip-172-31-25-22,ranking,benchANT
2026-08-12 09:42:10+00:00,processes,dead,0,dbms,08-2026,couchbase-802-vanilla-ee-xsmall-small-aws,1,ip-172-31-25-22,ranking,benchANT
2026-08-12 09:42:20+00:00,processes,dead,0,dbms,08-2026,couchbase-802-vanilla-ee-xsmall-small-aws,1,ip-172-31-25-22,ranking,benchANT
2026-08-12 09:42:30+00:00,processes,dead,0,dbms,08-2026,couchbase-802-vanilla-ee-xsmall-small-aws,1,ip-172-31-25-22,ranking,benchANT
2026-08-12 09:42:40+00:00,processes,dead,0,dbms,08-2026,couchbase-802-vanilla-ee-xsmall-small-aws,1,ip-172-31-25-22,ranking,benchANT
2026-08-12 09:42:50+00:00,processes,dead,0,dbms,08-2026,couchbase-802-vanilla-ee-xsmall-small-aws,1,ip-172-31-25-22,ranking,benchANT
2026-08-12 09:43:00+00:00,processes,dead,0,dbms,08-2026,couchbase-802-vanilla-ee-xsmall-small-aws,1,ip-172-31-25-22,ranking,benchANT
2026-08-12 09:43:10+00:00,processes,dead,0,dbms,08-2026,couchbase-802-vanilla-ee-xsmall-small-aws,1,ip-172-31-25-22,ranking,benchANT
2026-08-12 09:43:20+00:00,processes,dead,0,dbms,08-2026,couchbase-802-vanilla-ee-xsmall-small-aws,1,ip-172-31-25-22,ranking,benchANT
2026-08-12 09:43:30+00:00,processes,dead,0,dbms,08-2026,couchbase-802-vanilla-ee-xsmall-small-aws,1,ip-172-31-25-22,ranking,benchANT
2026-08-12 09:43:40+00:00,processes,dead,0,dbms,08-2026,couchbase-802-vanilla-ee-xsmall-small-aws,1,ip-172-31-25-22,ranking,benchANT
2026-08-12 09:43:50+00:00,processes,dead,0,dbms,08-2026,couchbase-802-vanilla-ee-xsmall-small-aws,1,ip-172-31-25-22,ranking,benchANT
2026-08-12 09:44:00+00:00,processes,dead,0,dbms,08-2026,couchbase-802-vanilla-ee-xsmall-small-aws,1,ip-172-31-25-22,ranking,benchANT
2026-08-12 09:44:10+00:00,processes,dead,0,dbms,08-2026,couchbase-802-vanilla-ee-xsmall-small-aws,1,ip-172-31-25-22,ranking,benchANT
2026-08-12 09:44:20+00:00,processes,dead,0,dbms,08-2026,couchbase-802-vanilla-ee-xsmall-small-aws,1,ip-172-31-25-22,ranking,benchANT
2026-08-12 09:44:30+00:00,processes,dead,0,dbms,08-2026,couchbase-802-vanilla-ee-xsmall-small-aws,1,ip-172-31-25-22,ranking,benchANT
2026-08-12 09:44:40+00:00,processes,dead,0,dbms,08-2026,couchbase-802-vanilla-ee-xsmall-small-aws,1,ip-172-31-25-22,ranking,benchANT
2026-08-12 09:44:50+00:00,processes,dead,0,dbms,08-2026,couchbase-802-vanilla-ee-xsmall-small-aws,1,ip-172-31-25-22,ranking,benchANT
2026-08-12 09:45:00+00:00,processes,dead,0,dbms,08-2026,couchbase-802-vanilla-ee-xsmall-small-aws,1,ip-172-31-25-22,ranking,benchANT
2026-08-12 09:45:10+00:00,processes,dead,0,dbms,08-2026,couchbase-802-vanilla-ee-xsmall-small-aws,1,ip-172-31-25-22,ranking,benchANT
2026-08-12 09:45:20+00:00,processes,dead,0,dbms,08-2026,couchbase-802-vanilla-ee-xsmall-small-aws,1,ip-172-31-25-22,ranking,benchANT
2026-08-12 09:45:30+00:00,processes,dead,0,dbms,08-2026,couchbase-802-vanilla-ee-xsmall-small-aws,1,ip-172-31-25-22,ranking,benchANT
2026-08-12 09:45:40+00:00,processes,dead,0,dbms,08-2026,couchbase-802-vanilla-ee-xsmall-small-aws,1,ip-172-31-25-22,ranking,benchANT
2026-08-12 09:45:50+00:00,processes,dead,0,dbms,08-2026,couchbase-802-vanilla-ee-xsmall-small-aws,1,ip-172-31-25-22,ranking,benchANT
2026-08-12 09:46:00+00:00,processes,dead,0,dbms,08-2026,couchbase-802-vanilla-ee-xsmall-small-aws,1,ip-172-31-25-22,ranking,benchANT
2026-08-12 09:46:10+00:00,processes,dead,0,dbms,08-2026,couchbase-802-vanilla-ee-xsmall-small-aws,1,ip-172-31-25-22,ranking,benchANT
2026-08-12 09:46:20+00:00,processes,dead,0,dbms,08-2026,couchbase-802-vanilla-ee-xsmall-small-aws,1,ip-172-31-25-22,ranking,benchANT
2026-08-12 09:46:30+00:00,processes,dead,0,dbms,08-2026,couchbase-802-vanilla-ee-xsmall-small-aws,1,ip-172-31-25-22,ranking,benchANT
2026-08-12 09:46:40+00:00,processes,dead,0,dbms,08-2026,couchbase-802-vanilla-ee-xsmall-small-aws,1,ip-172-31-25-22,ranking,benchANT
2026-08-12 09:46:50+00:00,processes,dead,0,dbms,08-2026,couchbase-802-vanilla-ee-xsmall-small-aws,1,ip-172-31-25-22,ranking,benchANT
2026-08-12 09:47:00+00:00,processes,dead,0,dbms,08-2026,couchbase-802-vanilla-ee-xsmall-small-aws,1,ip-172-31-25-22,ranking,benchANT
2026-08-12 09:47:10+00:00,processes,dead,0,dbms,08-2026,couchbase-802-vanilla-ee-xsmall-small-aws,1,ip-172-31-25-22,ranking,benchANT
2026-08-12 09:47:20+00:00,processes,dead,0,dbms,08-2026,couchbase-802-vanilla-ee-xsmall-small-aws,1,ip-172-31-25-22,ranking,benchANT
2026-08-12 09:47:30+00:00,processes,dead,0,dbms,08-2026,couchbase-802-vanilla-ee-xsmall-small-aws,1,ip-172-31-25-22,ranking,benchANT
2026-08-12 09:47:40+00:00,processes,dead,0,dbms,08-2026,couchbase-802-vanilla-ee-xsmall-small-aws,1,ip-172-31-25-22,ranking,benchANT
2026-08-12 09:47:50+00:00,processes,dead,0,dbms,08-2026,couchbase-802-vanilla-ee-xsmall-small-aws,1,ip-172-31-25-22,ranking,benchANT
2026-08-12 09:48:00+00:00,processes,dead,0,dbms,08-2026,couchbase-802-vanilla-ee-xsmall-small-aws,1,ip-172-31-25-22,ranking,benchANT
2026-08-12 09:48:10+00:00,processes,dead,0,dbms,08-2026,couchbase-802-vanilla-ee-xsmall-small-aws,1,ip-172-31-25-22,ranking,benchANT
2026-08-12 09:48:20+00:00,processes,dead,0,dbms,08-2026,couchbase-802-vanilla-ee-xsmall-small-aws,1,ip-172-31-25-22,ranking,benchANT
2026-08-12 09:48:30+00:00,processes,dead,0,dbms,08-2026,couchbase-802-vanilla-ee-xsmall-small-aws,1,ip-172-31-25-22,ranking,benchANT
2026-08-12 09:48:40+00:00,processes,dead,0,dbms,08-2026,couchbase-802-vanilla-ee-xsmall-small-aws,1,ip-172-31-25-22,ranking,benchANT
2026-08-12 09:48:50+00:00,processes,dead,0,dbms,08-2026,couchbase-802-vanilla-ee-xsmall-small-aws,1,ip-172-31-25-22,ranking,benchANT
2026-08-12 09:49:00+00:00,processes,dead,0,dbms,08-2026,couchbase-802-vanilla-ee-xsmall-small-aws,1,ip-172-31-25-22,ranking,benchANT
2026-08-12 09:49:10+00:00,processes,dead,0,dbms,08-2026,couchbase-802-vanilla-ee-xsmall-small-aws,1,ip-172-31-25-22,ranking,benchANT
2026-08-12 09:49:20+00:00,processes,dead,0,dbms,08-2026,couchbase-802-vanilla-ee-xsmall-small-aws,1,ip-172-31-25-22,ranking,benchANT
2026-08-12 09:49:30+00:00,processes,dead,0,dbms,08-2026,couchbase-802-vanilla-ee-xsmall-small-aws,1,ip-172-31-25-22,ranking,benchANT
2026-08-12 09:49:40+00:00,processes,dead,0,dbms,08-2026,couchbase-802-vanilla-ee-xsmall-small-aws,1,ip-172-31-25-22,ranking,benchANT
2026-08-12 09:49:50+00:00,processes,dead,0,dbms,08-2026,couchbase-802-vanilla-ee-xsmall-small-aws,1,ip-172-31-25-22,ranking,benchANT
2026-08-12 09:50:00+00:00,processes,dead,0,dbms,08-2026,couchbase-802-vanilla-ee-xsmall-small-aws,1,ip-172-31-25-22,ranking,benchANT
2026-08-12 09:50:10+00:00,processes,dead,0,dbms,08-2026,couchbase-802-vanilla-ee-xsmall-small-aws,1,ip-172-31-25-22,ranking,benchANT
2026-08-12 09:50:20+00:00,processes,dead,0,dbms,08-2026,couchbase-802-vanilla-ee-xsmall-small-aws,1,ip-172-31-25-22,ranking,benchANT
2026-08-12 09:50:30+00:00,processes,dead,0,dbms,08-2026,couchbase-802-vanilla-ee-xsmall-small-aws,1,ip-172-31-25-22,ranking,benchANT
2026-08-12 09:50:40+00:00,processes,dead,0,dbms,08-2026,couchbase-802-vanilla-ee-xsmall-small-aws,1,ip-172-31-25-22,ranking,benchANT
2026-08-12 09:50:50+00:00,processes,dead,0,dbms,08-2026,couchbase-802-vanilla-ee-xsmall-small-aws,1,ip-172-31-25-22,ranking,benchANT
2026-08-12 09:51:00+00:00,processes,dead,0,dbms,08-2026,couchbase-802-vanilla-ee-xsmall-small-aws,1,ip-172-31-25-22,ranking,benchANT
2026-08-12 09:51:10+00:00,processes,dead,0,dbms,08-2026,couchbase-802-vanilla-ee-xsmall-small-aws,1,ip-172-31-25-22,ranking,benchANT
2026-08-12 09:51:20+00:00,processes,dead,0,dbms,08-2026,couchbase-802-vanilla-ee-xsmall-small-aws,1,ip-172-31-25-22,ranking,benchANT
2026-08-12 09:51:30+00:00,processes,dead,0,dbms,08-2026,couchbase-802-vanilla-ee-xsmall-small-aws,1,ip-172-31-25-22,ranking,benchANT
2026-08-12 09:51:40+00:00,processes,dead,0,dbms,08-2026,couchbase-802-vanilla-ee-xsmall-small-aws,1,ip-172-31-25-22,ranking,benchANT
2026-08-12 09:51:50+00:00,processes,dead,0,dbms,08-2026,couchbase-802-vanilla-ee-xsmall-small-aws,1,ip-172-31-25-22,ranking,benchANT
2026-08-12 09:52:00+00:00,processes,dead,0,dbms,08-2026,couchbase-802-vanilla-ee-xsmall-small-aws,1,ip-172-31-25-22,ranking,benchANT
2026-08-12 09:52:10+00:00,processes,dead,0,dbms,08-2026,couchbase-802-vanilla-ee-xsmall-small-aws,1,ip-172-31-25-22,ranking,benchANT
2026-08-12 09:52:20+00:00,processes,dead,0,dbms,08-2026,couchbase-802-vanilla-ee-xsmall-small-aws,1,ip-172-31-25-22,ranking,benchANT
2026-08-12 09:52:30+00:00,processes,dead,0,dbms,08-2026,couchbase-802-vanilla-ee-xsmall-small-aws,1,ip-172-31-25-22,ranking,benchANT
2026-08-12 09:52:40+00:00,processes,dead,0,dbms,08-2026,couchbase-802-vanilla-ee-xsmall-small-aws,1,ip-172-31-25-22,ranking,benchANT
2026-08-12 09:52:50+00:00,processes,dead,0,dbms,08-2026,couchbase-802-vanilla-ee-xsmall-small-aws,1,ip-172-31-25-22,ranking,benchANT
2026-08-12 09:53:00+00:00,processes,dead,0,dbms,08-2026,couchbase-802-vanilla-ee-xsmall-small-aws,1,ip-172-31-25-22,ranking,benchANT
2026-08-12 09:53:10+00:00,processes,dead,0,dbms,08-2026,couchbase-802-vanilla-ee-xsmall-small-aws,1,ip-172-31-25-22,ranking,benchANT
2026-08-12 09:53:20+00:00,processes,dead,0,dbms,08-2026,couchbase-802-vanilla-ee-xsmall-small-aws,1,ip-172-31-25-22,ranking,benchANT
2026-08-12 09:53:30+00:00,processes,dead,0,dbms,08-2026,couchbase-802-vanilla-ee-xsmall-small-aws,1,ip-172-31-25-22,ranking,benchANT
2026-08-12 09:53:40+00:00,processes,dead,0,dbms,08-2026,couchbase-802-vanilla-ee-xsmall-small-aws,1,ip-172-31-25-22,ranking,benchANT
2026-08-12 09:53:50+00:00,processes,dead,0,dbms,08-2026,couchbase-802-vanilla-ee-xsmall-small-aws,1,ip-172-31-25-22,ranking,benchANT
2026-08-12 09:54:00+00:00,processes,dead,0,dbms,08-2026,couchbase-802-vanilla-ee-xsmall-small-aws,1,ip-172-31-25-22,ranking,benchANT
2026-08-12 09:54:10+00:00,processes,dead,0,dbms,08-2026,couchbase-802-vanilla-ee-xsmall-small-aws,1,ip-172-31-25-22,ranking,benchANT
2026-08-12 09:54:20+00:00,processes,dead,0,dbms,08-2026,couchbase-802-vanilla-ee-xsmall-small-aws,1,ip-172-31-25-22,ranking,benchANT
2026-08-12 09:54:30+00:00,processes,dead,0,dbms,08-2026,couchbase-802-vanilla-ee-xsmall-small-aws,1,ip-172-31-25-22,ranking,benchANT
2026-08-12 09:54:40+00:00,processes,dead,0,dbms,08-2026,couchbase-802-vanilla-ee-xsmall-small-aws,1,ip-172-31-25-22,ranking,benchANT
2026-08-12 09:54:50+00:00,processes,dead,0,dbms,08-2026,couchbase-802-vanilla-ee-xsmall-small-aws,1,ip-172-31-25-22,ranking,benchANT
2026-08-12 09:55:00+00:00,processes,dead,0,dbms,08-2026,couchbase-802-vanilla-ee-xsmall-small-aws,1,ip-172-31-25-22,ranking,benchANT
2026-08-12 09:55:10+00:00,processes,dead,0,dbms,08-2026,couchbase-802-vanilla-ee-xsmall-small-aws,1,ip-172-31-25-22,ranking,benchANT
2026-08-12 09:55:20+00:00,processes,dead,0,dbms,08-2026,couchbase-802-vanilla-ee-xsmall-small-aws,1,ip-172-31-25-22,ranking,benchANT
2026-08-12 09:55:30+00:00,processes,dead,0,dbms,08-2026,couchbase-802-vanilla-ee-xsmall-small-aws,1,ip-172-31-25-22,ranking,benchANT
2026-08-12 09:55:40+00:00,processes,dead,0,dbms,08-2026,couchbase-802-vanilla-ee-xsmall-small-aws,1,ip-172-31-25-22,ranking,benchANT
2026-08-12 09:55:50+00:00,processes,dead,0,dbms,08-2026,couchbase-802-vanilla-ee-xsmall-small-aws,1,ip-172-31-25-22,ranking,benchANT
2026-08-12 09:56:00+00:00,processes,dead,0,dbms,08-2026,couchbase-802-vanilla-ee-xsmall-small-aws,1,ip-172-31-25-22,ranking,benchANT
2026-08-12 09:56:10+00:00,processes,dead,0,dbms,08-2026,couchbase-802-vanilla-ee-xsmall-small-aws,1,ip-172-31-25-22,ranking,benchANT
2026-08-12 09:56:20+00:00,processes,dead,0,dbms,08-2026,couchbase-802-vanilla-ee-xsmall-small-aws,1,ip-172-31-25-22,ranking,benchANT
2026-08-12 09:56:30+00:00,processes,dead,0,dbms,08-2026,couchbase-802-vanilla-ee-xsmall-small-aws,1,ip-172-31-25-22,ranking,benchANT
2026-08-12 09:56:40+00:00,processes,dead,0,dbms,08-2026,couchbase-802-vanilla-ee-xsmall-small-aws,1,ip-172-31-25-22,ranking,benchANT
2026-08-12 09:56:50+00:00,processes,dead,0,dbms,08-2026,couchbase-802-vanilla-ee-xsmall-small-aws,1,ip-172-31-25-22,ranking,benchANT
2026-08-12 09:57:00+00:00,processes,dead,0,dbms,08-2026,couchbase-802-vanilla-ee-xsmall-small-aws,1,ip-172-31-25-22,ranking,benchANT
2026-08-12 09:57:10+00:00,processes,dead,0,dbms,08-2026,couchbase-802-vanilla-ee-xsmall-small-aws,1,ip-172-31-25-22,ranking,benchANT
2026-08-12 09:57:20+00:00,processes,dead,0,dbms,08-2026,couchbase-802-vanilla-ee-xsmall-small-aws,1,ip-172-31-25-22,ranking,benchANT
2026-08-12 09:57:30+00:00,processes,dead,0,dbms,08-2026,couchbase-802-vanilla-ee-xsmall-small-aws,1,ip-172-31-25-22,ranking,benchANT
2026-08-12 09:57:40+00:00,processes,dead,0,dbms,08-2026,couchbase-802-vanilla-ee-xsmall-small-aws,1,ip-172-31-25-22,ranking,benchANT
2026-08-12 09:57:50+00:00,processes,dead,0,dbms,08-2026,couchbase-802-vanilla-ee-xsmall-small-aws,1,ip-172-31-25-22,ranking,benchANT
2026-08-12 09:58:00+00:00,processes,dead,0,dbms,08-2026,couchbase-802-vanilla-ee-xsmall-small-aws,1,ip-172-31-25-22,ranking,benchANT
2026-08-12 09:58:10+00:00,processes,dead,0,dbms,08-2026,couchbase-802-vanilla-ee-xsmall-small-aws,1,ip-172-31-25-22,ranking,benchANT
2026-08-12 09:58:20+00:00,processes,dead,0,dbms,08-2026,couchbase-802-vanilla-ee-xsmall-small-aws,1,ip-172-31-25-22,ranking,benchANT
2026-08-12 09:58:30+00:00,processes,dead,0,dbms,08-2026,couchbase-802-vanilla-ee-xsmall-small-aws,1,ip-172-31-25-22,ranking,benchANT
2026-08-12 09:58:40+00:00,processes,dead,0,dbms,08-2026,couchbase-802-vanilla-ee-xsmall-small-aws,1,ip-172-31-25-22,ranking,benchANT
2026-08-12 09:58:50+00:00,processes,dead,0,dbms,08-2026,couchbase-802-vanilla-ee-xsmall-small-aws,1,ip-172-31-25-22,ranking,benchANT
2026-08-12 09:59:00+00:00,processes,dead,0,dbms,08-2026,couchbase-802-vanilla-ee-xsmall-small-aws,1,ip-172-31-25-22,ranking,benchANT
2026-08-12 09:59:10+00:00,processes,dead,0,dbms,08-2026,couchbase-802-vanilla-ee-xsmall-small-aws,1,ip-172-31-25-22,ranking,benchANT
2026-08-12 09:59:20+00:00,processes,dead,0,dbms,08-2026,couchbase-802-vanilla-ee-xsmall-small-aws,1,ip-172-31-25-22,ranking,benchANT
2026-08-12 09:59:30+00:00,processes,dead,0,dbms,08-2026,couchbase-802-vanilla-ee-xsmall-small-aws,1,ip-172-31-25-22,ranking,benchANT
2026-08-12 09:59:40+00:00,processes,dead,0,dbms,08-2026,couchbase-802-vanilla-ee-xsmall-small-aws,1,ip-172-31-25-22,ranking,benchANT
2026-08-12 09:59:50+00:00,processes,dead,0,dbms,08-2026,couchbase-802-vanilla-ee-xsmall-small-aws,1,ip-172-31-25-22,ranking,benchANT
2026-08-12 10:00:00+00:00,processes,dead,0,dbms,08-2026,couchbase-802-vanilla-ee-xsmall-small-aws,1,ip-172-31-25-22,ranking,benchANT
2026-08-12 10:00:10+00:00,processes,dead,0,dbms,08-2026,couchbase-802-vanilla-ee-xsmall-small-aws,1,ip-172-31-25-22,ranking,benchANT
2026-08-12 10:00:20+00:00,processes,dead,0,dbms,08-2026,couchbase-802-vanilla-ee-xsmall-small-aws,1,ip-172-31-25-22,ranking,benchANT
2026-08-12 10:00:30+00:00,processes,dead,0,dbms,08-2026,couchbase-802-vanilla-ee-xsmall-small-aws,1,ip-172-31-25-22,ranking,benchANT
2026-08-12 10:00:40+00:00,processes,dead,0,dbms,08-2026,couchbase-802-vanilla-ee-xsmall-small-aws,1,ip-172-31-25-22,ranking,benchANT
2026-08-12 10:00:50+00:00,processes,dead,0,dbms,08-2026,couchbase-802-vanilla-ee-xsmall-small-aws,1,ip-172-31-25-22,ranking,benchANT
2026-08-12 10:01:00+00:00,processes,dead,0,dbms,08-2026,couchbase-802-vanilla-ee-xsmall-small-aws,1,ip-172-31-25-22,ranking,benchANT
2026-08-12 10:01:10+00:00,processes,dead,0,dbms,08-2026,couchbase-802-vanilla-ee-xsmall-small-aws,1,ip-172-31-25-22,ranking,benchANT
2026-08-12 10:01:20+00:00,processes,dead,0,dbms,08-2026,couchbase-802-vanilla-ee-xsmall-small-aws,1,ip-172-31-25-22,ranking,benchANT
2026-08-12 10:01:30+00:00,processes,dead,0,dbms,08-2026,couchbase-802-vanilla-ee-xsmall-small-aws,1,ip-172-31-25-22,ranking,benchANT
2026-08-12 10:01:40+00:00,processes,dead,0,dbms,08-2026,couchbase-802-vanilla-ee-xsmall-small-aws,1,ip-172-31-25-22,ranking,benchANT
2026-08-12 10:01:50+00:00,processes,dead,0,dbms,08-2026,couchbase-802-vanilla-ee-xsmall-small-aws,1,ip-172-31-25-22,ranking,benchANT
2026-08-12 10:02:00+00:00,processes,dead,0,dbms,08-2026,couchbase-802-vanilla-ee-xsmall-small-aws,1,ip-172-31-25-22,ranking,benchANT
2026-08-12 10:02:10+00:00,processes,dead,0,dbms,08-2026,couchbase-802-vanilla-ee-xsmall-small-aws,1,ip-172-31-25-22,ranking,benchANT
2026-08-12 10:02:20+00:00,processes,dead,0,dbms,08-2026,couchbase-802-vanilla-ee-xsmall-small-aws,1,ip-172-31-25-22,ranking,benchANT
2026-08-12 10:02:30+00:00,processes,dead,0,dbms,08-2026,couchbase-802-vanilla-ee-xsmall-small-aws,1,ip-172-31-25-22,ranking,benchANT
2026-08-12 10:02:40+00:00,processes,dead,0,dbms,08-2026,couchbase-802-vanilla-ee-xsmall-small-aws,1,ip-172-31-25-22,ranking,benchANT
2026-08-12 10:02:50+00:00,processes,dead,0,dbms,08-2026,couchbase-802-vanilla-ee-xsmall-small-aws,1,ip-172-31-25-22,ranking,benchANT
2026-08-12 10:03:00+00:00,processes,dead,0,dbms,08-2026,couchbase-802-vanilla-ee-xsmall-small-aws,1,ip-172-31-25-22,ranking,benchANT
2026-08-12 10:03:10+00:00,processes,dead,0,dbms,08-2026,couchbase-802-vanilla-ee-xsmall-small-aws,1,ip-172-31-25-22,ranking,benchANT
2026-08-12 10:03:20+00:00,processes,dead,0,dbms,08-2026,couchbase-802-vanilla-ee-xsmall-small-aws,1,ip-172-31-25-22,ranking,benchANT
2026-08-12 10:03:30+00:00,processes,dead,0,dbms,08-2026,couchbase-802-vanilla-ee-xsmall-small-aws,1,ip-172-31-25-22,ranking,benchANT
2026-08-12 10:03:40+00:00,processes,dead,0,dbms,08-2026,couchbase-802-vanilla-ee-xsmall-small-aws,1,ip-172-31-25-22,ranking,benchANT
2026-08-12 10:03:50+00:00,processes,dead,0,dbms,08-2026,couchbase-802-vanilla-ee-xsmall-small-aws,1,ip-172-31-25-22,ranking,benchANT
2026-08-12 10:04:00+00:00,processes,dead,0,dbms,08-2026,couchbase-802-vanilla-ee-xsmall-small-aws,1,ip-172-31-25-22,ranking,benchANT
2026-08-12 10:04:10+00:00,processes,dead,0,dbms,08-2026,couchbase-802-vanilla-ee-xsmall-small-aws,1,ip-172-31-25-22,ranking,benchANT
2026-08-12 10:04:20+00:00,processes,dead,0,dbms,08-2026,couchbase-802-vanilla-ee-xsmall-small-aws,1,ip-172-31-25-22,ranking,benchANT
2026-08-12 10:04:30+00:00,processes,dead,0,dbms,08-2026,couchbase-802-vanilla-ee-xsmall-small-aws,1,ip-172-31-25-22,ranking,benchANT
2026-08-12 10:04:40+00:00,processes,dead,0,dbms,08-2026,couchbase-802-vanilla-ee-xsmall-small-aws,1,ip-172-31-25-22,ranking,benchANT
2026-08-12 10:04:50+00:00,processes,dead,0,dbms,08-2026,couchbase-802-vanilla-ee-xsmall-small-aws,1,ip-172-31-25-22,ranking,benchANT
2026-08-12 10:05:00+00:00,processes,dead,0,dbms,08-2026,couchbase-802-vanilla-ee-xsmall-small-aws,1,ip-172-31-25-22,ranking,benchANT
2026-08-12 10:05:10+00:00,processes,dead,0,dbms,08-2026,couchbase-802-vanilla-ee-xsmall-small-aws,1,ip-172-31-25-22,ranking,benchANT
2026-08-12 10:05:20+00:00,processes,dead,0,dbms,08-2026,couchbase-802-vanilla-ee-xsmall-small-aws,1,ip-172-31-25-22,ranking,benchANT
2026-08-12 10:05:30+00:00,processes,dead,0,dbms,08-2026,couchbase-802-vanilla-ee-xsmall-small-aws,1,ip-172-31-25-22,ranking,benchANT
2026-08-12 10:05:40+00:00,processes,dead,0,dbms,08-2026,couchbase-802-vanilla-ee-xsmall-small-aws,1,ip-172-31-25-22,ranking,benchANT
2026-08-12 09:35:50+00:00,processes,idle,50,dbms,08-2026,couchbase-802-vanilla-ee-xsmall-small-aws,1,ip-172-31-25-22,ranking,benchANT
2026-08-12 09:36:00+00:00,processes,idle,50,dbms,08-2026,couchbase-802-vanilla-ee-xsmall-small-aws,1,ip-172-31-25-22,ranking,benchANT
2026-08-12 09:36:10+00:00,processes,idle,50,dbms,08-2026,couchbase-802-vanilla-ee-xsmall-small-aws,1,ip-172-31-25-22,ranking,benchANT
2026-08-12 09:36:20+00:00,processes,idle,50,dbms,08-2026,couchbase-802-vanilla-ee-xsmall-small-aws,1,ip-172-31-25-22,ranking,benchANT
2026-08-12 09:36:30+00:00,processes,idle,50,dbms,08-2026,couchbase-802-vanilla-ee-xsmall-small-aws,1,ip-172-31-25-22,ranking,benchANT
2026-08-12 09:36:40+00:00,processes,idle,50,dbms,08-2026,couchbase-802-vanilla-ee-xsmall-small-aws,1,ip-172-31-25-22,ranking,benchANT
2026-08-12 09:36:50+00:00,processes,idle,49,dbms,08-2026,couchbase-802-vanilla-ee-xsmall-small-aws,1,ip-172-31-25-22,ranking,benchANT
2026-08-12 09:37:00+00:00,processes,idle,49,dbms,08-2026,couchbase-802-vanilla-ee-xsmall-small-aws,1,ip-172-31-25-22,ranking,benchANT
2026-08-12 09:37:10+00:00,processes,idle,52,dbms,08-2026,couchbase-802-vanilla-ee-xsmall-small-aws,1,ip-172-31-25-22,ranking,benchANT
2026-08-12 09:37:20+00:00,processes,idle,50,dbms,08-2026,couchbase-802-vanilla-ee-xsmall-small-aws,1,ip-172-31-25-22,ranking,benchANT
2026-08-12 09:37:30+00:00,processes,idle,50,dbms,08-2026,couchbase-802-vanilla-ee-xsmall-small-aws,1,ip-172-31-25-22,ranking,benchANT
2026-08-12 09:37:40+00:00,processes,idle,52,dbms,08-2026,couchbase-802-vanilla-ee-xsmall-small-aws,1,ip-172-31-25-22,ranking,benchANT
2026-08-12 09:37:50+00:00,processes,idle,52,dbms,08-2026,couchbase-802-vanilla-ee-xsmall-small-aws,1,ip-172-31-25-22,ranking,benchANT
2026-08-12 09:38:00+00:00,processes,idle,52,dbms,08-2026,couchbase-802-vanilla-ee-xsmall-small-aws,1,ip-172-31-25-22,ranking,benchANT
2026-08-12 09:38:10+00:00,processes,idle,52,dbms,08-2026,couchbase-802-vanilla-ee-xsmall-small-aws,1,ip-172-31-25-22,ranking,benchANT
2026-08-12 09:38:20+00:00,processes,idle,52,dbms,08-2026,couchbase-802-vanilla-ee-xsmall-small-aws,1,ip-172-31-25-22,ranking,benchANT
2026-08-12 09:38:30+00:00,processes,idle,52,dbms,08-2026,couchbase-802-vanilla-ee-xsmall-small-aws,1,ip-172-31-25-22,ranking,benchANT
2026-08-12 09:38:40+00:00,processes,idle,52,dbms,08-2026,couchbase-802-vanilla-ee-xsmall-small-aws,1,ip-172-31-25-22,ranking,benchANT
2026-08-12 09:38:50+00:00,processes,idle,52,dbms,08-2026,couchbase-802-vanilla-ee-xsmall-small-aws,1,ip-172-31-25-22,ranking,benchANT
2026-08-12 09:39:00+00:00,processes,idle,52,dbms,08-2026,couchbase-802-vanilla-ee-xsmall-small-aws,1,ip-172-31-25-22,ranking,benchANT
2026-08-12 09:39:10+00:00,processes,idle,51,dbms,08-2026,couchbase-802-vanilla-ee-xsmall-small-aws,1,ip-172-31-25-22,ranking,benchANT
2026-08-12 09:39:20+00:00,processes,idle,52,dbms,08-2026,couchbase-802-vanilla-ee-xsmall-small-aws,1,ip-172-31-25-22,ranking,benchANT
2026-08-12 09:39:30+00:00,processes,idle,51,dbms,08-2026,couchbase-802-vanilla-ee-xsmall-small-aws,1,ip-172-31-25-22,ranking,benchANT
2026-08-12 09:39:40+00:00,processes,idle,52,dbms,08-2026,couchbase-802-vanilla-ee-xsmall-small-aws,1,ip-172-31-25-22,ranking,benchANT
2026-08-12 09:39:50+00:00,processes,idle,52,dbms,08-2026,couchbase-802-vanilla-ee-xsmall-small-aws,1,ip-172-31-25-22,ranking,benchANT
2026-08-12 09:40:00+00:00,processes,idle,52,dbms,08-2026,couchbase-802-vanilla-ee-xsmall-small-aws,1,ip-172-31-25-22,ranking,benchANT
2026-08-12 09:40:10+00:00,processes,idle,52,dbms,08-2026,couchbase-802-vanilla-ee-xsmall-small-aws,1,ip-172-31-25-22,ranking,benchANT
2026-08-12 09:40:20+00:00,processes,idle,52,dbms,08-2026,couchbase-802-vanilla-ee-xsmall-small-aws,1,ip-172-31-25-22,ranking,benchANT
2026-08-12 09:40:30+00:00,processes,idle,52,dbms,08-2026,couchbase-802-vanilla-ee-xsmall-small-aws,1,ip-172-31-25-22,ranking,benchANT
2026-08-12 09:40:40+00:00,processes,idle,51,dbms,08-2026,couchbase-802-vanilla-ee-xsmall-small-aws,1,ip-172-31-25-22,ranking,benchANT
2026-08-12 09:40:50+00:00,processes,idle,52,dbms,08-2026,couchbase-802-vanilla-ee-xsmall-small-aws,1,ip-172-31-25-22,ranking,benchANT
2026-08-12 09:41:00+00:00,processes,idle,51,dbms,08-2026,couchbase-802-vanilla-ee-xsmall-small-aws,1,ip-172-31-25-22,ranking,benchANT
2026-08-12 09:41:10+00:00,processes,idle,51,dbms,08-2026,couchbase-802-vanilla-ee-xsmall-small-aws,1,ip-172-31-25-22,ranking,benchANT
2026-08-12 09:41:20+00:00,processes,idle,52,dbms,08-2026,couchbase-802-vanilla-ee-xsmall-small-aws,1,ip-172-31-25-22,ranking,benchANT
2026-08-12 09:41:30+00:00,processes,idle,52,dbms,08-2026,couchbase-802-vanilla-ee-xsmall-small-aws,1,ip-172-31-25-22,ranking,benchANT
2026-08-12 09:41:40+00:00,processes,idle,51,dbms,08-2026,couchbase-802-vanilla-ee-xsmall-small-aws,1,ip-172-31-25-22,ranking,benchANT
2026-08-12 09:41:50+00:00,processes,idle,52,dbms,08-2026,couchbase-802-vanilla-ee-xsmall-small-aws,1,ip-172-31-25-22,ranking,benchANT
2026-08-12 09:42:00+00:00,processes,idle,51,dbms,08-2026,couchbase-802-vanilla-ee-xsmall-small-aws,1,ip-172-31-25-22,ranking,benchANT
2026-08-12 09:42:10+00:00,processes,idle,51,dbms,08-2026,couchbase-802-vanilla-ee-xsmall-small-aws,1,ip-172-31-25-22,ranking,benchANT
2026-08-12 09:42:20+00:00,processes,idle,50,dbms,08-2026,couchbase-802-vanilla-ee-xsmall-small-aws,1,ip-172-31-25-22,ranking,benchANT
2026-08-12 09:42:30+00:00,processes,idle,50,dbms,08-2026,couchbase-802-vanilla-ee-xsmall-small-aws,1,ip-172-31-25-22,ranking,benchANT
2026-08-12 09:42:40+00:00,processes,idle,50,dbms,08-2026,couchbase-802-vanilla-ee-xsmall-small-aws,1,ip-172-31-25-22,ranking,benchANT
2026-08-12 09:42:50+00:00,processes,idle,50,dbms,08-2026,couchbase-802-vanilla-ee-xsmall-small-aws,1,ip-172-31-25-22,ranking,benchANT
2026-08-12 09:43:00+00:00,processes,idle,50,dbms,08-2026,couchbase-802-vanilla-ee-xsmall-small-aws,1,ip-172-31-25-22,ranking,benchANT
2026-08-12 09:43:10+00:00,processes,idle,50,dbms,08-2026,couchbase-802-vanilla-ee-xsmall-small-aws,1,ip-172-31-25-22,ranking,benchANT
2026-08-12 09:43:20+00:00,processes,idle,50,dbms,08-2026,couchbase-802-vanilla-ee-xsmall-small-aws,1,ip-172-31-25-22,ranking,benchANT
2026-08-12 09:43:30+00:00,processes,idle,51,dbms,08-2026,couchbase-802-vanilla-ee-xsmall-small-aws,1,ip-172-31-25-22,ranking,benchANT
2026-08-12 09:43:40+00:00,processes,idle,50,dbms,08-2026,couchbase-802-vanilla-ee-xsmall-small-aws,1,ip-172-31-25-22,ranking,benchANT
2026-08-12 09:43:50+00:00,processes,idle,51,dbms,08-2026,couchbase-802-vanilla-ee-xsmall-small-aws,1,ip-172-31-25-22,ranking,benchANT
2026-08-12 09:44:00+00:00,processes,idle,51,dbms,08-2026,couchbase-802-vanilla-ee-xsmall-small-aws,1,ip-172-31-25-22,ranking,benchANT
2026-08-12 09:44:10+00:00,processes,idle,51,dbms,08-2026,couchbase-802-vanilla-ee-xsmall-small-aws,1,ip-172-31-25-22,ranking,benchANT
2026-08-12 09:44:20+00:00,processes,idle,51,dbms,08-2026,couchbase-802-vanilla-ee-xsmall-small-aws,1,ip-172-31-25-22,ranking,benchANT
2026-08-12 09:44:30+00:00,processes,idle,51,dbms,08-2026,couchbase-802-vanilla-ee-xsmall-small-aws,1,ip-172-31-25-22,ranking,benchANT
2026-08-12 09:44:40+00:00,processes,idle,51,dbms,08-2026,couchbase-802-vanilla-ee-xsmall-small-aws,1,ip-172-31-25-22,ranking,benchANT
2026-08-12 09:44:50+00:00,processes,idle,51,dbms,08-2026,couchbase-802-vanilla-ee-xsmall-small-aws,1,ip-172-31-25-22,ranking,benchANT
2026-08-12 09:45:00+00:00,processes,idle,51,dbms,08-2026,couchbase-802-vanilla-ee-xsmall-small-aws,1,ip-172-31-25-22,ranking,benchANT
2026-08-12 09:45:10+00:00,processes,idle,51,dbms,08-2026,couchbase-802-vanilla-ee-xsmall-small-aws,1,ip-172-31-25-22,ranking,benchANT
2026-08-12 09:45:20+00:00,processes,idle,51,dbms,08-2026,couchbase-802-vanilla-ee-xsmall-small-aws,1,ip-172-31-25-22,ranking,benchANT
2026-08-12 09:45:30+00:00,processes,idle,51,dbms,08-2026,couchbase-802-vanilla-ee-xsmall-small-aws,1,ip-172-31-25-22,ranking,benchANT
2026-08-12 09:45:40+00:00,processes,idle,51,dbms,08-2026,couchbase-802-vanilla-ee-xsmall-small-aws,1,ip-172-31-25-22,ranking,benchANT
2026-08-12 09:45:50+00:00,processes,idle,51,dbms,08-2026,couchbase-802-vanilla-ee-xsmall-small-aws,1,ip-172-31-25-22,ranking,benchANT
2026-08-12 09:46:00+00:00,processes,idle,50,dbms,08-2026,couchbase-802-vanilla-ee-xsmall-small-aws,1,ip-172-31-25-22,ranking,benchANT
2026-08-12 09:46:10+00:00,processes,idle,51,dbms,08-2026,couchbase-802-vanilla-ee-xsmall-small-aws,1,ip-172-31-25-22,ranking,benchANT
2026-08-12 09:46:20+00:00,processes,idle,51,dbms,08-2026,couchbase-802-vanilla-ee-xsmall-small-aws,1,ip-172-31-25-22,ranking,benchANT
2026-08-12 09:46:30+00:00,processes,idle,51,dbms,08-2026,couchbase-802-vanilla-ee-xsmall-small-aws,1,ip-172-31-25-22,ranking,benchANT
2026-08-12 09:46:40+00:00,processes,idle,51,dbms,08-2026,couchbase-802-vanilla-ee-xsmall-small-aws,1,ip-172-31-25-22,ranking,benchANT
2026-08-12 09:46:50+00:00,processes,idle,51,dbms,08-2026,couchbase-802-vanilla-ee-xsmall-small-aws,1,ip-172-31-25-22,ranking,benchANT
2026-08-12 09:47:00+00:00,processes,idle,51,dbms,08-2026,couchbase-802-vanilla-ee-xsmall-small-aws,1,ip-172-31-25-22,ranking,benchANT
2026-08-12 09:47:10+00:00,processes,idle,51,dbms,08-2026,couchbase-802-vanilla-ee-xsmall-small-aws,1,ip-172-31-25-22,ranking,benchANT
2026-08-12 09:47:20+00:00,processes,idle,51,dbms,08-2026,couchbase-802-vanilla-ee-xsmall-small-aws,1,ip-172-31-25-22,ranking,benchANT
2026-08-12 09:47:30+00:00,processes,idle,51,dbms,08-2026,couchbase-802-vanilla-ee-xsmall-small-aws,1,ip-172-31-25-22,ranking,benchANT
2026-08-12 09:47:40+00:00,processes,idle,51,dbms,08-2026,couchbase-802-vanilla-ee-xsmall-small-aws,1,ip-172-31-25-22,ranking,benchANT
2026-08-12 09:47:50+00:00,processes,idle,51,dbms,08-2026,couchbase-802-vanilla-ee-xsmall-small-aws,1,ip-172-31-25-22,ranking,benchANT
2026-08-12 09:48:00+00:00,processes,idle,51,dbms,08-2026,couchbase-802-vanilla-ee-xsmall-small-aws,1,ip-172-31-25-22,ranking,benchANT
2026-08-12 09:48:10+00:00,processes,idle,51,dbms,08-2026,couchbase-802-vanilla-ee-xsmall-small-aws,1,ip-172-31-25-22,ranking,benchANT
2026-08-12 09:48:20+00:00,processes,idle,51,dbms,08-2026,couchbase-802-vanilla-ee-xsmall-small-aws,1,ip-172-31-25-22,ranking,benchANT
2026-08-12 09:48:30+00:00,processes,idle,50,dbms,08-2026,couchbase-802-vanilla-ee-xsmall-small-aws,1,ip-172-31-25-22,ranking,benchANT
2026-08-12 09:48:40+00:00,processes,idle,50,dbms,08-2026,couchbase-802-vanilla-ee-xsmall-small-aws,1,ip-172-31-25-22,ranking,benchANT
2026-08-12 09:48:50+00:00,processes,idle,50,dbms,08-2026,couchbase-802-vanilla-ee-xsmall-small-aws,1,ip-172-31-25-22,ranking,benchANT
2026-08-12 09:49:00+00:00,processes,idle,50,dbms,08-2026,couchbase-802-vanilla-ee-xsmall-small-aws,1,ip-172-31-25-22,ranking,benchANT
2026-08-12 09:49:10+00:00,processes,idle,50,dbms,08-2026,couchbase-802-vanilla-ee-xsmall-small-aws,1,ip-172-31-25-22,ranking,benchANT
2026-08-12 09:49:20+00:00,processes,idle,50,dbms,08-2026,couchbase-802-vanilla-ee-xsmall-small-aws,1,ip-172-31-25-22,ranking,benchANT
2026-08-12 09:49:30+00:00,processes,idle,50,dbms,08-2026,couchbase-802-vanilla-ee-xsmall-small-aws,1,ip-172-31-25-22,ranking,benchANT
2026-08-12 09:49:40+00:00,processes,idle,50,dbms,08-2026,couchbase-802-vanilla-ee-xsmall-small-aws,1,ip-172-31-25-22,ranking,benchANT
2026-08-12 09:49:50+00:00,processes,idle,50,dbms,08-2026,couchbase-802-vanilla-ee-xsmall-small-aws,1,ip-172-31-25-22,ranking,benchANT
2026-08-12 09:50:00+00:00,processes,idle,49,dbms,08-2026,couchbase-802-vanilla-ee-xsmall-small-aws,1,ip-172-31-25-22,ranking,benchANT
2026-08-12 09:50:10+00:00,processes,idle,50,dbms,08-2026,couchbase-802-vanilla-ee-xsmall-small-aws,1,ip-172-31-25-22,ranking,benchANT
2026-08-12 09:50:20+00:00,processes,idle,50,dbms,08-2026,couchbase-802-vanilla-ee-xsmall-small-aws,1,ip-172-31-25-22,ranking,benchANT
2026-08-12 09:50:30+00:00,processes,idle,52,dbms,08-2026,couchbase-802-vanilla-ee-xsmall-small-aws,1,ip-172-31-25-22,ranking,benchANT
2026-08-12 09:50:40+00:00,processes,idle,52,dbms,08-2026,couchbase-802-vanilla-ee-xsmall-small-aws,1,ip-172-31-25-22,ranking,benchANT
2026-08-12 09:50:50+00:00,processes,idle,52,dbms,08-2026,couchbase-802-vanilla-ee-xsmall-small-aws,1,ip-172-31-25-22,ranking,benchANT
2026-08-12 09:51:00+00:00,processes,idle,52,dbms,08-2026,couchbase-802-vanilla-ee-xsmall-small-aws,1,ip-172-31-25-22,ranking,benchANT
2026-08-12 09:51:10+00:00,processes,idle,52,dbms,08-2026,couchbase-802-vanilla-ee-xsmall-small-aws,1,ip-172-31-25-22,ranking,benchANT
2026-08-12 09:51:20+00:00,processes,idle,52,dbms,08-2026,couchbase-802-vanilla-ee-xsmall-small-aws,1,ip-172-31-25-22,ranking,benchANT
2026-08-12 09:51:30+00:00,processes,idle,52,dbms,08-2026,couchbase-802-vanilla-ee-xsmall-small-aws,1,ip-172-31-25-22,ranking,benchANT
2026-08-12 09:51:40+00:00,processes,idle,52,dbms,08-2026,couchbase-802-vanilla-ee-xsmall-small-aws,1,ip-172-31-25-22,ranking,benchANT
2026-08-12 09:51:50+00:00,processes,idle,52,dbms,08-2026,couchbase-802-vanilla-ee-xsmall-small-aws,1,ip-172-31-25-22,ranking,benchANT
2026-08-12 09:52:00+00:00,processes,idle,52,dbms,08-2026,couchbase-802-vanilla-ee-xsmall-small-aws,1,ip-172-31-25-22,ranking,benchANT
2026-08-12 09:52:10+00:00,processes,idle,52,dbms,08-2026,couchbase-802-vanilla-ee-xsmall-small-aws,1,ip-172-31-25-22,ranking,benchANT
2026-08-12 09:52:20+00:00,processes,idle,52,dbms,08-2026,couchbase-802-vanilla-ee-xsmall-small-aws,1,ip-172-31-25-22,ranking,benchANT
2026-08-12 09:52:30+00:00,processes,idle,52,dbms,08-2026,couchbase-802-vanilla-ee-xsmall-small-aws,1,ip-172-31-25-22,ranking,benchANT
2026-08-12 09:52:40+00:00,processes,idle,52,dbms,08-2026,couchbase-802-vanilla-ee-xsmall-small-aws,1,ip-172-31-25-22,ranking,benchANT
2026-08-12 09:52:50+00:00,processes,idle,51,dbms,08-2026,couchbase-802-vanilla-ee-xsmall-small-aws,1,ip-172-31-25-22,ranking,benchANT
2026-08-12 09:53:00+00:00,processes,idle,51,dbms,08-2026,couchbase-802-vanilla-ee-xsmall-small-aws,1,ip-172-31-25-22,ranking,benchANT
2026-08-12 09:53:10+00:00,processes,idle,51,dbms,08-2026,couchbase-802-vanilla-ee-xsmall-small-aws,1,ip-172-31-25-22,ranking,benchANT
2026-08-12 09:53:20+00:00,processes,idle,52,dbms,08-2026,couchbase-802-vanilla-ee-xsmall-small-aws,1,ip-172-31-25-22,ranking,benchANT
2026-08-12 09:53:30+00:00,processes,idle,52,dbms,08-2026,couchbase-802-vanilla-ee-xsmall-small-aws,1,ip-172-31-25-22,ranking,benchANT
2026-08-12 09:53:40+00:00,processes,idle,52,dbms,08-2026,couchbase-802-vanilla-ee-xsmall-small-aws,1,ip-172-31-25-22,ranking,benchANT
2026-08-12 09:53:50+00:00,processes,idle,52,dbms,08-2026,couchbase-802-vanilla-ee-xsmall-small-aws,1,ip-172-31-25-22,ranking,benchANT
2026-08-12 09:54:00+00:00,processes,idle,52,dbms,08-2026,couchbase-802-vanilla-ee-xsmall-small-aws,1,ip-172-31-25-22,ranking,benchANT
2026-08-12 09:54:10+00:00,processes,idle,52,dbms,08-2026,couchbase-802-vanilla-ee-xsmall-small-aws,1,ip-172-31-25-22,ranking,benchANT
2026-08-12 09:54:20+00:00,processes,idle,52,dbms,08-2026,couchbase-802-vanilla-ee-xsmall-small-aws,1,ip-172-31-25-22,ranking,benchANT
2026-08-12 09:54:30+00:00,processes,idle,52,dbms,08-2026,couchbase-802-vanilla-ee-xsmall-small-aws,1,ip-172-31-25-22,ranking,benchANT
2026-08-12 09:54:40+00:00,processes,idle,52,dbms,08-2026,couchbase-802-vanilla-ee-xsmall-small-aws,1,ip-172-31-25-22,ranking,benchANT
2026-08-12 09:54:50+00:00,processes,idle,52,dbms,08-2026,couchbase-802-vanilla-ee-xsmall-small-aws,1,ip-172-31-25-22,ranking,benchANT
2026-08-12 09:55:00+00:00,processes,idle,52,dbms,08-2026,couchbase-802-vanilla-ee-xsmall-small-aws,1,ip-172-31-25-22,ranking,benchANT
2026-08-12 09:55:10+00:00,processes,idle,52,dbms,08-2026,couchbase-802-vanilla-ee-xsmall-small-aws,1,ip-172-31-25-22,ranking,benchANT
2026-08-12 09:55:20+00:00,processes,idle,52,dbms,08-2026,couchbase-802-vanilla-ee-xsmall-small-aws,1,ip-172-31-25-22,ranking,benchANT
2026-08-12 09:55:30+00:00,processes,idle,51,dbms,08-2026,couchbase-802-vanilla-ee-xsmall-small-aws,1,ip-172-31-25-22,ranking,benchANT
2026-08-12 09:55:40+00:00,processes,idle,50,dbms,08-2026,couchbase-802-vanilla-ee-xsmall-small-aws,1,ip-172-31-25-22,ranking,benchANT
2026-08-12 09:55:50+00:00,processes,idle,50,dbms,08-2026,couchbase-802-vanilla-ee-xsmall-small-aws,1,ip-172-31-25-22,ranking,benchANT
2026-08-12 09:56:00+00:00,processes,idle,49,dbms,08-2026,couchbase-802-vanilla-ee-xsmall-small-aws,1,ip-172-31-25-22,ranking,benchANT
2026-08-12 09:56:10+00:00,processes,idle,50,dbms,08-2026,couchbase-802-vanilla-ee-xsmall-small-aws,1,ip-172-31-25-22,ranking,benchANT
2026-08-12 09:56:20+00:00,processes,idle,50,dbms,08-2026,couchbase-802-vanilla-ee-xsmall-small-aws,1,ip-172-31-25-22,ranking,benchANT
2026-08-12 09:56:30+00:00,processes,idle,50,dbms,08-2026,couchbase-802-vanilla-ee-xsmall-small-aws,1,ip-172-31-25-22,ranking,benchANT
2026-08-12 09:56:40+00:00,processes,idle,51,dbms,08-2026,couchbase-802-vanilla-ee-xsmall-small-aws,1,ip-172-31-25-22,ranking,benchANT
2026-08-12 09:56:50+00:00,processes,idle,51,dbms,08-2026,couchbase-802-vanilla-ee-xsmall-small-aws,1,ip-172-31-25-22,ranking,benchANT
2026-08-12 09:57:00+00:00,processes,idle,51,dbms,08-2026,couchbase-802-vanilla-ee-xsmall-small-aws,1,ip-172-31-25-22,ranking,benchANT
2026-08-12 09:57:10+00:00,processes,idle,51,dbms,08-2026,couchbase-802-vanilla-ee-xsmall-small-aws,1,ip-172-31-25-22,ranking,benchANT
2026-08-12 09:57:20+00:00,processes,idle,51,dbms,08-2026,couchbase-802-vanilla-ee-xsmall-small-aws,1,ip-172-31-25-22,ranking,benchANT
2026-08-12 09:57:30+00:00,processes,idle,51,dbms,08-2026,couchbase-802-vanilla-ee-xsmall-small-aws,1,ip-172-31-25-22,ranking,benchANT
2026-08-12 09:57:40+00:00,processes,idle,51,dbms,08-2026,couchbase-802-vanilla-ee-xsmall-small-aws,1,ip-172-31-25-22,ranking,benchANT
2026-08-12 09:57:50+00:00,processes,idle,51,dbms,08-2026,couchbase-802-vanilla-ee-xsmall-small-aws,1,ip-172-31-25-22,ranking,benchANT
2026-08-12 09:58:00+00:00,processes,idle,51,dbms,08-2026,couchbase-802-vanilla-ee-xsmall-small-aws,1,ip-172-31-25-22,ranking,benchANT
2026-08-12 09:58:10+00:00,processes,idle,51,dbms,08-2026,couchbase-802-vanilla-ee-xsmall-small-aws,1,ip-172-31-25-22,ranking,benchANT
2026-08-12 09:58:20+00:00,processes,idle,51,dbms,08-2026,couchbase-802-vanilla-ee-xsmall-small-aws,1,ip-172-31-25-22,ranking,benchANT
2026-08-12 09:58:30+00:00,processes,idle,51,dbms,08-2026,couchbase-802-vanilla-ee-xsmall-small-aws,1,ip-172-31-25-22,ranking,benchANT
2026-08-12 09:58:40+00:00,processes,idle,51,dbms,08-2026,couchbase-802-vanilla-ee-xsmall-small-aws,1,ip-172-31-25-22,ranking,benchANT
2026-08-12 09:58:50+00:00,processes,idle,51,dbms,08-2026,couchbase-802-vanilla-ee-xsmall-small-aws,1,ip-172-31-25-22,ranking,benchANT
2026-08-12 09:59:00+00:00,processes,idle,51,dbms,08-2026,couchbase-802-vanilla-ee-xsmall-small-aws,1,ip-172-31-25-22,ranking,benchANT
2026-08-12 09:59:10+00:00,processes,idle,51,dbms,08-2026,couchbase-802-vanilla-ee-xsmall-small-aws,1,ip-172-31-25-22,ranking,benchANT
2026-08-12 09:59:20+00:00,processes,idle,51,dbms,08-2026,couchbase-802-vanilla-ee-xsmall-small-aws,1,ip-172-31-25-22,ranking,benchANT
2026-08-12 09:59:30+00:00,processes,idle,51,dbms,08-2026,couchbase-802-vanilla-ee-xsmall-small-aws,1,ip-172-31-25-22,ranking,benchANT
2026-08-12 09:59:40+00:00,processes,idle,51,dbms,08-2026,couchbase-802-vanilla-ee-xsmall-small-aws,1,ip-172-31-25-22,ranking,benchANT
2026-08-12 09:59:50+00:00,processes,idle,51,dbms,08-2026,couchbase-802-vanilla-ee-xsmall-small-aws,1,ip-172-31-25-22,ranking,benchANT
2026-08-12 10:00:00+00:00,processes,idle,51,dbms,08-2026,couchbase-802-vanilla-ee-xsmall-small-aws,1,ip-172-31-25-22,ranking,benchANT
2026-08-12 10:00:10+00:00,processes,idle,50,dbms,08-2026,couchbase-802-vanilla-ee-xsmall-small-aws,1,ip-172-31-25-22,ranking,benchANT
2026-08-12 10:00:20+00:00,processes,idle,51,dbms,08-2026,couchbase-802-vanilla-ee-xsmall-small-aws,1,ip-172-31-25-22,ranking,benchANT
2026-08-12 10:00:30+00:00,processes,idle,52,dbms,08-2026,couchbase-802-vanilla-ee-xsmall-small-aws,1,ip-172-31-25-22,ranking,benchANT
2026-08-12 10:00:40+00:00,processes,idle,52,dbms,08-2026,couchbase-802-vanilla-ee-xsmall-small-aws,1,ip-172-31-25-22,ranking,benchANT
2026-08-12 10:00:50+00:00,processes,idle,52,dbms,08-2026,couchbase-802-vanilla-ee-xsmall-small-aws,1,ip-172-31-25-22,ranking,benchANT
2026-08-12 10:01:00+00:00,processes,idle,52,dbms,08-2026,couchbase-802-vanilla-ee-xsmall-small-aws,1,ip-172-31-25-22,ranking,benchANT
2026-08-12 10:01:10+00:00,processes,idle,52,dbms,08-2026,couchbase-802-vanilla-ee-xsmall-small-aws,1,ip-172-31-25-22,ranking,benchANT
2026-08-12 10:01:20+00:00,processes,idle,52,dbms,08-2026,couchbase-802-vanilla-ee-xsmall-small-aws,1,ip-172-31-25-22,ranking,benchANT
2026-08-12 10:01:30+00:00,processes,idle,52,dbms,08-2026,couchbase-802-vanilla-ee-xsmall-small-aws,1,ip-172-31-25-22,ranking,benchANT
2026-08-12 10:01:40+00:00,processes,idle,52,dbms,08-2026,couchbase-802-vanilla-ee-xsmall-small-aws,1,ip-172-31-25-22,ranking,benchANT
2026-08-12 10:01:50+00:00,processes,idle,53,dbms,08-2026,couchbase-802-vanilla-ee-xsmall-small-aws,1,ip-172-31-25-22,ranking,benchANT
2026-08-12 10:02:00+00:00,processes,idle,53,dbms,08-2026,couchbase-802-vanilla-ee-xsmall-small-aws,1,ip-172-31-25-22,ranking,benchANT
2026-08-12 10:02:10+00:00,processes,idle,53,dbms,08-2026,couchbase-802-vanilla-ee-xsmall-small-aws,1,ip-172-31-25-22,ranking,benchANT
2026-08-12 10:02:20+00:00,processes,idle,53,dbms,08-2026,couchbase-802-vanilla-ee-xsmall-small-aws,1,ip-172-31-25-22,ranking,benchANT
2026-08-12 10:02:30+00:00,processes,idle,53,dbms,08-2026,couchbase-802-vanilla-ee-xsmall-small-aws,1,ip-172-31-25-22,ranking,benchANT
2026-08-12 10:02:40+00:00,processes,idle,53,dbms,08-2026,couchbase-802-vanilla-ee-xsmall-small-aws,1,ip-172-31-25-22,ranking,benchANT
2026-08-12 10:02:50+00:00,processes,idle,53,dbms,08-2026,couchbase-802-vanilla-ee-xsmall-small-aws,1,ip-172-31-25-22,ranking,benchANT
2026-08-12 10:03:00+00:00,processes,idle,53,dbms,08-2026,couchbase-802-vanilla-ee-xsmall-small-aws,1,ip-172-31-25-22,ranking,benchANT
2026-08-12 10:03:10+00:00,processes,idle,53,dbms,08-2026,couchbase-802-vanilla-ee-xsmall-small-aws,1,ip-172-31-25-22,ranking,benchANT
2026-08-12 10:03:20+00:00,processes,idle,53,dbms,08-2026,couchbase-802-vanilla-ee-xsmall-small-aws,1,ip-172-31-25-22,ranking,benchANT
2026-08-12 10:03:30+00:00,processes,idle,53,dbms,08-2026,couchbase-802-vanilla-ee-xsmall-small-aws,1,ip-172-31-25-22,ranking,benchANT
2026-08-12 10:03:40+00:00,processes,idle,53,dbms,08-2026,couchbase-802-vanilla-ee-xsmall-small-aws,1,ip-172-31-25-22,ranking,benchANT
2026-08-12 10:03:50+00:00,processes,idle,53,dbms,08-2026,couchbase-802-vanilla-ee-xsmall-small-aws,1,ip-172-31-25-22,ranking,benchANT
2026-08-12 10:04:00+00:00,processes,idle,53,dbms,08-2026,couchbase-802-vanilla-ee-xsmall-small-aws,1,ip-172-31-25-22,ranking,benchANT
2026-08-12 10:04:10+00:00,processes,idle,52,dbms,08-2026,couchbase-802-vanilla-ee-xsmall-small-aws,1,ip-172-31-25-22,ranking,benchANT
2026-08-12 10:04:20+00:00,processes,idle,53,dbms,08-2026,couchbase-802-vanilla-ee-xsmall-small-aws,1,ip-172-31-25-22,ranking,benchANT
2026-08-12 10:04:30+00:00,processes,idle,53,dbms,08-2026,couchbase-802-vanilla-ee-xsmall-small-aws,1,ip-172-31-25-22,ranking,benchANT
2026-08-12 10:04:40+00:00,processes,idle,53,dbms,08-2026,couchbase-802-vanilla-ee-xsmall-small-aws,1,ip-172-31-25-22,ranking,benchANT
2026-08-12 10:04:50+00:00,processes,idle,53,dbms,08-2026,couchbase-802-vanilla-ee-xsmall-small-aws,1,ip-172-31-25-22,ranking,benchANT
2026-08-12 10:05:00+00:00,processes,idle,53,dbms,08-2026,couchbase-802-vanilla-ee-xsmall-small-aws,1,ip-172-31-25-22,ranking,benchANT
2026-08-12 10:05:10+00:00,processes,idle,53,dbms,08-2026,couchbase-802-vanilla-ee-xsmall-small-aws,1,ip-172-31-25-22,ranking,benchANT
2026-08-12 10:05:20+00:00,processes,idle,53,dbms,08-2026,couchbase-802-vanilla-ee-xsmall-small-aws,1,ip-172-31-25-22,ranking,benchANT
2026-08-12 10:05:30+00:00,processes,idle,53,dbms,08-2026,couchbase-802-vanilla-ee-xsmall-small-aws,1,ip-172-31-25-22,ranking,benchANT
2026-08-12 10:05:40+00:00,processes,idle,53,dbms,08-2026,couchbase-802-vanilla-ee-xsmall-small-aws,1,ip-172-31-25-22,ranking,benchANT
2026-08-12 09:35:50+00:00,processes,paging,0,dbms,08-2026,couchbase-802-vanilla-ee-xsmall-small-aws,1,ip-172-31-25-22,ranking,benchANT
2026-08-12 09:36:00+00:00,processes,paging,0,dbms,08-2026,couchbase-802-vanilla-ee-xsmall-small-aws,1,ip-172-31-25-22,ranking,benchANT
2026-08-12 09:36:10+00:00,processes,paging,0,dbms,08-2026,couchbase-802-vanilla-ee-xsmall-small-aws,1,ip-172-31-25-22,ranking,benchANT
2026-08-12 09:36:20+00:00,processes,paging,0,dbms,08-2026,couchbase-802-vanilla-ee-xsmall-small-aws,1,ip-172-31-25-22,ranking,benchANT
2026-08-12 09:36:30+00:00,processes,paging,0,dbms,08-2026,couchbase-802-vanilla-ee-xsmall-small-aws,1,ip-172-31-25-22,ranking,benchANT
2026-08-12 09:36:40+00:00,processes,paging,0,dbms,08-2026,couchbase-802-vanilla-ee-xsmall-small-aws,1,ip-172-31-25-22,ranking,benchANT
2026-08-12 09:36:50+00:00,processes,paging,0,dbms,08-2026,couchbase-802-vanilla-ee-xsmall-small-aws,1,ip-172-31-25-22,ranking,benchANT
2026-08-12 09:37:00+00:00,processes,paging,0,dbms,08-2026,couchbase-802-vanilla-ee-xsmall-small-aws,1,ip-172-31-25-22,ranking,benchANT
2026-08-12 09:37:10+00:00,processes,paging,0,dbms,08-2026,couchbase-802-vanilla-ee-xsmall-small-aws,1,ip-172-31-25-22,ranking,benchANT
2026-08-12 09:37:20+00:00,processes,paging,0,dbms,08-2026,couchbase-802-vanilla-ee-xsmall-small-aws,1,ip-172-31-25-22,ranking,benchANT
2026-08-12 09:37:30+00:00,processes,paging,0,dbms,08-2026,couchbase-802-vanilla-ee-xsmall-small-aws,1,ip-172-31-25-22,ranking,benchANT
2026-08-12 09:37:40+00:00,processes,paging,0,dbms,08-2026,couchbase-802-vanilla-ee-xsmall-small-aws,1,ip-172-31-25-22,ranking,benchANT
2026-08-12 09:37:50+00:00,processes,paging,0,dbms,08-2026,couchbase-802-vanilla-ee-xsmall-small-aws,1,ip-172-31-25-22,ranking,benchANT
2026-08-12 09:38:00+00:00,processes,paging,0,dbms,08-2026,couchbase-802-vanilla-ee-xsmall-small-aws,1,ip-172-31-25-22,ranking,benchANT
2026-08-12 09:38:10+00:00,processes,paging,0,dbms,08-2026,couchbase-802-vanilla-ee-xsmall-small-aws,1,ip-172-31-25-22,ranking,benchANT
2026-08-12 09:38:20+00:00,processes,paging,0,dbms,08-2026,couchbase-802-vanilla-ee-xsmall-small-aws,1,ip-172-31-25-22,ranking,benchANT
2026-08-12 09:38:30+00:00,processes,paging,0,dbms,08-2026,couchbase-802-vanilla-ee-xsmall-small-aws,1,ip-172-31-25-22,ranking,benchANT
2026-08-12 09:38:40+00:00,processes,paging,0,dbms,08-2026,couchbase-802-vanilla-ee-xsmall-small-aws,1,ip-172-31-25-22,ranking,benchANT
2026-08-12 09:38:50+00:00,processes,paging,0,dbms,08-2026,couchbase-802-vanilla-ee-xsmall-small-aws,1,ip-172-31-25-22,ranking,benchANT
2026-08-12 09:39:00+00:00,processes,paging,0,dbms,08-2026,couchbase-802-vanilla-ee-xsmall-small-aws,1,ip-172-31-25-22,ranking,benchANT
2026-08-12 09:39:10+00:00,processes,paging,0,dbms,08-2026,couchbase-802-vanilla-ee-xsmall-small-aws,1,ip-172-31-25-22,ranking,benchANT
2026-08-12 09:39:20+00:00,processes,paging,0,dbms,08-2026,couchbase-802-vanilla-ee-xsmall-small-aws,1,ip-172-31-25-22,ranking,benchANT
2026-08-12 09:39:30+00:00,processes,paging,0,dbms,08-2026,couchbase-802-vanilla-ee-xsmall-small-aws,1,ip-172-31-25-22,ranking,benchANT
2026-08-12 09:39:40+00:00,processes,paging,0,dbms,08-2026,couchbase-802-vanilla-ee-xsmall-small-aws,1,ip-172-31-25-22,ranking,benchANT
2026-08-12 09:39:50+00:00,processes,paging,0,dbms,08-2026,couchbase-802-vanilla-ee-xsmall-small-aws,1,ip-172-31-25-22,ranking,benchANT
2026-08-12 09:40:00+00:00,processes,paging,0,dbms,08-2026,couchbase-802-vanilla-ee-xsmall-small-aws,1,ip-172-31-25-22,ranking,benchANT
2026-08-12 09:40:10+00:00,processes,paging,0,dbms,08-2026,couchbase-802-vanilla-ee-xsmall-small-aws,1,ip-172-31-25-22,ranking,benchANT
2026-08-12 09:40:20+00:00,processes,paging,0,dbms,08-2026,couchbase-802-vanilla-ee-xsmall-small-aws,1,ip-172-31-25-22,ranking,benchANT
2026-08-12 09:40:30+00:00,processes,paging,0,dbms,08-2026,couchbase-802-vanilla-ee-xsmall-small-aws,1,ip-172-31-25-22,ranking,benchANT
2026-08-12 09:40:40+00:00,processes,paging,0,dbms,08-2026,couchbase-802-vanilla-ee-xsmall-small-aws,1,ip-172-31-25-22,ranking,benchANT
2026-08-12 09:40:50+00:00,processes,paging,0,dbms,08-2026,couchbase-802-vanilla-ee-xsmall-small-aws,1,ip-172-31-25-22,ranking,benchANT
2026-08-12 09:41:00+00:00,processes,paging,0,dbms,08-2026,couchbase-802-vanilla-ee-xsmall-small-aws,1,ip-172-31-25-22,ranking,benchANT
2026-08-12 09:41:10+00:00,processes,paging,0,dbms,08-2026,couchbase-802-vanilla-ee-xsmall-small-aws,1,ip-172-31-25-22,ranking,benchANT
2026-08-12 09:41:20+00:00,processes,paging,0,dbms,08-2026,couchbase-802-vanilla-ee-xsmall-small-aws,1,ip-172-31-25-22,ranking,benchANT
2026-08-12 09:41:30+00:00,processes,paging,0,dbms,08-2026,couchbase-802-vanilla-ee-xsmall-small-aws,1,ip-172-31-25-22,ranking,benchANT
2026-08-12 09:41:40+00:00,processes,paging,0,dbms,08-2026,couchbase-802-vanilla-ee-xsmall-small-aws,1,ip-172-31-25-22,ranking,benchANT
2026-08-12 09:41:50+00:00,processes,paging,0,dbms,08-2026,couchbase-802-vanilla-ee-xsmall-small-aws,1,ip-172-31-25-22,ranking,benchANT
2026-08-12 09:42:00+00:00,processes,paging,0,dbms,08-2026,couchbase-802-vanilla-ee-xsmall-small-aws,1,ip-172-31-25-22,ranking,benchANT
2026-08-12 09:42:10+00:00,processes,paging,0,dbms,08-2026,couchbase-802-vanilla-ee-xsmall-small-aws,1,ip-172-31-25-22,ranking,benchANT
2026-08-12 09:42:20+00:00,processes,paging,0,dbms,08-2026,couchbase-802-vanilla-ee-xsmall-small-aws,1,ip-172-31-25-22,ranking,benchANT
2026-08-12 09:42:30+00:00,processes,paging,0,dbms,08-2026,couchbase-802-vanilla-ee-xsmall-small-aws,1,ip-172-31-25-22,ranking,benchANT
2026-08-12 09:42:40+00:00,processes,paging,0,dbms,08-2026,couchbase-802-vanilla-ee-xsmall-small-aws,1,ip-172-31-25-22,ranking,benchANT
2026-08-12 09:42:50+00:00,processes,paging,0,dbms,08-2026,couchbase-802-vanilla-ee-xsmall-small-aws,1,ip-172-31-25-22,ranking,benchANT
2026-08-12 09:43:00+00:00,processes,paging,0,dbms,08-2026,couchbase-802-vanilla-ee-xsmall-small-aws,1,ip-172-31-25-22,ranking,benchANT
2026-08-12 09:43:10+00:00,processes,paging,0,dbms,08-2026,couchbase-802-vanilla-ee-xsmall-small-aws,1,ip-172-31-25-22,ranking,benchANT
2026-08-12 09:43:20+00:00,processes,paging,0,dbms,08-2026,couchbase-802-vanilla-ee-xsmall-small-aws,1,ip-172-31-25-22,ranking,benchANT
2026-08-12 09:43:30+00:00,processes,paging,0,dbms,08-2026,couchbase-802-vanilla-ee-xsmall-small-aws,1,ip-172-31-25-22,ranking,benchANT
2026-08-12 09:43:40+00:00,processes,paging,0,dbms,08-2026,couchbase-802-vanilla-ee-xsmall-small-aws,1,ip-172-31-25-22,ranking,benchANT
2026-08-12 09:43:50+00:00,processes,paging,0,dbms,08-2026,couchbase-802-vanilla-ee-xsmall-small-aws,1,ip-172-31-25-22,ranking,benchANT
2026-08-12 09:44:00+00:00,processes,paging,0,dbms,08-2026,couchbase-802-vanilla-ee-xsmall-small-aws,1,ip-172-31-25-22,ranking,benchANT
2026-08-12 09:44:10+00:00,processes,paging,0,dbms,08-2026,couchbase-802-vanilla-ee-xsmall-small-aws,1,ip-172-31-25-22,ranking,benchANT
2026-08-12 09:44:20+00:00,processes,paging,0,dbms,08-2026,couchbase-802-vanilla-ee-xsmall-small-aws,1,ip-172-31-25-22,ranking,benchANT
2026-08-12 09:44:30+00:00,processes,paging,0,dbms,08-2026,couchbase-802-vanilla-ee-xsmall-small-aws,1,ip-172-31-25-22,ranking,benchANT
2026-08-12 09:44:40+00:00,processes,paging,0,dbms,08-2026,couchbase-802-vanilla-ee-xsmall-small-aws,1,ip-172-31-25-22,ranking,benchANT
2026-08-12 09:44:50+00:00,processes,paging,0,dbms,08-2026,couchbase-802-vanilla-ee-xsmall-small-aws,1,ip-172-31-25-22,ranking,benchANT
2026-08-12 09:45:00+00:00,processes,paging,0,dbms,08-2026,couchbase-802-vanilla-ee-xsmall-small-aws,1,ip-172-31-25-22,ranking,benchANT
2026-08-12 09:45:10+00:00,processes,paging,0,dbms,08-2026,couchbase-802-vanilla-ee-xsmall-small-aws,1,ip-172-31-25-22,ranking,benchANT
2026-08-12 09:45:20+00:00,processes,paging,0,dbms,08-2026,couchbase-802-vanilla-ee-xsmall-small-aws,1,ip-172-31-25-22,ranking,benchANT
2026-08-12 09:45:30+00:00,processes,paging,0,dbms,08-2026,couchbase-802-vanilla-ee-xsmall-small-aws,1,ip-172-31-25-22,ranking,benchANT
2026-08-12 09:45:40+00:00,processes,paging,0,dbms,08-2026,couchbase-802-vanilla-ee-xsmall-small-aws,1,ip-172-31-25-22,ranking,benchANT
2026-08-12 09:45:50+00:00,processes,paging,0,dbms,08-2026,couchbase-802-vanilla-ee-xsmall-small-aws,1,ip-172-31-25-22,ranking,benchANT
2026-08-12 09:46:00+00:00,processes,paging,0,dbms,08-2026,couchbase-802-vanilla-ee-xsmall-small-aws,1,ip-172-31-25-22,ranking,benchANT
2026-08-12 09:46:10+00:00,processes,paging,0,dbms,08-2026,couchbase-802-vanilla-ee-xsmall-small-aws,1,ip-172-31-25-22,ranking,benchANT
2026-08-12 09:46:20+00:00,processes,paging,0,dbms,08-2026,couchbase-802-vanilla-ee-xsmall-small-aws,1,ip-172-31-25-22,ranking,benchANT
2026-08-12 09:46:30+00:00,processes,paging,0,dbms,08-2026,couchbase-802-vanilla-ee-xsmall-small-aws,1,ip-172-31-25-22,ranking,benchANT
2026-08-12 09:46:40+00:00,processes,paging,0,dbms,08-2026,couchbase-802-vanilla-ee-xsmall-small-aws,1,ip-172-31-25-22,ranking,benchANT
2026-08-12 09:46:50+00:00,processes,paging,0,dbms,08-2026,couchbase-802-vanilla-ee-xsmall-small-aws,1,ip-172-31-25-22,ranking,benchANT
2026-08-12 09:47:00+00:00,processes,paging,0,dbms,08-2026,couchbase-802-vanilla-ee-xsmall-small-aws,1,ip-172-31-25-22,ranking,benchANT
2026-08-12 09:47:10+00:00,processes,paging,0,dbms,08-2026,couchbase-802-vanilla-ee-xsmall-small-aws,1,ip-172-31-25-22,ranking,benchANT
2026-08-12 09:47:20+00:00,processes,paging,0,dbms,08-2026,couchbase-802-vanilla-ee-xsmall-small-aws,1,ip-172-31-25-22,ranking,benchANT
2026-08-12 09:47:30+00:00,processes,paging,0,dbms,08-2026,couchbase-802-vanilla-ee-xsmall-small-aws,1,ip-172-31-25-22,ranking,benchANT
2026-08-12 09:47:40+00:00,processes,paging,0,dbms,08-2026,couchbase-802-vanilla-ee-xsmall-small-aws,1,ip-172-31-25-22,ranking,benchANT
2026-08-12 09:47:50+00:00,processes,paging,0,dbms,08-2026,couchbase-802-vanilla-ee-xsmall-small-aws,1,ip-172-31-25-22,ranking,benchANT
2026-08-12 09:48:00+00:00,processes,paging,0,dbms,08-2026,couchbase-802-vanilla-ee-xsmall-small-aws,1,ip-172-31-25-22,ranking,benchANT
2026-08-12 09:48:10+00:00,processes,paging,0,dbms,08-2026,couchbase-802-vanilla-ee-xsmall-small-aws,1,ip-172-31-25-22,ranking,benchANT
2026-08-12 09:48:20+00:00,processes,paging,0,dbms,08-2026,couchbase-802-vanilla-ee-xsmall-small-aws,1,ip-172-31-25-22,ranking,benchANT
2026-08-12 09:48:30+00:00,processes,paging,0,dbms,08-2026,couchbase-802-vanilla-ee-xsmall-small-aws,1,ip-172-31-25-22,ranking,benchANT
2026-08-12 09:48:40+00:00,processes,paging,0,dbms,08-2026,couchbase-802-vanilla-ee-xsmall-small-aws,1,ip-172-31-25-22,ranking,benchANT
2026-08-12 09:48:50+00:00,processes,paging,0,dbms,08-2026,couchbase-802-vanilla-ee-xsmall-small-aws,1,ip-172-31-25-22,ranking,benchANT
2026-08-12 09:49:00+00:00,processes,paging,0,dbms,08-2026,couchbase-802-vanilla-ee-xsmall-small-aws,1,ip-172-31-25-22,ranking,benchANT
2026-08-12 09:49:10+00:00,processes,paging,0,dbms,08-2026,couchbase-802-vanilla-ee-xsmall-small-aws,1,ip-172-31-25-22,ranking,benchANT
2026-08-12 09:49:20+00:00,processes,paging,0,dbms,08-2026,couchbase-802-vanilla-ee-xsmall-small-aws,1,ip-172-31-25-22,ranking,benchANT
2026-08-12 09:49:30+00:00,processes,paging,0,dbms,08-2026,couchbase-802-vanilla-ee-xsmall-small-aws,1,ip-172-31-25-22,ranking,benchANT
2026-08-12 09:49:40+00:00,processes,paging,0,dbms,08-2026,couchbase-802-vanilla-ee-xsmall-small-aws,1,ip-172-31-25-22,ranking,benchANT
2026-08-12 09:49:50+00:00,processes,paging,0,dbms,08-2026,couchbase-802-vanilla-ee-xsmall-small-aws,1,ip-172-31-25-22,ranking,benchANT
2026-08-12 09:50:00+00:00,processes,paging,0,dbms,08-2026,couchbase-802-vanilla-ee-xsmall-small-aws,1,ip-172-31-25-22,ranking,benchANT
2026-08-12 09:50:10+00:00,processes,paging,0,dbms,08-2026,couchbase-802-vanilla-ee-xsmall-small-aws,1,ip-172-31-25-22,ranking,benchANT
2026-08-12 09:50:20+00:00,processes,paging,0,dbms,08-2026,couchbase-802-vanilla-ee-xsmall-small-aws,1,ip-172-31-25-22,ranking,benchANT
2026-08-12 09:50:30+00:00,processes,paging,0,dbms,08-2026,couchbase-802-vanilla-ee-xsmall-small-aws,1,ip-172-31-25-22,ranking,benchANT
2026-08-12 09:50:40+00:00,processes,paging,0,dbms,08-2026,couchbase-802-vanilla-ee-xsmall-small-aws,1,ip-172-31-25-22,ranking,benchANT
2026-08-12 09:50:50+00:00,processes,paging,0,dbms,08-2026,couchbase-802-vanilla-ee-xsmall-small-aws,1,ip-172-31-25-22,ranking,benchANT
2026-08-12 09:51:00+00:00,processes,paging,0,dbms,08-2026,couchbase-802-vanilla-ee-xsmall-small-aws,1,ip-172-31-25-22,ranking,benchANT
2026-08-12 09:51:10+00:00,processes,paging,0,dbms,08-2026,couchbase-802-vanilla-ee-xsmall-small-aws,1,ip-172-31-25-22,ranking,benchANT
2026-08-12 09:51:20+00:00,processes,paging,0,dbms,08-2026,couchbase-802-vanilla-ee-xsmall-small-aws,1,ip-172-31-25-22,ranking,benchANT
2026-08-12 09:51:30+00:00,processes,paging,0,dbms,08-2026,couchbase-802-vanilla-ee-xsmall-small-aws,1,ip-172-31-25-22,ranking,benchANT
2026-08-12 09:51:40+00:00,processes,paging,0,dbms,08-2026,couchbase-802-vanilla-ee-xsmall-small-aws,1,ip-172-31-25-22,ranking,benchANT
2026-08-12 09:51:50+00:00,processes,paging,0,dbms,08-2026,couchbase-802-vanilla-ee-xsmall-small-aws,1,ip-172-31-25-22,ranking,benchANT
2026-08-12 09:52:00+00:00,processes,paging,0,dbms,08-2026,couchbase-802-vanilla-ee-xsmall-small-aws,1,ip-172-31-25-22,ranking,benchANT
2026-08-12 09:52:10+00:00,processes,paging,0,dbms,08-2026,couchbase-802-vanilla-ee-xsmall-small-aws,1,ip-172-31-25-22,ranking,benchANT
2026-08-12 09:52:20+00:00,processes,paging,0,dbms,08-2026,couchbase-802-vanilla-ee-xsmall-small-aws,1,ip-172-31-25-22,ranking,benchANT
2026-08-12 09:52:30+00:00,processes,paging,0,dbms,08-2026,couchbase-802-vanilla-ee-xsmall-small-aws,1,ip-172-31-25-22,ranking,benchANT
2026-08-12 09:52:40+00:00,processes,paging,0,dbms,08-2026,couchbase-802-vanilla-ee-xsmall-small-aws,1,ip-172-31-25-22,ranking,benchANT
2026-08-12 09:52:50+00:00,processes,paging,0,dbms,08-2026,couchbase-802-vanilla-ee-xsmall-small-aws,1,ip-172-31-25-22,ranking,benchANT
2026-08-12 09:53:00+00:00,processes,paging,0,dbms,08-2026,couchbase-802-vanilla-ee-xsmall-small-aws,1,ip-172-31-25-22,ranking,benchANT
2026-08-12 09:53:10+00:00,processes,paging,0,dbms,08-2026,couchbase-802-vanilla-ee-xsmall-small-aws,1,ip-172-31-25-22,ranking,benchANT
2026-08-12 09:53:20+00:00,processes,paging,0,dbms,08-2026,couchbase-802-vanilla-ee-xsmall-small-aws,1,ip-172-31-25-22,ranking,benchANT
2026-08-12 09:53:30+00:00,processes,paging,0,dbms,08-2026,couchbase-802-vanilla-ee-xsmall-small-aws,1,ip-172-31-25-22,ranking,benchANT
2026-08-12 09:53:40+00:00,processes,paging,0,dbms,08-2026,couchbase-802-vanilla-ee-xsmall-small-aws,1,ip-172-31-25-22,ranking,benchANT
2026-08-12 09:53:50+00:00,processes,paging,0,dbms,08-2026,couchbase-802-vanilla-ee-xsmall-small-aws,1,ip-172-31-25-22,ranking,benchANT
2026-08-12 09:54:00+00:00,processes,paging,0,dbms,08-2026,couchbase-802-vanilla-ee-xsmall-small-aws,1,ip-172-31-25-22,ranking,benchANT
2026-08-12 09:54:10+00:00,processes,paging,0,dbms,08-2026,couchbase-802-vanilla-ee-xsmall-small-aws,1,ip-172-31-25-22,ranking,benchANT
2026-08-12 09:54:20+00:00,processes,paging,0,dbms,08-2026,couchbase-802-vanilla-ee-xsmall-small-aws,1,ip-172-31-25-22,ranking,benchANT
2026-08-12 09:54:30+00:00,processes,paging,0,dbms,08-2026,couchbase-802-vanilla-ee-xsmall-small-aws,1,ip-172-31-25-22,ranking,benchANT
2026-08-12 09:54:40+00:00,processes,paging,0,dbms,08-2026,couchbase-802-vanilla-ee-xsmall-small-aws,1,ip-172-31-25-22,ranking,benchANT
2026-08-12 09:54:50+00:00,processes,paging,0,dbms,08-2026,couchbase-802-vanilla-ee-xsmall-small-aws,1,ip-172-31-25-22,ranking,benchANT
2026-08-12 09:55:00+00:00,processes,paging,0,dbms,08-2026,couchbase-802-vanilla-ee-xsmall-small-aws,1,ip-172-31-25-22,ranking,benchANT
2026-08-12 09:55:10+00:00,processes,paging,0,dbms,08-2026,couchbase-802-vanilla-ee-xsmall-small-aws,1,ip-172-31-25-22,ranking,benchANT
2026-08-12 09:55:20+00:00,processes,paging,0,dbms,08-2026,couchbase-802-vanilla-ee-xsmall-small-aws,1,ip-172-31-25-22,ranking,benchANT
2026-08-12 09:55:30+00:00,processes,paging,0,dbms,08-2026,couchbase-802-vanilla-ee-xsmall-small-aws,1,ip-172-31-25-22,ranking,benchANT
2026-08-12 09:55:40+00:00,processes,paging,0,dbms,08-2026,couchbase-802-vanilla-ee-xsmall-small-aws,1,ip-172-31-25-22,ranking,benchANT
2026-08-12 09:55:50+00:00,processes,paging,0,dbms,08-2026,couchbase-802-vanilla-ee-xsmall-small-aws,1,ip-172-31-25-22,ranking,benchANT
2026-08-12 09:56:00+00:00,processes,paging,0,dbms,08-2026,couchbase-802-vanilla-ee-xsmall-small-aws,1,ip-172-31-25-22,ranking,benchANT
2026-08-12 09:56:10+00:00,processes,paging,0,dbms,08-2026,couchbase-802-vanilla-ee-xsmall-small-aws,1,ip-172-31-25-22,ranking,benchANT
2026-08-12 09:56:20+00:00,processes,paging,0,dbms,08-2026,couchbase-802-vanilla-ee-xsmall-small-aws,1,ip-172-31-25-22,ranking,benchANT
2026-08-12 09:56:30+00:00,processes,paging,0,dbms,08-2026,couchbase-802-vanilla-ee-xsmall-small-aws,1,ip-172-31-25-22,ranking,benchANT
2026-08-12 09:56:40+00:00,processes,paging,0,dbms,08-2026,couchbase-802-vanilla-ee-xsmall-small-aws,1,ip-172-31-25-22,ranking,benchANT
2026-08-12 09:56:50+00:00,processes,paging,0,dbms,08-2026,couchbase-802-vanilla-ee-xsmall-small-aws,1,ip-172-31-25-22,ranking,benchANT
2026-08-12 09:57:00+00:00,processes,paging,0,dbms,08-2026,couchbase-802-vanilla-ee-xsmall-small-aws,1,ip-172-31-25-22,ranking,benchANT
2026-08-12 09:57:10+00:00,processes,paging,0,dbms,08-2026,couchbase-802-vanilla-ee-xsmall-small-aws,1,ip-172-31-25-22,ranking,benchANT
2026-08-12 09:57:20+00:00,processes,paging,0,dbms,08-2026,couchbase-802-vanilla-ee-xsmall-small-aws,1,ip-172-31-25-22,ranking,benchANT
2026-08-12 09:57:30+00:00,processes,paging,0,dbms,08-2026,couchbase-802-vanilla-ee-xsmall-small-aws,1,ip-172-31-25-22,ranking,benchANT
2026-08-12 09:57:40+00:00,processes,paging,0,dbms,08-2026,couchbase-802-vanilla-ee-xsmall-small-aws,1,ip-172-31-25-22,ranking,benchANT
2026-08-12 09:57:50+00:00,processes,paging,0,dbms,08-2026,couchbase-802-vanilla-ee-xsmall-small-aws,1,ip-172-31-25-22,ranking,benchANT
2026-08-12 09:58:00+00:00,processes,paging,0,dbms,08-2026,couchbase-802-vanilla-ee-xsmall-small-aws,1,ip-172-31-25-22,ranking,benchANT
2026-08-12 09:58:10+00:00,processes,paging,0,dbms,08-2026,couchbase-802-vanilla-ee-xsmall-small-aws,1,ip-172-31-25-22,ranking,benchANT
2026-08-12 09:58:20+00:00,processes,paging,0,dbms,08-2026,couchbase-802-vanilla-ee-xsmall-small-aws,1,ip-172-31-25-22,ranking,benchANT
2026-08-12 09:58:30+00:00,processes,paging,0,dbms,08-2026,couchbase-802-vanilla-ee-xsmall-small-aws,1,ip-172-31-25-22,ranking,benchANT
2026-08-12 09:58:40+00:00,processes,paging,0,dbms,08-2026,couchbase-802-vanilla-ee-xsmall-small-aws,1,ip-172-31-25-22,ranking,benchANT
2026-08-12 09:58:50+00:00,processes,paging,0,dbms,08-2026,couchbase-802-vanilla-ee-xsmall-small-aws,1,ip-172-31-25-22,ranking,benchANT
2026-08-12 09:59:00+00:00,processes,paging,0,dbms,08-2026,couchbase-802-vanilla-ee-xsmall-small-aws,1,ip-172-31-25-22,ranking,benchANT
2026-08-12 09:59:10+00:00,processes,paging,0,dbms,08-2026,couchbase-802-vanilla-ee-xsmall-small-aws,1,ip-172-31-25-22,ranking,benchANT
2026-08-12 09:59:20+00:00,processes,paging,0,dbms,08-2026,couchbase-802-vanilla-ee-xsmall-small-aws,1,ip-172-31-25-22,ranking,benchANT
2026-08-12 09:59:30+00:00,processes,paging,0,dbms,08-2026,couchbase-802-vanilla-ee-xsmall-small-aws,1,ip-172-31-25-22,ranking,benchANT
2026-08-12 09:59:40+00:00,processes,paging,0,dbms,08-2026,couchbase-802-vanilla-ee-xsmall-small-aws,1,ip-172-31-25-22,ranking,benchANT
2026-08-12 09:59:50+00:00,processes,paging,0,dbms,08-2026,couchbase-802-vanilla-ee-xsmall-small-aws,1,ip-172-31-25-22,ranking,benchANT
2026-08-12 10:00:00+00:00,processes,paging,0,dbms,08-2026,couchbase-802-vanilla-ee-xsmall-small-aws,1,ip-172-31-25-22,ranking,benchANT
2026-08-12 10:00:10+00:00,processes,paging,0,dbms,08-2026,couchbase-802-vanilla-ee-xsmall-small-aws,1,ip-172-31-25-22,ranking,benchANT
2026-08-12 10:00:20+00:00,processes,paging,0,dbms,08-2026,couchbase-802-vanilla-ee-xsmall-small-aws,1,ip-172-31-25-22,ranking,benchANT
2026-08-12 10:00:30+00:00,processes,paging,0,dbms,08-2026,couchbase-802-vanilla-ee-xsmall-small-aws,1,ip-172-31-25-22,ranking,benchANT
2026-08-12 10:00:40+00:00,processes,paging,0,dbms,08-2026,couchbase-802-vanilla-ee-xsmall-small-aws,1,ip-172-31-25-22,ranking,benchANT
2026-08-12 10:00:50+00:00,processes,paging,0,dbms,08-2026,couchbase-802-vanilla-ee-xsmall-small-aws,1,ip-172-31-25-22,ranking,benchANT
2026-08-12 10:01:00+00:00,processes,paging,0,dbms,08-2026,couchbase-802-vanilla-ee-xsmall-small-aws,1,ip-172-31-25-22,ranking,benchANT
2026-08-12 10:01:10+00:00,processes,paging,0,dbms,08-2026,couchbase-802-vanilla-ee-xsmall-small-aws,1,ip-172-31-25-22,ranking,benchANT
2026-08-12 10:01:20+00:00,processes,paging,0,dbms,08-2026,couchbase-802-vanilla-ee-xsmall-small-aws,1,ip-172-31-25-22,ranking,benchANT
2026-08-12 10:01:30+00:00,processes,paging,0,dbms,08-2026,couchbase-802-vanilla-ee-xsmall-small-aws,1,ip-172-31-25-22,ranking,benchANT
2026-08-12 10:01:40+00:00,processes,paging,0,dbms,08-2026,couchbase-802-vanilla-ee-xsmall-small-aws,1,ip-172-31-25-22,ranking,benchANT
2026-08-12 10:01:50+00:00,processes,paging,0,dbms,08-2026,couchbase-802-vanilla-ee-xsmall-small-aws,1,ip-172-31-25-22,ranking,benchANT
2026-08-12 10:02:00+00:00,processes,paging,0,dbms,08-2026,couchbase-802-vanilla-ee-xsmall-small-aws,1,ip-172-31-25-22,ranking,benchANT
2026-08-12 10:02:10+00:00,processes,paging,0,dbms,08-2026,couchbase-802-vanilla-ee-xsmall-small-aws,1,ip-172-31-25-22,ranking,benchANT
2026-08-12 10:02:20+00:00,processes,paging,0,dbms,08-2026,couchbase-802-vanilla-ee-xsmall-small-aws,1,ip-172-31-25-22,ranking,benchANT
2026-08-12 10:02:30+00:00,processes,paging,0,dbms,08-2026,couchbase-802-vanilla-ee-xsmall-small-aws,1,ip-172-31-25-22,ranking,benchANT
2026-08-12 10:02:40+00:00,processes,paging,0,dbms,08-2026,couchbase-802-vanilla-ee-xsmall-small-aws,1,ip-172-31-25-22,ranking,benchANT
2026-08-12 10:02:50+00:00,processes,paging,0,dbms,08-2026,couchbase-802-vanilla-ee-xsmall-small-aws,1,ip-172-31-25-22,ranking,benchANT
2026-08-12 10:03:00+00:00,processes,paging,0,dbms,08-2026,couchbase-802-vanilla-ee-xsmall-small-aws,1,ip-172-31-25-22,ranking,benchANT
2026-08-12 10:03:10+00:00,processes,paging,0,dbms,08-2026,couchbase-802-vanilla-ee-xsmall-small-aws,1,ip-172-31-25-22,ranking,benchANT
2026-08-12 10:03:20+00:00,processes,paging,0,dbms,08-2026,couchbase-802-vanilla-ee-xsmall-small-aws,1,ip-172-31-25-22,ranking,benchANT
2026-08-12 10:03:30+00:00,processes,paging,0,dbms,08-2026,couchbase-802-vanilla-ee-xsmall-small-aws,1,ip-172-31-25-22,ranking,benchANT
2026-08-12 10:03:40+00:00,processes,paging,0,dbms,08-2026,couchbase-802-vanilla-ee-xsmall-small-aws,1,ip-172-31-25-22,ranking,benchANT
2026-08-12 10:03:50+00:00,processes,paging,0,dbms,08-2026,couchbase-802-vanilla-ee-xsmall-small-aws,1,ip-172-31-25-22,ranking,benchANT
2026-08-12 10:04:00+00:00,processes,paging,0,dbms,08-2026,couchbase-802-vanilla-ee-xsmall-small-aws,1,ip-172-31-25-22,ranking,benchANT
2026-08-12 10:04:10+00:00,processes,paging,0,dbms,08-2026,couchbase-802-vanilla-ee-xsmall-small-aws,1,ip-172-31-25-22,ranking,benchANT
2026-08-12 10:04:20+00:00,processes,paging,0,dbms,08-2026,couchbase-802-vanilla-ee-xsmall-small-aws,1,ip-172-31-25-22,ranking,benchANT
2026-08-12 10:04:30+00:00,processes,paging,0,dbms,08-2026,couchbase-802-vanilla-ee-xsmall-small-aws,1,ip-172-31-25-22,ranking,benchANT
2026-08-12 10:04:40+00:00,processes,paging,0,dbms,08-2026,couchbase-802-vanilla-ee-xsmall-small-aws,1,ip-172-31-25-22,ranking,benchANT
2026-08-12 10:04:50+00:00,processes,paging,0,dbms,08-2026,couchbase-802-vanilla-ee-xsmall-small-aws,1,ip-172-31-25-22,ranking,benchANT
2026-08-12 10:05:00+00:00,processes,paging,0,dbms,08-2026,couchbase-802-vanilla-ee-xsmall-small-aws,1,ip-172-31-25-22,ranking,benchANT
2026-08-12 10:05:10+00:00,processes,paging,0,dbms,08-2026,couchbase-802-vanilla-ee-xsmall-small-aws,1,ip-172-31-25-22,ranking,benchANT
2026-08-12 10:05:20+00:00,processes,paging,0,dbms,08-2026,couchbase-802-vanilla-ee-xsmall-small-aws,1,ip-172-31-25-22,ranking,benchANT
2026-08-12 10:05:30+00:00,processes,paging,0,dbms,08-2026,couchbase-802-vanilla-ee-xsmall-small-aws,1,ip-172-31-25-22,ranking,benchANT
2026-08-12 10:05:40+00:00,processes,paging,0,dbms,08-2026,couchbase-802-vanilla-ee-xsmall-small-aws,1,ip-172-31-25-22,ranking,benchANT
2026-08-12 09:35:50+00:00,processes,running,0,dbms,08-2026,couchbase-802-vanilla-ee-xsmall-small-aws,1,ip-172-31-25-22,ranking,benchANT
2026-08-12 09:36:00+00:00,processes,running,0,dbms,08-2026,couchbase-802-vanilla-ee-xsmall-small-aws,1,ip-172-31-25-22,ranking,benchANT
2026-08-12 09:36:10+00:00,processes,running,0,dbms,08-2026,couchbase-802-vanilla-ee-xsmall-small-aws,1,ip-172-31-25-22,ranking,benchANT
2026-08-12 09:36:20+00:00,processes,running,0,dbms,08-2026,couchbase-802-vanilla-ee-xsmall-small-aws,1,ip-172-31-25-22,ranking,benchANT
2026-08-12 09:36:30+00:00,processes,running,0,dbms,08-2026,couchbase-802-vanilla-ee-xsmall-small-aws,1,ip-172-31-25-22,ranking,benchANT
2026-08-12 09:36:40+00:00,processes,running,1,dbms,08-2026,couchbase-802-vanilla-ee-xsmall-small-aws,1,ip-172-31-25-22,ranking,benchANT
2026-08-12 09:36:50+00:00,processes,running,0,dbms,08-2026,couchbase-802-vanilla-ee-xsmall-small-aws,1,ip-172-31-25-22,ranking,benchANT
2026-08-12 09:37:00+00:00,processes,running,2,dbms,08-2026,couchbase-802-vanilla-ee-xsmall-small-aws,1,ip-172-31-25-22,ranking,benchANT
2026-08-12 09:37:10+00:00,processes,running,0,dbms,08-2026,couchbase-802-vanilla-ee-xsmall-small-aws,1,ip-172-31-25-22,ranking,benchANT
2026-08-12 09:37:20+00:00,processes,running,2,dbms,08-2026,couchbase-802-vanilla-ee-xsmall-small-aws,1,ip-172-31-25-22,ranking,benchANT
2026-08-12 09:37:30+00:00,processes,running,3,dbms,08-2026,couchbase-802-vanilla-ee-xsmall-small-aws,1,ip-172-31-25-22,ranking,benchANT
2026-08-12 09:37:40+00:00,processes,running,0,dbms,08-2026,couchbase-802-vanilla-ee-xsmall-small-aws,1,ip-172-31-25-22,ranking,benchANT
2026-08-12 09:37:50+00:00,processes,running,0,dbms,08-2026,couchbase-802-vanilla-ee-xsmall-small-aws,1,ip-172-31-25-22,ranking,benchANT
2026-08-12 09:38:00+00:00,processes,running,0,dbms,08-2026,couchbase-802-vanilla-ee-xsmall-small-aws,1,ip-172-31-25-22,ranking,benchANT
2026-08-12 09:38:10+00:00,processes,running,0,dbms,08-2026,couchbase-802-vanilla-ee-xsmall-small-aws,1,ip-172-31-25-22,ranking,benchANT
2026-08-12 09:38:20+00:00,processes,running,0,dbms,08-2026,couchbase-802-vanilla-ee-xsmall-small-aws,1,ip-172-31-25-22,ranking,benchANT
2026-08-12 09:38:30+00:00,processes,running,0,dbms,08-2026,couchbase-802-vanilla-ee-xsmall-small-aws,1,ip-172-31-25-22,ranking,benchANT
2026-08-12 09:38:40+00:00,processes,running,0,dbms,08-2026,couchbase-802-vanilla-ee-xsmall-small-aws,1,ip-172-31-25-22,ranking,benchANT
2026-08-12 09:38:50+00:00,processes,running,1,dbms,08-2026,couchbase-802-vanilla-ee-xsmall-small-aws,1,ip-172-31-25-22,ranking,benchANT
2026-08-12 09:39:00+00:00,processes,running,0,dbms,08-2026,couchbase-802-vanilla-ee-xsmall-small-aws,1,ip-172-31-25-22,ranking,benchANT
2026-08-12 09:39:10+00:00,processes,running,2,dbms,08-2026,couchbase-802-vanilla-ee-xsmall-small-aws,1,ip-172-31-25-22,ranking,benchANT
2026-08-12 09:39:20+00:00,processes,running,0,dbms,08-2026,couchbase-802-vanilla-ee-xsmall-small-aws,1,ip-172-31-25-22,ranking,benchANT
2026-08-12 09:39:30+00:00,processes,running,1,dbms,08-2026,couchbase-802-vanilla-ee-xsmall-small-aws,1,ip-172-31-25-22,ranking,benchANT
2026-08-12 09:39:40+00:00,processes,running,1,dbms,08-2026,couchbase-802-vanilla-ee-xsmall-small-aws,1,ip-172-31-25-22,ranking,benchANT
2026-08-12 09:39:50+00:00,processes,running,0,dbms,08-2026,couchbase-802-vanilla-ee-xsmall-small-aws,1,ip-172-31-25-22,ranking,benchANT
2026-08-12 09:40:00+00:00,processes,running,0,dbms,08-2026,couchbase-802-vanilla-ee-xsmall-small-aws,1,ip-172-31-25-22,ranking,benchANT
2026-08-12 09:40:10+00:00,processes,running,0,dbms,08-2026,couchbase-802-vanilla-ee-xsmall-small-aws,1,ip-172-31-25-22,ranking,benchANT
2026-08-12 09:40:20+00:00,processes,running,0,dbms,08-2026,couchbase-802-vanilla-ee-xsmall-small-aws,1,ip-172-31-25-22,ranking,benchANT
2026-08-12 09:40:30+00:00,processes,running,0,dbms,08-2026,couchbase-802-vanilla-ee-xsmall-small-aws,1,ip-172-31-25-22,ranking,benchANT
2026-08-12 09:40:40+00:00,processes,running,0,dbms,08-2026,couchbase-802-vanilla-ee-xsmall-small-aws,1,ip-172-31-25-22,ranking,benchANT
2026-08-12 09:40:50+00:00,processes,running,0,dbms,08-2026,couchbase-802-vanilla-ee-xsmall-small-aws,1,ip-172-31-25-22,ranking,benchANT
2026-08-12 09:41:00+00:00,processes,running,0,dbms,08-2026,couchbase-802-vanilla-ee-xsmall-small-aws,1,ip-172-31-25-22,ranking,benchANT
2026-08-12 09:41:10+00:00,processes,running,0,dbms,08-2026,couchbase-802-vanilla-ee-xsmall-small-aws,1,ip-172-31-25-22,ranking,benchANT
2026-08-12 09:41:20+00:00,processes,running,0,dbms,08-2026,couchbase-802-vanilla-ee-xsmall-small-aws,1,ip-172-31-25-22,ranking,benchANT
2026-08-12 09:41:30+00:00,processes,running,0,dbms,08-2026,couchbase-802-vanilla-ee-xsmall-small-aws,1,ip-172-31-25-22,ranking,benchANT
2026-08-12 09:41:40+00:00,processes,running,1,dbms,08-2026,couchbase-802-vanilla-ee-xsmall-small-aws,1,ip-172-31-25-22,ranking,benchANT
2026-08-12 09:41:50+00:00,processes,running,0,dbms,08-2026,couchbase-802-vanilla-ee-xsmall-small-aws,1,ip-172-31-25-22,ranking,benchANT
2026-08-12 09:42:00+00:00,processes,running,0,dbms,08-2026,couchbase-802-vanilla-ee-xsmall-small-aws,1,ip-172-31-25-22,ranking,benchANT
2026-08-12 09:42:10+00:00,processes,running,0,dbms,08-2026,couchbase-802-vanilla-ee-xsmall-small-aws,1,ip-172-31-25-22,ranking,benchANT
2026-08-12 09:42:20+00:00,processes,running,0,dbms,08-2026,couchbase-802-vanilla-ee-xsmall-small-aws,1,ip-172-31-25-22,ranking,benchANT
2026-08-12 09:42:30+00:00,processes,running,0,dbms,08-2026,couchbase-802-vanilla-ee-xsmall-small-aws,1,ip-172-31-25-22,ranking,benchANT
2026-08-12 09:42:40+00:00,processes,running,0,dbms,08-2026,couchbase-802-vanilla-ee-xsmall-small-aws,1,ip-172-31-25-22,ranking,benchANT
2026-08-12 09:42:50+00:00,processes,running,0,dbms,08-2026,couchbase-802-vanilla-ee-xsmall-small-aws,1,ip-172-31-25-22,ranking,benchANT
2026-08-12 09:43:00+00:00,processes,running,0,dbms,08-2026,couchbase-802-vanilla-ee-xsmall-small-aws,1,ip-172-31-25-22,ranking,benchANT
2026-08-12 09:43:10+00:00,processes,running,0,dbms,08-2026,couchbase-802-vanilla-ee-xsmall-small-aws,1,ip-172-31-25-22,ranking,benchANT
2026-08-12 09:43:20+00:00,processes,running,0,dbms,08-2026,couchbase-802-vanilla-ee-xsmall-small-aws,1,ip-172-31-25-22,ranking,benchANT
2026-08-12 09:43:30+00:00,processes,running,0,dbms,08-2026,couchbase-802-vanilla-ee-xsmall-small-aws,1,ip-172-31-25-22,ranking,benchANT
2026-08-12 09:43:40+00:00,processes,running,1,dbms,08-2026,couchbase-802-vanilla-ee-xsmall-small-aws,1,ip-172-31-25-22,ranking,benchANT
2026-08-12 09:43:50+00:00,processes,running,0,dbms,08-2026,couchbase-802-vanilla-ee-xsmall-small-aws,1,ip-172-31-25-22,ranking,benchANT
2026-08-12 09:44:00+00:00,processes,running,0,dbms,08-2026,couchbase-802-vanilla-ee-xsmall-small-aws,1,ip-172-31-25-22,ranking,benchANT
2026-08-12 09:44:10+00:00,processes,running,0,dbms,08-2026,couchbase-802-vanilla-ee-xsmall-small-aws,1,ip-172-31-25-22,ranking,benchANT
2026-08-12 09:44:20+00:00,processes,running,0,dbms,08-2026,couchbase-802-vanilla-ee-xsmall-small-aws,1,ip-172-31-25-22,ranking,benchANT
2026-08-12 09:44:30+00:00,processes,running,0,dbms,08-2026,couchbase-802-vanilla-ee-xsmall-small-aws,1,ip-172-31-25-22,ranking,benchANT
2026-08-12 09:44:40+00:00,processes,running,0,dbms,08-2026,couchbase-802-vanilla-ee-xsmall-small-aws,1,ip-172-31-25-22,ranking,benchANT
2026-08-12 09:44:50+00:00,processes,running,0,dbms,08-2026,couchbase-802-vanilla-ee-xsmall-small-aws,1,ip-172-31-25-22,ranking,benchANT
2026-08-12 09:45:00+00:00,processes,running,0,dbms,08-2026,couchbase-802-vanilla-ee-xsmall-small-aws,1,ip-172-31-25-22,ranking,benchANT
2026-08-12 09:45:10+00:00,processes,running,0,dbms,08-2026,couchbase-802-vanilla-ee-xsmall-small-aws,1,ip-172-31-25-22,ranking,benchANT
2026-08-12 09:45:20+00:00,processes,running,0,dbms,08-2026,couchbase-802-vanilla-ee-xsmall-small-aws,1,ip-172-31-25-22,ranking,benchANT
2026-08-12 09:45:30+00:00,processes,running,0,dbms,08-2026,couchbase-802-vanilla-ee-xsmall-small-aws,1,ip-172-31-25-22,ranking,benchANT
2026-08-12 09:45:40+00:00,processes,running,0,dbms,08-2026,couchbase-802-vanilla-ee-xsmall-small-aws,1,ip-172-31-25-22,ranking,benchANT
2026-08-12 09:45:50+00:00,processes,running,0,dbms,08-2026,couchbase-802-vanilla-ee-xsmall-small-aws,1,ip-172-31-25-22,ranking,benchANT
2026-08-12 09:46:00+00:00,processes,running,0,dbms,08-2026,couchbase-802-vanilla-ee-xsmall-small-aws,1,ip-172-31-25-22,ranking,benchANT
2026-08-12 09:46:10+00:00,processes,running,0,dbms,08-2026,couchbase-802-vanilla-ee-xsmall-small-aws,1,ip-172-31-25-22,ranking,benchANT
2026-08-12 09:46:20+00:00,processes,running,0,dbms,08-2026,couchbase-802-vanilla-ee-xsmall-small-aws,1,ip-172-31-25-22,ranking,benchANT
2026-08-12 09:46:30+00:00,processes,running,0,dbms,08-2026,couchbase-802-vanilla-ee-xsmall-small-aws,1,ip-172-31-25-22,ranking,benchANT
2026-08-12 09:46:40+00:00,processes,running,0,dbms,08-2026,couchbase-802-vanilla-ee-xsmall-small-aws,1,ip-172-31-25-22,ranking,benchANT
2026-08-12 09:46:50+00:00,processes,running,0,dbms,08-2026,couchbase-802-vanilla-ee-xsmall-small-aws,1,ip-172-31-25-22,ranking,benchANT
2026-08-12 09:47:00+00:00,processes,running,0,dbms,08-2026,couchbase-802-vanilla-ee-xsmall-small-aws,1,ip-172-31-25-22,ranking,benchANT
2026-08-12 09:47:10+00:00,processes,running,0,dbms,08-2026,couchbase-802-vanilla-ee-xsmall-small-aws,1,ip-172-31-25-22,ranking,benchANT
2026-08-12 09:47:20+00:00,processes,running,1,dbms,08-2026,couchbase-802-vanilla-ee-xsmall-small-aws,1,ip-172-31-25-22,ranking,benchANT
2026-08-12 09:47:30+00:00,processes,running,0,dbms,08-2026,couchbase-802-vanilla-ee-xsmall-small-aws,1,ip-172-31-25-22,ranking,benchANT
2026-08-12 09:47:40+00:00,processes,running,0,dbms,08-2026,couchbase-802-vanilla-ee-xsmall-small-aws,1,ip-172-31-25-22,ranking,benchANT
2026-08-12 09:47:50+00:00,processes,running,0,dbms,08-2026,couchbase-802-vanilla-ee-xsmall-small-aws,1,ip-172-31-25-22,ranking,benchANT
2026-08-12 09:48:00+00:00,processes,running,0,dbms,08-2026,couchbase-802-vanilla-ee-xsmall-small-aws,1,ip-172-31-25-22,ranking,benchANT
2026-08-12 09:48:10+00:00,processes,running,0,dbms,08-2026,couchbase-802-vanilla-ee-xsmall-small-aws,1,ip-172-31-25-22,ranking,benchANT
2026-08-12 09:48:20+00:00,processes,running,0,dbms,08-2026,couchbase-802-vanilla-ee-xsmall-small-aws,1,ip-172-31-25-22,ranking,benchANT
2026-08-12 09:48:30+00:00,processes,running,0,dbms,08-2026,couchbase-802-vanilla-ee-xsmall-small-aws,1,ip-172-31-25-22,ranking,benchANT
2026-08-12 09:48:40+00:00,processes,running,0,dbms,08-2026,couchbase-802-vanilla-ee-xsmall-small-aws,1,ip-172-31-25-22,ranking,benchANT
2026-08-12 09:48:50+00:00,processes,running,0,dbms,08-2026,couchbase-802-vanilla-ee-xsmall-small-aws,1,ip-172-31-25-22,ranking,benchANT
2026-08-12 09:49:00+00:00,processes,running,0,dbms,08-2026,couchbase-802-vanilla-ee-xsmall-small-aws,1,ip-172-31-25-22,ranking,benchANT
2026-08-12 09:49:10+00:00,processes,running,0,dbms,08-2026,couchbase-802-vanilla-ee-xsmall-small-aws,1,ip-172-31-25-22,ranking,benchANT
2026-08-12 09:49:20+00:00,processes,running,0,dbms,08-2026,couchbase-802-vanilla-ee-xsmall-small-aws,1,ip-172-31-25-22,ranking,benchANT
2026-08-12 09:49:30+00:00,processes,running,0,dbms,08-2026,couchbase-802-vanilla-ee-xsmall-small-aws,1,ip-172-31-25-22,ranking,benchANT
2026-08-12 09:49:40+00:00,processes,running,0,dbms,08-2026,couchbase-802-vanilla-ee-xsmall-small-aws,1,ip-172-31-25-22,ranking,benchANT
2026-08-12 09:49:50+00:00,processes,running,0,dbms,08-2026,couchbase-802-vanilla-ee-xsmall-small-aws,1,ip-172-31-25-22,ranking,benchANT
2026-08-12 09:50:00+00:00,processes,running,0,dbms,08-2026,couchbase-802-vanilla-ee-xsmall-small-aws,1,ip-172-31-25-22,ranking,benchANT
2026-08-12 09:50:10+00:00,processes,running,0,dbms,08-2026,couchbase-802-vanilla-ee-xsmall-small-aws,1,ip-172-31-25-22,ranking,benchANT
2026-08-12 09:50:20+00:00,processes,running,0,dbms,08-2026,couchbase-802-vanilla-ee-xsmall-small-aws,1,ip-172-31-25-22,ranking,benchANT
2026-08-12 09:50:30+00:00,processes,running,0,dbms,08-2026,couchbase-802-vanilla-ee-xsmall-small-aws,1,ip-172-31-25-22,ranking,benchANT
2026-08-12 09:50:40+00:00,processes,running,0,dbms,08-2026,couchbase-802-vanilla-ee-xsmall-small-aws,1,ip-172-31-25-22,ranking,benchANT
2026-08-12 09:50:50+00:00,processes,running,0,dbms,08-2026,couchbase-802-vanilla-ee-xsmall-small-aws,1,ip-172-31-25-22,ranking,benchANT
2026-08-12 09:51:00+00:00,processes,running,0,dbms,08-2026,couchbase-802-vanilla-ee-xsmall-small-aws,1,ip-172-31-25-22,ranking,benchANT
2026-08-12 09:51:10+00:00,processes,running,0,dbms,08-2026,couchbase-802-vanilla-ee-xsmall-small-aws,1,ip-172-31-25-22,ranking,benchANT
2026-08-12 09:51:20+00:00,processes,running,0,dbms,08-2026,couchbase-802-vanilla-ee-xsmall-small-aws,1,ip-172-31-25-22,ranking,benchANT
2026-08-12 09:51:30+00:00,processes,running,0,dbms,08-2026,couchbase-802-vanilla-ee-xsmall-small-aws,1,ip-172-31-25-22,ranking,benchANT
2026-08-12 09:51:40+00:00,processes,running,0,dbms,08-2026,couchbase-802-vanilla-ee-xsmall-small-aws,1,ip-172-31-25-22,ranking,benchANT
2026-08-12 09:51:50+00:00,processes,running,0,dbms,08-2026,couchbase-802-vanilla-ee-xsmall-small-aws,1,ip-172-31-25-22,ranking,benchANT
2026-08-12 09:52:00+00:00,processes,running,0,dbms,08-2026,couchbase-802-vanilla-ee-xsmall-small-aws,1,ip-172-31-25-22,ranking,benchANT
2026-08-12 09:52:10+00:00,processes,running,0,dbms,08-2026,couchbase-802-vanilla-ee-xsmall-small-aws,1,ip-172-31-25-22,ranking,benchANT
2026-08-12 09:52:20+00:00,processes,running,0,dbms,08-2026,couchbase-802-vanilla-ee-xsmall-small-aws,1,ip-172-31-25-22,ranking,benchANT
2026-08-12 09:52:30+00:00,processes,running,0,dbms,08-2026,couchbase-802-vanilla-ee-xsmall-small-aws,1,ip-172-31-25-22,ranking,benchANT
2026-08-12 09:52:40+00:00,processes,running,0,dbms,08-2026,couchbase-802-vanilla-ee-xsmall-small-aws,1,ip-172-31-25-22,ranking,benchANT
2026-08-12 09:52:50+00:00,processes,running,0,dbms,08-2026,couchbase-802-vanilla-ee-xsmall-small-aws,1,ip-172-31-25-22,ranking,benchANT
2026-08-12 09:53:00+00:00,processes,running,1,dbms,08-2026,couchbase-802-vanilla-ee-xsmall-small-aws,1,ip-172-31-25-22,ranking,benchANT
2026-08-12 09:53:10+00:00,processes,running,0,dbms,08-2026,couchbase-802-vanilla-ee-xsmall-small-aws,1,ip-172-31-25-22,ranking,benchANT
2026-08-12 09:53:20+00:00,processes,running,0,dbms,08-2026,couchbase-802-vanilla-ee-xsmall-small-aws,1,ip-172-31-25-22,ranking,benchANT
2026-08-12 09:53:30+00:00,processes,running,0,dbms,08-2026,couchbase-802-vanilla-ee-xsmall-small-aws,1,ip-172-31-25-22,ranking,benchANT
2026-08-12 09:53:40+00:00,processes,running,0,dbms,08-2026,couchbase-802-vanilla-ee-xsmall-small-aws,1,ip-172-31-25-22,ranking,benchANT
2026-08-12 09:53:50+00:00,processes,running,0,dbms,08-2026,couchbase-802-vanilla-ee-xsmall-small-aws,1,ip-172-31-25-22,ranking,benchANT
2026-08-12 09:54:00+00:00,processes,running,0,dbms,08-2026,couchbase-802-vanilla-ee-xsmall-small-aws,1,ip-172-31-25-22,ranking,benchANT
2026-08-12 09:54:10+00:00,processes,running,0,dbms,08-2026,couchbase-802-vanilla-ee-xsmall-small-aws,1,ip-172-31-25-22,ranking,benchANT
2026-08-12 09:54:20+00:00,processes,running,0,dbms,08-2026,couchbase-802-vanilla-ee-xsmall-small-aws,1,ip-172-31-25-22,ranking,benchANT
2026-08-12 09:54:30+00:00,processes,running,0,dbms,08-2026,couchbase-802-vanilla-ee-xsmall-small-aws,1,ip-172-31-25-22,ranking,benchANT
2026-08-12 09:54:40+00:00,processes,running,0,dbms,08-2026,couchbase-802-vanilla-ee-xsmall-small-aws,1,ip-172-31-25-22,ranking,benchANT
2026-08-12 09:54:50+00:00,processes,running,0,dbms,08-2026,couchbase-802-vanilla-ee-xsmall-small-aws,1,ip-172-31-25-22,ranking,benchANT
2026-08-12 09:55:00+00:00,processes,running,0,dbms,08-2026,couchbase-802-vanilla-ee-xsmall-small-aws,1,ip-172-31-25-22,ranking,benchANT
2026-08-12 09:55:10+00:00,processes,running,0,dbms,08-2026,couchbase-802-vanilla-ee-xsmall-small-aws,1,ip-172-31-25-22,ranking,benchANT
2026-08-12 09:55:20+00:00,processes,running,0,dbms,08-2026,couchbase-802-vanilla-ee-xsmall-small-aws,1,ip-172-31-25-22,ranking,benchANT
2026-08-12 09:55:30+00:00,processes,running,0,dbms,08-2026,couchbase-802-vanilla-ee-xsmall-small-aws,1,ip-172-31-25-22,ranking,benchANT
2026-08-12 09:55:40+00:00,processes,running,0,dbms,08-2026,couchbase-802-vanilla-ee-xsmall-small-aws,1,ip-172-31-25-22,ranking,benchANT
2026-08-12 09:55:50+00:00,processes,running,0,dbms,08-2026,couchbase-802-vanilla-ee-xsmall-small-aws,1,ip-172-31-25-22,ranking,benchANT
2026-08-12 09:56:00+00:00,processes,running,0,dbms,08-2026,couchbase-802-vanilla-ee-xsmall-small-aws,1,ip-172-31-25-22,ranking,benchANT
2026-08-12 09:56:10+00:00,processes,running,0,dbms,08-2026,couchbase-802-vanilla-ee-xsmall-small-aws,1,ip-172-31-25-22,ranking,benchANT
2026-08-12 09:56:20+00:00,processes,running,0,dbms,08-2026,couchbase-802-vanilla-ee-xsmall-small-aws,1,ip-172-31-25-22,ranking,benchANT
2026-08-12 09:56:30+00:00,processes,running,0,dbms,08-2026,couchbase-802-vanilla-ee-xsmall-small-aws,1,ip-172-31-25-22,ranking,benchANT
2026-08-12 09:56:40+00:00,processes,running,0,dbms,08-2026,couchbase-802-vanilla-ee-xsmall-small-aws,1,ip-172-31-25-22,ranking,benchANT
2026-08-12 09:56:50+00:00,processes,running,0,dbms,08-2026,couchbase-802-vanilla-ee-xsmall-small-aws,1,ip-172-31-25-22,ranking,benchANT
2026-08-12 09:57:00+00:00,processes,running,0,dbms,08-2026,couchbase-802-vanilla-ee-xsmall-small-aws,1,ip-172-31-25-22,ranking,benchANT
2026-08-12 09:57:10+00:00,processes,running,0,dbms,08-2026,couchbase-802-vanilla-ee-xsmall-small-aws,1,ip-172-31-25-22,ranking,benchANT
2026-08-12 09:57:20+00:00,processes,running,0,dbms,08-2026,couchbase-802-vanilla-ee-xsmall-small-aws,1,ip-172-31-25-22,ranking,benchANT
2026-08-12 09:57:30+00:00,processes,running,0,dbms,08-2026,couchbase-802-vanilla-ee-xsmall-small-aws,1,ip-172-31-25-22,ranking,benchANT
2026-08-12 09:57:40+00:00,processes,running,0,dbms,08-2026,couchbase-802-vanilla-ee-xsmall-small-aws,1,ip-172-31-25-22,ranking,benchANT
2026-08-12 09:57:50+00:00,processes,running,0,dbms,08-2026,couchbase-802-vanilla-ee-xsmall-small-aws,1,ip-172-31-25-22,ranking,benchANT
2026-08-12 09:58:00+00:00,processes,running,0,dbms,08-2026,couchbase-802-vanilla-ee-xsmall-small-aws,1,ip-172-31-25-22,ranking,benchANT
2026-08-12 09:58:10+00:00,processes,running,0,dbms,08-2026,couchbase-802-vanilla-ee-xsmall-small-aws,1,ip-172-31-25-22,ranking,benchANT
2026-08-12 09:58:20+00:00,processes,running,0,dbms,08-2026,couchbase-802-vanilla-ee-xsmall-small-aws,1,ip-172-31-25-22,ranking,benchANT
2026-08-12 09:58:30+00:00,processes,running,0,dbms,08-2026,couchbase-802-vanilla-ee-xsmall-small-aws,1,ip-172-31-25-22,ranking,benchANT
2026-08-12 09:58:40+00:00,processes,running,0,dbms,08-2026,couchbase-802-vanilla-ee-xsmall-small-aws,1,ip-172-31-25-22,ranking,benchANT
2026-08-12 09:58:50+00:00,processes,running,1,dbms,08-2026,couchbase-802-vanilla-ee-xsmall-small-aws,1,ip-172-31-25-22,ranking,benchANT
2026-08-12 09:59:00+00:00,processes,running,0,dbms,08-2026,couchbase-802-vanilla-ee-xsmall-small-aws,1,ip-172-31-25-22,ranking,benchANT
2026-08-12 09:59:10+00:00,processes,running,0,dbms,08-2026,couchbase-802-vanilla-ee-xsmall-small-aws,1,ip-172-31-25-22,ranking,benchANT
2026-08-12 09:59:20+00:00,processes,running,0,dbms,08-2026,couchbase-802-vanilla-ee-xsmall-small-aws,1,ip-172-31-25-22,ranking,benchANT
2026-08-12 09:59:30+00:00,processes,running,0,dbms,08-2026,couchbase-802-vanilla-ee-xsmall-small-aws,1,ip-172-31-25-22,ranking,benchANT
2026-08-12 09:59:40+00:00,processes,running,0,dbms,08-2026,couchbase-802-vanilla-ee-xsmall-small-aws,1,ip-172-31-25-22,ranking,benchANT
2026-08-12 09:59:50+00:00,processes,running,0,dbms,08-2026,couchbase-802-vanilla-ee-xsmall-small-aws,1,ip-172-31-25-22,ranking,benchANT
2026-08-12 10:00:00+00:00,processes,running,0,dbms,08-2026,couchbase-802-vanilla-ee-xsmall-small-aws,1,ip-172-31-25-22,ranking,benchANT
2026-08-12 10:00:10+00:00,processes,running,0,dbms,08-2026,couchbase-802-vanilla-ee-xsmall-small-aws,1,ip-172-31-25-22,ranking,benchANT
2026-08-12 10:00:20+00:00,processes,running,0,dbms,08-2026,couchbase-802-vanilla-ee-xsmall-small-aws,1,ip-172-31-25-22,ranking,benchANT
2026-08-12 10:00:30+00:00,processes,running,0,dbms,08-2026,couchbase-802-vanilla-ee-xsmall-small-aws,1,ip-172-31-25-22,ranking,benchANT
2026-08-12 10:00:40+00:00,processes,running,0,dbms,08-2026,couchbase-802-vanilla-ee-xsmall-small-aws,1,ip-172-31-25-22,ranking,benchANT
2026-08-12 10:00:50+00:00,processes,running,0,dbms,08-2026,couchbase-802-vanilla-ee-xsmall-small-aws,1,ip-172-31-25-22,ranking,benchANT
2026-08-12 10:01:00+00:00,processes,running,0,dbms,08-2026,couchbase-802-vanilla-ee-xsmall-small-aws,1,ip-172-31-25-22,ranking,benchANT
2026-08-12 10:01:10+00:00,processes,running,0,dbms,08-2026,couchbase-802-vanilla-ee-xsmall-small-aws,1,ip-172-31-25-22,ranking,benchANT
2026-08-12 10:01:20+00:00,processes,running,0,dbms,08-2026,couchbase-802-vanilla-ee-xsmall-small-aws,1,ip-172-31-25-22,ranking,benchANT
2026-08-12 10:01:30+00:00,processes,running,0,dbms,08-2026,couchbase-802-vanilla-ee-xsmall-small-aws,1,ip-172-31-25-22,ranking,benchANT
2026-08-12 10:01:40+00:00,processes,running,0,dbms,08-2026,couchbase-802-vanilla-ee-xsmall-small-aws,1,ip-172-31-25-22,ranking,benchANT
2026-08-12 10:01:50+00:00,processes,running,0,dbms,08-2026,couchbase-802-vanilla-ee-xsmall-small-aws,1,ip-172-31-25-22,ranking,benchANT
2026-08-12 10:02:00+00:00,processes,running,0,dbms,08-2026,couchbase-802-vanilla-ee-xsmall-small-aws,1,ip-172-31-25-22,ranking,benchANT
2026-08-12 10:02:10+00:00,processes,running,0,dbms,08-2026,couchbase-802-vanilla-ee-xsmall-small-aws,1,ip-172-31-25-22,ranking,benchANT
2026-08-12 10:02:20+00:00,processes,running,0,dbms,08-2026,couchbase-802-vanilla-ee-xsmall-small-aws,1,ip-172-31-25-22,ranking,benchANT
2026-08-12 10:02:30+00:00,processes,running,0,dbms,08-2026,couchbase-802-vanilla-ee-xsmall-small-aws,1,ip-172-31-25-22,ranking,benchANT
2026-08-12 10:02:40+00:00,processes,running,0,dbms,08-2026,couchbase-802-vanilla-ee-xsmall-small-aws,1,ip-172-31-25-22,ranking,benchANT
2026-08-12 10:02:50+00:00,processes,running,0,dbms,08-2026,couchbase-802-vanilla-ee-xsmall-small-aws,1,ip-172-31-25-22,ranking,benchANT
2026-08-12 10:03:00+00:00,processes,running,0,dbms,08-2026,couchbase-802-vanilla-ee-xsmall-small-aws,1,ip-172-31-25-22,ranking,benchANT
2026-08-12 10:03:10+00:00,processes,running,0,dbms,08-2026,couchbase-802-vanilla-ee-xsmall-small-aws,1,ip-172-31-25-22,ranking,benchANT
2026-08-12 10:03:20+00:00,processes,running,0,dbms,08-2026,couchbase-802-vanilla-ee-xsmall-small-aws,1,ip-172-31-25-22,ranking,benchANT
2026-08-12 10:03:30+00:00,processes,running,0,dbms,08-2026,couchbase-802-vanilla-ee-xsmall-small-aws,1,ip-172-31-25-22,ranking,benchANT
2026-08-12 10:03:40+00:00,processes,running,0,dbms,08-2026,couchbase-802-vanilla-ee-xsmall-small-aws,1,ip-172-31-25-22,ranking,benchANT
2026-08-12 10:03:50+00:00,processes,running,0,dbms,08-2026,couchbase-802-vanilla-ee-xsmall-small-aws,1,ip-172-31-25-22,ranking,benchANT
2026-08-12 10:04:00+00:00,processes,running,0,dbms,08-2026,couchbase-802-vanilla-ee-xsmall-small-aws,1,ip-172-31-25-22,ranking,benchANT
2026-08-12 10:04:10+00:00,processes,running,1,dbms,08-2026,couchbase-802-vanilla-ee-xsmall-small-aws,1,ip-172-31-25-22,ranking,benchANT
2026-08-12 10:04:20+00:00,processes,running,0,dbms,08-2026,couchbase-802-vanilla-ee-xsmall-small-aws,1,ip-172-31-25-22,ranking,benchANT
2026-08-12 10:04:30+00:00,processes,running,0,dbms,08-2026,couchbase-802-vanilla-ee-xsmall-small-aws,1,ip-172-31-25-22,ranking,benchANT
2026-08-12 10:04:40+00:00,processes,running,0,dbms,08-2026,couchbase-802-vanilla-ee-xsmall-small-aws,1,ip-172-31-25-22,ranking,benchANT
2026-08-12 10:04:50+00:00,processes,running,0,dbms,08-2026,couchbase-802-vanilla-ee-xsmall-small-aws,1,ip-172-31-25-22,ranking,benchANT
2026-08-12 10:05:00+00:00,processes,running,0,dbms,08-2026,couchbase-802-vanilla-ee-xsmall-small-aws,1,ip-172-31-25-22,ranking,benchANT
2026-08-12 10:05:10+00:00,processes,running,0,dbms,08-2026,couchbase-802-vanilla-ee-xsmall-small-aws,1,ip-172-31-25-22,ranking,benchANT
2026-08-12 10:05:20+00:00,processes,running,0,dbms,08-2026,couchbase-802-vanilla-ee-xsmall-small-aws,1,ip-172-31-25-22,ranking,benchANT
2026-08-12 10:05:30+00:00,processes,running,0,dbms,08-2026,couchbase-802-vanilla-ee-xsmall-small-aws,1,ip-172-31-25-22,ranking,benchANT
2026-08-12 10:05:40+00:00,processes,running,0,dbms,08-2026,couchbase-802-vanilla-ee-xsmall-small-aws,1,ip-172-31-25-22,ranking,benchANT
2026-08-12 09:35:50+00:00,processes,sleeping,83,dbms,08-2026,couchbase-802-vanilla-ee-xsmall-small-aws,1,ip-172-31-25-22,ranking,benchANT
2026-08-12 09:36:00+00:00,processes,sleeping,83,dbms,08-2026,couchbase-802-vanilla-ee-xsmall-small-aws,1,ip-172-31-25-22,ranking,benchANT
2026-08-12 09:36:10+00:00,processes,sleeping,83,dbms,08-2026,couchbase-802-vanilla-ee-xsmall-small-aws,1,ip-172-31-25-22,ranking,benchANT
2026-08-12 09:36:20+00:00,processes,sleeping,83,dbms,08-2026,couchbase-802-vanilla-ee-xsmall-small-aws,1,ip-172-31-25-22,ranking,benchANT
2026-08-12 09:36:30+00:00,processes,sleeping,83,dbms,08-2026,couchbase-802-vanilla-ee-xsmall-small-aws,1,ip-172-31-25-22,ranking,benchANT
2026-08-12 09:36:40+00:00,processes,sleeping,82,dbms,08-2026,couchbase-802-vanilla-ee-xsmall-small-aws,1,ip-172-31-25-22,ranking,benchANT
2026-08-12 09:36:50+00:00,processes,sleeping,82,dbms,08-2026,couchbase-802-vanilla-ee-xsmall-small-aws,1,ip-172-31-25-22,ranking,benchANT
2026-08-12 09:37:00+00:00,processes,sleeping,82,dbms,08-2026,couchbase-802-vanilla-ee-xsmall-small-aws,1,ip-172-31-25-22,ranking,benchANT
2026-08-12 09:37:10+00:00,processes,sleeping,83,dbms,08-2026,couchbase-802-vanilla-ee-xsmall-small-aws,1,ip-172-31-25-22,ranking,benchANT
2026-08-12 09:37:20+00:00,processes,sleeping,83,dbms,08-2026,couchbase-802-vanilla-ee-xsmall-small-aws,1,ip-172-31-25-22,ranking,benchANT
2026-08-12 09:37:30+00:00,processes,sleeping,82,dbms,08-2026,couchbase-802-vanilla-ee-xsmall-small-aws,1,ip-172-31-25-22,ranking,benchANT
2026-08-12 09:37:40+00:00,processes,sleeping,83,dbms,08-2026,couchbase-802-vanilla-ee-xsmall-small-aws,1,ip-172-31-25-22,ranking,benchANT
2026-08-12 09:37:50+00:00,processes,sleeping,82,dbms,08-2026,couchbase-802-vanilla-ee-xsmall-small-aws,1,ip-172-31-25-22,ranking,benchANT
2026-08-12 09:38:00+00:00,processes,sleeping,83,dbms,08-2026,couchbase-802-vanilla-ee-xsmall-small-aws,1,ip-172-31-25-22,ranking,benchANT
2026-08-12 09:38:10+00:00,processes,sleeping,82,dbms,08-2026,couchbase-802-vanilla-ee-xsmall-small-aws,1,ip-172-31-25-22,ranking,benchANT
2026-08-12 09:38:20+00:00,processes,sleeping,83,dbms,08-2026,couchbase-802-vanilla-ee-xsmall-small-aws,1,ip-172-31-25-22,ranking,benchANT
2026-08-12 09:38:30+00:00,processes,sleeping,83,dbms,08-2026,couchbase-802-vanilla-ee-xsmall-small-aws,1,ip-172-31-25-22,ranking,benchANT
2026-08-12 09:38:40+00:00,processes,sleeping,83,dbms,08-2026,couchbase-802-vanilla-ee-xsmall-small-aws,1,ip-172-31-25-22,ranking,benchANT
2026-08-12 09:38:50+00:00,processes,sleeping,82,dbms,08-2026,couchbase-802-vanilla-ee-xsmall-small-aws,1,ip-172-31-25-22,ranking,benchANT
2026-08-12 09:39:00+00:00,processes,sleeping,83,dbms,08-2026,couchbase-802-vanilla-ee-xsmall-small-aws,1,ip-172-31-25-22,ranking,benchANT
2026-08-12 09:39:10+00:00,processes,sleeping,82,dbms,08-2026,couchbase-802-vanilla-ee-xsmall-small-aws,1,ip-172-31-25-22,ranking,benchANT
2026-08-12 09:39:20+00:00,processes,sleeping,82,dbms,08-2026,couchbase-802-vanilla-ee-xsmall-small-aws,1,ip-172-31-25-22,ranking,benchANT
2026-08-12 09:39:30+00:00,processes,sleeping,83,dbms,08-2026,couchbase-802-vanilla-ee-xsmall-small-aws,1,ip-172-31-25-22,ranking,benchANT
2026-08-12 09:39:40+00:00,processes,sleeping,82,dbms,08-2026,couchbase-802-vanilla-ee-xsmall-small-aws,1,ip-172-31-25-22,ranking,benchANT
2026-08-12 09:39:50+00:00,processes,sleeping,83,dbms,08-2026,couchbase-802-vanilla-ee-xsmall-small-aws,1,ip-172-31-25-22,ranking,benchANT
2026-08-12 09:40:00+00:00,processes,sleeping,82,dbms,08-2026,couchbase-802-vanilla-ee-xsmall-small-aws,1,ip-172-31-25-22,ranking,benchANT
2026-08-12 09:40:10+00:00,processes,sleeping,83,dbms,08-2026,couchbase-802-vanilla-ee-xsmall-small-aws,1,ip-172-31-25-22,ranking,benchANT
2026-08-12 09:40:20+00:00,processes,sleeping,83,dbms,08-2026,couchbase-802-vanilla-ee-xsmall-small-aws,1,ip-172-31-25-22,ranking,benchANT
2026-08-12 09:40:30+00:00,processes,sleeping,82,dbms,08-2026,couchbase-802-vanilla-ee-xsmall-small-aws,1,ip-172-31-25-22,ranking,benchANT
2026-08-12 09:40:40+00:00,processes,sleeping,82,dbms,08-2026,couchbase-802-vanilla-ee-xsmall-small-aws,1,ip-172-31-25-22,ranking,benchANT
2026-08-12 09:40:50+00:00,processes,sleeping,83,dbms,08-2026,couchbase-802-vanilla-ee-xsmall-small-aws,1,ip-172-31-25-22,ranking,benchANT
2026-08-12 09:41:00+00:00,processes,sleeping,82,dbms,08-2026,couchbase-802-vanilla-ee-xsmall-small-aws,1,ip-172-31-25-22,ranking,benchANT
2026-08-12 09:41:10+00:00,processes,sleeping,82,dbms,08-2026,couchbase-802-vanilla-ee-xsmall-small-aws,1,ip-172-31-25-22,ranking,benchANT
2026-08-12 09:41:20+00:00,processes,sleeping,82,dbms,08-2026,couchbase-802-vanilla-ee-xsmall-small-aws,1,ip-172-31-25-22,ranking,benchANT
2026-08-12 09:41:30+00:00,processes,sleeping,83,dbms,08-2026,couchbase-802-vanilla-ee-xsmall-small-aws,1,ip-172-31-25-22,ranking,benchANT
2026-08-12 09:41:40+00:00,processes,sleeping,82,dbms,08-2026,couchbase-802-vanilla-ee-xsmall-small-aws,1,ip-172-31-25-22,ranking,benchANT
2026-08-12 09:41:50+00:00,processes,sleeping,83,dbms,08-2026,couchbase-802-vanilla-ee-xsmall-small-aws,1,ip-172-31-25-22,ranking,benchANT
2026-08-12 09:42:00+00:00,processes,sleeping,83,dbms,08-2026,couchbase-802-vanilla-ee-xsmall-small-aws,1,ip-172-31-25-22,ranking,benchANT
2026-08-12 09:42:10+00:00,processes,sleeping,82,dbms,08-2026,couchbase-802-vanilla-ee-xsmall-small-aws,1,ip-172-31-25-22,ranking,benchANT
2026-08-12 09:42:20+00:00,processes,sleeping,82,dbms,08-2026,couchbase-802-vanilla-ee-xsmall-small-aws,1,ip-172-31-25-22,ranking,benchANT
2026-08-12 09:42:30+00:00,processes,sleeping,83,dbms,08-2026,couchbase-802-vanilla-ee-xsmall-small-aws,1,ip-172-31-25-22,ranking,benchANT
2026-08-12 09:42:40+00:00,processes,sleeping,83,dbms,08-2026,couchbase-802-vanilla-ee-xsmall-small-aws,1,ip-172-31-25-22,ranking,benchANT
2026-08-12 09:42:50+00:00,processes,sleeping,83,dbms,08-2026,couchbase-802-vanilla-ee-xsmall-small-aws,1,ip-172-31-25-22,ranking,benchANT
2026-08-12 09:43:00+00:00,processes,sleeping,83,dbms,08-2026,couchbase-802-vanilla-ee-xsmall-small-aws,1,ip-172-31-25-22,ranking,benchANT
2026-08-12 09:43:10+00:00,processes,sleeping,83,dbms,08-2026,couchbase-802-vanilla-ee-xsmall-small-aws,1,ip-172-31-25-22,ranking,benchANT
2026-08-12 09:43:20+00:00,processes,sleeping,83,dbms,08-2026,couchbase-802-vanilla-ee-xsmall-small-aws,1,ip-172-31-25-22,ranking,benchANT
2026-08-12 09:43:30+00:00,processes,sleeping,83,dbms,08-2026,couchbase-802-vanilla-ee-xsmall-small-aws,1,ip-172-31-25-22,ranking,benchANT
2026-08-12 09:43:40+00:00,processes,sleeping,82,dbms,08-2026,couchbase-802-vanilla-ee-xsmall-small-aws,1,ip-172-31-25-22,ranking,benchANT
2026-08-12 09:43:50+00:00,processes,sleeping,83,dbms,08-2026,couchbase-802-vanilla-ee-xsmall-small-aws,1,ip-172-31-25-22,ranking,benchANT
2026-08-12 09:44:00+00:00,processes,sleeping,82,dbms,08-2026,couchbase-802-vanilla-ee-xsmall-small-aws,1,ip-172-31-25-22,ranking,benchANT
2026-08-12 09:44:10+00:00,processes,sleeping,83,dbms,08-2026,couchbase-802-vanilla-ee-xsmall-small-aws,1,ip-172-31-25-22,ranking,benchANT
2026-08-12 09:44:20+00:00,processes,sleeping,83,dbms,08-2026,couchbase-802-vanilla-ee-xsmall-small-aws,1,ip-172-31-25-22,ranking,benchANT
2026-08-12 09:44:30+00:00,processes,sleeping,83,dbms,08-2026,couchbase-802-vanilla-ee-xsmall-small-aws,1,ip-172-31-25-22,ranking,benchANT
2026-08-12 09:44:40+00:00,processes,sleeping,83,dbms,08-2026,couchbase-802-vanilla-ee-xsmall-small-aws,1,ip-172-31-25-22,ranking,benchANT
2026-08-12 09:44:50+00:00,processes,sleeping,82,dbms,08-2026,couchbase-802-vanilla-ee-xsmall-small-aws,1,ip-172-31-25-22,ranking,benchANT
2026-08-12 09:45:00+00:00,processes,sleeping,82,dbms,08-2026,couchbase-802-vanilla-ee-xsmall-small-aws,1,ip-172-31-25-22,ranking,benchANT
2026-08-12 09:45:10+00:00,processes,sleeping,83,dbms,08-2026,couchbase-802-vanilla-ee-xsmall-small-aws,1,ip-172-31-25-22,ranking,benchANT
2026-08-12 09:45:20+00:00,processes,sleeping,82,dbms,08-2026,couchbase-802-vanilla-ee-xsmall-small-aws,1,ip-172-31-25-22,ranking,benchANT
2026-08-12 09:45:30+00:00,processes,sleeping,82,dbms,08-2026,couchbase-802-vanilla-ee-xsmall-small-aws,1,ip-172-31-25-22,ranking,benchANT
2026-08-12 09:45:40+00:00,processes,sleeping,82,dbms,08-2026,couchbase-802-vanilla-ee-xsmall-small-aws,1,ip-172-31-25-22,ranking,benchANT
2026-08-12 09:45:50+00:00,processes,sleeping,82,dbms,08-2026,couchbase-802-vanilla-ee-xsmall-small-aws,1,ip-172-31-25-22,ranking,benchANT
2026-08-12 09:46:00+00:00,processes,sleeping,82,dbms,08-2026,couchbase-802-vanilla-ee-xsmall-small-aws,1,ip-172-31-25-22,ranking,benchANT
2026-08-12 09:46:10+00:00,processes,sleeping,83,dbms,08-2026,couchbase-802-vanilla-ee-xsmall-small-aws,1,ip-172-31-25-22,ranking,benchANT
2026-08-12 09:46:20+00:00,processes,sleeping,82,dbms,08-2026,couchbase-802-vanilla-ee-xsmall-small-aws,1,ip-172-31-25-22,ranking,benchANT
2026-08-12 09:46:30+00:00,processes,sleeping,82,dbms,08-2026,couchbase-802-vanilla-ee-xsmall-small-aws,1,ip-172-31-25-22,ranking,benchANT
2026-08-12 09:46:40+00:00,processes,sleeping,82,dbms,08-2026,couchbase-802-vanilla-ee-xsmall-small-aws,1,ip-172-31-25-22,ranking,benchANT
2026-08-12 09:46:50+00:00,processes,sleeping,82,dbms,08-2026,couchbase-802-vanilla-ee-xsmall-small-aws,1,ip-172-31-25-22,ranking,benchANT
2026-08-12 09:47:00+00:00,processes,sleeping,82,dbms,08-2026,couchbase-802-vanilla-ee-xsmall-small-aws,1,ip-172-31-25-22,ranking,benchANT
2026-08-12 09:47:10+00:00,processes,sleeping,82,dbms,08-2026,couchbase-802-vanilla-ee-xsmall-small-aws,1,ip-172-31-25-22,ranking,benchANT
2026-08-12 09:47:20+00:00,processes,sleeping,82,dbms,08-2026,couchbase-802-vanilla-ee-xsmall-small-aws,1,ip-172-31-25-22,ranking,benchANT
2026-08-12 09:47:30+00:00,processes,sleeping,83,dbms,08-2026,couchbase-802-vanilla-ee-xsmall-small-aws,1,ip-172-31-25-22,ranking,benchANT
2026-08-12 09:47:40+00:00,processes,sleeping,83,dbms,08-2026,couchbase-802-vanilla-ee-xsmall-small-aws,1,ip-172-31-25-22,ranking,benchANT
2026-08-12 09:47:50+00:00,processes,sleeping,82,dbms,08-2026,couchbase-802-vanilla-ee-xsmall-small-aws,1,ip-172-31-25-22,ranking,benchANT
2026-08-12 09:48:00+00:00,processes,sleeping,82,dbms,08-2026,couchbase-802-vanilla-ee-xsmall-small-aws,1,ip-172-31-25-22,ranking,benchANT
2026-08-12 09:48:10+00:00,processes,sleeping,82,dbms,08-2026,couchbase-802-vanilla-ee-xsmall-small-aws,1,ip-172-31-25-22,ranking,benchANT
2026-08-12 09:48:20+00:00,processes,sleeping,82,dbms,08-2026,couchbase-802-vanilla-ee-xsmall-small-aws,1,ip-172-31-25-22,ranking,benchANT
2026-08-12 09:48:30+00:00,processes,sleeping,82,dbms,08-2026,couchbase-802-vanilla-ee-xsmall-small-aws,1,ip-172-31-25-22,ranking,benchANT
2026-08-12 09:48:40+00:00,processes,sleeping,82,dbms,08-2026,couchbase-802-vanilla-ee-xsmall-small-aws,1,ip-172-31-25-22,ranking,benchANT
2026-08-12 09:48:50+00:00,processes,sleeping,82,dbms,08-2026,couchbase-802-vanilla-ee-xsmall-small-aws,1,ip-172-31-25-22,ranking,benchANT
2026-08-12 09:49:00+00:00,processes,sleeping,83,dbms,08-2026,couchbase-802-vanilla-ee-xsmall-small-aws,1,ip-172-31-25-22,ranking,benchANT
2026-08-12 09:49:10+00:00,processes,sleeping,82,dbms,08-2026,couchbase-802-vanilla-ee-xsmall-small-aws,1,ip-172-31-25-22,ranking,benchANT
2026-08-12 09:49:20+00:00,processes,sleeping,83,dbms,08-2026,couchbase-802-vanilla-ee-xsmall-small-aws,1,ip-172-31-25-22,ranking,benchANT
2026-08-12 09:49:30+00:00,processes,sleeping,82,dbms,08-2026,couchbase-802-vanilla-ee-xsmall-small-aws,1,ip-172-31-25-22,ranking,benchANT
2026-08-12 09:49:40+00:00,processes,sleeping,82,dbms,08-2026,couchbase-802-vanilla-ee-xsmall-small-aws,1,ip-172-31-25-22,ranking,benchANT
2026-08-12 09:49:50+00:00,processes,sleeping,83,dbms,08-2026,couchbase-802-vanilla-ee-xsmall-small-aws,1,ip-172-31-25-22,ranking,benchANT
2026-08-12 09:50:00+00:00,processes,sleeping,82,dbms,08-2026,couchbase-802-vanilla-ee-xsmall-small-aws,1,ip-172-31-25-22,ranking,benchANT
2026-08-12 09:50:10+00:00,processes,sleeping,82,dbms,08-2026,couchbase-802-vanilla-ee-xsmall-small-aws,1,ip-172-31-25-22,ranking,benchANT
2026-08-12 09:50:20+00:00,processes,sleeping,83,dbms,08-2026,couchbase-802-vanilla-ee-xsmall-small-aws,1,ip-172-31-25-22,ranking,benchANT
2026-08-12 09:50:30+00:00,processes,sleeping,82,dbms,08-2026,couchbase-802-vanilla-ee-xsmall-small-aws,1,ip-172-31-25-22,ranking,benchANT
2026-08-12 09:50:40+00:00,processes,sleeping,82,dbms,08-2026,couchbase-802-vanilla-ee-xsmall-small-aws,1,ip-172-31-25-22,ranking,benchANT
2026-08-12 09:50:50+00:00,processes,sleeping,82,dbms,08-2026,couchbase-802-vanilla-ee-xsmall-small-aws,1,ip-172-31-25-22,ranking,benchANT
2026-08-12 09:51:00+00:00,processes,sleeping,82,dbms,08-2026,couchbase-802-vanilla-ee-xsmall-small-aws,1,ip-172-31-25-22,ranking,benchANT
2026-08-12 09:51:10+00:00,processes,sleeping,82,dbms,08-2026,couchbase-802-vanilla-ee-xsmall-small-aws,1,ip-172-31-25-22,ranking,benchANT
2026-08-12 09:51:20+00:00,processes,sleeping,83,dbms,08-2026,couchbase-802-vanilla-ee-xsmall-small-aws,1,ip-172-31-25-22,ranking,benchANT
2026-08-12 09:51:30+00:00,processes,sleeping,82,dbms,08-2026,couchbase-802-vanilla-ee-xsmall-small-aws,1,ip-172-31-25-22,ranking,benchANT
2026-08-12 09:51:40+00:00,processes,sleeping,82,dbms,08-2026,couchbase-802-vanilla-ee-xsmall-small-aws,1,ip-172-31-25-22,ranking,benchANT
2026-08-12 09:51:50+00:00,processes,sleeping,82,dbms,08-2026,couchbase-802-vanilla-ee-xsmall-small-aws,1,ip-172-31-25-22,ranking,benchANT
2026-08-12 09:52:00+00:00,processes,sleeping,83,dbms,08-2026,couchbase-802-vanilla-ee-xsmall-small-aws,1,ip-172-31-25-22,ranking,benchANT
2026-08-12 09:52:10+00:00,processes,sleeping,82,dbms,08-2026,couchbase-802-vanilla-ee-xsmall-small-aws,1,ip-172-31-25-22,ranking,benchANT
2026-08-12 09:52:20+00:00,processes,sleeping,82,dbms,08-2026,couchbase-802-vanilla-ee-xsmall-small-aws,1,ip-172-31-25-22,ranking,benchANT
2026-08-12 09:52:30+00:00,processes,sleeping,82,dbms,08-2026,couchbase-802-vanilla-ee-xsmall-small-aws,1,ip-172-31-25-22,ranking,benchANT
2026-08-12 09:52:40+00:00,processes,sleeping,82,dbms,08-2026,couchbase-802-vanilla-ee-xsmall-small-aws,1,ip-172-31-25-22,ranking,benchANT
2026-08-12 09:52:50+00:00,processes,sleeping,82,dbms,08-2026,couchbase-802-vanilla-ee-xsmall-small-aws,1,ip-172-31-25-22,ranking,benchANT
2026-08-12 09:53:00+00:00,processes,sleeping,82,dbms,08-2026,couchbase-802-vanilla-ee-xsmall-small-aws,1,ip-172-31-25-22,ranking,benchANT
2026-08-12 09:53:10+00:00,processes,sleeping,82,dbms,08-2026,couchbase-802-vanilla-ee-xsmall-small-aws,1,ip-172-31-25-22,ranking,benchANT
2026-08-12 09:53:20+00:00,processes,sleeping,83,dbms,08-2026,couchbase-802-vanilla-ee-xsmall-small-aws,1,ip-172-31-25-22,ranking,benchANT
2026-08-12 09:53:30+00:00,processes,sleeping,82,dbms,08-2026,couchbase-802-vanilla-ee-xsmall-small-aws,1,ip-172-31-25-22,ranking,benchANT
2026-08-12 09:53:40+00:00,processes,sleeping,82,dbms,08-2026,couchbase-802-vanilla-ee-xsmall-small-aws,1,ip-172-31-25-22,ranking,benchANT
2026-08-12 09:53:50+00:00,processes,sleeping,82,dbms,08-2026,couchbase-802-vanilla-ee-xsmall-small-aws,1,ip-172-31-25-22,ranking,benchANT
2026-08-12 09:54:00+00:00,processes,sleeping,82,dbms,08-2026,couchbase-802-vanilla-ee-xsmall-small-aws,1,ip-172-31-25-22,ranking,benchANT
2026-08-12 09:54:10+00:00,processes,sleeping,82,dbms,08-2026,couchbase-802-vanilla-ee-xsmall-small-aws,1,ip-172-31-25-22,ranking,benchANT
2026-08-12 09:54:20+00:00,processes,sleeping,82,dbms,08-2026,couchbase-802-vanilla-ee-xsmall-small-aws,1,ip-172-31-25-22,ranking,benchANT
2026-08-12 09:54:30+00:00,processes,sleeping,82,dbms,08-2026,couchbase-802-vanilla-ee-xsmall-small-aws,1,ip-172-31-25-22,ranking,benchANT
2026-08-12 09:54:40+00:00,processes,sleeping,82,dbms,08-2026,couchbase-802-vanilla-ee-xsmall-small-aws,1,ip-172-31-25-22,ranking,benchANT
2026-08-12 09:54:50+00:00,processes,sleeping,82,dbms,08-2026,couchbase-802-vanilla-ee-xsmall-small-aws,1,ip-172-31-25-22,ranking,benchANT
2026-08-12 09:55:00+00:00,processes,sleeping,83,dbms,08-2026,couchbase-802-vanilla-ee-xsmall-small-aws,1,ip-172-31-25-22,ranking,benchANT
2026-08-12 09:55:10+00:00,processes,sleeping,82,dbms,08-2026,couchbase-802-vanilla-ee-xsmall-small-aws,1,ip-172-31-25-22,ranking,benchANT
2026-08-12 09:55:20+00:00,processes,sleeping,83,dbms,08-2026,couchbase-802-vanilla-ee-xsmall-small-aws,1,ip-172-31-25-22,ranking,benchANT
2026-08-12 09:55:30+00:00,processes,sleeping,82,dbms,08-2026,couchbase-802-vanilla-ee-xsmall-small-aws,1,ip-172-31-25-22,ranking,benchANT
2026-08-12 09:55:40+00:00,processes,sleeping,82,dbms,08-2026,couchbase-802-vanilla-ee-xsmall-small-aws,1,ip-172-31-25-22,ranking,benchANT
2026-08-12 09:55:50+00:00,processes,sleeping,82,dbms,08-2026,couchbase-802-vanilla-ee-xsmall-small-aws,1,ip-172-31-25-22,ranking,benchANT
2026-08-12 09:56:00+00:00,processes,sleeping,82,dbms,08-2026,couchbase-802-vanilla-ee-xsmall-small-aws,1,ip-172-31-25-22,ranking,benchANT
2026-08-12 09:56:10+00:00,processes,sleeping,82,dbms,08-2026,couchbase-802-vanilla-ee-xsmall-small-aws,1,ip-172-31-25-22,ranking,benchANT
2026-08-12 09:56:20+00:00,processes,sleeping,82,dbms,08-2026,couchbase-802-vanilla-ee-xsmall-small-aws,1,ip-172-31-25-22,ranking,benchANT
2026-08-12 09:56:30+00:00,processes,sleeping,82,dbms,08-2026,couchbase-802-vanilla-ee-xsmall-small-aws,1,ip-172-31-25-22,ranking,benchANT
2026-08-12 09:56:40+00:00,processes,sleeping,83,dbms,08-2026,couchbase-802-vanilla-ee-xsmall-small-aws,1,ip-172-31-25-22,ranking,benchANT
2026-08-12 09:56:50+00:00,processes,sleeping,83,dbms,08-2026,couchbase-802-vanilla-ee-xsmall-small-aws,1,ip-172-31-25-22,ranking,benchANT
2026-08-12 09:57:00+00:00,processes,sleeping,82,dbms,08-2026,couchbase-802-vanilla-ee-xsmall-small-aws,1,ip-172-31-25-22,ranking,benchANT
2026-08-12 09:57:10+00:00,processes,sleeping,82,dbms,08-2026,couchbase-802-vanilla-ee-xsmall-small-aws,1,ip-172-31-25-22,ranking,benchANT
2026-08-12 09:57:20+00:00,processes,sleeping,83,dbms,08-2026,couchbase-802-vanilla-ee-xsmall-small-aws,1,ip-172-31-25-22,ranking,benchANT
2026-08-12 09:57:30+00:00,processes,sleeping,82,dbms,08-2026,couchbase-802-vanilla-ee-xsmall-small-aws,1,ip-172-31-25-22,ranking,benchANT
2026-08-12 09:57:40+00:00,processes,sleeping,82,dbms,08-2026,couchbase-802-vanilla-ee-xsmall-small-aws,1,ip-172-31-25-22,ranking,benchANT
2026-08-12 09:57:50+00:00,processes,sleeping,82,dbms,08-2026,couchbase-802-vanilla-ee-xsmall-small-aws,1,ip-172-31-25-22,ranking,benchANT
2026-08-12 09:58:00+00:00,processes,sleeping,82,dbms,08-2026,couchbase-802-vanilla-ee-xsmall-small-aws,1,ip-172-31-25-22,ranking,benchANT
2026-08-12 09:58:10+00:00,processes,sleeping,82,dbms,08-2026,couchbase-802-vanilla-ee-xsmall-small-aws,1,ip-172-31-25-22,ranking,benchANT
2026-08-12 09:58:20+00:00,processes,sleeping,82,dbms,08-2026,couchbase-802-vanilla-ee-xsmall-small-aws,1,ip-172-31-25-22,ranking,benchANT
2026-08-12 09:58:30+00:00,processes,sleeping,82,dbms,08-2026,couchbase-802-vanilla-ee-xsmall-small-aws,1,ip-172-31-25-22,ranking,benchANT
2026-08-12 09:58:40+00:00,processes,sleeping,82,dbms,08-2026,couchbase-802-vanilla-ee-xsmall-small-aws,1,ip-172-31-25-22,ranking,benchANT
2026-08-12 09:58:50+00:00,processes,sleeping,82,dbms,08-2026,couchbase-802-vanilla-ee-xsmall-small-aws,1,ip-172-31-25-22,ranking,benchANT
2026-08-12 09:59:00+00:00,processes,sleeping,82,dbms,08-2026,couchbase-802-vanilla-ee-xsmall-small-aws,1,ip-172-31-25-22,ranking,benchANT
2026-08-12 09:59:10+00:00,processes,sleeping,83,dbms,08-2026,couchbase-802-vanilla-ee-xsmall-small-aws,1,ip-172-31-25-22,ranking,benchANT
2026-08-12 09:59:20+00:00,processes,sleeping,82,dbms,08-2026,couchbase-802-vanilla-ee-xsmall-small-aws,1,ip-172-31-25-22,ranking,benchANT
2026-08-12 09:59:30+00:00,processes,sleeping,82,dbms,08-2026,couchbase-802-vanilla-ee-xsmall-small-aws,1,ip-172-31-25-22,ranking,benchANT
2026-08-12 09:59:40+00:00,processes,sleeping,82,dbms,08-2026,couchbase-802-vanilla-ee-xsmall-small-aws,1,ip-172-31-25-22,ranking,benchANT
2026-08-12 09:59:50+00:00,processes,sleeping,82,dbms,08-2026,couchbase-802-vanilla-ee-xsmall-small-aws,1,ip-172-31-25-22,ranking,benchANT
2026-08-12 10:00:00+00:00,processes,sleeping,82,dbms,08-2026,couchbase-802-vanilla-ee-xsmall-small-aws,1,ip-172-31-25-22,ranking,benchANT
2026-08-12 10:00:10+00:00,processes,sleeping,82,dbms,08-2026,couchbase-802-vanilla-ee-xsmall-small-aws,1,ip-172-31-25-22,ranking,benchANT
2026-08-12 10:00:20+00:00,processes,sleeping,82,dbms,08-2026,couchbase-802-vanilla-ee-xsmall-small-aws,1,ip-172-31-25-22,ranking,benchANT
2026-08-12 10:00:30+00:00,processes,sleeping,82,dbms,08-2026,couchbase-802-vanilla-ee-xsmall-small-aws,1,ip-172-31-25-22,ranking,benchANT
2026-08-12 10:00:40+00:00,processes,sleeping,82,dbms,08-2026,couchbase-802-vanilla-ee-xsmall-small-aws,1,ip-172-31-25-22,ranking,benchANT
2026-08-12 10:00:50+00:00,processes,sleeping,82,dbms,08-2026,couchbase-802-vanilla-ee-xsmall-small-aws,1,ip-172-31-25-22,ranking,benchANT
2026-08-12 10:01:00+00:00,processes,sleeping,82,dbms,08-2026,couchbase-802-vanilla-ee-xsmall-small-aws,1,ip-172-31-25-22,ranking,benchANT
2026-08-12 10:01:10+00:00,processes,sleeping,82,dbms,08-2026,couchbase-802-vanilla-ee-xsmall-small-aws,1,ip-172-31-25-22,ranking,benchANT
2026-08-12 10:01:20+00:00,processes,sleeping,82,dbms,08-2026,couchbase-802-vanilla-ee-xsmall-small-aws,1,ip-172-31-25-22,ranking,benchANT
2026-08-12 10:01:30+00:00,processes,sleeping,82,dbms,08-2026,couchbase-802-vanilla-ee-xsmall-small-aws,1,ip-172-31-25-22,ranking,benchANT
2026-08-12 10:01:40+00:00,processes,sleeping,82,dbms,08-2026,couchbase-802-vanilla-ee-xsmall-small-aws,1,ip-172-31-25-22,ranking,benchANT
2026-08-12 10:01:50+00:00,processes,sleeping,82,dbms,08-2026,couchbase-802-vanilla-ee-xsmall-small-aws,1,ip-172-31-25-22,ranking,benchANT
2026-08-12 10:02:00+00:00,processes,sleeping,83,dbms,08-2026,couchbase-802-vanilla-ee-xsmall-small-aws,1,ip-172-31-25-22,ranking,benchANT
2026-08-12 10:02:10+00:00,processes,sleeping,83,dbms,08-2026,couchbase-802-vanilla-ee-xsmall-small-aws,1,ip-172-31-25-22,ranking,benchANT
2026-08-12 10:02:20+00:00,processes,sleeping,82,dbms,08-2026,couchbase-802-vanilla-ee-xsmall-small-aws,1,ip-172-31-25-22,ranking,benchANT
2026-08-12 10:02:30+00:00,processes,sleeping,82,dbms,08-2026,couchbase-802-vanilla-ee-xsmall-small-aws,1,ip-172-31-25-22,ranking,benchANT
2026-08-12 10:02:40+00:00,processes,sleeping,82,dbms,08-2026,couchbase-802-vanilla-ee-xsmall-small-aws,1,ip-172-31-25-22,ranking,benchANT
2026-08-12 10:02:50+00:00,processes,sleeping,82,dbms,08-2026,couchbase-802-vanilla-ee-xsmall-small-aws,1,ip-172-31-25-22,ranking,benchANT
2026-08-12 10:03:00+00:00,processes,sleeping,82,dbms,08-2026,couchbase-802-vanilla-ee-xsmall-small-aws,1,ip-172-31-25-22,ranking,benchANT
2026-08-12 10:03:10+00:00,processes,sleeping,82,dbms,08-2026,couchbase-802-vanilla-ee-xsmall-small-aws,1,ip-172-31-25-22,ranking,benchANT
2026-08-12 10:03:20+00:00,processes,sleeping,82,dbms,08-2026,couchbase-802-vanilla-ee-xsmall-small-aws,1,ip-172-31-25-22,ranking,benchANT
2026-08-12 10:03:30+00:00,processes,sleeping,83,dbms,08-2026,couchbase-802-vanilla-ee-xsmall-small-aws,1,ip-172-31-25-22,ranking,benchANT
2026-08-12 10:03:40+00:00,processes,sleeping,82,dbms,08-2026,couchbase-802-vanilla-ee-xsmall-small-aws,1,ip-172-31-25-22,ranking,benchANT
2026-08-12 10:03:50+00:00,processes,sleeping,83,dbms,08-2026,couchbase-802-vanilla-ee-xsmall-small-aws,1,ip-172-31-25-22,ranking,benchANT
2026-08-12 10:04:00+00:00,processes,sleeping,82,dbms,08-2026,couchbase-802-vanilla-ee-xsmall-small-aws,1,ip-172-31-25-22,ranking,benchANT
2026-08-12 10:04:10+00:00,processes,sleeping,82,dbms,08-2026,couchbase-802-vanilla-ee-xsmall-small-aws,1,ip-172-31-25-22,ranking,benchANT
2026-08-12 10:04:20+00:00,processes,sleeping,82,dbms,08-2026,couchbase-802-vanilla-ee-xsmall-small-aws,1,ip-172-31-25-22,ranking,benchANT
2026-08-12 10:04:30+00:00,processes,sleeping,82,dbms,08-2026,couchbase-802-vanilla-ee-xsmall-small-aws,1,ip-172-31-25-22,ranking,benchANT
2026-08-12 10:04:40+00:00,processes,sleeping,83,dbms,08-2026,couchbase-802-vanilla-ee-xsmall-small-aws,1,ip-172-31-25-22,ranking,benchANT
2026-08-12 10:04:50+00:00,processes,sleeping,82,dbms,08-2026,couchbase-802-vanilla-ee-xsmall-small-aws,1,ip-172-31-25-22,ranking,benchANT
2026-08-12 10:05:00+00:00,processes,sleeping,83,dbms,08-2026,couchbase-802-vanilla-ee-xsmall-small-aws,1,ip-172-31-25-22,ranking,benchANT
2026-08-12 10:05:10+00:00,processes,sleeping,83,dbms,08-2026,couchbase-802-vanilla-ee-xsmall-small-aws,1,ip-172-31-25-22,ranking,benchANT
2026-08-12 10:05:20+00:00,processes,sleeping,82,dbms,08-2026,couchbase-802-vanilla-ee-xsmall-small-aws,1,ip-172-31-25-22,ranking,benchANT
2026-08-12 10:05:30+00:00,processes,sleeping,82,dbms,08-2026,couchbase-802-vanilla-ee-xsmall-small-aws,1,ip-172-31-25-22,ranking,benchANT
2026-08-12 10:05:40+00:00,processes,sleeping,83,dbms,08-2026,couchbase-802-vanilla-ee-xsmall-small-aws,1,ip-172-31-25-22,ranking,benchANT
2026-08-12 09:35:50+00:00,processes,stopped,0,dbms,08-2026,couchbase-802-vanilla-ee-xsmall-small-aws,1,ip-172-31-25-22,ranking,benchANT
2026-08-12 09:36:00+00:00,processes,stopped,0,dbms,08-2026,couchbase-802-vanilla-ee-xsmall-small-aws,1,ip-172-31-25-22,ranking,benchANT
2026-08-12 09:36:10+00:00,processes,stopped,0,dbms,08-2026,couchbase-802-vanilla-ee-xsmall-small-aws,1,ip-172-31-25-22,ranking,benchANT
2026-08-12 09:36:20+00:00,processes,stopped,0,dbms,08-2026,couchbase-802-vanilla-ee-xsmall-small-aws,1,ip-172-31-25-22,ranking,benchANT
2026-08-12 09:36:30+00:00,processes,stopped,0,dbms,08-2026,couchbase-802-vanilla-ee-xsmall-small-aws,1,ip-172-31-25-22,ranking,benchANT
2026-08-12 09:36:40+00:00,processes,stopped,0,dbms,08-2026,couchbase-802-vanilla-ee-xsmall-small-aws,1,ip-172-31-25-22,ranking,benchANT
2026-08-12 09:36:50+00:00,processes,stopped,0,dbms,08-2026,couchbase-802-vanilla-ee-xsmall-small-aws,1,ip-172-31-25-22,ranking,benchANT
2026-08-12 09:37:00+00:00,processes,stopped,0,dbms,08-2026,couchbase-802-vanilla-ee-xsmall-small-aws,1,ip-172-31-25-22,ranking,benchANT
2026-08-12 09:37:10+00:00,processes,stopped,0,dbms,08-2026,couchbase-802-vanilla-ee-xsmall-small-aws,1,ip-172-31-25-22,ranking,benchANT
2026-08-12 09:37:20+00:00,processes,stopped,0,dbms,08-2026,couchbase-802-vanilla-ee-xsmall-small-aws,1,ip-172-31-25-22,ranking,benchANT
2026-08-12 09:37:30+00:00,processes,stopped,0,dbms,08-2026,couchbase-802-vanilla-ee-xsmall-small-aws,1,ip-172-31-25-22,ranking,benchANT
2026-08-12 09:37:40+00:00,processes,stopped,0,dbms,08-2026,couchbase-802-vanilla-ee-xsmall-small-aws,1,ip-172-31-25-22,ranking,benchANT
2026-08-12 09:37:50+00:00,processes,stopped,0,dbms,08-2026,couchbase-802-vanilla-ee-xsmall-small-aws,1,ip-172-31-25-22,ranking,benchANT
2026-08-12 09:38:00+00:00,processes,stopped,0,dbms,08-2026,couchbase-802-vanilla-ee-xsmall-small-aws,1,ip-172-31-25-22,ranking,benchANT
2026-08-12 09:38:10+00:00,processes,stopped,0,dbms,08-2026,couchbase-802-vanilla-ee-xsmall-small-aws,1,ip-172-31-25-22,ranking,benchANT
2026-08-12 09:38:20+00:00,processes,stopped,0,dbms,08-2026,couchbase-802-vanilla-ee-xsmall-small-aws,1,ip-172-31-25-22,ranking,benchANT
2026-08-12 09:38:30+00:00,processes,stopped,0,dbms,08-2026,couchbase-802-vanilla-ee-xsmall-small-aws,1,ip-172-31-25-22,ranking,benchANT
2026-08-12 09:38:40+00:00,processes,stopped,0,dbms,08-2026,couchbase-802-vanilla-ee-xsmall-small-aws,1,ip-172-31-25-22,ranking,benchANT
2026-08-12 09:38:50+00:00,processes,stopped,0,dbms,08-2026,couchbase-802-vanilla-ee-xsmall-small-aws,1,ip-172-31-25-22,ranking,benchANT
2026-08-12 09:39:00+00:00,processes,stopped,0,dbms,08-2026,couchbase-802-vanilla-ee-xsmall-small-aws,1,ip-172-31-25-22,ranking,benchANT
2026-08-12 09:39:10+00:00,processes,stopped,0,dbms,08-2026,couchbase-802-vanilla-ee-xsmall-small-aws,1,ip-172-31-25-22,ranking,benchANT
2026-08-12 09:39:20+00:00,processes,stopped,0,dbms,08-2026,couchbase-802-vanilla-ee-xsmall-small-aws,1,ip-172-31-25-22,ranking,benchANT
2026-08-12 09:39:30+00:00,processes,stopped,0,dbms,08-2026,couchbase-802-vanilla-ee-xsmall-small-aws,1,ip-172-31-25-22,ranking,benchANT
2026-08-12 09:39:40+00:00,processes,stopped,0,dbms,08-2026,couchbase-802-vanilla-ee-xsmall-small-aws,1,ip-172-31-25-22,ranking,benchANT
2026-08-12 09:39:50+00:00,processes,stopped,0,dbms,08-2026,couchbase-802-vanilla-ee-xsmall-small-aws,1,ip-172-31-25-22,ranking,benchANT
2026-08-12 09:40:00+00:00,processes,stopped,0,dbms,08-2026,couchbase-802-vanilla-ee-xsmall-small-aws,1,ip-172-31-25-22,ranking,benchANT
2026-08-12 09:40:10+00:00,processes,stopped,0,dbms,08-2026,couchbase-802-vanilla-ee-xsmall-small-aws,1,ip-172-31-25-22,ranking,benchANT
2026-08-12 09:40:20+00:00,processes,stopped,0,dbms,08-2026,couchbase-802-vanilla-ee-xsmall-small-aws,1,ip-172-31-25-22,ranking,benchANT
2026-08-12 09:40:30+00:00,processes,stopped,0,dbms,08-2026,couchbase-802-vanilla-ee-xsmall-small-aws,1,ip-172-31-25-22,ranking,benchANT
2026-08-12 09:40:40+00:00,processes,stopped,0,dbms,08-2026,couchbase-802-vanilla-ee-xsmall-small-aws,1,ip-172-31-25-22,ranking,benchANT
2026-08-12 09:40:50+00:00,processes,stopped,0,dbms,08-2026,couchbase-802-vanilla-ee-xsmall-small-aws,1,ip-172-31-25-22,ranking,benchANT
2026-08-12 09:41:00+00:00,processes,stopped,0,dbms,08-2026,couchbase-802-vanilla-ee-xsmall-small-aws,1,ip-172-31-25-22,ranking,benchANT
2026-08-12 09:41:10+00:00,processes,stopped,0,dbms,08-2026,couchbase-802-vanilla-ee-xsmall-small-aws,1,ip-172-31-25-22,ranking,benchANT
2026-08-12 09:41:20+00:00,processes,stopped,0,dbms,08-2026,couchbase-802-vanilla-ee-xsmall-small-aws,1,ip-172-31-25-22,ranking,benchANT
2026-08-12 09:41:30+00:00,processes,stopped,0,dbms,08-2026,couchbase-802-vanilla-ee-xsmall-small-aws,1,ip-172-31-25-22,ranking,benchANT
2026-08-12 09:41:40+00:00,processes,stopped,0,dbms,08-2026,couchbase-802-vanilla-ee-xsmall-small-aws,1,ip-172-31-25-22,ranking,benchANT
2026-08-12 09:41:50+00:00,processes,stopped,0,dbms,08-2026,couchbase-802-vanilla-ee-xsmall-small-aws,1,ip-172-31-25-22,ranking,benchANT
2026-08-12 09:42:00+00:00,processes,stopped,0,dbms,08-2026,couchbase-802-vanilla-ee-xsmall-small-aws,1,ip-172-31-25-22,ranking,benchANT
2026-08-12 09:42:10+00:00,processes,stopped,0,dbms,08-2026,couchbase-802-vanilla-ee-xsmall-small-aws,1,ip-172-31-25-22,ranking,benchANT
2026-08-12 09:42:20+00:00,processes,stopped,0,dbms,08-2026,couchbase-802-vanilla-ee-xsmall-small-aws,1,ip-172-31-25-22,ranking,benchANT
2026-08-12 09:42:30+00:00,processes,stopped,0,dbms,08-2026,couchbase-802-vanilla-ee-xsmall-small-aws,1,ip-172-31-25-22,ranking,benchANT
2026-08-12 09:42:40+00:00,processes,stopped,0,dbms,08-2026,couchbase-802-vanilla-ee-xsmall-small-aws,1,ip-172-31-25-22,ranking,benchANT
2026-08-12 09:42:50+00:00,processes,stopped,0,dbms,08-2026,couchbase-802-vanilla-ee-xsmall-small-aws,1,ip-172-31-25-22,ranking,benchANT
2026-08-12 09:43:00+00:00,processes,stopped,0,dbms,08-2026,couchbase-802-vanilla-ee-xsmall-small-aws,1,ip-172-31-25-22,ranking,benchANT
2026-08-12 09:43:10+00:00,processes,stopped,0,dbms,08-2026,couchbase-802-vanilla-ee-xsmall-small-aws,1,ip-172-31-25-22,ranking,benchANT
2026-08-12 09:43:20+00:00,processes,stopped,0,dbms,08-2026,couchbase-802-vanilla-ee-xsmall-small-aws,1,ip-172-31-25-22,ranking,benchANT
2026-08-12 09:43:30+00:00,processes,stopped,0,dbms,08-2026,couchbase-802-vanilla-ee-xsmall-small-aws,1,ip-172-31-25-22,ranking,benchANT
2026-08-12 09:43:40+00:00,processes,stopped,0,dbms,08-2026,couchbase-802-vanilla-ee-xsmall-small-aws,1,ip-172-31-25-22,ranking,benchANT
2026-08-12 09:43:50+00:00,processes,stopped,0,dbms,08-2026,couchbase-802-vanilla-ee-xsmall-small-aws,1,ip-172-31-25-22,ranking,benchANT
2026-08-12 09:44:00+00:00,processes,stopped,0,dbms,08-2026,couchbase-802-vanilla-ee-xsmall-small-aws,1,ip-172-31-25-22,ranking,benchANT
2026-08-12 09:44:10+00:00,processes,stopped,0,dbms,08-2026,couchbase-802-vanilla-ee-xsmall-small-aws,1,ip-172-31-25-22,ranking,benchANT
2026-08-12 09:44:20+00:00,processes,stopped,0,dbms,08-2026,couchbase-802-vanilla-ee-xsmall-small-aws,1,ip-172-31-25-22,ranking,benchANT
2026-08-12 09:44:30+00:00,processes,stopped,0,dbms,08-2026,couchbase-802-vanilla-ee-xsmall-small-aws,1,ip-172-31-25-22,ranking,benchANT
2026-08-12 09:44:40+00:00,processes,stopped,0,dbms,08-2026,couchbase-802-vanilla-ee-xsmall-small-aws,1,ip-172-31-25-22,ranking,benchANT
2026-08-12 09:44:50+00:00,processes,stopped,0,dbms,08-2026,couchbase-802-vanilla-ee-xsmall-small-aws,1,ip-172-31-25-22,ranking,benchANT
2026-08-12 09:45:00+00:00,processes,stopped,0,dbms,08-2026,couchbase-802-vanilla-ee-xsmall-small-aws,1,ip-172-31-25-22,ranking,benchANT
2026-08-12 09:45:10+00:00,processes,stopped,0,dbms,08-2026,couchbase-802-vanilla-ee-xsmall-small-aws,1,ip-172-31-25-22,ranking,benchANT
2026-08-12 09:45:20+00:00,processes,stopped,0,dbms,08-2026,couchbase-802-vanilla-ee-xsmall-small-aws,1,ip-172-31-25-22,ranking,benchANT
2026-08-12 09:45:30+00:00,processes,stopped,0,dbms,08-2026,couchbase-802-vanilla-ee-xsmall-small-aws,1,ip-172-31-25-22,ranking,benchANT
2026-08-12 09:45:40+00:00,processes,stopped,0,dbms,08-2026,couchbase-802-vanilla-ee-xsmall-small-aws,1,ip-172-31-25-22,ranking,benchANT
2026-08-12 09:45:50+00:00,processes,stopped,0,dbms,08-2026,couchbase-802-vanilla-ee-xsmall-small-aws,1,ip-172-31-25-22,ranking,benchANT
2026-08-12 09:46:00+00:00,processes,stopped,0,dbms,08-2026,couchbase-802-vanilla-ee-xsmall-small-aws,1,ip-172-31-25-22,ranking,benchANT
2026-08-12 09:46:10+00:00,processes,stopped,0,dbms,08-2026,couchbase-802-vanilla-ee-xsmall-small-aws,1,ip-172-31-25-22,ranking,benchANT
2026-08-12 09:46:20+00:00,processes,stopped,0,dbms,08-2026,couchbase-802-vanilla-ee-xsmall-small-aws,1,ip-172-31-25-22,ranking,benchANT
2026-08-12 09:46:30+00:00,processes,stopped,0,dbms,08-2026,couchbase-802-vanilla-ee-xsmall-small-aws,1,ip-172-31-25-22,ranking,benchANT
2026-08-12 09:46:40+00:00,processes,stopped,0,dbms,08-2026,couchbase-802-vanilla-ee-xsmall-small-aws,1,ip-172-31-25-22,ranking,benchANT
2026-08-12 09:46:50+00:00,processes,stopped,0,dbms,08-2026,couchbase-802-vanilla-ee-xsmall-small-aws,1,ip-172-31-25-22,ranking,benchANT
2026-08-12 09:47:00+00:00,processes,stopped,0,dbms,08-2026,couchbase-802-vanilla-ee-xsmall-small-aws,1,ip-172-31-25-22,ranking,benchANT
2026-08-12 09:47:10+00:00,processes,stopped,0,dbms,08-2026,couchbase-802-vanilla-ee-xsmall-small-aws,1,ip-172-31-25-22,ranking,benchANT
2026-08-12 09:47:20+00:00,processes,stopped,0,dbms,08-2026,couchbase-802-vanilla-ee-xsmall-small-aws,1,ip-172-31-25-22,ranking,benchANT
2026-08-12 09:47:30+00:00,processes,stopped,0,dbms,08-2026,couchbase-802-vanilla-ee-xsmall-small-aws,1,ip-172-31-25-22,ranking,benchANT
2026-08-12 09:47:40+00:00,processes,stopped,0,dbms,08-2026,couchbase-802-vanilla-ee-xsmall-small-aws,1,ip-172-31-25-22,ranking,benchANT
2026-08-12 09:47:50+00:00,processes,stopped,0,dbms,08-2026,couchbase-802-vanilla-ee-xsmall-small-aws,1,ip-172-31-25-22,ranking,benchANT
2026-08-12 09:48:00+00:00,processes,stopped,0,dbms,08-2026,couchbase-802-vanilla-ee-xsmall-small-aws,1,ip-172-31-25-22,ranking,benchANT
2026-08-12 09:48:10+00:00,processes,stopped,0,dbms,08-2026,couchbase-802-vanilla-ee-xsmall-small-aws,1,ip-172-31-25-22,ranking,benchANT
2026-08-12 09:48:20+00:00,processes,stopped,0,dbms,08-2026,couchbase-802-vanilla-ee-xsmall-small-aws,1,ip-172-31-25-22,ranking,benchANT
2026-08-12 09:48:30+00:00,processes,stopped,0,dbms,08-2026,couchbase-802-vanilla-ee-xsmall-small-aws,1,ip-172-31-25-22,ranking,benchANT
2026-08-12 09:48:40+00:00,processes,stopped,0,dbms,08-2026,couchbase-802-vanilla-ee-xsmall-small-aws,1,ip-172-31-25-22,ranking,benchANT
2026-08-12 09:48:50+00:00,processes,stopped,0,dbms,08-2026,couchbase-802-vanilla-ee-xsmall-small-aws,1,ip-172-31-25-22,ranking,benchANT
2026-08-12 09:49:00+00:00,processes,stopped,0,dbms,08-2026,couchbase-802-vanilla-ee-xsmall-small-aws,1,ip-172-31-25-22,ranking,benchANT
2026-08-12 09:49:10+00:00,processes,stopped,0,dbms,08-2026,couchbase-802-vanilla-ee-xsmall-small-aws,1,ip-172-31-25-22,ranking,benchANT
2026-08-12 09:49:20+00:00,processes,stopped,0,dbms,08-2026,couchbase-802-vanilla-ee-xsmall-small-aws,1,ip-172-31-25-22,ranking,benchANT
2026-08-12 09:49:30+00:00,processes,stopped,0,dbms,08-2026,couchbase-802-vanilla-ee-xsmall-small-aws,1,ip-172-31-25-22,ranking,benchANT
2026-08-12 09:49:40+00:00,processes,stopped,0,dbms,08-2026,couchbase-802-vanilla-ee-xsmall-small-aws,1,ip-172-31-25-22,ranking,benchANT
2026-08-12 09:49:50+00:00,processes,stopped,0,dbms,08-2026,couchbase-802-vanilla-ee-xsmall-small-aws,1,ip-172-31-25-22,ranking,benchANT
2026-08-12 09:50:00+00:00,processes,stopped,0,dbms,08-2026,couchbase-802-vanilla-ee-xsmall-small-aws,1,ip-172-31-25-22,ranking,benchANT
2026-08-12 09:50:10+00:00,processes,stopped,0,dbms,08-2026,couchbase-802-vanilla-ee-xsmall-small-aws,1,ip-172-31-25-22,ranking,benchANT
2026-08-12 09:50:20+00:00,processes,stopped,0,dbms,08-2026,couchbase-802-vanilla-ee-xsmall-small-aws,1,ip-172-31-25-22,ranking,benchANT
2026-08-12 09:50:30+00:00,processes,stopped,0,dbms,08-2026,couchbase-802-vanilla-ee-xsmall-small-aws,1,ip-172-31-25-22,ranking,benchANT
2026-08-12 09:50:40+00:00,processes,stopped,0,dbms,08-2026,couchbase-802-vanilla-ee-xsmall-small-aws,1,ip-172-31-25-22,ranking,benchANT
2026-08-12 09:50:50+00:00,processes,stopped,0,dbms,08-2026,couchbase-802-vanilla-ee-xsmall-small-aws,1,ip-172-31-25-22,ranking,benchANT
2026-08-12 09:51:00+00:00,processes,stopped,0,dbms,08-2026,couchbase-802-vanilla-ee-xsmall-small-aws,1,ip-172-31-25-22,ranking,benchANT
2026-08-12 09:51:10+00:00,processes,stopped,0,dbms,08-2026,couchbase-802-vanilla-ee-xsmall-small-aws,1,ip-172-31-25-22,ranking,benchANT
2026-08-12 09:51:20+00:00,processes,stopped,0,dbms,08-2026,couchbase-802-vanilla-ee-xsmall-small-aws,1,ip-172-31-25-22,ranking,benchANT
2026-08-12 09:51:30+00:00,processes,stopped,0,dbms,08-2026,couchbase-802-vanilla-ee-xsmall-small-aws,1,ip-172-31-25-22,ranking,benchANT
2026-08-12 09:51:40+00:00,processes,stopped,0,dbms,08-2026,couchbase-802-vanilla-ee-xsmall-small-aws,1,ip-172-31-25-22,ranking,benchANT
2026-08-12 09:51:50+00:00,processes,stopped,0,dbms,08-2026,couchbase-802-vanilla-ee-xsmall-small-aws,1,ip-172-31-25-22,ranking,benchANT
2026-08-12 09:52:00+00:00,processes,stopped,0,dbms,08-2026,couchbase-802-vanilla-ee-xsmall-small-aws,1,ip-172-31-25-22,ranking,benchANT
2026-08-12 09:52:10+00:00,processes,stopped,0,dbms,08-2026,couchbase-802-vanilla-ee-xsmall-small-aws,1,ip-172-31-25-22,ranking,benchANT
2026-08-12 09:52:20+00:00,processes,stopped,0,dbms,08-2026,couchbase-802-vanilla-ee-xsmall-small-aws,1,ip-172-31-25-22,ranking,benchANT
2026-08-12 09:52:30+00:00,processes,stopped,0,dbms,08-2026,couchbase-802-vanilla-ee-xsmall-small-aws,1,ip-172-31-25-22,ranking,benchANT
2026-08-12 09:52:40+00:00,processes,stopped,0,dbms,08-2026,couchbase-802-vanilla-ee-xsmall-small-aws,1,ip-172-31-25-22,ranking,benchANT
2026-08-12 09:52:50+00:00,processes,stopped,0,dbms,08-2026,couchbase-802-vanilla-ee-xsmall-small-aws,1,ip-172-31-25-22,ranking,benchANT
2026-08-12 09:53:00+00:00,processes,stopped,0,dbms,08-2026,couchbase-802-vanilla-ee-xsmall-small-aws,1,ip-172-31-25-22,ranking,benchANT
2026-08-12 09:53:10+00:00,processes,stopped,0,dbms,08-2026,couchbase-802-vanilla-ee-xsmall-small-aws,1,ip-172-31-25-22,ranking,benchANT
2026-08-12 09:53:20+00:00,processes,stopped,0,dbms,08-2026,couchbase-802-vanilla-ee-xsmall-small-aws,1,ip-172-31-25-22,ranking,benchANT
2026-08-12 09:53:30+00:00,processes,stopped,0,dbms,08-2026,couchbase-802-vanilla-ee-xsmall-small-aws,1,ip-172-31-25-22,ranking,benchANT
2026-08-12 09:53:40+00:00,processes,stopped,0,dbms,08-2026,couchbase-802-vanilla-ee-xsmall-small-aws,1,ip-172-31-25-22,ranking,benchANT
2026-08-12 09:53:50+00:00,processes,stopped,0,dbms,08-2026,couchbase-802-vanilla-ee-xsmall-small-aws,1,ip-172-31-25-22,ranking,benchANT
2026-08-12 09:54:00+00:00,processes,stopped,0,dbms,08-2026,couchbase-802-vanilla-ee-xsmall-small-aws,1,ip-172-31-25-22,ranking,benchANT
2026-08-12 09:54:10+00:00,processes,stopped,0,dbms,08-2026,couchbase-802-vanilla-ee-xsmall-small-aws,1,ip-172-31-25-22,ranking,benchANT
2026-08-12 09:54:20+00:00,processes,stopped,0,dbms,08-2026,couchbase-802-vanilla-ee-xsmall-small-aws,1,ip-172-31-25-22,ranking,benchANT
2026-08-12 09:54:30+00:00,processes,stopped,0,dbms,08-2026,couchbase-802-vanilla-ee-xsmall-small-aws,1,ip-172-31-25-22,ranking,benchANT
2026-08-12 09:54:40+00:00,processes,stopped,0,dbms,08-2026,couchbase-802-vanilla-ee-xsmall-small-aws,1,ip-172-31-25-22,ranking,benchANT
2026-08-12 09:54:50+00:00,processes,stopped,0,dbms,08-2026,couchbase-802-vanilla-ee-xsmall-small-aws,1,ip-172-31-25-22,ranking,benchANT
2026-08-12 09:55:00+00:00,processes,stopped,0,dbms,08-2026,couchbase-802-vanilla-ee-xsmall-small-aws,1,ip-172-31-25-22,ranking,benchANT
2026-08-12 09:55:10+00:00,processes,stopped,0,dbms,08-2026,couchbase-802-vanilla-ee-xsmall-small-aws,1,ip-172-31-25-22,ranking,benchANT
2026-08-12 09:55:20+00:00,processes,stopped,0,dbms,08-2026,couchbase-802-vanilla-ee-xsmall-small-aws,1,ip-172-31-25-22,ranking,benchANT
2026-08-12 09:55:30+00:00,processes,stopped,0,dbms,08-2026,couchbase-802-vanilla-ee-xsmall-small-aws,1,ip-172-31-25-22,ranking,benchANT
2026-08-12 09:55:40+00:00,processes,stopped,0,dbms,08-2026,couchbase-802-vanilla-ee-xsmall-small-aws,1,ip-172-31-25-22,ranking,benchANT
2026-08-12 09:55:50+00:00,processes,stopped,0,dbms,08-2026,couchbase-802-vanilla-ee-xsmall-small-aws,1,ip-172-31-25-22,ranking,benchANT
2026-08-12 09:56:00+00:00,processes,stopped,0,dbms,08-2026,couchbase-802-vanilla-ee-xsmall-small-aws,1,ip-172-31-25-22,ranking,benchANT
2026-08-12 09:56:10+00:00,processes,stopped,0,dbms,08-2026,couchbase-802-vanilla-ee-xsmall-small-aws,1,ip-172-31-25-22,ranking,benchANT
2026-08-12 09:56:20+00:00,processes,stopped,0,dbms,08-2026,couchbase-802-vanilla-ee-xsmall-small-aws,1,ip-172-31-25-22,ranking,benchANT
2026-08-12 09:56:30+00:00,processes,stopped,0,dbms,08-2026,couchbase-802-vanilla-ee-xsmall-small-aws,1,ip-172-31-25-22,ranking,benchANT
2026-08-12 09:56:40+00:00,processes,stopped,0,dbms,08-2026,couchbase-802-vanilla-ee-xsmall-small-aws,1,ip-172-31-25-22,ranking,benchANT
2026-08-12 09:56:50+00:00,processes,stopped,0,dbms,08-2026,couchbase-802-vanilla-ee-xsmall-small-aws,1,ip-172-31-25-22,ranking,benchANT
2026-08-12 09:57:00+00:00,processes,stopped,0,dbms,08-2026,couchbase-802-vanilla-ee-xsmall-small-aws,1,ip-172-31-25-22,ranking,benchANT
2026-08-12 09:57:10+00:00,processes,stopped,0,dbms,08-2026,couchbase-802-vanilla-ee-xsmall-small-aws,1,ip-172-31-25-22,ranking,benchANT
2026-08-12 09:57:20+00:00,processes,stopped,0,dbms,08-2026,couchbase-802-vanilla-ee-xsmall-small-aws,1,ip-172-31-25-22,ranking,benchANT
2026-08-12 09:57:30+00:00,processes,stopped,0,dbms,08-2026,couchbase-802-vanilla-ee-xsmall-small-aws,1,ip-172-31-25-22,ranking,benchANT
2026-08-12 09:57:40+00:00,processes,stopped,0,dbms,08-2026,couchbase-802-vanilla-ee-xsmall-small-aws,1,ip-172-31-25-22,ranking,benchANT
2026-08-12 09:57:50+00:00,processes,stopped,0,dbms,08-2026,couchbase-802-vanilla-ee-xsmall-small-aws,1,ip-172-31-25-22,ranking,benchANT
2026-08-12 09:58:00+00:00,processes,stopped,0,dbms,08-2026,couchbase-802-vanilla-ee-xsmall-small-aws,1,ip-172-31-25-22,ranking,benchANT
2026-08-12 09:58:10+00:00,processes,stopped,0,dbms,08-2026,couchbase-802-vanilla-ee-xsmall-small-aws,1,ip-172-31-25-22,ranking,benchANT
2026-08-12 09:58:20+00:00,processes,stopped,0,dbms,08-2026,couchbase-802-vanilla-ee-xsmall-small-aws,1,ip-172-31-25-22,ranking,benchANT
2026-08-12 09:58:30+00:00,processes,stopped,0,dbms,08-2026,couchbase-802-vanilla-ee-xsmall-small-aws,1,ip-172-31-25-22,ranking,benchANT
2026-08-12 09:58:40+00:00,processes,stopped,0,dbms,08-2026,couchbase-802-vanilla-ee-xsmall-small-aws,1,ip-172-31-25-22,ranking,benchANT
2026-08-12 09:58:50+00:00,processes,stopped,0,dbms,08-2026,couchbase-802-vanilla-ee-xsmall-small-aws,1,ip-172-31-25-22,ranking,benchANT
2026-08-12 09:59:00+00:00,processes,stopped,0,dbms,08-2026,couchbase-802-vanilla-ee-xsmall-small-aws,1,ip-172-31-25-22,ranking,benchANT
2026-08-12 09:59:10+00:00,processes,stopped,0,dbms,08-2026,couchbase-802-vanilla-ee-xsmall-small-aws,1,ip-172-31-25-22,ranking,benchANT
2026-08-12 09:59:20+00:00,processes,stopped,0,dbms,08-2026,couchbase-802-vanilla-ee-xsmall-small-aws,1,ip-172-31-25-22,ranking,benchANT
2026-08-12 09:59:30+00:00,processes,stopped,0,dbms,08-2026,couchbase-802-vanilla-ee-xsmall-small-aws,1,ip-172-31-25-22,ranking,benchANT
2026-08-12 09:59:40+00:00,processes,stopped,0,dbms,08-2026,couchbase-802-vanilla-ee-xsmall-small-aws,1,ip-172-31-25-22,ranking,benchANT
2026-08-12 09:59:50+00:00,processes,stopped,0,dbms,08-2026,couchbase-802-vanilla-ee-xsmall-small-aws,1,ip-172-31-25-22,ranking,benchANT
2026-08-12 10:00:00+00:00,processes,stopped,0,dbms,08-2026,couchbase-802-vanilla-ee-xsmall-small-aws,1,ip-172-31-25-22,ranking,benchANT
2026-08-12 10:00:10+00:00,processes,stopped,0,dbms,08-2026,couchbase-802-vanilla-ee-xsmall-small-aws,1,ip-172-31-25-22,ranking,benchANT
2026-08-12 10:00:20+00:00,processes,stopped,0,dbms,08-2026,couchbase-802-vanilla-ee-xsmall-small-aws,1,ip-172-31-25-22,ranking,benchANT
2026-08-12 10:00:30+00:00,processes,stopped,0,dbms,08-2026,couchbase-802-vanilla-ee-xsmall-small-aws,1,ip-172-31-25-22,ranking,benchANT
2026-08-12 10:00:40+00:00,processes,stopped,0,dbms,08-2026,couchbase-802-vanilla-ee-xsmall-small-aws,1,ip-172-31-25-22,ranking,benchANT
2026-08-12 10:00:50+00:00,processes,stopped,0,dbms,08-2026,couchbase-802-vanilla-ee-xsmall-small-aws,1,ip-172-31-25-22,ranking,benchANT
2026-08-12 10:01:00+00:00,processes,stopped,0,dbms,08-2026,couchbase-802-vanilla-ee-xsmall-small-aws,1,ip-172-31-25-22,ranking,benchANT
2026-08-12 10:01:10+00:00,processes,stopped,0,dbms,08-2026,couchbase-802-vanilla-ee-xsmall-small-aws,1,ip-172-31-25-22,ranking,benchANT
2026-08-12 10:01:20+00:00,processes,stopped,0,dbms,08-2026,couchbase-802-vanilla-ee-xsmall-small-aws,1,ip-172-31-25-22,ranking,benchANT
2026-08-12 10:01:30+00:00,processes,stopped,0,dbms,08-2026,couchbase-802-vanilla-ee-xsmall-small-aws,1,ip-172-31-25-22,ranking,benchANT
2026-08-12 10:01:40+00:00,processes,stopped,0,dbms,08-2026,couchbase-802-vanilla-ee-xsmall-small-aws,1,ip-172-31-25-22,ranking,benchANT
2026-08-12 10:01:50+00:00,processes,stopped,0,dbms,08-2026,couchbase-802-vanilla-ee-xsmall-small-aws,1,ip-172-31-25-22,ranking,benchANT
2026-08-12 10:02:00+00:00,processes,stopped,0,dbms,08-2026,couchbase-802-vanilla-ee-xsmall-small-aws,1,ip-172-31-25-22,ranking,benchANT
2026-08-12 10:02:10+00:00,processes,stopped,0,dbms,08-2026,couchbase-802-vanilla-ee-xsmall-small-aws,1,ip-172-31-25-22,ranking,benchANT
2026-08-12 10:02:20+00:00,processes,stopped,0,dbms,08-2026,couchbase-802-vanilla-ee-xsmall-small-aws,1,ip-172-31-25-22,ranking,benchANT
2026-08-12 10:02:30+00:00,processes,stopped,0,dbms,08-2026,couchbase-802-vanilla-ee-xsmall-small-aws,1,ip-172-31-25-22,ranking,benchANT
2026-08-12 10:02:40+00:00,processes,stopped,0,dbms,08-2026,couchbase-802-vanilla-ee-xsmall-small-aws,1,ip-172-31-25-22,ranking,benchANT
2026-08-12 10:02:50+00:00,processes,stopped,0,dbms,08-2026,couchbase-802-vanilla-ee-xsmall-small-aws,1,ip-172-31-25-22,ranking,benchANT
2026-08-12 10:03:00+00:00,processes,stopped,0,dbms,08-2026,couchbase-802-vanilla-ee-xsmall-small-aws,1,ip-172-31-25-22,ranking,benchANT
2026-08-12 10:03:10+00:00,processes,stopped,0,dbms,08-2026,couchbase-802-vanilla-ee-xsmall-small-aws,1,ip-172-31-25-22,ranking,benchANT
2026-08-12 10:03:20+00:00,processes,stopped,0,dbms,08-2026,couchbase-802-vanilla-ee-xsmall-small-aws,1,ip-172-31-25-22,ranking,benchANT
2026-08-12 10:03:30+00:00,processes,stopped,0,dbms,08-2026,couchbase-802-vanilla-ee-xsmall-small-aws,1,ip-172-31-25-22,ranking,benchANT
2026-08-12 10:03:40+00:00,processes,stopped,0,dbms,08-2026,couchbase-802-vanilla-ee-xsmall-small-aws,1,ip-172-31-25-22,ranking,benchANT
2026-08-12 10:03:50+00:00,processes,stopped,0,dbms,08-2026,couchbase-802-vanilla-ee-xsmall-small-aws,1,ip-172-31-25-22,ranking,benchANT
2026-08-12 10:04:00+00:00,processes,stopped,0,dbms,08-2026,couchbase-802-vanilla-ee-xsmall-small-aws,1,ip-172-31-25-22,ranking,benchANT
2026-08-12 10:04:10+00:00,processes,stopped,0,dbms,08-2026,couchbase-802-vanilla-ee-xsmall-small-aws,1,ip-172-31-25-22,ranking,benchANT
2026-08-12 10:04:20+00:00,processes,stopped,0,dbms,08-2026,couchbase-802-vanilla-ee-xsmall-small-aws,1,ip-172-31-25-22,ranking,benchANT
2026-08-12 10:04:30+00:00,processes,stopped,0,dbms,08-2026,couchbase-802-vanilla-ee-xsmall-small-aws,1,ip-172-31-25-22,ranking,benchANT
2026-08-12 10:04:40+00:00,processes,stopped,0,dbms,08-2026,couchbase-802-vanilla-ee-xsmall-small-aws,1,ip-172-31-25-22,ranking,benchANT
2026-08-12 10:04:50+00:00,processes,stopped,0,dbms,08-2026,couchbase-802-vanilla-ee-xsmall-small-aws,1,ip-172-31-25-22,ranking,benchANT
2026-08-12 10:05:00+00:00,processes,stopped,0,dbms,08-2026,couchbase-802-vanilla-ee-xsmall-small-aws,1,ip-172-31-25-22,ranking,benchANT
2026-08-12 10:05:10+00:00,processes,stopped,0,dbms,08-2026,couchbase-802-vanilla-ee-xsmall-small-aws,1,ip-172-31-25-22,ranking,benchANT
2026-08-12 10:05:20+00:00,processes,stopped,0,dbms,08-2026,couchbase-802-vanilla-ee-xsmall-small-aws,1,ip-172-31-25-22,ranking,benchANT
2026-08-12 10:05:30+00:00,processes,stopped,0,dbms,08-2026,couchbase-802-vanilla-ee-xsmall-small-aws,1,ip-172-31-25-22,ranking,benchANT
2026-08-12 10:05:40+00:00,processes,stopped,0,dbms,08-2026,couchbase-802-vanilla-ee-xsmall-small-aws,1,ip-172-31-25-22,ranking,benchANT
2026-08-12 09:35:50+00:00,processes,total,133,dbms,08-2026,couchbase-802-vanilla-ee-xsmall-small-aws,1,ip-172-31-25-22,ranking,benchANT
2026-08-12 09:36:00+00:00,processes,total,133,dbms,08-2026,couchbase-802-vanilla-ee-xsmall-small-aws,1,ip-172-31-25-22,ranking,benchANT
2026-08-12 09:36:10+00:00,processes,total,133,dbms,08-2026,couchbase-802-vanilla-ee-xsmall-small-aws,1,ip-172-31-25-22,ranking,benchANT
2026-08-12 09:36:20+00:00,processes,total,133,dbms,08-2026,couchbase-802-vanilla-ee-xsmall-small-aws,1,ip-172-31-25-22,ranking,benchANT
2026-08-12 09:36:30+00:00,processes,total,133,dbms,08-2026,couchbase-802-vanilla-ee-xsmall-small-aws,1,ip-172-31-25-22,ranking,benchANT
2026-08-12 09:36:40+00:00,processes,total,133,dbms,08-2026,couchbase-802-vanilla-ee-xsmall-small-aws,1,ip-172-31-25-22,ranking,benchANT
2026-08-12 09:36:50+00:00,processes,total,133,dbms,08-2026,couchbase-802-vanilla-ee-xsmall-small-aws,1,ip-172-31-25-22,ranking,benchANT
2026-08-12 09:37:00+00:00,processes,total,134,dbms,08-2026,couchbase-802-vanilla-ee-xsmall-small-aws,1,ip-172-31-25-22,ranking,benchANT
2026-08-12 09:37:10+00:00,processes,total,135,dbms,08-2026,couchbase-802-vanilla-ee-xsmall-small-aws,1,ip-172-31-25-22,ranking,benchANT
2026-08-12 09:37:20+00:00,processes,total,135,dbms,08-2026,couchbase-802-vanilla-ee-xsmall-small-aws,1,ip-172-31-25-22,ranking,benchANT
2026-08-12 09:37:30+00:00,processes,total,135,dbms,08-2026,couchbase-802-vanilla-ee-xsmall-small-aws,1,ip-172-31-25-22,ranking,benchANT
2026-08-12 09:37:40+00:00,processes,total,135,dbms,08-2026,couchbase-802-vanilla-ee-xsmall-small-aws,1,ip-172-31-25-22,ranking,benchANT
2026-08-12 09:37:50+00:00,processes,total,135,dbms,08-2026,couchbase-802-vanilla-ee-xsmall-small-aws,1,ip-172-31-25-22,ranking,benchANT
2026-08-12 09:38:00+00:00,processes,total,135,dbms,08-2026,couchbase-802-vanilla-ee-xsmall-small-aws,1,ip-172-31-25-22,ranking,benchANT
2026-08-12 09:38:10+00:00,processes,total,135,dbms,08-2026,couchbase-802-vanilla-ee-xsmall-small-aws,1,ip-172-31-25-22,ranking,benchANT
2026-08-12 09:38:20+00:00,processes,total,135,dbms,08-2026,couchbase-802-vanilla-ee-xsmall-small-aws,1,ip-172-31-25-22,ranking,benchANT
2026-08-12 09:38:30+00:00,processes,total,135,dbms,08-2026,couchbase-802-vanilla-ee-xsmall-small-aws,1,ip-172-31-25-22,ranking,benchANT
2026-08-12 09:38:40+00:00,processes,total,135,dbms,08-2026,couchbase-802-vanilla-ee-xsmall-small-aws,1,ip-172-31-25-22,ranking,benchANT
2026-08-12 09:38:50+00:00,processes,total,135,dbms,08-2026,couchbase-802-vanilla-ee-xsmall-small-aws,1,ip-172-31-25-22,ranking,benchANT
2026-08-12 09:39:00+00:00,processes,total,135,dbms,08-2026,couchbase-802-vanilla-ee-xsmall-small-aws,1,ip-172-31-25-22,ranking,benchANT
2026-08-12 09:39:10+00:00,processes,total,135,dbms,08-2026,couchbase-802-vanilla-ee-xsmall-small-aws,1,ip-172-31-25-22,ranking,benchANT
2026-08-12 09:39:20+00:00,processes,total,135,dbms,08-2026,couchbase-802-vanilla-ee-xsmall-small-aws,1,ip-172-31-25-22,ranking,benchANT
2026-08-12 09:39:30+00:00,processes,total,135,dbms,08-2026,couchbase-802-vanilla-ee-xsmall-small-aws,1,ip-172-31-25-22,ranking,benchANT
2026-08-12 09:39:40+00:00,processes,total,135,dbms,08-2026,couchbase-802-vanilla-ee-xsmall-small-aws,1,ip-172-31-25-22,ranking,benchANT
2026-08-12 09:39:50+00:00,processes,total,135,dbms,08-2026,couchbase-802-vanilla-ee-xsmall-small-aws,1,ip-172-31-25-22,ranking,benchANT
2026-08-12 09:40:00+00:00,processes,total,135,dbms,08-2026,couchbase-802-vanilla-ee-xsmall-small-aws,1,ip-172-31-25-22,ranking,benchANT
2026-08-12 09:40:10+00:00,processes,total,135,dbms,08-2026,couchbase-802-vanilla-ee-xsmall-small-aws,1,ip-172-31-25-22,ranking,benchANT
2026-08-12 09:40:20+00:00,processes,total,135,dbms,08-2026,couchbase-802-vanilla-ee-xsmall-small-aws,1,ip-172-31-25-22,ranking,benchANT
2026-08-12 09:40:30+00:00,processes,total,135,dbms,08-2026,couchbase-802-vanilla-ee-xsmall-small-aws,1,ip-172-31-25-22,ranking,benchANT
2026-08-12 09:40:40+00:00,processes,total,135,dbms,08-2026,couchbase-802-vanilla-ee-xsmall-small-aws,1,ip-172-31-25-22,ranking,benchANT
2026-08-12 09:40:50+00:00,processes,total,135,dbms,08-2026,couchbase-802-vanilla-ee-xsmall-small-aws,1,ip-172-31-25-22,ranking,benchANT
2026-08-12 09:41:00+00:00,processes,total,135,dbms,08-2026,couchbase-802-vanilla-ee-xsmall-small-aws,1,ip-172-31-25-22,ranking,benchANT
2026-08-12 09:41:10+00:00,processes,total,135,dbms,08-2026,couchbase-802-vanilla-ee-xsmall-small-aws,1,ip-172-31-25-22,ranking,benchANT
2026-08-12 09:41:20+00:00,processes,total,135,dbms,08-2026,couchbase-802-vanilla-ee-xsmall-small-aws,1,ip-172-31-25-22,ranking,benchANT
2026-08-12 09:41:30+00:00,processes,total,135,dbms,08-2026,couchbase-802-vanilla-ee-xsmall-small-aws,1,ip-172-31-25-22,ranking,benchANT
2026-08-12 09:41:40+00:00,processes,total,135,dbms,08-2026,couchbase-802-vanilla-ee-xsmall-small-aws,1,ip-172-31-25-22,ranking,benchANT
2026-08-12 09:41:50+00:00,processes,total,135,dbms,08-2026,couchbase-802-vanilla-ee-xsmall-small-aws,1,ip-172-31-25-22,ranking,benchANT
2026-08-12 09:42:00+00:00,processes,total,134,dbms,08-2026,couchbase-802-vanilla-ee-xsmall-small-aws,1,ip-172-31-25-22,ranking,benchANT
2026-08-12 09:42:10+00:00,processes,total,134,dbms,08-2026,couchbase-802-vanilla-ee-xsmall-small-aws,1,ip-172-31-25-22,ranking,benchANT
2026-08-12 09:42:20+00:00,processes,total,133,dbms,08-2026,couchbase-802-vanilla-ee-xsmall-small-aws,1,ip-172-31-25-22,ranking,benchANT
2026-08-12 09:42:30+00:00,processes,total,133,dbms,08-2026,couchbase-802-vanilla-ee-xsmall-small-aws,1,ip-172-31-25-22,ranking,benchANT
2026-08-12 09:42:40+00:00,processes,total,133,dbms,08-2026,couchbase-802-vanilla-ee-xsmall-small-aws,1,ip-172-31-25-22,ranking,benchANT
2026-08-12 09:42:50+00:00,processes,total,133,dbms,08-2026,couchbase-802-vanilla-ee-xsmall-small-aws,1,ip-172-31-25-22,ranking,benchANT
2026-08-12 09:43:00+00:00,processes,total,133,dbms,08-2026,couchbase-802-vanilla-ee-xsmall-small-aws,1,ip-172-31-25-22,ranking,benchANT
2026-08-12 09:43:10+00:00,processes,total,133,dbms,08-2026,couchbase-802-vanilla-ee-xsmall-small-aws,1,ip-172-31-25-22,ranking,benchANT
2026-08-12 09:43:20+00:00,processes,total,133,dbms,08-2026,couchbase-802-vanilla-ee-xsmall-small-aws,1,ip-172-31-25-22,ranking,benchANT
2026-08-12 09:43:30+00:00,processes,total,134,dbms,08-2026,couchbase-802-vanilla-ee-xsmall-small-aws,1,ip-172-31-25-22,ranking,benchANT
2026-08-12 09:43:40+00:00,processes,total,134,dbms,08-2026,couchbase-802-vanilla-ee-xsmall-small-aws,1,ip-172-31-25-22,ranking,benchANT
2026-08-12 09:43:50+00:00,processes,total,134,dbms,08-2026,couchbase-802-vanilla-ee-xsmall-small-aws,1,ip-172-31-25-22,ranking,benchANT
2026-08-12 09:44:00+00:00,processes,total,134,dbms,08-2026,couchbase-802-vanilla-ee-xsmall-small-aws,1,ip-172-31-25-22,ranking,benchANT
2026-08-12 09:44:10+00:00,processes,total,134,dbms,08-2026,couchbase-802-vanilla-ee-xsmall-small-aws,1,ip-172-31-25-22,ranking,benchANT
2026-08-12 09:44:20+00:00,processes,total,134,dbms,08-2026,couchbase-802-vanilla-ee-xsmall-small-aws,1,ip-172-31-25-22,ranking,benchANT
2026-08-12 09:44:30+00:00,processes,total,134,dbms,08-2026,couchbase-802-vanilla-ee-xsmall-small-aws,1,ip-172-31-25-22,ranking,benchANT
2026-08-12 09:44:40+00:00,processes,total,134,dbms,08-2026,couchbase-802-vanilla-ee-xsmall-small-aws,1,ip-172-31-25-22,ranking,benchANT
2026-08-12 09:44:50+00:00,processes,total,134,dbms,08-2026,couchbase-802-vanilla-ee-xsmall-small-aws,1,ip-172-31-25-22,ranking,benchANT
2026-08-12 09:45:00+00:00,processes,total,134,dbms,08-2026,couchbase-802-vanilla-ee-xsmall-small-aws,1,ip-172-31-25-22,ranking,benchANT
2026-08-12 09:45:10+00:00,processes,total,134,dbms,08-2026,couchbase-802-vanilla-ee-xsmall-small-aws,1,ip-172-31-25-22,ranking,benchANT
2026-08-12 09:45:20+00:00,processes,total,134,dbms,08-2026,couchbase-802-vanilla-ee-xsmall-small-aws,1,ip-172-31-25-22,ranking,benchANT
2026-08-12 09:45:30+00:00,processes,total,134,dbms,08-2026,couchbase-802-vanilla-ee-xsmall-small-aws,1,ip-172-31-25-22,ranking,benchANT
2026-08-12 09:45:40+00:00,processes,total,134,dbms,08-2026,couchbase-802-vanilla-ee-xsmall-small-aws,1,ip-172-31-25-22,ranking,benchANT
2026-08-12 09:45:50+00:00,processes,total,134,dbms,08-2026,couchbase-802-vanilla-ee-xsmall-small-aws,1,ip-172-31-25-22,ranking,benchANT
2026-08-12 09:46:00+00:00,processes,total,134,dbms,08-2026,couchbase-802-vanilla-ee-xsmall-small-aws,1,ip-172-31-25-22,ranking,benchANT
2026-08-12 09:46:10+00:00,processes,total,134,dbms,08-2026,couchbase-802-vanilla-ee-xsmall-small-aws,1,ip-172-31-25-22,ranking,benchANT
2026-08-12 09:46:20+00:00,processes,total,134,dbms,08-2026,couchbase-802-vanilla-ee-xsmall-small-aws,1,ip-172-31-25-22,ranking,benchANT
2026-08-12 09:46:30+00:00,processes,total,134,dbms,08-2026,couchbase-802-vanilla-ee-xsmall-small-aws,1,ip-172-31-25-22,ranking,benchANT
2026-08-12 09:46:40+00:00,processes,total,134,dbms,08-2026,couchbase-802-vanilla-ee-xsmall-small-aws,1,ip-172-31-25-22,ranking,benchANT
2026-08-12 09:46:50+00:00,processes,total,134,dbms,08-2026,couchbase-802-vanilla-ee-xsmall-small-aws,1,ip-172-31-25-22,ranking,benchANT
2026-08-12 09:47:00+00:00,processes,total,134,dbms,08-2026,couchbase-802-vanilla-ee-xsmall-small-aws,1,ip-172-31-25-22,ranking,benchANT
2026-08-12 09:47:10+00:00,processes,total,134,dbms,08-2026,couchbase-802-vanilla-ee-xsmall-small-aws,1,ip-172-31-25-22,ranking,benchANT
2026-08-12 09:47:20+00:00,processes,total,134,dbms,08-2026,couchbase-802-vanilla-ee-xsmall-small-aws,1,ip-172-31-25-22,ranking,benchANT
2026-08-12 09:47:30+00:00,processes,total,134,dbms,08-2026,couchbase-802-vanilla-ee-xsmall-small-aws,1,ip-172-31-25-22,ranking,benchANT
2026-08-12 09:47:40+00:00,processes,total,134,dbms,08-2026,couchbase-802-vanilla-ee-xsmall-small-aws,1,ip-172-31-25-22,ranking,benchANT
2026-08-12 09:47:50+00:00,processes,total,134,dbms,08-2026,couchbase-802-vanilla-ee-xsmall-small-aws,1,ip-172-31-25-22,ranking,benchANT
2026-08-12 09:48:00+00:00,processes,total,134,dbms,08-2026,couchbase-802-vanilla-ee-xsmall-small-aws,1,ip-172-31-25-22,ranking,benchANT
2026-08-12 09:48:10+00:00,processes,total,134,dbms,08-2026,couchbase-802-vanilla-ee-xsmall-small-aws,1,ip-172-31-25-22,ranking,benchANT
2026-08-12 09:48:20+00:00,processes,total,134,dbms,08-2026,couchbase-802-vanilla-ee-xsmall-small-aws,1,ip-172-31-25-22,ranking,benchANT
2026-08-12 09:48:30+00:00,processes,total,133,dbms,08-2026,couchbase-802-vanilla-ee-xsmall-small-aws,1,ip-172-31-25-22,ranking,benchANT
2026-08-12 09:48:40+00:00,processes,total,133,dbms,08-2026,couchbase-802-vanilla-ee-xsmall-small-aws,1,ip-172-31-25-22,ranking,benchANT
2026-08-12 09:48:50+00:00,processes,total,133,dbms,08-2026,couchbase-802-vanilla-ee-xsmall-small-aws,1,ip-172-31-25-22,ranking,benchANT
2026-08-12 09:49:00+00:00,processes,total,133,dbms,08-2026,couchbase-802-vanilla-ee-xsmall-small-aws,1,ip-172-31-25-22,ranking,benchANT
2026-08-12 09:49:10+00:00,processes,total,133,dbms,08-2026,couchbase-802-vanilla-ee-xsmall-small-aws,1,ip-172-31-25-22,ranking,benchANT
2026-08-12 09:49:20+00:00,processes,total,133,dbms,08-2026,couchbase-802-vanilla-ee-xsmall-small-aws,1,ip-172-31-25-22,ranking,benchANT
2026-08-12 09:49:30+00:00,processes,total,133,dbms,08-2026,couchbase-802-vanilla-ee-xsmall-small-aws,1,ip-172-31-25-22,ranking,benchANT
2026-08-12 09:49:40+00:00,processes,total,133,dbms,08-2026,couchbase-802-vanilla-ee-xsmall-small-aws,1,ip-172-31-25-22,ranking,benchANT
2026-08-12 09:49:50+00:00,processes,total,133,dbms,08-2026,couchbase-802-vanilla-ee-xsmall-small-aws,1,ip-172-31-25-22,ranking,benchANT
2026-08-12 09:50:00+00:00,processes,total,133,dbms,08-2026,couchbase-802-vanilla-ee-xsmall-small-aws,1,ip-172-31-25-22,ranking,benchANT
2026-08-12 09:50:10+00:00,processes,total,133,dbms,08-2026,couchbase-802-vanilla-ee-xsmall-small-aws,1,ip-172-31-25-22,ranking,benchANT
2026-08-12 09:50:20+00:00,processes,total,133,dbms,08-2026,couchbase-802-vanilla-ee-xsmall-small-aws,1,ip-172-31-25-22,ranking,benchANT
2026-08-12 09:50:30+00:00,processes,total,135,dbms,08-2026,couchbase-802-vanilla-ee-xsmall-small-aws,1,ip-172-31-25-22,ranking,benchANT
2026-08-12 09:50:40+00:00,processes,total,135,dbms,08-2026,couchbase-802-vanilla-ee-xsmall-small-aws,1,ip-172-31-25-22,ranking,benchANT
2026-08-12 09:50:50+00:00,processes,total,135,dbms,08-2026,couchbase-802-vanilla-ee-xsmall-small-aws,1,ip-172-31-25-22,ranking,benchANT
2026-08-12 09:51:00+00:00,processes,total,135,dbms,08-2026,couchbase-802-vanilla-ee-xsmall-small-aws,1,ip-172-31-25-22,ranking,benchANT
2026-08-12 09:51:10+00:00,processes,total,135,dbms,08-2026,couchbase-802-vanilla-ee-xsmall-small-aws,1,ip-172-31-25-22,ranking,benchANT
2026-08-12 09:51:20+00:00,processes,total,135,dbms,08-2026,couchbase-802-vanilla-ee-xsmall-small-aws,1,ip-172-31-25-22,ranking,benchANT
2026-08-12 09:51:30+00:00,processes,total,135,dbms,08-2026,couchbase-802-vanilla-ee-xsmall-small-aws,1,ip-172-31-25-22,ranking,benchANT
2026-08-12 09:51:40+00:00,processes,total,135,dbms,08-2026,couchbase-802-vanilla-ee-xsmall-small-aws,1,ip-172-31-25-22,ranking,benchANT
2026-08-12 09:51:50+00:00,processes,total,135,dbms,08-2026,couchbase-802-vanilla-ee-xsmall-small-aws,1,ip-172-31-25-22,ranking,benchANT
2026-08-12 09:52:00+00:00,processes,total,135,dbms,08-2026,couchbase-802-vanilla-ee-xsmall-small-aws,1,ip-172-31-25-22,ranking,benchANT
2026-08-12 09:52:10+00:00,processes,total,135,dbms,08-2026,couchbase-802-vanilla-ee-xsmall-small-aws,1,ip-172-31-25-22,ranking,benchANT
2026-08-12 09:52:20+00:00,processes,total,135,dbms,08-2026,couchbase-802-vanilla-ee-xsmall-small-aws,1,ip-172-31-25-22,ranking,benchANT
2026-08-12 09:52:30+00:00,processes,total,135,dbms,08-2026,couchbase-802-vanilla-ee-xsmall-small-aws,1,ip-172-31-25-22,ranking,benchANT
2026-08-12 09:52:40+00:00,processes,total,135,dbms,08-2026,couchbase-802-vanilla-ee-xsmall-small-aws,1,ip-172-31-25-22,ranking,benchANT
2026-08-12 09:52:50+00:00,processes,total,135,dbms,08-2026,couchbase-802-vanilla-ee-xsmall-small-aws,1,ip-172-31-25-22,ranking,benchANT
2026-08-12 09:53:00+00:00,processes,total,135,dbms,08-2026,couchbase-802-vanilla-ee-xsmall-small-aws,1,ip-172-31-25-22,ranking,benchANT
2026-08-12 09:53:10+00:00,processes,total,135,dbms,08-2026,couchbase-802-vanilla-ee-xsmall-small-aws,1,ip-172-31-25-22,ranking,benchANT
2026-08-12 09:53:20+00:00,processes,total,135,dbms,08-2026,couchbase-802-vanilla-ee-xsmall-small-aws,1,ip-172-31-25-22,ranking,benchANT
2026-08-12 09:53:30+00:00,processes,total,135,dbms,08-2026,couchbase-802-vanilla-ee-xsmall-small-aws,1,ip-172-31-25-22,ranking,benchANT
2026-08-12 09:53:40+00:00,processes,total,135,dbms,08-2026,couchbase-802-vanilla-ee-xsmall-small-aws,1,ip-172-31-25-22,ranking,benchANT
2026-08-12 09:53:50+00:00,processes,total,135,dbms,08-2026,couchbase-802-vanilla-ee-xsmall-small-aws,1,ip-172-31-25-22,ranking,benchANT
2026-08-12 09:54:00+00:00,processes,total,135,dbms,08-2026,couchbase-802-vanilla-ee-xsmall-small-aws,1,ip-172-31-25-22,ranking,benchANT
2026-08-12 09:54:10+00:00,processes,total,135,dbms,08-2026,couchbase-802-vanilla-ee-xsmall-small-aws,1,ip-172-31-25-22,ranking,benchANT
2026-08-12 09:54:20+00:00,processes,total,135,dbms,08-2026,couchbase-802-vanilla-ee-xsmall-small-aws,1,ip-172-31-25-22,ranking,benchANT
2026-08-12 09:54:30+00:00,processes,total,135,dbms,08-2026,couchbase-802-vanilla-ee-xsmall-small-aws,1,ip-172-31-25-22,ranking,benchANT
2026-08-12 09:54:40+00:00,processes,total,135,dbms,08-2026,couchbase-802-vanilla-ee-xsmall-small-aws,1,ip-172-31-25-22,ranking,benchANT
2026-08-12 09:54:50+00:00,processes,total,135,dbms,08-2026,couchbase-802-vanilla-ee-xsmall-small-aws,1,ip-172-31-25-22,ranking,benchANT
2026-08-12 09:55:00+00:00,processes,total,135,dbms,08-2026,couchbase-802-vanilla-ee-xsmall-small-aws,1,ip-172-31-25-22,ranking,benchANT
2026-08-12 09:55:10+00:00,processes,total,135,dbms,08-2026,couchbase-802-vanilla-ee-xsmall-small-aws,1,ip-172-31-25-22,ranking,benchANT
2026-08-12 09:55:20+00:00,processes,total,135,dbms,08-2026,couchbase-802-vanilla-ee-xsmall-small-aws,1,ip-172-31-25-22,ranking,benchANT
2026-08-12 09:55:30+00:00,processes,total,134,dbms,08-2026,couchbase-802-vanilla-ee-xsmall-small-aws,1,ip-172-31-25-22,ranking,benchANT
2026-08-12 09:55:40+00:00,processes,total,133,dbms,08-2026,couchbase-802-vanilla-ee-xsmall-small-aws,1,ip-172-31-25-22,ranking,benchANT
2026-08-12 09:55:50+00:00,processes,total,133,dbms,08-2026,couchbase-802-vanilla-ee-xsmall-small-aws,1,ip-172-31-25-22,ranking,benchANT
2026-08-12 09:56:00+00:00,processes,total,133,dbms,08-2026,couchbase-802-vanilla-ee-xsmall-small-aws,1,ip-172-31-25-22,ranking,benchANT
2026-08-12 09:56:10+00:00,processes,total,133,dbms,08-2026,couchbase-802-vanilla-ee-xsmall-small-aws,1,ip-172-31-25-22,ranking,benchANT
2026-08-12 09:56:20+00:00,processes,total,133,dbms,08-2026,couchbase-802-vanilla-ee-xsmall-small-aws,1,ip-172-31-25-22,ranking,benchANT
2026-08-12 09:56:30+00:00,processes,total,133,dbms,08-2026,couchbase-802-vanilla-ee-xsmall-small-aws,1,ip-172-31-25-22,ranking,benchANT
2026-08-12 09:56:40+00:00,processes,total,134,dbms,08-2026,couchbase-802-vanilla-ee-xsmall-small-aws,1,ip-172-31-25-22,ranking,benchANT
2026-08-12 09:56:50+00:00,processes,total,134,dbms,08-2026,couchbase-802-vanilla-ee-xsmall-small-aws,1,ip-172-31-25-22,ranking,benchANT
2026-08-12 09:57:00+00:00,processes,total,134,dbms,08-2026,couchbase-802-vanilla-ee-xsmall-small-aws,1,ip-172-31-25-22,ranking,benchANT
2026-08-12 09:57:10+00:00,processes,total,134,dbms,08-2026,couchbase-802-vanilla-ee-xsmall-small-aws,1,ip-172-31-25-22,ranking,benchANT
2026-08-12 09:57:20+00:00,processes,total,134,dbms,08-2026,couchbase-802-vanilla-ee-xsmall-small-aws,1,ip-172-31-25-22,ranking,benchANT
2026-08-12 09:57:30+00:00,processes,total,134,dbms,08-2026,couchbase-802-vanilla-ee-xsmall-small-aws,1,ip-172-31-25-22,ranking,benchANT
2026-08-12 09:57:40+00:00,processes,total,134,dbms,08-2026,couchbase-802-vanilla-ee-xsmall-small-aws,1,ip-172-31-25-22,ranking,benchANT
2026-08-12 09:57:50+00:00,processes,total,134,dbms,08-2026,couchbase-802-vanilla-ee-xsmall-small-aws,1,ip-172-31-25-22,ranking,benchANT
2026-08-12 09:58:00+00:00,processes,total,134,dbms,08-2026,couchbase-802-vanilla-ee-xsmall-small-aws,1,ip-172-31-25-22,ranking,benchANT
2026-08-12 09:58:10+00:00,processes,total,134,dbms,08-2026,couchbase-802-vanilla-ee-xsmall-small-aws,1,ip-172-31-25-22,ranking,benchANT
2026-08-12 09:58:20+00:00,processes,total,134,dbms,08-2026,couchbase-802-vanilla-ee-xsmall-small-aws,1,ip-172-31-25-22,ranking,benchANT
2026-08-12 09:58:30+00:00,processes,total,134,dbms,08-2026,couchbase-802-vanilla-ee-xsmall-small-aws,1,ip-172-31-25-22,ranking,benchANT
2026-08-12 09:58:40+00:00,processes,total,134,dbms,08-2026,couchbase-802-vanilla-ee-xsmall-small-aws,1,ip-172-31-25-22,ranking,benchANT
2026-08-12 09:58:50+00:00,processes,total,134,dbms,08-2026,couchbase-802-vanilla-ee-xsmall-small-aws,1,ip-172-31-25-22,ranking,benchANT
2026-08-12 09:59:00+00:00,processes,total,134,dbms,08-2026,couchbase-802-vanilla-ee-xsmall-small-aws,1,ip-172-31-25-22,ranking,benchANT
2026-08-12 09:59:10+00:00,processes,total,134,dbms,08-2026,couchbase-802-vanilla-ee-xsmall-small-aws,1,ip-172-31-25-22,ranking,benchANT
2026-08-12 09:59:20+00:00,processes,total,134,dbms,08-2026,couchbase-802-vanilla-ee-xsmall-small-aws,1,ip-172-31-25-22,ranking,benchANT
2026-08-12 09:59:30+00:00,processes,total,134,dbms,08-2026,couchbase-802-vanilla-ee-xsmall-small-aws,1,ip-172-31-25-22,ranking,benchANT
2026-08-12 09:59:40+00:00,processes,total,134,dbms,08-2026,couchbase-802-vanilla-ee-xsmall-small-aws,1,ip-172-31-25-22,ranking,benchANT
2026-08-12 09:59:50+00:00,processes,total,134,dbms,08-2026,couchbase-802-vanilla-ee-xsmall-small-aws,1,ip-172-31-25-22,ranking,benchANT
2026-08-12 10:00:00+00:00,processes,total,134,dbms,08-2026,couchbase-802-vanilla-ee-xsmall-small-aws,1,ip-172-31-25-22,ranking,benchANT
2026-08-12 10:00:10+00:00,processes,total,134,dbms,08-2026,couchbase-802-vanilla-ee-xsmall-small-aws,1,ip-172-31-25-22,ranking,benchANT
2026-08-12 10:00:20+00:00,processes,total,134,dbms,08-2026,couchbase-802-vanilla-ee-xsmall-small-aws,1,ip-172-31-25-22,ranking,benchANT
2026-08-12 10:00:30+00:00,processes,total,135,dbms,08-2026,couchbase-802-vanilla-ee-xsmall-small-aws,1,ip-172-31-25-22,ranking,benchANT
2026-08-12 10:00:40+00:00,processes,total,135,dbms,08-2026,couchbase-802-vanilla-ee-xsmall-small-aws,1,ip-172-31-25-22,ranking,benchANT
2026-08-12 10:00:50+00:00,processes,total,135,dbms,08-2026,couchbase-802-vanilla-ee-xsmall-small-aws,1,ip-172-31-25-22,ranking,benchANT
2026-08-12 10:01:00+00:00,processes,total,135,dbms,08-2026,couchbase-802-vanilla-ee-xsmall-small-aws,1,ip-172-31-25-22,ranking,benchANT
2026-08-12 10:01:10+00:00,processes,total,135,dbms,08-2026,couchbase-802-vanilla-ee-xsmall-small-aws,1,ip-172-31-25-22,ranking,benchANT
2026-08-12 10:01:20+00:00,processes,total,135,dbms,08-2026,couchbase-802-vanilla-ee-xsmall-small-aws,1,ip-172-31-25-22,ranking,benchANT
2026-08-12 10:01:30+00:00,processes,total,135,dbms,08-2026,couchbase-802-vanilla-ee-xsmall-small-aws,1,ip-172-31-25-22,ranking,benchANT
2026-08-12 10:01:40+00:00,processes,total,135,dbms,08-2026,couchbase-802-vanilla-ee-xsmall-small-aws,1,ip-172-31-25-22,ranking,benchANT
2026-08-12 10:01:50+00:00,processes,total,136,dbms,08-2026,couchbase-802-vanilla-ee-xsmall-small-aws,1,ip-172-31-25-22,ranking,benchANT
2026-08-12 10:02:00+00:00,processes,total,136,dbms,08-2026,couchbase-802-vanilla-ee-xsmall-small-aws,1,ip-172-31-25-22,ranking,benchANT
2026-08-12 10:02:10+00:00,processes,total,136,dbms,08-2026,couchbase-802-vanilla-ee-xsmall-small-aws,1,ip-172-31-25-22,ranking,benchANT
2026-08-12 10:02:20+00:00,processes,total,136,dbms,08-2026,couchbase-802-vanilla-ee-xsmall-small-aws,1,ip-172-31-25-22,ranking,benchANT
2026-08-12 10:02:30+00:00,processes,total,136,dbms,08-2026,couchbase-802-vanilla-ee-xsmall-small-aws,1,ip-172-31-25-22,ranking,benchANT
2026-08-12 10:02:40+00:00,processes,total,136,dbms,08-2026,couchbase-802-vanilla-ee-xsmall-small-aws,1,ip-172-31-25-22,ranking,benchANT
2026-08-12 10:02:50+00:00,processes,total,136,dbms,08-2026,couchbase-802-vanilla-ee-xsmall-small-aws,1,ip-172-31-25-22,ranking,benchANT
2026-08-12 10:03:00+00:00,processes,total,136,dbms,08-2026,couchbase-802-vanilla-ee-xsmall-small-aws,1,ip-172-31-25-22,ranking,benchANT
2026-08-12 10:03:10+00:00,processes,total,136,dbms,08-2026,couchbase-802-vanilla-ee-xsmall-small-aws,1,ip-172-31-25-22,ranking,benchANT
2026-08-12 10:03:20+00:00,processes,total,136,dbms,08-2026,couchbase-802-vanilla-ee-xsmall-small-aws,1,ip-172-31-25-22,ranking,benchANT
2026-08-12 10:03:30+00:00,processes,total,136,dbms,08-2026,couchbase-802-vanilla-ee-xsmall-small-aws,1,ip-172-31-25-22,ranking,benchANT
2026-08-12 10:03:40+00:00,processes,total,136,dbms,08-2026,couchbase-802-vanilla-ee-xsmall-small-aws,1,ip-172-31-25-22,ranking,benchANT
2026-08-12 10:03:50+00:00,processes,total,136,dbms,08-2026,couchbase-802-vanilla-ee-xsmall-small-aws,1,ip-172-31-25-22,ranking,benchANT
2026-08-12 10:04:00+00:00,processes,total,136,dbms,08-2026,couchbase-802-vanilla-ee-xsmall-small-aws,1,ip-172-31-25-22,ranking,benchANT
2026-08-12 10:04:10+00:00,processes,total,136,dbms,08-2026,couchbase-802-vanilla-ee-xsmall-small-aws,1,ip-172-31-25-22,ranking,benchANT
2026-08-12 10:04:20+00:00,processes,total,136,dbms,08-2026,couchbase-802-vanilla-ee-xsmall-small-aws,1,ip-172-31-25-22,ranking,benchANT
2026-08-12 10:04:30+00:00,processes,total,136,dbms,08-2026,couchbase-802-vanilla-ee-xsmall-small-aws,1,ip-172-31-25-22,ranking,benchANT
2026-08-12 10:04:40+00:00,processes,total,136,dbms,08-2026,couchbase-802-vanilla-ee-xsmall-small-aws,1,ip-172-31-25-22,ranking,benchANT
2026-08-12 10:04:50+00:00,processes,total,136,dbms,08-2026,couchbase-802-vanilla-ee-xsmall-small-aws,1,ip-172-31-25-22,ranking,benchANT
2026-08-12 10:05:00+00:00,processes,total,136,dbms,08-2026,couchbase-802-vanilla-ee-xsmall-small-aws,1,ip-172-31-25-22,ranking,benchANT
2026-08-12 10:05:10+00:00,processes,total,136,dbms,08-2026,couchbase-802-vanilla-ee-xsmall-small-aws,1,ip-172-31-25-22,ranking,benchANT
2026-08-12 10:05:20+00:00,processes,total,136,dbms,08-2026,couchbase-802-vanilla-ee-xsmall-small-aws,1,ip-172-31-25-22,ranking,benchANT
2026-08-12 10:05:30+00:00,processes,total,136,dbms,08-2026,couchbase-802-vanilla-ee-xsmall-small-aws,1,ip-172-31-25-22,ranking,benchANT
2026-08-12 10:05:40+00:00,processes,total,136,dbms,08-2026,couchbase-802-vanilla-ee-xsmall-small-aws,1,ip-172-31-25-22,ranking,benchANT
2026-08-12 09:35:50+00:00,processes,total_threads,363,dbms,08-2026,couchbase-802-vanilla-ee-xsmall-small-aws,1,ip-172-31-25-22,ranking,benchANT
2026-08-12 09:36:00+00:00,processes,total_threads,363,dbms,08-2026,couchbase-802-vanilla-ee-xsmall-small-aws,1,ip-172-31-25-22,ranking,benchANT
2026-08-12 09:36:10+00:00,processes,total_threads,363,dbms,08-2026,couchbase-802-vanilla-ee-xsmall-small-aws,1,ip-172-31-25-22,ranking,benchANT
2026-08-12 09:36:20+00:00,processes,total_threads,363,dbms,08-2026,couchbase-802-vanilla-ee-xsmall-small-aws,1,ip-172-31-25-22,ranking,benchANT
2026-08-12 09:36:30+00:00,processes,total_threads,363,dbms,08-2026,couchbase-802-vanilla-ee-xsmall-small-aws,1,ip-172-31-25-22,ranking,benchANT
2026-08-12 09:36:40+00:00,processes,total_threads,363,dbms,08-2026,couchbase-802-vanilla-ee-xsmall-small-aws,1,ip-172-31-25-22,ranking,benchANT
2026-08-12 09:36:50+00:00,processes,total_threads,363,dbms,08-2026,couchbase-802-vanilla-ee-xsmall-small-aws,1,ip-172-31-25-22,ranking,benchANT
2026-08-12 09:37:00+00:00,processes,total_threads,364,dbms,08-2026,couchbase-802-vanilla-ee-xsmall-small-aws,1,ip-172-31-25-22,ranking,benchANT
2026-08-12 09:37:10+00:00,processes,total_threads,365,dbms,08-2026,couchbase-802-vanilla-ee-xsmall-small-aws,1,ip-172-31-25-22,ranking,benchANT
2026-08-12 09:37:20+00:00,processes,total_threads,365,dbms,08-2026,couchbase-802-vanilla-ee-xsmall-small-aws,1,ip-172-31-25-22,ranking,benchANT
2026-08-12 09:37:30+00:00,processes,total_threads,365,dbms,08-2026,couchbase-802-vanilla-ee-xsmall-small-aws,1,ip-172-31-25-22,ranking,benchANT
2026-08-12 09:37:40+00:00,processes,total_threads,365,dbms,08-2026,couchbase-802-vanilla-ee-xsmall-small-aws,1,ip-172-31-25-22,ranking,benchANT
2026-08-12 09:37:50+00:00,processes,total_threads,365,dbms,08-2026,couchbase-802-vanilla-ee-xsmall-small-aws,1,ip-172-31-25-22,ranking,benchANT
2026-08-12 09:38:00+00:00,processes,total_threads,365,dbms,08-2026,couchbase-802-vanilla-ee-xsmall-small-aws,1,ip-172-31-25-22,ranking,benchANT
2026-08-12 09:38:10+00:00,processes,total_threads,365,dbms,08-2026,couchbase-802-vanilla-ee-xsmall-small-aws,1,ip-172-31-25-22,ranking,benchANT
2026-08-12 09:38:20+00:00,processes,total_threads,365,dbms,08-2026,couchbase-802-vanilla-ee-xsmall-small-aws,1,ip-172-31-25-22,ranking,benchANT
2026-08-12 09:38:30+00:00,processes,total_threads,365,dbms,08-2026,couchbase-802-vanilla-ee-xsmall-small-aws,1,ip-172-31-25-22,ranking,benchANT
2026-08-12 09:38:40+00:00,processes,total_threads,365,dbms,08-2026,couchbase-802-vanilla-ee-xsmall-small-aws,1,ip-172-31-25-22,ranking,benchANT
2026-08-12 09:38:50+00:00,processes,total_threads,365,dbms,08-2026,couchbase-802-vanilla-ee-xsmall-small-aws,1,ip-172-31-25-22,ranking,benchANT
2026-08-12 09:39:00+00:00,processes,total_threads,365,dbms,08-2026,couchbase-802-vanilla-ee-xsmall-small-aws,1,ip-172-31-25-22,ranking,benchANT
2026-08-12 09:39:10+00:00,processes,total_threads,365,dbms,08-2026,couchbase-802-vanilla-ee-xsmall-small-aws,1,ip-172-31-25-22,ranking,benchANT
2026-08-12 09:39:20+00:00,processes,total_threads,365,dbms,08-2026,couchbase-802-vanilla-ee-xsmall-small-aws,1,ip-172-31-25-22,ranking,benchANT
2026-08-12 09:39:30+00:00,processes,total_threads,365,dbms,08-2026,couchbase-802-vanilla-ee-xsmall-small-aws,1,ip-172-31-25-22,ranking,benchANT
2026-08-12 09:39:40+00:00,processes,total_threads,365,dbms,08-2026,couchbase-802-vanilla-ee-xsmall-small-aws,1,ip-172-31-25-22,ranking,benchANT
2026-08-12 09:39:50+00:00,processes,total_threads,365,dbms,08-2026,couchbase-802-vanilla-ee-xsmall-small-aws,1,ip-172-31-25-22,ranking,benchANT
2026-08-12 09:40:00+00:00,processes,total_threads,365,dbms,08-2026,couchbase-802-vanilla-ee-xsmall-small-aws,1,ip-172-31-25-22,ranking,benchANT
2026-08-12 09:40:10+00:00,processes,total_threads,365,dbms,08-2026,couchbase-802-vanilla-ee-xsmall-small-aws,1,ip-172-31-25-22,ranking,benchANT
2026-08-12 09:40:20+00:00,processes,total_threads,365,dbms,08-2026,couchbase-802-vanilla-ee-xsmall-small-aws,1,ip-172-31-25-22,ranking,benchANT
2026-08-12 09:40:30+00:00,processes,total_threads,365,dbms,08-2026,couchbase-802-vanilla-ee-xsmall-small-aws,1,ip-172-31-25-22,ranking,benchANT
2026-08-12 09:40:40+00:00,processes,total_threads,365,dbms,08-2026,couchbase-802-vanilla-ee-xsmall-small-aws,1,ip-172-31-25-22,ranking,benchANT
2026-08-12 09:40:50+00:00,processes,total_threads,365,dbms,08-2026,couchbase-802-vanilla-ee-xsmall-small-aws,1,ip-172-31-25-22,ranking,benchANT
2026-08-12 09:41:00+00:00,processes,total_threads,365,dbms,08-2026,couchbase-802-vanilla-ee-xsmall-small-aws,1,ip-172-31-25-22,ranking,benchANT
2026-08-12 09:41:10+00:00,processes,total_threads,365,dbms,08-2026,couchbase-802-vanilla-ee-xsmall-small-aws,1,ip-172-31-25-22,ranking,benchANT
2026-08-12 09:41:20+00:00,processes,total_threads,365,dbms,08-2026,couchbase-802-vanilla-ee-xsmall-small-aws,1,ip-172-31-25-22,ranking,benchANT
2026-08-12 09:41:30+00:00,processes,total_threads,365,dbms,08-2026,couchbase-802-vanilla-ee-xsmall-small-aws,1,ip-172-31-25-22,ranking,benchANT
2026-08-12 09:41:40+00:00,processes,total_threads,365,dbms,08-2026,couchbase-802-vanilla-ee-xsmall-small-aws,1,ip-172-31-25-22,ranking,benchANT
2026-08-12 09:41:50+00:00,processes,total_threads,366,dbms,08-2026,couchbase-802-vanilla-ee-xsmall-small-aws,1,ip-172-31-25-22,ranking,benchANT
2026-08-12 09:42:00+00:00,processes,total_threads,365,dbms,08-2026,couchbase-802-vanilla-ee-xsmall-small-aws,1,ip-172-31-25-22,ranking,benchANT
2026-08-12 09:42:10+00:00,processes,total_threads,364,dbms,08-2026,couchbase-802-vanilla-ee-xsmall-small-aws,1,ip-172-31-25-22,ranking,benchANT
2026-08-12 09:42:20+00:00,processes,total_threads,363,dbms,08-2026,couchbase-802-vanilla-ee-xsmall-small-aws,1,ip-172-31-25-22,ranking,benchANT
2026-08-12 09:42:30+00:00,processes,total_threads,363,dbms,08-2026,couchbase-802-vanilla-ee-xsmall-small-aws,1,ip-172-31-25-22,ranking,benchANT
2026-08-12 09:42:40+00:00,processes,total_threads,363,dbms,08-2026,couchbase-802-vanilla-ee-xsmall-small-aws,1,ip-172-31-25-22,ranking,benchANT
2026-08-12 09:42:50+00:00,processes,total_threads,363,dbms,08-2026,couchbase-802-vanilla-ee-xsmall-small-aws,1,ip-172-31-25-22,ranking,benchANT
2026-08-12 09:43:00+00:00,processes,total_threads,363,dbms,08-2026,couchbase-802-vanilla-ee-xsmall-small-aws,1,ip-172-31-25-22,ranking,benchANT
2026-08-12 09:43:10+00:00,processes,total_threads,363,dbms,08-2026,couchbase-802-vanilla-ee-xsmall-small-aws,1,ip-172-31-25-22,ranking,benchANT
2026-08-12 09:43:20+00:00,processes,total_threads,363,dbms,08-2026,couchbase-802-vanilla-ee-xsmall-small-aws,1,ip-172-31-25-22,ranking,benchANT
2026-08-12 09:43:30+00:00,processes,total_threads,364,dbms,08-2026,couchbase-802-vanilla-ee-xsmall-small-aws,1,ip-172-31-25-22,ranking,benchANT
2026-08-12 09:43:40+00:00,processes,total_threads,364,dbms,08-2026,couchbase-802-vanilla-ee-xsmall-small-aws,1,ip-172-31-25-22,ranking,benchANT
2026-08-12 09:43:50+00:00,processes,total_threads,364,dbms,08-2026,couchbase-802-vanilla-ee-xsmall-small-aws,1,ip-172-31-25-22,ranking,benchANT
2026-08-12 09:44:00+00:00,processes,total_threads,364,dbms,08-2026,couchbase-802-vanilla-ee-xsmall-small-aws,1,ip-172-31-25-22,ranking,benchANT
2026-08-12 09:44:10+00:00,processes,total_threads,364,dbms,08-2026,couchbase-802-vanilla-ee-xsmall-small-aws,1,ip-172-31-25-22,ranking,benchANT
2026-08-12 09:44:20+00:00,processes,total_threads,364,dbms,08-2026,couchbase-802-vanilla-ee-xsmall-small-aws,1,ip-172-31-25-22,ranking,benchANT
2026-08-12 09:44:30+00:00,processes,total_threads,364,dbms,08-2026,couchbase-802-vanilla-ee-xsmall-small-aws,1,ip-172-31-25-22,ranking,benchANT
2026-08-12 09:44:40+00:00,processes,total_threads,364,dbms,08-2026,couchbase-802-vanilla-ee-xsmall-small-aws,1,ip-172-31-25-22,ranking,benchANT
2026-08-12 09:44:50+00:00,processes,total_threads,364,dbms,08-2026,couchbase-802-vanilla-ee-xsmall-small-aws,1,ip-172-31-25-22,ranking,benchANT
2026-08-12 09:45:00+00:00,processes,total_threads,364,dbms,08-2026,couchbase-802-vanilla-ee-xsmall-small-aws,1,ip-172-31-25-22,ranking,benchANT
2026-08-12 09:45:10+00:00,processes,total_threads,364,dbms,08-2026,couchbase-802-vanilla-ee-xsmall-small-aws,1,ip-172-31-25-22,ranking,benchANT
2026-08-12 09:45:20+00:00,processes,total_threads,364,dbms,08-2026,couchbase-802-vanilla-ee-xsmall-small-aws,1,ip-172-31-25-22,ranking,benchANT
2026-08-12 09:45:30+00:00,processes,total_threads,364,dbms,08-2026,couchbase-802-vanilla-ee-xsmall-small-aws,1,ip-172-31-25-22,ranking,benchANT
2026-08-12 09:45:40+00:00,processes,total_threads,364,dbms,08-2026,couchbase-802-vanilla-ee-xsmall-small-aws,1,ip-172-31-25-22,ranking,benchANT
2026-08-12 09:45:50+00:00,processes,total_threads,364,dbms,08-2026,couchbase-802-vanilla-ee-xsmall-small-aws,1,ip-172-31-25-22,ranking,benchANT
2026-08-12 09:46:00+00:00,processes,total_threads,364,dbms,08-2026,couchbase-802-vanilla-ee-xsmall-small-aws,1,ip-172-31-25-22,ranking,benchANT
2026-08-12 09:46:10+00:00,processes,total_threads,364,dbms,08-2026,couchbase-802-vanilla-ee-xsmall-small-aws,1,ip-172-31-25-22,ranking,benchANT
2026-08-12 09:46:20+00:00,processes,total_threads,364,dbms,08-2026,couchbase-802-vanilla-ee-xsmall-small-aws,1,ip-172-31-25-22,ranking,benchANT
2026-08-12 09:46:30+00:00,processes,total_threads,364,dbms,08-2026,couchbase-802-vanilla-ee-xsmall-small-aws,1,ip-172-31-25-22,ranking,benchANT
2026-08-12 09:46:40+00:00,processes,total_threads,364,dbms,08-2026,couchbase-802-vanilla-ee-xsmall-small-aws,1,ip-172-31-25-22,ranking,benchANT
2026-08-12 09:46:50+00:00,processes,total_threads,364,dbms,08-2026,couchbase-802-vanilla-ee-xsmall-small-aws,1,ip-172-31-25-22,ranking,benchANT
2026-08-12 09:47:00+00:00,processes,total_threads,364,dbms,08-2026,couchbase-802-vanilla-ee-xsmall-small-aws,1,ip-172-31-25-22,ranking,benchANT
2026-08-12 09:47:10+00:00,processes,total_threads,364,dbms,08-2026,couchbase-802-vanilla-ee-xsmall-small-aws,1,ip-172-31-25-22,ranking,benchANT
2026-08-12 09:47:20+00:00,processes,total_threads,364,dbms,08-2026,couchbase-802-vanilla-ee-xsmall-small-aws,1,ip-172-31-25-22,ranking,benchANT
2026-08-12 09:47:30+00:00,processes,total_threads,364,dbms,08-2026,couchbase-802-vanilla-ee-xsmall-small-aws,1,ip-172-31-25-22,ranking,benchANT
2026-08-12 09:47:40+00:00,processes,total_threads,364,dbms,08-2026,couchbase-802-vanilla-ee-xsmall-small-aws,1,ip-172-31-25-22,ranking,benchANT
2026-08-12 09:47:50+00:00,processes,total_threads,364,dbms,08-2026,couchbase-802-vanilla-ee-xsmall-small-aws,1,ip-172-31-25-22,ranking,benchANT
2026-08-12 09:48:00+00:00,processes,total_threads,364,dbms,08-2026,couchbase-802-vanilla-ee-xsmall-small-aws,1,ip-172-31-25-22,ranking,benchANT
2026-08-12 09:48:10+00:00,processes,total_threads,364,dbms,08-2026,couchbase-802-vanilla-ee-xsmall-small-aws,1,ip-172-31-25-22,ranking,benchANT
2026-08-12 09:48:20+00:00,processes,total_threads,364,dbms,08-2026,couchbase-802-vanilla-ee-xsmall-small-aws,1,ip-172-31-25-22,ranking,benchANT
2026-08-12 09:48:30+00:00,processes,total_threads,363,dbms,08-2026,couchbase-802-vanilla-ee-xsmall-small-aws,1,ip-172-31-25-22,ranking,benchANT
2026-08-12 09:48:40+00:00,processes,total_threads,363,dbms,08-2026,couchbase-802-vanilla-ee-xsmall-small-aws,1,ip-172-31-25-22,ranking,benchANT
2026-08-12 09:48:50+00:00,processes,total_threads,363,dbms,08-2026,couchbase-802-vanilla-ee-xsmall-small-aws,1,ip-172-31-25-22,ranking,benchANT
2026-08-12 09:49:00+00:00,processes,total_threads,363,dbms,08-2026,couchbase-802-vanilla-ee-xsmall-small-aws,1,ip-172-31-25-22,ranking,benchANT
2026-08-12 09:49:10+00:00,processes,total_threads,363,dbms,08-2026,couchbase-802-vanilla-ee-xsmall-small-aws,1,ip-172-31-25-22,ranking,benchANT
2026-08-12 09:49:20+00:00,processes,total_threads,363,dbms,08-2026,couchbase-802-vanilla-ee-xsmall-small-aws,1,ip-172-31-25-22,ranking,benchANT
2026-08-12 09:49:30+00:00,processes,total_threads,363,dbms,08-2026,couchbase-802-vanilla-ee-xsmall-small-aws,1,ip-172-31-25-22,ranking,benchANT
2026-08-12 09:49:40+00:00,processes,total_threads,363,dbms,08-2026,couchbase-802-vanilla-ee-xsmall-small-aws,1,ip-172-31-25-22,ranking,benchANT
2026-08-12 09:49:50+00:00,processes,total_threads,363,dbms,08-2026,couchbase-802-vanilla-ee-xsmall-small-aws,1,ip-172-31-25-22,ranking,benchANT
2026-08-12 09:50:00+00:00,processes,total_threads,363,dbms,08-2026,couchbase-802-vanilla-ee-xsmall-small-aws,1,ip-172-31-25-22,ranking,benchANT
2026-08-12 09:50:10+00:00,processes,total_threads,363,dbms,08-2026,couchbase-802-vanilla-ee-xsmall-small-aws,1,ip-172-31-25-22,ranking,benchANT
2026-08-12 09:50:20+00:00,processes,total_threads,363,dbms,08-2026,couchbase-802-vanilla-ee-xsmall-small-aws,1,ip-172-31-25-22,ranking,benchANT
2026-08-12 09:50:30+00:00,processes,total_threads,365,dbms,08-2026,couchbase-802-vanilla-ee-xsmall-small-aws,1,ip-172-31-25-22,ranking,benchANT
2026-08-12 09:50:40+00:00,processes,total_threads,365,dbms,08-2026,couchbase-802-vanilla-ee-xsmall-small-aws,1,ip-172-31-25-22,ranking,benchANT
2026-08-12 09:50:50+00:00,processes,total_threads,365,dbms,08-2026,couchbase-802-vanilla-ee-xsmall-small-aws,1,ip-172-31-25-22,ranking,benchANT
2026-08-12 09:51:00+00:00,processes,total_threads,365,dbms,08-2026,couchbase-802-vanilla-ee-xsmall-small-aws,1,ip-172-31-25-22,ranking,benchANT
2026-08-12 09:51:10+00:00,processes,total_threads,365,dbms,08-2026,couchbase-802-vanilla-ee-xsmall-small-aws,1,ip-172-31-25-22,ranking,benchANT
2026-08-12 09:51:20+00:00,processes,total_threads,365,dbms,08-2026,couchbase-802-vanilla-ee-xsmall-small-aws,1,ip-172-31-25-22,ranking,benchANT
2026-08-12 09:51:30+00:00,processes,total_threads,365,dbms,08-2026,couchbase-802-vanilla-ee-xsmall-small-aws,1,ip-172-31-25-22,ranking,benchANT
2026-08-12 09:51:40+00:00,processes,total_threads,365,dbms,08-2026,couchbase-802-vanilla-ee-xsmall-small-aws,1,ip-172-31-25-22,ranking,benchANT
2026-08-12 09:51:50+00:00,processes,total_threads,366,dbms,08-2026,couchbase-802-vanilla-ee-xsmall-small-aws,1,ip-172-31-25-22,ranking,benchANT
2026-08-12 09:52:00+00:00,processes,total_threads,366,dbms,08-2026,couchbase-802-vanilla-ee-xsmall-small-aws,1,ip-172-31-25-22,ranking,benchANT
2026-08-12 09:52:10+00:00,processes,total_threads,365,dbms,08-2026,couchbase-802-vanilla-ee-xsmall-small-aws,1,ip-172-31-25-22,ranking,benchANT
2026-08-12 09:52:20+00:00,processes,total_threads,365,dbms,08-2026,couchbase-802-vanilla-ee-xsmall-small-aws,1,ip-172-31-25-22,ranking,benchANT
2026-08-12 09:52:30+00:00,processes,total_threads,365,dbms,08-2026,couchbase-802-vanilla-ee-xsmall-small-aws,1,ip-172-31-25-22,ranking,benchANT
2026-08-12 09:52:40+00:00,processes,total_threads,365,dbms,08-2026,couchbase-802-vanilla-ee-xsmall-small-aws,1,ip-172-31-25-22,ranking,benchANT
2026-08-12 09:52:50+00:00,processes,total_threads,365,dbms,08-2026,couchbase-802-vanilla-ee-xsmall-small-aws,1,ip-172-31-25-22,ranking,benchANT
2026-08-12 09:53:00+00:00,processes,total_threads,365,dbms,08-2026,couchbase-802-vanilla-ee-xsmall-small-aws,1,ip-172-31-25-22,ranking,benchANT
2026-08-12 09:53:10+00:00,processes,total_threads,365,dbms,08-2026,couchbase-802-vanilla-ee-xsmall-small-aws,1,ip-172-31-25-22,ranking,benchANT
2026-08-12 09:53:20+00:00,processes,total_threads,365,dbms,08-2026,couchbase-802-vanilla-ee-xsmall-small-aws,1,ip-172-31-25-22,ranking,benchANT
2026-08-12 09:53:30+00:00,processes,total_threads,365,dbms,08-2026,couchbase-802-vanilla-ee-xsmall-small-aws,1,ip-172-31-25-22,ranking,benchANT
2026-08-12 09:53:40+00:00,processes,total_threads,365,dbms,08-2026,couchbase-802-vanilla-ee-xsmall-small-aws,1,ip-172-31-25-22,ranking,benchANT
2026-08-12 09:53:50+00:00,processes,total_threads,365,dbms,08-2026,couchbase-802-vanilla-ee-xsmall-small-aws,1,ip-172-31-25-22,ranking,benchANT
2026-08-12 09:54:00+00:00,processes,total_threads,365,dbms,08-2026,couchbase-802-vanilla-ee-xsmall-small-aws,1,ip-172-31-25-22,ranking,benchANT
2026-08-12 09:54:10+00:00,processes,total_threads,365,dbms,08-2026,couchbase-802-vanilla-ee-xsmall-small-aws,1,ip-172-31-25-22,ranking,benchANT
2026-08-12 09:54:20+00:00,processes,total_threads,365,dbms,08-2026,couchbase-802-vanilla-ee-xsmall-small-aws,1,ip-172-31-25-22,ranking,benchANT
2026-08-12 09:54:30+00:00,processes,total_threads,365,dbms,08-2026,couchbase-802-vanilla-ee-xsmall-small-aws,1,ip-172-31-25-22,ranking,benchANT
2026-08-12 09:54:40+00:00,processes,total_threads,365,dbms,08-2026,couchbase-802-vanilla-ee-xsmall-small-aws,1,ip-172-31-25-22,ranking,benchANT
2026-08-12 09:54:50+00:00,processes,total_threads,365,dbms,08-2026,couchbase-802-vanilla-ee-xsmall-small-aws,1,ip-172-31-25-22,ranking,benchANT
2026-08-12 09:55:00+00:00,processes,total_threads,365,dbms,08-2026,couchbase-802-vanilla-ee-xsmall-small-aws,1,ip-172-31-25-22,ranking,benchANT
2026-08-12 09:55:10+00:00,processes,total_threads,365,dbms,08-2026,couchbase-802-vanilla-ee-xsmall-small-aws,1,ip-172-31-25-22,ranking,benchANT
2026-08-12 09:55:20+00:00,processes,total_threads,365,dbms,08-2026,couchbase-802-vanilla-ee-xsmall-small-aws,1,ip-172-31-25-22,ranking,benchANT
2026-08-12 09:55:30+00:00,processes,total_threads,364,dbms,08-2026,couchbase-802-vanilla-ee-xsmall-small-aws,1,ip-172-31-25-22,ranking,benchANT
2026-08-12 09:55:40+00:00,processes,total_threads,363,dbms,08-2026,couchbase-802-vanilla-ee-xsmall-small-aws,1,ip-172-31-25-22,ranking,benchANT
2026-08-12 09:55:50+00:00,processes,total_threads,363,dbms,08-2026,couchbase-802-vanilla-ee-xsmall-small-aws,1,ip-172-31-25-22,ranking,benchANT
2026-08-12 09:56:00+00:00,processes,total_threads,363,dbms,08-2026,couchbase-802-vanilla-ee-xsmall-small-aws,1,ip-172-31-25-22,ranking,benchANT
2026-08-12 09:56:10+00:00,processes,total_threads,363,dbms,08-2026,couchbase-802-vanilla-ee-xsmall-small-aws,1,ip-172-31-25-22,ranking,benchANT
2026-08-12 09:56:20+00:00,processes,total_threads,363,dbms,08-2026,couchbase-802-vanilla-ee-xsmall-small-aws,1,ip-172-31-25-22,ranking,benchANT
2026-08-12 09:56:30+00:00,processes,total_threads,363,dbms,08-2026,couchbase-802-vanilla-ee-xsmall-small-aws,1,ip-172-31-25-22,ranking,benchANT
2026-08-12 09:56:40+00:00,processes,total_threads,364,dbms,08-2026,couchbase-802-vanilla-ee-xsmall-small-aws,1,ip-172-31-25-22,ranking,benchANT
2026-08-12 09:56:50+00:00,processes,total_threads,364,dbms,08-2026,couchbase-802-vanilla-ee-xsmall-small-aws,1,ip-172-31-25-22,ranking,benchANT
2026-08-12 09:57:00+00:00,processes,total_threads,364,dbms,08-2026,couchbase-802-vanilla-ee-xsmall-small-aws,1,ip-172-31-25-22,ranking,benchANT
2026-08-12 09:57:10+00:00,processes,total_threads,364,dbms,08-2026,couchbase-802-vanilla-ee-xsmall-small-aws,1,ip-172-31-25-22,ranking,benchANT
2026-08-12 09:57:20+00:00,processes,total_threads,364,dbms,08-2026,couchbase-802-vanilla-ee-xsmall-small-aws,1,ip-172-31-25-22,ranking,benchANT
2026-08-12 09:57:30+00:00,processes,total_threads,364,dbms,08-2026,couchbase-802-vanilla-ee-xsmall-small-aws,1,ip-172-31-25-22,ranking,benchANT
2026-08-12 09:57:40+00:00,processes,total_threads,364,dbms,08-2026,couchbase-802-vanilla-ee-xsmall-small-aws,1,ip-172-31-25-22,ranking,benchANT
2026-08-12 09:57:50+00:00,processes,total_threads,364,dbms,08-2026,couchbase-802-vanilla-ee-xsmall-small-aws,1,ip-172-31-25-22,ranking,benchANT
2026-08-12 09:58:00+00:00,processes,total_threads,364,dbms,08-2026,couchbase-802-vanilla-ee-xsmall-small-aws,1,ip-172-31-25-22,ranking,benchANT
2026-08-12 09:58:10+00:00,processes,total_threads,364,dbms,08-2026,couchbase-802-vanilla-ee-xsmall-small-aws,1,ip-172-31-25-22,ranking,benchANT
2026-08-12 09:58:20+00:00,processes,total_threads,364,dbms,08-2026,couchbase-802-vanilla-ee-xsmall-small-aws,1,ip-172-31-25-22,ranking,benchANT
2026-08-12 09:58:30+00:00,processes,total_threads,364,dbms,08-2026,couchbase-802-vanilla-ee-xsmall-small-aws,1,ip-172-31-25-22,ranking,benchANT
2026-08-12 09:58:40+00:00,processes,total_threads,364,dbms,08-2026,couchbase-802-vanilla-ee-xsmall-small-aws,1,ip-172-31-25-22,ranking,benchANT
2026-08-12 09:58:50+00:00,processes,total_threads,364,dbms,08-2026,couchbase-802-vanilla-ee-xsmall-small-aws,1,ip-172-31-25-22,ranking,benchANT
2026-08-12 09:59:00+00:00,processes,total_threads,364,dbms,08-2026,couchbase-802-vanilla-ee-xsmall-small-aws,1,ip-172-31-25-22,ranking,benchANT
2026-08-12 09:59:10+00:00,processes,total_threads,364,dbms,08-2026,couchbase-802-vanilla-ee-xsmall-small-aws,1,ip-172-31-25-22,ranking,benchANT
2026-08-12 09:59:20+00:00,processes,total_threads,364,dbms,08-2026,couchbase-802-vanilla-ee-xsmall-small-aws,1,ip-172-31-25-22,ranking,benchANT
2026-08-12 09:59:30+00:00,processes,total_threads,364,dbms,08-2026,couchbase-802-vanilla-ee-xsmall-small-aws,1,ip-172-31-25-22,ranking,benchANT
2026-08-12 09:59:40+00:00,processes,total_threads,364,dbms,08-2026,couchbase-802-vanilla-ee-xsmall-small-aws,1,ip-172-31-25-22,ranking,benchANT
2026-08-12 09:59:50+00:00,processes,total_threads,364,dbms,08-2026,couchbase-802-vanilla-ee-xsmall-small-aws,1,ip-172-31-25-22,ranking,benchANT
2026-08-12 10:00:00+00:00,processes,total_threads,364,dbms,08-2026,couchbase-802-vanilla-ee-xsmall-small-aws,1,ip-172-31-25-22,ranking,benchANT
2026-08-12 10:00:10+00:00,processes,total_threads,364,dbms,08-2026,couchbase-802-vanilla-ee-xsmall-small-aws,1,ip-172-31-25-22,ranking,benchANT
2026-08-12 10:00:20+00:00,processes,total_threads,364,dbms,08-2026,couchbase-802-vanilla-ee-xsmall-small-aws,1,ip-172-31-25-22,ranking,benchANT
2026-08-12 10:00:30+00:00,processes,total_threads,365,dbms,08-2026,couchbase-802-vanilla-ee-xsmall-small-aws,1,ip-172-31-25-22,ranking,benchANT
2026-08-12 10:00:40+00:00,processes,total_threads,365,dbms,08-2026,couchbase-802-vanilla-ee-xsmall-small-aws,1,ip-172-31-25-22,ranking,benchANT
2026-08-12 10:00:50+00:00,processes,total_threads,365,dbms,08-2026,couchbase-802-vanilla-ee-xsmall-small-aws,1,ip-172-31-25-22,ranking,benchANT
2026-08-12 10:01:00+00:00,processes,total_threads,365,dbms,08-2026,couchbase-802-vanilla-ee-xsmall-small-aws,1,ip-172-31-25-22,ranking,benchANT
2026-08-12 10:01:10+00:00,processes,total_threads,365,dbms,08-2026,couchbase-802-vanilla-ee-xsmall-small-aws,1,ip-172-31-25-22,ranking,benchANT
2026-08-12 10:01:20+00:00,processes,total_threads,365,dbms,08-2026,couchbase-802-vanilla-ee-xsmall-small-aws,1,ip-172-31-25-22,ranking,benchANT
2026-08-12 10:01:30+00:00,processes,total_threads,365,dbms,08-2026,couchbase-802-vanilla-ee-xsmall-small-aws,1,ip-172-31-25-22,ranking,benchANT
2026-08-12 10:01:40+00:00,processes,total_threads,365,dbms,08-2026,couchbase-802-vanilla-ee-xsmall-small-aws,1,ip-172-31-25-22,ranking,benchANT
2026-08-12 10:01:50+00:00,processes,total_threads,367,dbms,08-2026,couchbase-802-vanilla-ee-xsmall-small-aws,1,ip-172-31-25-22,ranking,benchANT
2026-08-12 10:02:00+00:00,processes,total_threads,367,dbms,08-2026,couchbase-802-vanilla-ee-xsmall-small-aws,1,ip-172-31-25-22,ranking,benchANT
2026-08-12 10:02:10+00:00,processes,total_threads,366,dbms,08-2026,couchbase-802-vanilla-ee-xsmall-small-aws,1,ip-172-31-25-22,ranking,benchANT
2026-08-12 10:02:20+00:00,processes,total_threads,366,dbms,08-2026,couchbase-802-vanilla-ee-xsmall-small-aws,1,ip-172-31-25-22,ranking,benchANT
2026-08-12 10:02:30+00:00,processes,total_threads,366,dbms,08-2026,couchbase-802-vanilla-ee-xsmall-small-aws,1,ip-172-31-25-22,ranking,benchANT
2026-08-12 10:02:40+00:00,processes,total_threads,366,dbms,08-2026,couchbase-802-vanilla-ee-xsmall-small-aws,1,ip-172-31-25-22,ranking,benchANT
2026-08-12 10:02:50+00:00,processes,total_threads,366,dbms,08-2026,couchbase-802-vanilla-ee-xsmall-small-aws,1,ip-172-31-25-22,ranking,benchANT
2026-08-12 10:03:00+00:00,processes,total_threads,366,dbms,08-2026,couchbase-802-vanilla-ee-xsmall-small-aws,1,ip-172-31-25-22,ranking,benchANT
2026-08-12 10:03:10+00:00,processes,total_threads,366,dbms,08-2026,couchbase-802-vanilla-ee-xsmall-small-aws,1,ip-172-31-25-22,ranking,benchANT
2026-08-12 10:03:20+00:00,processes,total_threads,366,dbms,08-2026,couchbase-802-vanilla-ee-xsmall-small-aws,1,ip-172-31-25-22,ranking,benchANT
2026-08-12 10:03:30+00:00,processes,total_threads,366,dbms,08-2026,couchbase-802-vanilla-ee-xsmall-small-aws,1,ip-172-31-25-22,ranking,benchANT
2026-08-12 10:03:40+00:00,processes,total_threads,366,dbms,08-2026,couchbase-802-vanilla-ee-xsmall-small-aws,1,ip-172-31-25-22,ranking,benchANT
2026-08-12 10:03:50+00:00,processes,total_threads,366,dbms,08-2026,couchbase-802-vanilla-ee-xsmall-small-aws,1,ip-172-31-25-22,ranking,benchANT
2026-08-12 10:04:00+00:00,processes,total_threads,366,dbms,08-2026,couchbase-802-vanilla-ee-xsmall-small-aws,1,ip-172-31-25-22,ranking,benchANT
2026-08-12 10:04:10+00:00,processes,total_threads,366,dbms,08-2026,couchbase-802-vanilla-ee-xsmall-small-aws,1,ip-172-31-25-22,ranking,benchANT
2026-08-12 10:04:20+00:00,processes,total_threads,366,dbms,08-2026,couchbase-802-vanilla-ee-xsmall-small-aws,1,ip-172-31-25-22,ranking,benchANT
2026-08-12 10:04:30+00:00,processes,total_threads,366,dbms,08-2026,couchbase-802-vanilla-ee-xsmall-small-aws,1,ip-172-31-25-22,ranking,benchANT
2026-08-12 10:04:40+00:00,processes,total_threads,366,dbms,08-2026,couchbase-802-vanilla-ee-xsmall-small-aws,1,ip-172-31-25-22,ranking,benchANT
2026-08-12 10:04:50+00:00,processes,total_threads,366,dbms,08-2026,couchbase-802-vanilla-ee-xsmall-small-aws,1,ip-172-31-25-22,ranking,benchANT
2026-08-12 10:05:00+00:00,processes,total_threads,366,dbms,08-2026,couchbase-802-vanilla-ee-xsmall-small-aws,1,ip-172-31-25-22,ranking,benchANT
2026-08-12 10:05:10+00:00,processes,total_threads,366,dbms,08-2026,couchbase-802-vanilla-ee-xsmall-small-aws,1,ip-172-31-25-22,ranking,benchANT
2026-08-12 10:05:20+00:00,processes,total_threads,366,dbms,08-2026,couchbase-802-vanilla-ee-xsmall-small-aws,1,ip-172-31-25-22,ranking,benchANT
2026-08-12 10:05:30+00:00,processes,total_threads,366,dbms,08-2026,couchbase-802-vanilla-ee-xsmall-small-aws,1,ip-172-31-25-22,ranking,benchANT
2026-08-12 10:05:40+00:00,processes,total_threads,366,dbms,08-2026,couchbase-802-vanilla-ee-xsmall-small-aws,1,ip-172-31-25-22,ranking,benchANT
2026-08-12 09:35:50+00:00,processes,unknown,0,dbms,08-2026,couchbase-802-vanilla-ee-xsmall-small-aws,1,ip-172-31-25-22,ranking,benchANT
2026-08-12 09:36:00+00:00,processes,unknown,0,dbms,08-2026,couchbase-802-vanilla-ee-xsmall-small-aws,1,ip-172-31-25-22,ranking,benchANT
2026-08-12 09:36:10+00:00,processes,unknown,0,dbms,08-2026,couchbase-802-vanilla-ee-xsmall-small-aws,1,ip-172-31-25-22,ranking,benchANT
2026-08-12 09:36:20+00:00,processes,unknown,0,dbms,08-2026,couchbase-802-vanilla-ee-xsmall-small-aws,1,ip-172-31-25-22,ranking,benchANT
2026-08-12 09:36:30+00:00,processes,unknown,0,dbms,08-2026,couchbase-802-vanilla-ee-xsmall-small-aws,1,ip-172-31-25-22,ranking,benchANT
2026-08-12 09:36:40+00:00,processes,unknown,0,dbms,08-2026,couchbase-802-vanilla-ee-xsmall-small-aws,1,ip-172-31-25-22,ranking,benchANT
2026-08-12 09:36:50+00:00,processes,unknown,0,dbms,08-2026,couchbase-802-vanilla-ee-xsmall-small-aws,1,ip-172-31-25-22,ranking,benchANT
2026-08-12 09:37:00+00:00,processes,unknown,0,dbms,08-2026,couchbase-802-vanilla-ee-xsmall-small-aws,1,ip-172-31-25-22,ranking,benchANT
2026-08-12 09:37:10+00:00,processes,unknown,0,dbms,08-2026,couchbase-802-vanilla-ee-xsmall-small-aws,1,ip-172-31-25-22,ranking,benchANT
2026-08-12 09:37:20+00:00,processes,unknown,0,dbms,08-2026,couchbase-802-vanilla-ee-xsmall-small-aws,1,ip-172-31-25-22,ranking,benchANT
2026-08-12 09:37:30+00:00,processes,unknown,0,dbms,08-2026,couchbase-802-vanilla-ee-xsmall-small-aws,1,ip-172-31-25-22,ranking,benchANT
2026-08-12 09:37:40+00:00,processes,unknown,0,dbms,08-2026,couchbase-802-vanilla-ee-xsmall-small-aws,1,ip-172-31-25-22,ranking,benchANT
2026-08-12 09:37:50+00:00,processes,unknown,0,dbms,08-2026,couchbase-802-vanilla-ee-xsmall-small-aws,1,ip-172-31-25-22,ranking,benchANT
2026-08-12 09:38:00+00:00,processes,unknown,0,dbms,08-2026,couchbase-802-vanilla-ee-xsmall-small-aws,1,ip-172-31-25-22,ranking,benchANT
2026-08-12 09:38:10+00:00,processes,unknown,0,dbms,08-2026,couchbase-802-vanilla-ee-xsmall-small-aws,1,ip-172-31-25-22,ranking,benchANT
2026-08-12 09:38:20+00:00,processes,unknown,0,dbms,08-2026,couchbase-802-vanilla-ee-xsmall-small-aws,1,ip-172-31-25-22,ranking,benchANT
2026-08-12 09:38:30+00:00,processes,unknown,0,dbms,08-2026,couchbase-802-vanilla-ee-xsmall-small-aws,1,ip-172-31-25-22,ranking,benchANT
2026-08-12 09:38:40+00:00,processes,unknown,0,dbms,08-2026,couchbase-802-vanilla-ee-xsmall-small-aws,1,ip-172-31-25-22,ranking,benchANT
2026-08-12 09:38:50+00:00,processes,unknown,0,dbms,08-2026,couchbase-802-vanilla-ee-xsmall-small-aws,1,ip-172-31-25-22,ranking,benchANT
2026-08-12 09:39:00+00:00,processes,unknown,0,dbms,08-2026,couchbase-802-vanilla-ee-xsmall-small-aws,1,ip-172-31-25-22,ranking,benchANT
2026-08-12 09:39:10+00:00,processes,unknown,0,dbms,08-2026,couchbase-802-vanilla-ee-xsmall-small-aws,1,ip-172-31-25-22,ranking,benchANT
2026-08-12 09:39:20+00:00,processes,unknown,0,dbms,08-2026,couchbase-802-vanilla-ee-xsmall-small-aws,1,ip-172-31-25-22,ranking,benchANT
2026-08-12 09:39:30+00:00,processes,unknown,0,dbms,08-2026,couchbase-802-vanilla-ee-xsmall-small-aws,1,ip-172-31-25-22,ranking,benchANT
2026-08-12 09:39:40+00:00,processes,unknown,0,dbms,08-2026,couchbase-802-vanilla-ee-xsmall-small-aws,1,ip-172-31-25-22,ranking,benchANT
2026-08-12 09:39:50+00:00,processes,unknown,0,dbms,08-2026,couchbase-802-vanilla-ee-xsmall-small-aws,1,ip-172-31-25-22,ranking,benchANT
2026-08-12 09:40:00+00:00,processes,unknown,0,dbms,08-2026,couchbase-802-vanilla-ee-xsmall-small-aws,1,ip-172-31-25-22,ranking,benchANT
2026-08-12 09:40:10+00:00,processes,unknown,0,dbms,08-2026,couchbase-802-vanilla-ee-xsmall-small-aws,1,ip-172-31-25-22,ranking,benchANT
2026-08-12 09:40:20+00:00,processes,unknown,0,dbms,08-2026,couchbase-802-vanilla-ee-xsmall-small-aws,1,ip-172-31-25-22,ranking,benchANT
2026-08-12 09:40:30+00:00,processes,unknown,0,dbms,08-2026,couchbase-802-vanilla-ee-xsmall-small-aws,1,ip-172-31-25-22,ranking,benchANT
2026-08-12 09:40:40+00:00,processes,unknown,0,dbms,08-2026,couchbase-802-vanilla-ee-xsmall-small-aws,1,ip-172-31-25-22,ranking,benchANT
2026-08-12 09:40:50+00:00,processes,unknown,0,dbms,08-2026,couchbase-802-vanilla-ee-xsmall-small-aws,1,ip-172-31-25-22,ranking,benchANT
2026-08-12 09:41:00+00:00,processes,unknown,0,dbms,08-2026,couchbase-802-vanilla-ee-xsmall-small-aws,1,ip-172-31-25-22,ranking,benchANT
2026-08-12 09:41:10+00:00,processes,unknown,0,dbms,08-2026,couchbase-802-vanilla-ee-xsmall-small-aws,1,ip-172-31-25-22,ranking,benchANT
2026-08-12 09:41:20+00:00,processes,unknown,0,dbms,08-2026,couchbase-802-vanilla-ee-xsmall-small-aws,1,ip-172-31-25-22,ranking,benchANT
2026-08-12 09:41:30+00:00,processes,unknown,0,dbms,08-2026,couchbase-802-vanilla-ee-xsmall-small-aws,1,ip-172-31-25-22,ranking,benchANT
2026-08-12 09:41:40+00:00,processes,unknown,0,dbms,08-2026,couchbase-802-vanilla-ee-xsmall-small-aws,1,ip-172-31-25-22,ranking,benchANT
2026-08-12 09:41:50+00:00,processes,unknown,0,dbms,08-2026,couchbase-802-vanilla-ee-xsmall-small-aws,1,ip-172-31-25-22,ranking,benchANT
2026-08-12 09:42:00+00:00,processes,unknown,0,dbms,08-2026,couchbase-802-vanilla-ee-xsmall-small-aws,1,ip-172-31-25-22,ranking,benchANT
2026-08-12 09:42:10+00:00,processes,unknown,0,dbms,08-2026,couchbase-802-vanilla-ee-xsmall-small-aws,1,ip-172-31-25-22,ranking,benchANT
2026-08-12 09:42:20+00:00,processes,unknown,0,dbms,08-2026,couchbase-802-vanilla-ee-xsmall-small-aws,1,ip-172-31-25-22,ranking,benchANT
2026-08-12 09:42:30+00:00,processes,unknown,0,dbms,08-2026,couchbase-802-vanilla-ee-xsmall-small-aws,1,ip-172-31-25-22,ranking,benchANT
2026-08-12 09:42:40+00:00,processes,unknown,0,dbms,08-2026,couchbase-802-vanilla-ee-xsmall-small-aws,1,ip-172-31-25-22,ranking,benchANT
2026-08-12 09:42:50+00:00,processes,unknown,0,dbms,08-2026,couchbase-802-vanilla-ee-xsmall-small-aws,1,ip-172-31-25-22,ranking,benchANT
2026-08-12 09:43:00+00:00,processes,unknown,0,dbms,08-2026,couchbase-802-vanilla-ee-xsmall-small-aws,1,ip-172-31-25-22,ranking,benchANT
2026-08-12 09:43:10+00:00,processes,unknown,0,dbms,08-2026,couchbase-802-vanilla-ee-xsmall-small-aws,1,ip-172-31-25-22,ranking,benchANT
2026-08-12 09:43:20+00:00,processes,unknown,0,dbms,08-2026,couchbase-802-vanilla-ee-xsmall-small-aws,1,ip-172-31-25-22,ranking,benchANT
2026-08-12 09:43:30+00:00,processes,unknown,0,dbms,08-2026,couchbase-802-vanilla-ee-xsmall-small-aws,1,ip-172-31-25-22,ranking,benchANT
2026-08-12 09:43:40+00:00,processes,unknown,0,dbms,08-2026,couchbase-802-vanilla-ee-xsmall-small-aws,1,ip-172-31-25-22,ranking,benchANT
2026-08-12 09:43:50+00:00,processes,unknown,0,dbms,08-2026,couchbase-802-vanilla-ee-xsmall-small-aws,1,ip-172-31-25-22,ranking,benchANT
2026-08-12 09:44:00+00:00,processes,unknown,0,dbms,08-2026,couchbase-802-vanilla-ee-xsmall-small-aws,1,ip-172-31-25-22,ranking,benchANT
2026-08-12 09:44:10+00:00,processes,unknown,0,dbms,08-2026,couchbase-802-vanilla-ee-xsmall-small-aws,1,ip-172-31-25-22,ranking,benchANT
2026-08-12 09:44:20+00:00,processes,unknown,0,dbms,08-2026,couchbase-802-vanilla-ee-xsmall-small-aws,1,ip-172-31-25-22,ranking,benchANT
2026-08-12 09:44:30+00:00,processes,unknown,0,dbms,08-2026,couchbase-802-vanilla-ee-xsmall-small-aws,1,ip-172-31-25-22,ranking,benchANT
2026-08-12 09:44:40+00:00,processes,unknown,0,dbms,08-2026,couchbase-802-vanilla-ee-xsmall-small-aws,1,ip-172-31-25-22,ranking,benchANT
2026-08-12 09:44:50+00:00,processes,unknown,0,dbms,08-2026,couchbase-802-vanilla-ee-xsmall-small-aws,1,ip-172-31-25-22,ranking,benchANT
2026-08-12 09:45:00+00:00,processes,unknown,0,dbms,08-2026,couchbase-802-vanilla-ee-xsmall-small-aws,1,ip-172-31-25-22,ranking,benchANT
2026-08-12 09:45:10+00:00,processes,unknown,0,dbms,08-2026,couchbase-802-vanilla-ee-xsmall-small-aws,1,ip-172-31-25-22,ranking,benchANT
2026-08-12 09:45:20+00:00,processes,unknown,0,dbms,08-2026,couchbase-802-vanilla-ee-xsmall-small-aws,1,ip-172-31-25-22,ranking,benchANT
2026-08-12 09:45:30+00:00,processes,unknown,0,dbms,08-2026,couchbase-802-vanilla-ee-xsmall-small-aws,1,ip-172-31-25-22,ranking,benchANT
2026-08-12 09:45:40+00:00,processes,unknown,0,dbms,08-2026,couchbase-802-vanilla-ee-xsmall-small-aws,1,ip-172-31-25-22,ranking,benchANT
2026-08-12 09:45:50+00:00,processes,unknown,0,dbms,08-2026,couchbase-802-vanilla-ee-xsmall-small-aws,1,ip-172-31-25-22,ranking,benchANT
2026-08-12 09:46:00+00:00,processes,unknown,0,dbms,08-2026,couchbase-802-vanilla-ee-xsmall-small-aws,1,ip-172-31-25-22,ranking,benchANT
2026-08-12 09:46:10+00:00,processes,unknown,0,dbms,08-2026,couchbase-802-vanilla-ee-xsmall-small-aws,1,ip-172-31-25-22,ranking,benchANT
2026-08-12 09:46:20+00:00,processes,unknown,0,dbms,08-2026,couchbase-802-vanilla-ee-xsmall-small-aws,1,ip-172-31-25-22,ranking,benchANT
2026-08-12 09:46:30+00:00,processes,unknown,0,dbms,08-2026,couchbase-802-vanilla-ee-xsmall-small-aws,1,ip-172-31-25-22,ranking,benchANT
2026-08-12 09:46:40+00:00,processes,unknown,0,dbms,08-2026,couchbase-802-vanilla-ee-xsmall-small-aws,1,ip-172-31-25-22,ranking,benchANT
2026-08-12 09:46:50+00:00,processes,unknown,0,dbms,08-2026,couchbase-802-vanilla-ee-xsmall-small-aws,1,ip-172-31-25-22,ranking,benchANT
2026-08-12 09:47:00+00:00,processes,unknown,0,dbms,08-2026,couchbase-802-vanilla-ee-xsmall-small-aws,1,ip-172-31-25-22,ranking,benchANT
2026-08-12 09:47:10+00:00,processes,unknown,0,dbms,08-2026,couchbase-802-vanilla-ee-xsmall-small-aws,1,ip-172-31-25-22,ranking,benchANT
2026-08-12 09:47:20+00:00,processes,unknown,0,dbms,08-2026,couchbase-802-vanilla-ee-xsmall-small-aws,1,ip-172-31-25-22,ranking,benchANT
2026-08-12 09:47:30+00:00,processes,unknown,0,dbms,08-2026,couchbase-802-vanilla-ee-xsmall-small-aws,1,ip-172-31-25-22,ranking,benchANT
2026-08-12 09:47:40+00:00,processes,unknown,0,dbms,08-2026,couchbase-802-vanilla-ee-xsmall-small-aws,1,ip-172-31-25-22,ranking,benchANT
2026-08-12 09:47:50+00:00,processes,unknown,0,dbms,08-2026,couchbase-802-vanilla-ee-xsmall-small-aws,1,ip-172-31-25-22,ranking,benchANT
2026-08-12 09:48:00+00:00,processes,unknown,0,dbms,08-2026,couchbase-802-vanilla-ee-xsmall-small-aws,1,ip-172-31-25-22,ranking,benchANT
2026-08-12 09:48:10+00:00,processes,unknown,0,dbms,08-2026,couchbase-802-vanilla-ee-xsmall-small-aws,1,ip-172-31-25-22,ranking,benchANT
2026-08-12 09:48:20+00:00,processes,unknown,0,dbms,08-2026,couchbase-802-vanilla-ee-xsmall-small-aws,1,ip-172-31-25-22,ranking,benchANT
2026-08-12 09:48:30+00:00,processes,unknown,0,dbms,08-2026,couchbase-802-vanilla-ee-xsmall-small-aws,1,ip-172-31-25-22,ranking,benchANT
2026-08-12 09:48:40+00:00,processes,unknown,0,dbms,08-2026,couchbase-802-vanilla-ee-xsmall-small-aws,1,ip-172-31-25-22,ranking,benchANT
2026-08-12 09:48:50+00:00,processes,unknown,0,dbms,08-2026,couchbase-802-vanilla-ee-xsmall-small-aws,1,ip-172-31-25-22,ranking,benchANT
2026-08-12 09:49:00+00:00,processes,unknown,0,dbms,08-2026,couchbase-802-vanilla-ee-xsmall-small-aws,1,ip-172-31-25-22,ranking,benchANT
2026-08-12 09:49:10+00:00,processes,unknown,0,dbms,08-2026,couchbase-802-vanilla-ee-xsmall-small-aws,1,ip-172-31-25-22,ranking,benchANT
2026-08-12 09:49:20+00:00,processes,unknown,0,dbms,08-2026,couchbase-802-vanilla-ee-xsmall-small-aws,1,ip-172-31-25-22,ranking,benchANT
2026-08-12 09:49:30+00:00,processes,unknown,0,dbms,08-2026,couchbase-802-vanilla-ee-xsmall-small-aws,1,ip-172-31-25-22,ranking,benchANT
2026-08-12 09:49:40+00:00,processes,unknown,0,dbms,08-2026,couchbase-802-vanilla-ee-xsmall-small-aws,1,ip-172-31-25-22,ranking,benchANT
2026-08-12 09:49:50+00:00,processes,unknown,0,dbms,08-2026,couchbase-802-vanilla-ee-xsmall-small-aws,1,ip-172-31-25-22,ranking,benchANT
2026-08-12 09:50:00+00:00,processes,unknown,0,dbms,08-2026,couchbase-802-vanilla-ee-xsmall-small-aws,1,ip-172-31-25-22,ranking,benchANT
2026-08-12 09:50:10+00:00,processes,unknown,0,dbms,08-2026,couchbase-802-vanilla-ee-xsmall-small-aws,1,ip-172-31-25-22,ranking,benchANT
2026-08-12 09:50:20+00:00,processes,unknown,0,dbms,08-2026,couchbase-802-vanilla-ee-xsmall-small-aws,1,ip-172-31-25-22,ranking,benchANT
2026-08-12 09:50:30+00:00,processes,unknown,0,dbms,08-2026,couchbase-802-vanilla-ee-xsmall-small-aws,1,ip-172-31-25-22,ranking,benchANT
2026-08-12 09:50:40+00:00,processes,unknown,0,dbms,08-2026,couchbase-802-vanilla-ee-xsmall-small-aws,1,ip-172-31-25-22,ranking,benchANT
2026-08-12 09:50:50+00:00,processes,unknown,0,dbms,08-2026,couchbase-802-vanilla-ee-xsmall-small-aws,1,ip-172-31-25-22,ranking,benchANT
2026-08-12 09:51:00+00:00,processes,unknown,0,dbms,08-2026,couchbase-802-vanilla-ee-xsmall-small-aws,1,ip-172-31-25-22,ranking,benchANT
2026-08-12 09:51:10+00:00,processes,unknown,0,dbms,08-2026,couchbase-802-vanilla-ee-xsmall-small-aws,1,ip-172-31-25-22,ranking,benchANT
2026-08-12 09:51:20+00:00,processes,unknown,0,dbms,08-2026,couchbase-802-vanilla-ee-xsmall-small-aws,1,ip-172-31-25-22,ranking,benchANT
2026-08-12 09:51:30+00:00,processes,unknown,0,dbms,08-2026,couchbase-802-vanilla-ee-xsmall-small-aws,1,ip-172-31-25-22,ranking,benchANT
2026-08-12 09:51:40+00:00,processes,unknown,0,dbms,08-2026,couchbase-802-vanilla-ee-xsmall-small-aws,1,ip-172-31-25-22,ranking,benchANT
2026-08-12 09:51:50+00:00,processes,unknown,0,dbms,08-2026,couchbase-802-vanilla-ee-xsmall-small-aws,1,ip-172-31-25-22,ranking,benchANT
2026-08-12 09:52:00+00:00,processes,unknown,0,dbms,08-2026,couchbase-802-vanilla-ee-xsmall-small-aws,1,ip-172-31-25-22,ranking,benchANT
2026-08-12 09:52:10+00:00,processes,unknown,0,dbms,08-2026,couchbase-802-vanilla-ee-xsmall-small-aws,1,ip-172-31-25-22,ranking,benchANT
2026-08-12 09:52:20+00:00,processes,unknown,0,dbms,08-2026,couchbase-802-vanilla-ee-xsmall-small-aws,1,ip-172-31-25-22,ranking,benchANT
2026-08-12 09:52:30+00:00,processes,unknown,0,dbms,08-2026,couchbase-802-vanilla-ee-xsmall-small-aws,1,ip-172-31-25-22,ranking,benchANT
2026-08-12 09:52:40+00:00,processes,unknown,0,dbms,08-2026,couchbase-802-vanilla-ee-xsmall-small-aws,1,ip-172-31-25-22,ranking,benchANT
2026-08-12 09:52:50+00:00,processes,unknown,0,dbms,08-2026,couchbase-802-vanilla-ee-xsmall-small-aws,1,ip-172-31-25-22,ranking,benchANT
2026-08-12 09:53:00+00:00,processes,unknown,0,dbms,08-2026,couchbase-802-vanilla-ee-xsmall-small-aws,1,ip-172-31-25-22,ranking,benchANT
2026-08-12 09:53:10+00:00,processes,unknown,0,dbms,08-2026,couchbase-802-vanilla-ee-xsmall-small-aws,1,ip-172-31-25-22,ranking,benchANT
2026-08-12 09:53:20+00:00,processes,unknown,0,dbms,08-2026,couchbase-802-vanilla-ee-xsmall-small-aws,1,ip-172-31-25-22,ranking,benchANT
2026-08-12 09:53:30+00:00,processes,unknown,0,dbms,08-2026,couchbase-802-vanilla-ee-xsmall-small-aws,1,ip-172-31-25-22,ranking,benchANT
2026-08-12 09:53:40+00:00,processes,unknown,0,dbms,08-2026,couchbase-802-vanilla-ee-xsmall-small-aws,1,ip-172-31-25-22,ranking,benchANT
2026-08-12 09:53:50+00:00,processes,unknown,0,dbms,08-2026,couchbase-802-vanilla-ee-xsmall-small-aws,1,ip-172-31-25-22,ranking,benchANT
2026-08-12 09:54:00+00:00,processes,unknown,0,dbms,08-2026,couchbase-802-vanilla-ee-xsmall-small-aws,1,ip-172-31-25-22,ranking,benchANT
2026-08-12 09:54:10+00:00,processes,unknown,0,dbms,08-2026,couchbase-802-vanilla-ee-xsmall-small-aws,1,ip-172-31-25-22,ranking,benchANT
2026-08-12 09:54:20+00:00,processes,unknown,0,dbms,08-2026,couchbase-802-vanilla-ee-xsmall-small-aws,1,ip-172-31-25-22,ranking,benchANT
2026-08-12 09:54:30+00:00,processes,unknown,0,dbms,08-2026,couchbase-802-vanilla-ee-xsmall-small-aws,1,ip-172-31-25-22,ranking,benchANT
2026-08-12 09:54:40+00:00,processes,unknown,0,dbms,08-2026,couchbase-802-vanilla-ee-xsmall-small-aws,1,ip-172-31-25-22,ranking,benchANT
2026-08-12 09:54:50+00:00,processes,unknown,0,dbms,08-2026,couchbase-802-vanilla-ee-xsmall-small-aws,1,ip-172-31-25-22,ranking,benchANT
2026-08-12 09:55:00+00:00,processes,unknown,0,dbms,08-2026,couchbase-802-vanilla-ee-xsmall-small-aws,1,ip-172-31-25-22,ranking,benchANT
2026-08-12 09:55:10+00:00,processes,unknown,0,dbms,08-2026,couchbase-802-vanilla-ee-xsmall-small-aws,1,ip-172-31-25-22,ranking,benchANT
2026-08-12 09:55:20+00:00,processes,unknown,0,dbms,08-2026,couchbase-802-vanilla-ee-xsmall-small-aws,1,ip-172-31-25-22,ranking,benchANT
2026-08-12 09:55:30+00:00,processes,unknown,0,dbms,08-2026,couchbase-802-vanilla-ee-xsmall-small-aws,1,ip-172-31-25-22,ranking,benchANT
2026-08-12 09:55:40+00:00,processes,unknown,0,dbms,08-2026,couchbase-802-vanilla-ee-xsmall-small-aws,1,ip-172-31-25-22,ranking,benchANT
2026-08-12 09:55:50+00:00,processes,unknown,0,dbms,08-2026,couchbase-802-vanilla-ee-xsmall-small-aws,1,ip-172-31-25-22,ranking,benchANT
2026-08-12 09:56:00+00:00,processes,unknown,0,dbms,08-2026,couchbase-802-vanilla-ee-xsmall-small-aws,1,ip-172-31-25-22,ranking,benchANT
2026-08-12 09:56:10+00:00,processes,unknown,0,dbms,08-2026,couchbase-802-vanilla-ee-xsmall-small-aws,1,ip-172-31-25-22,ranking,benchANT
2026-08-12 09:56:20+00:00,processes,unknown,0,dbms,08-2026,couchbase-802-vanilla-ee-xsmall-small-aws,1,ip-172-31-25-22,ranking,benchANT
2026-08-12 09:56:30+00:00,processes,unknown,0,dbms,08-2026,couchbase-802-vanilla-ee-xsmall-small-aws,1,ip-172-31-25-22,ranking,benchANT
2026-08-12 09:56:40+00:00,processes,unknown,0,dbms,08-2026,couchbase-802-vanilla-ee-xsmall-small-aws,1,ip-172-31-25-22,ranking,benchANT
2026-08-12 09:56:50+00:00,processes,unknown,0,dbms,08-2026,couchbase-802-vanilla-ee-xsmall-small-aws,1,ip-172-31-25-22,ranking,benchANT
2026-08-12 09:57:00+00:00,processes,unknown,0,dbms,08-2026,couchbase-802-vanilla-ee-xsmall-small-aws,1,ip-172-31-25-22,ranking,benchANT
2026-08-12 09:57:10+00:00,processes,unknown,0,dbms,08-2026,couchbase-802-vanilla-ee-xsmall-small-aws,1,ip-172-31-25-22,ranking,benchANT
2026-08-12 09:57:20+00:00,processes,unknown,0,dbms,08-2026,couchbase-802-vanilla-ee-xsmall-small-aws,1,ip-172-31-25-22,ranking,benchANT
2026-08-12 09:57:30+00:00,processes,unknown,0,dbms,08-2026,couchbase-802-vanilla-ee-xsmall-small-aws,1,ip-172-31-25-22,ranking,benchANT
2026-08-12 09:57:40+00:00,processes,unknown,0,dbms,08-2026,couchbase-802-vanilla-ee-xsmall-small-aws,1,ip-172-31-25-22,ranking,benchANT
2026-08-12 09:57:50+00:00,processes,unknown,0,dbms,08-2026,couchbase-802-vanilla-ee-xsmall-small-aws,1,ip-172-31-25-22,ranking,benchANT
2026-08-12 09:58:00+00:00,processes,unknown,0,dbms,08-2026,couchbase-802-vanilla-ee-xsmall-small-aws,1,ip-172-31-25-22,ranking,benchANT
2026-08-12 09:58:10+00:00,processes,unknown,0,dbms,08-2026,couchbase-802-vanilla-ee-xsmall-small-aws,1,ip-172-31-25-22,ranking,benchANT
2026-08-12 09:58:20+00:00,processes,unknown,0,dbms,08-2026,couchbase-802-vanilla-ee-xsmall-small-aws,1,ip-172-31-25-22,ranking,benchANT
2026-08-12 09:58:30+00:00,processes,unknown,0,dbms,08-2026,couchbase-802-vanilla-ee-xsmall-small-aws,1,ip-172-31-25-22,ranking,benchANT
2026-08-12 09:58:40+00:00,processes,unknown,0,dbms,08-2026,couchbase-802-vanilla-ee-xsmall-small-aws,1,ip-172-31-25-22,ranking,benchANT
2026-08-12 09:58:50+00:00,processes,unknown,0,dbms,08-2026,couchbase-802-vanilla-ee-xsmall-small-aws,1,ip-172-31-25-22,ranking,benchANT
2026-08-12 09:59:00+00:00,processes,unknown,0,dbms,08-2026,couchbase-802-vanilla-ee-xsmall-small-aws,1,ip-172-31-25-22,ranking,benchANT
2026-08-12 09:59:10+00:00,processes,unknown,0,dbms,08-2026,couchbase-802-vanilla-ee-xsmall-small-aws,1,ip-172-31-25-22,ranking,benchANT
2026-08-12 09:59:20+00:00,processes,unknown,0,dbms,08-2026,couchbase-802-vanilla-ee-xsmall-small-aws,1,ip-172-31-25-22,ranking,benchANT
2026-08-12 09:59:30+00:00,processes,unknown,0,dbms,08-2026,couchbase-802-vanilla-ee-xsmall-small-aws,1,ip-172-31-25-22,ranking,benchANT
2026-08-12 09:59:40+00:00,processes,unknown,0,dbms,08-2026,couchbase-802-vanilla-ee-xsmall-small-aws,1,ip-172-31-25-22,ranking,benchANT
2026-08-12 09:59:50+00:00,processes,unknown,0,dbms,08-2026,couchbase-802-vanilla-ee-xsmall-small-aws,1,ip-172-31-25-22,ranking,benchANT
2026-08-12 10:00:00+00:00,processes,unknown,0,dbms,08-2026,couchbase-802-vanilla-ee-xsmall-small-aws,1,ip-172-31-25-22,ranking,benchANT
2026-08-12 10:00:10+00:00,processes,unknown,0,dbms,08-2026,couchbase-802-vanilla-ee-xsmall-small-aws,1,ip-172-31-25-22,ranking,benchANT
2026-08-12 10:00:20+00:00,processes,unknown,0,dbms,08-2026,couchbase-802-vanilla-ee-xsmall-small-aws,1,ip-172-31-25-22,ranking,benchANT
2026-08-12 10:00:30+00:00,processes,unknown,0,dbms,08-2026,couchbase-802-vanilla-ee-xsmall-small-aws,1,ip-172-31-25-22,ranking,benchANT
2026-08-12 10:00:40+00:00,processes,unknown,0,dbms,08-2026,couchbase-802-vanilla-ee-xsmall-small-aws,1,ip-172-31-25-22,ranking,benchANT
2026-08-12 10:00:50+00:00,processes,unknown,0,dbms,08-2026,couchbase-802-vanilla-ee-xsmall-small-aws,1,ip-172-31-25-22,ranking,benchANT
2026-08-12 10:01:00+00:00,processes,unknown,0,dbms,08-2026,couchbase-802-vanilla-ee-xsmall-small-aws,1,ip-172-31-25-22,ranking,benchANT
2026-08-12 10:01:10+00:00,processes,unknown,0,dbms,08-2026,couchbase-802-vanilla-ee-xsmall-small-aws,1,ip-172-31-25-22,ranking,benchANT
2026-08-12 10:01:20+00:00,processes,unknown,0,dbms,08-2026,couchbase-802-vanilla-ee-xsmall-small-aws,1,ip-172-31-25-22,ranking,benchANT
2026-08-12 10:01:30+00:00,processes,unknown,0,dbms,08-2026,couchbase-802-vanilla-ee-xsmall-small-aws,1,ip-172-31-25-22,ranking,benchANT
2026-08-12 10:01:40+00:00,processes,unknown,0,dbms,08-2026,couchbase-802-vanilla-ee-xsmall-small-aws,1,ip-172-31-25-22,ranking,benchANT
2026-08-12 10:01:50+00:00,processes,unknown,0,dbms,08-2026,couchbase-802-vanilla-ee-xsmall-small-aws,1,ip-172-31-25-22,ranking,benchANT
2026-08-12 10:02:00+00:00,processes,unknown,0,dbms,08-2026,couchbase-802-vanilla-ee-xsmall-small-aws,1,ip-172-31-25-22,ranking,benchANT
2026-08-12 10:02:10+00:00,processes,unknown,0,dbms,08-2026,couchbase-802-vanilla-ee-xsmall-small-aws,1,ip-172-31-25-22,ranking,benchANT
2026-08-12 10:02:20+00:00,processes,unknown,0,dbms,08-2026,couchbase-802-vanilla-ee-xsmall-small-aws,1,ip-172-31-25-22,ranking,benchANT
2026-08-12 10:02:30+00:00,processes,unknown,0,dbms,08-2026,couchbase-802-vanilla-ee-xsmall-small-aws,1,ip-172-31-25-22,ranking,benchANT
2026-08-12 10:02:40+00:00,processes,unknown,0,dbms,08-2026,couchbase-802-vanilla-ee-xsmall-small-aws,1,ip-172-31-25-22,ranking,benchANT
2026-08-12 10:02:50+00:00,processes,unknown,0,dbms,08-2026,couchbase-802-vanilla-ee-xsmall-small-aws,1,ip-172-31-25-22,ranking,benchANT
2026-08-12 10:03:00+00:00,processes,unknown,0,dbms,08-2026,couchbase-802-vanilla-ee-xsmall-small-aws,1,ip-172-31-25-22,ranking,benchANT
2026-08-12 10:03:10+00:00,processes,unknown,0,dbms,08-2026,couchbase-802-vanilla-ee-xsmall-small-aws,1,ip-172-31-25-22,ranking,benchANT
2026-08-12 10:03:20+00:00,processes,unknown,0,dbms,08-2026,couchbase-802-vanilla-ee-xsmall-small-aws,1,ip-172-31-25-22,ranking,benchANT
2026-08-12 10:03:30+00:00,processes,unknown,0,dbms,08-2026,couchbase-802-vanilla-ee-xsmall-small-aws,1,ip-172-31-25-22,ranking,benchANT
2026-08-12 10:03:40+00:00,processes,unknown,0,dbms,08-2026,couchbase-802-vanilla-ee-xsmall-small-aws,1,ip-172-31-25-22,ranking,benchANT
2026-08-12 10:03:50+00:00,processes,unknown,0,dbms,08-2026,couchbase-802-vanilla-ee-xsmall-small-aws,1,ip-172-31-25-22,ranking,benchANT
2026-08-12 10:04:00+00:00,processes,unknown,0,dbms,08-2026,couchbase-802-vanilla-ee-xsmall-small-aws,1,ip-172-31-25-22,ranking,benchANT
2026-08-12 10:04:10+00:00,processes,unknown,0,dbms,08-2026,couchbase-802-vanilla-ee-xsmall-small-aws,1,ip-172-31-25-22,ranking,benchANT
2026-08-12 10:04:20+00:00,processes,unknown,0,dbms,08-2026,couchbase-802-vanilla-ee-xsmall-small-aws,1,ip-172-31-25-22,ranking,benchANT
2026-08-12 10:04:30+00:00,processes,unknown,0,dbms,08-2026,couchbase-802-vanilla-ee-xsmall-small-aws,1,ip-172-31-25-22,ranking,benchANT
2026-08-12 10:04:40+00:00,processes,unknown,0,dbms,08-2026,couchbase-802-vanilla-ee-xsmall-small-aws,1,ip-172-31-25-22,ranking,benchANT
2026-08-12 10:04:50+00:00,processes,unknown,0,dbms,08-2026,couchbase-802-vanilla-ee-xsmall-small-aws,1,ip-172-31-25-22,ranking,benchANT
2026-08-12 10:05:00+00:00,processes,unknown,0,dbms,08-2026,couchbase-802-vanilla-ee-xsmall-small-aws,1,ip-172-31-25-22,ranking,benchANT
2026-08-12 10:05:10+00:00,processes,unknown,0,dbms,08-2026,couchbase-802-vanilla-ee-xsmall-small-aws,1,ip-172-31-25-22,ranking,benchANT
2026-08-12 10:05:20+00:00,processes,unknown,0,dbms,08-2026,couchbase-802-vanilla-ee-xsmall-small-aws,1,ip-172-31-25-22,ranking,benchANT
2026-08-12 10:05:30+00:00,processes,unknown,0,dbms,08-2026,couchbase-802-vanilla-ee-xsmall-small-aws,1,ip-172-31-25-22,ranking,benchANT
2026-08-12 10:05:40+00:00,processes,unknown,0,dbms,08-2026,couchbase-802-vanilla-ee-xsmall-small-aws,1,ip-172-31-25-22,ranking,benchANT
2026-08-12 09:35:50+00:00,processes,zombies,0,dbms,08-2026,couchbase-802-vanilla-ee-xsmall-small-aws,1,ip-172-31-25-22,ranking,benchANT
2026-08-12 09:36:00+00:00,processes,zombies,0,dbms,08-2026,couchbase-802-vanilla-ee-xsmall-small-aws,1,ip-172-31-25-22,ranking,benchANT
2026-08-12 09:36:10+00:00,processes,zombies,0,dbms,08-2026,couchbase-802-vanilla-ee-xsmall-small-aws,1,ip-172-31-25-22,ranking,benchANT
2026-08-12 09:36:20+00:00,processes,zombies,0,dbms,08-2026,couchbase-802-vanilla-ee-xsmall-small-aws,1,ip-172-31-25-22,ranking,benchANT
2026-08-12 09:36:30+00:00,processes,zombies,0,dbms,08-2026,couchbase-802-vanilla-ee-xsmall-small-aws,1,ip-172-31-25-22,ranking,benchANT
2026-08-12 09:36:40+00:00,processes,zombies,0,dbms,08-2026,couchbase-802-vanilla-ee-xsmall-small-aws,1,ip-172-31-25-22,ranking,benchANT
2026-08-12 09:36:50+00:00,processes,zombies,0,dbms,08-2026,couchbase-802-vanilla-ee-xsmall-small-aws,1,ip-172-31-25-22,ranking,benchANT
2026-08-12 09:37:00+00:00,processes,zombies,0,dbms,08-2026,couchbase-802-vanilla-ee-xsmall-small-aws,1,ip-172-31-25-22,ranking,benchANT
2026-08-12 09:37:10+00:00,processes,zombies,0,dbms,08-2026,couchbase-802-vanilla-ee-xsmall-small-aws,1,ip-172-31-25-22,ranking,benchANT
2026-08-12 09:37:20+00:00,processes,zombies,0,dbms,08-2026,couchbase-802-vanilla-ee-xsmall-small-aws,1,ip-172-31-25-22,ranking,benchANT
2026-08-12 09:37:30+00:00,processes,zombies,0,dbms,08-2026,couchbase-802-vanilla-ee-xsmall-small-aws,1,ip-172-31-25-22,ranking,benchANT
2026-08-12 09:37:40+00:00,processes,zombies,0,dbms,08-2026,couchbase-802-vanilla-ee-xsmall-small-aws,1,ip-172-31-25-22,ranking,benchANT
2026-08-12 09:37:50+00:00,processes,zombies,0,dbms,08-2026,couchbase-802-vanilla-ee-xsmall-small-aws,1,ip-172-31-25-22,ranking,benchANT
2026-08-12 09:38:00+00:00,processes,zombies,0,dbms,08-2026,couchbase-802-vanilla-ee-xsmall-small-aws,1,ip-172-31-25-22,ranking,benchANT
2026-08-12 09:38:10+00:00,processes,zombies,0,dbms,08-2026,couchbase-802-vanilla-ee-xsmall-small-aws,1,ip-172-31-25-22,ranking,benchANT
2026-08-12 09:38:20+00:00,processes,zombies,0,dbms,08-2026,couchbase-802-vanilla-ee-xsmall-small-aws,1,ip-172-31-25-22,ranking,benchANT
2026-08-12 09:38:30+00:00,processes,zombies,0,dbms,08-2026,couchbase-802-vanilla-ee-xsmall-small-aws,1,ip-172-31-25-22,ranking,benchANT
2026-08-12 09:38:40+00:00,processes,zombies,0,dbms,08-2026,couchbase-802-vanilla-ee-xsmall-small-aws,1,ip-172-31-25-22,ranking,benchANT
2026-08-12 09:38:50+00:00,processes,zombies,0,dbms,08-2026,couchbase-802-vanilla-ee-xsmall-small-aws,1,ip-172-31-25-22,ranking,benchANT
2026-08-12 09:39:00+00:00,processes,zombies,0,dbms,08-2026,couchbase-802-vanilla-ee-xsmall-small-aws,1,ip-172-31-25-22,ranking,benchANT
2026-08-12 09:39:10+00:00,processes,zombies,0,dbms,08-2026,couchbase-802-vanilla-ee-xsmall-small-aws,1,ip-172-31-25-22,ranking,benchANT
2026-08-12 09:39:20+00:00,processes,zombies,0,dbms,08-2026,couchbase-802-vanilla-ee-xsmall-small-aws,1,ip-172-31-25-22,ranking,benchANT
2026-08-12 09:39:30+00:00,processes,zombies,0,dbms,08-2026,couchbase-802-vanilla-ee-xsmall-small-aws,1,ip-172-31-25-22,ranking,benchANT
2026-08-12 09:39:40+00:00,processes,zombies,0,dbms,08-2026,couchbase-802-vanilla-ee-xsmall-small-aws,1,ip-172-31-25-22,ranking,benchANT
2026-08-12 09:39:50+00:00,processes,zombies,0,dbms,08-2026,couchbase-802-vanilla-ee-xsmall-small-aws,1,ip-172-31-25-22,ranking,benchANT
2026-08-12 09:40:00+00:00,processes,zombies,0,dbms,08-2026,couchbase-802-vanilla-ee-xsmall-small-aws,1,ip-172-31-25-22,ranking,benchANT
2026-08-12 09:40:10+00:00,processes,zombies,0,dbms,08-2026,couchbase-802-vanilla-ee-xsmall-small-aws,1,ip-172-31-25-22,ranking,benchANT
2026-08-12 09:40:20+00:00,processes,zombies,0,dbms,08-2026,couchbase-802-vanilla-ee-xsmall-small-aws,1,ip-172-31-25-22,ranking,benchANT
2026-08-12 09:40:30+00:00,processes,zombies,0,dbms,08-2026,couchbase-802-vanilla-ee-xsmall-small-aws,1,ip-172-31-25-22,ranking,benchANT
2026-08-12 09:40:40+00:00,processes,zombies,0,dbms,08-2026,couchbase-802-vanilla-ee-xsmall-small-aws,1,ip-172-31-25-22,ranking,benchANT
2026-08-12 09:40:50+00:00,processes,zombies,0,dbms,08-2026,couchbase-802-vanilla-ee-xsmall-small-aws,1,ip-172-31-25-22,ranking,benchANT
2026-08-12 09:41:00+00:00,processes,zombies,0,dbms,08-2026,couchbase-802-vanilla-ee-xsmall-small-aws,1,ip-172-31-25-22,ranking,benchANT
2026-08-12 09:41:10+00:00,processes,zombies,0,dbms,08-2026,couchbase-802-vanilla-ee-xsmall-small-aws,1,ip-172-31-25-22,ranking,benchANT
2026-08-12 09:41:20+00:00,processes,zombies,0,dbms,08-2026,couchbase-802-vanilla-ee-xsmall-small-aws,1,ip-172-31-25-22,ranking,benchANT
2026-08-12 09:41:30+00:00,processes,zombies,0,dbms,08-2026,couchbase-802-vanilla-ee-xsmall-small-aws,1,ip-172-31-25-22,ranking,benchANT
2026-08-12 09:41:40+00:00,processes,zombies,0,dbms,08-2026,couchbase-802-vanilla-ee-xsmall-small-aws,1,ip-172-31-25-22,ranking,benchANT
2026-08-12 09:41:50+00:00,processes,zombies,0,dbms,08-2026,couchbase-802-vanilla-ee-xsmall-small-aws,1,ip-172-31-25-22,ranking,benchANT
2026-08-12 09:42:00+00:00,processes,zombies,0,dbms,08-2026,couchbase-802-vanilla-ee-xsmall-small-aws,1,ip-172-31-25-22,ranking,benchANT
2026-08-12 09:42:10+00:00,processes,zombies,0,dbms,08-2026,couchbase-802-vanilla-ee-xsmall-small-aws,1,ip-172-31-25-22,ranking,benchANT
2026-08-12 09:42:20+00:00,processes,zombies,0,dbms,08-2026,couchbase-802-vanilla-ee-xsmall-small-aws,1,ip-172-31-25-22,ranking,benchANT
2026-08-12 09:42:30+00:00,processes,zombies,0,dbms,08-2026,couchbase-802-vanilla-ee-xsmall-small-aws,1,ip-172-31-25-22,ranking,benchANT
2026-08-12 09:42:40+00:00,processes,zombies,0,dbms,08-2026,couchbase-802-vanilla-ee-xsmall-small-aws,1,ip-172-31-25-22,ranking,benchANT
2026-08-12 09:42:50+00:00,processes,zombies,0,dbms,08-2026,couchbase-802-vanilla-ee-xsmall-small-aws,1,ip-172-31-25-22,ranking,benchANT
2026-08-12 09:43:00+00:00,processes,zombies,0,dbms,08-2026,couchbase-802-vanilla-ee-xsmall-small-aws,1,ip-172-31-25-22,ranking,benchANT
2026-08-12 09:43:10+00:00,processes,zombies,0,dbms,08-2026,couchbase-802-vanilla-ee-xsmall-small-aws,1,ip-172-31-25-22,ranking,benchANT
2026-08-12 09:43:20+00:00,processes,zombies,0,dbms,08-2026,couchbase-802-vanilla-ee-xsmall-small-aws,1,ip-172-31-25-22,ranking,benchANT
2026-08-12 09:43:30+00:00,processes,zombies,0,dbms,08-2026,couchbase-802-vanilla-ee-xsmall-small-aws,1,ip-172-31-25-22,ranking,benchANT
2026-08-12 09:43:40+00:00,processes,zombies,0,dbms,08-2026,couchbase-802-vanilla-ee-xsmall-small-aws,1,ip-172-31-25-22,ranking,benchANT
2026-08-12 09:43:50+00:00,processes,zombies,0,dbms,08-2026,couchbase-802-vanilla-ee-xsmall-small-aws,1,ip-172-31-25-22,ranking,benchANT
2026-08-12 09:44:00+00:00,processes,zombies,0,dbms,08-2026,couchbase-802-vanilla-ee-xsmall-small-aws,1,ip-172-31-25-22,ranking,benchANT
2026-08-12 09:44:10+00:00,processes,zombies,0,dbms,08-2026,couchbase-802-vanilla-ee-xsmall-small-aws,1,ip-172-31-25-22,ranking,benchANT
2026-08-12 09:44:20+00:00,processes,zombies,0,dbms,08-2026,couchbase-802-vanilla-ee-xsmall-small-aws,1,ip-172-31-25-22,ranking,benchANT
2026-08-12 09:44:30+00:00,processes,zombies,0,dbms,08-2026,couchbase-802-vanilla-ee-xsmall-small-aws,1,ip-172-31-25-22,ranking,benchANT
2026-08-12 09:44:40+00:00,processes,zombies,0,dbms,08-2026,couchbase-802-vanilla-ee-xsmall-small-aws,1,ip-172-31-25-22,ranking,benchANT
2026-08-12 09:44:50+00:00,processes,zombies,0,dbms,08-2026,couchbase-802-vanilla-ee-xsmall-small-aws,1,ip-172-31-25-22,ranking,benchANT
2026-08-12 09:45:00+00:00,processes,zombies,0,dbms,08-2026,couchbase-802-vanilla-ee-xsmall-small-aws,1,ip-172-31-25-22,ranking,benchANT
2026-08-12 09:45:10+00:00,processes,zombies,0,dbms,08-2026,couchbase-802-vanilla-ee-xsmall-small-aws,1,ip-172-31-25-22,ranking,benchANT
2026-08-12 09:45:20+00:00,processes,zombies,0,dbms,08-2026,couchbase-802-vanilla-ee-xsmall-small-aws,1,ip-172-31-25-22,ranking,benchANT
2026-08-12 09:45:30+00:00,processes,zombies,0,dbms,08-2026,couchbase-802-vanilla-ee-xsmall-small-aws,1,ip-172-31-25-22,ranking,benchANT
2026-08-12 09:45:40+00:00,processes,zombies,0,dbms,08-2026,couchbase-802-vanilla-ee-xsmall-small-aws,1,ip-172-31-25-22,ranking,benchANT
2026-08-12 09:45:50+00:00,processes,zombies,0,dbms,08-2026,couchbase-802-vanilla-ee-xsmall-small-aws,1,ip-172-31-25-22,ranking,benchANT
2026-08-12 09:46:00+00:00,processes,zombies,0,dbms,08-2026,couchbase-802-vanilla-ee-xsmall-small-aws,1,ip-172-31-25-22,ranking,benchANT
2026-08-12 09:46:10+00:00,processes,zombies,0,dbms,08-2026,couchbase-802-vanilla-ee-xsmall-small-aws,1,ip-172-31-25-22,ranking,benchANT
2026-08-12 09:46:20+00:00,processes,zombies,0,dbms,08-2026,couchbase-802-vanilla-ee-xsmall-small-aws,1,ip-172-31-25-22,ranking,benchANT
2026-08-12 09:46:30+00:00,processes,zombies,0,dbms,08-2026,couchbase-802-vanilla-ee-xsmall-small-aws,1,ip-172-31-25-22,ranking,benchANT
2026-08-12 09:46:40+00:00,processes,zombies,0,dbms,08-2026,couchbase-802-vanilla-ee-xsmall-small-aws,1,ip-172-31-25-22,ranking,benchANT
2026-08-12 09:46:50+00:00,processes,zombies,0,dbms,08-2026,couchbase-802-vanilla-ee-xsmall-small-aws,1,ip-172-31-25-22,ranking,benchANT
2026-08-12 09:47:00+00:00,processes,zombies,0,dbms,08-2026,couchbase-802-vanilla-ee-xsmall-small-aws,1,ip-172-31-25-22,ranking,benchANT
2026-08-12 09:47:10+00:00,processes,zombies,0,dbms,08-2026,couchbase-802-vanilla-ee-xsmall-small-aws,1,ip-172-31-25-22,ranking,benchANT
2026-08-12 09:47:20+00:00,processes,zombies,0,dbms,08-2026,couchbase-802-vanilla-ee-xsmall-small-aws,1,ip-172-31-25-22,ranking,benchANT
2026-08-12 09:47:30+00:00,processes,zombies,0,dbms,08-2026,couchbase-802-vanilla-ee-xsmall-small-aws,1,ip-172-31-25-22,ranking,benchANT
2026-08-12 09:47:40+00:00,processes,zombies,0,dbms,08-2026,couchbase-802-vanilla-ee-xsmall-small-aws,1,ip-172-31-25-22,ranking,benchANT
2026-08-12 09:47:50+00:00,processes,zombies,0,dbms,08-2026,couchbase-802-vanilla-ee-xsmall-small-aws,1,ip-172-31-25-22,ranking,benchANT
2026-08-12 09:48:00+00:00,processes,zombies,0,dbms,08-2026,couchbase-802-vanilla-ee-xsmall-small-aws,1,ip-172-31-25-22,ranking,benchANT
2026-08-12 09:48:10+00:00,processes,zombies,0,dbms,08-2026,couchbase-802-vanilla-ee-xsmall-small-aws,1,ip-172-31-25-22,ranking,benchANT
2026-08-12 09:48:20+00:00,processes,zombies,0,dbms,08-2026,couchbase-802-vanilla-ee-xsmall-small-aws,1,ip-172-31-25-22,ranking,benchANT
2026-08-12 09:48:30+00:00,processes,zombies,0,dbms,08-2026,couchbase-802-vanilla-ee-xsmall-small-aws,1,ip-172-31-25-22,ranking,benchANT
2026-08-12 09:48:40+00:00,processes,zombies,0,dbms,08-2026,couchbase-802-vanilla-ee-xsmall-small-aws,1,ip-172-31-25-22,ranking,benchANT
2026-08-12 09:48:50+00:00,processes,zombies,0,dbms,08-2026,couchbase-802-vanilla-ee-xsmall-small-aws,1,ip-172-31-25-22,ranking,benchANT
2026-08-12 09:49:00+00:00,processes,zombies,0,dbms,08-2026,couchbase-802-vanilla-ee-xsmall-small-aws,1,ip-172-31-25-22,ranking,benchANT
2026-08-12 09:49:10+00:00,processes,zombies,0,dbms,08-2026,couchbase-802-vanilla-ee-xsmall-small-aws,1,ip-172-31-25-22,ranking,benchANT
2026-08-12 09:49:20+00:00,processes,zombies,0,dbms,08-2026,couchbase-802-vanilla-ee-xsmall-small-aws,1,ip-172-31-25-22,ranking,benchANT
2026-08-12 09:49:30+00:00,processes,zombies,0,dbms,08-2026,couchbase-802-vanilla-ee-xsmall-small-aws,1,ip-172-31-25-22,ranking,benchANT
2026-08-12 09:49:40+00:00,processes,zombies,0,dbms,08-2026,couchbase-802-vanilla-ee-xsmall-small-aws,1,ip-172-31-25-22,ranking,benchANT
2026-08-12 09:49:50+00:00,processes,zombies,0,dbms,08-2026,couchbase-802-vanilla-ee-xsmall-small-aws,1,ip-172-31-25-22,ranking,benchANT
2026-08-12 09:50:00+00:00,processes,zombies,0,dbms,08-2026,couchbase-802-vanilla-ee-xsmall-small-aws,1,ip-172-31-25-22,ranking,benchANT
2026-08-12 09:50:10+00:00,processes,zombies,0,dbms,08-2026,couchbase-802-vanilla-ee-xsmall-small-aws,1,ip-172-31-25-22,ranking,benchANT
2026-08-12 09:50:20+00:00,processes,zombies,0,dbms,08-2026,couchbase-802-vanilla-ee-xsmall-small-aws,1,ip-172-31-25-22,ranking,benchANT
2026-08-12 09:50:30+00:00,processes,zombies,0,dbms,08-2026,couchbase-802-vanilla-ee-xsmall-small-aws,1,ip-172-31-25-22,ranking,benchANT
2026-08-12 09:50:40+00:00,processes,zombies,0,dbms,08-2026,couchbase-802-vanilla-ee-xsmall-small-aws,1,ip-172-31-25-22,ranking,benchANT
2026-08-12 09:50:50+00:00,processes,zombies,0,dbms,08-2026,couchbase-802-vanilla-ee-xsmall-small-aws,1,ip-172-31-25-22,ranking,benchANT
2026-08-12 09:51:00+00:00,processes,zombies,0,dbms,08-2026,couchbase-802-vanilla-ee-xsmall-small-aws,1,ip-172-31-25-22,ranking,benchANT
2026-08-12 09:51:10+00:00,processes,zombies,0,dbms,08-2026,couchbase-802-vanilla-ee-xsmall-small-aws,1,ip-172-31-25-22,ranking,benchANT
2026-08-12 09:51:20+00:00,processes,zombies,0,dbms,08-2026,couchbase-802-vanilla-ee-xsmall-small-aws,1,ip-172-31-25-22,ranking,benchANT
2026-08-12 09:51:30+00:00,processes,zombies,0,dbms,08-2026,couchbase-802-vanilla-ee-xsmall-small-aws,1,ip-172-31-25-22,ranking,benchANT
2026-08-12 09:51:40+00:00,processes,zombies,0,dbms,08-2026,couchbase-802-vanilla-ee-xsmall-small-aws,1,ip-172-31-25-22,ranking,benchANT
2026-08-12 09:51:50+00:00,processes,zombies,0,dbms,08-2026,couchbase-802-vanilla-ee-xsmall-small-aws,1,ip-172-31-25-22,ranking,benchANT
2026-08-12 09:52:00+00:00,processes,zombies,0,dbms,08-2026,couchbase-802-vanilla-ee-xsmall-small-aws,1,ip-172-31-25-22,ranking,benchANT
2026-08-12 09:52:10+00:00,processes,zombies,0,dbms,08-2026,couchbase-802-vanilla-ee-xsmall-small-aws,1,ip-172-31-25-22,ranking,benchANT
2026-08-12 09:52:20+00:00,processes,zombies,0,dbms,08-2026,couchbase-802-vanilla-ee-xsmall-small-aws,1,ip-172-31-25-22,ranking,benchANT
2026-08-12 09:52:30+00:00,processes,zombies,0,dbms,08-2026,couchbase-802-vanilla-ee-xsmall-small-aws,1,ip-172-31-25-22,ranking,benchANT
2026-08-12 09:52:40+00:00,processes,zombies,0,dbms,08-2026,couchbase-802-vanilla-ee-xsmall-small-aws,1,ip-172-31-25-22,ranking,benchANT
2026-08-12 09:52:50+00:00,processes,zombies,0,dbms,08-2026,couchbase-802-vanilla-ee-xsmall-small-aws,1,ip-172-31-25-22,ranking,benchANT
2026-08-12 09:53:00+00:00,processes,zombies,0,dbms,08-2026,couchbase-802-vanilla-ee-xsmall-small-aws,1,ip-172-31-25-22,ranking,benchANT
2026-08-12 09:53:10+00:00,processes,zombies,0,dbms,08-2026,couchbase-802-vanilla-ee-xsmall-small-aws,1,ip-172-31-25-22,ranking,benchANT
2026-08-12 09:53:20+00:00,processes,zombies,0,dbms,08-2026,couchbase-802-vanilla-ee-xsmall-small-aws,1,ip-172-31-25-22,ranking,benchANT
2026-08-12 09:53:30+00:00,processes,zombies,0,dbms,08-2026,couchbase-802-vanilla-ee-xsmall-small-aws,1,ip-172-31-25-22,ranking,benchANT
2026-08-12 09:53:40+00:00,processes,zombies,0,dbms,08-2026,couchbase-802-vanilla-ee-xsmall-small-aws,1,ip-172-31-25-22,ranking,benchANT
2026-08-12 09:53:50+00:00,processes,zombies,0,dbms,08-2026,couchbase-802-vanilla-ee-xsmall-small-aws,1,ip-172-31-25-22,ranking,benchANT
2026-08-12 09:54:00+00:00,processes,zombies,0,dbms,08-2026,couchbase-802-vanilla-ee-xsmall-small-aws,1,ip-172-31-25-22,ranking,benchANT
2026-08-12 09:54:10+00:00,processes,zombies,0,dbms,08-2026,couchbase-802-vanilla-ee-xsmall-small-aws,1,ip-172-31-25-22,ranking,benchANT
2026-08-12 09:54:20+00:00,processes,zombies,0,dbms,08-2026,couchbase-802-vanilla-ee-xsmall-small-aws,1,ip-172-31-25-22,ranking,benchANT
2026-08-12 09:54:30+00:00,processes,zombies,0,dbms,08-2026,couchbase-802-vanilla-ee-xsmall-small-aws,1,ip-172-31-25-22,ranking,benchANT
2026-08-12 09:54:40+00:00,processes,zombies,0,dbms,08-2026,couchbase-802-vanilla-ee-xsmall-small-aws,1,ip-172-31-25-22,ranking,benchANT
2026-08-12 09:54:50+00:00,processes,zombies,0,dbms,08-2026,couchbase-802-vanilla-ee-xsmall-small-aws,1,ip-172-31-25-22,ranking,benchANT
2026-08-12 09:55:00+00:00,processes,zombies,0,dbms,08-2026,couchbase-802-vanilla-ee-xsmall-small-aws,1,ip-172-31-25-22,ranking,benchANT
2026-08-12 09:55:10+00:00,processes,zombies,0,dbms,08-2026,couchbase-802-vanilla-ee-xsmall-small-aws,1,ip-172-31-25-22,ranking,benchANT
2026-08-12 09:55:20+00:00,processes,zombies,0,dbms,08-2026,couchbase-802-vanilla-ee-xsmall-small-aws,1,ip-172-31-25-22,ranking,benchANT
2026-08-12 09:55:30+00:00,processes,zombies,0,dbms,08-2026,couchbase-802-vanilla-ee-xsmall-small-aws,1,ip-172-31-25-22,ranking,benchANT
2026-08-12 09:55:40+00:00,processes,zombies,0,dbms,08-2026,couchbase-802-vanilla-ee-xsmall-small-aws,1,ip-172-31-25-22,ranking,benchANT
2026-08-12 09:55:50+00:00,processes,zombies,0,dbms,08-2026,couchbase-802-vanilla-ee-xsmall-small-aws,1,ip-172-31-25-22,ranking,benchANT
2026-08-12 09:56:00+00:00,processes,zombies,0,dbms,08-2026,couchbase-802-vanilla-ee-xsmall-small-aws,1,ip-172-31-25-22,ranking,benchANT
2026-08-12 09:56:10+00:00,processes,zombies,0,dbms,08-2026,couchbase-802-vanilla-ee-xsmall-small-aws,1,ip-172-31-25-22,ranking,benchANT
2026-08-12 09:56:20+00:00,processes,zombies,0,dbms,08-2026,couchbase-802-vanilla-ee-xsmall-small-aws,1,ip-172-31-25-22,ranking,benchANT
2026-08-12 09:56:30+00:00,processes,zombies,0,dbms,08-2026,couchbase-802-vanilla-ee-xsmall-small-aws,1,ip-172-31-25-22,ranking,benchANT
2026-08-12 09:56:40+00:00,processes,zombies,0,dbms,08-2026,couchbase-802-vanilla-ee-xsmall-small-aws,1,ip-172-31-25-22,ranking,benchANT
2026-08-12 09:56:50+00:00,processes,zombies,0,dbms,08-2026,couchbase-802-vanilla-ee-xsmall-small-aws,1,ip-172-31-25-22,ranking,benchANT
2026-08-12 09:57:00+00:00,processes,zombies,0,dbms,08-2026,couchbase-802-vanilla-ee-xsmall-small-aws,1,ip-172-31-25-22,ranking,benchANT
2026-08-12 09:57:10+00:00,processes,zombies,0,dbms,08-2026,couchbase-802-vanilla-ee-xsmall-small-aws,1,ip-172-31-25-22,ranking,benchANT
2026-08-12 09:57:20+00:00,processes,zombies,0,dbms,08-2026,couchbase-802-vanilla-ee-xsmall-small-aws,1,ip-172-31-25-22,ranking,benchANT
2026-08-12 09:57:30+00:00,processes,zombies,0,dbms,08-2026,couchbase-802-vanilla-ee-xsmall-small-aws,1,ip-172-31-25-22,ranking,benchANT
2026-08-12 09:57:40+00:00,processes,zombies,0,dbms,08-2026,couchbase-802-vanilla-ee-xsmall-small-aws,1,ip-172-31-25-22,ranking,benchANT
2026-08-12 09:57:50+00:00,processes,zombies,0,dbms,08-2026,couchbase-802-vanilla-ee-xsmall-small-aws,1,ip-172-31-25-22,ranking,benchANT
2026-08-12 09:58:00+00:00,processes,zombies,0,dbms,08-2026,couchbase-802-vanilla-ee-xsmall-small-aws,1,ip-172-31-25-22,ranking,benchANT
2026-08-12 09:58:10+00:00,processes,zombies,0,dbms,08-2026,couchbase-802-vanilla-ee-xsmall-small-aws,1,ip-172-31-25-22,ranking,benchANT
2026-08-12 09:58:20+00:00,processes,zombies,0,dbms,08-2026,couchbase-802-vanilla-ee-xsmall-small-aws,1,ip-172-31-25-22,ranking,benchANT
2026-08-12 09:58:30+00:00,processes,zombies,0,dbms,08-2026,couchbase-802-vanilla-ee-xsmall-small-aws,1,ip-172-31-25-22,ranking,benchANT
2026-08-12 09:58:40+00:00,processes,zombies,0,dbms,08-2026,couchbase-802-vanilla-ee-xsmall-small-aws,1,ip-172-31-25-22,ranking,benchANT
2026-08-12 09:58:50+00:00,processes,zombies,0,dbms,08-2026,couchbase-802-vanilla-ee-xsmall-small-aws,1,ip-172-31-25-22,ranking,benchANT
2026-08-12 09:59:00+00:00,processes,zombies,0,dbms,08-2026,couchbase-802-vanilla-ee-xsmall-small-aws,1,ip-172-31-25-22,ranking,benchANT
2026-08-12 09:59:10+00:00,processes,zombies,0,dbms,08-2026,couchbase-802-vanilla-ee-xsmall-small-aws,1,ip-172-31-25-22,ranking,benchANT
2026-08-12 09:59:20+00:00,processes,zombies,0,dbms,08-2026,couchbase-802-vanilla-ee-xsmall-small-aws,1,ip-172-31-25-22,ranking,benchANT
2026-08-12 09:59:30+00:00,processes,zombies,0,dbms,08-2026,couchbase-802-vanilla-ee-xsmall-small-aws,1,ip-172-31-25-22,ranking,benchANT
2026-08-12 09:59:40+00:00,processes,zombies,0,dbms,08-2026,couchbase-802-vanilla-ee-xsmall-small-aws,1,ip-172-31-25-22,ranking,benchANT
2026-08-12 09:59:50+00:00,processes,zombies,0,dbms,08-2026,couchbase-802-vanilla-ee-xsmall-small-aws,1,ip-172-31-25-22,ranking,benchANT
2026-08-12 10:00:00+00:00,processes,zombies,0,dbms,08-2026,couchbase-802-vanilla-ee-xsmall-small-aws,1,ip-172-31-25-22,ranking,benchANT
2026-08-12 10:00:10+00:00,processes,zombies,0,dbms,08-2026,couchbase-802-vanilla-ee-xsmall-small-aws,1,ip-172-31-25-22,ranking,benchANT
2026-08-12 10:00:20+00:00,processes,zombies,0,dbms,08-2026,couchbase-802-vanilla-ee-xsmall-small-aws,1,ip-172-31-25-22,ranking,benchANT
2026-08-12 10:00:30+00:00,processes,zombies,0,dbms,08-2026,couchbase-802-vanilla-ee-xsmall-small-aws,1,ip-172-31-25-22,ranking,benchANT
2026-08-12 10:00:40+00:00,processes,zombies,0,dbms,08-2026,couchbase-802-vanilla-ee-xsmall-small-aws,1,ip-172-31-25-22,ranking,benchANT
2026-08-12 10:00:50+00:00,processes,zombies,0,dbms,08-2026,couchbase-802-vanilla-ee-xsmall-small-aws,1,ip-172-31-25-22,ranking,benchANT
2026-08-12 10:01:00+00:00,processes,zombies,0,dbms,08-2026,couchbase-802-vanilla-ee-xsmall-small-aws,1,ip-172-31-25-22,ranking,benchANT
2026-08-12 10:01:10+00:00,processes,zombies,0,dbms,08-2026,couchbase-802-vanilla-ee-xsmall-small-aws,1,ip-172-31-25-22,ranking,benchANT
2026-08-12 10:01:20+00:00,processes,zombies,0,dbms,08-2026,couchbase-802-vanilla-ee-xsmall-small-aws,1,ip-172-31-25-22,ranking,benchANT
2026-08-12 10:01:30+00:00,processes,zombies,0,dbms,08-2026,couchbase-802-vanilla-ee-xsmall-small-aws,1,ip-172-31-25-22,ranking,benchANT
2026-08-12 10:01:40+00:00,processes,zombies,0,dbms,08-2026,couchbase-802-vanilla-ee-xsmall-small-aws,1,ip-172-31-25-22,ranking,benchANT
2026-08-12 10:01:50+00:00,processes,zombies,0,dbms,08-2026,couchbase-802-vanilla-ee-xsmall-small-aws,1,ip-172-31-25-22,ranking,benchANT
2026-08-12 10:02:00+00:00,processes,zombies,0,dbms,08-2026,couchbase-802-vanilla-ee-xsmall-small-aws,1,ip-172-31-25-22,ranking,benchANT
2026-08-12 10:02:10+00:00,processes,zombies,0,dbms,08-2026,couchbase-802-vanilla-ee-xsmall-small-aws,1,ip-172-31-25-22,ranking,benchANT
2026-08-12 10:02:20+00:00,processes,zombies,0,dbms,08-2026,couchbase-802-vanilla-ee-xsmall-small-aws,1,ip-172-31-25-22,ranking,benchANT
2026-08-12 10:02:30+00:00,processes,zombies,0,dbms,08-2026,couchbase-802-vanilla-ee-xsmall-small-aws,1,ip-172-31-25-22,ranking,benchANT
2026-08-12 10:02:40+00:00,processes,zombies,0,dbms,08-2026,couchbase-802-vanilla-ee-xsmall-small-aws,1,ip-172-31-25-22,ranking,benchANT
2026-08-12 10:02:50+00:00,processes,zombies,0,dbms,08-2026,couchbase-802-vanilla-ee-xsmall-small-aws,1,ip-172-31-25-22,ranking,benchANT
2026-08-12 10:03:00+00:00,processes,zombies,0,dbms,08-2026,couchbase-802-vanilla-ee-xsmall-small-aws,1,ip-172-31-25-22,ranking,benchANT
2026-08-12 10:03:10+00:00,processes,zombies,0,dbms,08-2026,couchbase-802-vanilla-ee-xsmall-small-aws,1,ip-172-31-25-22,ranking,benchANT
2026-08-12 10:03:20+00:00,processes,zombies,0,dbms,08-2026,couchbase-802-vanilla-ee-xsmall-small-aws,1,ip-172-31-25-22,ranking,benchANT
2026-08-12 10:03:30+00:00,processes,zombies,0,dbms,08-2026,couchbase-802-vanilla-ee-xsmall-small-aws,1,ip-172-31-25-22,ranking,benchANT
2026-08-12 10:03:40+00:00,processes,zombies,0,dbms,08-2026,couchbase-802-vanilla-ee-xsmall-small-aws,1,ip-172-31-25-22,ranking,benchANT
2026-08-12 10:03:50+00:00,processes,zombies,0,dbms,08-2026,couchbase-802-vanilla-ee-xsmall-small-aws,1,ip-172-31-25-22,ranking,benchANT
2026-08-12 10:04:00+00:00,processes,zombies,0,dbms,08-2026,couchbase-802-vanilla-ee-xsmall-small-aws,1,ip-172-31-25-22,ranking,benchANT
2026-08-12 10:04:10+00:00,processes,zombies,0,dbms,08-2026,couchbase-802-vanilla-ee-xsmall-small-aws,1,ip-172-31-25-22,ranking,benchANT
2026-08-12 10:04:20+00:00,processes,zombies,0,dbms,08-2026,couchbase-802-vanilla-ee-xsmall-small-aws,1,ip-172-31-25-22,ranking,benchANT
2026-08-12 10:04:30+00:00,processes,zombies,0,dbms,08-2026,couchbase-802-vanilla-ee-xsmall-small-aws,1,ip-172-31-25-22,ranking,benchANT
2026-08-12 10:04:40+00:00,processes,zombies,0,dbms,08-2026,couchbase-802-vanilla-ee-xsmall-small-aws,1,ip-172-31-25-22,ranking,benchANT
2026-08-12 10:04:50+00:00,processes,zombies,0,dbms,08-2026,couchbase-802-vanilla-ee-xsmall-small-aws,1,ip-172-31-25-22,ranking,benchANT
2026-08-12 10:05:00+00:00,processes,zombies,0,dbms,08-2026,couchbase-802-vanilla-ee-xsmall-small-aws,1,ip-172-31-25-22,ranking,benchANT
2026-08-12 10:05:10+00:00,processes,zombies,0,dbms,08-2026,couchbase-802-vanilla-ee-xsmall-small-aws,1,ip-172-31-25-22,ranking,benchANT
2026-08-12 10:05:20+00:00,processes,zombies,0,dbms,08-2026,couchbase-802-vanilla-ee-xsmall-small-aws,1,ip-172-31-25-22,ranking,benchANT
2026-08-12 10:05:30+00:00,processes,zombies,0,dbms,08-2026,couchbase-802-vanilla-ee-xsmall-small-aws,1,ip-172-31-25-22,ranking,benchANT
2026-08-12 10:05:40+00:00,processes,zombies,0,dbms,08-2026,couchbase-802-vanilla-ee-xsmall-small-aws,1,ip-172-31-25-22,ranking,benchANT
