time,measurement,field,value,application,batchId,configurationId,executionCounter,host,projectId,userId
2026-08-12 11:03:30+00:00,swap,free,0.0,dbms,08-2026,couchbase-802-vanilla-ee-medium-medium-aws,1,ip-172-31-17-239,ranking,benchANT
2026-08-12 11:03:40+00:00,swap,free,0.0,dbms,08-2026,couchbase-802-vanilla-ee-medium-medium-aws,1,ip-172-31-17-239,ranking,benchANT
2026-08-12 11:03:50+00:00,swap,free,0.0,dbms,08-2026,couchbase-802-vanilla-ee-medium-medium-aws,1,ip-172-31-17-239,ranking,benchANT
2026-08-12 11:04:00+00:00,swap,free,0.0,dbms,08-2026,couchbase-802-vanilla-ee-medium-medium-aws,1,ip-172-31-17-239,ranking,benchANT
2026-08-12 11:04:10+00:00,swap,free,0.0,dbms,08-2026,couchbase-802-vanilla-ee-medium-medium-aws,1,ip-172-31-17-239,ranking,benchANT
2026-08-12 11:04:20+00:00,swap,free,0.0,dbms,08-2026,couchbase-802-vanilla-ee-medium-medium-aws,1,ip-172-31-17-239,ranking,benchANT
2026-08-12 11:04:30+00:00,swap,free,0.0,dbms,08-2026,couchbase-802-vanilla-ee-medium-medium-aws,1,ip-172-31-17-239,ranking,benchANT
2026-08-12 11:04:40+00:00,swap,free,0.0,dbms,08-2026,couchbase-802-vanilla-ee-medium-medium-aws,1,ip-172-31-17-239,ranking,benchANT
2026-08-12 11:04:50+00:00,swap,free,0.0,dbms,08-2026,couchbase-802-vanilla-ee-medium-medium-aws,1,ip-172-31-17-239,ranking,benchANT
2026-08-12 11:05:00+00:00,swap,free,0.0,dbms,08-2026,couchbase-802-vanilla-ee-medium-medium-aws,1,ip-172-31-17-239,ranking,benchANT
2026-08-12 11:05:10+00:00,swap,free,0.0,dbms,08-2026,couchbase-802-vanilla-ee-medium-medium-aws,1,ip-172-31-17-239,ranking,benchANT
2026-08-12 11:05:20+00:00,swap,free,0.0,dbms,08-2026,couchbase-802-vanilla-ee-medium-medium-aws,1,ip-172-31-17-239,ranking,benchANT
2026-08-12 11:05:30+00:00,swap,free,0.0,dbms,08-2026,couchbase-802-vanilla-ee-medium-medium-aws,1,ip-172-31-17-239,ranking,benchANT
2026-08-12 11:05:40+00:00,swap,free,0.0,dbms,08-2026,couchbase-802-vanilla-ee-medium-medium-aws,1,ip-172-31-17-239,ranking,benchANT
2026-08-12 11:05:50+00:00,swap,free,0.0,dbms,08-2026,couchbase-802-vanilla-ee-medium-medium-aws,1,ip-172-31-17-239,ranking,benchANT
2026-08-12 11:06:00+00:00,swap,free,0.0,dbms,08-2026,couchbase-802-vanilla-ee-medium-medium-aws,1,ip-172-31-17-239,ranking,benchANT
2026-08-12 11:06:10+00:00,swap,free,0.0,dbms,08-2026,couchbase-802-vanilla-ee-medium-medium-aws,1,ip-172-31-17-239,ranking,benchANT
2026-08-12 11:06:20+00:00,swap,free,0.0,dbms,08-2026,couchbase-802-vanilla-ee-medium-medium-aws,1,ip-172-31-17-239,ranking,benchANT
2026-08-12 11:06:30+00:00,swap,free,0.0,dbms,08-2026,couchbase-802-vanilla-ee-medium-medium-aws,1,ip-172-31-17-239,ranking,benchANT
2026-08-12 11:06:40+00:00,swap,free,0.0,dbms,08-2026,couchbase-802-vanilla-ee-medium-medium-aws,1,ip-172-31-17-239,ranking,benchANT
2026-08-12 11:06:50+00:00,swap,free,0.0,dbms,08-2026,couchbase-802-vanilla-ee-medium-medium-aws,1,ip-172-31-17-239,ranking,benchANT
2026-08-12 11:07:00+00:00,swap,free,0.0,dbms,08-2026,couchbase-802-vanilla-ee-medium-medium-aws,1,ip-172-31-17-239,ranking,benchANT
2026-08-12 11:07:10+00:00,swap,free,0.0,dbms,08-2026,couchbase-802-vanilla-ee-medium-medium-aws,1,ip-172-31-17-239,ranking,benchANT
2026-08-12 11:07:20+00:00,swap,free,0.0,dbms,08-2026,couchbase-802-vanilla-ee-medium-medium-aws,1,ip-172-31-17-239,ranking,benchANT
2026-08-12 11:07:30+00:00,swap,free,0.0,dbms,08-2026,couchbase-802-vanilla-ee-medium-medium-aws,1,ip-172-31-17-239,ranking,benchANT
2026-08-12 11:07:40+00:00,swap,free,0.0,dbms,08-2026,couchbase-802-vanilla-ee-medium-medium-aws,1,ip-172-31-17-239,ranking,benchANT
2026-08-12 11:07:50+00:00,swap,free,0.0,dbms,08-2026,couchbase-802-vanilla-ee-medium-medium-aws,1,ip-172-31-17-239,ranking,benchANT
2026-08-12 11:08:00+00:00,swap,free,0.0,dbms,08-2026,couchbase-802-vanilla-ee-medium-medium-aws,1,ip-172-31-17-239,ranking,benchANT
2026-08-12 11:08:10+00:00,swap,free,0.0,dbms,08-2026,couchbase-802-vanilla-ee-medium-medium-aws,1,ip-172-31-17-239,ranking,benchANT
2026-08-12 11:08:20+00:00,swap,free,0.0,dbms,08-2026,couchbase-802-vanilla-ee-medium-medium-aws,1,ip-172-31-17-239,ranking,benchANT
2026-08-12 11:08:30+00:00,swap,free,0.0,dbms,08-2026,couchbase-802-vanilla-ee-medium-medium-aws,1,ip-172-31-17-239,ranking,benchANT
2026-08-12 11:08:40+00:00,swap,free,0.0,dbms,08-2026,couchbase-802-vanilla-ee-medium-medium-aws,1,ip-172-31-17-239,ranking,benchANT
2026-08-12 11:08:50+00:00,swap,free,0.0,dbms,08-2026,couchbase-802-vanilla-ee-medium-medium-aws,1,ip-172-31-17-239,ranking,benchANT
2026-08-12 11:09:00+00:00,swap,free,0.0,dbms,08-2026,couchbase-802-vanilla-ee-medium-medium-aws,1,ip-172-31-17-239,ranking,benchANT
2026-08-12 11:09:10+00:00,swap,free,0.0,dbms,08-2026,couchbase-802-vanilla-ee-medium-medium-aws,1,ip-172-31-17-239,ranking,benchANT
2026-08-12 11:09:20+00:00,swap,free,0.0,dbms,08-2026,couchbase-802-vanilla-ee-medium-medium-aws,1,ip-172-31-17-239,ranking,benchANT
2026-08-12 11:09:30+00:00,swap,free,0.0,dbms,08-2026,couchbase-802-vanilla-ee-medium-medium-aws,1,ip-172-31-17-239,ranking,benchANT
2026-08-12 11:09:40+00:00,swap,free,0.0,dbms,08-2026,couchbase-802-vanilla-ee-medium-medium-aws,1,ip-172-31-17-239,ranking,benchANT
2026-08-12 11:09:50+00:00,swap,free,0.0,dbms,08-2026,couchbase-802-vanilla-ee-medium-medium-aws,1,ip-172-31-17-239,ranking,benchANT
2026-08-12 11:10:00+00:00,swap,free,0.0,dbms,08-2026,couchbase-802-vanilla-ee-medium-medium-aws,1,ip-172-31-17-239,ranking,benchANT
2026-08-12 11:10:10+00:00,swap,free,0.0,dbms,08-2026,couchbase-802-vanilla-ee-medium-medium-aws,1,ip-172-31-17-239,ranking,benchANT
2026-08-12 11:10:20+00:00,swap,free,0.0,dbms,08-2026,couchbase-802-vanilla-ee-medium-medium-aws,1,ip-172-31-17-239,ranking,benchANT
2026-08-12 11:10:30+00:00,swap,free,0.0,dbms,08-2026,couchbase-802-vanilla-ee-medium-medium-aws,1,ip-172-31-17-239,ranking,benchANT
2026-08-12 11:10:40+00:00,swap,free,0.0,dbms,08-2026,couchbase-802-vanilla-ee-medium-medium-aws,1,ip-172-31-17-239,ranking,benchANT
2026-08-12 11:10:50+00:00,swap,free,0.0,dbms,08-2026,couchbase-802-vanilla-ee-medium-medium-aws,1,ip-172-31-17-239,ranking,benchANT
2026-08-12 11:11:00+00:00,swap,free,0.0,dbms,08-2026,couchbase-802-vanilla-ee-medium-medium-aws,1,ip-172-31-17-239,ranking,benchANT
2026-08-12 11:11:10+00:00,swap,free,0.0,dbms,08-2026,couchbase-802-vanilla-ee-medium-medium-aws,1,ip-172-31-17-239,ranking,benchANT
2026-08-12 11:11:20+00:00,swap,free,0.0,dbms,08-2026,couchbase-802-vanilla-ee-medium-medium-aws,1,ip-172-31-17-239,ranking,benchANT
2026-08-12 11:11:30+00:00,swap,free,0.0,dbms,08-2026,couchbase-802-vanilla-ee-medium-medium-aws,1,ip-172-31-17-239,ranking,benchANT
2026-08-12 11:11:40+00:00,swap,free,0.0,dbms,08-2026,couchbase-802-vanilla-ee-medium-medium-aws,1,ip-172-31-17-239,ranking,benchANT
2026-08-12 11:11:50+00:00,swap,free,0.0,dbms,08-2026,couchbase-802-vanilla-ee-medium-medium-aws,1,ip-172-31-17-239,ranking,benchANT
2026-08-12 11:12:00+00:00,swap,free,0.0,dbms,08-2026,couchbase-802-vanilla-ee-medium-medium-aws,1,ip-172-31-17-239,ranking,benchANT
2026-08-12 11:12:10+00:00,swap,free,0.0,dbms,08-2026,couchbase-802-vanilla-ee-medium-medium-aws,1,ip-172-31-17-239,ranking,benchANT
2026-08-12 11:12:20+00:00,swap,free,0.0,dbms,08-2026,couchbase-802-vanilla-ee-medium-medium-aws,1,ip-172-31-17-239,ranking,benchANT
2026-08-12 11:12:30+00:00,swap,free,0.0,dbms,08-2026,couchbase-802-vanilla-ee-medium-medium-aws,1,ip-172-31-17-239,ranking,benchANT
2026-08-12 11:12:40+00:00,swap,free,0.0,dbms,08-2026,couchbase-802-vanilla-ee-medium-medium-aws,1,ip-172-31-17-239,ranking,benchANT
2026-08-12 11:12:50+00:00,swap,free,0.0,dbms,08-2026,couchbase-802-vanilla-ee-medium-medium-aws,1,ip-172-31-17-239,ranking,benchANT
2026-08-12 11:13:00+00:00,swap,free,0.0,dbms,08-2026,couchbase-802-vanilla-ee-medium-medium-aws,1,ip-172-31-17-239,ranking,benchANT
2026-08-12 11:13:10+00:00,swap,free,0.0,dbms,08-2026,couchbase-802-vanilla-ee-medium-medium-aws,1,ip-172-31-17-239,ranking,benchANT
2026-08-12 11:13:20+00:00,swap,free,0.0,dbms,08-2026,couchbase-802-vanilla-ee-medium-medium-aws,1,ip-172-31-17-239,ranking,benchANT
2026-08-12 11:13:30+00:00,swap,free,0.0,dbms,08-2026,couchbase-802-vanilla-ee-medium-medium-aws,1,ip-172-31-17-239,ranking,benchANT
2026-08-12 11:13:40+00:00,swap,free,0.0,dbms,08-2026,couchbase-802-vanilla-ee-medium-medium-aws,1,ip-172-31-17-239,ranking,benchANT
2026-08-12 11:13:50+00:00,swap,free,0.0,dbms,08-2026,couchbase-802-vanilla-ee-medium-medium-aws,1,ip-172-31-17-239,ranking,benchANT
2026-08-12 11:14:00+00:00,swap,free,0.0,dbms,08-2026,couchbase-802-vanilla-ee-medium-medium-aws,1,ip-172-31-17-239,ranking,benchANT
2026-08-12 11:14:10+00:00,swap,free,0.0,dbms,08-2026,couchbase-802-vanilla-ee-medium-medium-aws,1,ip-172-31-17-239,ranking,benchANT
2026-08-12 11:14:20+00:00,swap,free,0.0,dbms,08-2026,couchbase-802-vanilla-ee-medium-medium-aws,1,ip-172-31-17-239,ranking,benchANT
2026-08-12 11:14:30+00:00,swap,free,0.0,dbms,08-2026,couchbase-802-vanilla-ee-medium-medium-aws,1,ip-172-31-17-239,ranking,benchANT
2026-08-12 11:14:40+00:00,swap,free,0.0,dbms,08-2026,couchbase-802-vanilla-ee-medium-medium-aws,1,ip-172-31-17-239,ranking,benchANT
2026-08-12 11:14:50+00:00,swap,free,0.0,dbms,08-2026,couchbase-802-vanilla-ee-medium-medium-aws,1,ip-172-31-17-239,ranking,benchANT
2026-08-12 11:15:00+00:00,swap,free,0.0,dbms,08-2026,couchbase-802-vanilla-ee-medium-medium-aws,1,ip-172-31-17-239,ranking,benchANT
2026-08-12 11:15:10+00:00,swap,free,0.0,dbms,08-2026,couchbase-802-vanilla-ee-medium-medium-aws,1,ip-172-31-17-239,ranking,benchANT
2026-08-12 11:15:20+00:00,swap,free,0.0,dbms,08-2026,couchbase-802-vanilla-ee-medium-medium-aws,1,ip-172-31-17-239,ranking,benchANT
2026-08-12 11:15:30+00:00,swap,free,0.0,dbms,08-2026,couchbase-802-vanilla-ee-medium-medium-aws,1,ip-172-31-17-239,ranking,benchANT
2026-08-12 11:15:40+00:00,swap,free,0.0,dbms,08-2026,couchbase-802-vanilla-ee-medium-medium-aws,1,ip-172-31-17-239,ranking,benchANT
2026-08-12 11:15:50+00:00,swap,free,0.0,dbms,08-2026,couchbase-802-vanilla-ee-medium-medium-aws,1,ip-172-31-17-239,ranking,benchANT
2026-08-12 11:03:30+00:00,swap,in,0.0,dbms,08-2026,couchbase-802-vanilla-ee-medium-medium-aws,1,ip-172-31-17-239,ranking,benchANT
2026-08-12 11:03:40+00:00,swap,in,0.0,dbms,08-2026,couchbase-802-vanilla-ee-medium-medium-aws,1,ip-172-31-17-239,ranking,benchANT
2026-08-12 11:03:50+00:00,swap,in,0.0,dbms,08-2026,couchbase-802-vanilla-ee-medium-medium-aws,1,ip-172-31-17-239,ranking,benchANT
2026-08-12 11:04:00+00:00,swap,in,0.0,dbms,08-2026,couchbase-802-vanilla-ee-medium-medium-aws,1,ip-172-31-17-239,ranking,benchANT
2026-08-12 11:04:10+00:00,swap,in,0.0,dbms,08-2026,couchbase-802-vanilla-ee-medium-medium-aws,1,ip-172-31-17-239,ranking,benchANT
2026-08-12 11:04:20+00:00,swap,in,0.0,dbms,08-2026,couchbase-802-vanilla-ee-medium-medium-aws,1,ip-172-31-17-239,ranking,benchANT
2026-08-12 11:04:30+00:00,swap,in,0.0,dbms,08-2026,couchbase-802-vanilla-ee-medium-medium-aws,1,ip-172-31-17-239,ranking,benchANT
2026-08-12 11:04:40+00:00,swap,in,0.0,dbms,08-2026,couchbase-802-vanilla-ee-medium-medium-aws,1,ip-172-31-17-239,ranking,benchANT
2026-08-12 11:04:50+00:00,swap,in,0.0,dbms,08-2026,couchbase-802-vanilla-ee-medium-medium-aws,1,ip-172-31-17-239,ranking,benchANT
2026-08-12 11:05:00+00:00,swap,in,0.0,dbms,08-2026,couchbase-802-vanilla-ee-medium-medium-aws,1,ip-172-31-17-239,ranking,benchANT
2026-08-12 11:05:10+00:00,swap,in,0.0,dbms,08-2026,couchbase-802-vanilla-ee-medium-medium-aws,1,ip-172-31-17-239,ranking,benchANT
2026-08-12 11:05:20+00:00,swap,in,0.0,dbms,08-2026,couchbase-802-vanilla-ee-medium-medium-aws,1,ip-172-31-17-239,ranking,benchANT
2026-08-12 11:05:30+00:00,swap,in,0.0,dbms,08-2026,couchbase-802-vanilla-ee-medium-medium-aws,1,ip-172-31-17-239,ranking,benchANT
2026-08-12 11:05:40+00:00,swap,in,0.0,dbms,08-2026,couchbase-802-vanilla-ee-medium-medium-aws,1,ip-172-31-17-239,ranking,benchANT
2026-08-12 11:05:50+00:00,swap,in,0.0,dbms,08-2026,couchbase-802-vanilla-ee-medium-medium-aws,1,ip-172-31-17-239,ranking,benchANT
2026-08-12 11:06:00+00:00,swap,in,0.0,dbms,08-2026,couchbase-802-vanilla-ee-medium-medium-aws,1,ip-172-31-17-239,ranking,benchANT
2026-08-12 11:06:10+00:00,swap,in,0.0,dbms,08-2026,couchbase-802-vanilla-ee-medium-medium-aws,1,ip-172-31-17-239,ranking,benchANT
2026-08-12 11:06:20+00:00,swap,in,0.0,dbms,08-2026,couchbase-802-vanilla-ee-medium-medium-aws,1,ip-172-31-17-239,ranking,benchANT
2026-08-12 11:06:30+00:00,swap,in,0.0,dbms,08-2026,couchbase-802-vanilla-ee-medium-medium-aws,1,ip-172-31-17-239,ranking,benchANT
2026-08-12 11:06:40+00:00,swap,in,0.0,dbms,08-2026,couchbase-802-vanilla-ee-medium-medium-aws,1,ip-172-31-17-239,ranking,benchANT
2026-08-12 11:06:50+00:00,swap,in,0.0,dbms,08-2026,couchbase-802-vanilla-ee-medium-medium-aws,1,ip-172-31-17-239,ranking,benchANT
2026-08-12 11:07:00+00:00,swap,in,0.0,dbms,08-2026,couchbase-802-vanilla-ee-medium-medium-aws,1,ip-172-31-17-239,ranking,benchANT
2026-08-12 11:07:10+00:00,swap,in,0.0,dbms,08-2026,couchbase-802-vanilla-ee-medium-medium-aws,1,ip-172-31-17-239,ranking,benchANT
2026-08-12 11:07:20+00:00,swap,in,0.0,dbms,08-2026,couchbase-802-vanilla-ee-medium-medium-aws,1,ip-172-31-17-239,ranking,benchANT
2026-08-12 11:07:30+00:00,swap,in,0.0,dbms,08-2026,couchbase-802-vanilla-ee-medium-medium-aws,1,ip-172-31-17-239,ranking,benchANT
2026-08-12 11:07:40+00:00,swap,in,0.0,dbms,08-2026,couchbase-802-vanilla-ee-medium-medium-aws,1,ip-172-31-17-239,ranking,benchANT
2026-08-12 11:07:50+00:00,swap,in,0.0,dbms,08-2026,couchbase-802-vanilla-ee-medium-medium-aws,1,ip-172-31-17-239,ranking,benchANT
2026-08-12 11:08:00+00:00,swap,in,0.0,dbms,08-2026,couchbase-802-vanilla-ee-medium-medium-aws,1,ip-172-31-17-239,ranking,benchANT
2026-08-12 11:08:10+00:00,swap,in,0.0,dbms,08-2026,couchbase-802-vanilla-ee-medium-medium-aws,1,ip-172-31-17-239,ranking,benchANT
2026-08-12 11:08:20+00:00,swap,in,0.0,dbms,08-2026,couchbase-802-vanilla-ee-medium-medium-aws,1,ip-172-31-17-239,ranking,benchANT
2026-08-12 11:08:30+00:00,swap,in,0.0,dbms,08-2026,couchbase-802-vanilla-ee-medium-medium-aws,1,ip-172-31-17-239,ranking,benchANT
2026-08-12 11:08:40+00:00,swap,in,0.0,dbms,08-2026,couchbase-802-vanilla-ee-medium-medium-aws,1,ip-172-31-17-239,ranking,benchANT
2026-08-12 11:08:50+00:00,swap,in,0.0,dbms,08-2026,couchbase-802-vanilla-ee-medium-medium-aws,1,ip-172-31-17-239,ranking,benchANT
2026-08-12 11:09:00+00:00,swap,in,0.0,dbms,08-2026,couchbase-802-vanilla-ee-medium-medium-aws,1,ip-172-31-17-239,ranking,benchANT
2026-08-12 11:09:10+00:00,swap,in,0.0,dbms,08-2026,couchbase-802-vanilla-ee-medium-medium-aws,1,ip-172-31-17-239,ranking,benchANT
2026-08-12 11:09:20+00:00,swap,in,0.0,dbms,08-2026,couchbase-802-vanilla-ee-medium-medium-aws,1,ip-172-31-17-239,ranking,benchANT
2026-08-12 11:09:30+00:00,swap,in,0.0,dbms,08-2026,couchbase-802-vanilla-ee-medium-medium-aws,1,ip-172-31-17-239,ranking,benchANT
2026-08-12 11:09:40+00:00,swap,in,0.0,dbms,08-2026,couchbase-802-vanilla-ee-medium-medium-aws,1,ip-172-31-17-239,ranking,benchANT
2026-08-12 11:09:50+00:00,swap,in,0.0,dbms,08-2026,couchbase-802-vanilla-ee-medium-medium-aws,1,ip-172-31-17-239,ranking,benchANT
2026-08-12 11:10:00+00:00,swap,in,0.0,dbms,08-2026,couchbase-802-vanilla-ee-medium-medium-aws,1,ip-172-31-17-239,ranking,benchANT
2026-08-12 11:10:10+00:00,swap,in,0.0,dbms,08-2026,couchbase-802-vanilla-ee-medium-medium-aws,1,ip-172-31-17-239,ranking,benchANT
2026-08-12 11:10:20+00:00,swap,in,0.0,dbms,08-2026,couchbase-802-vanilla-ee-medium-medium-aws,1,ip-172-31-17-239,ranking,benchANT
2026-08-12 11:10:30+00:00,swap,in,0.0,dbms,08-2026,couchbase-802-vanilla-ee-medium-medium-aws,1,ip-172-31-17-239,ranking,benchANT
2026-08-12 11:10:40+00:00,swap,in,0.0,dbms,08-2026,couchbase-802-vanilla-ee-medium-medium-aws,1,ip-172-31-17-239,ranking,benchANT
2026-08-12 11:10:50+00:00,swap,in,0.0,dbms,08-2026,couchbase-802-vanilla-ee-medium-medium-aws,1,ip-172-31-17-239,ranking,benchANT
2026-08-12 11:11:00+00:00,swap,in,0.0,dbms,08-2026,couchbase-802-vanilla-ee-medium-medium-aws,1,ip-172-31-17-239,ranking,benchANT
2026-08-12 11:11:10+00:00,swap,in,0.0,dbms,08-2026,couchbase-802-vanilla-ee-medium-medium-aws,1,ip-172-31-17-239,ranking,benchANT
2026-08-12 11:11:20+00:00,swap,in,0.0,dbms,08-2026,couchbase-802-vanilla-ee-medium-medium-aws,1,ip-172-31-17-239,ranking,benchANT
2026-08-12 11:11:30+00:00,swap,in,0.0,dbms,08-2026,couchbase-802-vanilla-ee-medium-medium-aws,1,ip-172-31-17-239,ranking,benchANT
2026-08-12 11:11:40+00:00,swap,in,0.0,dbms,08-2026,couchbase-802-vanilla-ee-medium-medium-aws,1,ip-172-31-17-239,ranking,benchANT
2026-08-12 11:11:50+00:00,swap,in,0.0,dbms,08-2026,couchbase-802-vanilla-ee-medium-medium-aws,1,ip-172-31-17-239,ranking,benchANT
2026-08-12 11:12:00+00:00,swap,in,0.0,dbms,08-2026,couchbase-802-vanilla-ee-medium-medium-aws,1,ip-172-31-17-239,ranking,benchANT
2026-08-12 11:12:10+00:00,swap,in,0.0,dbms,08-2026,couchbase-802-vanilla-ee-medium-medium-aws,1,ip-172-31-17-239,ranking,benchANT
2026-08-12 11:12:20+00:00,swap,in,0.0,dbms,08-2026,couchbase-802-vanilla-ee-medium-medium-aws,1,ip-172-31-17-239,ranking,benchANT
2026-08-12 11:12:30+00:00,swap,in,0.0,dbms,08-2026,couchbase-802-vanilla-ee-medium-medium-aws,1,ip-172-31-17-239,ranking,benchANT
2026-08-12 11:12:40+00:00,swap,in,0.0,dbms,08-2026,couchbase-802-vanilla-ee-medium-medium-aws,1,ip-172-31-17-239,ranking,benchANT
2026-08-12 11:12:50+00:00,swap,in,0.0,dbms,08-2026,couchbase-802-vanilla-ee-medium-medium-aws,1,ip-172-31-17-239,ranking,benchANT
2026-08-12 11:13:00+00:00,swap,in,0.0,dbms,08-2026,couchbase-802-vanilla-ee-medium-medium-aws,1,ip-172-31-17-239,ranking,benchANT
2026-08-12 11:13:10+00:00,swap,in,0.0,dbms,08-2026,couchbase-802-vanilla-ee-medium-medium-aws,1,ip-172-31-17-239,ranking,benchANT
2026-08-12 11:13:20+00:00,swap,in,0.0,dbms,08-2026,couchbase-802-vanilla-ee-medium-medium-aws,1,ip-172-31-17-239,ranking,benchANT
2026-08-12 11:13:30+00:00,swap,in,0.0,dbms,08-2026,couchbase-802-vanilla-ee-medium-medium-aws,1,ip-172-31-17-239,ranking,benchANT
2026-08-12 11:13:40+00:00,swap,in,0.0,dbms,08-2026,couchbase-802-vanilla-ee-medium-medium-aws,1,ip-172-31-17-239,ranking,benchANT
2026-08-12 11:13:50+00:00,swap,in,0.0,dbms,08-2026,couchbase-802-vanilla-ee-medium-medium-aws,1,ip-172-31-17-239,ranking,benchANT
2026-08-12 11:14:00+00:00,swap,in,0.0,dbms,08-2026,couchbase-802-vanilla-ee-medium-medium-aws,1,ip-172-31-17-239,ranking,benchANT
2026-08-12 11:14:10+00:00,swap,in,0.0,dbms,08-2026,couchbase-802-vanilla-ee-medium-medium-aws,1,ip-172-31-17-239,ranking,benchANT
2026-08-12 11:14:20+00:00,swap,in,0.0,dbms,08-2026,couchbase-802-vanilla-ee-medium-medium-aws,1,ip-172-31-17-239,ranking,benchANT
2026-08-12 11:14:30+00:00,swap,in,0.0,dbms,08-2026,couchbase-802-vanilla-ee-medium-medium-aws,1,ip-172-31-17-239,ranking,benchANT
2026-08-12 11:14:40+00:00,swap,in,0.0,dbms,08-2026,couchbase-802-vanilla-ee-medium-medium-aws,1,ip-172-31-17-239,ranking,benchANT
2026-08-12 11:14:50+00:00,swap,in,0.0,dbms,08-2026,couchbase-802-vanilla-ee-medium-medium-aws,1,ip-172-31-17-239,ranking,benchANT
2026-08-12 11:15:00+00:00,swap,in,0.0,dbms,08-2026,couchbase-802-vanilla-ee-medium-medium-aws,1,ip-172-31-17-239,ranking,benchANT
2026-08-12 11:15:10+00:00,swap,in,0.0,dbms,08-2026,couchbase-802-vanilla-ee-medium-medium-aws,1,ip-172-31-17-239,ranking,benchANT
2026-08-12 11:15:20+00:00,swap,in,0.0,dbms,08-2026,couchbase-802-vanilla-ee-medium-medium-aws,1,ip-172-31-17-239,ranking,benchANT
2026-08-12 11:15:30+00:00,swap,in,0.0,dbms,08-2026,couchbase-802-vanilla-ee-medium-medium-aws,1,ip-172-31-17-239,ranking,benchANT
2026-08-12 11:15:40+00:00,swap,in,0.0,dbms,08-2026,couchbase-802-vanilla-ee-medium-medium-aws,1,ip-172-31-17-239,ranking,benchANT
2026-08-12 11:15:50+00:00,swap,in,0.0,dbms,08-2026,couchbase-802-vanilla-ee-medium-medium-aws,1,ip-172-31-17-239,ranking,benchANT
2026-08-12 11:03:30+00:00,swap,out,0.0,dbms,08-2026,couchbase-802-vanilla-ee-medium-medium-aws,1,ip-172-31-17-239,ranking,benchANT
2026-08-12 11:03:40+00:00,swap,out,0.0,dbms,08-2026,couchbase-802-vanilla-ee-medium-medium-aws,1,ip-172-31-17-239,ranking,benchANT
2026-08-12 11:03:50+00:00,swap,out,0.0,dbms,08-2026,couchbase-802-vanilla-ee-medium-medium-aws,1,ip-172-31-17-239,ranking,benchANT
2026-08-12 11:04:00+00:00,swap,out,0.0,dbms,08-2026,couchbase-802-vanilla-ee-medium-medium-aws,1,ip-172-31-17-239,ranking,benchANT
2026-08-12 11:04:10+00:00,swap,out,0.0,dbms,08-2026,couchbase-802-vanilla-ee-medium-medium-aws,1,ip-172-31-17-239,ranking,benchANT
2026-08-12 11:04:20+00:00,swap,out,0.0,dbms,08-2026,couchbase-802-vanilla-ee-medium-medium-aws,1,ip-172-31-17-239,ranking,benchANT
2026-08-12 11:04:30+00:00,swap,out,0.0,dbms,08-2026,couchbase-802-vanilla-ee-medium-medium-aws,1,ip-172-31-17-239,ranking,benchANT
2026-08-12 11:04:40+00:00,swap,out,0.0,dbms,08-2026,couchbase-802-vanilla-ee-medium-medium-aws,1,ip-172-31-17-239,ranking,benchANT
2026-08-12 11:04:50+00:00,swap,out,0.0,dbms,08-2026,couchbase-802-vanilla-ee-medium-medium-aws,1,ip-172-31-17-239,ranking,benchANT
2026-08-12 11:05:00+00:00,swap,out,0.0,dbms,08-2026,couchbase-802-vanilla-ee-medium-medium-aws,1,ip-172-31-17-239,ranking,benchANT
2026-08-12 11:05:10+00:00,swap,out,0.0,dbms,08-2026,couchbase-802-vanilla-ee-medium-medium-aws,1,ip-172-31-17-239,ranking,benchANT
2026-08-12 11:05:20+00:00,swap,out,0.0,dbms,08-2026,couchbase-802-vanilla-ee-medium-medium-aws,1,ip-172-31-17-239,ranking,benchANT
2026-08-12 11:05:30+00:00,swap,out,0.0,dbms,08-2026,couchbase-802-vanilla-ee-medium-medium-aws,1,ip-172-31-17-239,ranking,benchANT
2026-08-12 11:05:40+00:00,swap,out,0.0,dbms,08-2026,couchbase-802-vanilla-ee-medium-medium-aws,1,ip-172-31-17-239,ranking,benchANT
2026-08-12 11:05:50+00:00,swap,out,0.0,dbms,08-2026,couchbase-802-vanilla-ee-medium-medium-aws,1,ip-172-31-17-239,ranking,benchANT
2026-08-12 11:06:00+00:00,swap,out,0.0,dbms,08-2026,couchbase-802-vanilla-ee-medium-medium-aws,1,ip-172-31-17-239,ranking,benchANT
2026-08-12 11:06:10+00:00,swap,out,0.0,dbms,08-2026,couchbase-802-vanilla-ee-medium-medium-aws,1,ip-172-31-17-239,ranking,benchANT
2026-08-12 11:06:20+00:00,swap,out,0.0,dbms,08-2026,couchbase-802-vanilla-ee-medium-medium-aws,1,ip-172-31-17-239,ranking,benchANT
2026-08-12 11:06:30+00:00,swap,out,0.0,dbms,08-2026,couchbase-802-vanilla-ee-medium-medium-aws,1,ip-172-31-17-239,ranking,benchANT
2026-08-12 11:06:40+00:00,swap,out,0.0,dbms,08-2026,couchbase-802-vanilla-ee-medium-medium-aws,1,ip-172-31-17-239,ranking,benchANT
2026-08-12 11:06:50+00:00,swap,out,0.0,dbms,08-2026,couchbase-802-vanilla-ee-medium-medium-aws,1,ip-172-31-17-239,ranking,benchANT
2026-08-12 11:07:00+00:00,swap,out,0.0,dbms,08-2026,couchbase-802-vanilla-ee-medium-medium-aws,1,ip-172-31-17-239,ranking,benchANT
2026-08-12 11:07:10+00:00,swap,out,0.0,dbms,08-2026,couchbase-802-vanilla-ee-medium-medium-aws,1,ip-172-31-17-239,ranking,benchANT
2026-08-12 11:07:20+00:00,swap,out,0.0,dbms,08-2026,couchbase-802-vanilla-ee-medium-medium-aws,1,ip-172-31-17-239,ranking,benchANT
2026-08-12 11:07:30+00:00,swap,out,0.0,dbms,08-2026,couchbase-802-vanilla-ee-medium-medium-aws,1,ip-172-31-17-239,ranking,benchANT
2026-08-12 11:07:40+00:00,swap,out,0.0,dbms,08-2026,couchbase-802-vanilla-ee-medium-medium-aws,1,ip-172-31-17-239,ranking,benchANT
2026-08-12 11:07:50+00:00,swap,out,0.0,dbms,08-2026,couchbase-802-vanilla-ee-medium-medium-aws,1,ip-172-31-17-239,ranking,benchANT
2026-08-12 11:08:00+00:00,swap,out,0.0,dbms,08-2026,couchbase-802-vanilla-ee-medium-medium-aws,1,ip-172-31-17-239,ranking,benchANT
2026-08-12 11:08:10+00:00,swap,out,0.0,dbms,08-2026,couchbase-802-vanilla-ee-medium-medium-aws,1,ip-172-31-17-239,ranking,benchANT
2026-08-12 11:08:20+00:00,swap,out,0.0,dbms,08-2026,couchbase-802-vanilla-ee-medium-medium-aws,1,ip-172-31-17-239,ranking,benchANT
2026-08-12 11:08:30+00:00,swap,out,0.0,dbms,08-2026,couchbase-802-vanilla-ee-medium-medium-aws,1,ip-172-31-17-239,ranking,benchANT
2026-08-12 11:08:40+00:00,swap,out,0.0,dbms,08-2026,couchbase-802-vanilla-ee-medium-medium-aws,1,ip-172-31-17-239,ranking,benchANT
2026-08-12 11:08:50+00:00,swap,out,0.0,dbms,08-2026,couchbase-802-vanilla-ee-medium-medium-aws,1,ip-172-31-17-239,ranking,benchANT
2026-08-12 11:09:00+00:00,swap,out,0.0,dbms,08-2026,couchbase-802-vanilla-ee-medium-medium-aws,1,ip-172-31-17-239,ranking,benchANT
2026-08-12 11:09:10+00:00,swap,out,0.0,dbms,08-2026,couchbase-802-vanilla-ee-medium-medium-aws,1,ip-172-31-17-239,ranking,benchANT
2026-08-12 11:09:20+00:00,swap,out,0.0,dbms,08-2026,couchbase-802-vanilla-ee-medium-medium-aws,1,ip-172-31-17-239,ranking,benchANT
2026-08-12 11:09:30+00:00,swap,out,0.0,dbms,08-2026,couchbase-802-vanilla-ee-medium-medium-aws,1,ip-172-31-17-239,ranking,benchANT
2026-08-12 11:09:40+00:00,swap,out,0.0,dbms,08-2026,couchbase-802-vanilla-ee-medium-medium-aws,1,ip-172-31-17-239,ranking,benchANT
2026-08-12 11:09:50+00:00,swap,out,0.0,dbms,08-2026,couchbase-802-vanilla-ee-medium-medium-aws,1,ip-172-31-17-239,ranking,benchANT
2026-08-12 11:10:00+00:00,swap,out,0.0,dbms,08-2026,couchbase-802-vanilla-ee-medium-medium-aws,1,ip-172-31-17-239,ranking,benchANT
2026-08-12 11:10:10+00:00,swap,out,0.0,dbms,08-2026,couchbase-802-vanilla-ee-medium-medium-aws,1,ip-172-31-17-239,ranking,benchANT
2026-08-12 11:10:20+00:00,swap,out,0.0,dbms,08-2026,couchbase-802-vanilla-ee-medium-medium-aws,1,ip-172-31-17-239,ranking,benchANT
2026-08-12 11:10:30+00:00,swap,out,0.0,dbms,08-2026,couchbase-802-vanilla-ee-medium-medium-aws,1,ip-172-31-17-239,ranking,benchANT
2026-08-12 11:10:40+00:00,swap,out,0.0,dbms,08-2026,couchbase-802-vanilla-ee-medium-medium-aws,1,ip-172-31-17-239,ranking,benchANT
2026-08-12 11:10:50+00:00,swap,out,0.0,dbms,08-2026,couchbase-802-vanilla-ee-medium-medium-aws,1,ip-172-31-17-239,ranking,benchANT
2026-08-12 11:11:00+00:00,swap,out,0.0,dbms,08-2026,couchbase-802-vanilla-ee-medium-medium-aws,1,ip-172-31-17-239,ranking,benchANT
2026-08-12 11:11:10+00:00,swap,out,0.0,dbms,08-2026,couchbase-802-vanilla-ee-medium-medium-aws,1,ip-172-31-17-239,ranking,benchANT
2026-08-12 11:11:20+00:00,swap,out,0.0,dbms,08-2026,couchbase-802-vanilla-ee-medium-medium-aws,1,ip-172-31-17-239,ranking,benchANT
2026-08-12 11:11:30+00:00,swap,out,0.0,dbms,08-2026,couchbase-802-vanilla-ee-medium-medium-aws,1,ip-172-31-17-239,ranking,benchANT
2026-08-12 11:11:40+00:00,swap,out,0.0,dbms,08-2026,couchbase-802-vanilla-ee-medium-medium-aws,1,ip-172-31-17-239,ranking,benchANT
2026-08-12 11:11:50+00:00,swap,out,0.0,dbms,08-2026,couchbase-802-vanilla-ee-medium-medium-aws,1,ip-172-31-17-239,ranking,benchANT
2026-08-12 11:12:00+00:00,swap,out,0.0,dbms,08-2026,couchbase-802-vanilla-ee-medium-medium-aws,1,ip-172-31-17-239,ranking,benchANT
2026-08-12 11:12:10+00:00,swap,out,0.0,dbms,08-2026,couchbase-802-vanilla-ee-medium-medium-aws,1,ip-172-31-17-239,ranking,benchANT
2026-08-12 11:12:20+00:00,swap,out,0.0,dbms,08-2026,couchbase-802-vanilla-ee-medium-medium-aws,1,ip-172-31-17-239,ranking,benchANT
2026-08-12 11:12:30+00:00,swap,out,0.0,dbms,08-2026,couchbase-802-vanilla-ee-medium-medium-aws,1,ip-172-31-17-239,ranking,benchANT
2026-08-12 11:12:40+00:00,swap,out,0.0,dbms,08-2026,couchbase-802-vanilla-ee-medium-medium-aws,1,ip-172-31-17-239,ranking,benchANT
2026-08-12 11:12:50+00:00,swap,out,0.0,dbms,08-2026,couchbase-802-vanilla-ee-medium-medium-aws,1,ip-172-31-17-239,ranking,benchANT
2026-08-12 11:13:00+00:00,swap,out,0.0,dbms,08-2026,couchbase-802-vanilla-ee-medium-medium-aws,1,ip-172-31-17-239,ranking,benchANT
2026-08-12 11:13:10+00:00,swap,out,0.0,dbms,08-2026,couchbase-802-vanilla-ee-medium-medium-aws,1,ip-172-31-17-239,ranking,benchANT
2026-08-12 11:13:20+00:00,swap,out,0.0,dbms,08-2026,couchbase-802-vanilla-ee-medium-medium-aws,1,ip-172-31-17-239,ranking,benchANT
2026-08-12 11:13:30+00:00,swap,out,0.0,dbms,08-2026,couchbase-802-vanilla-ee-medium-medium-aws,1,ip-172-31-17-239,ranking,benchANT
2026-08-12 11:13:40+00:00,swap,out,0.0,dbms,08-2026,couchbase-802-vanilla-ee-medium-medium-aws,1,ip-172-31-17-239,ranking,benchANT
2026-08-12 11:13:50+00:00,swap,out,0.0,dbms,08-2026,couchbase-802-vanilla-ee-medium-medium-aws,1,ip-172-31-17-239,ranking,benchANT
2026-08-12 11:14:00+00:00,swap,out,0.0,dbms,08-2026,couchbase-802-vanilla-ee-medium-medium-aws,1,ip-172-31-17-239,ranking,benchANT
2026-08-12 11:14:10+00:00,swap,out,0.0,dbms,08-2026,couchbase-802-vanilla-ee-medium-medium-aws,1,ip-172-31-17-239,ranking,benchANT
2026-08-12 11:14:20+00:00,swap,out,0.0,dbms,08-2026,couchbase-802-vanilla-ee-medium-medium-aws,1,ip-172-31-17-239,ranking,benchANT
2026-08-12 11:14:30+00:00,swap,out,0.0,dbms,08-2026,couchbase-802-vanilla-ee-medium-medium-aws,1,ip-172-31-17-239,ranking,benchANT
2026-08-12 11:14:40+00:00,swap,out,0.0,dbms,08-2026,couchbase-802-vanilla-ee-medium-medium-aws,1,ip-172-31-17-239,ranking,benchANT
2026-08-12 11:14:50+00:00,swap,out,0.0,dbms,08-2026,couchbase-802-vanilla-ee-medium-medium-aws,1,ip-172-31-17-239,ranking,benchANT
2026-08-12 11:15:00+00:00,swap,out,0.0,dbms,08-2026,couchbase-802-vanilla-ee-medium-medium-aws,1,ip-172-31-17-239,ranking,benchANT
2026-08-12 11:15:10+00:00,swap,out,0.0,dbms,08-2026,couchbase-802-vanilla-ee-medium-medium-aws,1,ip-172-31-17-239,ranking,benchANT
2026-08-12 11:15:20+00:00,swap,out,0.0,dbms,08-2026,couchbase-802-vanilla-ee-medium-medium-aws,1,ip-172-31-17-239,ranking,benchANT
2026-08-12 11:15:30+00:00,swap,out,0.0,dbms,08-2026,couchbase-802-vanilla-ee-medium-medium-aws,1,ip-172-31-17-239,ranking,benchANT
2026-08-12 11:15:40+00:00,swap,out,0.0,dbms,08-2026,couchbase-802-vanilla-ee-medium-medium-aws,1,ip-172-31-17-239,ranking,benchANT
2026-08-12 11:15:50+00:00,swap,out,0.0,dbms,08-2026,couchbase-802-vanilla-ee-medium-medium-aws,1,ip-172-31-17-239,ranking,benchANT
2026-08-12 11:03:30+00:00,swap,total,0.0,dbms,08-2026,couchbase-802-vanilla-ee-medium-medium-aws,1,ip-172-31-17-239,ranking,benchANT
2026-08-12 11:03:40+00:00,swap,total,0.0,dbms,08-2026,couchbase-802-vanilla-ee-medium-medium-aws,1,ip-172-31-17-239,ranking,benchANT
2026-08-12 11:03:50+00:00,swap,total,0.0,dbms,08-2026,couchbase-802-vanilla-ee-medium-medium-aws,1,ip-172-31-17-239,ranking,benchANT
2026-08-12 11:04:00+00:00,swap,total,0.0,dbms,08-2026,couchbase-802-vanilla-ee-medium-medium-aws,1,ip-172-31-17-239,ranking,benchANT
2026-08-12 11:04:10+00:00,swap,total,0.0,dbms,08-2026,couchbase-802-vanilla-ee-medium-medium-aws,1,ip-172-31-17-239,ranking,benchANT
2026-08-12 11:04:20+00:00,swap,total,0.0,dbms,08-2026,couchbase-802-vanilla-ee-medium-medium-aws,1,ip-172-31-17-239,ranking,benchANT
2026-08-12 11:04:30+00:00,swap,total,0.0,dbms,08-2026,couchbase-802-vanilla-ee-medium-medium-aws,1,ip-172-31-17-239,ranking,benchANT
2026-08-12 11:04:40+00:00,swap,total,0.0,dbms,08-2026,couchbase-802-vanilla-ee-medium-medium-aws,1,ip-172-31-17-239,ranking,benchANT
2026-08-12 11:04:50+00:00,swap,total,0.0,dbms,08-2026,couchbase-802-vanilla-ee-medium-medium-aws,1,ip-172-31-17-239,ranking,benchANT
2026-08-12 11:05:00+00:00,swap,total,0.0,dbms,08-2026,couchbase-802-vanilla-ee-medium-medium-aws,1,ip-172-31-17-239,ranking,benchANT
2026-08-12 11:05:10+00:00,swap,total,0.0,dbms,08-2026,couchbase-802-vanilla-ee-medium-medium-aws,1,ip-172-31-17-239,ranking,benchANT
2026-08-12 11:05:20+00:00,swap,total,0.0,dbms,08-2026,couchbase-802-vanilla-ee-medium-medium-aws,1,ip-172-31-17-239,ranking,benchANT
2026-08-12 11:05:30+00:00,swap,total,0.0,dbms,08-2026,couchbase-802-vanilla-ee-medium-medium-aws,1,ip-172-31-17-239,ranking,benchANT
2026-08-12 11:05:40+00:00,swap,total,0.0,dbms,08-2026,couchbase-802-vanilla-ee-medium-medium-aws,1,ip-172-31-17-239,ranking,benchANT
2026-08-12 11:05:50+00:00,swap,total,0.0,dbms,08-2026,couchbase-802-vanilla-ee-medium-medium-aws,1,ip-172-31-17-239,ranking,benchANT
2026-08-12 11:06:00+00:00,swap,total,0.0,dbms,08-2026,couchbase-802-vanilla-ee-medium-medium-aws,1,ip-172-31-17-239,ranking,benchANT
2026-08-12 11:06:10+00:00,swap,total,0.0,dbms,08-2026,couchbase-802-vanilla-ee-medium-medium-aws,1,ip-172-31-17-239,ranking,benchANT
2026-08-12 11:06:20+00:00,swap,total,0.0,dbms,08-2026,couchbase-802-vanilla-ee-medium-medium-aws,1,ip-172-31-17-239,ranking,benchANT
2026-08-12 11:06:30+00:00,swap,total,0.0,dbms,08-2026,couchbase-802-vanilla-ee-medium-medium-aws,1,ip-172-31-17-239,ranking,benchANT
2026-08-12 11:06:40+00:00,swap,total,0.0,dbms,08-2026,couchbase-802-vanilla-ee-medium-medium-aws,1,ip-172-31-17-239,ranking,benchANT
2026-08-12 11:06:50+00:00,swap,total,0.0,dbms,08-2026,couchbase-802-vanilla-ee-medium-medium-aws,1,ip-172-31-17-239,ranking,benchANT
2026-08-12 11:07:00+00:00,swap,total,0.0,dbms,08-2026,couchbase-802-vanilla-ee-medium-medium-aws,1,ip-172-31-17-239,ranking,benchANT
2026-08-12 11:07:10+00:00,swap,total,0.0,dbms,08-2026,couchbase-802-vanilla-ee-medium-medium-aws,1,ip-172-31-17-239,ranking,benchANT
2026-08-12 11:07:20+00:00,swap,total,0.0,dbms,08-2026,couchbase-802-vanilla-ee-medium-medium-aws,1,ip-172-31-17-239,ranking,benchANT
2026-08-12 11:07:30+00:00,swap,total,0.0,dbms,08-2026,couchbase-802-vanilla-ee-medium-medium-aws,1,ip-172-31-17-239,ranking,benchANT
2026-08-12 11:07:40+00:00,swap,total,0.0,dbms,08-2026,couchbase-802-vanilla-ee-medium-medium-aws,1,ip-172-31-17-239,ranking,benchANT
2026-08-12 11:07:50+00:00,swap,total,0.0,dbms,08-2026,couchbase-802-vanilla-ee-medium-medium-aws,1,ip-172-31-17-239,ranking,benchANT
2026-08-12 11:08:00+00:00,swap,total,0.0,dbms,08-2026,couchbase-802-vanilla-ee-medium-medium-aws,1,ip-172-31-17-239,ranking,benchANT
2026-08-12 11:08:10+00:00,swap,total,0.0,dbms,08-2026,couchbase-802-vanilla-ee-medium-medium-aws,1,ip-172-31-17-239,ranking,benchANT
2026-08-12 11:08:20+00:00,swap,total,0.0,dbms,08-2026,couchbase-802-vanilla-ee-medium-medium-aws,1,ip-172-31-17-239,ranking,benchANT
2026-08-12 11:08:30+00:00,swap,total,0.0,dbms,08-2026,couchbase-802-vanilla-ee-medium-medium-aws,1,ip-172-31-17-239,ranking,benchANT
2026-08-12 11:08:40+00:00,swap,total,0.0,dbms,08-2026,couchbase-802-vanilla-ee-medium-medium-aws,1,ip-172-31-17-239,ranking,benchANT
2026-08-12 11:08:50+00:00,swap,total,0.0,dbms,08-2026,couchbase-802-vanilla-ee-medium-medium-aws,1,ip-172-31-17-239,ranking,benchANT
2026-08-12 11:09:00+00:00,swap,total,0.0,dbms,08-2026,couchbase-802-vanilla-ee-medium-medium-aws,1,ip-172-31-17-239,ranking,benchANT
2026-08-12 11:09:10+00:00,swap,total,0.0,dbms,08-2026,couchbase-802-vanilla-ee-medium-medium-aws,1,ip-172-31-17-239,ranking,benchANT
2026-08-12 11:09:20+00:00,swap,total,0.0,dbms,08-2026,couchbase-802-vanilla-ee-medium-medium-aws,1,ip-172-31-17-239,ranking,benchANT
2026-08-12 11:09:30+00:00,swap,total,0.0,dbms,08-2026,couchbase-802-vanilla-ee-medium-medium-aws,1,ip-172-31-17-239,ranking,benchANT
2026-08-12 11:09:40+00:00,swap,total,0.0,dbms,08-2026,couchbase-802-vanilla-ee-medium-medium-aws,1,ip-172-31-17-239,ranking,benchANT
2026-08-12 11:09:50+00:00,swap,total,0.0,dbms,08-2026,couchbase-802-vanilla-ee-medium-medium-aws,1,ip-172-31-17-239,ranking,benchANT
2026-08-12 11:10:00+00:00,swap,total,0.0,dbms,08-2026,couchbase-802-vanilla-ee-medium-medium-aws,1,ip-172-31-17-239,ranking,benchANT
2026-08-12 11:10:10+00:00,swap,total,0.0,dbms,08-2026,couchbase-802-vanilla-ee-medium-medium-aws,1,ip-172-31-17-239,ranking,benchANT
2026-08-12 11:10:20+00:00,swap,total,0.0,dbms,08-2026,couchbase-802-vanilla-ee-medium-medium-aws,1,ip-172-31-17-239,ranking,benchANT
2026-08-12 11:10:30+00:00,swap,total,0.0,dbms,08-2026,couchbase-802-vanilla-ee-medium-medium-aws,1,ip-172-31-17-239,ranking,benchANT
2026-08-12 11:10:40+00:00,swap,total,0.0,dbms,08-2026,couchbase-802-vanilla-ee-medium-medium-aws,1,ip-172-31-17-239,ranking,benchANT
2026-08-12 11:10:50+00:00,swap,total,0.0,dbms,08-2026,couchbase-802-vanilla-ee-medium-medium-aws,1,ip-172-31-17-239,ranking,benchANT
2026-08-12 11:11:00+00:00,swap,total,0.0,dbms,08-2026,couchbase-802-vanilla-ee-medium-medium-aws,1,ip-172-31-17-239,ranking,benchANT
2026-08-12 11:11:10+00:00,swap,total,0.0,dbms,08-2026,couchbase-802-vanilla-ee-medium-medium-aws,1,ip-172-31-17-239,ranking,benchANT
2026-08-12 11:11:20+00:00,swap,total,0.0,dbms,08-2026,couchbase-802-vanilla-ee-medium-medium-aws,1,ip-172-31-17-239,ranking,benchANT
2026-08-12 11:11:30+00:00,swap,total,0.0,dbms,08-2026,couchbase-802-vanilla-ee-medium-medium-aws,1,ip-172-31-17-239,ranking,benchANT
2026-08-12 11:11:40+00:00,swap,total,0.0,dbms,08-2026,couchbase-802-vanilla-ee-medium-medium-aws,1,ip-172-31-17-239,ranking,benchANT
2026-08-12 11:11:50+00:00,swap,total,0.0,dbms,08-2026,couchbase-802-vanilla-ee-medium-medium-aws,1,ip-172-31-17-239,ranking,benchANT
2026-08-12 11:12:00+00:00,swap,total,0.0,dbms,08-2026,couchbase-802-vanilla-ee-medium-medium-aws,1,ip-172-31-17-239,ranking,benchANT
2026-08-12 11:12:10+00:00,swap,total,0.0,dbms,08-2026,couchbase-802-vanilla-ee-medium-medium-aws,1,ip-172-31-17-239,ranking,benchANT
2026-08-12 11:12:20+00:00,swap,total,0.0,dbms,08-2026,couchbase-802-vanilla-ee-medium-medium-aws,1,ip-172-31-17-239,ranking,benchANT
2026-08-12 11:12:30+00:00,swap,total,0.0,dbms,08-2026,couchbase-802-vanilla-ee-medium-medium-aws,1,ip-172-31-17-239,ranking,benchANT
2026-08-12 11:12:40+00:00,swap,total,0.0,dbms,08-2026,couchbase-802-vanilla-ee-medium-medium-aws,1,ip-172-31-17-239,ranking,benchANT
2026-08-12 11:12:50+00:00,swap,total,0.0,dbms,08-2026,couchbase-802-vanilla-ee-medium-medium-aws,1,ip-172-31-17-239,ranking,benchANT
2026-08-12 11:13:00+00:00,swap,total,0.0,dbms,08-2026,couchbase-802-vanilla-ee-medium-medium-aws,1,ip-172-31-17-239,ranking,benchANT
2026-08-12 11:13:10+00:00,swap,total,0.0,dbms,08-2026,couchbase-802-vanilla-ee-medium-medium-aws,1,ip-172-31-17-239,ranking,benchANT
2026-08-12 11:13:20+00:00,swap,total,0.0,dbms,08-2026,couchbase-802-vanilla-ee-medium-medium-aws,1,ip-172-31-17-239,ranking,benchANT
2026-08-12 11:13:30+00:00,swap,total,0.0,dbms,08-2026,couchbase-802-vanilla-ee-medium-medium-aws,1,ip-172-31-17-239,ranking,benchANT
2026-08-12 11:13:40+00:00,swap,total,0.0,dbms,08-2026,couchbase-802-vanilla-ee-medium-medium-aws,1,ip-172-31-17-239,ranking,benchANT
2026-08-12 11:13:50+00:00,swap,total,0.0,dbms,08-2026,couchbase-802-vanilla-ee-medium-medium-aws,1,ip-172-31-17-239,ranking,benchANT
2026-08-12 11:14:00+00:00,swap,total,0.0,dbms,08-2026,couchbase-802-vanilla-ee-medium-medium-aws,1,ip-172-31-17-239,ranking,benchANT
2026-08-12 11:14:10+00:00,swap,total,0.0,dbms,08-2026,couchbase-802-vanilla-ee-medium-medium-aws,1,ip-172-31-17-239,ranking,benchANT
2026-08-12 11:14:20+00:00,swap,total,0.0,dbms,08-2026,couchbase-802-vanilla-ee-medium-medium-aws,1,ip-172-31-17-239,ranking,benchANT
2026-08-12 11:14:30+00:00,swap,total,0.0,dbms,08-2026,couchbase-802-vanilla-ee-medium-medium-aws,1,ip-172-31-17-239,ranking,benchANT
2026-08-12 11:14:40+00:00,swap,total,0.0,dbms,08-2026,couchbase-802-vanilla-ee-medium-medium-aws,1,ip-172-31-17-239,ranking,benchANT
2026-08-12 11:14:50+00:00,swap,total,0.0,dbms,08-2026,couchbase-802-vanilla-ee-medium-medium-aws,1,ip-172-31-17-239,ranking,benchANT
2026-08-12 11:15:00+00:00,swap,total,0.0,dbms,08-2026,couchbase-802-vanilla-ee-medium-medium-aws,1,ip-172-31-17-239,ranking,benchANT
2026-08-12 11:15:10+00:00,swap,total,0.0,dbms,08-2026,couchbase-802-vanilla-ee-medium-medium-aws,1,ip-172-31-17-239,ranking,benchANT
2026-08-12 11:15:20+00:00,swap,total,0.0,dbms,08-2026,couchbase-802-vanilla-ee-medium-medium-aws,1,ip-172-31-17-239,ranking,benchANT
2026-08-12 11:15:30+00:00,swap,total,0.0,dbms,08-2026,couchbase-802-vanilla-ee-medium-medium-aws,1,ip-172-31-17-239,ranking,benchANT
2026-08-12 11:15:40+00:00,swap,total,0.0,dbms,08-2026,couchbase-802-vanilla-ee-medium-medium-aws,1,ip-172-31-17-239,ranking,benchANT
2026-08-12 11:15:50+00:00,swap,total,0.0,dbms,08-2026,couchbase-802-vanilla-ee-medium-medium-aws,1,ip-172-31-17-239,ranking,benchANT
2026-08-12 11:03:30+00:00,swap,used,0.0,dbms,08-2026,couchbase-802-vanilla-ee-medium-medium-aws,1,ip-172-31-17-239,ranking,benchANT
2026-08-12 11:03:40+00:00,swap,used,0.0,dbms,08-2026,couchbase-802-vanilla-ee-medium-medium-aws,1,ip-172-31-17-239,ranking,benchANT
2026-08-12 11:03:50+00:00,swap,used,0.0,dbms,08-2026,couchbase-802-vanilla-ee-medium-medium-aws,1,ip-172-31-17-239,ranking,benchANT
2026-08-12 11:04:00+00:00,swap,used,0.0,dbms,08-2026,couchbase-802-vanilla-ee-medium-medium-aws,1,ip-172-31-17-239,ranking,benchANT
2026-08-12 11:04:10+00:00,swap,used,0.0,dbms,08-2026,couchbase-802-vanilla-ee-medium-medium-aws,1,ip-172-31-17-239,ranking,benchANT
2026-08-12 11:04:20+00:00,swap,used,0.0,dbms,08-2026,couchbase-802-vanilla-ee-medium-medium-aws,1,ip-172-31-17-239,ranking,benchANT
2026-08-12 11:04:30+00:00,swap,used,0.0,dbms,08-2026,couchbase-802-vanilla-ee-medium-medium-aws,1,ip-172-31-17-239,ranking,benchANT
2026-08-12 11:04:40+00:00,swap,used,0.0,dbms,08-2026,couchbase-802-vanilla-ee-medium-medium-aws,1,ip-172-31-17-239,ranking,benchANT
2026-08-12 11:04:50+00:00,swap,used,0.0,dbms,08-2026,couchbase-802-vanilla-ee-medium-medium-aws,1,ip-172-31-17-239,ranking,benchANT
2026-08-12 11:05:00+00:00,swap,used,0.0,dbms,08-2026,couchbase-802-vanilla-ee-medium-medium-aws,1,ip-172-31-17-239,ranking,benchANT
2026-08-12 11:05:10+00:00,swap,used,0.0,dbms,08-2026,couchbase-802-vanilla-ee-medium-medium-aws,1,ip-172-31-17-239,ranking,benchANT
2026-08-12 11:05:20+00:00,swap,used,0.0,dbms,08-2026,couchbase-802-vanilla-ee-medium-medium-aws,1,ip-172-31-17-239,ranking,benchANT
2026-08-12 11:05:30+00:00,swap,used,0.0,dbms,08-2026,couchbase-802-vanilla-ee-medium-medium-aws,1,ip-172-31-17-239,ranking,benchANT
2026-08-12 11:05:40+00:00,swap,used,0.0,dbms,08-2026,couchbase-802-vanilla-ee-medium-medium-aws,1,ip-172-31-17-239,ranking,benchANT
2026-08-12 11:05:50+00:00,swap,used,0.0,dbms,08-2026,couchbase-802-vanilla-ee-medium-medium-aws,1,ip-172-31-17-239,ranking,benchANT
2026-08-12 11:06:00+00:00,swap,used,0.0,dbms,08-2026,couchbase-802-vanilla-ee-medium-medium-aws,1,ip-172-31-17-239,ranking,benchANT
2026-08-12 11:06:10+00:00,swap,used,0.0,dbms,08-2026,couchbase-802-vanilla-ee-medium-medium-aws,1,ip-172-31-17-239,ranking,benchANT
2026-08-12 11:06:20+00:00,swap,used,0.0,dbms,08-2026,couchbase-802-vanilla-ee-medium-medium-aws,1,ip-172-31-17-239,ranking,benchANT
2026-08-12 11:06:30+00:00,swap,used,0.0,dbms,08-2026,couchbase-802-vanilla-ee-medium-medium-aws,1,ip-172-31-17-239,ranking,benchANT
2026-08-12 11:06:40+00:00,swap,used,0.0,dbms,08-2026,couchbase-802-vanilla-ee-medium-medium-aws,1,ip-172-31-17-239,ranking,benchANT
2026-08-12 11:06:50+00:00,swap,used,0.0,dbms,08-2026,couchbase-802-vanilla-ee-medium-medium-aws,1,ip-172-31-17-239,ranking,benchANT
2026-08-12 11:07:00+00:00,swap,used,0.0,dbms,08-2026,couchbase-802-vanilla-ee-medium-medium-aws,1,ip-172-31-17-239,ranking,benchANT
2026-08-12 11:07:10+00:00,swap,used,0.0,dbms,08-2026,couchbase-802-vanilla-ee-medium-medium-aws,1,ip-172-31-17-239,ranking,benchANT
2026-08-12 11:07:20+00:00,swap,used,0.0,dbms,08-2026,couchbase-802-vanilla-ee-medium-medium-aws,1,ip-172-31-17-239,ranking,benchANT
2026-08-12 11:07:30+00:00,swap,used,0.0,dbms,08-2026,couchbase-802-vanilla-ee-medium-medium-aws,1,ip-172-31-17-239,ranking,benchANT
2026-08-12 11:07:40+00:00,swap,used,0.0,dbms,08-2026,couchbase-802-vanilla-ee-medium-medium-aws,1,ip-172-31-17-239,ranking,benchANT
2026-08-12 11:07:50+00:00,swap,used,0.0,dbms,08-2026,couchbase-802-vanilla-ee-medium-medium-aws,1,ip-172-31-17-239,ranking,benchANT
2026-08-12 11:08:00+00:00,swap,used,0.0,dbms,08-2026,couchbase-802-vanilla-ee-medium-medium-aws,1,ip-172-31-17-239,ranking,benchANT
2026-08-12 11:08:10+00:00,swap,used,0.0,dbms,08-2026,couchbase-802-vanilla-ee-medium-medium-aws,1,ip-172-31-17-239,ranking,benchANT
2026-08-12 11:08:20+00:00,swap,used,0.0,dbms,08-2026,couchbase-802-vanilla-ee-medium-medium-aws,1,ip-172-31-17-239,ranking,benchANT
2026-08-12 11:08:30+00:00,swap,used,0.0,dbms,08-2026,couchbase-802-vanilla-ee-medium-medium-aws,1,ip-172-31-17-239,ranking,benchANT
2026-08-12 11:08:40+00:00,swap,used,0.0,dbms,08-2026,couchbase-802-vanilla-ee-medium-medium-aws,1,ip-172-31-17-239,ranking,benchANT
2026-08-12 11:08:50+00:00,swap,used,0.0,dbms,08-2026,couchbase-802-vanilla-ee-medium-medium-aws,1,ip-172-31-17-239,ranking,benchANT
2026-08-12 11:09:00+00:00,swap,used,0.0,dbms,08-2026,couchbase-802-vanilla-ee-medium-medium-aws,1,ip-172-31-17-239,ranking,benchANT
2026-08-12 11:09:10+00:00,swap,used,0.0,dbms,08-2026,couchbase-802-vanilla-ee-medium-medium-aws,1,ip-172-31-17-239,ranking,benchANT
2026-08-12 11:09:20+00:00,swap,used,0.0,dbms,08-2026,couchbase-802-vanilla-ee-medium-medium-aws,1,ip-172-31-17-239,ranking,benchANT
2026-08-12 11:09:30+00:00,swap,used,0.0,dbms,08-2026,couchbase-802-vanilla-ee-medium-medium-aws,1,ip-172-31-17-239,ranking,benchANT
2026-08-12 11:09:40+00:00,swap,used,0.0,dbms,08-2026,couchbase-802-vanilla-ee-medium-medium-aws,1,ip-172-31-17-239,ranking,benchANT
2026-08-12 11:09:50+00:00,swap,used,0.0,dbms,08-2026,couchbase-802-vanilla-ee-medium-medium-aws,1,ip-172-31-17-239,ranking,benchANT
2026-08-12 11:10:00+00:00,swap,used,0.0,dbms,08-2026,couchbase-802-vanilla-ee-medium-medium-aws,1,ip-172-31-17-239,ranking,benchANT
2026-08-12 11:10:10+00:00,swap,used,0.0,dbms,08-2026,couchbase-802-vanilla-ee-medium-medium-aws,1,ip-172-31-17-239,ranking,benchANT
2026-08-12 11:10:20+00:00,swap,used,0.0,dbms,08-2026,couchbase-802-vanilla-ee-medium-medium-aws,1,ip-172-31-17-239,ranking,benchANT
2026-08-12 11:10:30+00:00,swap,used,0.0,dbms,08-2026,couchbase-802-vanilla-ee-medium-medium-aws,1,ip-172-31-17-239,ranking,benchANT
2026-08-12 11:10:40+00:00,swap,used,0.0,dbms,08-2026,couchbase-802-vanilla-ee-medium-medium-aws,1,ip-172-31-17-239,ranking,benchANT
2026-08-12 11:10:50+00:00,swap,used,0.0,dbms,08-2026,couchbase-802-vanilla-ee-medium-medium-aws,1,ip-172-31-17-239,ranking,benchANT
2026-08-12 11:11:00+00:00,swap,used,0.0,dbms,08-2026,couchbase-802-vanilla-ee-medium-medium-aws,1,ip-172-31-17-239,ranking,benchANT
2026-08-12 11:11:10+00:00,swap,used,0.0,dbms,08-2026,couchbase-802-vanilla-ee-medium-medium-aws,1,ip-172-31-17-239,ranking,benchANT
2026-08-12 11:11:20+00:00,swap,used,0.0,dbms,08-2026,couchbase-802-vanilla-ee-medium-medium-aws,1,ip-172-31-17-239,ranking,benchANT
2026-08-12 11:11:30+00:00,swap,used,0.0,dbms,08-2026,couchbase-802-vanilla-ee-medium-medium-aws,1,ip-172-31-17-239,ranking,benchANT
2026-08-12 11:11:40+00:00,swap,used,0.0,dbms,08-2026,couchbase-802-vanilla-ee-medium-medium-aws,1,ip-172-31-17-239,ranking,benchANT
2026-08-12 11:11:50+00:00,swap,used,0.0,dbms,08-2026,couchbase-802-vanilla-ee-medium-medium-aws,1,ip-172-31-17-239,ranking,benchANT
2026-08-12 11:12:00+00:00,swap,used,0.0,dbms,08-2026,couchbase-802-vanilla-ee-medium-medium-aws,1,ip-172-31-17-239,ranking,benchANT
2026-08-12 11:12:10+00:00,swap,used,0.0,dbms,08-2026,couchbase-802-vanilla-ee-medium-medium-aws,1,ip-172-31-17-239,ranking,benchANT
2026-08-12 11:12:20+00:00,swap,used,0.0,dbms,08-2026,couchbase-802-vanilla-ee-medium-medium-aws,1,ip-172-31-17-239,ranking,benchANT
2026-08-12 11:12:30+00:00,swap,used,0.0,dbms,08-2026,couchbase-802-vanilla-ee-medium-medium-aws,1,ip-172-31-17-239,ranking,benchANT
2026-08-12 11:12:40+00:00,swap,used,0.0,dbms,08-2026,couchbase-802-vanilla-ee-medium-medium-aws,1,ip-172-31-17-239,ranking,benchANT
2026-08-12 11:12:50+00:00,swap,used,0.0,dbms,08-2026,couchbase-802-vanilla-ee-medium-medium-aws,1,ip-172-31-17-239,ranking,benchANT
2026-08-12 11:13:00+00:00,swap,used,0.0,dbms,08-2026,couchbase-802-vanilla-ee-medium-medium-aws,1,ip-172-31-17-239,ranking,benchANT
2026-08-12 11:13:10+00:00,swap,used,0.0,dbms,08-2026,couchbase-802-vanilla-ee-medium-medium-aws,1,ip-172-31-17-239,ranking,benchANT
2026-08-12 11:13:20+00:00,swap,used,0.0,dbms,08-2026,couchbase-802-vanilla-ee-medium-medium-aws,1,ip-172-31-17-239,ranking,benchANT
2026-08-12 11:13:30+00:00,swap,used,0.0,dbms,08-2026,couchbase-802-vanilla-ee-medium-medium-aws,1,ip-172-31-17-239,ranking,benchANT
2026-08-12 11:13:40+00:00,swap,used,0.0,dbms,08-2026,couchbase-802-vanilla-ee-medium-medium-aws,1,ip-172-31-17-239,ranking,benchANT
2026-08-12 11:13:50+00:00,swap,used,0.0,dbms,08-2026,couchbase-802-vanilla-ee-medium-medium-aws,1,ip-172-31-17-239,ranking,benchANT
2026-08-12 11:14:00+00:00,swap,used,0.0,dbms,08-2026,couchbase-802-vanilla-ee-medium-medium-aws,1,ip-172-31-17-239,ranking,benchANT
2026-08-12 11:14:10+00:00,swap,used,0.0,dbms,08-2026,couchbase-802-vanilla-ee-medium-medium-aws,1,ip-172-31-17-239,ranking,benchANT
2026-08-12 11:14:20+00:00,swap,used,0.0,dbms,08-2026,couchbase-802-vanilla-ee-medium-medium-aws,1,ip-172-31-17-239,ranking,benchANT
2026-08-12 11:14:30+00:00,swap,used,0.0,dbms,08-2026,couchbase-802-vanilla-ee-medium-medium-aws,1,ip-172-31-17-239,ranking,benchANT
2026-08-12 11:14:40+00:00,swap,used,0.0,dbms,08-2026,couchbase-802-vanilla-ee-medium-medium-aws,1,ip-172-31-17-239,ranking,benchANT
2026-08-12 11:14:50+00:00,swap,used,0.0,dbms,08-2026,couchbase-802-vanilla-ee-medium-medium-aws,1,ip-172-31-17-239,ranking,benchANT
2026-08-12 11:15:00+00:00,swap,used,0.0,dbms,08-2026,couchbase-802-vanilla-ee-medium-medium-aws,1,ip-172-31-17-239,ranking,benchANT
2026-08-12 11:15:10+00:00,swap,used,0.0,dbms,08-2026,couchbase-802-vanilla-ee-medium-medium-aws,1,ip-172-31-17-239,ranking,benchANT
2026-08-12 11:15:20+00:00,swap,used,0.0,dbms,08-2026,couchbase-802-vanilla-ee-medium-medium-aws,1,ip-172-31-17-239,ranking,benchANT
2026-08-12 11:15:30+00:00,swap,used,0.0,dbms,08-2026,couchbase-802-vanilla-ee-medium-medium-aws,1,ip-172-31-17-239,ranking,benchANT
2026-08-12 11:15:40+00:00,swap,used,0.0,dbms,08-2026,couchbase-802-vanilla-ee-medium-medium-aws,1,ip-172-31-17-239,ranking,benchANT
2026-08-12 11:15:50+00:00,swap,used,0.0,dbms,08-2026,couchbase-802-vanilla-ee-medium-medium-aws,1,ip-172-31-17-239,ranking,benchANT
2026-08-12 11:03:30+00:00,swap,used_percent,0.0,dbms,08-2026,couchbase-802-vanilla-ee-medium-medium-aws,1,ip-172-31-17-239,ranking,benchANT
2026-08-12 11:03:40+00:00,swap,used_percent,0.0,dbms,08-2026,couchbase-802-vanilla-ee-medium-medium-aws,1,ip-172-31-17-239,ranking,benchANT
2026-08-12 11:03:50+00:00,swap,used_percent,0.0,dbms,08-2026,couchbase-802-vanilla-ee-medium-medium-aws,1,ip-172-31-17-239,ranking,benchANT
2026-08-12 11:04:00+00:00,swap,used_percent,0.0,dbms,08-2026,couchbase-802-vanilla-ee-medium-medium-aws,1,ip-172-31-17-239,ranking,benchANT
2026-08-12 11:04:10+00:00,swap,used_percent,0.0,dbms,08-2026,couchbase-802-vanilla-ee-medium-medium-aws,1,ip-172-31-17-239,ranking,benchANT
2026-08-12 11:04:20+00:00,swap,used_percent,0.0,dbms,08-2026,couchbase-802-vanilla-ee-medium-medium-aws,1,ip-172-31-17-239,ranking,benchANT
2026-08-12 11:04:30+00:00,swap,used_percent,0.0,dbms,08-2026,couchbase-802-vanilla-ee-medium-medium-aws,1,ip-172-31-17-239,ranking,benchANT
2026-08-12 11:04:40+00:00,swap,used_percent,0.0,dbms,08-2026,couchbase-802-vanilla-ee-medium-medium-aws,1,ip-172-31-17-239,ranking,benchANT
2026-08-12 11:04:50+00:00,swap,used_percent,0.0,dbms,08-2026,couchbase-802-vanilla-ee-medium-medium-aws,1,ip-172-31-17-239,ranking,benchANT
2026-08-12 11:05:00+00:00,swap,used_percent,0.0,dbms,08-2026,couchbase-802-vanilla-ee-medium-medium-aws,1,ip-172-31-17-239,ranking,benchANT
2026-08-12 11:05:10+00:00,swap,used_percent,0.0,dbms,08-2026,couchbase-802-vanilla-ee-medium-medium-aws,1,ip-172-31-17-239,ranking,benchANT
2026-08-12 11:05:20+00:00,swap,used_percent,0.0,dbms,08-2026,couchbase-802-vanilla-ee-medium-medium-aws,1,ip-172-31-17-239,ranking,benchANT
2026-08-12 11:05:30+00:00,swap,used_percent,0.0,dbms,08-2026,couchbase-802-vanilla-ee-medium-medium-aws,1,ip-172-31-17-239,ranking,benchANT
2026-08-12 11:05:40+00:00,swap,used_percent,0.0,dbms,08-2026,couchbase-802-vanilla-ee-medium-medium-aws,1,ip-172-31-17-239,ranking,benchANT
2026-08-12 11:05:50+00:00,swap,used_percent,0.0,dbms,08-2026,couchbase-802-vanilla-ee-medium-medium-aws,1,ip-172-31-17-239,ranking,benchANT
2026-08-12 11:06:00+00:00,swap,used_percent,0.0,dbms,08-2026,couchbase-802-vanilla-ee-medium-medium-aws,1,ip-172-31-17-239,ranking,benchANT
2026-08-12 11:06:10+00:00,swap,used_percent,0.0,dbms,08-2026,couchbase-802-vanilla-ee-medium-medium-aws,1,ip-172-31-17-239,ranking,benchANT
2026-08-12 11:06:20+00:00,swap,used_percent,0.0,dbms,08-2026,couchbase-802-vanilla-ee-medium-medium-aws,1,ip-172-31-17-239,ranking,benchANT
2026-08-12 11:06:30+00:00,swap,used_percent,0.0,dbms,08-2026,couchbase-802-vanilla-ee-medium-medium-aws,1,ip-172-31-17-239,ranking,benchANT
2026-08-12 11:06:40+00:00,swap,used_percent,0.0,dbms,08-2026,couchbase-802-vanilla-ee-medium-medium-aws,1,ip-172-31-17-239,ranking,benchANT
2026-08-12 11:06:50+00:00,swap,used_percent,0.0,dbms,08-2026,couchbase-802-vanilla-ee-medium-medium-aws,1,ip-172-31-17-239,ranking,benchANT
2026-08-12 11:07:00+00:00,swap,used_percent,0.0,dbms,08-2026,couchbase-802-vanilla-ee-medium-medium-aws,1,ip-172-31-17-239,ranking,benchANT
2026-08-12 11:07:10+00:00,swap,used_percent,0.0,dbms,08-2026,couchbase-802-vanilla-ee-medium-medium-aws,1,ip-172-31-17-239,ranking,benchANT
2026-08-12 11:07:20+00:00,swap,used_percent,0.0,dbms,08-2026,couchbase-802-vanilla-ee-medium-medium-aws,1,ip-172-31-17-239,ranking,benchANT
2026-08-12 11:07:30+00:00,swap,used_percent,0.0,dbms,08-2026,couchbase-802-vanilla-ee-medium-medium-aws,1,ip-172-31-17-239,ranking,benchANT
2026-08-12 11:07:40+00:00,swap,used_percent,0.0,dbms,08-2026,couchbase-802-vanilla-ee-medium-medium-aws,1,ip-172-31-17-239,ranking,benchANT
2026-08-12 11:07:50+00:00,swap,used_percent,0.0,dbms,08-2026,couchbase-802-vanilla-ee-medium-medium-aws,1,ip-172-31-17-239,ranking,benchANT
2026-08-12 11:08:00+00:00,swap,used_percent,0.0,dbms,08-2026,couchbase-802-vanilla-ee-medium-medium-aws,1,ip-172-31-17-239,ranking,benchANT
2026-08-12 11:08:10+00:00,swap,used_percent,0.0,dbms,08-2026,couchbase-802-vanilla-ee-medium-medium-aws,1,ip-172-31-17-239,ranking,benchANT
2026-08-12 11:08:20+00:00,swap,used_percent,0.0,dbms,08-2026,couchbase-802-vanilla-ee-medium-medium-aws,1,ip-172-31-17-239,ranking,benchANT
2026-08-12 11:08:30+00:00,swap,used_percent,0.0,dbms,08-2026,couchbase-802-vanilla-ee-medium-medium-aws,1,ip-172-31-17-239,ranking,benchANT
2026-08-12 11:08:40+00:00,swap,used_percent,0.0,dbms,08-2026,couchbase-802-vanilla-ee-medium-medium-aws,1,ip-172-31-17-239,ranking,benchANT
2026-08-12 11:08:50+00:00,swap,used_percent,0.0,dbms,08-2026,couchbase-802-vanilla-ee-medium-medium-aws,1,ip-172-31-17-239,ranking,benchANT
2026-08-12 11:09:00+00:00,swap,used_percent,0.0,dbms,08-2026,couchbase-802-vanilla-ee-medium-medium-aws,1,ip-172-31-17-239,ranking,benchANT
2026-08-12 11:09:10+00:00,swap,used_percent,0.0,dbms,08-2026,couchbase-802-vanilla-ee-medium-medium-aws,1,ip-172-31-17-239,ranking,benchANT
2026-08-12 11:09:20+00:00,swap,used_percent,0.0,dbms,08-2026,couchbase-802-vanilla-ee-medium-medium-aws,1,ip-172-31-17-239,ranking,benchANT
2026-08-12 11:09:30+00:00,swap,used_percent,0.0,dbms,08-2026,couchbase-802-vanilla-ee-medium-medium-aws,1,ip-172-31-17-239,ranking,benchANT
2026-08-12 11:09:40+00:00,swap,used_percent,0.0,dbms,08-2026,couchbase-802-vanilla-ee-medium-medium-aws,1,ip-172-31-17-239,ranking,benchANT
2026-08-12 11:09:50+00:00,swap,used_percent,0.0,dbms,08-2026,couchbase-802-vanilla-ee-medium-medium-aws,1,ip-172-31-17-239,ranking,benchANT
2026-08-12 11:10:00+00:00,swap,used_percent,0.0,dbms,08-2026,couchbase-802-vanilla-ee-medium-medium-aws,1,ip-172-31-17-239,ranking,benchANT
2026-08-12 11:10:10+00:00,swap,used_percent,0.0,dbms,08-2026,couchbase-802-vanilla-ee-medium-medium-aws,1,ip-172-31-17-239,ranking,benchANT
2026-08-12 11:10:20+00:00,swap,used_percent,0.0,dbms,08-2026,couchbase-802-vanilla-ee-medium-medium-aws,1,ip-172-31-17-239,ranking,benchANT
2026-08-12 11:10:30+00:00,swap,used_percent,0.0,dbms,08-2026,couchbase-802-vanilla-ee-medium-medium-aws,1,ip-172-31-17-239,ranking,benchANT
2026-08-12 11:10:40+00:00,swap,used_percent,0.0,dbms,08-2026,couchbase-802-vanilla-ee-medium-medium-aws,1,ip-172-31-17-239,ranking,benchANT
2026-08-12 11:10:50+00:00,swap,used_percent,0.0,dbms,08-2026,couchbase-802-vanilla-ee-medium-medium-aws,1,ip-172-31-17-239,ranking,benchANT
2026-08-12 11:11:00+00:00,swap,used_percent,0.0,dbms,08-2026,couchbase-802-vanilla-ee-medium-medium-aws,1,ip-172-31-17-239,ranking,benchANT
2026-08-12 11:11:10+00:00,swap,used_percent,0.0,dbms,08-2026,couchbase-802-vanilla-ee-medium-medium-aws,1,ip-172-31-17-239,ranking,benchANT
2026-08-12 11:11:20+00:00,swap,used_percent,0.0,dbms,08-2026,couchbase-802-vanilla-ee-medium-medium-aws,1,ip-172-31-17-239,ranking,benchANT
2026-08-12 11:11:30+00:00,swap,used_percent,0.0,dbms,08-2026,couchbase-802-vanilla-ee-medium-medium-aws,1,ip-172-31-17-239,ranking,benchANT
2026-08-12 11:11:40+00:00,swap,used_percent,0.0,dbms,08-2026,couchbase-802-vanilla-ee-medium-medium-aws,1,ip-172-31-17-239,ranking,benchANT
2026-08-12 11:11:50+00:00,swap,used_percent,0.0,dbms,08-2026,couchbase-802-vanilla-ee-medium-medium-aws,1,ip-172-31-17-239,ranking,benchANT
2026-08-12 11:12:00+00:00,swap,used_percent,0.0,dbms,08-2026,couchbase-802-vanilla-ee-medium-medium-aws,1,ip-172-31-17-239,ranking,benchANT
2026-08-12 11:12:10+00:00,swap,used_percent,0.0,dbms,08-2026,couchbase-802-vanilla-ee-medium-medium-aws,1,ip-172-31-17-239,ranking,benchANT
2026-08-12 11:12:20+00:00,swap,used_percent,0.0,dbms,08-2026,couchbase-802-vanilla-ee-medium-medium-aws,1,ip-172-31-17-239,ranking,benchANT
2026-08-12 11:12:30+00:00,swap,used_percent,0.0,dbms,08-2026,couchbase-802-vanilla-ee-medium-medium-aws,1,ip-172-31-17-239,ranking,benchANT
2026-08-12 11:12:40+00:00,swap,used_percent,0.0,dbms,08-2026,couchbase-802-vanilla-ee-medium-medium-aws,1,ip-172-31-17-239,ranking,benchANT
2026-08-12 11:12:50+00:00,swap,used_percent,0.0,dbms,08-2026,couchbase-802-vanilla-ee-medium-medium-aws,1,ip-172-31-17-239,ranking,benchANT
2026-08-12 11:13:00+00:00,swap,used_percent,0.0,dbms,08-2026,couchbase-802-vanilla-ee-medium-medium-aws,1,ip-172-31-17-239,ranking,benchANT
2026-08-12 11:13:10+00:00,swap,used_percent,0.0,dbms,08-2026,couchbase-802-vanilla-ee-medium-medium-aws,1,ip-172-31-17-239,ranking,benchANT
2026-08-12 11:13:20+00:00,swap,used_percent,0.0,dbms,08-2026,couchbase-802-vanilla-ee-medium-medium-aws,1,ip-172-31-17-239,ranking,benchANT
2026-08-12 11:13:30+00:00,swap,used_percent,0.0,dbms,08-2026,couchbase-802-vanilla-ee-medium-medium-aws,1,ip-172-31-17-239,ranking,benchANT
2026-08-12 11:13:40+00:00,swap,used_percent,0.0,dbms,08-2026,couchbase-802-vanilla-ee-medium-medium-aws,1,ip-172-31-17-239,ranking,benchANT
2026-08-12 11:13:50+00:00,swap,used_percent,0.0,dbms,08-2026,couchbase-802-vanilla-ee-medium-medium-aws,1,ip-172-31-17-239,ranking,benchANT
2026-08-12 11:14:00+00:00,swap,used_percent,0.0,dbms,08-2026,couchbase-802-vanilla-ee-medium-medium-aws,1,ip-172-31-17-239,ranking,benchANT
2026-08-12 11:14:10+00:00,swap,used_percent,0.0,dbms,08-2026,couchbase-802-vanilla-ee-medium-medium-aws,1,ip-172-31-17-239,ranking,benchANT
2026-08-12 11:14:20+00:00,swap,used_percent,0.0,dbms,08-2026,couchbase-802-vanilla-ee-medium-medium-aws,1,ip-172-31-17-239,ranking,benchANT
2026-08-12 11:14:30+00:00,swap,used_percent,0.0,dbms,08-2026,couchbase-802-vanilla-ee-medium-medium-aws,1,ip-172-31-17-239,ranking,benchANT
2026-08-12 11:14:40+00:00,swap,used_percent,0.0,dbms,08-2026,couchbase-802-vanilla-ee-medium-medium-aws,1,ip-172-31-17-239,ranking,benchANT
2026-08-12 11:14:50+00:00,swap,used_percent,0.0,dbms,08-2026,couchbase-802-vanilla-ee-medium-medium-aws,1,ip-172-31-17-239,ranking,benchANT
2026-08-12 11:15:00+00:00,swap,used_percent,0.0,dbms,08-2026,couchbase-802-vanilla-ee-medium-medium-aws,1,ip-172-31-17-239,ranking,benchANT
2026-08-12 11:15:10+00:00,swap,used_percent,0.0,dbms,08-2026,couchbase-802-vanilla-ee-medium-medium-aws,1,ip-172-31-17-239,ranking,benchANT
2026-08-12 11:15:20+00:00,swap,used_percent,0.0,dbms,08-2026,couchbase-802-vanilla-ee-medium-medium-aws,1,ip-172-31-17-239,ranking,benchANT
2026-08-12 11:15:30+00:00,swap,used_percent,0.0,dbms,08-2026,couchbase-802-vanilla-ee-medium-medium-aws,1,ip-172-31-17-239,ranking,benchANT
2026-08-12 11:15:40+00:00,swap,used_percent,0.0,dbms,08-2026,couchbase-802-vanilla-ee-medium-medium-aws,1,ip-172-31-17-239,ranking,benchANT
2026-08-12 11:15:50+00:00,swap,used_percent,0.0,dbms,08-2026,couchbase-802-vanilla-ee-medium-medium-aws,1,ip-172-31-17-239,ranking,benchANT
2026-08-12 11:03:30+00:00,swap,free,0.0,dbms,08-2026,couchbase-802-vanilla-ee-medium-medium-aws,1,ip-172-31-18-121,ranking,benchANT
2026-08-12 11:03:40+00:00,swap,free,0.0,dbms,08-2026,couchbase-802-vanilla-ee-medium-medium-aws,1,ip-172-31-18-121,ranking,benchANT
2026-08-12 11:03:50+00:00,swap,free,0.0,dbms,08-2026,couchbase-802-vanilla-ee-medium-medium-aws,1,ip-172-31-18-121,ranking,benchANT
2026-08-12 11:04:00+00:00,swap,free,0.0,dbms,08-2026,couchbase-802-vanilla-ee-medium-medium-aws,1,ip-172-31-18-121,ranking,benchANT
2026-08-12 11:04:10+00:00,swap,free,0.0,dbms,08-2026,couchbase-802-vanilla-ee-medium-medium-aws,1,ip-172-31-18-121,ranking,benchANT
2026-08-12 11:04:20+00:00,swap,free,0.0,dbms,08-2026,couchbase-802-vanilla-ee-medium-medium-aws,1,ip-172-31-18-121,ranking,benchANT
2026-08-12 11:04:30+00:00,swap,free,0.0,dbms,08-2026,couchbase-802-vanilla-ee-medium-medium-aws,1,ip-172-31-18-121,ranking,benchANT
2026-08-12 11:04:40+00:00,swap,free,0.0,dbms,08-2026,couchbase-802-vanilla-ee-medium-medium-aws,1,ip-172-31-18-121,ranking,benchANT
2026-08-12 11:04:50+00:00,swap,free,0.0,dbms,08-2026,couchbase-802-vanilla-ee-medium-medium-aws,1,ip-172-31-18-121,ranking,benchANT
2026-08-12 11:05:00+00:00,swap,free,0.0,dbms,08-2026,couchbase-802-vanilla-ee-medium-medium-aws,1,ip-172-31-18-121,ranking,benchANT
2026-08-12 11:05:10+00:00,swap,free,0.0,dbms,08-2026,couchbase-802-vanilla-ee-medium-medium-aws,1,ip-172-31-18-121,ranking,benchANT
2026-08-12 11:05:20+00:00,swap,free,0.0,dbms,08-2026,couchbase-802-vanilla-ee-medium-medium-aws,1,ip-172-31-18-121,ranking,benchANT
2026-08-12 11:05:30+00:00,swap,free,0.0,dbms,08-2026,couchbase-802-vanilla-ee-medium-medium-aws,1,ip-172-31-18-121,ranking,benchANT
2026-08-12 11:05:40+00:00,swap,free,0.0,dbms,08-2026,couchbase-802-vanilla-ee-medium-medium-aws,1,ip-172-31-18-121,ranking,benchANT
2026-08-12 11:05:50+00:00,swap,free,0.0,dbms,08-2026,couchbase-802-vanilla-ee-medium-medium-aws,1,ip-172-31-18-121,ranking,benchANT
2026-08-12 11:06:00+00:00,swap,free,0.0,dbms,08-2026,couchbase-802-vanilla-ee-medium-medium-aws,1,ip-172-31-18-121,ranking,benchANT
2026-08-12 11:06:10+00:00,swap,free,0.0,dbms,08-2026,couchbase-802-vanilla-ee-medium-medium-aws,1,ip-172-31-18-121,ranking,benchANT
2026-08-12 11:06:20+00:00,swap,free,0.0,dbms,08-2026,couchbase-802-vanilla-ee-medium-medium-aws,1,ip-172-31-18-121,ranking,benchANT
2026-08-12 11:06:30+00:00,swap,free,0.0,dbms,08-2026,couchbase-802-vanilla-ee-medium-medium-aws,1,ip-172-31-18-121,ranking,benchANT
2026-08-12 11:06:40+00:00,swap,free,0.0,dbms,08-2026,couchbase-802-vanilla-ee-medium-medium-aws,1,ip-172-31-18-121,ranking,benchANT
2026-08-12 11:06:50+00:00,swap,free,0.0,dbms,08-2026,couchbase-802-vanilla-ee-medium-medium-aws,1,ip-172-31-18-121,ranking,benchANT
2026-08-12 11:07:00+00:00,swap,free,0.0,dbms,08-2026,couchbase-802-vanilla-ee-medium-medium-aws,1,ip-172-31-18-121,ranking,benchANT
2026-08-12 11:07:10+00:00,swap,free,0.0,dbms,08-2026,couchbase-802-vanilla-ee-medium-medium-aws,1,ip-172-31-18-121,ranking,benchANT
2026-08-12 11:07:20+00:00,swap,free,0.0,dbms,08-2026,couchbase-802-vanilla-ee-medium-medium-aws,1,ip-172-31-18-121,ranking,benchANT
2026-08-12 11:07:30+00:00,swap,free,0.0,dbms,08-2026,couchbase-802-vanilla-ee-medium-medium-aws,1,ip-172-31-18-121,ranking,benchANT
2026-08-12 11:07:40+00:00,swap,free,0.0,dbms,08-2026,couchbase-802-vanilla-ee-medium-medium-aws,1,ip-172-31-18-121,ranking,benchANT
2026-08-12 11:07:50+00:00,swap,free,0.0,dbms,08-2026,couchbase-802-vanilla-ee-medium-medium-aws,1,ip-172-31-18-121,ranking,benchANT
2026-08-12 11:08:00+00:00,swap,free,0.0,dbms,08-2026,couchbase-802-vanilla-ee-medium-medium-aws,1,ip-172-31-18-121,ranking,benchANT
2026-08-12 11:08:10+00:00,swap,free,0.0,dbms,08-2026,couchbase-802-vanilla-ee-medium-medium-aws,1,ip-172-31-18-121,ranking,benchANT
2026-08-12 11:08:20+00:00,swap,free,0.0,dbms,08-2026,couchbase-802-vanilla-ee-medium-medium-aws,1,ip-172-31-18-121,ranking,benchANT
2026-08-12 11:08:30+00:00,swap,free,0.0,dbms,08-2026,couchbase-802-vanilla-ee-medium-medium-aws,1,ip-172-31-18-121,ranking,benchANT
2026-08-12 11:08:40+00:00,swap,free,0.0,dbms,08-2026,couchbase-802-vanilla-ee-medium-medium-aws,1,ip-172-31-18-121,ranking,benchANT
2026-08-12 11:08:50+00:00,swap,free,0.0,dbms,08-2026,couchbase-802-vanilla-ee-medium-medium-aws,1,ip-172-31-18-121,ranking,benchANT
2026-08-12 11:09:00+00:00,swap,free,0.0,dbms,08-2026,couchbase-802-vanilla-ee-medium-medium-aws,1,ip-172-31-18-121,ranking,benchANT
2026-08-12 11:09:10+00:00,swap,free,0.0,dbms,08-2026,couchbase-802-vanilla-ee-medium-medium-aws,1,ip-172-31-18-121,ranking,benchANT
2026-08-12 11:09:20+00:00,swap,free,0.0,dbms,08-2026,couchbase-802-vanilla-ee-medium-medium-aws,1,ip-172-31-18-121,ranking,benchANT
2026-08-12 11:09:30+00:00,swap,free,0.0,dbms,08-2026,couchbase-802-vanilla-ee-medium-medium-aws,1,ip-172-31-18-121,ranking,benchANT
2026-08-12 11:09:40+00:00,swap,free,0.0,dbms,08-2026,couchbase-802-vanilla-ee-medium-medium-aws,1,ip-172-31-18-121,ranking,benchANT
2026-08-12 11:09:50+00:00,swap,free,0.0,dbms,08-2026,couchbase-802-vanilla-ee-medium-medium-aws,1,ip-172-31-18-121,ranking,benchANT
2026-08-12 11:10:00+00:00,swap,free,0.0,dbms,08-2026,couchbase-802-vanilla-ee-medium-medium-aws,1,ip-172-31-18-121,ranking,benchANT
2026-08-12 11:10:10+00:00,swap,free,0.0,dbms,08-2026,couchbase-802-vanilla-ee-medium-medium-aws,1,ip-172-31-18-121,ranking,benchANT
2026-08-12 11:10:20+00:00,swap,free,0.0,dbms,08-2026,couchbase-802-vanilla-ee-medium-medium-aws,1,ip-172-31-18-121,ranking,benchANT
2026-08-12 11:10:30+00:00,swap,free,0.0,dbms,08-2026,couchbase-802-vanilla-ee-medium-medium-aws,1,ip-172-31-18-121,ranking,benchANT
2026-08-12 11:10:40+00:00,swap,free,0.0,dbms,08-2026,couchbase-802-vanilla-ee-medium-medium-aws,1,ip-172-31-18-121,ranking,benchANT
2026-08-12 11:10:50+00:00,swap,free,0.0,dbms,08-2026,couchbase-802-vanilla-ee-medium-medium-aws,1,ip-172-31-18-121,ranking,benchANT
2026-08-12 11:11:00+00:00,swap,free,0.0,dbms,08-2026,couchbase-802-vanilla-ee-medium-medium-aws,1,ip-172-31-18-121,ranking,benchANT
2026-08-12 11:11:10+00:00,swap,free,0.0,dbms,08-2026,couchbase-802-vanilla-ee-medium-medium-aws,1,ip-172-31-18-121,ranking,benchANT
2026-08-12 11:11:20+00:00,swap,free,0.0,dbms,08-2026,couchbase-802-vanilla-ee-medium-medium-aws,1,ip-172-31-18-121,ranking,benchANT
2026-08-12 11:11:30+00:00,swap,free,0.0,dbms,08-2026,couchbase-802-vanilla-ee-medium-medium-aws,1,ip-172-31-18-121,ranking,benchANT
2026-08-12 11:11:40+00:00,swap,free,0.0,dbms,08-2026,couchbase-802-vanilla-ee-medium-medium-aws,1,ip-172-31-18-121,ranking,benchANT
2026-08-12 11:11:50+00:00,swap,free,0.0,dbms,08-2026,couchbase-802-vanilla-ee-medium-medium-aws,1,ip-172-31-18-121,ranking,benchANT
2026-08-12 11:12:00+00:00,swap,free,0.0,dbms,08-2026,couchbase-802-vanilla-ee-medium-medium-aws,1,ip-172-31-18-121,ranking,benchANT
2026-08-12 11:12:10+00:00,swap,free,0.0,dbms,08-2026,couchbase-802-vanilla-ee-medium-medium-aws,1,ip-172-31-18-121,ranking,benchANT
2026-08-12 11:12:20+00:00,swap,free,0.0,dbms,08-2026,couchbase-802-vanilla-ee-medium-medium-aws,1,ip-172-31-18-121,ranking,benchANT
2026-08-12 11:12:30+00:00,swap,free,0.0,dbms,08-2026,couchbase-802-vanilla-ee-medium-medium-aws,1,ip-172-31-18-121,ranking,benchANT
2026-08-12 11:12:40+00:00,swap,free,0.0,dbms,08-2026,couchbase-802-vanilla-ee-medium-medium-aws,1,ip-172-31-18-121,ranking,benchANT
2026-08-12 11:12:50+00:00,swap,free,0.0,dbms,08-2026,couchbase-802-vanilla-ee-medium-medium-aws,1,ip-172-31-18-121,ranking,benchANT
2026-08-12 11:13:00+00:00,swap,free,0.0,dbms,08-2026,couchbase-802-vanilla-ee-medium-medium-aws,1,ip-172-31-18-121,ranking,benchANT
2026-08-12 11:13:10+00:00,swap,free,0.0,dbms,08-2026,couchbase-802-vanilla-ee-medium-medium-aws,1,ip-172-31-18-121,ranking,benchANT
2026-08-12 11:13:20+00:00,swap,free,0.0,dbms,08-2026,couchbase-802-vanilla-ee-medium-medium-aws,1,ip-172-31-18-121,ranking,benchANT
2026-08-12 11:13:30+00:00,swap,free,0.0,dbms,08-2026,couchbase-802-vanilla-ee-medium-medium-aws,1,ip-172-31-18-121,ranking,benchANT
2026-08-12 11:13:40+00:00,swap,free,0.0,dbms,08-2026,couchbase-802-vanilla-ee-medium-medium-aws,1,ip-172-31-18-121,ranking,benchANT
2026-08-12 11:13:50+00:00,swap,free,0.0,dbms,08-2026,couchbase-802-vanilla-ee-medium-medium-aws,1,ip-172-31-18-121,ranking,benchANT
2026-08-12 11:14:00+00:00,swap,free,0.0,dbms,08-2026,couchbase-802-vanilla-ee-medium-medium-aws,1,ip-172-31-18-121,ranking,benchANT
2026-08-12 11:14:10+00:00,swap,free,0.0,dbms,08-2026,couchbase-802-vanilla-ee-medium-medium-aws,1,ip-172-31-18-121,ranking,benchANT
2026-08-12 11:14:20+00:00,swap,free,0.0,dbms,08-2026,couchbase-802-vanilla-ee-medium-medium-aws,1,ip-172-31-18-121,ranking,benchANT
2026-08-12 11:14:30+00:00,swap,free,0.0,dbms,08-2026,couchbase-802-vanilla-ee-medium-medium-aws,1,ip-172-31-18-121,ranking,benchANT
2026-08-12 11:14:40+00:00,swap,free,0.0,dbms,08-2026,couchbase-802-vanilla-ee-medium-medium-aws,1,ip-172-31-18-121,ranking,benchANT
2026-08-12 11:14:50+00:00,swap,free,0.0,dbms,08-2026,couchbase-802-vanilla-ee-medium-medium-aws,1,ip-172-31-18-121,ranking,benchANT
2026-08-12 11:15:00+00:00,swap,free,0.0,dbms,08-2026,couchbase-802-vanilla-ee-medium-medium-aws,1,ip-172-31-18-121,ranking,benchANT
2026-08-12 11:15:10+00:00,swap,free,0.0,dbms,08-2026,couchbase-802-vanilla-ee-medium-medium-aws,1,ip-172-31-18-121,ranking,benchANT
2026-08-12 11:15:20+00:00,swap,free,0.0,dbms,08-2026,couchbase-802-vanilla-ee-medium-medium-aws,1,ip-172-31-18-121,ranking,benchANT
2026-08-12 11:15:30+00:00,swap,free,0.0,dbms,08-2026,couchbase-802-vanilla-ee-medium-medium-aws,1,ip-172-31-18-121,ranking,benchANT
2026-08-12 11:15:40+00:00,swap,free,0.0,dbms,08-2026,couchbase-802-vanilla-ee-medium-medium-aws,1,ip-172-31-18-121,ranking,benchANT
2026-08-12 11:15:50+00:00,swap,free,0.0,dbms,08-2026,couchbase-802-vanilla-ee-medium-medium-aws,1,ip-172-31-18-121,ranking,benchANT
2026-08-12 11:03:30+00:00,swap,in,0.0,dbms,08-2026,couchbase-802-vanilla-ee-medium-medium-aws,1,ip-172-31-18-121,ranking,benchANT
2026-08-12 11:03:40+00:00,swap,in,0.0,dbms,08-2026,couchbase-802-vanilla-ee-medium-medium-aws,1,ip-172-31-18-121,ranking,benchANT
2026-08-12 11:03:50+00:00,swap,in,0.0,dbms,08-2026,couchbase-802-vanilla-ee-medium-medium-aws,1,ip-172-31-18-121,ranking,benchANT
2026-08-12 11:04:00+00:00,swap,in,0.0,dbms,08-2026,couchbase-802-vanilla-ee-medium-medium-aws,1,ip-172-31-18-121,ranking,benchANT
2026-08-12 11:04:10+00:00,swap,in,0.0,dbms,08-2026,couchbase-802-vanilla-ee-medium-medium-aws,1,ip-172-31-18-121,ranking,benchANT
2026-08-12 11:04:20+00:00,swap,in,0.0,dbms,08-2026,couchbase-802-vanilla-ee-medium-medium-aws,1,ip-172-31-18-121,ranking,benchANT
2026-08-12 11:04:30+00:00,swap,in,0.0,dbms,08-2026,couchbase-802-vanilla-ee-medium-medium-aws,1,ip-172-31-18-121,ranking,benchANT
2026-08-12 11:04:40+00:00,swap,in,0.0,dbms,08-2026,couchbase-802-vanilla-ee-medium-medium-aws,1,ip-172-31-18-121,ranking,benchANT
2026-08-12 11:04:50+00:00,swap,in,0.0,dbms,08-2026,couchbase-802-vanilla-ee-medium-medium-aws,1,ip-172-31-18-121,ranking,benchANT
2026-08-12 11:05:00+00:00,swap,in,0.0,dbms,08-2026,couchbase-802-vanilla-ee-medium-medium-aws,1,ip-172-31-18-121,ranking,benchANT
2026-08-12 11:05:10+00:00,swap,in,0.0,dbms,08-2026,couchbase-802-vanilla-ee-medium-medium-aws,1,ip-172-31-18-121,ranking,benchANT
2026-08-12 11:05:20+00:00,swap,in,0.0,dbms,08-2026,couchbase-802-vanilla-ee-medium-medium-aws,1,ip-172-31-18-121,ranking,benchANT
2026-08-12 11:05:30+00:00,swap,in,0.0,dbms,08-2026,couchbase-802-vanilla-ee-medium-medium-aws,1,ip-172-31-18-121,ranking,benchANT
2026-08-12 11:05:40+00:00,swap,in,0.0,dbms,08-2026,couchbase-802-vanilla-ee-medium-medium-aws,1,ip-172-31-18-121,ranking,benchANT
2026-08-12 11:05:50+00:00,swap,in,0.0,dbms,08-2026,couchbase-802-vanilla-ee-medium-medium-aws,1,ip-172-31-18-121,ranking,benchANT
2026-08-12 11:06:00+00:00,swap,in,0.0,dbms,08-2026,couchbase-802-vanilla-ee-medium-medium-aws,1,ip-172-31-18-121,ranking,benchANT
2026-08-12 11:06:10+00:00,swap,in,0.0,dbms,08-2026,couchbase-802-vanilla-ee-medium-medium-aws,1,ip-172-31-18-121,ranking,benchANT
2026-08-12 11:06:20+00:00,swap,in,0.0,dbms,08-2026,couchbase-802-vanilla-ee-medium-medium-aws,1,ip-172-31-18-121,ranking,benchANT
2026-08-12 11:06:30+00:00,swap,in,0.0,dbms,08-2026,couchbase-802-vanilla-ee-medium-medium-aws,1,ip-172-31-18-121,ranking,benchANT
2026-08-12 11:06:40+00:00,swap,in,0.0,dbms,08-2026,couchbase-802-vanilla-ee-medium-medium-aws,1,ip-172-31-18-121,ranking,benchANT
2026-08-12 11:06:50+00:00,swap,in,0.0,dbms,08-2026,couchbase-802-vanilla-ee-medium-medium-aws,1,ip-172-31-18-121,ranking,benchANT
2026-08-12 11:07:00+00:00,swap,in,0.0,dbms,08-2026,couchbase-802-vanilla-ee-medium-medium-aws,1,ip-172-31-18-121,ranking,benchANT
2026-08-12 11:07:10+00:00,swap,in,0.0,dbms,08-2026,couchbase-802-vanilla-ee-medium-medium-aws,1,ip-172-31-18-121,ranking,benchANT
2026-08-12 11:07:20+00:00,swap,in,0.0,dbms,08-2026,couchbase-802-vanilla-ee-medium-medium-aws,1,ip-172-31-18-121,ranking,benchANT
2026-08-12 11:07:30+00:00,swap,in,0.0,dbms,08-2026,couchbase-802-vanilla-ee-medium-medium-aws,1,ip-172-31-18-121,ranking,benchANT
2026-08-12 11:07:40+00:00,swap,in,0.0,dbms,08-2026,couchbase-802-vanilla-ee-medium-medium-aws,1,ip-172-31-18-121,ranking,benchANT
2026-08-12 11:07:50+00:00,swap,in,0.0,dbms,08-2026,couchbase-802-vanilla-ee-medium-medium-aws,1,ip-172-31-18-121,ranking,benchANT
2026-08-12 11:08:00+00:00,swap,in,0.0,dbms,08-2026,couchbase-802-vanilla-ee-medium-medium-aws,1,ip-172-31-18-121,ranking,benchANT
2026-08-12 11:08:10+00:00,swap,in,0.0,dbms,08-2026,couchbase-802-vanilla-ee-medium-medium-aws,1,ip-172-31-18-121,ranking,benchANT
2026-08-12 11:08:20+00:00,swap,in,0.0,dbms,08-2026,couchbase-802-vanilla-ee-medium-medium-aws,1,ip-172-31-18-121,ranking,benchANT
2026-08-12 11:08:30+00:00,swap,in,0.0,dbms,08-2026,couchbase-802-vanilla-ee-medium-medium-aws,1,ip-172-31-18-121,ranking,benchANT
2026-08-12 11:08:40+00:00,swap,in,0.0,dbms,08-2026,couchbase-802-vanilla-ee-medium-medium-aws,1,ip-172-31-18-121,ranking,benchANT
2026-08-12 11:08:50+00:00,swap,in,0.0,dbms,08-2026,couchbase-802-vanilla-ee-medium-medium-aws,1,ip-172-31-18-121,ranking,benchANT
2026-08-12 11:09:00+00:00,swap,in,0.0,dbms,08-2026,couchbase-802-vanilla-ee-medium-medium-aws,1,ip-172-31-18-121,ranking,benchANT
2026-08-12 11:09:10+00:00,swap,in,0.0,dbms,08-2026,couchbase-802-vanilla-ee-medium-medium-aws,1,ip-172-31-18-121,ranking,benchANT
2026-08-12 11:09:20+00:00,swap,in,0.0,dbms,08-2026,couchbase-802-vanilla-ee-medium-medium-aws,1,ip-172-31-18-121,ranking,benchANT
2026-08-12 11:09:30+00:00,swap,in,0.0,dbms,08-2026,couchbase-802-vanilla-ee-medium-medium-aws,1,ip-172-31-18-121,ranking,benchANT
2026-08-12 11:09:40+00:00,swap,in,0.0,dbms,08-2026,couchbase-802-vanilla-ee-medium-medium-aws,1,ip-172-31-18-121,ranking,benchANT
2026-08-12 11:09:50+00:00,swap,in,0.0,dbms,08-2026,couchbase-802-vanilla-ee-medium-medium-aws,1,ip-172-31-18-121,ranking,benchANT
2026-08-12 11:10:00+00:00,swap,in,0.0,dbms,08-2026,couchbase-802-vanilla-ee-medium-medium-aws,1,ip-172-31-18-121,ranking,benchANT
2026-08-12 11:10:10+00:00,swap,in,0.0,dbms,08-2026,couchbase-802-vanilla-ee-medium-medium-aws,1,ip-172-31-18-121,ranking,benchANT
2026-08-12 11:10:20+00:00,swap,in,0.0,dbms,08-2026,couchbase-802-vanilla-ee-medium-medium-aws,1,ip-172-31-18-121,ranking,benchANT
2026-08-12 11:10:30+00:00,swap,in,0.0,dbms,08-2026,couchbase-802-vanilla-ee-medium-medium-aws,1,ip-172-31-18-121,ranking,benchANT
2026-08-12 11:10:40+00:00,swap,in,0.0,dbms,08-2026,couchbase-802-vanilla-ee-medium-medium-aws,1,ip-172-31-18-121,ranking,benchANT
2026-08-12 11:10:50+00:00,swap,in,0.0,dbms,08-2026,couchbase-802-vanilla-ee-medium-medium-aws,1,ip-172-31-18-121,ranking,benchANT
2026-08-12 11:11:00+00:00,swap,in,0.0,dbms,08-2026,couchbase-802-vanilla-ee-medium-medium-aws,1,ip-172-31-18-121,ranking,benchANT
2026-08-12 11:11:10+00:00,swap,in,0.0,dbms,08-2026,couchbase-802-vanilla-ee-medium-medium-aws,1,ip-172-31-18-121,ranking,benchANT
2026-08-12 11:11:20+00:00,swap,in,0.0,dbms,08-2026,couchbase-802-vanilla-ee-medium-medium-aws,1,ip-172-31-18-121,ranking,benchANT
2026-08-12 11:11:30+00:00,swap,in,0.0,dbms,08-2026,couchbase-802-vanilla-ee-medium-medium-aws,1,ip-172-31-18-121,ranking,benchANT
2026-08-12 11:11:40+00:00,swap,in,0.0,dbms,08-2026,couchbase-802-vanilla-ee-medium-medium-aws,1,ip-172-31-18-121,ranking,benchANT
2026-08-12 11:11:50+00:00,swap,in,0.0,dbms,08-2026,couchbase-802-vanilla-ee-medium-medium-aws,1,ip-172-31-18-121,ranking,benchANT
2026-08-12 11:12:00+00:00,swap,in,0.0,dbms,08-2026,couchbase-802-vanilla-ee-medium-medium-aws,1,ip-172-31-18-121,ranking,benchANT
2026-08-12 11:12:10+00:00,swap,in,0.0,dbms,08-2026,couchbase-802-vanilla-ee-medium-medium-aws,1,ip-172-31-18-121,ranking,benchANT
2026-08-12 11:12:20+00:00,swap,in,0.0,dbms,08-2026,couchbase-802-vanilla-ee-medium-medium-aws,1,ip-172-31-18-121,ranking,benchANT
2026-08-12 11:12:30+00:00,swap,in,0.0,dbms,08-2026,couchbase-802-vanilla-ee-medium-medium-aws,1,ip-172-31-18-121,ranking,benchANT
2026-08-12 11:12:40+00:00,swap,in,0.0,dbms,08-2026,couchbase-802-vanilla-ee-medium-medium-aws,1,ip-172-31-18-121,ranking,benchANT
2026-08-12 11:12:50+00:00,swap,in,0.0,dbms,08-2026,couchbase-802-vanilla-ee-medium-medium-aws,1,ip-172-31-18-121,ranking,benchANT
2026-08-12 11:13:00+00:00,swap,in,0.0,dbms,08-2026,couchbase-802-vanilla-ee-medium-medium-aws,1,ip-172-31-18-121,ranking,benchANT
2026-08-12 11:13:10+00:00,swap,in,0.0,dbms,08-2026,couchbase-802-vanilla-ee-medium-medium-aws,1,ip-172-31-18-121,ranking,benchANT
2026-08-12 11:13:20+00:00,swap,in,0.0,dbms,08-2026,couchbase-802-vanilla-ee-medium-medium-aws,1,ip-172-31-18-121,ranking,benchANT
2026-08-12 11:13:30+00:00,swap,in,0.0,dbms,08-2026,couchbase-802-vanilla-ee-medium-medium-aws,1,ip-172-31-18-121,ranking,benchANT
2026-08-12 11:13:40+00:00,swap,in,0.0,dbms,08-2026,couchbase-802-vanilla-ee-medium-medium-aws,1,ip-172-31-18-121,ranking,benchANT
2026-08-12 11:13:50+00:00,swap,in,0.0,dbms,08-2026,couchbase-802-vanilla-ee-medium-medium-aws,1,ip-172-31-18-121,ranking,benchANT
2026-08-12 11:14:00+00:00,swap,in,0.0,dbms,08-2026,couchbase-802-vanilla-ee-medium-medium-aws,1,ip-172-31-18-121,ranking,benchANT
2026-08-12 11:14:10+00:00,swap,in,0.0,dbms,08-2026,couchbase-802-vanilla-ee-medium-medium-aws,1,ip-172-31-18-121,ranking,benchANT
2026-08-12 11:14:20+00:00,swap,in,0.0,dbms,08-2026,couchbase-802-vanilla-ee-medium-medium-aws,1,ip-172-31-18-121,ranking,benchANT
2026-08-12 11:14:30+00:00,swap,in,0.0,dbms,08-2026,couchbase-802-vanilla-ee-medium-medium-aws,1,ip-172-31-18-121,ranking,benchANT
2026-08-12 11:14:40+00:00,swap,in,0.0,dbms,08-2026,couchbase-802-vanilla-ee-medium-medium-aws,1,ip-172-31-18-121,ranking,benchANT
2026-08-12 11:14:50+00:00,swap,in,0.0,dbms,08-2026,couchbase-802-vanilla-ee-medium-medium-aws,1,ip-172-31-18-121,ranking,benchANT
2026-08-12 11:15:00+00:00,swap,in,0.0,dbms,08-2026,couchbase-802-vanilla-ee-medium-medium-aws,1,ip-172-31-18-121,ranking,benchANT
2026-08-12 11:15:10+00:00,swap,in,0.0,dbms,08-2026,couchbase-802-vanilla-ee-medium-medium-aws,1,ip-172-31-18-121,ranking,benchANT
2026-08-12 11:15:20+00:00,swap,in,0.0,dbms,08-2026,couchbase-802-vanilla-ee-medium-medium-aws,1,ip-172-31-18-121,ranking,benchANT
2026-08-12 11:15:30+00:00,swap,in,0.0,dbms,08-2026,couchbase-802-vanilla-ee-medium-medium-aws,1,ip-172-31-18-121,ranking,benchANT
2026-08-12 11:15:40+00:00,swap,in,0.0,dbms,08-2026,couchbase-802-vanilla-ee-medium-medium-aws,1,ip-172-31-18-121,ranking,benchANT
2026-08-12 11:15:50+00:00,swap,in,0.0,dbms,08-2026,couchbase-802-vanilla-ee-medium-medium-aws,1,ip-172-31-18-121,ranking,benchANT
2026-08-12 11:03:30+00:00,swap,out,0.0,dbms,08-2026,couchbase-802-vanilla-ee-medium-medium-aws,1,ip-172-31-18-121,ranking,benchANT
2026-08-12 11:03:40+00:00,swap,out,0.0,dbms,08-2026,couchbase-802-vanilla-ee-medium-medium-aws,1,ip-172-31-18-121,ranking,benchANT
2026-08-12 11:03:50+00:00,swap,out,0.0,dbms,08-2026,couchbase-802-vanilla-ee-medium-medium-aws,1,ip-172-31-18-121,ranking,benchANT
2026-08-12 11:04:00+00:00,swap,out,0.0,dbms,08-2026,couchbase-802-vanilla-ee-medium-medium-aws,1,ip-172-31-18-121,ranking,benchANT
2026-08-12 11:04:10+00:00,swap,out,0.0,dbms,08-2026,couchbase-802-vanilla-ee-medium-medium-aws,1,ip-172-31-18-121,ranking,benchANT
2026-08-12 11:04:20+00:00,swap,out,0.0,dbms,08-2026,couchbase-802-vanilla-ee-medium-medium-aws,1,ip-172-31-18-121,ranking,benchANT
2026-08-12 11:04:30+00:00,swap,out,0.0,dbms,08-2026,couchbase-802-vanilla-ee-medium-medium-aws,1,ip-172-31-18-121,ranking,benchANT
2026-08-12 11:04:40+00:00,swap,out,0.0,dbms,08-2026,couchbase-802-vanilla-ee-medium-medium-aws,1,ip-172-31-18-121,ranking,benchANT
2026-08-12 11:04:50+00:00,swap,out,0.0,dbms,08-2026,couchbase-802-vanilla-ee-medium-medium-aws,1,ip-172-31-18-121,ranking,benchANT
2026-08-12 11:05:00+00:00,swap,out,0.0,dbms,08-2026,couchbase-802-vanilla-ee-medium-medium-aws,1,ip-172-31-18-121,ranking,benchANT
2026-08-12 11:05:10+00:00,swap,out,0.0,dbms,08-2026,couchbase-802-vanilla-ee-medium-medium-aws,1,ip-172-31-18-121,ranking,benchANT
2026-08-12 11:05:20+00:00,swap,out,0.0,dbms,08-2026,couchbase-802-vanilla-ee-medium-medium-aws,1,ip-172-31-18-121,ranking,benchANT
2026-08-12 11:05:30+00:00,swap,out,0.0,dbms,08-2026,couchbase-802-vanilla-ee-medium-medium-aws,1,ip-172-31-18-121,ranking,benchANT
2026-08-12 11:05:40+00:00,swap,out,0.0,dbms,08-2026,couchbase-802-vanilla-ee-medium-medium-aws,1,ip-172-31-18-121,ranking,benchANT
2026-08-12 11:05:50+00:00,swap,out,0.0,dbms,08-2026,couchbase-802-vanilla-ee-medium-medium-aws,1,ip-172-31-18-121,ranking,benchANT
2026-08-12 11:06:00+00:00,swap,out,0.0,dbms,08-2026,couchbase-802-vanilla-ee-medium-medium-aws,1,ip-172-31-18-121,ranking,benchANT
2026-08-12 11:06:10+00:00,swap,out,0.0,dbms,08-2026,couchbase-802-vanilla-ee-medium-medium-aws,1,ip-172-31-18-121,ranking,benchANT
2026-08-12 11:06:20+00:00,swap,out,0.0,dbms,08-2026,couchbase-802-vanilla-ee-medium-medium-aws,1,ip-172-31-18-121,ranking,benchANT
2026-08-12 11:06:30+00:00,swap,out,0.0,dbms,08-2026,couchbase-802-vanilla-ee-medium-medium-aws,1,ip-172-31-18-121,ranking,benchANT
2026-08-12 11:06:40+00:00,swap,out,0.0,dbms,08-2026,couchbase-802-vanilla-ee-medium-medium-aws,1,ip-172-31-18-121,ranking,benchANT
2026-08-12 11:06:50+00:00,swap,out,0.0,dbms,08-2026,couchbase-802-vanilla-ee-medium-medium-aws,1,ip-172-31-18-121,ranking,benchANT
2026-08-12 11:07:00+00:00,swap,out,0.0,dbms,08-2026,couchbase-802-vanilla-ee-medium-medium-aws,1,ip-172-31-18-121,ranking,benchANT
2026-08-12 11:07:10+00:00,swap,out,0.0,dbms,08-2026,couchbase-802-vanilla-ee-medium-medium-aws,1,ip-172-31-18-121,ranking,benchANT
2026-08-12 11:07:20+00:00,swap,out,0.0,dbms,08-2026,couchbase-802-vanilla-ee-medium-medium-aws,1,ip-172-31-18-121,ranking,benchANT
2026-08-12 11:07:30+00:00,swap,out,0.0,dbms,08-2026,couchbase-802-vanilla-ee-medium-medium-aws,1,ip-172-31-18-121,ranking,benchANT
2026-08-12 11:07:40+00:00,swap,out,0.0,dbms,08-2026,couchbase-802-vanilla-ee-medium-medium-aws,1,ip-172-31-18-121,ranking,benchANT
2026-08-12 11:07:50+00:00,swap,out,0.0,dbms,08-2026,couchbase-802-vanilla-ee-medium-medium-aws,1,ip-172-31-18-121,ranking,benchANT
2026-08-12 11:08:00+00:00,swap,out,0.0,dbms,08-2026,couchbase-802-vanilla-ee-medium-medium-aws,1,ip-172-31-18-121,ranking,benchANT
2026-08-12 11:08:10+00:00,swap,out,0.0,dbms,08-2026,couchbase-802-vanilla-ee-medium-medium-aws,1,ip-172-31-18-121,ranking,benchANT
2026-08-12 11:08:20+00:00,swap,out,0.0,dbms,08-2026,couchbase-802-vanilla-ee-medium-medium-aws,1,ip-172-31-18-121,ranking,benchANT
2026-08-12 11:08:30+00:00,swap,out,0.0,dbms,08-2026,couchbase-802-vanilla-ee-medium-medium-aws,1,ip-172-31-18-121,ranking,benchANT
2026-08-12 11:08:40+00:00,swap,out,0.0,dbms,08-2026,couchbase-802-vanilla-ee-medium-medium-aws,1,ip-172-31-18-121,ranking,benchANT
2026-08-12 11:08:50+00:00,swap,out,0.0,dbms,08-2026,couchbase-802-vanilla-ee-medium-medium-aws,1,ip-172-31-18-121,ranking,benchANT
2026-08-12 11:09:00+00:00,swap,out,0.0,dbms,08-2026,couchbase-802-vanilla-ee-medium-medium-aws,1,ip-172-31-18-121,ranking,benchANT
2026-08-12 11:09:10+00:00,swap,out,0.0,dbms,08-2026,couchbase-802-vanilla-ee-medium-medium-aws,1,ip-172-31-18-121,ranking,benchANT
2026-08-12 11:09:20+00:00,swap,out,0.0,dbms,08-2026,couchbase-802-vanilla-ee-medium-medium-aws,1,ip-172-31-18-121,ranking,benchANT
2026-08-12 11:09:30+00:00,swap,out,0.0,dbms,08-2026,couchbase-802-vanilla-ee-medium-medium-aws,1,ip-172-31-18-121,ranking,benchANT
2026-08-12 11:09:40+00:00,swap,out,0.0,dbms,08-2026,couchbase-802-vanilla-ee-medium-medium-aws,1,ip-172-31-18-121,ranking,benchANT
2026-08-12 11:09:50+00:00,swap,out,0.0,dbms,08-2026,couchbase-802-vanilla-ee-medium-medium-aws,1,ip-172-31-18-121,ranking,benchANT
2026-08-12 11:10:00+00:00,swap,out,0.0,dbms,08-2026,couchbase-802-vanilla-ee-medium-medium-aws,1,ip-172-31-18-121,ranking,benchANT
2026-08-12 11:10:10+00:00,swap,out,0.0,dbms,08-2026,couchbase-802-vanilla-ee-medium-medium-aws,1,ip-172-31-18-121,ranking,benchANT
2026-08-12 11:10:20+00:00,swap,out,0.0,dbms,08-2026,couchbase-802-vanilla-ee-medium-medium-aws,1,ip-172-31-18-121,ranking,benchANT
2026-08-12 11:10:30+00:00,swap,out,0.0,dbms,08-2026,couchbase-802-vanilla-ee-medium-medium-aws,1,ip-172-31-18-121,ranking,benchANT
2026-08-12 11:10:40+00:00,swap,out,0.0,dbms,08-2026,couchbase-802-vanilla-ee-medium-medium-aws,1,ip-172-31-18-121,ranking,benchANT
2026-08-12 11:10:50+00:00,swap,out,0.0,dbms,08-2026,couchbase-802-vanilla-ee-medium-medium-aws,1,ip-172-31-18-121,ranking,benchANT
2026-08-12 11:11:00+00:00,swap,out,0.0,dbms,08-2026,couchbase-802-vanilla-ee-medium-medium-aws,1,ip-172-31-18-121,ranking,benchANT
2026-08-12 11:11:10+00:00,swap,out,0.0,dbms,08-2026,couchbase-802-vanilla-ee-medium-medium-aws,1,ip-172-31-18-121,ranking,benchANT
2026-08-12 11:11:20+00:00,swap,out,0.0,dbms,08-2026,couchbase-802-vanilla-ee-medium-medium-aws,1,ip-172-31-18-121,ranking,benchANT
2026-08-12 11:11:30+00:00,swap,out,0.0,dbms,08-2026,couchbase-802-vanilla-ee-medium-medium-aws,1,ip-172-31-18-121,ranking,benchANT
2026-08-12 11:11:40+00:00,swap,out,0.0,dbms,08-2026,couchbase-802-vanilla-ee-medium-medium-aws,1,ip-172-31-18-121,ranking,benchANT
2026-08-12 11:11:50+00:00,swap,out,0.0,dbms,08-2026,couchbase-802-vanilla-ee-medium-medium-aws,1,ip-172-31-18-121,ranking,benchANT
2026-08-12 11:12:00+00:00,swap,out,0.0,dbms,08-2026,couchbase-802-vanilla-ee-medium-medium-aws,1,ip-172-31-18-121,ranking,benchANT
2026-08-12 11:12:10+00:00,swap,out,0.0,dbms,08-2026,couchbase-802-vanilla-ee-medium-medium-aws,1,ip-172-31-18-121,ranking,benchANT
2026-08-12 11:12:20+00:00,swap,out,0.0,dbms,08-2026,couchbase-802-vanilla-ee-medium-medium-aws,1,ip-172-31-18-121,ranking,benchANT
2026-08-12 11:12:30+00:00,swap,out,0.0,dbms,08-2026,couchbase-802-vanilla-ee-medium-medium-aws,1,ip-172-31-18-121,ranking,benchANT
2026-08-12 11:12:40+00:00,swap,out,0.0,dbms,08-2026,couchbase-802-vanilla-ee-medium-medium-aws,1,ip-172-31-18-121,ranking,benchANT
2026-08-12 11:12:50+00:00,swap,out,0.0,dbms,08-2026,couchbase-802-vanilla-ee-medium-medium-aws,1,ip-172-31-18-121,ranking,benchANT
2026-08-12 11:13:00+00:00,swap,out,0.0,dbms,08-2026,couchbase-802-vanilla-ee-medium-medium-aws,1,ip-172-31-18-121,ranking,benchANT
2026-08-12 11:13:10+00:00,swap,out,0.0,dbms,08-2026,couchbase-802-vanilla-ee-medium-medium-aws,1,ip-172-31-18-121,ranking,benchANT
2026-08-12 11:13:20+00:00,swap,out,0.0,dbms,08-2026,couchbase-802-vanilla-ee-medium-medium-aws,1,ip-172-31-18-121,ranking,benchANT
2026-08-12 11:13:30+00:00,swap,out,0.0,dbms,08-2026,couchbase-802-vanilla-ee-medium-medium-aws,1,ip-172-31-18-121,ranking,benchANT
2026-08-12 11:13:40+00:00,swap,out,0.0,dbms,08-2026,couchbase-802-vanilla-ee-medium-medium-aws,1,ip-172-31-18-121,ranking,benchANT
2026-08-12 11:13:50+00:00,swap,out,0.0,dbms,08-2026,couchbase-802-vanilla-ee-medium-medium-aws,1,ip-172-31-18-121,ranking,benchANT
2026-08-12 11:14:00+00:00,swap,out,0.0,dbms,08-2026,couchbase-802-vanilla-ee-medium-medium-aws,1,ip-172-31-18-121,ranking,benchANT
2026-08-12 11:14:10+00:00,swap,out,0.0,dbms,08-2026,couchbase-802-vanilla-ee-medium-medium-aws,1,ip-172-31-18-121,ranking,benchANT
2026-08-12 11:14:20+00:00,swap,out,0.0,dbms,08-2026,couchbase-802-vanilla-ee-medium-medium-aws,1,ip-172-31-18-121,ranking,benchANT
2026-08-12 11:14:30+00:00,swap,out,0.0,dbms,08-2026,couchbase-802-vanilla-ee-medium-medium-aws,1,ip-172-31-18-121,ranking,benchANT
2026-08-12 11:14:40+00:00,swap,out,0.0,dbms,08-2026,couchbase-802-vanilla-ee-medium-medium-aws,1,ip-172-31-18-121,ranking,benchANT
2026-08-12 11:14:50+00:00,swap,out,0.0,dbms,08-2026,couchbase-802-vanilla-ee-medium-medium-aws,1,ip-172-31-18-121,ranking,benchANT
2026-08-12 11:15:00+00:00,swap,out,0.0,dbms,08-2026,couchbase-802-vanilla-ee-medium-medium-aws,1,ip-172-31-18-121,ranking,benchANT
2026-08-12 11:15:10+00:00,swap,out,0.0,dbms,08-2026,couchbase-802-vanilla-ee-medium-medium-aws,1,ip-172-31-18-121,ranking,benchANT
2026-08-12 11:15:20+00:00,swap,out,0.0,dbms,08-2026,couchbase-802-vanilla-ee-medium-medium-aws,1,ip-172-31-18-121,ranking,benchANT
2026-08-12 11:15:30+00:00,swap,out,0.0,dbms,08-2026,couchbase-802-vanilla-ee-medium-medium-aws,1,ip-172-31-18-121,ranking,benchANT
2026-08-12 11:15:40+00:00,swap,out,0.0,dbms,08-2026,couchbase-802-vanilla-ee-medium-medium-aws,1,ip-172-31-18-121,ranking,benchANT
2026-08-12 11:15:50+00:00,swap,out,0.0,dbms,08-2026,couchbase-802-vanilla-ee-medium-medium-aws,1,ip-172-31-18-121,ranking,benchANT
2026-08-12 11:03:30+00:00,swap,total,0.0,dbms,08-2026,couchbase-802-vanilla-ee-medium-medium-aws,1,ip-172-31-18-121,ranking,benchANT
2026-08-12 11:03:40+00:00,swap,total,0.0,dbms,08-2026,couchbase-802-vanilla-ee-medium-medium-aws,1,ip-172-31-18-121,ranking,benchANT
2026-08-12 11:03:50+00:00,swap,total,0.0,dbms,08-2026,couchbase-802-vanilla-ee-medium-medium-aws,1,ip-172-31-18-121,ranking,benchANT
2026-08-12 11:04:00+00:00,swap,total,0.0,dbms,08-2026,couchbase-802-vanilla-ee-medium-medium-aws,1,ip-172-31-18-121,ranking,benchANT
2026-08-12 11:04:10+00:00,swap,total,0.0,dbms,08-2026,couchbase-802-vanilla-ee-medium-medium-aws,1,ip-172-31-18-121,ranking,benchANT
2026-08-12 11:04:20+00:00,swap,total,0.0,dbms,08-2026,couchbase-802-vanilla-ee-medium-medium-aws,1,ip-172-31-18-121,ranking,benchANT
2026-08-12 11:04:30+00:00,swap,total,0.0,dbms,08-2026,couchbase-802-vanilla-ee-medium-medium-aws,1,ip-172-31-18-121,ranking,benchANT
2026-08-12 11:04:40+00:00,swap,total,0.0,dbms,08-2026,couchbase-802-vanilla-ee-medium-medium-aws,1,ip-172-31-18-121,ranking,benchANT
2026-08-12 11:04:50+00:00,swap,total,0.0,dbms,08-2026,couchbase-802-vanilla-ee-medium-medium-aws,1,ip-172-31-18-121,ranking,benchANT
2026-08-12 11:05:00+00:00,swap,total,0.0,dbms,08-2026,couchbase-802-vanilla-ee-medium-medium-aws,1,ip-172-31-18-121,ranking,benchANT
2026-08-12 11:05:10+00:00,swap,total,0.0,dbms,08-2026,couchbase-802-vanilla-ee-medium-medium-aws,1,ip-172-31-18-121,ranking,benchANT
2026-08-12 11:05:20+00:00,swap,total,0.0,dbms,08-2026,couchbase-802-vanilla-ee-medium-medium-aws,1,ip-172-31-18-121,ranking,benchANT
2026-08-12 11:05:30+00:00,swap,total,0.0,dbms,08-2026,couchbase-802-vanilla-ee-medium-medium-aws,1,ip-172-31-18-121,ranking,benchANT
2026-08-12 11:05:40+00:00,swap,total,0.0,dbms,08-2026,couchbase-802-vanilla-ee-medium-medium-aws,1,ip-172-31-18-121,ranking,benchANT
2026-08-12 11:05:50+00:00,swap,total,0.0,dbms,08-2026,couchbase-802-vanilla-ee-medium-medium-aws,1,ip-172-31-18-121,ranking,benchANT
2026-08-12 11:06:00+00:00,swap,total,0.0,dbms,08-2026,couchbase-802-vanilla-ee-medium-medium-aws,1,ip-172-31-18-121,ranking,benchANT
2026-08-12 11:06:10+00:00,swap,total,0.0,dbms,08-2026,couchbase-802-vanilla-ee-medium-medium-aws,1,ip-172-31-18-121,ranking,benchANT
2026-08-12 11:06:20+00:00,swap,total,0.0,dbms,08-2026,couchbase-802-vanilla-ee-medium-medium-aws,1,ip-172-31-18-121,ranking,benchANT
2026-08-12 11:06:30+00:00,swap,total,0.0,dbms,08-2026,couchbase-802-vanilla-ee-medium-medium-aws,1,ip-172-31-18-121,ranking,benchANT
2026-08-12 11:06:40+00:00,swap,total,0.0,dbms,08-2026,couchbase-802-vanilla-ee-medium-medium-aws,1,ip-172-31-18-121,ranking,benchANT
2026-08-12 11:06:50+00:00,swap,total,0.0,dbms,08-2026,couchbase-802-vanilla-ee-medium-medium-aws,1,ip-172-31-18-121,ranking,benchANT
2026-08-12 11:07:00+00:00,swap,total,0.0,dbms,08-2026,couchbase-802-vanilla-ee-medium-medium-aws,1,ip-172-31-18-121,ranking,benchANT
2026-08-12 11:07:10+00:00,swap,total,0.0,dbms,08-2026,couchbase-802-vanilla-ee-medium-medium-aws,1,ip-172-31-18-121,ranking,benchANT
2026-08-12 11:07:20+00:00,swap,total,0.0,dbms,08-2026,couchbase-802-vanilla-ee-medium-medium-aws,1,ip-172-31-18-121,ranking,benchANT
2026-08-12 11:07:30+00:00,swap,total,0.0,dbms,08-2026,couchbase-802-vanilla-ee-medium-medium-aws,1,ip-172-31-18-121,ranking,benchANT
2026-08-12 11:07:40+00:00,swap,total,0.0,dbms,08-2026,couchbase-802-vanilla-ee-medium-medium-aws,1,ip-172-31-18-121,ranking,benchANT
2026-08-12 11:07:50+00:00,swap,total,0.0,dbms,08-2026,couchbase-802-vanilla-ee-medium-medium-aws,1,ip-172-31-18-121,ranking,benchANT
2026-08-12 11:08:00+00:00,swap,total,0.0,dbms,08-2026,couchbase-802-vanilla-ee-medium-medium-aws,1,ip-172-31-18-121,ranking,benchANT
2026-08-12 11:08:10+00:00,swap,total,0.0,dbms,08-2026,couchbase-802-vanilla-ee-medium-medium-aws,1,ip-172-31-18-121,ranking,benchANT
2026-08-12 11:08:20+00:00,swap,total,0.0,dbms,08-2026,couchbase-802-vanilla-ee-medium-medium-aws,1,ip-172-31-18-121,ranking,benchANT
2026-08-12 11:08:30+00:00,swap,total,0.0,dbms,08-2026,couchbase-802-vanilla-ee-medium-medium-aws,1,ip-172-31-18-121,ranking,benchANT
2026-08-12 11:08:40+00:00,swap,total,0.0,dbms,08-2026,couchbase-802-vanilla-ee-medium-medium-aws,1,ip-172-31-18-121,ranking,benchANT
2026-08-12 11:08:50+00:00,swap,total,0.0,dbms,08-2026,couchbase-802-vanilla-ee-medium-medium-aws,1,ip-172-31-18-121,ranking,benchANT
2026-08-12 11:09:00+00:00,swap,total,0.0,dbms,08-2026,couchbase-802-vanilla-ee-medium-medium-aws,1,ip-172-31-18-121,ranking,benchANT
2026-08-12 11:09:10+00:00,swap,total,0.0,dbms,08-2026,couchbase-802-vanilla-ee-medium-medium-aws,1,ip-172-31-18-121,ranking,benchANT
2026-08-12 11:09:20+00:00,swap,total,0.0,dbms,08-2026,couchbase-802-vanilla-ee-medium-medium-aws,1,ip-172-31-18-121,ranking,benchANT
2026-08-12 11:09:30+00:00,swap,total,0.0,dbms,08-2026,couchbase-802-vanilla-ee-medium-medium-aws,1,ip-172-31-18-121,ranking,benchANT
2026-08-12 11:09:40+00:00,swap,total,0.0,dbms,08-2026,couchbase-802-vanilla-ee-medium-medium-aws,1,ip-172-31-18-121,ranking,benchANT
2026-08-12 11:09:50+00:00,swap,total,0.0,dbms,08-2026,couchbase-802-vanilla-ee-medium-medium-aws,1,ip-172-31-18-121,ranking,benchANT
2026-08-12 11:10:00+00:00,swap,total,0.0,dbms,08-2026,couchbase-802-vanilla-ee-medium-medium-aws,1,ip-172-31-18-121,ranking,benchANT
2026-08-12 11:10:10+00:00,swap,total,0.0,dbms,08-2026,couchbase-802-vanilla-ee-medium-medium-aws,1,ip-172-31-18-121,ranking,benchANT
2026-08-12 11:10:20+00:00,swap,total,0.0,dbms,08-2026,couchbase-802-vanilla-ee-medium-medium-aws,1,ip-172-31-18-121,ranking,benchANT
2026-08-12 11:10:30+00:00,swap,total,0.0,dbms,08-2026,couchbase-802-vanilla-ee-medium-medium-aws,1,ip-172-31-18-121,ranking,benchANT
2026-08-12 11:10:40+00:00,swap,total,0.0,dbms,08-2026,couchbase-802-vanilla-ee-medium-medium-aws,1,ip-172-31-18-121,ranking,benchANT
2026-08-12 11:10:50+00:00,swap,total,0.0,dbms,08-2026,couchbase-802-vanilla-ee-medium-medium-aws,1,ip-172-31-18-121,ranking,benchANT
2026-08-12 11:11:00+00:00,swap,total,0.0,dbms,08-2026,couchbase-802-vanilla-ee-medium-medium-aws,1,ip-172-31-18-121,ranking,benchANT
2026-08-12 11:11:10+00:00,swap,total,0.0,dbms,08-2026,couchbase-802-vanilla-ee-medium-medium-aws,1,ip-172-31-18-121,ranking,benchANT
2026-08-12 11:11:20+00:00,swap,total,0.0,dbms,08-2026,couchbase-802-vanilla-ee-medium-medium-aws,1,ip-172-31-18-121,ranking,benchANT
2026-08-12 11:11:30+00:00,swap,total,0.0,dbms,08-2026,couchbase-802-vanilla-ee-medium-medium-aws,1,ip-172-31-18-121,ranking,benchANT
2026-08-12 11:11:40+00:00,swap,total,0.0,dbms,08-2026,couchbase-802-vanilla-ee-medium-medium-aws,1,ip-172-31-18-121,ranking,benchANT
2026-08-12 11:11:50+00:00,swap,total,0.0,dbms,08-2026,couchbase-802-vanilla-ee-medium-medium-aws,1,ip-172-31-18-121,ranking,benchANT
2026-08-12 11:12:00+00:00,swap,total,0.0,dbms,08-2026,couchbase-802-vanilla-ee-medium-medium-aws,1,ip-172-31-18-121,ranking,benchANT
2026-08-12 11:12:10+00:00,swap,total,0.0,dbms,08-2026,couchbase-802-vanilla-ee-medium-medium-aws,1,ip-172-31-18-121,ranking,benchANT
2026-08-12 11:12:20+00:00,swap,total,0.0,dbms,08-2026,couchbase-802-vanilla-ee-medium-medium-aws,1,ip-172-31-18-121,ranking,benchANT
2026-08-12 11:12:30+00:00,swap,total,0.0,dbms,08-2026,couchbase-802-vanilla-ee-medium-medium-aws,1,ip-172-31-18-121,ranking,benchANT
2026-08-12 11:12:40+00:00,swap,total,0.0,dbms,08-2026,couchbase-802-vanilla-ee-medium-medium-aws,1,ip-172-31-18-121,ranking,benchANT
2026-08-12 11:12:50+00:00,swap,total,0.0,dbms,08-2026,couchbase-802-vanilla-ee-medium-medium-aws,1,ip-172-31-18-121,ranking,benchANT
2026-08-12 11:13:00+00:00,swap,total,0.0,dbms,08-2026,couchbase-802-vanilla-ee-medium-medium-aws,1,ip-172-31-18-121,ranking,benchANT
2026-08-12 11:13:10+00:00,swap,total,0.0,dbms,08-2026,couchbase-802-vanilla-ee-medium-medium-aws,1,ip-172-31-18-121,ranking,benchANT
2026-08-12 11:13:20+00:00,swap,total,0.0,dbms,08-2026,couchbase-802-vanilla-ee-medium-medium-aws,1,ip-172-31-18-121,ranking,benchANT
2026-08-12 11:13:30+00:00,swap,total,0.0,dbms,08-2026,couchbase-802-vanilla-ee-medium-medium-aws,1,ip-172-31-18-121,ranking,benchANT
2026-08-12 11:13:40+00:00,swap,total,0.0,dbms,08-2026,couchbase-802-vanilla-ee-medium-medium-aws,1,ip-172-31-18-121,ranking,benchANT
2026-08-12 11:13:50+00:00,swap,total,0.0,dbms,08-2026,couchbase-802-vanilla-ee-medium-medium-aws,1,ip-172-31-18-121,ranking,benchANT
2026-08-12 11:14:00+00:00,swap,total,0.0,dbms,08-2026,couchbase-802-vanilla-ee-medium-medium-aws,1,ip-172-31-18-121,ranking,benchANT
2026-08-12 11:14:10+00:00,swap,total,0.0,dbms,08-2026,couchbase-802-vanilla-ee-medium-medium-aws,1,ip-172-31-18-121,ranking,benchANT
2026-08-12 11:14:20+00:00,swap,total,0.0,dbms,08-2026,couchbase-802-vanilla-ee-medium-medium-aws,1,ip-172-31-18-121,ranking,benchANT
2026-08-12 11:14:30+00:00,swap,total,0.0,dbms,08-2026,couchbase-802-vanilla-ee-medium-medium-aws,1,ip-172-31-18-121,ranking,benchANT
2026-08-12 11:14:40+00:00,swap,total,0.0,dbms,08-2026,couchbase-802-vanilla-ee-medium-medium-aws,1,ip-172-31-18-121,ranking,benchANT
2026-08-12 11:14:50+00:00,swap,total,0.0,dbms,08-2026,couchbase-802-vanilla-ee-medium-medium-aws,1,ip-172-31-18-121,ranking,benchANT
2026-08-12 11:15:00+00:00,swap,total,0.0,dbms,08-2026,couchbase-802-vanilla-ee-medium-medium-aws,1,ip-172-31-18-121,ranking,benchANT
2026-08-12 11:15:10+00:00,swap,total,0.0,dbms,08-2026,couchbase-802-vanilla-ee-medium-medium-aws,1,ip-172-31-18-121,ranking,benchANT
2026-08-12 11:15:20+00:00,swap,total,0.0,dbms,08-2026,couchbase-802-vanilla-ee-medium-medium-aws,1,ip-172-31-18-121,ranking,benchANT
2026-08-12 11:15:30+00:00,swap,total,0.0,dbms,08-2026,couchbase-802-vanilla-ee-medium-medium-aws,1,ip-172-31-18-121,ranking,benchANT
2026-08-12 11:15:40+00:00,swap,total,0.0,dbms,08-2026,couchbase-802-vanilla-ee-medium-medium-aws,1,ip-172-31-18-121,ranking,benchANT
2026-08-12 11:15:50+00:00,swap,total,0.0,dbms,08-2026,couchbase-802-vanilla-ee-medium-medium-aws,1,ip-172-31-18-121,ranking,benchANT
2026-08-12 11:03:30+00:00,swap,used,0.0,dbms,08-2026,couchbase-802-vanilla-ee-medium-medium-aws,1,ip-172-31-18-121,ranking,benchANT
2026-08-12 11:03:40+00:00,swap,used,0.0,dbms,08-2026,couchbase-802-vanilla-ee-medium-medium-aws,1,ip-172-31-18-121,ranking,benchANT
2026-08-12 11:03:50+00:00,swap,used,0.0,dbms,08-2026,couchbase-802-vanilla-ee-medium-medium-aws,1,ip-172-31-18-121,ranking,benchANT
2026-08-12 11:04:00+00:00,swap,used,0.0,dbms,08-2026,couchbase-802-vanilla-ee-medium-medium-aws,1,ip-172-31-18-121,ranking,benchANT
2026-08-12 11:04:10+00:00,swap,used,0.0,dbms,08-2026,couchbase-802-vanilla-ee-medium-medium-aws,1,ip-172-31-18-121,ranking,benchANT
2026-08-12 11:04:20+00:00,swap,used,0.0,dbms,08-2026,couchbase-802-vanilla-ee-medium-medium-aws,1,ip-172-31-18-121,ranking,benchANT
2026-08-12 11:04:30+00:00,swap,used,0.0,dbms,08-2026,couchbase-802-vanilla-ee-medium-medium-aws,1,ip-172-31-18-121,ranking,benchANT
2026-08-12 11:04:40+00:00,swap,used,0.0,dbms,08-2026,couchbase-802-vanilla-ee-medium-medium-aws,1,ip-172-31-18-121,ranking,benchANT
2026-08-12 11:04:50+00:00,swap,used,0.0,dbms,08-2026,couchbase-802-vanilla-ee-medium-medium-aws,1,ip-172-31-18-121,ranking,benchANT
2026-08-12 11:05:00+00:00,swap,used,0.0,dbms,08-2026,couchbase-802-vanilla-ee-medium-medium-aws,1,ip-172-31-18-121,ranking,benchANT
2026-08-12 11:05:10+00:00,swap,used,0.0,dbms,08-2026,couchbase-802-vanilla-ee-medium-medium-aws,1,ip-172-31-18-121,ranking,benchANT
2026-08-12 11:05:20+00:00,swap,used,0.0,dbms,08-2026,couchbase-802-vanilla-ee-medium-medium-aws,1,ip-172-31-18-121,ranking,benchANT
2026-08-12 11:05:30+00:00,swap,used,0.0,dbms,08-2026,couchbase-802-vanilla-ee-medium-medium-aws,1,ip-172-31-18-121,ranking,benchANT
2026-08-12 11:05:40+00:00,swap,used,0.0,dbms,08-2026,couchbase-802-vanilla-ee-medium-medium-aws,1,ip-172-31-18-121,ranking,benchANT
2026-08-12 11:05:50+00:00,swap,used,0.0,dbms,08-2026,couchbase-802-vanilla-ee-medium-medium-aws,1,ip-172-31-18-121,ranking,benchANT
2026-08-12 11:06:00+00:00,swap,used,0.0,dbms,08-2026,couchbase-802-vanilla-ee-medium-medium-aws,1,ip-172-31-18-121,ranking,benchANT
2026-08-12 11:06:10+00:00,swap,used,0.0,dbms,08-2026,couchbase-802-vanilla-ee-medium-medium-aws,1,ip-172-31-18-121,ranking,benchANT
2026-08-12 11:06:20+00:00,swap,used,0.0,dbms,08-2026,couchbase-802-vanilla-ee-medium-medium-aws,1,ip-172-31-18-121,ranking,benchANT
2026-08-12 11:06:30+00:00,swap,used,0.0,dbms,08-2026,couchbase-802-vanilla-ee-medium-medium-aws,1,ip-172-31-18-121,ranking,benchANT
2026-08-12 11:06:40+00:00,swap,used,0.0,dbms,08-2026,couchbase-802-vanilla-ee-medium-medium-aws,1,ip-172-31-18-121,ranking,benchANT
2026-08-12 11:06:50+00:00,swap,used,0.0,dbms,08-2026,couchbase-802-vanilla-ee-medium-medium-aws,1,ip-172-31-18-121,ranking,benchANT
2026-08-12 11:07:00+00:00,swap,used,0.0,dbms,08-2026,couchbase-802-vanilla-ee-medium-medium-aws,1,ip-172-31-18-121,ranking,benchANT
2026-08-12 11:07:10+00:00,swap,used,0.0,dbms,08-2026,couchbase-802-vanilla-ee-medium-medium-aws,1,ip-172-31-18-121,ranking,benchANT
2026-08-12 11:07:20+00:00,swap,used,0.0,dbms,08-2026,couchbase-802-vanilla-ee-medium-medium-aws,1,ip-172-31-18-121,ranking,benchANT
2026-08-12 11:07:30+00:00,swap,used,0.0,dbms,08-2026,couchbase-802-vanilla-ee-medium-medium-aws,1,ip-172-31-18-121,ranking,benchANT
2026-08-12 11:07:40+00:00,swap,used,0.0,dbms,08-2026,couchbase-802-vanilla-ee-medium-medium-aws,1,ip-172-31-18-121,ranking,benchANT
2026-08-12 11:07:50+00:00,swap,used,0.0,dbms,08-2026,couchbase-802-vanilla-ee-medium-medium-aws,1,ip-172-31-18-121,ranking,benchANT
2026-08-12 11:08:00+00:00,swap,used,0.0,dbms,08-2026,couchbase-802-vanilla-ee-medium-medium-aws,1,ip-172-31-18-121,ranking,benchANT
2026-08-12 11:08:10+00:00,swap,used,0.0,dbms,08-2026,couchbase-802-vanilla-ee-medium-medium-aws,1,ip-172-31-18-121,ranking,benchANT
2026-08-12 11:08:20+00:00,swap,used,0.0,dbms,08-2026,couchbase-802-vanilla-ee-medium-medium-aws,1,ip-172-31-18-121,ranking,benchANT
2026-08-12 11:08:30+00:00,swap,used,0.0,dbms,08-2026,couchbase-802-vanilla-ee-medium-medium-aws,1,ip-172-31-18-121,ranking,benchANT
2026-08-12 11:08:40+00:00,swap,used,0.0,dbms,08-2026,couchbase-802-vanilla-ee-medium-medium-aws,1,ip-172-31-18-121,ranking,benchANT
2026-08-12 11:08:50+00:00,swap,used,0.0,dbms,08-2026,couchbase-802-vanilla-ee-medium-medium-aws,1,ip-172-31-18-121,ranking,benchANT
2026-08-12 11:09:00+00:00,swap,used,0.0,dbms,08-2026,couchbase-802-vanilla-ee-medium-medium-aws,1,ip-172-31-18-121,ranking,benchANT
2026-08-12 11:09:10+00:00,swap,used,0.0,dbms,08-2026,couchbase-802-vanilla-ee-medium-medium-aws,1,ip-172-31-18-121,ranking,benchANT
2026-08-12 11:09:20+00:00,swap,used,0.0,dbms,08-2026,couchbase-802-vanilla-ee-medium-medium-aws,1,ip-172-31-18-121,ranking,benchANT
2026-08-12 11:09:30+00:00,swap,used,0.0,dbms,08-2026,couchbase-802-vanilla-ee-medium-medium-aws,1,ip-172-31-18-121,ranking,benchANT
2026-08-12 11:09:40+00:00,swap,used,0.0,dbms,08-2026,couchbase-802-vanilla-ee-medium-medium-aws,1,ip-172-31-18-121,ranking,benchANT
2026-08-12 11:09:50+00:00,swap,used,0.0,dbms,08-2026,couchbase-802-vanilla-ee-medium-medium-aws,1,ip-172-31-18-121,ranking,benchANT
2026-08-12 11:10:00+00:00,swap,used,0.0,dbms,08-2026,couchbase-802-vanilla-ee-medium-medium-aws,1,ip-172-31-18-121,ranking,benchANT
2026-08-12 11:10:10+00:00,swap,used,0.0,dbms,08-2026,couchbase-802-vanilla-ee-medium-medium-aws,1,ip-172-31-18-121,ranking,benchANT
2026-08-12 11:10:20+00:00,swap,used,0.0,dbms,08-2026,couchbase-802-vanilla-ee-medium-medium-aws,1,ip-172-31-18-121,ranking,benchANT
2026-08-12 11:10:30+00:00,swap,used,0.0,dbms,08-2026,couchbase-802-vanilla-ee-medium-medium-aws,1,ip-172-31-18-121,ranking,benchANT
2026-08-12 11:10:40+00:00,swap,used,0.0,dbms,08-2026,couchbase-802-vanilla-ee-medium-medium-aws,1,ip-172-31-18-121,ranking,benchANT
2026-08-12 11:10:50+00:00,swap,used,0.0,dbms,08-2026,couchbase-802-vanilla-ee-medium-medium-aws,1,ip-172-31-18-121,ranking,benchANT
2026-08-12 11:11:00+00:00,swap,used,0.0,dbms,08-2026,couchbase-802-vanilla-ee-medium-medium-aws,1,ip-172-31-18-121,ranking,benchANT
2026-08-12 11:11:10+00:00,swap,used,0.0,dbms,08-2026,couchbase-802-vanilla-ee-medium-medium-aws,1,ip-172-31-18-121,ranking,benchANT
2026-08-12 11:11:20+00:00,swap,used,0.0,dbms,08-2026,couchbase-802-vanilla-ee-medium-medium-aws,1,ip-172-31-18-121,ranking,benchANT
2026-08-12 11:11:30+00:00,swap,used,0.0,dbms,08-2026,couchbase-802-vanilla-ee-medium-medium-aws,1,ip-172-31-18-121,ranking,benchANT
2026-08-12 11:11:40+00:00,swap,used,0.0,dbms,08-2026,couchbase-802-vanilla-ee-medium-medium-aws,1,ip-172-31-18-121,ranking,benchANT
2026-08-12 11:11:50+00:00,swap,used,0.0,dbms,08-2026,couchbase-802-vanilla-ee-medium-medium-aws,1,ip-172-31-18-121,ranking,benchANT
2026-08-12 11:12:00+00:00,swap,used,0.0,dbms,08-2026,couchbase-802-vanilla-ee-medium-medium-aws,1,ip-172-31-18-121,ranking,benchANT
2026-08-12 11:12:10+00:00,swap,used,0.0,dbms,08-2026,couchbase-802-vanilla-ee-medium-medium-aws,1,ip-172-31-18-121,ranking,benchANT
2026-08-12 11:12:20+00:00,swap,used,0.0,dbms,08-2026,couchbase-802-vanilla-ee-medium-medium-aws,1,ip-172-31-18-121,ranking,benchANT
2026-08-12 11:12:30+00:00,swap,used,0.0,dbms,08-2026,couchbase-802-vanilla-ee-medium-medium-aws,1,ip-172-31-18-121,ranking,benchANT
2026-08-12 11:12:40+00:00,swap,used,0.0,dbms,08-2026,couchbase-802-vanilla-ee-medium-medium-aws,1,ip-172-31-18-121,ranking,benchANT
2026-08-12 11:12:50+00:00,swap,used,0.0,dbms,08-2026,couchbase-802-vanilla-ee-medium-medium-aws,1,ip-172-31-18-121,ranking,benchANT
2026-08-12 11:13:00+00:00,swap,used,0.0,dbms,08-2026,couchbase-802-vanilla-ee-medium-medium-aws,1,ip-172-31-18-121,ranking,benchANT
2026-08-12 11:13:10+00:00,swap,used,0.0,dbms,08-2026,couchbase-802-vanilla-ee-medium-medium-aws,1,ip-172-31-18-121,ranking,benchANT
2026-08-12 11:13:20+00:00,swap,used,0.0,dbms,08-2026,couchbase-802-vanilla-ee-medium-medium-aws,1,ip-172-31-18-121,ranking,benchANT
2026-08-12 11:13:30+00:00,swap,used,0.0,dbms,08-2026,couchbase-802-vanilla-ee-medium-medium-aws,1,ip-172-31-18-121,ranking,benchANT
2026-08-12 11:13:40+00:00,swap,used,0.0,dbms,08-2026,couchbase-802-vanilla-ee-medium-medium-aws,1,ip-172-31-18-121,ranking,benchANT
2026-08-12 11:13:50+00:00,swap,used,0.0,dbms,08-2026,couchbase-802-vanilla-ee-medium-medium-aws,1,ip-172-31-18-121,ranking,benchANT
2026-08-12 11:14:00+00:00,swap,used,0.0,dbms,08-2026,couchbase-802-vanilla-ee-medium-medium-aws,1,ip-172-31-18-121,ranking,benchANT
2026-08-12 11:14:10+00:00,swap,used,0.0,dbms,08-2026,couchbase-802-vanilla-ee-medium-medium-aws,1,ip-172-31-18-121,ranking,benchANT
2026-08-12 11:14:20+00:00,swap,used,0.0,dbms,08-2026,couchbase-802-vanilla-ee-medium-medium-aws,1,ip-172-31-18-121,ranking,benchANT
2026-08-12 11:14:30+00:00,swap,used,0.0,dbms,08-2026,couchbase-802-vanilla-ee-medium-medium-aws,1,ip-172-31-18-121,ranking,benchANT
2026-08-12 11:14:40+00:00,swap,used,0.0,dbms,08-2026,couchbase-802-vanilla-ee-medium-medium-aws,1,ip-172-31-18-121,ranking,benchANT
2026-08-12 11:14:50+00:00,swap,used,0.0,dbms,08-2026,couchbase-802-vanilla-ee-medium-medium-aws,1,ip-172-31-18-121,ranking,benchANT
2026-08-12 11:15:00+00:00,swap,used,0.0,dbms,08-2026,couchbase-802-vanilla-ee-medium-medium-aws,1,ip-172-31-18-121,ranking,benchANT
2026-08-12 11:15:10+00:00,swap,used,0.0,dbms,08-2026,couchbase-802-vanilla-ee-medium-medium-aws,1,ip-172-31-18-121,ranking,benchANT
2026-08-12 11:15:20+00:00,swap,used,0.0,dbms,08-2026,couchbase-802-vanilla-ee-medium-medium-aws,1,ip-172-31-18-121,ranking,benchANT
2026-08-12 11:15:30+00:00,swap,used,0.0,dbms,08-2026,couchbase-802-vanilla-ee-medium-medium-aws,1,ip-172-31-18-121,ranking,benchANT
2026-08-12 11:15:40+00:00,swap,used,0.0,dbms,08-2026,couchbase-802-vanilla-ee-medium-medium-aws,1,ip-172-31-18-121,ranking,benchANT
2026-08-12 11:15:50+00:00,swap,used,0.0,dbms,08-2026,couchbase-802-vanilla-ee-medium-medium-aws,1,ip-172-31-18-121,ranking,benchANT
2026-08-12 11:03:30+00:00,swap,used_percent,0.0,dbms,08-2026,couchbase-802-vanilla-ee-medium-medium-aws,1,ip-172-31-18-121,ranking,benchANT
2026-08-12 11:03:40+00:00,swap,used_percent,0.0,dbms,08-2026,couchbase-802-vanilla-ee-medium-medium-aws,1,ip-172-31-18-121,ranking,benchANT
2026-08-12 11:03:50+00:00,swap,used_percent,0.0,dbms,08-2026,couchbase-802-vanilla-ee-medium-medium-aws,1,ip-172-31-18-121,ranking,benchANT
2026-08-12 11:04:00+00:00,swap,used_percent,0.0,dbms,08-2026,couchbase-802-vanilla-ee-medium-medium-aws,1,ip-172-31-18-121,ranking,benchANT
2026-08-12 11:04:10+00:00,swap,used_percent,0.0,dbms,08-2026,couchbase-802-vanilla-ee-medium-medium-aws,1,ip-172-31-18-121,ranking,benchANT
2026-08-12 11:04:20+00:00,swap,used_percent,0.0,dbms,08-2026,couchbase-802-vanilla-ee-medium-medium-aws,1,ip-172-31-18-121,ranking,benchANT
2026-08-12 11:04:30+00:00,swap,used_percent,0.0,dbms,08-2026,couchbase-802-vanilla-ee-medium-medium-aws,1,ip-172-31-18-121,ranking,benchANT
2026-08-12 11:04:40+00:00,swap,used_percent,0.0,dbms,08-2026,couchbase-802-vanilla-ee-medium-medium-aws,1,ip-172-31-18-121,ranking,benchANT
2026-08-12 11:04:50+00:00,swap,used_percent,0.0,dbms,08-2026,couchbase-802-vanilla-ee-medium-medium-aws,1,ip-172-31-18-121,ranking,benchANT
2026-08-12 11:05:00+00:00,swap,used_percent,0.0,dbms,08-2026,couchbase-802-vanilla-ee-medium-medium-aws,1,ip-172-31-18-121,ranking,benchANT
2026-08-12 11:05:10+00:00,swap,used_percent,0.0,dbms,08-2026,couchbase-802-vanilla-ee-medium-medium-aws,1,ip-172-31-18-121,ranking,benchANT
2026-08-12 11:05:20+00:00,swap,used_percent,0.0,dbms,08-2026,couchbase-802-vanilla-ee-medium-medium-aws,1,ip-172-31-18-121,ranking,benchANT
2026-08-12 11:05:30+00:00,swap,used_percent,0.0,dbms,08-2026,couchbase-802-vanilla-ee-medium-medium-aws,1,ip-172-31-18-121,ranking,benchANT
2026-08-12 11:05:40+00:00,swap,used_percent,0.0,dbms,08-2026,couchbase-802-vanilla-ee-medium-medium-aws,1,ip-172-31-18-121,ranking,benchANT
2026-08-12 11:05:50+00:00,swap,used_percent,0.0,dbms,08-2026,couchbase-802-vanilla-ee-medium-medium-aws,1,ip-172-31-18-121,ranking,benchANT
2026-08-12 11:06:00+00:00,swap,used_percent,0.0,dbms,08-2026,couchbase-802-vanilla-ee-medium-medium-aws,1,ip-172-31-18-121,ranking,benchANT
2026-08-12 11:06:10+00:00,swap,used_percent,0.0,dbms,08-2026,couchbase-802-vanilla-ee-medium-medium-aws,1,ip-172-31-18-121,ranking,benchANT
2026-08-12 11:06:20+00:00,swap,used_percent,0.0,dbms,08-2026,couchbase-802-vanilla-ee-medium-medium-aws,1,ip-172-31-18-121,ranking,benchANT
2026-08-12 11:06:30+00:00,swap,used_percent,0.0,dbms,08-2026,couchbase-802-vanilla-ee-medium-medium-aws,1,ip-172-31-18-121,ranking,benchANT
2026-08-12 11:06:40+00:00,swap,used_percent,0.0,dbms,08-2026,couchbase-802-vanilla-ee-medium-medium-aws,1,ip-172-31-18-121,ranking,benchANT
2026-08-12 11:06:50+00:00,swap,used_percent,0.0,dbms,08-2026,couchbase-802-vanilla-ee-medium-medium-aws,1,ip-172-31-18-121,ranking,benchANT
2026-08-12 11:07:00+00:00,swap,used_percent,0.0,dbms,08-2026,couchbase-802-vanilla-ee-medium-medium-aws,1,ip-172-31-18-121,ranking,benchANT
2026-08-12 11:07:10+00:00,swap,used_percent,0.0,dbms,08-2026,couchbase-802-vanilla-ee-medium-medium-aws,1,ip-172-31-18-121,ranking,benchANT
2026-08-12 11:07:20+00:00,swap,used_percent,0.0,dbms,08-2026,couchbase-802-vanilla-ee-medium-medium-aws,1,ip-172-31-18-121,ranking,benchANT
2026-08-12 11:07:30+00:00,swap,used_percent,0.0,dbms,08-2026,couchbase-802-vanilla-ee-medium-medium-aws,1,ip-172-31-18-121,ranking,benchANT
2026-08-12 11:07:40+00:00,swap,used_percent,0.0,dbms,08-2026,couchbase-802-vanilla-ee-medium-medium-aws,1,ip-172-31-18-121,ranking,benchANT
2026-08-12 11:07:50+00:00,swap,used_percent,0.0,dbms,08-2026,couchbase-802-vanilla-ee-medium-medium-aws,1,ip-172-31-18-121,ranking,benchANT
2026-08-12 11:08:00+00:00,swap,used_percent,0.0,dbms,08-2026,couchbase-802-vanilla-ee-medium-medium-aws,1,ip-172-31-18-121,ranking,benchANT
2026-08-12 11:08:10+00:00,swap,used_percent,0.0,dbms,08-2026,couchbase-802-vanilla-ee-medium-medium-aws,1,ip-172-31-18-121,ranking,benchANT
2026-08-12 11:08:20+00:00,swap,used_percent,0.0,dbms,08-2026,couchbase-802-vanilla-ee-medium-medium-aws,1,ip-172-31-18-121,ranking,benchANT
2026-08-12 11:08:30+00:00,swap,used_percent,0.0,dbms,08-2026,couchbase-802-vanilla-ee-medium-medium-aws,1,ip-172-31-18-121,ranking,benchANT
2026-08-12 11:08:40+00:00,swap,used_percent,0.0,dbms,08-2026,couchbase-802-vanilla-ee-medium-medium-aws,1,ip-172-31-18-121,ranking,benchANT
2026-08-12 11:08:50+00:00,swap,used_percent,0.0,dbms,08-2026,couchbase-802-vanilla-ee-medium-medium-aws,1,ip-172-31-18-121,ranking,benchANT
2026-08-12 11:09:00+00:00,swap,used_percent,0.0,dbms,08-2026,couchbase-802-vanilla-ee-medium-medium-aws,1,ip-172-31-18-121,ranking,benchANT
2026-08-12 11:09:10+00:00,swap,used_percent,0.0,dbms,08-2026,couchbase-802-vanilla-ee-medium-medium-aws,1,ip-172-31-18-121,ranking,benchANT
2026-08-12 11:09:20+00:00,swap,used_percent,0.0,dbms,08-2026,couchbase-802-vanilla-ee-medium-medium-aws,1,ip-172-31-18-121,ranking,benchANT
2026-08-12 11:09:30+00:00,swap,used_percent,0.0,dbms,08-2026,couchbase-802-vanilla-ee-medium-medium-aws,1,ip-172-31-18-121,ranking,benchANT
2026-08-12 11:09:40+00:00,swap,used_percent,0.0,dbms,08-2026,couchbase-802-vanilla-ee-medium-medium-aws,1,ip-172-31-18-121,ranking,benchANT
2026-08-12 11:09:50+00:00,swap,used_percent,0.0,dbms,08-2026,couchbase-802-vanilla-ee-medium-medium-aws,1,ip-172-31-18-121,ranking,benchANT
2026-08-12 11:10:00+00:00,swap,used_percent,0.0,dbms,08-2026,couchbase-802-vanilla-ee-medium-medium-aws,1,ip-172-31-18-121,ranking,benchANT
2026-08-12 11:10:10+00:00,swap,used_percent,0.0,dbms,08-2026,couchbase-802-vanilla-ee-medium-medium-aws,1,ip-172-31-18-121,ranking,benchANT
2026-08-12 11:10:20+00:00,swap,used_percent,0.0,dbms,08-2026,couchbase-802-vanilla-ee-medium-medium-aws,1,ip-172-31-18-121,ranking,benchANT
2026-08-12 11:10:30+00:00,swap,used_percent,0.0,dbms,08-2026,couchbase-802-vanilla-ee-medium-medium-aws,1,ip-172-31-18-121,ranking,benchANT
2026-08-12 11:10:40+00:00,swap,used_percent,0.0,dbms,08-2026,couchbase-802-vanilla-ee-medium-medium-aws,1,ip-172-31-18-121,ranking,benchANT
2026-08-12 11:10:50+00:00,swap,used_percent,0.0,dbms,08-2026,couchbase-802-vanilla-ee-medium-medium-aws,1,ip-172-31-18-121,ranking,benchANT
2026-08-12 11:11:00+00:00,swap,used_percent,0.0,dbms,08-2026,couchbase-802-vanilla-ee-medium-medium-aws,1,ip-172-31-18-121,ranking,benchANT
2026-08-12 11:11:10+00:00,swap,used_percent,0.0,dbms,08-2026,couchbase-802-vanilla-ee-medium-medium-aws,1,ip-172-31-18-121,ranking,benchANT
2026-08-12 11:11:20+00:00,swap,used_percent,0.0,dbms,08-2026,couchbase-802-vanilla-ee-medium-medium-aws,1,ip-172-31-18-121,ranking,benchANT
2026-08-12 11:11:30+00:00,swap,used_percent,0.0,dbms,08-2026,couchbase-802-vanilla-ee-medium-medium-aws,1,ip-172-31-18-121,ranking,benchANT
2026-08-12 11:11:40+00:00,swap,used_percent,0.0,dbms,08-2026,couchbase-802-vanilla-ee-medium-medium-aws,1,ip-172-31-18-121,ranking,benchANT
2026-08-12 11:11:50+00:00,swap,used_percent,0.0,dbms,08-2026,couchbase-802-vanilla-ee-medium-medium-aws,1,ip-172-31-18-121,ranking,benchANT
2026-08-12 11:12:00+00:00,swap,used_percent,0.0,dbms,08-2026,couchbase-802-vanilla-ee-medium-medium-aws,1,ip-172-31-18-121,ranking,benchANT
2026-08-12 11:12:10+00:00,swap,used_percent,0.0,dbms,08-2026,couchbase-802-vanilla-ee-medium-medium-aws,1,ip-172-31-18-121,ranking,benchANT
2026-08-12 11:12:20+00:00,swap,used_percent,0.0,dbms,08-2026,couchbase-802-vanilla-ee-medium-medium-aws,1,ip-172-31-18-121,ranking,benchANT
2026-08-12 11:12:30+00:00,swap,used_percent,0.0,dbms,08-2026,couchbase-802-vanilla-ee-medium-medium-aws,1,ip-172-31-18-121,ranking,benchANT
2026-08-12 11:12:40+00:00,swap,used_percent,0.0,dbms,08-2026,couchbase-802-vanilla-ee-medium-medium-aws,1,ip-172-31-18-121,ranking,benchANT
2026-08-12 11:12:50+00:00,swap,used_percent,0.0,dbms,08-2026,couchbase-802-vanilla-ee-medium-medium-aws,1,ip-172-31-18-121,ranking,benchANT
2026-08-12 11:13:00+00:00,swap,used_percent,0.0,dbms,08-2026,couchbase-802-vanilla-ee-medium-medium-aws,1,ip-172-31-18-121,ranking,benchANT
2026-08-12 11:13:10+00:00,swap,used_percent,0.0,dbms,08-2026,couchbase-802-vanilla-ee-medium-medium-aws,1,ip-172-31-18-121,ranking,benchANT
2026-08-12 11:13:20+00:00,swap,used_percent,0.0,dbms,08-2026,couchbase-802-vanilla-ee-medium-medium-aws,1,ip-172-31-18-121,ranking,benchANT
2026-08-12 11:13:30+00:00,swap,used_percent,0.0,dbms,08-2026,couchbase-802-vanilla-ee-medium-medium-aws,1,ip-172-31-18-121,ranking,benchANT
2026-08-12 11:13:40+00:00,swap,used_percent,0.0,dbms,08-2026,couchbase-802-vanilla-ee-medium-medium-aws,1,ip-172-31-18-121,ranking,benchANT
2026-08-12 11:13:50+00:00,swap,used_percent,0.0,dbms,08-2026,couchbase-802-vanilla-ee-medium-medium-aws,1,ip-172-31-18-121,ranking,benchANT
2026-08-12 11:14:00+00:00,swap,used_percent,0.0,dbms,08-2026,couchbase-802-vanilla-ee-medium-medium-aws,1,ip-172-31-18-121,ranking,benchANT
2026-08-12 11:14:10+00:00,swap,used_percent,0.0,dbms,08-2026,couchbase-802-vanilla-ee-medium-medium-aws,1,ip-172-31-18-121,ranking,benchANT
2026-08-12 11:14:20+00:00,swap,used_percent,0.0,dbms,08-2026,couchbase-802-vanilla-ee-medium-medium-aws,1,ip-172-31-18-121,ranking,benchANT
2026-08-12 11:14:30+00:00,swap,used_percent,0.0,dbms,08-2026,couchbase-802-vanilla-ee-medium-medium-aws,1,ip-172-31-18-121,ranking,benchANT
2026-08-12 11:14:40+00:00,swap,used_percent,0.0,dbms,08-2026,couchbase-802-vanilla-ee-medium-medium-aws,1,ip-172-31-18-121,ranking,benchANT
2026-08-12 11:14:50+00:00,swap,used_percent,0.0,dbms,08-2026,couchbase-802-vanilla-ee-medium-medium-aws,1,ip-172-31-18-121,ranking,benchANT
2026-08-12 11:15:00+00:00,swap,used_percent,0.0,dbms,08-2026,couchbase-802-vanilla-ee-medium-medium-aws,1,ip-172-31-18-121,ranking,benchANT
2026-08-12 11:15:10+00:00,swap,used_percent,0.0,dbms,08-2026,couchbase-802-vanilla-ee-medium-medium-aws,1,ip-172-31-18-121,ranking,benchANT
2026-08-12 11:15:20+00:00,swap,used_percent,0.0,dbms,08-2026,couchbase-802-vanilla-ee-medium-medium-aws,1,ip-172-31-18-121,ranking,benchANT
2026-08-12 11:15:30+00:00,swap,used_percent,0.0,dbms,08-2026,couchbase-802-vanilla-ee-medium-medium-aws,1,ip-172-31-18-121,ranking,benchANT
2026-08-12 11:15:40+00:00,swap,used_percent,0.0,dbms,08-2026,couchbase-802-vanilla-ee-medium-medium-aws,1,ip-172-31-18-121,ranking,benchANT
2026-08-12 11:15:50+00:00,swap,used_percent,0.0,dbms,08-2026,couchbase-802-vanilla-ee-medium-medium-aws,1,ip-172-31-18-121,ranking,benchANT
2026-08-12 11:03:30+00:00,swap,free,0.0,dbms,08-2026,couchbase-802-vanilla-ee-medium-medium-aws,1,ip-172-31-28-138,ranking,benchANT
2026-08-12 11:03:40+00:00,swap,free,0.0,dbms,08-2026,couchbase-802-vanilla-ee-medium-medium-aws,1,ip-172-31-28-138,ranking,benchANT
2026-08-12 11:03:50+00:00,swap,free,0.0,dbms,08-2026,couchbase-802-vanilla-ee-medium-medium-aws,1,ip-172-31-28-138,ranking,benchANT
2026-08-12 11:04:00+00:00,swap,free,0.0,dbms,08-2026,couchbase-802-vanilla-ee-medium-medium-aws,1,ip-172-31-28-138,ranking,benchANT
2026-08-12 11:04:10+00:00,swap,free,0.0,dbms,08-2026,couchbase-802-vanilla-ee-medium-medium-aws,1,ip-172-31-28-138,ranking,benchANT
2026-08-12 11:04:20+00:00,swap,free,0.0,dbms,08-2026,couchbase-802-vanilla-ee-medium-medium-aws,1,ip-172-31-28-138,ranking,benchANT
2026-08-12 11:04:30+00:00,swap,free,0.0,dbms,08-2026,couchbase-802-vanilla-ee-medium-medium-aws,1,ip-172-31-28-138,ranking,benchANT
2026-08-12 11:04:40+00:00,swap,free,0.0,dbms,08-2026,couchbase-802-vanilla-ee-medium-medium-aws,1,ip-172-31-28-138,ranking,benchANT
2026-08-12 11:04:50+00:00,swap,free,0.0,dbms,08-2026,couchbase-802-vanilla-ee-medium-medium-aws,1,ip-172-31-28-138,ranking,benchANT
2026-08-12 11:05:00+00:00,swap,free,0.0,dbms,08-2026,couchbase-802-vanilla-ee-medium-medium-aws,1,ip-172-31-28-138,ranking,benchANT
2026-08-12 11:05:10+00:00,swap,free,0.0,dbms,08-2026,couchbase-802-vanilla-ee-medium-medium-aws,1,ip-172-31-28-138,ranking,benchANT
2026-08-12 11:05:20+00:00,swap,free,0.0,dbms,08-2026,couchbase-802-vanilla-ee-medium-medium-aws,1,ip-172-31-28-138,ranking,benchANT
2026-08-12 11:05:30+00:00,swap,free,0.0,dbms,08-2026,couchbase-802-vanilla-ee-medium-medium-aws,1,ip-172-31-28-138,ranking,benchANT
2026-08-12 11:05:40+00:00,swap,free,0.0,dbms,08-2026,couchbase-802-vanilla-ee-medium-medium-aws,1,ip-172-31-28-138,ranking,benchANT
2026-08-12 11:05:50+00:00,swap,free,0.0,dbms,08-2026,couchbase-802-vanilla-ee-medium-medium-aws,1,ip-172-31-28-138,ranking,benchANT
2026-08-12 11:06:00+00:00,swap,free,0.0,dbms,08-2026,couchbase-802-vanilla-ee-medium-medium-aws,1,ip-172-31-28-138,ranking,benchANT
2026-08-12 11:06:10+00:00,swap,free,0.0,dbms,08-2026,couchbase-802-vanilla-ee-medium-medium-aws,1,ip-172-31-28-138,ranking,benchANT
2026-08-12 11:06:20+00:00,swap,free,0.0,dbms,08-2026,couchbase-802-vanilla-ee-medium-medium-aws,1,ip-172-31-28-138,ranking,benchANT
2026-08-12 11:06:30+00:00,swap,free,0.0,dbms,08-2026,couchbase-802-vanilla-ee-medium-medium-aws,1,ip-172-31-28-138,ranking,benchANT
2026-08-12 11:06:40+00:00,swap,free,0.0,dbms,08-2026,couchbase-802-vanilla-ee-medium-medium-aws,1,ip-172-31-28-138,ranking,benchANT
2026-08-12 11:06:50+00:00,swap,free,0.0,dbms,08-2026,couchbase-802-vanilla-ee-medium-medium-aws,1,ip-172-31-28-138,ranking,benchANT
2026-08-12 11:07:00+00:00,swap,free,0.0,dbms,08-2026,couchbase-802-vanilla-ee-medium-medium-aws,1,ip-172-31-28-138,ranking,benchANT
2026-08-12 11:07:10+00:00,swap,free,0.0,dbms,08-2026,couchbase-802-vanilla-ee-medium-medium-aws,1,ip-172-31-28-138,ranking,benchANT
2026-08-12 11:07:20+00:00,swap,free,0.0,dbms,08-2026,couchbase-802-vanilla-ee-medium-medium-aws,1,ip-172-31-28-138,ranking,benchANT
2026-08-12 11:07:30+00:00,swap,free,0.0,dbms,08-2026,couchbase-802-vanilla-ee-medium-medium-aws,1,ip-172-31-28-138,ranking,benchANT
2026-08-12 11:07:40+00:00,swap,free,0.0,dbms,08-2026,couchbase-802-vanilla-ee-medium-medium-aws,1,ip-172-31-28-138,ranking,benchANT
2026-08-12 11:07:50+00:00,swap,free,0.0,dbms,08-2026,couchbase-802-vanilla-ee-medium-medium-aws,1,ip-172-31-28-138,ranking,benchANT
2026-08-12 11:08:00+00:00,swap,free,0.0,dbms,08-2026,couchbase-802-vanilla-ee-medium-medium-aws,1,ip-172-31-28-138,ranking,benchANT
2026-08-12 11:08:10+00:00,swap,free,0.0,dbms,08-2026,couchbase-802-vanilla-ee-medium-medium-aws,1,ip-172-31-28-138,ranking,benchANT
2026-08-12 11:08:20+00:00,swap,free,0.0,dbms,08-2026,couchbase-802-vanilla-ee-medium-medium-aws,1,ip-172-31-28-138,ranking,benchANT
2026-08-12 11:08:30+00:00,swap,free,0.0,dbms,08-2026,couchbase-802-vanilla-ee-medium-medium-aws,1,ip-172-31-28-138,ranking,benchANT
2026-08-12 11:08:40+00:00,swap,free,0.0,dbms,08-2026,couchbase-802-vanilla-ee-medium-medium-aws,1,ip-172-31-28-138,ranking,benchANT
2026-08-12 11:08:50+00:00,swap,free,0.0,dbms,08-2026,couchbase-802-vanilla-ee-medium-medium-aws,1,ip-172-31-28-138,ranking,benchANT
2026-08-12 11:09:00+00:00,swap,free,0.0,dbms,08-2026,couchbase-802-vanilla-ee-medium-medium-aws,1,ip-172-31-28-138,ranking,benchANT
2026-08-12 11:09:10+00:00,swap,free,0.0,dbms,08-2026,couchbase-802-vanilla-ee-medium-medium-aws,1,ip-172-31-28-138,ranking,benchANT
2026-08-12 11:09:20+00:00,swap,free,0.0,dbms,08-2026,couchbase-802-vanilla-ee-medium-medium-aws,1,ip-172-31-28-138,ranking,benchANT
2026-08-12 11:09:30+00:00,swap,free,0.0,dbms,08-2026,couchbase-802-vanilla-ee-medium-medium-aws,1,ip-172-31-28-138,ranking,benchANT
2026-08-12 11:09:40+00:00,swap,free,0.0,dbms,08-2026,couchbase-802-vanilla-ee-medium-medium-aws,1,ip-172-31-28-138,ranking,benchANT
2026-08-12 11:09:50+00:00,swap,free,0.0,dbms,08-2026,couchbase-802-vanilla-ee-medium-medium-aws,1,ip-172-31-28-138,ranking,benchANT
2026-08-12 11:10:00+00:00,swap,free,0.0,dbms,08-2026,couchbase-802-vanilla-ee-medium-medium-aws,1,ip-172-31-28-138,ranking,benchANT
2026-08-12 11:10:10+00:00,swap,free,0.0,dbms,08-2026,couchbase-802-vanilla-ee-medium-medium-aws,1,ip-172-31-28-138,ranking,benchANT
2026-08-12 11:10:20+00:00,swap,free,0.0,dbms,08-2026,couchbase-802-vanilla-ee-medium-medium-aws,1,ip-172-31-28-138,ranking,benchANT
2026-08-12 11:10:30+00:00,swap,free,0.0,dbms,08-2026,couchbase-802-vanilla-ee-medium-medium-aws,1,ip-172-31-28-138,ranking,benchANT
2026-08-12 11:10:40+00:00,swap,free,0.0,dbms,08-2026,couchbase-802-vanilla-ee-medium-medium-aws,1,ip-172-31-28-138,ranking,benchANT
2026-08-12 11:10:50+00:00,swap,free,0.0,dbms,08-2026,couchbase-802-vanilla-ee-medium-medium-aws,1,ip-172-31-28-138,ranking,benchANT
2026-08-12 11:11:00+00:00,swap,free,0.0,dbms,08-2026,couchbase-802-vanilla-ee-medium-medium-aws,1,ip-172-31-28-138,ranking,benchANT
2026-08-12 11:11:10+00:00,swap,free,0.0,dbms,08-2026,couchbase-802-vanilla-ee-medium-medium-aws,1,ip-172-31-28-138,ranking,benchANT
2026-08-12 11:11:20+00:00,swap,free,0.0,dbms,08-2026,couchbase-802-vanilla-ee-medium-medium-aws,1,ip-172-31-28-138,ranking,benchANT
2026-08-12 11:11:30+00:00,swap,free,0.0,dbms,08-2026,couchbase-802-vanilla-ee-medium-medium-aws,1,ip-172-31-28-138,ranking,benchANT
2026-08-12 11:11:40+00:00,swap,free,0.0,dbms,08-2026,couchbase-802-vanilla-ee-medium-medium-aws,1,ip-172-31-28-138,ranking,benchANT
2026-08-12 11:11:50+00:00,swap,free,0.0,dbms,08-2026,couchbase-802-vanilla-ee-medium-medium-aws,1,ip-172-31-28-138,ranking,benchANT
2026-08-12 11:12:00+00:00,swap,free,0.0,dbms,08-2026,couchbase-802-vanilla-ee-medium-medium-aws,1,ip-172-31-28-138,ranking,benchANT
2026-08-12 11:12:10+00:00,swap,free,0.0,dbms,08-2026,couchbase-802-vanilla-ee-medium-medium-aws,1,ip-172-31-28-138,ranking,benchANT
2026-08-12 11:12:20+00:00,swap,free,0.0,dbms,08-2026,couchbase-802-vanilla-ee-medium-medium-aws,1,ip-172-31-28-138,ranking,benchANT
2026-08-12 11:12:30+00:00,swap,free,0.0,dbms,08-2026,couchbase-802-vanilla-ee-medium-medium-aws,1,ip-172-31-28-138,ranking,benchANT
2026-08-12 11:12:40+00:00,swap,free,0.0,dbms,08-2026,couchbase-802-vanilla-ee-medium-medium-aws,1,ip-172-31-28-138,ranking,benchANT
2026-08-12 11:12:50+00:00,swap,free,0.0,dbms,08-2026,couchbase-802-vanilla-ee-medium-medium-aws,1,ip-172-31-28-138,ranking,benchANT
2026-08-12 11:13:00+00:00,swap,free,0.0,dbms,08-2026,couchbase-802-vanilla-ee-medium-medium-aws,1,ip-172-31-28-138,ranking,benchANT
2026-08-12 11:13:10+00:00,swap,free,0.0,dbms,08-2026,couchbase-802-vanilla-ee-medium-medium-aws,1,ip-172-31-28-138,ranking,benchANT
2026-08-12 11:13:20+00:00,swap,free,0.0,dbms,08-2026,couchbase-802-vanilla-ee-medium-medium-aws,1,ip-172-31-28-138,ranking,benchANT
2026-08-12 11:13:30+00:00,swap,free,0.0,dbms,08-2026,couchbase-802-vanilla-ee-medium-medium-aws,1,ip-172-31-28-138,ranking,benchANT
2026-08-12 11:13:40+00:00,swap,free,0.0,dbms,08-2026,couchbase-802-vanilla-ee-medium-medium-aws,1,ip-172-31-28-138,ranking,benchANT
2026-08-12 11:13:50+00:00,swap,free,0.0,dbms,08-2026,couchbase-802-vanilla-ee-medium-medium-aws,1,ip-172-31-28-138,ranking,benchANT
2026-08-12 11:14:00+00:00,swap,free,0.0,dbms,08-2026,couchbase-802-vanilla-ee-medium-medium-aws,1,ip-172-31-28-138,ranking,benchANT
2026-08-12 11:14:10+00:00,swap,free,0.0,dbms,08-2026,couchbase-802-vanilla-ee-medium-medium-aws,1,ip-172-31-28-138,ranking,benchANT
2026-08-12 11:14:20+00:00,swap,free,0.0,dbms,08-2026,couchbase-802-vanilla-ee-medium-medium-aws,1,ip-172-31-28-138,ranking,benchANT
2026-08-12 11:14:30+00:00,swap,free,0.0,dbms,08-2026,couchbase-802-vanilla-ee-medium-medium-aws,1,ip-172-31-28-138,ranking,benchANT
2026-08-12 11:14:40+00:00,swap,free,0.0,dbms,08-2026,couchbase-802-vanilla-ee-medium-medium-aws,1,ip-172-31-28-138,ranking,benchANT
2026-08-12 11:14:50+00:00,swap,free,0.0,dbms,08-2026,couchbase-802-vanilla-ee-medium-medium-aws,1,ip-172-31-28-138,ranking,benchANT
2026-08-12 11:15:00+00:00,swap,free,0.0,dbms,08-2026,couchbase-802-vanilla-ee-medium-medium-aws,1,ip-172-31-28-138,ranking,benchANT
2026-08-12 11:15:10+00:00,swap,free,0.0,dbms,08-2026,couchbase-802-vanilla-ee-medium-medium-aws,1,ip-172-31-28-138,ranking,benchANT
2026-08-12 11:15:20+00:00,swap,free,0.0,dbms,08-2026,couchbase-802-vanilla-ee-medium-medium-aws,1,ip-172-31-28-138,ranking,benchANT
2026-08-12 11:15:30+00:00,swap,free,0.0,dbms,08-2026,couchbase-802-vanilla-ee-medium-medium-aws,1,ip-172-31-28-138,ranking,benchANT
2026-08-12 11:15:40+00:00,swap,free,0.0,dbms,08-2026,couchbase-802-vanilla-ee-medium-medium-aws,1,ip-172-31-28-138,ranking,benchANT
2026-08-12 11:15:50+00:00,swap,free,0.0,dbms,08-2026,couchbase-802-vanilla-ee-medium-medium-aws,1,ip-172-31-28-138,ranking,benchANT
2026-08-12 11:03:30+00:00,swap,in,0.0,dbms,08-2026,couchbase-802-vanilla-ee-medium-medium-aws,1,ip-172-31-28-138,ranking,benchANT
2026-08-12 11:03:40+00:00,swap,in,0.0,dbms,08-2026,couchbase-802-vanilla-ee-medium-medium-aws,1,ip-172-31-28-138,ranking,benchANT
2026-08-12 11:03:50+00:00,swap,in,0.0,dbms,08-2026,couchbase-802-vanilla-ee-medium-medium-aws,1,ip-172-31-28-138,ranking,benchANT
2026-08-12 11:04:00+00:00,swap,in,0.0,dbms,08-2026,couchbase-802-vanilla-ee-medium-medium-aws,1,ip-172-31-28-138,ranking,benchANT
2026-08-12 11:04:10+00:00,swap,in,0.0,dbms,08-2026,couchbase-802-vanilla-ee-medium-medium-aws,1,ip-172-31-28-138,ranking,benchANT
2026-08-12 11:04:20+00:00,swap,in,0.0,dbms,08-2026,couchbase-802-vanilla-ee-medium-medium-aws,1,ip-172-31-28-138,ranking,benchANT
2026-08-12 11:04:30+00:00,swap,in,0.0,dbms,08-2026,couchbase-802-vanilla-ee-medium-medium-aws,1,ip-172-31-28-138,ranking,benchANT
2026-08-12 11:04:40+00:00,swap,in,0.0,dbms,08-2026,couchbase-802-vanilla-ee-medium-medium-aws,1,ip-172-31-28-138,ranking,benchANT
2026-08-12 11:04:50+00:00,swap,in,0.0,dbms,08-2026,couchbase-802-vanilla-ee-medium-medium-aws,1,ip-172-31-28-138,ranking,benchANT
2026-08-12 11:05:00+00:00,swap,in,0.0,dbms,08-2026,couchbase-802-vanilla-ee-medium-medium-aws,1,ip-172-31-28-138,ranking,benchANT
2026-08-12 11:05:10+00:00,swap,in,0.0,dbms,08-2026,couchbase-802-vanilla-ee-medium-medium-aws,1,ip-172-31-28-138,ranking,benchANT
2026-08-12 11:05:20+00:00,swap,in,0.0,dbms,08-2026,couchbase-802-vanilla-ee-medium-medium-aws,1,ip-172-31-28-138,ranking,benchANT
2026-08-12 11:05:30+00:00,swap,in,0.0,dbms,08-2026,couchbase-802-vanilla-ee-medium-medium-aws,1,ip-172-31-28-138,ranking,benchANT
2026-08-12 11:05:40+00:00,swap,in,0.0,dbms,08-2026,couchbase-802-vanilla-ee-medium-medium-aws,1,ip-172-31-28-138,ranking,benchANT
2026-08-12 11:05:50+00:00,swap,in,0.0,dbms,08-2026,couchbase-802-vanilla-ee-medium-medium-aws,1,ip-172-31-28-138,ranking,benchANT
2026-08-12 11:06:00+00:00,swap,in,0.0,dbms,08-2026,couchbase-802-vanilla-ee-medium-medium-aws,1,ip-172-31-28-138,ranking,benchANT
2026-08-12 11:06:10+00:00,swap,in,0.0,dbms,08-2026,couchbase-802-vanilla-ee-medium-medium-aws,1,ip-172-31-28-138,ranking,benchANT
2026-08-12 11:06:20+00:00,swap,in,0.0,dbms,08-2026,couchbase-802-vanilla-ee-medium-medium-aws,1,ip-172-31-28-138,ranking,benchANT
2026-08-12 11:06:30+00:00,swap,in,0.0,dbms,08-2026,couchbase-802-vanilla-ee-medium-medium-aws,1,ip-172-31-28-138,ranking,benchANT
2026-08-12 11:06:40+00:00,swap,in,0.0,dbms,08-2026,couchbase-802-vanilla-ee-medium-medium-aws,1,ip-172-31-28-138,ranking,benchANT
2026-08-12 11:06:50+00:00,swap,in,0.0,dbms,08-2026,couchbase-802-vanilla-ee-medium-medium-aws,1,ip-172-31-28-138,ranking,benchANT
2026-08-12 11:07:00+00:00,swap,in,0.0,dbms,08-2026,couchbase-802-vanilla-ee-medium-medium-aws,1,ip-172-31-28-138,ranking,benchANT
2026-08-12 11:07:10+00:00,swap,in,0.0,dbms,08-2026,couchbase-802-vanilla-ee-medium-medium-aws,1,ip-172-31-28-138,ranking,benchANT
2026-08-12 11:07:20+00:00,swap,in,0.0,dbms,08-2026,couchbase-802-vanilla-ee-medium-medium-aws,1,ip-172-31-28-138,ranking,benchANT
2026-08-12 11:07:30+00:00,swap,in,0.0,dbms,08-2026,couchbase-802-vanilla-ee-medium-medium-aws,1,ip-172-31-28-138,ranking,benchANT
2026-08-12 11:07:40+00:00,swap,in,0.0,dbms,08-2026,couchbase-802-vanilla-ee-medium-medium-aws,1,ip-172-31-28-138,ranking,benchANT
2026-08-12 11:07:50+00:00,swap,in,0.0,dbms,08-2026,couchbase-802-vanilla-ee-medium-medium-aws,1,ip-172-31-28-138,ranking,benchANT
2026-08-12 11:08:00+00:00,swap,in,0.0,dbms,08-2026,couchbase-802-vanilla-ee-medium-medium-aws,1,ip-172-31-28-138,ranking,benchANT
2026-08-12 11:08:10+00:00,swap,in,0.0,dbms,08-2026,couchbase-802-vanilla-ee-medium-medium-aws,1,ip-172-31-28-138,ranking,benchANT
2026-08-12 11:08:20+00:00,swap,in,0.0,dbms,08-2026,couchbase-802-vanilla-ee-medium-medium-aws,1,ip-172-31-28-138,ranking,benchANT
2026-08-12 11:08:30+00:00,swap,in,0.0,dbms,08-2026,couchbase-802-vanilla-ee-medium-medium-aws,1,ip-172-31-28-138,ranking,benchANT
2026-08-12 11:08:40+00:00,swap,in,0.0,dbms,08-2026,couchbase-802-vanilla-ee-medium-medium-aws,1,ip-172-31-28-138,ranking,benchANT
2026-08-12 11:08:50+00:00,swap,in,0.0,dbms,08-2026,couchbase-802-vanilla-ee-medium-medium-aws,1,ip-172-31-28-138,ranking,benchANT
2026-08-12 11:09:00+00:00,swap,in,0.0,dbms,08-2026,couchbase-802-vanilla-ee-medium-medium-aws,1,ip-172-31-28-138,ranking,benchANT
2026-08-12 11:09:10+00:00,swap,in,0.0,dbms,08-2026,couchbase-802-vanilla-ee-medium-medium-aws,1,ip-172-31-28-138,ranking,benchANT
2026-08-12 11:09:20+00:00,swap,in,0.0,dbms,08-2026,couchbase-802-vanilla-ee-medium-medium-aws,1,ip-172-31-28-138,ranking,benchANT
2026-08-12 11:09:30+00:00,swap,in,0.0,dbms,08-2026,couchbase-802-vanilla-ee-medium-medium-aws,1,ip-172-31-28-138,ranking,benchANT
2026-08-12 11:09:40+00:00,swap,in,0.0,dbms,08-2026,couchbase-802-vanilla-ee-medium-medium-aws,1,ip-172-31-28-138,ranking,benchANT
2026-08-12 11:09:50+00:00,swap,in,0.0,dbms,08-2026,couchbase-802-vanilla-ee-medium-medium-aws,1,ip-172-31-28-138,ranking,benchANT
2026-08-12 11:10:00+00:00,swap,in,0.0,dbms,08-2026,couchbase-802-vanilla-ee-medium-medium-aws,1,ip-172-31-28-138,ranking,benchANT
2026-08-12 11:10:10+00:00,swap,in,0.0,dbms,08-2026,couchbase-802-vanilla-ee-medium-medium-aws,1,ip-172-31-28-138,ranking,benchANT
2026-08-12 11:10:20+00:00,swap,in,0.0,dbms,08-2026,couchbase-802-vanilla-ee-medium-medium-aws,1,ip-172-31-28-138,ranking,benchANT
2026-08-12 11:10:30+00:00,swap,in,0.0,dbms,08-2026,couchbase-802-vanilla-ee-medium-medium-aws,1,ip-172-31-28-138,ranking,benchANT
2026-08-12 11:10:40+00:00,swap,in,0.0,dbms,08-2026,couchbase-802-vanilla-ee-medium-medium-aws,1,ip-172-31-28-138,ranking,benchANT
2026-08-12 11:10:50+00:00,swap,in,0.0,dbms,08-2026,couchbase-802-vanilla-ee-medium-medium-aws,1,ip-172-31-28-138,ranking,benchANT
2026-08-12 11:11:00+00:00,swap,in,0.0,dbms,08-2026,couchbase-802-vanilla-ee-medium-medium-aws,1,ip-172-31-28-138,ranking,benchANT
2026-08-12 11:11:10+00:00,swap,in,0.0,dbms,08-2026,couchbase-802-vanilla-ee-medium-medium-aws,1,ip-172-31-28-138,ranking,benchANT
2026-08-12 11:11:20+00:00,swap,in,0.0,dbms,08-2026,couchbase-802-vanilla-ee-medium-medium-aws,1,ip-172-31-28-138,ranking,benchANT
2026-08-12 11:11:30+00:00,swap,in,0.0,dbms,08-2026,couchbase-802-vanilla-ee-medium-medium-aws,1,ip-172-31-28-138,ranking,benchANT
2026-08-12 11:11:40+00:00,swap,in,0.0,dbms,08-2026,couchbase-802-vanilla-ee-medium-medium-aws,1,ip-172-31-28-138,ranking,benchANT
2026-08-12 11:11:50+00:00,swap,in,0.0,dbms,08-2026,couchbase-802-vanilla-ee-medium-medium-aws,1,ip-172-31-28-138,ranking,benchANT
2026-08-12 11:12:00+00:00,swap,in,0.0,dbms,08-2026,couchbase-802-vanilla-ee-medium-medium-aws,1,ip-172-31-28-138,ranking,benchANT
2026-08-12 11:12:10+00:00,swap,in,0.0,dbms,08-2026,couchbase-802-vanilla-ee-medium-medium-aws,1,ip-172-31-28-138,ranking,benchANT
2026-08-12 11:12:20+00:00,swap,in,0.0,dbms,08-2026,couchbase-802-vanilla-ee-medium-medium-aws,1,ip-172-31-28-138,ranking,benchANT
2026-08-12 11:12:30+00:00,swap,in,0.0,dbms,08-2026,couchbase-802-vanilla-ee-medium-medium-aws,1,ip-172-31-28-138,ranking,benchANT
2026-08-12 11:12:40+00:00,swap,in,0.0,dbms,08-2026,couchbase-802-vanilla-ee-medium-medium-aws,1,ip-172-31-28-138,ranking,benchANT
2026-08-12 11:12:50+00:00,swap,in,0.0,dbms,08-2026,couchbase-802-vanilla-ee-medium-medium-aws,1,ip-172-31-28-138,ranking,benchANT
2026-08-12 11:13:00+00:00,swap,in,0.0,dbms,08-2026,couchbase-802-vanilla-ee-medium-medium-aws,1,ip-172-31-28-138,ranking,benchANT
2026-08-12 11:13:10+00:00,swap,in,0.0,dbms,08-2026,couchbase-802-vanilla-ee-medium-medium-aws,1,ip-172-31-28-138,ranking,benchANT
2026-08-12 11:13:20+00:00,swap,in,0.0,dbms,08-2026,couchbase-802-vanilla-ee-medium-medium-aws,1,ip-172-31-28-138,ranking,benchANT
2026-08-12 11:13:30+00:00,swap,in,0.0,dbms,08-2026,couchbase-802-vanilla-ee-medium-medium-aws,1,ip-172-31-28-138,ranking,benchANT
2026-08-12 11:13:40+00:00,swap,in,0.0,dbms,08-2026,couchbase-802-vanilla-ee-medium-medium-aws,1,ip-172-31-28-138,ranking,benchANT
2026-08-12 11:13:50+00:00,swap,in,0.0,dbms,08-2026,couchbase-802-vanilla-ee-medium-medium-aws,1,ip-172-31-28-138,ranking,benchANT
2026-08-12 11:14:00+00:00,swap,in,0.0,dbms,08-2026,couchbase-802-vanilla-ee-medium-medium-aws,1,ip-172-31-28-138,ranking,benchANT
2026-08-12 11:14:10+00:00,swap,in,0.0,dbms,08-2026,couchbase-802-vanilla-ee-medium-medium-aws,1,ip-172-31-28-138,ranking,benchANT
2026-08-12 11:14:20+00:00,swap,in,0.0,dbms,08-2026,couchbase-802-vanilla-ee-medium-medium-aws,1,ip-172-31-28-138,ranking,benchANT
2026-08-12 11:14:30+00:00,swap,in,0.0,dbms,08-2026,couchbase-802-vanilla-ee-medium-medium-aws,1,ip-172-31-28-138,ranking,benchANT
2026-08-12 11:14:40+00:00,swap,in,0.0,dbms,08-2026,couchbase-802-vanilla-ee-medium-medium-aws,1,ip-172-31-28-138,ranking,benchANT
2026-08-12 11:14:50+00:00,swap,in,0.0,dbms,08-2026,couchbase-802-vanilla-ee-medium-medium-aws,1,ip-172-31-28-138,ranking,benchANT
2026-08-12 11:15:00+00:00,swap,in,0.0,dbms,08-2026,couchbase-802-vanilla-ee-medium-medium-aws,1,ip-172-31-28-138,ranking,benchANT
2026-08-12 11:15:10+00:00,swap,in,0.0,dbms,08-2026,couchbase-802-vanilla-ee-medium-medium-aws,1,ip-172-31-28-138,ranking,benchANT
2026-08-12 11:15:20+00:00,swap,in,0.0,dbms,08-2026,couchbase-802-vanilla-ee-medium-medium-aws,1,ip-172-31-28-138,ranking,benchANT
2026-08-12 11:15:30+00:00,swap,in,0.0,dbms,08-2026,couchbase-802-vanilla-ee-medium-medium-aws,1,ip-172-31-28-138,ranking,benchANT
2026-08-12 11:15:40+00:00,swap,in,0.0,dbms,08-2026,couchbase-802-vanilla-ee-medium-medium-aws,1,ip-172-31-28-138,ranking,benchANT
2026-08-12 11:15:50+00:00,swap,in,0.0,dbms,08-2026,couchbase-802-vanilla-ee-medium-medium-aws,1,ip-172-31-28-138,ranking,benchANT
2026-08-12 11:03:30+00:00,swap,out,0.0,dbms,08-2026,couchbase-802-vanilla-ee-medium-medium-aws,1,ip-172-31-28-138,ranking,benchANT
2026-08-12 11:03:40+00:00,swap,out,0.0,dbms,08-2026,couchbase-802-vanilla-ee-medium-medium-aws,1,ip-172-31-28-138,ranking,benchANT
2026-08-12 11:03:50+00:00,swap,out,0.0,dbms,08-2026,couchbase-802-vanilla-ee-medium-medium-aws,1,ip-172-31-28-138,ranking,benchANT
2026-08-12 11:04:00+00:00,swap,out,0.0,dbms,08-2026,couchbase-802-vanilla-ee-medium-medium-aws,1,ip-172-31-28-138,ranking,benchANT
2026-08-12 11:04:10+00:00,swap,out,0.0,dbms,08-2026,couchbase-802-vanilla-ee-medium-medium-aws,1,ip-172-31-28-138,ranking,benchANT
2026-08-12 11:04:20+00:00,swap,out,0.0,dbms,08-2026,couchbase-802-vanilla-ee-medium-medium-aws,1,ip-172-31-28-138,ranking,benchANT
2026-08-12 11:04:30+00:00,swap,out,0.0,dbms,08-2026,couchbase-802-vanilla-ee-medium-medium-aws,1,ip-172-31-28-138,ranking,benchANT
2026-08-12 11:04:40+00:00,swap,out,0.0,dbms,08-2026,couchbase-802-vanilla-ee-medium-medium-aws,1,ip-172-31-28-138,ranking,benchANT
2026-08-12 11:04:50+00:00,swap,out,0.0,dbms,08-2026,couchbase-802-vanilla-ee-medium-medium-aws,1,ip-172-31-28-138,ranking,benchANT
2026-08-12 11:05:00+00:00,swap,out,0.0,dbms,08-2026,couchbase-802-vanilla-ee-medium-medium-aws,1,ip-172-31-28-138,ranking,benchANT
2026-08-12 11:05:10+00:00,swap,out,0.0,dbms,08-2026,couchbase-802-vanilla-ee-medium-medium-aws,1,ip-172-31-28-138,ranking,benchANT
2026-08-12 11:05:20+00:00,swap,out,0.0,dbms,08-2026,couchbase-802-vanilla-ee-medium-medium-aws,1,ip-172-31-28-138,ranking,benchANT
2026-08-12 11:05:30+00:00,swap,out,0.0,dbms,08-2026,couchbase-802-vanilla-ee-medium-medium-aws,1,ip-172-31-28-138,ranking,benchANT
2026-08-12 11:05:40+00:00,swap,out,0.0,dbms,08-2026,couchbase-802-vanilla-ee-medium-medium-aws,1,ip-172-31-28-138,ranking,benchANT
2026-08-12 11:05:50+00:00,swap,out,0.0,dbms,08-2026,couchbase-802-vanilla-ee-medium-medium-aws,1,ip-172-31-28-138,ranking,benchANT
2026-08-12 11:06:00+00:00,swap,out,0.0,dbms,08-2026,couchbase-802-vanilla-ee-medium-medium-aws,1,ip-172-31-28-138,ranking,benchANT
2026-08-12 11:06:10+00:00,swap,out,0.0,dbms,08-2026,couchbase-802-vanilla-ee-medium-medium-aws,1,ip-172-31-28-138,ranking,benchANT
2026-08-12 11:06:20+00:00,swap,out,0.0,dbms,08-2026,couchbase-802-vanilla-ee-medium-medium-aws,1,ip-172-31-28-138,ranking,benchANT
2026-08-12 11:06:30+00:00,swap,out,0.0,dbms,08-2026,couchbase-802-vanilla-ee-medium-medium-aws,1,ip-172-31-28-138,ranking,benchANT
2026-08-12 11:06:40+00:00,swap,out,0.0,dbms,08-2026,couchbase-802-vanilla-ee-medium-medium-aws,1,ip-172-31-28-138,ranking,benchANT
2026-08-12 11:06:50+00:00,swap,out,0.0,dbms,08-2026,couchbase-802-vanilla-ee-medium-medium-aws,1,ip-172-31-28-138,ranking,benchANT
2026-08-12 11:07:00+00:00,swap,out,0.0,dbms,08-2026,couchbase-802-vanilla-ee-medium-medium-aws,1,ip-172-31-28-138,ranking,benchANT
2026-08-12 11:07:10+00:00,swap,out,0.0,dbms,08-2026,couchbase-802-vanilla-ee-medium-medium-aws,1,ip-172-31-28-138,ranking,benchANT
2026-08-12 11:07:20+00:00,swap,out,0.0,dbms,08-2026,couchbase-802-vanilla-ee-medium-medium-aws,1,ip-172-31-28-138,ranking,benchANT
2026-08-12 11:07:30+00:00,swap,out,0.0,dbms,08-2026,couchbase-802-vanilla-ee-medium-medium-aws,1,ip-172-31-28-138,ranking,benchANT
2026-08-12 11:07:40+00:00,swap,out,0.0,dbms,08-2026,couchbase-802-vanilla-ee-medium-medium-aws,1,ip-172-31-28-138,ranking,benchANT
2026-08-12 11:07:50+00:00,swap,out,0.0,dbms,08-2026,couchbase-802-vanilla-ee-medium-medium-aws,1,ip-172-31-28-138,ranking,benchANT
2026-08-12 11:08:00+00:00,swap,out,0.0,dbms,08-2026,couchbase-802-vanilla-ee-medium-medium-aws,1,ip-172-31-28-138,ranking,benchANT
2026-08-12 11:08:10+00:00,swap,out,0.0,dbms,08-2026,couchbase-802-vanilla-ee-medium-medium-aws,1,ip-172-31-28-138,ranking,benchANT
2026-08-12 11:08:20+00:00,swap,out,0.0,dbms,08-2026,couchbase-802-vanilla-ee-medium-medium-aws,1,ip-172-31-28-138,ranking,benchANT
2026-08-12 11:08:30+00:00,swap,out,0.0,dbms,08-2026,couchbase-802-vanilla-ee-medium-medium-aws,1,ip-172-31-28-138,ranking,benchANT
2026-08-12 11:08:40+00:00,swap,out,0.0,dbms,08-2026,couchbase-802-vanilla-ee-medium-medium-aws,1,ip-172-31-28-138,ranking,benchANT
2026-08-12 11:08:50+00:00,swap,out,0.0,dbms,08-2026,couchbase-802-vanilla-ee-medium-medium-aws,1,ip-172-31-28-138,ranking,benchANT
2026-08-12 11:09:00+00:00,swap,out,0.0,dbms,08-2026,couchbase-802-vanilla-ee-medium-medium-aws,1,ip-172-31-28-138,ranking,benchANT
2026-08-12 11:09:10+00:00,swap,out,0.0,dbms,08-2026,couchbase-802-vanilla-ee-medium-medium-aws,1,ip-172-31-28-138,ranking,benchANT
2026-08-12 11:09:20+00:00,swap,out,0.0,dbms,08-2026,couchbase-802-vanilla-ee-medium-medium-aws,1,ip-172-31-28-138,ranking,benchANT
2026-08-12 11:09:30+00:00,swap,out,0.0,dbms,08-2026,couchbase-802-vanilla-ee-medium-medium-aws,1,ip-172-31-28-138,ranking,benchANT
2026-08-12 11:09:40+00:00,swap,out,0.0,dbms,08-2026,couchbase-802-vanilla-ee-medium-medium-aws,1,ip-172-31-28-138,ranking,benchANT
2026-08-12 11:09:50+00:00,swap,out,0.0,dbms,08-2026,couchbase-802-vanilla-ee-medium-medium-aws,1,ip-172-31-28-138,ranking,benchANT
2026-08-12 11:10:00+00:00,swap,out,0.0,dbms,08-2026,couchbase-802-vanilla-ee-medium-medium-aws,1,ip-172-31-28-138,ranking,benchANT
2026-08-12 11:10:10+00:00,swap,out,0.0,dbms,08-2026,couchbase-802-vanilla-ee-medium-medium-aws,1,ip-172-31-28-138,ranking,benchANT
2026-08-12 11:10:20+00:00,swap,out,0.0,dbms,08-2026,couchbase-802-vanilla-ee-medium-medium-aws,1,ip-172-31-28-138,ranking,benchANT
2026-08-12 11:10:30+00:00,swap,out,0.0,dbms,08-2026,couchbase-802-vanilla-ee-medium-medium-aws,1,ip-172-31-28-138,ranking,benchANT
2026-08-12 11:10:40+00:00,swap,out,0.0,dbms,08-2026,couchbase-802-vanilla-ee-medium-medium-aws,1,ip-172-31-28-138,ranking,benchANT
2026-08-12 11:10:50+00:00,swap,out,0.0,dbms,08-2026,couchbase-802-vanilla-ee-medium-medium-aws,1,ip-172-31-28-138,ranking,benchANT
2026-08-12 11:11:00+00:00,swap,out,0.0,dbms,08-2026,couchbase-802-vanilla-ee-medium-medium-aws,1,ip-172-31-28-138,ranking,benchANT
2026-08-12 11:11:10+00:00,swap,out,0.0,dbms,08-2026,couchbase-802-vanilla-ee-medium-medium-aws,1,ip-172-31-28-138,ranking,benchANT
2026-08-12 11:11:20+00:00,swap,out,0.0,dbms,08-2026,couchbase-802-vanilla-ee-medium-medium-aws,1,ip-172-31-28-138,ranking,benchANT
2026-08-12 11:11:30+00:00,swap,out,0.0,dbms,08-2026,couchbase-802-vanilla-ee-medium-medium-aws,1,ip-172-31-28-138,ranking,benchANT
2026-08-12 11:11:40+00:00,swap,out,0.0,dbms,08-2026,couchbase-802-vanilla-ee-medium-medium-aws,1,ip-172-31-28-138,ranking,benchANT
2026-08-12 11:11:50+00:00,swap,out,0.0,dbms,08-2026,couchbase-802-vanilla-ee-medium-medium-aws,1,ip-172-31-28-138,ranking,benchANT
2026-08-12 11:12:00+00:00,swap,out,0.0,dbms,08-2026,couchbase-802-vanilla-ee-medium-medium-aws,1,ip-172-31-28-138,ranking,benchANT
2026-08-12 11:12:10+00:00,swap,out,0.0,dbms,08-2026,couchbase-802-vanilla-ee-medium-medium-aws,1,ip-172-31-28-138,ranking,benchANT
2026-08-12 11:12:20+00:00,swap,out,0.0,dbms,08-2026,couchbase-802-vanilla-ee-medium-medium-aws,1,ip-172-31-28-138,ranking,benchANT
2026-08-12 11:12:30+00:00,swap,out,0.0,dbms,08-2026,couchbase-802-vanilla-ee-medium-medium-aws,1,ip-172-31-28-138,ranking,benchANT
2026-08-12 11:12:40+00:00,swap,out,0.0,dbms,08-2026,couchbase-802-vanilla-ee-medium-medium-aws,1,ip-172-31-28-138,ranking,benchANT
2026-08-12 11:12:50+00:00,swap,out,0.0,dbms,08-2026,couchbase-802-vanilla-ee-medium-medium-aws,1,ip-172-31-28-138,ranking,benchANT
2026-08-12 11:13:00+00:00,swap,out,0.0,dbms,08-2026,couchbase-802-vanilla-ee-medium-medium-aws,1,ip-172-31-28-138,ranking,benchANT
2026-08-12 11:13:10+00:00,swap,out,0.0,dbms,08-2026,couchbase-802-vanilla-ee-medium-medium-aws,1,ip-172-31-28-138,ranking,benchANT
2026-08-12 11:13:20+00:00,swap,out,0.0,dbms,08-2026,couchbase-802-vanilla-ee-medium-medium-aws,1,ip-172-31-28-138,ranking,benchANT
2026-08-12 11:13:30+00:00,swap,out,0.0,dbms,08-2026,couchbase-802-vanilla-ee-medium-medium-aws,1,ip-172-31-28-138,ranking,benchANT
2026-08-12 11:13:40+00:00,swap,out,0.0,dbms,08-2026,couchbase-802-vanilla-ee-medium-medium-aws,1,ip-172-31-28-138,ranking,benchANT
2026-08-12 11:13:50+00:00,swap,out,0.0,dbms,08-2026,couchbase-802-vanilla-ee-medium-medium-aws,1,ip-172-31-28-138,ranking,benchANT
2026-08-12 11:14:00+00:00,swap,out,0.0,dbms,08-2026,couchbase-802-vanilla-ee-medium-medium-aws,1,ip-172-31-28-138,ranking,benchANT
2026-08-12 11:14:10+00:00,swap,out,0.0,dbms,08-2026,couchbase-802-vanilla-ee-medium-medium-aws,1,ip-172-31-28-138,ranking,benchANT
2026-08-12 11:14:20+00:00,swap,out,0.0,dbms,08-2026,couchbase-802-vanilla-ee-medium-medium-aws,1,ip-172-31-28-138,ranking,benchANT
2026-08-12 11:14:30+00:00,swap,out,0.0,dbms,08-2026,couchbase-802-vanilla-ee-medium-medium-aws,1,ip-172-31-28-138,ranking,benchANT
2026-08-12 11:14:40+00:00,swap,out,0.0,dbms,08-2026,couchbase-802-vanilla-ee-medium-medium-aws,1,ip-172-31-28-138,ranking,benchANT
2026-08-12 11:14:50+00:00,swap,out,0.0,dbms,08-2026,couchbase-802-vanilla-ee-medium-medium-aws,1,ip-172-31-28-138,ranking,benchANT
2026-08-12 11:15:00+00:00,swap,out,0.0,dbms,08-2026,couchbase-802-vanilla-ee-medium-medium-aws,1,ip-172-31-28-138,ranking,benchANT
2026-08-12 11:15:10+00:00,swap,out,0.0,dbms,08-2026,couchbase-802-vanilla-ee-medium-medium-aws,1,ip-172-31-28-138,ranking,benchANT
2026-08-12 11:15:20+00:00,swap,out,0.0,dbms,08-2026,couchbase-802-vanilla-ee-medium-medium-aws,1,ip-172-31-28-138,ranking,benchANT
2026-08-12 11:15:30+00:00,swap,out,0.0,dbms,08-2026,couchbase-802-vanilla-ee-medium-medium-aws,1,ip-172-31-28-138,ranking,benchANT
2026-08-12 11:15:40+00:00,swap,out,0.0,dbms,08-2026,couchbase-802-vanilla-ee-medium-medium-aws,1,ip-172-31-28-138,ranking,benchANT
2026-08-12 11:15:50+00:00,swap,out,0.0,dbms,08-2026,couchbase-802-vanilla-ee-medium-medium-aws,1,ip-172-31-28-138,ranking,benchANT
2026-08-12 11:03:30+00:00,swap,total,0.0,dbms,08-2026,couchbase-802-vanilla-ee-medium-medium-aws,1,ip-172-31-28-138,ranking,benchANT
2026-08-12 11:03:40+00:00,swap,total,0.0,dbms,08-2026,couchbase-802-vanilla-ee-medium-medium-aws,1,ip-172-31-28-138,ranking,benchANT
2026-08-12 11:03:50+00:00,swap,total,0.0,dbms,08-2026,couchbase-802-vanilla-ee-medium-medium-aws,1,ip-172-31-28-138,ranking,benchANT
2026-08-12 11:04:00+00:00,swap,total,0.0,dbms,08-2026,couchbase-802-vanilla-ee-medium-medium-aws,1,ip-172-31-28-138,ranking,benchANT
2026-08-12 11:04:10+00:00,swap,total,0.0,dbms,08-2026,couchbase-802-vanilla-ee-medium-medium-aws,1,ip-172-31-28-138,ranking,benchANT
2026-08-12 11:04:20+00:00,swap,total,0.0,dbms,08-2026,couchbase-802-vanilla-ee-medium-medium-aws,1,ip-172-31-28-138,ranking,benchANT
2026-08-12 11:04:30+00:00,swap,total,0.0,dbms,08-2026,couchbase-802-vanilla-ee-medium-medium-aws,1,ip-172-31-28-138,ranking,benchANT
2026-08-12 11:04:40+00:00,swap,total,0.0,dbms,08-2026,couchbase-802-vanilla-ee-medium-medium-aws,1,ip-172-31-28-138,ranking,benchANT
2026-08-12 11:04:50+00:00,swap,total,0.0,dbms,08-2026,couchbase-802-vanilla-ee-medium-medium-aws,1,ip-172-31-28-138,ranking,benchANT
2026-08-12 11:05:00+00:00,swap,total,0.0,dbms,08-2026,couchbase-802-vanilla-ee-medium-medium-aws,1,ip-172-31-28-138,ranking,benchANT
2026-08-12 11:05:10+00:00,swap,total,0.0,dbms,08-2026,couchbase-802-vanilla-ee-medium-medium-aws,1,ip-172-31-28-138,ranking,benchANT
2026-08-12 11:05:20+00:00,swap,total,0.0,dbms,08-2026,couchbase-802-vanilla-ee-medium-medium-aws,1,ip-172-31-28-138,ranking,benchANT
2026-08-12 11:05:30+00:00,swap,total,0.0,dbms,08-2026,couchbase-802-vanilla-ee-medium-medium-aws,1,ip-172-31-28-138,ranking,benchANT
2026-08-12 11:05:40+00:00,swap,total,0.0,dbms,08-2026,couchbase-802-vanilla-ee-medium-medium-aws,1,ip-172-31-28-138,ranking,benchANT
2026-08-12 11:05:50+00:00,swap,total,0.0,dbms,08-2026,couchbase-802-vanilla-ee-medium-medium-aws,1,ip-172-31-28-138,ranking,benchANT
2026-08-12 11:06:00+00:00,swap,total,0.0,dbms,08-2026,couchbase-802-vanilla-ee-medium-medium-aws,1,ip-172-31-28-138,ranking,benchANT
2026-08-12 11:06:10+00:00,swap,total,0.0,dbms,08-2026,couchbase-802-vanilla-ee-medium-medium-aws,1,ip-172-31-28-138,ranking,benchANT
2026-08-12 11:06:20+00:00,swap,total,0.0,dbms,08-2026,couchbase-802-vanilla-ee-medium-medium-aws,1,ip-172-31-28-138,ranking,benchANT
2026-08-12 11:06:30+00:00,swap,total,0.0,dbms,08-2026,couchbase-802-vanilla-ee-medium-medium-aws,1,ip-172-31-28-138,ranking,benchANT
2026-08-12 11:06:40+00:00,swap,total,0.0,dbms,08-2026,couchbase-802-vanilla-ee-medium-medium-aws,1,ip-172-31-28-138,ranking,benchANT
2026-08-12 11:06:50+00:00,swap,total,0.0,dbms,08-2026,couchbase-802-vanilla-ee-medium-medium-aws,1,ip-172-31-28-138,ranking,benchANT
2026-08-12 11:07:00+00:00,swap,total,0.0,dbms,08-2026,couchbase-802-vanilla-ee-medium-medium-aws,1,ip-172-31-28-138,ranking,benchANT
2026-08-12 11:07:10+00:00,swap,total,0.0,dbms,08-2026,couchbase-802-vanilla-ee-medium-medium-aws,1,ip-172-31-28-138,ranking,benchANT
2026-08-12 11:07:20+00:00,swap,total,0.0,dbms,08-2026,couchbase-802-vanilla-ee-medium-medium-aws,1,ip-172-31-28-138,ranking,benchANT
2026-08-12 11:07:30+00:00,swap,total,0.0,dbms,08-2026,couchbase-802-vanilla-ee-medium-medium-aws,1,ip-172-31-28-138,ranking,benchANT
2026-08-12 11:07:40+00:00,swap,total,0.0,dbms,08-2026,couchbase-802-vanilla-ee-medium-medium-aws,1,ip-172-31-28-138,ranking,benchANT
2026-08-12 11:07:50+00:00,swap,total,0.0,dbms,08-2026,couchbase-802-vanilla-ee-medium-medium-aws,1,ip-172-31-28-138,ranking,benchANT
2026-08-12 11:08:00+00:00,swap,total,0.0,dbms,08-2026,couchbase-802-vanilla-ee-medium-medium-aws,1,ip-172-31-28-138,ranking,benchANT
2026-08-12 11:08:10+00:00,swap,total,0.0,dbms,08-2026,couchbase-802-vanilla-ee-medium-medium-aws,1,ip-172-31-28-138,ranking,benchANT
2026-08-12 11:08:20+00:00,swap,total,0.0,dbms,08-2026,couchbase-802-vanilla-ee-medium-medium-aws,1,ip-172-31-28-138,ranking,benchANT
2026-08-12 11:08:30+00:00,swap,total,0.0,dbms,08-2026,couchbase-802-vanilla-ee-medium-medium-aws,1,ip-172-31-28-138,ranking,benchANT
2026-08-12 11:08:40+00:00,swap,total,0.0,dbms,08-2026,couchbase-802-vanilla-ee-medium-medium-aws,1,ip-172-31-28-138,ranking,benchANT
2026-08-12 11:08:50+00:00,swap,total,0.0,dbms,08-2026,couchbase-802-vanilla-ee-medium-medium-aws,1,ip-172-31-28-138,ranking,benchANT
2026-08-12 11:09:00+00:00,swap,total,0.0,dbms,08-2026,couchbase-802-vanilla-ee-medium-medium-aws,1,ip-172-31-28-138,ranking,benchANT
2026-08-12 11:09:10+00:00,swap,total,0.0,dbms,08-2026,couchbase-802-vanilla-ee-medium-medium-aws,1,ip-172-31-28-138,ranking,benchANT
2026-08-12 11:09:20+00:00,swap,total,0.0,dbms,08-2026,couchbase-802-vanilla-ee-medium-medium-aws,1,ip-172-31-28-138,ranking,benchANT
2026-08-12 11:09:30+00:00,swap,total,0.0,dbms,08-2026,couchbase-802-vanilla-ee-medium-medium-aws,1,ip-172-31-28-138,ranking,benchANT
2026-08-12 11:09:40+00:00,swap,total,0.0,dbms,08-2026,couchbase-802-vanilla-ee-medium-medium-aws,1,ip-172-31-28-138,ranking,benchANT
2026-08-12 11:09:50+00:00,swap,total,0.0,dbms,08-2026,couchbase-802-vanilla-ee-medium-medium-aws,1,ip-172-31-28-138,ranking,benchANT
2026-08-12 11:10:00+00:00,swap,total,0.0,dbms,08-2026,couchbase-802-vanilla-ee-medium-medium-aws,1,ip-172-31-28-138,ranking,benchANT
2026-08-12 11:10:10+00:00,swap,total,0.0,dbms,08-2026,couchbase-802-vanilla-ee-medium-medium-aws,1,ip-172-31-28-138,ranking,benchANT
2026-08-12 11:10:20+00:00,swap,total,0.0,dbms,08-2026,couchbase-802-vanilla-ee-medium-medium-aws,1,ip-172-31-28-138,ranking,benchANT
2026-08-12 11:10:30+00:00,swap,total,0.0,dbms,08-2026,couchbase-802-vanilla-ee-medium-medium-aws,1,ip-172-31-28-138,ranking,benchANT
2026-08-12 11:10:40+00:00,swap,total,0.0,dbms,08-2026,couchbase-802-vanilla-ee-medium-medium-aws,1,ip-172-31-28-138,ranking,benchANT
2026-08-12 11:10:50+00:00,swap,total,0.0,dbms,08-2026,couchbase-802-vanilla-ee-medium-medium-aws,1,ip-172-31-28-138,ranking,benchANT
2026-08-12 11:11:00+00:00,swap,total,0.0,dbms,08-2026,couchbase-802-vanilla-ee-medium-medium-aws,1,ip-172-31-28-138,ranking,benchANT
2026-08-12 11:11:10+00:00,swap,total,0.0,dbms,08-2026,couchbase-802-vanilla-ee-medium-medium-aws,1,ip-172-31-28-138,ranking,benchANT
2026-08-12 11:11:20+00:00,swap,total,0.0,dbms,08-2026,couchbase-802-vanilla-ee-medium-medium-aws,1,ip-172-31-28-138,ranking,benchANT
2026-08-12 11:11:30+00:00,swap,total,0.0,dbms,08-2026,couchbase-802-vanilla-ee-medium-medium-aws,1,ip-172-31-28-138,ranking,benchANT
2026-08-12 11:11:40+00:00,swap,total,0.0,dbms,08-2026,couchbase-802-vanilla-ee-medium-medium-aws,1,ip-172-31-28-138,ranking,benchANT
2026-08-12 11:11:50+00:00,swap,total,0.0,dbms,08-2026,couchbase-802-vanilla-ee-medium-medium-aws,1,ip-172-31-28-138,ranking,benchANT
2026-08-12 11:12:00+00:00,swap,total,0.0,dbms,08-2026,couchbase-802-vanilla-ee-medium-medium-aws,1,ip-172-31-28-138,ranking,benchANT
2026-08-12 11:12:10+00:00,swap,total,0.0,dbms,08-2026,couchbase-802-vanilla-ee-medium-medium-aws,1,ip-172-31-28-138,ranking,benchANT
2026-08-12 11:12:20+00:00,swap,total,0.0,dbms,08-2026,couchbase-802-vanilla-ee-medium-medium-aws,1,ip-172-31-28-138,ranking,benchANT
2026-08-12 11:12:30+00:00,swap,total,0.0,dbms,08-2026,couchbase-802-vanilla-ee-medium-medium-aws,1,ip-172-31-28-138,ranking,benchANT
2026-08-12 11:12:40+00:00,swap,total,0.0,dbms,08-2026,couchbase-802-vanilla-ee-medium-medium-aws,1,ip-172-31-28-138,ranking,benchANT
2026-08-12 11:12:50+00:00,swap,total,0.0,dbms,08-2026,couchbase-802-vanilla-ee-medium-medium-aws,1,ip-172-31-28-138,ranking,benchANT
2026-08-12 11:13:00+00:00,swap,total,0.0,dbms,08-2026,couchbase-802-vanilla-ee-medium-medium-aws,1,ip-172-31-28-138,ranking,benchANT
2026-08-12 11:13:10+00:00,swap,total,0.0,dbms,08-2026,couchbase-802-vanilla-ee-medium-medium-aws,1,ip-172-31-28-138,ranking,benchANT
2026-08-12 11:13:20+00:00,swap,total,0.0,dbms,08-2026,couchbase-802-vanilla-ee-medium-medium-aws,1,ip-172-31-28-138,ranking,benchANT
2026-08-12 11:13:30+00:00,swap,total,0.0,dbms,08-2026,couchbase-802-vanilla-ee-medium-medium-aws,1,ip-172-31-28-138,ranking,benchANT
2026-08-12 11:13:40+00:00,swap,total,0.0,dbms,08-2026,couchbase-802-vanilla-ee-medium-medium-aws,1,ip-172-31-28-138,ranking,benchANT
2026-08-12 11:13:50+00:00,swap,total,0.0,dbms,08-2026,couchbase-802-vanilla-ee-medium-medium-aws,1,ip-172-31-28-138,ranking,benchANT
2026-08-12 11:14:00+00:00,swap,total,0.0,dbms,08-2026,couchbase-802-vanilla-ee-medium-medium-aws,1,ip-172-31-28-138,ranking,benchANT
2026-08-12 11:14:10+00:00,swap,total,0.0,dbms,08-2026,couchbase-802-vanilla-ee-medium-medium-aws,1,ip-172-31-28-138,ranking,benchANT
2026-08-12 11:14:20+00:00,swap,total,0.0,dbms,08-2026,couchbase-802-vanilla-ee-medium-medium-aws,1,ip-172-31-28-138,ranking,benchANT
2026-08-12 11:14:30+00:00,swap,total,0.0,dbms,08-2026,couchbase-802-vanilla-ee-medium-medium-aws,1,ip-172-31-28-138,ranking,benchANT
2026-08-12 11:14:40+00:00,swap,total,0.0,dbms,08-2026,couchbase-802-vanilla-ee-medium-medium-aws,1,ip-172-31-28-138,ranking,benchANT
2026-08-12 11:14:50+00:00,swap,total,0.0,dbms,08-2026,couchbase-802-vanilla-ee-medium-medium-aws,1,ip-172-31-28-138,ranking,benchANT
2026-08-12 11:15:00+00:00,swap,total,0.0,dbms,08-2026,couchbase-802-vanilla-ee-medium-medium-aws,1,ip-172-31-28-138,ranking,benchANT
2026-08-12 11:15:10+00:00,swap,total,0.0,dbms,08-2026,couchbase-802-vanilla-ee-medium-medium-aws,1,ip-172-31-28-138,ranking,benchANT
2026-08-12 11:15:20+00:00,swap,total,0.0,dbms,08-2026,couchbase-802-vanilla-ee-medium-medium-aws,1,ip-172-31-28-138,ranking,benchANT
2026-08-12 11:15:30+00:00,swap,total,0.0,dbms,08-2026,couchbase-802-vanilla-ee-medium-medium-aws,1,ip-172-31-28-138,ranking,benchANT
2026-08-12 11:15:40+00:00,swap,total,0.0,dbms,08-2026,couchbase-802-vanilla-ee-medium-medium-aws,1,ip-172-31-28-138,ranking,benchANT
2026-08-12 11:15:50+00:00,swap,total,0.0,dbms,08-2026,couchbase-802-vanilla-ee-medium-medium-aws,1,ip-172-31-28-138,ranking,benchANT
2026-08-12 11:03:30+00:00,swap,used,0.0,dbms,08-2026,couchbase-802-vanilla-ee-medium-medium-aws,1,ip-172-31-28-138,ranking,benchANT
2026-08-12 11:03:40+00:00,swap,used,0.0,dbms,08-2026,couchbase-802-vanilla-ee-medium-medium-aws,1,ip-172-31-28-138,ranking,benchANT
2026-08-12 11:03:50+00:00,swap,used,0.0,dbms,08-2026,couchbase-802-vanilla-ee-medium-medium-aws,1,ip-172-31-28-138,ranking,benchANT
2026-08-12 11:04:00+00:00,swap,used,0.0,dbms,08-2026,couchbase-802-vanilla-ee-medium-medium-aws,1,ip-172-31-28-138,ranking,benchANT
2026-08-12 11:04:10+00:00,swap,used,0.0,dbms,08-2026,couchbase-802-vanilla-ee-medium-medium-aws,1,ip-172-31-28-138,ranking,benchANT
2026-08-12 11:04:20+00:00,swap,used,0.0,dbms,08-2026,couchbase-802-vanilla-ee-medium-medium-aws,1,ip-172-31-28-138,ranking,benchANT
2026-08-12 11:04:30+00:00,swap,used,0.0,dbms,08-2026,couchbase-802-vanilla-ee-medium-medium-aws,1,ip-172-31-28-138,ranking,benchANT
2026-08-12 11:04:40+00:00,swap,used,0.0,dbms,08-2026,couchbase-802-vanilla-ee-medium-medium-aws,1,ip-172-31-28-138,ranking,benchANT
2026-08-12 11:04:50+00:00,swap,used,0.0,dbms,08-2026,couchbase-802-vanilla-ee-medium-medium-aws,1,ip-172-31-28-138,ranking,benchANT
2026-08-12 11:05:00+00:00,swap,used,0.0,dbms,08-2026,couchbase-802-vanilla-ee-medium-medium-aws,1,ip-172-31-28-138,ranking,benchANT
2026-08-12 11:05:10+00:00,swap,used,0.0,dbms,08-2026,couchbase-802-vanilla-ee-medium-medium-aws,1,ip-172-31-28-138,ranking,benchANT
2026-08-12 11:05:20+00:00,swap,used,0.0,dbms,08-2026,couchbase-802-vanilla-ee-medium-medium-aws,1,ip-172-31-28-138,ranking,benchANT
2026-08-12 11:05:30+00:00,swap,used,0.0,dbms,08-2026,couchbase-802-vanilla-ee-medium-medium-aws,1,ip-172-31-28-138,ranking,benchANT
2026-08-12 11:05:40+00:00,swap,used,0.0,dbms,08-2026,couchbase-802-vanilla-ee-medium-medium-aws,1,ip-172-31-28-138,ranking,benchANT
2026-08-12 11:05:50+00:00,swap,used,0.0,dbms,08-2026,couchbase-802-vanilla-ee-medium-medium-aws,1,ip-172-31-28-138,ranking,benchANT
2026-08-12 11:06:00+00:00,swap,used,0.0,dbms,08-2026,couchbase-802-vanilla-ee-medium-medium-aws,1,ip-172-31-28-138,ranking,benchANT
2026-08-12 11:06:10+00:00,swap,used,0.0,dbms,08-2026,couchbase-802-vanilla-ee-medium-medium-aws,1,ip-172-31-28-138,ranking,benchANT
2026-08-12 11:06:20+00:00,swap,used,0.0,dbms,08-2026,couchbase-802-vanilla-ee-medium-medium-aws,1,ip-172-31-28-138,ranking,benchANT
2026-08-12 11:06:30+00:00,swap,used,0.0,dbms,08-2026,couchbase-802-vanilla-ee-medium-medium-aws,1,ip-172-31-28-138,ranking,benchANT
2026-08-12 11:06:40+00:00,swap,used,0.0,dbms,08-2026,couchbase-802-vanilla-ee-medium-medium-aws,1,ip-172-31-28-138,ranking,benchANT
2026-08-12 11:06:50+00:00,swap,used,0.0,dbms,08-2026,couchbase-802-vanilla-ee-medium-medium-aws,1,ip-172-31-28-138,ranking,benchANT
2026-08-12 11:07:00+00:00,swap,used,0.0,dbms,08-2026,couchbase-802-vanilla-ee-medium-medium-aws,1,ip-172-31-28-138,ranking,benchANT
2026-08-12 11:07:10+00:00,swap,used,0.0,dbms,08-2026,couchbase-802-vanilla-ee-medium-medium-aws,1,ip-172-31-28-138,ranking,benchANT
2026-08-12 11:07:20+00:00,swap,used,0.0,dbms,08-2026,couchbase-802-vanilla-ee-medium-medium-aws,1,ip-172-31-28-138,ranking,benchANT
2026-08-12 11:07:30+00:00,swap,used,0.0,dbms,08-2026,couchbase-802-vanilla-ee-medium-medium-aws,1,ip-172-31-28-138,ranking,benchANT
2026-08-12 11:07:40+00:00,swap,used,0.0,dbms,08-2026,couchbase-802-vanilla-ee-medium-medium-aws,1,ip-172-31-28-138,ranking,benchANT
2026-08-12 11:07:50+00:00,swap,used,0.0,dbms,08-2026,couchbase-802-vanilla-ee-medium-medium-aws,1,ip-172-31-28-138,ranking,benchANT
2026-08-12 11:08:00+00:00,swap,used,0.0,dbms,08-2026,couchbase-802-vanilla-ee-medium-medium-aws,1,ip-172-31-28-138,ranking,benchANT
2026-08-12 11:08:10+00:00,swap,used,0.0,dbms,08-2026,couchbase-802-vanilla-ee-medium-medium-aws,1,ip-172-31-28-138,ranking,benchANT
2026-08-12 11:08:20+00:00,swap,used,0.0,dbms,08-2026,couchbase-802-vanilla-ee-medium-medium-aws,1,ip-172-31-28-138,ranking,benchANT
2026-08-12 11:08:30+00:00,swap,used,0.0,dbms,08-2026,couchbase-802-vanilla-ee-medium-medium-aws,1,ip-172-31-28-138,ranking,benchANT
2026-08-12 11:08:40+00:00,swap,used,0.0,dbms,08-2026,couchbase-802-vanilla-ee-medium-medium-aws,1,ip-172-31-28-138,ranking,benchANT
2026-08-12 11:08:50+00:00,swap,used,0.0,dbms,08-2026,couchbase-802-vanilla-ee-medium-medium-aws,1,ip-172-31-28-138,ranking,benchANT
2026-08-12 11:09:00+00:00,swap,used,0.0,dbms,08-2026,couchbase-802-vanilla-ee-medium-medium-aws,1,ip-172-31-28-138,ranking,benchANT
2026-08-12 11:09:10+00:00,swap,used,0.0,dbms,08-2026,couchbase-802-vanilla-ee-medium-medium-aws,1,ip-172-31-28-138,ranking,benchANT
2026-08-12 11:09:20+00:00,swap,used,0.0,dbms,08-2026,couchbase-802-vanilla-ee-medium-medium-aws,1,ip-172-31-28-138,ranking,benchANT
2026-08-12 11:09:30+00:00,swap,used,0.0,dbms,08-2026,couchbase-802-vanilla-ee-medium-medium-aws,1,ip-172-31-28-138,ranking,benchANT
2026-08-12 11:09:40+00:00,swap,used,0.0,dbms,08-2026,couchbase-802-vanilla-ee-medium-medium-aws,1,ip-172-31-28-138,ranking,benchANT
2026-08-12 11:09:50+00:00,swap,used,0.0,dbms,08-2026,couchbase-802-vanilla-ee-medium-medium-aws,1,ip-172-31-28-138,ranking,benchANT
2026-08-12 11:10:00+00:00,swap,used,0.0,dbms,08-2026,couchbase-802-vanilla-ee-medium-medium-aws,1,ip-172-31-28-138,ranking,benchANT
2026-08-12 11:10:10+00:00,swap,used,0.0,dbms,08-2026,couchbase-802-vanilla-ee-medium-medium-aws,1,ip-172-31-28-138,ranking,benchANT
2026-08-12 11:10:20+00:00,swap,used,0.0,dbms,08-2026,couchbase-802-vanilla-ee-medium-medium-aws,1,ip-172-31-28-138,ranking,benchANT
2026-08-12 11:10:30+00:00,swap,used,0.0,dbms,08-2026,couchbase-802-vanilla-ee-medium-medium-aws,1,ip-172-31-28-138,ranking,benchANT
2026-08-12 11:10:40+00:00,swap,used,0.0,dbms,08-2026,couchbase-802-vanilla-ee-medium-medium-aws,1,ip-172-31-28-138,ranking,benchANT
2026-08-12 11:10:50+00:00,swap,used,0.0,dbms,08-2026,couchbase-802-vanilla-ee-medium-medium-aws,1,ip-172-31-28-138,ranking,benchANT
2026-08-12 11:11:00+00:00,swap,used,0.0,dbms,08-2026,couchbase-802-vanilla-ee-medium-medium-aws,1,ip-172-31-28-138,ranking,benchANT
2026-08-12 11:11:10+00:00,swap,used,0.0,dbms,08-2026,couchbase-802-vanilla-ee-medium-medium-aws,1,ip-172-31-28-138,ranking,benchANT
2026-08-12 11:11:20+00:00,swap,used,0.0,dbms,08-2026,couchbase-802-vanilla-ee-medium-medium-aws,1,ip-172-31-28-138,ranking,benchANT
2026-08-12 11:11:30+00:00,swap,used,0.0,dbms,08-2026,couchbase-802-vanilla-ee-medium-medium-aws,1,ip-172-31-28-138,ranking,benchANT
2026-08-12 11:11:40+00:00,swap,used,0.0,dbms,08-2026,couchbase-802-vanilla-ee-medium-medium-aws,1,ip-172-31-28-138,ranking,benchANT
2026-08-12 11:11:50+00:00,swap,used,0.0,dbms,08-2026,couchbase-802-vanilla-ee-medium-medium-aws,1,ip-172-31-28-138,ranking,benchANT
2026-08-12 11:12:00+00:00,swap,used,0.0,dbms,08-2026,couchbase-802-vanilla-ee-medium-medium-aws,1,ip-172-31-28-138,ranking,benchANT
2026-08-12 11:12:10+00:00,swap,used,0.0,dbms,08-2026,couchbase-802-vanilla-ee-medium-medium-aws,1,ip-172-31-28-138,ranking,benchANT
2026-08-12 11:12:20+00:00,swap,used,0.0,dbms,08-2026,couchbase-802-vanilla-ee-medium-medium-aws,1,ip-172-31-28-138,ranking,benchANT
2026-08-12 11:12:30+00:00,swap,used,0.0,dbms,08-2026,couchbase-802-vanilla-ee-medium-medium-aws,1,ip-172-31-28-138,ranking,benchANT
2026-08-12 11:12:40+00:00,swap,used,0.0,dbms,08-2026,couchbase-802-vanilla-ee-medium-medium-aws,1,ip-172-31-28-138,ranking,benchANT
2026-08-12 11:12:50+00:00,swap,used,0.0,dbms,08-2026,couchbase-802-vanilla-ee-medium-medium-aws,1,ip-172-31-28-138,ranking,benchANT
2026-08-12 11:13:00+00:00,swap,used,0.0,dbms,08-2026,couchbase-802-vanilla-ee-medium-medium-aws,1,ip-172-31-28-138,ranking,benchANT
2026-08-12 11:13:10+00:00,swap,used,0.0,dbms,08-2026,couchbase-802-vanilla-ee-medium-medium-aws,1,ip-172-31-28-138,ranking,benchANT
2026-08-12 11:13:20+00:00,swap,used,0.0,dbms,08-2026,couchbase-802-vanilla-ee-medium-medium-aws,1,ip-172-31-28-138,ranking,benchANT
2026-08-12 11:13:30+00:00,swap,used,0.0,dbms,08-2026,couchbase-802-vanilla-ee-medium-medium-aws,1,ip-172-31-28-138,ranking,benchANT
2026-08-12 11:13:40+00:00,swap,used,0.0,dbms,08-2026,couchbase-802-vanilla-ee-medium-medium-aws,1,ip-172-31-28-138,ranking,benchANT
2026-08-12 11:13:50+00:00,swap,used,0.0,dbms,08-2026,couchbase-802-vanilla-ee-medium-medium-aws,1,ip-172-31-28-138,ranking,benchANT
2026-08-12 11:14:00+00:00,swap,used,0.0,dbms,08-2026,couchbase-802-vanilla-ee-medium-medium-aws,1,ip-172-31-28-138,ranking,benchANT
2026-08-12 11:14:10+00:00,swap,used,0.0,dbms,08-2026,couchbase-802-vanilla-ee-medium-medium-aws,1,ip-172-31-28-138,ranking,benchANT
2026-08-12 11:14:20+00:00,swap,used,0.0,dbms,08-2026,couchbase-802-vanilla-ee-medium-medium-aws,1,ip-172-31-28-138,ranking,benchANT
2026-08-12 11:14:30+00:00,swap,used,0.0,dbms,08-2026,couchbase-802-vanilla-ee-medium-medium-aws,1,ip-172-31-28-138,ranking,benchANT
2026-08-12 11:14:40+00:00,swap,used,0.0,dbms,08-2026,couchbase-802-vanilla-ee-medium-medium-aws,1,ip-172-31-28-138,ranking,benchANT
2026-08-12 11:14:50+00:00,swap,used,0.0,dbms,08-2026,couchbase-802-vanilla-ee-medium-medium-aws,1,ip-172-31-28-138,ranking,benchANT
2026-08-12 11:15:00+00:00,swap,used,0.0,dbms,08-2026,couchbase-802-vanilla-ee-medium-medium-aws,1,ip-172-31-28-138,ranking,benchANT
2026-08-12 11:15:10+00:00,swap,used,0.0,dbms,08-2026,couchbase-802-vanilla-ee-medium-medium-aws,1,ip-172-31-28-138,ranking,benchANT
2026-08-12 11:15:20+00:00,swap,used,0.0,dbms,08-2026,couchbase-802-vanilla-ee-medium-medium-aws,1,ip-172-31-28-138,ranking,benchANT
2026-08-12 11:15:30+00:00,swap,used,0.0,dbms,08-2026,couchbase-802-vanilla-ee-medium-medium-aws,1,ip-172-31-28-138,ranking,benchANT
2026-08-12 11:15:40+00:00,swap,used,0.0,dbms,08-2026,couchbase-802-vanilla-ee-medium-medium-aws,1,ip-172-31-28-138,ranking,benchANT
2026-08-12 11:15:50+00:00,swap,used,0.0,dbms,08-2026,couchbase-802-vanilla-ee-medium-medium-aws,1,ip-172-31-28-138,ranking,benchANT
2026-08-12 11:03:30+00:00,swap,used_percent,0.0,dbms,08-2026,couchbase-802-vanilla-ee-medium-medium-aws,1,ip-172-31-28-138,ranking,benchANT
2026-08-12 11:03:40+00:00,swap,used_percent,0.0,dbms,08-2026,couchbase-802-vanilla-ee-medium-medium-aws,1,ip-172-31-28-138,ranking,benchANT
2026-08-12 11:03:50+00:00,swap,used_percent,0.0,dbms,08-2026,couchbase-802-vanilla-ee-medium-medium-aws,1,ip-172-31-28-138,ranking,benchANT
2026-08-12 11:04:00+00:00,swap,used_percent,0.0,dbms,08-2026,couchbase-802-vanilla-ee-medium-medium-aws,1,ip-172-31-28-138,ranking,benchANT
2026-08-12 11:04:10+00:00,swap,used_percent,0.0,dbms,08-2026,couchbase-802-vanilla-ee-medium-medium-aws,1,ip-172-31-28-138,ranking,benchANT
2026-08-12 11:04:20+00:00,swap,used_percent,0.0,dbms,08-2026,couchbase-802-vanilla-ee-medium-medium-aws,1,ip-172-31-28-138,ranking,benchANT
2026-08-12 11:04:30+00:00,swap,used_percent,0.0,dbms,08-2026,couchbase-802-vanilla-ee-medium-medium-aws,1,ip-172-31-28-138,ranking,benchANT
2026-08-12 11:04:40+00:00,swap,used_percent,0.0,dbms,08-2026,couchbase-802-vanilla-ee-medium-medium-aws,1,ip-172-31-28-138,ranking,benchANT
2026-08-12 11:04:50+00:00,swap,used_percent,0.0,dbms,08-2026,couchbase-802-vanilla-ee-medium-medium-aws,1,ip-172-31-28-138,ranking,benchANT
2026-08-12 11:05:00+00:00,swap,used_percent,0.0,dbms,08-2026,couchbase-802-vanilla-ee-medium-medium-aws,1,ip-172-31-28-138,ranking,benchANT
2026-08-12 11:05:10+00:00,swap,used_percent,0.0,dbms,08-2026,couchbase-802-vanilla-ee-medium-medium-aws,1,ip-172-31-28-138,ranking,benchANT
2026-08-12 11:05:20+00:00,swap,used_percent,0.0,dbms,08-2026,couchbase-802-vanilla-ee-medium-medium-aws,1,ip-172-31-28-138,ranking,benchANT
2026-08-12 11:05:30+00:00,swap,used_percent,0.0,dbms,08-2026,couchbase-802-vanilla-ee-medium-medium-aws,1,ip-172-31-28-138,ranking,benchANT
2026-08-12 11:05:40+00:00,swap,used_percent,0.0,dbms,08-2026,couchbase-802-vanilla-ee-medium-medium-aws,1,ip-172-31-28-138,ranking,benchANT
2026-08-12 11:05:50+00:00,swap,used_percent,0.0,dbms,08-2026,couchbase-802-vanilla-ee-medium-medium-aws,1,ip-172-31-28-138,ranking,benchANT
2026-08-12 11:06:00+00:00,swap,used_percent,0.0,dbms,08-2026,couchbase-802-vanilla-ee-medium-medium-aws,1,ip-172-31-28-138,ranking,benchANT
2026-08-12 11:06:10+00:00,swap,used_percent,0.0,dbms,08-2026,couchbase-802-vanilla-ee-medium-medium-aws,1,ip-172-31-28-138,ranking,benchANT
2026-08-12 11:06:20+00:00,swap,used_percent,0.0,dbms,08-2026,couchbase-802-vanilla-ee-medium-medium-aws,1,ip-172-31-28-138,ranking,benchANT
2026-08-12 11:06:30+00:00,swap,used_percent,0.0,dbms,08-2026,couchbase-802-vanilla-ee-medium-medium-aws,1,ip-172-31-28-138,ranking,benchANT
2026-08-12 11:06:40+00:00,swap,used_percent,0.0,dbms,08-2026,couchbase-802-vanilla-ee-medium-medium-aws,1,ip-172-31-28-138,ranking,benchANT
2026-08-12 11:06:50+00:00,swap,used_percent,0.0,dbms,08-2026,couchbase-802-vanilla-ee-medium-medium-aws,1,ip-172-31-28-138,ranking,benchANT
2026-08-12 11:07:00+00:00,swap,used_percent,0.0,dbms,08-2026,couchbase-802-vanilla-ee-medium-medium-aws,1,ip-172-31-28-138,ranking,benchANT
2026-08-12 11:07:10+00:00,swap,used_percent,0.0,dbms,08-2026,couchbase-802-vanilla-ee-medium-medium-aws,1,ip-172-31-28-138,ranking,benchANT
2026-08-12 11:07:20+00:00,swap,used_percent,0.0,dbms,08-2026,couchbase-802-vanilla-ee-medium-medium-aws,1,ip-172-31-28-138,ranking,benchANT
2026-08-12 11:07:30+00:00,swap,used_percent,0.0,dbms,08-2026,couchbase-802-vanilla-ee-medium-medium-aws,1,ip-172-31-28-138,ranking,benchANT
2026-08-12 11:07:40+00:00,swap,used_percent,0.0,dbms,08-2026,couchbase-802-vanilla-ee-medium-medium-aws,1,ip-172-31-28-138,ranking,benchANT
2026-08-12 11:07:50+00:00,swap,used_percent,0.0,dbms,08-2026,couchbase-802-vanilla-ee-medium-medium-aws,1,ip-172-31-28-138,ranking,benchANT
2026-08-12 11:08:00+00:00,swap,used_percent,0.0,dbms,08-2026,couchbase-802-vanilla-ee-medium-medium-aws,1,ip-172-31-28-138,ranking,benchANT
2026-08-12 11:08:10+00:00,swap,used_percent,0.0,dbms,08-2026,couchbase-802-vanilla-ee-medium-medium-aws,1,ip-172-31-28-138,ranking,benchANT
2026-08-12 11:08:20+00:00,swap,used_percent,0.0,dbms,08-2026,couchbase-802-vanilla-ee-medium-medium-aws,1,ip-172-31-28-138,ranking,benchANT
2026-08-12 11:08:30+00:00,swap,used_percent,0.0,dbms,08-2026,couchbase-802-vanilla-ee-medium-medium-aws,1,ip-172-31-28-138,ranking,benchANT
2026-08-12 11:08:40+00:00,swap,used_percent,0.0,dbms,08-2026,couchbase-802-vanilla-ee-medium-medium-aws,1,ip-172-31-28-138,ranking,benchANT
2026-08-12 11:08:50+00:00,swap,used_percent,0.0,dbms,08-2026,couchbase-802-vanilla-ee-medium-medium-aws,1,ip-172-31-28-138,ranking,benchANT
2026-08-12 11:09:00+00:00,swap,used_percent,0.0,dbms,08-2026,couchbase-802-vanilla-ee-medium-medium-aws,1,ip-172-31-28-138,ranking,benchANT
2026-08-12 11:09:10+00:00,swap,used_percent,0.0,dbms,08-2026,couchbase-802-vanilla-ee-medium-medium-aws,1,ip-172-31-28-138,ranking,benchANT
2026-08-12 11:09:20+00:00,swap,used_percent,0.0,dbms,08-2026,couchbase-802-vanilla-ee-medium-medium-aws,1,ip-172-31-28-138,ranking,benchANT
2026-08-12 11:09:30+00:00,swap,used_percent,0.0,dbms,08-2026,couchbase-802-vanilla-ee-medium-medium-aws,1,ip-172-31-28-138,ranking,benchANT
2026-08-12 11:09:40+00:00,swap,used_percent,0.0,dbms,08-2026,couchbase-802-vanilla-ee-medium-medium-aws,1,ip-172-31-28-138,ranking,benchANT
2026-08-12 11:09:50+00:00,swap,used_percent,0.0,dbms,08-2026,couchbase-802-vanilla-ee-medium-medium-aws,1,ip-172-31-28-138,ranking,benchANT
2026-08-12 11:10:00+00:00,swap,used_percent,0.0,dbms,08-2026,couchbase-802-vanilla-ee-medium-medium-aws,1,ip-172-31-28-138,ranking,benchANT
2026-08-12 11:10:10+00:00,swap,used_percent,0.0,dbms,08-2026,couchbase-802-vanilla-ee-medium-medium-aws,1,ip-172-31-28-138,ranking,benchANT
2026-08-12 11:10:20+00:00,swap,used_percent,0.0,dbms,08-2026,couchbase-802-vanilla-ee-medium-medium-aws,1,ip-172-31-28-138,ranking,benchANT
2026-08-12 11:10:30+00:00,swap,used_percent,0.0,dbms,08-2026,couchbase-802-vanilla-ee-medium-medium-aws,1,ip-172-31-28-138,ranking,benchANT
2026-08-12 11:10:40+00:00,swap,used_percent,0.0,dbms,08-2026,couchbase-802-vanilla-ee-medium-medium-aws,1,ip-172-31-28-138,ranking,benchANT
2026-08-12 11:10:50+00:00,swap,used_percent,0.0,dbms,08-2026,couchbase-802-vanilla-ee-medium-medium-aws,1,ip-172-31-28-138,ranking,benchANT
2026-08-12 11:11:00+00:00,swap,used_percent,0.0,dbms,08-2026,couchbase-802-vanilla-ee-medium-medium-aws,1,ip-172-31-28-138,ranking,benchANT
2026-08-12 11:11:10+00:00,swap,used_percent,0.0,dbms,08-2026,couchbase-802-vanilla-ee-medium-medium-aws,1,ip-172-31-28-138,ranking,benchANT
2026-08-12 11:11:20+00:00,swap,used_percent,0.0,dbms,08-2026,couchbase-802-vanilla-ee-medium-medium-aws,1,ip-172-31-28-138,ranking,benchANT
2026-08-12 11:11:30+00:00,swap,used_percent,0.0,dbms,08-2026,couchbase-802-vanilla-ee-medium-medium-aws,1,ip-172-31-28-138,ranking,benchANT
2026-08-12 11:11:40+00:00,swap,used_percent,0.0,dbms,08-2026,couchbase-802-vanilla-ee-medium-medium-aws,1,ip-172-31-28-138,ranking,benchANT
2026-08-12 11:11:50+00:00,swap,used_percent,0.0,dbms,08-2026,couchbase-802-vanilla-ee-medium-medium-aws,1,ip-172-31-28-138,ranking,benchANT
2026-08-12 11:12:00+00:00,swap,used_percent,0.0,dbms,08-2026,couchbase-802-vanilla-ee-medium-medium-aws,1,ip-172-31-28-138,ranking,benchANT
2026-08-12 11:12:10+00:00,swap,used_percent,0.0,dbms,08-2026,couchbase-802-vanilla-ee-medium-medium-aws,1,ip-172-31-28-138,ranking,benchANT
2026-08-12 11:12:20+00:00,swap,used_percent,0.0,dbms,08-2026,couchbase-802-vanilla-ee-medium-medium-aws,1,ip-172-31-28-138,ranking,benchANT
2026-08-12 11:12:30+00:00,swap,used_percent,0.0,dbms,08-2026,couchbase-802-vanilla-ee-medium-medium-aws,1,ip-172-31-28-138,ranking,benchANT
2026-08-12 11:12:40+00:00,swap,used_percent,0.0,dbms,08-2026,couchbase-802-vanilla-ee-medium-medium-aws,1,ip-172-31-28-138,ranking,benchANT
2026-08-12 11:12:50+00:00,swap,used_percent,0.0,dbms,08-2026,couchbase-802-vanilla-ee-medium-medium-aws,1,ip-172-31-28-138,ranking,benchANT
2026-08-12 11:13:00+00:00,swap,used_percent,0.0,dbms,08-2026,couchbase-802-vanilla-ee-medium-medium-aws,1,ip-172-31-28-138,ranking,benchANT
2026-08-12 11:13:10+00:00,swap,used_percent,0.0,dbms,08-2026,couchbase-802-vanilla-ee-medium-medium-aws,1,ip-172-31-28-138,ranking,benchANT
2026-08-12 11:13:20+00:00,swap,used_percent,0.0,dbms,08-2026,couchbase-802-vanilla-ee-medium-medium-aws,1,ip-172-31-28-138,ranking,benchANT
2026-08-12 11:13:30+00:00,swap,used_percent,0.0,dbms,08-2026,couchbase-802-vanilla-ee-medium-medium-aws,1,ip-172-31-28-138,ranking,benchANT
2026-08-12 11:13:40+00:00,swap,used_percent,0.0,dbms,08-2026,couchbase-802-vanilla-ee-medium-medium-aws,1,ip-172-31-28-138,ranking,benchANT
2026-08-12 11:13:50+00:00,swap,used_percent,0.0,dbms,08-2026,couchbase-802-vanilla-ee-medium-medium-aws,1,ip-172-31-28-138,ranking,benchANT
2026-08-12 11:14:00+00:00,swap,used_percent,0.0,dbms,08-2026,couchbase-802-vanilla-ee-medium-medium-aws,1,ip-172-31-28-138,ranking,benchANT
2026-08-12 11:14:10+00:00,swap,used_percent,0.0,dbms,08-2026,couchbase-802-vanilla-ee-medium-medium-aws,1,ip-172-31-28-138,ranking,benchANT
2026-08-12 11:14:20+00:00,swap,used_percent,0.0,dbms,08-2026,couchbase-802-vanilla-ee-medium-medium-aws,1,ip-172-31-28-138,ranking,benchANT
2026-08-12 11:14:30+00:00,swap,used_percent,0.0,dbms,08-2026,couchbase-802-vanilla-ee-medium-medium-aws,1,ip-172-31-28-138,ranking,benchANT
2026-08-12 11:14:40+00:00,swap,used_percent,0.0,dbms,08-2026,couchbase-802-vanilla-ee-medium-medium-aws,1,ip-172-31-28-138,ranking,benchANT
2026-08-12 11:14:50+00:00,swap,used_percent,0.0,dbms,08-2026,couchbase-802-vanilla-ee-medium-medium-aws,1,ip-172-31-28-138,ranking,benchANT
2026-08-12 11:15:00+00:00,swap,used_percent,0.0,dbms,08-2026,couchbase-802-vanilla-ee-medium-medium-aws,1,ip-172-31-28-138,ranking,benchANT
2026-08-12 11:15:10+00:00,swap,used_percent,0.0,dbms,08-2026,couchbase-802-vanilla-ee-medium-medium-aws,1,ip-172-31-28-138,ranking,benchANT
2026-08-12 11:15:20+00:00,swap,used_percent,0.0,dbms,08-2026,couchbase-802-vanilla-ee-medium-medium-aws,1,ip-172-31-28-138,ranking,benchANT
2026-08-12 11:15:30+00:00,swap,used_percent,0.0,dbms,08-2026,couchbase-802-vanilla-ee-medium-medium-aws,1,ip-172-31-28-138,ranking,benchANT
2026-08-12 11:15:40+00:00,swap,used_percent,0.0,dbms,08-2026,couchbase-802-vanilla-ee-medium-medium-aws,1,ip-172-31-28-138,ranking,benchANT
2026-08-12 11:15:50+00:00,swap,used_percent,0.0,dbms,08-2026,couchbase-802-vanilla-ee-medium-medium-aws,1,ip-172-31-28-138,ranking,benchANT
