time,measurement,field,value,application,batchId,configurationId,executionCounter,host,projectId,userId
2026-08-12 11:03:30+00:00,system,load1,0.04,dbms,08-2026,couchbase-802-vanilla-ee-medium-medium-aws,1,ip-172-31-17-239,ranking,benchANT
2026-08-12 11:03:40+00:00,system,load1,0.04,dbms,08-2026,couchbase-802-vanilla-ee-medium-medium-aws,1,ip-172-31-17-239,ranking,benchANT
2026-08-12 11:03:50+00:00,system,load1,0.03,dbms,08-2026,couchbase-802-vanilla-ee-medium-medium-aws,1,ip-172-31-17-239,ranking,benchANT
2026-08-12 11:04:00+00:00,system,load1,0.03,dbms,08-2026,couchbase-802-vanilla-ee-medium-medium-aws,1,ip-172-31-17-239,ranking,benchANT
2026-08-12 11:04:10+00:00,system,load1,0.79,dbms,08-2026,couchbase-802-vanilla-ee-medium-medium-aws,1,ip-172-31-17-239,ranking,benchANT
2026-08-12 11:04:20+00:00,system,load1,1.51,dbms,08-2026,couchbase-802-vanilla-ee-medium-medium-aws,1,ip-172-31-17-239,ranking,benchANT
2026-08-12 11:04:30+00:00,system,load1,2.2,dbms,08-2026,couchbase-802-vanilla-ee-medium-medium-aws,1,ip-172-31-17-239,ranking,benchANT
2026-08-12 11:04:40+00:00,system,load1,3.25,dbms,08-2026,couchbase-802-vanilla-ee-medium-medium-aws,1,ip-172-31-17-239,ranking,benchANT
2026-08-12 11:04:50+00:00,system,load1,4.22,dbms,08-2026,couchbase-802-vanilla-ee-medium-medium-aws,1,ip-172-31-17-239,ranking,benchANT
2026-08-12 11:05:00+00:00,system,load1,5.27,dbms,08-2026,couchbase-802-vanilla-ee-medium-medium-aws,1,ip-172-31-17-239,ranking,benchANT
2026-08-12 11:05:10+00:00,system,load1,5.84,dbms,08-2026,couchbase-802-vanilla-ee-medium-medium-aws,1,ip-172-31-17-239,ranking,benchANT
2026-08-12 11:05:20+00:00,system,load1,6.39,dbms,08-2026,couchbase-802-vanilla-ee-medium-medium-aws,1,ip-172-31-17-239,ranking,benchANT
2026-08-12 11:05:30+00:00,system,load1,6.65,dbms,08-2026,couchbase-802-vanilla-ee-medium-medium-aws,1,ip-172-31-17-239,ranking,benchANT
2026-08-12 11:05:40+00:00,system,load1,6.79,dbms,08-2026,couchbase-802-vanilla-ee-medium-medium-aws,1,ip-172-31-17-239,ranking,benchANT
2026-08-12 11:05:50+00:00,system,load1,7.13,dbms,08-2026,couchbase-802-vanilla-ee-medium-medium-aws,1,ip-172-31-17-239,ranking,benchANT
2026-08-12 11:06:00+00:00,system,load1,7.64,dbms,08-2026,couchbase-802-vanilla-ee-medium-medium-aws,1,ip-172-31-17-239,ranking,benchANT
2026-08-12 11:06:10+00:00,system,load1,7.78,dbms,08-2026,couchbase-802-vanilla-ee-medium-medium-aws,1,ip-172-31-17-239,ranking,benchANT
2026-08-12 11:06:20+00:00,system,load1,8.12,dbms,08-2026,couchbase-802-vanilla-ee-medium-medium-aws,1,ip-172-31-17-239,ranking,benchANT
2026-08-12 11:06:30+00:00,system,load1,7.71,dbms,08-2026,couchbase-802-vanilla-ee-medium-medium-aws,1,ip-172-31-17-239,ranking,benchANT
2026-08-12 11:06:40+00:00,system,load1,7.83,dbms,08-2026,couchbase-802-vanilla-ee-medium-medium-aws,1,ip-172-31-17-239,ranking,benchANT
2026-08-12 11:06:50+00:00,system,load1,8.08,dbms,08-2026,couchbase-802-vanilla-ee-medium-medium-aws,1,ip-172-31-17-239,ranking,benchANT
2026-08-12 11:07:00+00:00,system,load1,8.3,dbms,08-2026,couchbase-802-vanilla-ee-medium-medium-aws,1,ip-172-31-17-239,ranking,benchANT
2026-08-12 11:07:10+00:00,system,load1,8.42,dbms,08-2026,couchbase-802-vanilla-ee-medium-medium-aws,1,ip-172-31-17-239,ranking,benchANT
2026-08-12 11:07:20+00:00,system,load1,8.66,dbms,08-2026,couchbase-802-vanilla-ee-medium-medium-aws,1,ip-172-31-17-239,ranking,benchANT
2026-08-12 11:07:30+00:00,system,load1,8.87,dbms,08-2026,couchbase-802-vanilla-ee-medium-medium-aws,1,ip-172-31-17-239,ranking,benchANT
2026-08-12 11:07:40+00:00,system,load1,9.19,dbms,08-2026,couchbase-802-vanilla-ee-medium-medium-aws,1,ip-172-31-17-239,ranking,benchANT
2026-08-12 11:07:50+00:00,system,load1,9.54,dbms,08-2026,couchbase-802-vanilla-ee-medium-medium-aws,1,ip-172-31-17-239,ranking,benchANT
2026-08-12 11:08:00+00:00,system,load1,9.45,dbms,08-2026,couchbase-802-vanilla-ee-medium-medium-aws,1,ip-172-31-17-239,ranking,benchANT
2026-08-12 11:08:10+00:00,system,load1,9.53,dbms,08-2026,couchbase-802-vanilla-ee-medium-medium-aws,1,ip-172-31-17-239,ranking,benchANT
2026-08-12 11:08:20+00:00,system,load1,9.37,dbms,08-2026,couchbase-802-vanilla-ee-medium-medium-aws,1,ip-172-31-17-239,ranking,benchANT
2026-08-12 11:08:30+00:00,system,load1,9.01,dbms,08-2026,couchbase-802-vanilla-ee-medium-medium-aws,1,ip-172-31-17-239,ranking,benchANT
2026-08-12 11:08:40+00:00,system,load1,8.93,dbms,08-2026,couchbase-802-vanilla-ee-medium-medium-aws,1,ip-172-31-17-239,ranking,benchANT
2026-08-12 11:08:50+00:00,system,load1,8.94,dbms,08-2026,couchbase-802-vanilla-ee-medium-medium-aws,1,ip-172-31-17-239,ranking,benchANT
2026-08-12 11:09:00+00:00,system,load1,8.87,dbms,08-2026,couchbase-802-vanilla-ee-medium-medium-aws,1,ip-172-31-17-239,ranking,benchANT
2026-08-12 11:09:10+00:00,system,load1,8.75,dbms,08-2026,couchbase-802-vanilla-ee-medium-medium-aws,1,ip-172-31-17-239,ranking,benchANT
2026-08-12 11:09:20+00:00,system,load1,8.71,dbms,08-2026,couchbase-802-vanilla-ee-medium-medium-aws,1,ip-172-31-17-239,ranking,benchANT
2026-08-12 11:09:30+00:00,system,load1,8.75,dbms,08-2026,couchbase-802-vanilla-ee-medium-medium-aws,1,ip-172-31-17-239,ranking,benchANT
2026-08-12 11:09:40+00:00,system,load1,8.4,dbms,08-2026,couchbase-802-vanilla-ee-medium-medium-aws,1,ip-172-31-17-239,ranking,benchANT
2026-08-12 11:09:50+00:00,system,load1,8.56,dbms,08-2026,couchbase-802-vanilla-ee-medium-medium-aws,1,ip-172-31-17-239,ranking,benchANT
2026-08-12 11:10:00+00:00,system,load1,8.56,dbms,08-2026,couchbase-802-vanilla-ee-medium-medium-aws,1,ip-172-31-17-239,ranking,benchANT
2026-08-12 11:10:10+00:00,system,load1,8.86,dbms,08-2026,couchbase-802-vanilla-ee-medium-medium-aws,1,ip-172-31-17-239,ranking,benchANT
2026-08-12 11:10:20+00:00,system,load1,9.03,dbms,08-2026,couchbase-802-vanilla-ee-medium-medium-aws,1,ip-172-31-17-239,ranking,benchANT
2026-08-12 11:10:30+00:00,system,load1,9.18,dbms,08-2026,couchbase-802-vanilla-ee-medium-medium-aws,1,ip-172-31-17-239,ranking,benchANT
2026-08-12 11:10:40+00:00,system,load1,9.6,dbms,08-2026,couchbase-802-vanilla-ee-medium-medium-aws,1,ip-172-31-17-239,ranking,benchANT
2026-08-12 11:10:50+00:00,system,load1,9.74,dbms,08-2026,couchbase-802-vanilla-ee-medium-medium-aws,1,ip-172-31-17-239,ranking,benchANT
2026-08-12 11:11:00+00:00,system,load1,10.01,dbms,08-2026,couchbase-802-vanilla-ee-medium-medium-aws,1,ip-172-31-17-239,ranking,benchANT
2026-08-12 11:11:10+00:00,system,load1,9.93,dbms,08-2026,couchbase-802-vanilla-ee-medium-medium-aws,1,ip-172-31-17-239,ranking,benchANT
2026-08-12 11:11:20+00:00,system,load1,10.16,dbms,08-2026,couchbase-802-vanilla-ee-medium-medium-aws,1,ip-172-31-17-239,ranking,benchANT
2026-08-12 11:11:30+00:00,system,load1,10.07,dbms,08-2026,couchbase-802-vanilla-ee-medium-medium-aws,1,ip-172-31-17-239,ranking,benchANT
2026-08-12 11:11:40+00:00,system,load1,10.07,dbms,08-2026,couchbase-802-vanilla-ee-medium-medium-aws,1,ip-172-31-17-239,ranking,benchANT
2026-08-12 11:11:50+00:00,system,load1,10.35,dbms,08-2026,couchbase-802-vanilla-ee-medium-medium-aws,1,ip-172-31-17-239,ranking,benchANT
2026-08-12 11:12:00+00:00,system,load1,10.21,dbms,08-2026,couchbase-802-vanilla-ee-medium-medium-aws,1,ip-172-31-17-239,ranking,benchANT
2026-08-12 11:12:10+00:00,system,load1,9.8,dbms,08-2026,couchbase-802-vanilla-ee-medium-medium-aws,1,ip-172-31-17-239,ranking,benchANT
2026-08-12 11:12:20+00:00,system,load1,9.69,dbms,08-2026,couchbase-802-vanilla-ee-medium-medium-aws,1,ip-172-31-17-239,ranking,benchANT
2026-08-12 11:12:30+00:00,system,load1,9.89,dbms,08-2026,couchbase-802-vanilla-ee-medium-medium-aws,1,ip-172-31-17-239,ranking,benchANT
2026-08-12 11:12:40+00:00,system,load1,10.05,dbms,08-2026,couchbase-802-vanilla-ee-medium-medium-aws,1,ip-172-31-17-239,ranking,benchANT
2026-08-12 11:12:50+00:00,system,load1,9.98,dbms,08-2026,couchbase-802-vanilla-ee-medium-medium-aws,1,ip-172-31-17-239,ranking,benchANT
2026-08-12 11:13:00+00:00,system,load1,9.67,dbms,08-2026,couchbase-802-vanilla-ee-medium-medium-aws,1,ip-172-31-17-239,ranking,benchANT
2026-08-12 11:13:10+00:00,system,load1,9.87,dbms,08-2026,couchbase-802-vanilla-ee-medium-medium-aws,1,ip-172-31-17-239,ranking,benchANT
2026-08-12 11:13:20+00:00,system,load1,9.73,dbms,08-2026,couchbase-802-vanilla-ee-medium-medium-aws,1,ip-172-31-17-239,ranking,benchANT
2026-08-12 11:13:30+00:00,system,load1,10.01,dbms,08-2026,couchbase-802-vanilla-ee-medium-medium-aws,1,ip-172-31-17-239,ranking,benchANT
2026-08-12 11:13:40+00:00,system,load1,10.08,dbms,08-2026,couchbase-802-vanilla-ee-medium-medium-aws,1,ip-172-31-17-239,ranking,benchANT
2026-08-12 11:13:50+00:00,system,load1,9.69,dbms,08-2026,couchbase-802-vanilla-ee-medium-medium-aws,1,ip-172-31-17-239,ranking,benchANT
2026-08-12 11:14:00+00:00,system,load1,9.29,dbms,08-2026,couchbase-802-vanilla-ee-medium-medium-aws,1,ip-172-31-17-239,ranking,benchANT
2026-08-12 11:14:10+00:00,system,load1,9.79,dbms,08-2026,couchbase-802-vanilla-ee-medium-medium-aws,1,ip-172-31-17-239,ranking,benchANT
2026-08-12 11:14:20+00:00,system,load1,10.05,dbms,08-2026,couchbase-802-vanilla-ee-medium-medium-aws,1,ip-172-31-17-239,ranking,benchANT
2026-08-12 11:14:30+00:00,system,load1,10.35,dbms,08-2026,couchbase-802-vanilla-ee-medium-medium-aws,1,ip-172-31-17-239,ranking,benchANT
2026-08-12 11:14:40+00:00,system,load1,10.38,dbms,08-2026,couchbase-802-vanilla-ee-medium-medium-aws,1,ip-172-31-17-239,ranking,benchANT
2026-08-12 11:14:50+00:00,system,load1,10.55,dbms,08-2026,couchbase-802-vanilla-ee-medium-medium-aws,1,ip-172-31-17-239,ranking,benchANT
2026-08-12 11:15:00+00:00,system,load1,10.32,dbms,08-2026,couchbase-802-vanilla-ee-medium-medium-aws,1,ip-172-31-17-239,ranking,benchANT
2026-08-12 11:15:10+00:00,system,load1,10.49,dbms,08-2026,couchbase-802-vanilla-ee-medium-medium-aws,1,ip-172-31-17-239,ranking,benchANT
2026-08-12 11:15:20+00:00,system,load1,10.4,dbms,08-2026,couchbase-802-vanilla-ee-medium-medium-aws,1,ip-172-31-17-239,ranking,benchANT
2026-08-12 11:15:30+00:00,system,load1,10.34,dbms,08-2026,couchbase-802-vanilla-ee-medium-medium-aws,1,ip-172-31-17-239,ranking,benchANT
2026-08-12 11:15:40+00:00,system,load1,9.71,dbms,08-2026,couchbase-802-vanilla-ee-medium-medium-aws,1,ip-172-31-17-239,ranking,benchANT
2026-08-12 11:15:50+00:00,system,load1,8.21,dbms,08-2026,couchbase-802-vanilla-ee-medium-medium-aws,1,ip-172-31-17-239,ranking,benchANT
2026-08-12 11:03:30+00:00,system,load15,0.74,dbms,08-2026,couchbase-802-vanilla-ee-medium-medium-aws,1,ip-172-31-17-239,ranking,benchANT
2026-08-12 11:03:40+00:00,system,load15,0.73,dbms,08-2026,couchbase-802-vanilla-ee-medium-medium-aws,1,ip-172-31-17-239,ranking,benchANT
2026-08-12 11:03:50+00:00,system,load15,0.72,dbms,08-2026,couchbase-802-vanilla-ee-medium-medium-aws,1,ip-172-31-17-239,ranking,benchANT
2026-08-12 11:04:00+00:00,system,load15,0.71,dbms,08-2026,couchbase-802-vanilla-ee-medium-medium-aws,1,ip-172-31-17-239,ranking,benchANT
2026-08-12 11:04:10+00:00,system,load15,0.76,dbms,08-2026,couchbase-802-vanilla-ee-medium-medium-aws,1,ip-172-31-17-239,ranking,benchANT
2026-08-12 11:04:20+00:00,system,load15,0.81,dbms,08-2026,couchbase-802-vanilla-ee-medium-medium-aws,1,ip-172-31-17-239,ranking,benchANT
2026-08-12 11:04:30+00:00,system,load15,0.86,dbms,08-2026,couchbase-802-vanilla-ee-medium-medium-aws,1,ip-172-31-17-239,ranking,benchANT
2026-08-12 11:04:40+00:00,system,load15,0.95,dbms,08-2026,couchbase-802-vanilla-ee-medium-medium-aws,1,ip-172-31-17-239,ranking,benchANT
2026-08-12 11:04:50+00:00,system,load15,1.04,dbms,08-2026,couchbase-802-vanilla-ee-medium-medium-aws,1,ip-172-31-17-239,ranking,benchANT
2026-08-12 11:05:00+00:00,system,load15,1.15,dbms,08-2026,couchbase-802-vanilla-ee-medium-medium-aws,1,ip-172-31-17-239,ranking,benchANT
2026-08-12 11:05:10+00:00,system,load15,1.24,dbms,08-2026,couchbase-802-vanilla-ee-medium-medium-aws,1,ip-172-31-17-239,ranking,benchANT
2026-08-12 11:05:20+00:00,system,load15,1.33,dbms,08-2026,couchbase-802-vanilla-ee-medium-medium-aws,1,ip-172-31-17-239,ranking,benchANT
2026-08-12 11:05:30+00:00,system,load15,1.4,dbms,08-2026,couchbase-802-vanilla-ee-medium-medium-aws,1,ip-172-31-17-239,ranking,benchANT
2026-08-12 11:05:40+00:00,system,load15,1.46,dbms,08-2026,couchbase-802-vanilla-ee-medium-medium-aws,1,ip-172-31-17-239,ranking,benchANT
2026-08-12 11:05:50+00:00,system,load15,1.54,dbms,08-2026,couchbase-802-vanilla-ee-medium-medium-aws,1,ip-172-31-17-239,ranking,benchANT
2026-08-12 11:06:00+00:00,system,load15,1.64,dbms,08-2026,couchbase-802-vanilla-ee-medium-medium-aws,1,ip-172-31-17-239,ranking,benchANT
2026-08-12 11:06:10+00:00,system,load15,1.71,dbms,08-2026,couchbase-802-vanilla-ee-medium-medium-aws,1,ip-172-31-17-239,ranking,benchANT
2026-08-12 11:06:20+00:00,system,load15,1.8,dbms,08-2026,couchbase-802-vanilla-ee-medium-medium-aws,1,ip-172-31-17-239,ranking,benchANT
2026-08-12 11:06:30+00:00,system,load15,1.84,dbms,08-2026,couchbase-802-vanilla-ee-medium-medium-aws,1,ip-172-31-17-239,ranking,benchANT
2026-08-12 11:06:40+00:00,system,load15,1.92,dbms,08-2026,couchbase-802-vanilla-ee-medium-medium-aws,1,ip-172-31-17-239,ranking,benchANT
2026-08-12 11:06:50+00:00,system,load15,2.0,dbms,08-2026,couchbase-802-vanilla-ee-medium-medium-aws,1,ip-172-31-17-239,ranking,benchANT
2026-08-12 11:07:00+00:00,system,load15,2.08,dbms,08-2026,couchbase-802-vanilla-ee-medium-medium-aws,1,ip-172-31-17-239,ranking,benchANT
2026-08-12 11:07:10+00:00,system,load15,2.15,dbms,08-2026,couchbase-802-vanilla-ee-medium-medium-aws,1,ip-172-31-17-239,ranking,benchANT
2026-08-12 11:07:20+00:00,system,load15,2.24,dbms,08-2026,couchbase-802-vanilla-ee-medium-medium-aws,1,ip-172-31-17-239,ranking,benchANT
2026-08-12 11:07:30+00:00,system,load15,2.32,dbms,08-2026,couchbase-802-vanilla-ee-medium-medium-aws,1,ip-172-31-17-239,ranking,benchANT
2026-08-12 11:07:40+00:00,system,load15,2.41,dbms,08-2026,couchbase-802-vanilla-ee-medium-medium-aws,1,ip-172-31-17-239,ranking,benchANT
2026-08-12 11:07:50+00:00,system,load15,2.51,dbms,08-2026,couchbase-802-vanilla-ee-medium-medium-aws,1,ip-172-31-17-239,ranking,benchANT
2026-08-12 11:08:00+00:00,system,load15,2.58,dbms,08-2026,couchbase-802-vanilla-ee-medium-medium-aws,1,ip-172-31-17-239,ranking,benchANT
2026-08-12 11:08:10+00:00,system,load15,2.66,dbms,08-2026,couchbase-802-vanilla-ee-medium-medium-aws,1,ip-172-31-17-239,ranking,benchANT
2026-08-12 11:08:20+00:00,system,load15,2.72,dbms,08-2026,couchbase-802-vanilla-ee-medium-medium-aws,1,ip-172-31-17-239,ranking,benchANT
2026-08-12 11:08:30+00:00,system,load15,2.77,dbms,08-2026,couchbase-802-vanilla-ee-medium-medium-aws,1,ip-172-31-17-239,ranking,benchANT
2026-08-12 11:08:40+00:00,system,load15,2.83,dbms,08-2026,couchbase-802-vanilla-ee-medium-medium-aws,1,ip-172-31-17-239,ranking,benchANT
2026-08-12 11:08:50+00:00,system,load15,2.9,dbms,08-2026,couchbase-802-vanilla-ee-medium-medium-aws,1,ip-172-31-17-239,ranking,benchANT
2026-08-12 11:09:00+00:00,system,load15,2.96,dbms,08-2026,couchbase-802-vanilla-ee-medium-medium-aws,1,ip-172-31-17-239,ranking,benchANT
2026-08-12 11:09:10+00:00,system,load15,3.02,dbms,08-2026,couchbase-802-vanilla-ee-medium-medium-aws,1,ip-172-31-17-239,ranking,benchANT
2026-08-12 11:09:20+00:00,system,load15,3.07,dbms,08-2026,couchbase-802-vanilla-ee-medium-medium-aws,1,ip-172-31-17-239,ranking,benchANT
2026-08-12 11:09:30+00:00,system,load15,3.14,dbms,08-2026,couchbase-802-vanilla-ee-medium-medium-aws,1,ip-172-31-17-239,ranking,benchANT
2026-08-12 11:09:40+00:00,system,load15,3.17,dbms,08-2026,couchbase-802-vanilla-ee-medium-medium-aws,1,ip-172-31-17-239,ranking,benchANT
2026-08-12 11:09:50+00:00,system,load15,3.24,dbms,08-2026,couchbase-802-vanilla-ee-medium-medium-aws,1,ip-172-31-17-239,ranking,benchANT
2026-08-12 11:10:00+00:00,system,load15,3.3,dbms,08-2026,couchbase-802-vanilla-ee-medium-medium-aws,1,ip-172-31-17-239,ranking,benchANT
2026-08-12 11:10:10+00:00,system,load15,3.38,dbms,08-2026,couchbase-802-vanilla-ee-medium-medium-aws,1,ip-172-31-17-239,ranking,benchANT
2026-08-12 11:10:20+00:00,system,load15,3.45,dbms,08-2026,couchbase-802-vanilla-ee-medium-medium-aws,1,ip-172-31-17-239,ranking,benchANT
2026-08-12 11:10:30+00:00,system,load15,3.52,dbms,08-2026,couchbase-802-vanilla-ee-medium-medium-aws,1,ip-172-31-17-239,ranking,benchANT
2026-08-12 11:10:40+00:00,system,load15,3.61,dbms,08-2026,couchbase-802-vanilla-ee-medium-medium-aws,1,ip-172-31-17-239,ranking,benchANT
2026-08-12 11:10:50+00:00,system,load15,3.69,dbms,08-2026,couchbase-802-vanilla-ee-medium-medium-aws,1,ip-172-31-17-239,ranking,benchANT
2026-08-12 11:11:00+00:00,system,load15,3.77,dbms,08-2026,couchbase-802-vanilla-ee-medium-medium-aws,1,ip-172-31-17-239,ranking,benchANT
2026-08-12 11:11:10+00:00,system,load15,3.83,dbms,08-2026,couchbase-802-vanilla-ee-medium-medium-aws,1,ip-172-31-17-239,ranking,benchANT
2026-08-12 11:11:20+00:00,system,load15,3.91,dbms,08-2026,couchbase-802-vanilla-ee-medium-medium-aws,1,ip-172-31-17-239,ranking,benchANT
2026-08-12 11:11:30+00:00,system,load15,3.97,dbms,08-2026,couchbase-802-vanilla-ee-medium-medium-aws,1,ip-172-31-17-239,ranking,benchANT
2026-08-12 11:11:40+00:00,system,load15,4.04,dbms,08-2026,couchbase-802-vanilla-ee-medium-medium-aws,1,ip-172-31-17-239,ranking,benchANT
2026-08-12 11:11:50+00:00,system,load15,4.12,dbms,08-2026,couchbase-802-vanilla-ee-medium-medium-aws,1,ip-172-31-17-239,ranking,benchANT
2026-08-12 11:12:00+00:00,system,load15,4.18,dbms,08-2026,couchbase-802-vanilla-ee-medium-medium-aws,1,ip-172-31-17-239,ranking,benchANT
2026-08-12 11:12:10+00:00,system,load15,4.22,dbms,08-2026,couchbase-802-vanilla-ee-medium-medium-aws,1,ip-172-31-17-239,ranking,benchANT
2026-08-12 11:12:20+00:00,system,load15,4.27,dbms,08-2026,couchbase-802-vanilla-ee-medium-medium-aws,1,ip-172-31-17-239,ranking,benchANT
2026-08-12 11:12:30+00:00,system,load15,4.34,dbms,08-2026,couchbase-802-vanilla-ee-medium-medium-aws,1,ip-172-31-17-239,ranking,benchANT
2026-08-12 11:12:40+00:00,system,load15,4.41,dbms,08-2026,couchbase-802-vanilla-ee-medium-medium-aws,1,ip-172-31-17-239,ranking,benchANT
2026-08-12 11:12:50+00:00,system,load15,4.47,dbms,08-2026,couchbase-802-vanilla-ee-medium-medium-aws,1,ip-172-31-17-239,ranking,benchANT
2026-08-12 11:13:00+00:00,system,load15,4.51,dbms,08-2026,couchbase-802-vanilla-ee-medium-medium-aws,1,ip-172-31-17-239,ranking,benchANT
2026-08-12 11:13:10+00:00,system,load15,4.58,dbms,08-2026,couchbase-802-vanilla-ee-medium-medium-aws,1,ip-172-31-17-239,ranking,benchANT
2026-08-12 11:13:20+00:00,system,load15,4.63,dbms,08-2026,couchbase-802-vanilla-ee-medium-medium-aws,1,ip-172-31-17-239,ranking,benchANT
2026-08-12 11:13:30+00:00,system,load15,4.7,dbms,08-2026,couchbase-802-vanilla-ee-medium-medium-aws,1,ip-172-31-17-239,ranking,benchANT
2026-08-12 11:13:40+00:00,system,load15,4.76,dbms,08-2026,couchbase-802-vanilla-ee-medium-medium-aws,1,ip-172-31-17-239,ranking,benchANT
2026-08-12 11:13:50+00:00,system,load15,4.79,dbms,08-2026,couchbase-802-vanilla-ee-medium-medium-aws,1,ip-172-31-17-239,ranking,benchANT
2026-08-12 11:14:00+00:00,system,load15,4.82,dbms,08-2026,couchbase-802-vanilla-ee-medium-medium-aws,1,ip-172-31-17-239,ranking,benchANT
2026-08-12 11:14:10+00:00,system,load15,4.9,dbms,08-2026,couchbase-802-vanilla-ee-medium-medium-aws,1,ip-172-31-17-239,ranking,benchANT
2026-08-12 11:14:20+00:00,system,load15,4.97,dbms,08-2026,couchbase-802-vanilla-ee-medium-medium-aws,1,ip-172-31-17-239,ranking,benchANT
2026-08-12 11:14:30+00:00,system,load15,5.05,dbms,08-2026,couchbase-802-vanilla-ee-medium-medium-aws,1,ip-172-31-17-239,ranking,benchANT
2026-08-12 11:14:40+00:00,system,load15,5.11,dbms,08-2026,couchbase-802-vanilla-ee-medium-medium-aws,1,ip-172-31-17-239,ranking,benchANT
2026-08-12 11:14:50+00:00,system,load15,5.17,dbms,08-2026,couchbase-802-vanilla-ee-medium-medium-aws,1,ip-172-31-17-239,ranking,benchANT
2026-08-12 11:15:00+00:00,system,load15,5.22,dbms,08-2026,couchbase-802-vanilla-ee-medium-medium-aws,1,ip-172-31-17-239,ranking,benchANT
2026-08-12 11:15:10+00:00,system,load15,5.28,dbms,08-2026,couchbase-802-vanilla-ee-medium-medium-aws,1,ip-172-31-17-239,ranking,benchANT
2026-08-12 11:15:20+00:00,system,load15,5.33,dbms,08-2026,couchbase-802-vanilla-ee-medium-medium-aws,1,ip-172-31-17-239,ranking,benchANT
2026-08-12 11:15:30+00:00,system,load15,5.39,dbms,08-2026,couchbase-802-vanilla-ee-medium-medium-aws,1,ip-172-31-17-239,ranking,benchANT
2026-08-12 11:15:40+00:00,system,load15,5.4,dbms,08-2026,couchbase-802-vanilla-ee-medium-medium-aws,1,ip-172-31-17-239,ranking,benchANT
2026-08-12 11:15:50+00:00,system,load15,5.34,dbms,08-2026,couchbase-802-vanilla-ee-medium-medium-aws,1,ip-172-31-17-239,ranking,benchANT
2026-08-12 11:03:30+00:00,system,load5,0.95,dbms,08-2026,couchbase-802-vanilla-ee-medium-medium-aws,1,ip-172-31-17-239,ranking,benchANT
2026-08-12 11:03:40+00:00,system,load5,0.91,dbms,08-2026,couchbase-802-vanilla-ee-medium-medium-aws,1,ip-172-31-17-239,ranking,benchANT
2026-08-12 11:03:50+00:00,system,load5,0.88,dbms,08-2026,couchbase-802-vanilla-ee-medium-medium-aws,1,ip-172-31-17-239,ranking,benchANT
2026-08-12 11:04:00+00:00,system,load5,0.85,dbms,08-2026,couchbase-802-vanilla-ee-medium-medium-aws,1,ip-172-31-17-239,ranking,benchANT
2026-08-12 11:04:10+00:00,system,load5,0.99,dbms,08-2026,couchbase-802-vanilla-ee-medium-medium-aws,1,ip-172-31-17-239,ranking,benchANT
2026-08-12 11:04:20+00:00,system,load5,1.14,dbms,08-2026,couchbase-802-vanilla-ee-medium-medium-aws,1,ip-172-31-17-239,ranking,benchANT
2026-08-12 11:04:30+00:00,system,load5,1.3,dbms,08-2026,couchbase-802-vanilla-ee-medium-medium-aws,1,ip-172-31-17-239,ranking,benchANT
2026-08-12 11:04:40+00:00,system,load5,1.55,dbms,08-2026,couchbase-802-vanilla-ee-medium-medium-aws,1,ip-172-31-17-239,ranking,benchANT
2026-08-12 11:04:50+00:00,system,load5,1.82,dbms,08-2026,couchbase-802-vanilla-ee-medium-medium-aws,1,ip-172-31-17-239,ranking,benchANT
2026-08-12 11:05:00+00:00,system,load5,2.12,dbms,08-2026,couchbase-802-vanilla-ee-medium-medium-aws,1,ip-172-31-17-239,ranking,benchANT
2026-08-12 11:05:10+00:00,system,load5,2.35,dbms,08-2026,couchbase-802-vanilla-ee-medium-medium-aws,1,ip-172-31-17-239,ranking,benchANT
2026-08-12 11:05:20+00:00,system,load5,2.58,dbms,08-2026,couchbase-802-vanilla-ee-medium-medium-aws,1,ip-172-31-17-239,ranking,benchANT
2026-08-12 11:05:30+00:00,system,load5,2.76,dbms,08-2026,couchbase-802-vanilla-ee-medium-medium-aws,1,ip-172-31-17-239,ranking,benchANT
2026-08-12 11:05:40+00:00,system,load5,2.92,dbms,08-2026,couchbase-802-vanilla-ee-medium-medium-aws,1,ip-172-31-17-239,ranking,benchANT
2026-08-12 11:05:50+00:00,system,load5,3.12,dbms,08-2026,couchbase-802-vanilla-ee-medium-medium-aws,1,ip-172-31-17-239,ranking,benchANT
2026-08-12 11:06:00+00:00,system,load5,3.36,dbms,08-2026,couchbase-802-vanilla-ee-medium-medium-aws,1,ip-172-31-17-239,ranking,benchANT
2026-08-12 11:06:10+00:00,system,load5,3.53,dbms,08-2026,couchbase-802-vanilla-ee-medium-medium-aws,1,ip-172-31-17-239,ranking,benchANT
2026-08-12 11:06:20+00:00,system,load5,3.75,dbms,08-2026,couchbase-802-vanilla-ee-medium-medium-aws,1,ip-172-31-17-239,ranking,benchANT
2026-08-12 11:06:30+00:00,system,load5,3.8,dbms,08-2026,couchbase-802-vanilla-ee-medium-medium-aws,1,ip-172-31-17-239,ranking,benchANT
2026-08-12 11:06:40+00:00,system,load5,3.96,dbms,08-2026,couchbase-802-vanilla-ee-medium-medium-aws,1,ip-172-31-17-239,ranking,benchANT
2026-08-12 11:06:50+00:00,system,load5,4.14,dbms,08-2026,couchbase-802-vanilla-ee-medium-medium-aws,1,ip-172-31-17-239,ranking,benchANT
2026-08-12 11:07:00+00:00,system,load5,4.32,dbms,08-2026,couchbase-802-vanilla-ee-medium-medium-aws,1,ip-172-31-17-239,ranking,benchANT
2026-08-12 11:07:10+00:00,system,load5,4.47,dbms,08-2026,couchbase-802-vanilla-ee-medium-medium-aws,1,ip-172-31-17-239,ranking,benchANT
2026-08-12 11:07:20+00:00,system,load5,4.66,dbms,08-2026,couchbase-802-vanilla-ee-medium-medium-aws,1,ip-172-31-17-239,ranking,benchANT
2026-08-12 11:07:30+00:00,system,load5,4.83,dbms,08-2026,couchbase-802-vanilla-ee-medium-medium-aws,1,ip-172-31-17-239,ranking,benchANT
2026-08-12 11:07:40+00:00,system,load5,5.04,dbms,08-2026,couchbase-802-vanilla-ee-medium-medium-aws,1,ip-172-31-17-239,ranking,benchANT
2026-08-12 11:07:50+00:00,system,load5,5.25,dbms,08-2026,couchbase-802-vanilla-ee-medium-medium-aws,1,ip-172-31-17-239,ranking,benchANT
2026-08-12 11:08:00+00:00,system,load5,5.37,dbms,08-2026,couchbase-802-vanilla-ee-medium-medium-aws,1,ip-172-31-17-239,ranking,benchANT
2026-08-12 11:08:10+00:00,system,load5,5.53,dbms,08-2026,couchbase-802-vanilla-ee-medium-medium-aws,1,ip-172-31-17-239,ranking,benchANT
2026-08-12 11:08:20+00:00,system,load5,5.62,dbms,08-2026,couchbase-802-vanilla-ee-medium-medium-aws,1,ip-172-31-17-239,ranking,benchANT
2026-08-12 11:08:30+00:00,system,load5,5.67,dbms,08-2026,couchbase-802-vanilla-ee-medium-medium-aws,1,ip-172-31-17-239,ranking,benchANT
2026-08-12 11:08:40+00:00,system,load5,5.76,dbms,08-2026,couchbase-802-vanilla-ee-medium-medium-aws,1,ip-172-31-17-239,ranking,benchANT
2026-08-12 11:08:50+00:00,system,load5,5.87,dbms,08-2026,couchbase-802-vanilla-ee-medium-medium-aws,1,ip-172-31-17-239,ranking,benchANT
2026-08-12 11:09:00+00:00,system,load5,5.96,dbms,08-2026,couchbase-802-vanilla-ee-medium-medium-aws,1,ip-172-31-17-239,ranking,benchANT
2026-08-12 11:09:10+00:00,system,load5,6.03,dbms,08-2026,couchbase-802-vanilla-ee-medium-medium-aws,1,ip-172-31-17-239,ranking,benchANT
2026-08-12 11:09:20+00:00,system,load5,6.11,dbms,08-2026,couchbase-802-vanilla-ee-medium-medium-aws,1,ip-172-31-17-239,ranking,benchANT
2026-08-12 11:09:30+00:00,system,load5,6.2,dbms,08-2026,couchbase-802-vanilla-ee-medium-medium-aws,1,ip-172-31-17-239,ranking,benchANT
2026-08-12 11:09:40+00:00,system,load5,6.21,dbms,08-2026,couchbase-802-vanilla-ee-medium-medium-aws,1,ip-172-31-17-239,ranking,benchANT
2026-08-12 11:09:50+00:00,system,load5,6.32,dbms,08-2026,couchbase-802-vanilla-ee-medium-medium-aws,1,ip-172-31-17-239,ranking,benchANT
2026-08-12 11:10:00+00:00,system,load5,6.4,dbms,08-2026,couchbase-802-vanilla-ee-medium-medium-aws,1,ip-172-31-17-239,ranking,benchANT
2026-08-12 11:10:10+00:00,system,load5,6.53,dbms,08-2026,couchbase-802-vanilla-ee-medium-medium-aws,1,ip-172-31-17-239,ranking,benchANT
2026-08-12 11:10:20+00:00,system,load5,6.64,dbms,08-2026,couchbase-802-vanilla-ee-medium-medium-aws,1,ip-172-31-17-239,ranking,benchANT
2026-08-12 11:10:30+00:00,system,load5,6.76,dbms,08-2026,couchbase-802-vanilla-ee-medium-medium-aws,1,ip-172-31-17-239,ranking,benchANT
2026-08-12 11:10:40+00:00,system,load5,6.93,dbms,08-2026,couchbase-802-vanilla-ee-medium-medium-aws,1,ip-172-31-17-239,ranking,benchANT
2026-08-12 11:10:50+00:00,system,load5,7.05,dbms,08-2026,couchbase-802-vanilla-ee-medium-medium-aws,1,ip-172-31-17-239,ranking,benchANT
2026-08-12 11:11:00+00:00,system,load5,7.19,dbms,08-2026,couchbase-802-vanilla-ee-medium-medium-aws,1,ip-172-31-17-239,ranking,benchANT
2026-08-12 11:11:10+00:00,system,load5,7.27,dbms,08-2026,couchbase-802-vanilla-ee-medium-medium-aws,1,ip-172-31-17-239,ranking,benchANT
2026-08-12 11:11:20+00:00,system,load5,7.41,dbms,08-2026,couchbase-802-vanilla-ee-medium-medium-aws,1,ip-172-31-17-239,ranking,benchANT
2026-08-12 11:11:30+00:00,system,load5,7.48,dbms,08-2026,couchbase-802-vanilla-ee-medium-medium-aws,1,ip-172-31-17-239,ranking,benchANT
2026-08-12 11:11:40+00:00,system,load5,7.56,dbms,08-2026,couchbase-802-vanilla-ee-medium-medium-aws,1,ip-172-31-17-239,ranking,benchANT
2026-08-12 11:11:50+00:00,system,load5,7.71,dbms,08-2026,couchbase-802-vanilla-ee-medium-medium-aws,1,ip-172-31-17-239,ranking,benchANT
2026-08-12 11:12:00+00:00,system,load5,7.77,dbms,08-2026,couchbase-802-vanilla-ee-medium-medium-aws,1,ip-172-31-17-239,ranking,benchANT
2026-08-12 11:12:10+00:00,system,load5,7.76,dbms,08-2026,couchbase-802-vanilla-ee-medium-medium-aws,1,ip-172-31-17-239,ranking,benchANT
2026-08-12 11:12:20+00:00,system,load5,7.8,dbms,08-2026,couchbase-802-vanilla-ee-medium-medium-aws,1,ip-172-31-17-239,ranking,benchANT
2026-08-12 11:12:30+00:00,system,load5,7.91,dbms,08-2026,couchbase-802-vanilla-ee-medium-medium-aws,1,ip-172-31-17-239,ranking,benchANT
2026-08-12 11:12:40+00:00,system,load5,8.01,dbms,08-2026,couchbase-802-vanilla-ee-medium-medium-aws,1,ip-172-31-17-239,ranking,benchANT
2026-08-12 11:12:50+00:00,system,load5,8.06,dbms,08-2026,couchbase-802-vanilla-ee-medium-medium-aws,1,ip-172-31-17-239,ranking,benchANT
2026-08-12 11:13:00+00:00,system,load5,8.06,dbms,08-2026,couchbase-802-vanilla-ee-medium-medium-aws,1,ip-172-31-17-239,ranking,benchANT
2026-08-12 11:13:10+00:00,system,load5,8.15,dbms,08-2026,couchbase-802-vanilla-ee-medium-medium-aws,1,ip-172-31-17-239,ranking,benchANT
2026-08-12 11:13:20+00:00,system,load5,8.18,dbms,08-2026,couchbase-802-vanilla-ee-medium-medium-aws,1,ip-172-31-17-239,ranking,benchANT
2026-08-12 11:13:30+00:00,system,load5,8.29,dbms,08-2026,couchbase-802-vanilla-ee-medium-medium-aws,1,ip-172-31-17-239,ranking,benchANT
2026-08-12 11:13:40+00:00,system,load5,8.36,dbms,08-2026,couchbase-802-vanilla-ee-medium-medium-aws,1,ip-172-31-17-239,ranking,benchANT
2026-08-12 11:13:50+00:00,system,load5,8.34,dbms,08-2026,couchbase-802-vanilla-ee-medium-medium-aws,1,ip-172-31-17-239,ranking,benchANT
2026-08-12 11:14:00+00:00,system,load5,8.29,dbms,08-2026,couchbase-802-vanilla-ee-medium-medium-aws,1,ip-172-31-17-239,ranking,benchANT
2026-08-12 11:14:10+00:00,system,load5,8.43,dbms,08-2026,couchbase-802-vanilla-ee-medium-medium-aws,1,ip-172-31-17-239,ranking,benchANT
2026-08-12 11:14:20+00:00,system,load5,8.53,dbms,08-2026,couchbase-802-vanilla-ee-medium-medium-aws,1,ip-172-31-17-239,ranking,benchANT
2026-08-12 11:14:30+00:00,system,load5,8.65,dbms,08-2026,couchbase-802-vanilla-ee-medium-medium-aws,1,ip-172-31-17-239,ranking,benchANT
2026-08-12 11:14:40+00:00,system,load5,8.71,dbms,08-2026,couchbase-802-vanilla-ee-medium-medium-aws,1,ip-172-31-17-239,ranking,benchANT
2026-08-12 11:14:50+00:00,system,load5,8.8,dbms,08-2026,couchbase-802-vanilla-ee-medium-medium-aws,1,ip-172-31-17-239,ranking,benchANT
2026-08-12 11:15:00+00:00,system,load5,8.81,dbms,08-2026,couchbase-802-vanilla-ee-medium-medium-aws,1,ip-172-31-17-239,ranking,benchANT
2026-08-12 11:15:10+00:00,system,load5,8.9,dbms,08-2026,couchbase-802-vanilla-ee-medium-medium-aws,1,ip-172-31-17-239,ranking,benchANT
2026-08-12 11:15:20+00:00,system,load5,8.93,dbms,08-2026,couchbase-802-vanilla-ee-medium-medium-aws,1,ip-172-31-17-239,ranking,benchANT
2026-08-12 11:15:30+00:00,system,load5,8.97,dbms,08-2026,couchbase-802-vanilla-ee-medium-medium-aws,1,ip-172-31-17-239,ranking,benchANT
2026-08-12 11:15:40+00:00,system,load5,8.89,dbms,08-2026,couchbase-802-vanilla-ee-medium-medium-aws,1,ip-172-31-17-239,ranking,benchANT
2026-08-12 11:15:50+00:00,system,load5,8.59,dbms,08-2026,couchbase-802-vanilla-ee-medium-medium-aws,1,ip-172-31-17-239,ranking,benchANT
2026-08-12 11:03:30+00:00,system,n_cpus,4,dbms,08-2026,couchbase-802-vanilla-ee-medium-medium-aws,1,ip-172-31-17-239,ranking,benchANT
2026-08-12 11:03:40+00:00,system,n_cpus,4,dbms,08-2026,couchbase-802-vanilla-ee-medium-medium-aws,1,ip-172-31-17-239,ranking,benchANT
2026-08-12 11:03:50+00:00,system,n_cpus,4,dbms,08-2026,couchbase-802-vanilla-ee-medium-medium-aws,1,ip-172-31-17-239,ranking,benchANT
2026-08-12 11:04:00+00:00,system,n_cpus,4,dbms,08-2026,couchbase-802-vanilla-ee-medium-medium-aws,1,ip-172-31-17-239,ranking,benchANT
2026-08-12 11:04:10+00:00,system,n_cpus,4,dbms,08-2026,couchbase-802-vanilla-ee-medium-medium-aws,1,ip-172-31-17-239,ranking,benchANT
2026-08-12 11:04:20+00:00,system,n_cpus,4,dbms,08-2026,couchbase-802-vanilla-ee-medium-medium-aws,1,ip-172-31-17-239,ranking,benchANT
2026-08-12 11:04:30+00:00,system,n_cpus,4,dbms,08-2026,couchbase-802-vanilla-ee-medium-medium-aws,1,ip-172-31-17-239,ranking,benchANT
2026-08-12 11:04:40+00:00,system,n_cpus,4,dbms,08-2026,couchbase-802-vanilla-ee-medium-medium-aws,1,ip-172-31-17-239,ranking,benchANT
2026-08-12 11:04:50+00:00,system,n_cpus,4,dbms,08-2026,couchbase-802-vanilla-ee-medium-medium-aws,1,ip-172-31-17-239,ranking,benchANT
2026-08-12 11:05:00+00:00,system,n_cpus,4,dbms,08-2026,couchbase-802-vanilla-ee-medium-medium-aws,1,ip-172-31-17-239,ranking,benchANT
2026-08-12 11:05:10+00:00,system,n_cpus,4,dbms,08-2026,couchbase-802-vanilla-ee-medium-medium-aws,1,ip-172-31-17-239,ranking,benchANT
2026-08-12 11:05:20+00:00,system,n_cpus,4,dbms,08-2026,couchbase-802-vanilla-ee-medium-medium-aws,1,ip-172-31-17-239,ranking,benchANT
2026-08-12 11:05:30+00:00,system,n_cpus,4,dbms,08-2026,couchbase-802-vanilla-ee-medium-medium-aws,1,ip-172-31-17-239,ranking,benchANT
2026-08-12 11:05:40+00:00,system,n_cpus,4,dbms,08-2026,couchbase-802-vanilla-ee-medium-medium-aws,1,ip-172-31-17-239,ranking,benchANT
2026-08-12 11:05:50+00:00,system,n_cpus,4,dbms,08-2026,couchbase-802-vanilla-ee-medium-medium-aws,1,ip-172-31-17-239,ranking,benchANT
2026-08-12 11:06:00+00:00,system,n_cpus,4,dbms,08-2026,couchbase-802-vanilla-ee-medium-medium-aws,1,ip-172-31-17-239,ranking,benchANT
2026-08-12 11:06:10+00:00,system,n_cpus,4,dbms,08-2026,couchbase-802-vanilla-ee-medium-medium-aws,1,ip-172-31-17-239,ranking,benchANT
2026-08-12 11:06:20+00:00,system,n_cpus,4,dbms,08-2026,couchbase-802-vanilla-ee-medium-medium-aws,1,ip-172-31-17-239,ranking,benchANT
2026-08-12 11:06:30+00:00,system,n_cpus,4,dbms,08-2026,couchbase-802-vanilla-ee-medium-medium-aws,1,ip-172-31-17-239,ranking,benchANT
2026-08-12 11:06:40+00:00,system,n_cpus,4,dbms,08-2026,couchbase-802-vanilla-ee-medium-medium-aws,1,ip-172-31-17-239,ranking,benchANT
2026-08-12 11:06:50+00:00,system,n_cpus,4,dbms,08-2026,couchbase-802-vanilla-ee-medium-medium-aws,1,ip-172-31-17-239,ranking,benchANT
2026-08-12 11:07:00+00:00,system,n_cpus,4,dbms,08-2026,couchbase-802-vanilla-ee-medium-medium-aws,1,ip-172-31-17-239,ranking,benchANT
2026-08-12 11:07:10+00:00,system,n_cpus,4,dbms,08-2026,couchbase-802-vanilla-ee-medium-medium-aws,1,ip-172-31-17-239,ranking,benchANT
2026-08-12 11:07:20+00:00,system,n_cpus,4,dbms,08-2026,couchbase-802-vanilla-ee-medium-medium-aws,1,ip-172-31-17-239,ranking,benchANT
2026-08-12 11:07:30+00:00,system,n_cpus,4,dbms,08-2026,couchbase-802-vanilla-ee-medium-medium-aws,1,ip-172-31-17-239,ranking,benchANT
2026-08-12 11:07:40+00:00,system,n_cpus,4,dbms,08-2026,couchbase-802-vanilla-ee-medium-medium-aws,1,ip-172-31-17-239,ranking,benchANT
2026-08-12 11:07:50+00:00,system,n_cpus,4,dbms,08-2026,couchbase-802-vanilla-ee-medium-medium-aws,1,ip-172-31-17-239,ranking,benchANT
2026-08-12 11:08:00+00:00,system,n_cpus,4,dbms,08-2026,couchbase-802-vanilla-ee-medium-medium-aws,1,ip-172-31-17-239,ranking,benchANT
2026-08-12 11:08:10+00:00,system,n_cpus,4,dbms,08-2026,couchbase-802-vanilla-ee-medium-medium-aws,1,ip-172-31-17-239,ranking,benchANT
2026-08-12 11:08:20+00:00,system,n_cpus,4,dbms,08-2026,couchbase-802-vanilla-ee-medium-medium-aws,1,ip-172-31-17-239,ranking,benchANT
2026-08-12 11:08:30+00:00,system,n_cpus,4,dbms,08-2026,couchbase-802-vanilla-ee-medium-medium-aws,1,ip-172-31-17-239,ranking,benchANT
2026-08-12 11:08:40+00:00,system,n_cpus,4,dbms,08-2026,couchbase-802-vanilla-ee-medium-medium-aws,1,ip-172-31-17-239,ranking,benchANT
2026-08-12 11:08:50+00:00,system,n_cpus,4,dbms,08-2026,couchbase-802-vanilla-ee-medium-medium-aws,1,ip-172-31-17-239,ranking,benchANT
2026-08-12 11:09:00+00:00,system,n_cpus,4,dbms,08-2026,couchbase-802-vanilla-ee-medium-medium-aws,1,ip-172-31-17-239,ranking,benchANT
2026-08-12 11:09:10+00:00,system,n_cpus,4,dbms,08-2026,couchbase-802-vanilla-ee-medium-medium-aws,1,ip-172-31-17-239,ranking,benchANT
2026-08-12 11:09:20+00:00,system,n_cpus,4,dbms,08-2026,couchbase-802-vanilla-ee-medium-medium-aws,1,ip-172-31-17-239,ranking,benchANT
2026-08-12 11:09:30+00:00,system,n_cpus,4,dbms,08-2026,couchbase-802-vanilla-ee-medium-medium-aws,1,ip-172-31-17-239,ranking,benchANT
2026-08-12 11:09:40+00:00,system,n_cpus,4,dbms,08-2026,couchbase-802-vanilla-ee-medium-medium-aws,1,ip-172-31-17-239,ranking,benchANT
2026-08-12 11:09:50+00:00,system,n_cpus,4,dbms,08-2026,couchbase-802-vanilla-ee-medium-medium-aws,1,ip-172-31-17-239,ranking,benchANT
2026-08-12 11:10:00+00:00,system,n_cpus,4,dbms,08-2026,couchbase-802-vanilla-ee-medium-medium-aws,1,ip-172-31-17-239,ranking,benchANT
2026-08-12 11:10:10+00:00,system,n_cpus,4,dbms,08-2026,couchbase-802-vanilla-ee-medium-medium-aws,1,ip-172-31-17-239,ranking,benchANT
2026-08-12 11:10:20+00:00,system,n_cpus,4,dbms,08-2026,couchbase-802-vanilla-ee-medium-medium-aws,1,ip-172-31-17-239,ranking,benchANT
2026-08-12 11:10:30+00:00,system,n_cpus,4,dbms,08-2026,couchbase-802-vanilla-ee-medium-medium-aws,1,ip-172-31-17-239,ranking,benchANT
2026-08-12 11:10:40+00:00,system,n_cpus,4,dbms,08-2026,couchbase-802-vanilla-ee-medium-medium-aws,1,ip-172-31-17-239,ranking,benchANT
2026-08-12 11:10:50+00:00,system,n_cpus,4,dbms,08-2026,couchbase-802-vanilla-ee-medium-medium-aws,1,ip-172-31-17-239,ranking,benchANT
2026-08-12 11:11:00+00:00,system,n_cpus,4,dbms,08-2026,couchbase-802-vanilla-ee-medium-medium-aws,1,ip-172-31-17-239,ranking,benchANT
2026-08-12 11:11:10+00:00,system,n_cpus,4,dbms,08-2026,couchbase-802-vanilla-ee-medium-medium-aws,1,ip-172-31-17-239,ranking,benchANT
2026-08-12 11:11:20+00:00,system,n_cpus,4,dbms,08-2026,couchbase-802-vanilla-ee-medium-medium-aws,1,ip-172-31-17-239,ranking,benchANT
2026-08-12 11:11:30+00:00,system,n_cpus,4,dbms,08-2026,couchbase-802-vanilla-ee-medium-medium-aws,1,ip-172-31-17-239,ranking,benchANT
2026-08-12 11:11:40+00:00,system,n_cpus,4,dbms,08-2026,couchbase-802-vanilla-ee-medium-medium-aws,1,ip-172-31-17-239,ranking,benchANT
2026-08-12 11:11:50+00:00,system,n_cpus,4,dbms,08-2026,couchbase-802-vanilla-ee-medium-medium-aws,1,ip-172-31-17-239,ranking,benchANT
2026-08-12 11:12:00+00:00,system,n_cpus,4,dbms,08-2026,couchbase-802-vanilla-ee-medium-medium-aws,1,ip-172-31-17-239,ranking,benchANT
2026-08-12 11:12:10+00:00,system,n_cpus,4,dbms,08-2026,couchbase-802-vanilla-ee-medium-medium-aws,1,ip-172-31-17-239,ranking,benchANT
2026-08-12 11:12:20+00:00,system,n_cpus,4,dbms,08-2026,couchbase-802-vanilla-ee-medium-medium-aws,1,ip-172-31-17-239,ranking,benchANT
2026-08-12 11:12:30+00:00,system,n_cpus,4,dbms,08-2026,couchbase-802-vanilla-ee-medium-medium-aws,1,ip-172-31-17-239,ranking,benchANT
2026-08-12 11:12:40+00:00,system,n_cpus,4,dbms,08-2026,couchbase-802-vanilla-ee-medium-medium-aws,1,ip-172-31-17-239,ranking,benchANT
2026-08-12 11:12:50+00:00,system,n_cpus,4,dbms,08-2026,couchbase-802-vanilla-ee-medium-medium-aws,1,ip-172-31-17-239,ranking,benchANT
2026-08-12 11:13:00+00:00,system,n_cpus,4,dbms,08-2026,couchbase-802-vanilla-ee-medium-medium-aws,1,ip-172-31-17-239,ranking,benchANT
2026-08-12 11:13:10+00:00,system,n_cpus,4,dbms,08-2026,couchbase-802-vanilla-ee-medium-medium-aws,1,ip-172-31-17-239,ranking,benchANT
2026-08-12 11:13:20+00:00,system,n_cpus,4,dbms,08-2026,couchbase-802-vanilla-ee-medium-medium-aws,1,ip-172-31-17-239,ranking,benchANT
2026-08-12 11:13:30+00:00,system,n_cpus,4,dbms,08-2026,couchbase-802-vanilla-ee-medium-medium-aws,1,ip-172-31-17-239,ranking,benchANT
2026-08-12 11:13:40+00:00,system,n_cpus,4,dbms,08-2026,couchbase-802-vanilla-ee-medium-medium-aws,1,ip-172-31-17-239,ranking,benchANT
2026-08-12 11:13:50+00:00,system,n_cpus,4,dbms,08-2026,couchbase-802-vanilla-ee-medium-medium-aws,1,ip-172-31-17-239,ranking,benchANT
2026-08-12 11:14:00+00:00,system,n_cpus,4,dbms,08-2026,couchbase-802-vanilla-ee-medium-medium-aws,1,ip-172-31-17-239,ranking,benchANT
2026-08-12 11:14:10+00:00,system,n_cpus,4,dbms,08-2026,couchbase-802-vanilla-ee-medium-medium-aws,1,ip-172-31-17-239,ranking,benchANT
2026-08-12 11:14:20+00:00,system,n_cpus,4,dbms,08-2026,couchbase-802-vanilla-ee-medium-medium-aws,1,ip-172-31-17-239,ranking,benchANT
2026-08-12 11:14:30+00:00,system,n_cpus,4,dbms,08-2026,couchbase-802-vanilla-ee-medium-medium-aws,1,ip-172-31-17-239,ranking,benchANT
2026-08-12 11:14:40+00:00,system,n_cpus,4,dbms,08-2026,couchbase-802-vanilla-ee-medium-medium-aws,1,ip-172-31-17-239,ranking,benchANT
2026-08-12 11:14:50+00:00,system,n_cpus,4,dbms,08-2026,couchbase-802-vanilla-ee-medium-medium-aws,1,ip-172-31-17-239,ranking,benchANT
2026-08-12 11:15:00+00:00,system,n_cpus,4,dbms,08-2026,couchbase-802-vanilla-ee-medium-medium-aws,1,ip-172-31-17-239,ranking,benchANT
2026-08-12 11:15:10+00:00,system,n_cpus,4,dbms,08-2026,couchbase-802-vanilla-ee-medium-medium-aws,1,ip-172-31-17-239,ranking,benchANT
2026-08-12 11:15:20+00:00,system,n_cpus,4,dbms,08-2026,couchbase-802-vanilla-ee-medium-medium-aws,1,ip-172-31-17-239,ranking,benchANT
2026-08-12 11:15:30+00:00,system,n_cpus,4,dbms,08-2026,couchbase-802-vanilla-ee-medium-medium-aws,1,ip-172-31-17-239,ranking,benchANT
2026-08-12 11:15:40+00:00,system,n_cpus,4,dbms,08-2026,couchbase-802-vanilla-ee-medium-medium-aws,1,ip-172-31-17-239,ranking,benchANT
2026-08-12 11:15:50+00:00,system,n_cpus,4,dbms,08-2026,couchbase-802-vanilla-ee-medium-medium-aws,1,ip-172-31-17-239,ranking,benchANT
2026-08-12 11:03:30+00:00,system,n_users,0,dbms,08-2026,couchbase-802-vanilla-ee-medium-medium-aws,1,ip-172-31-17-239,ranking,benchANT
2026-08-12 11:03:40+00:00,system,n_users,0,dbms,08-2026,couchbase-802-vanilla-ee-medium-medium-aws,1,ip-172-31-17-239,ranking,benchANT
2026-08-12 11:03:50+00:00,system,n_users,0,dbms,08-2026,couchbase-802-vanilla-ee-medium-medium-aws,1,ip-172-31-17-239,ranking,benchANT
2026-08-12 11:04:00+00:00,system,n_users,0,dbms,08-2026,couchbase-802-vanilla-ee-medium-medium-aws,1,ip-172-31-17-239,ranking,benchANT
2026-08-12 11:04:10+00:00,system,n_users,0,dbms,08-2026,couchbase-802-vanilla-ee-medium-medium-aws,1,ip-172-31-17-239,ranking,benchANT
2026-08-12 11:04:20+00:00,system,n_users,0,dbms,08-2026,couchbase-802-vanilla-ee-medium-medium-aws,1,ip-172-31-17-239,ranking,benchANT
2026-08-12 11:04:30+00:00,system,n_users,0,dbms,08-2026,couchbase-802-vanilla-ee-medium-medium-aws,1,ip-172-31-17-239,ranking,benchANT
2026-08-12 11:04:40+00:00,system,n_users,0,dbms,08-2026,couchbase-802-vanilla-ee-medium-medium-aws,1,ip-172-31-17-239,ranking,benchANT
2026-08-12 11:04:50+00:00,system,n_users,0,dbms,08-2026,couchbase-802-vanilla-ee-medium-medium-aws,1,ip-172-31-17-239,ranking,benchANT
2026-08-12 11:05:00+00:00,system,n_users,0,dbms,08-2026,couchbase-802-vanilla-ee-medium-medium-aws,1,ip-172-31-17-239,ranking,benchANT
2026-08-12 11:05:10+00:00,system,n_users,0,dbms,08-2026,couchbase-802-vanilla-ee-medium-medium-aws,1,ip-172-31-17-239,ranking,benchANT
2026-08-12 11:05:20+00:00,system,n_users,0,dbms,08-2026,couchbase-802-vanilla-ee-medium-medium-aws,1,ip-172-31-17-239,ranking,benchANT
2026-08-12 11:05:30+00:00,system,n_users,0,dbms,08-2026,couchbase-802-vanilla-ee-medium-medium-aws,1,ip-172-31-17-239,ranking,benchANT
2026-08-12 11:05:40+00:00,system,n_users,0,dbms,08-2026,couchbase-802-vanilla-ee-medium-medium-aws,1,ip-172-31-17-239,ranking,benchANT
2026-08-12 11:05:50+00:00,system,n_users,0,dbms,08-2026,couchbase-802-vanilla-ee-medium-medium-aws,1,ip-172-31-17-239,ranking,benchANT
2026-08-12 11:06:00+00:00,system,n_users,0,dbms,08-2026,couchbase-802-vanilla-ee-medium-medium-aws,1,ip-172-31-17-239,ranking,benchANT
2026-08-12 11:06:10+00:00,system,n_users,0,dbms,08-2026,couchbase-802-vanilla-ee-medium-medium-aws,1,ip-172-31-17-239,ranking,benchANT
2026-08-12 11:06:20+00:00,system,n_users,0,dbms,08-2026,couchbase-802-vanilla-ee-medium-medium-aws,1,ip-172-31-17-239,ranking,benchANT
2026-08-12 11:06:30+00:00,system,n_users,0,dbms,08-2026,couchbase-802-vanilla-ee-medium-medium-aws,1,ip-172-31-17-239,ranking,benchANT
2026-08-12 11:06:40+00:00,system,n_users,0,dbms,08-2026,couchbase-802-vanilla-ee-medium-medium-aws,1,ip-172-31-17-239,ranking,benchANT
2026-08-12 11:06:50+00:00,system,n_users,0,dbms,08-2026,couchbase-802-vanilla-ee-medium-medium-aws,1,ip-172-31-17-239,ranking,benchANT
2026-08-12 11:07:00+00:00,system,n_users,0,dbms,08-2026,couchbase-802-vanilla-ee-medium-medium-aws,1,ip-172-31-17-239,ranking,benchANT
2026-08-12 11:07:10+00:00,system,n_users,0,dbms,08-2026,couchbase-802-vanilla-ee-medium-medium-aws,1,ip-172-31-17-239,ranking,benchANT
2026-08-12 11:07:20+00:00,system,n_users,0,dbms,08-2026,couchbase-802-vanilla-ee-medium-medium-aws,1,ip-172-31-17-239,ranking,benchANT
2026-08-12 11:07:30+00:00,system,n_users,0,dbms,08-2026,couchbase-802-vanilla-ee-medium-medium-aws,1,ip-172-31-17-239,ranking,benchANT
2026-08-12 11:07:40+00:00,system,n_users,0,dbms,08-2026,couchbase-802-vanilla-ee-medium-medium-aws,1,ip-172-31-17-239,ranking,benchANT
2026-08-12 11:07:50+00:00,system,n_users,0,dbms,08-2026,couchbase-802-vanilla-ee-medium-medium-aws,1,ip-172-31-17-239,ranking,benchANT
2026-08-12 11:08:00+00:00,system,n_users,0,dbms,08-2026,couchbase-802-vanilla-ee-medium-medium-aws,1,ip-172-31-17-239,ranking,benchANT
2026-08-12 11:08:10+00:00,system,n_users,0,dbms,08-2026,couchbase-802-vanilla-ee-medium-medium-aws,1,ip-172-31-17-239,ranking,benchANT
2026-08-12 11:08:20+00:00,system,n_users,0,dbms,08-2026,couchbase-802-vanilla-ee-medium-medium-aws,1,ip-172-31-17-239,ranking,benchANT
2026-08-12 11:08:30+00:00,system,n_users,0,dbms,08-2026,couchbase-802-vanilla-ee-medium-medium-aws,1,ip-172-31-17-239,ranking,benchANT
2026-08-12 11:08:40+00:00,system,n_users,0,dbms,08-2026,couchbase-802-vanilla-ee-medium-medium-aws,1,ip-172-31-17-239,ranking,benchANT
2026-08-12 11:08:50+00:00,system,n_users,0,dbms,08-2026,couchbase-802-vanilla-ee-medium-medium-aws,1,ip-172-31-17-239,ranking,benchANT
2026-08-12 11:09:00+00:00,system,n_users,0,dbms,08-2026,couchbase-802-vanilla-ee-medium-medium-aws,1,ip-172-31-17-239,ranking,benchANT
2026-08-12 11:09:10+00:00,system,n_users,0,dbms,08-2026,couchbase-802-vanilla-ee-medium-medium-aws,1,ip-172-31-17-239,ranking,benchANT
2026-08-12 11:09:20+00:00,system,n_users,0,dbms,08-2026,couchbase-802-vanilla-ee-medium-medium-aws,1,ip-172-31-17-239,ranking,benchANT
2026-08-12 11:09:30+00:00,system,n_users,0,dbms,08-2026,couchbase-802-vanilla-ee-medium-medium-aws,1,ip-172-31-17-239,ranking,benchANT
2026-08-12 11:09:40+00:00,system,n_users,0,dbms,08-2026,couchbase-802-vanilla-ee-medium-medium-aws,1,ip-172-31-17-239,ranking,benchANT
2026-08-12 11:09:50+00:00,system,n_users,0,dbms,08-2026,couchbase-802-vanilla-ee-medium-medium-aws,1,ip-172-31-17-239,ranking,benchANT
2026-08-12 11:10:00+00:00,system,n_users,0,dbms,08-2026,couchbase-802-vanilla-ee-medium-medium-aws,1,ip-172-31-17-239,ranking,benchANT
2026-08-12 11:10:10+00:00,system,n_users,0,dbms,08-2026,couchbase-802-vanilla-ee-medium-medium-aws,1,ip-172-31-17-239,ranking,benchANT
2026-08-12 11:10:20+00:00,system,n_users,0,dbms,08-2026,couchbase-802-vanilla-ee-medium-medium-aws,1,ip-172-31-17-239,ranking,benchANT
2026-08-12 11:10:30+00:00,system,n_users,0,dbms,08-2026,couchbase-802-vanilla-ee-medium-medium-aws,1,ip-172-31-17-239,ranking,benchANT
2026-08-12 11:10:40+00:00,system,n_users,0,dbms,08-2026,couchbase-802-vanilla-ee-medium-medium-aws,1,ip-172-31-17-239,ranking,benchANT
2026-08-12 11:10:50+00:00,system,n_users,0,dbms,08-2026,couchbase-802-vanilla-ee-medium-medium-aws,1,ip-172-31-17-239,ranking,benchANT
2026-08-12 11:11:00+00:00,system,n_users,0,dbms,08-2026,couchbase-802-vanilla-ee-medium-medium-aws,1,ip-172-31-17-239,ranking,benchANT
2026-08-12 11:11:10+00:00,system,n_users,0,dbms,08-2026,couchbase-802-vanilla-ee-medium-medium-aws,1,ip-172-31-17-239,ranking,benchANT
2026-08-12 11:11:20+00:00,system,n_users,0,dbms,08-2026,couchbase-802-vanilla-ee-medium-medium-aws,1,ip-172-31-17-239,ranking,benchANT
2026-08-12 11:11:30+00:00,system,n_users,0,dbms,08-2026,couchbase-802-vanilla-ee-medium-medium-aws,1,ip-172-31-17-239,ranking,benchANT
2026-08-12 11:11:40+00:00,system,n_users,0,dbms,08-2026,couchbase-802-vanilla-ee-medium-medium-aws,1,ip-172-31-17-239,ranking,benchANT
2026-08-12 11:11:50+00:00,system,n_users,0,dbms,08-2026,couchbase-802-vanilla-ee-medium-medium-aws,1,ip-172-31-17-239,ranking,benchANT
2026-08-12 11:12:00+00:00,system,n_users,0,dbms,08-2026,couchbase-802-vanilla-ee-medium-medium-aws,1,ip-172-31-17-239,ranking,benchANT
2026-08-12 11:12:10+00:00,system,n_users,0,dbms,08-2026,couchbase-802-vanilla-ee-medium-medium-aws,1,ip-172-31-17-239,ranking,benchANT
2026-08-12 11:12:20+00:00,system,n_users,0,dbms,08-2026,couchbase-802-vanilla-ee-medium-medium-aws,1,ip-172-31-17-239,ranking,benchANT
2026-08-12 11:12:30+00:00,system,n_users,0,dbms,08-2026,couchbase-802-vanilla-ee-medium-medium-aws,1,ip-172-31-17-239,ranking,benchANT
2026-08-12 11:12:40+00:00,system,n_users,0,dbms,08-2026,couchbase-802-vanilla-ee-medium-medium-aws,1,ip-172-31-17-239,ranking,benchANT
2026-08-12 11:12:50+00:00,system,n_users,0,dbms,08-2026,couchbase-802-vanilla-ee-medium-medium-aws,1,ip-172-31-17-239,ranking,benchANT
2026-08-12 11:13:00+00:00,system,n_users,0,dbms,08-2026,couchbase-802-vanilla-ee-medium-medium-aws,1,ip-172-31-17-239,ranking,benchANT
2026-08-12 11:13:10+00:00,system,n_users,0,dbms,08-2026,couchbase-802-vanilla-ee-medium-medium-aws,1,ip-172-31-17-239,ranking,benchANT
2026-08-12 11:13:20+00:00,system,n_users,0,dbms,08-2026,couchbase-802-vanilla-ee-medium-medium-aws,1,ip-172-31-17-239,ranking,benchANT
2026-08-12 11:13:30+00:00,system,n_users,0,dbms,08-2026,couchbase-802-vanilla-ee-medium-medium-aws,1,ip-172-31-17-239,ranking,benchANT
2026-08-12 11:13:40+00:00,system,n_users,0,dbms,08-2026,couchbase-802-vanilla-ee-medium-medium-aws,1,ip-172-31-17-239,ranking,benchANT
2026-08-12 11:13:50+00:00,system,n_users,0,dbms,08-2026,couchbase-802-vanilla-ee-medium-medium-aws,1,ip-172-31-17-239,ranking,benchANT
2026-08-12 11:14:00+00:00,system,n_users,0,dbms,08-2026,couchbase-802-vanilla-ee-medium-medium-aws,1,ip-172-31-17-239,ranking,benchANT
2026-08-12 11:14:10+00:00,system,n_users,0,dbms,08-2026,couchbase-802-vanilla-ee-medium-medium-aws,1,ip-172-31-17-239,ranking,benchANT
2026-08-12 11:14:20+00:00,system,n_users,0,dbms,08-2026,couchbase-802-vanilla-ee-medium-medium-aws,1,ip-172-31-17-239,ranking,benchANT
2026-08-12 11:14:30+00:00,system,n_users,0,dbms,08-2026,couchbase-802-vanilla-ee-medium-medium-aws,1,ip-172-31-17-239,ranking,benchANT
2026-08-12 11:14:40+00:00,system,n_users,0,dbms,08-2026,couchbase-802-vanilla-ee-medium-medium-aws,1,ip-172-31-17-239,ranking,benchANT
2026-08-12 11:14:50+00:00,system,n_users,0,dbms,08-2026,couchbase-802-vanilla-ee-medium-medium-aws,1,ip-172-31-17-239,ranking,benchANT
2026-08-12 11:15:00+00:00,system,n_users,0,dbms,08-2026,couchbase-802-vanilla-ee-medium-medium-aws,1,ip-172-31-17-239,ranking,benchANT
2026-08-12 11:15:10+00:00,system,n_users,0,dbms,08-2026,couchbase-802-vanilla-ee-medium-medium-aws,1,ip-172-31-17-239,ranking,benchANT
2026-08-12 11:15:20+00:00,system,n_users,0,dbms,08-2026,couchbase-802-vanilla-ee-medium-medium-aws,1,ip-172-31-17-239,ranking,benchANT
2026-08-12 11:15:30+00:00,system,n_users,0,dbms,08-2026,couchbase-802-vanilla-ee-medium-medium-aws,1,ip-172-31-17-239,ranking,benchANT
2026-08-12 11:15:40+00:00,system,n_users,0,dbms,08-2026,couchbase-802-vanilla-ee-medium-medium-aws,1,ip-172-31-17-239,ranking,benchANT
2026-08-12 11:15:50+00:00,system,n_users,0,dbms,08-2026,couchbase-802-vanilla-ee-medium-medium-aws,1,ip-172-31-17-239,ranking,benchANT
2026-08-12 11:03:30+00:00,system,uptime,925,dbms,08-2026,couchbase-802-vanilla-ee-medium-medium-aws,1,ip-172-31-17-239,ranking,benchANT
2026-08-12 11:03:40+00:00,system,uptime,935,dbms,08-2026,couchbase-802-vanilla-ee-medium-medium-aws,1,ip-172-31-17-239,ranking,benchANT
2026-08-12 11:03:50+00:00,system,uptime,945,dbms,08-2026,couchbase-802-vanilla-ee-medium-medium-aws,1,ip-172-31-17-239,ranking,benchANT
2026-08-12 11:04:00+00:00,system,uptime,955,dbms,08-2026,couchbase-802-vanilla-ee-medium-medium-aws,1,ip-172-31-17-239,ranking,benchANT
2026-08-12 11:04:10+00:00,system,uptime,965,dbms,08-2026,couchbase-802-vanilla-ee-medium-medium-aws,1,ip-172-31-17-239,ranking,benchANT
2026-08-12 11:04:20+00:00,system,uptime,975,dbms,08-2026,couchbase-802-vanilla-ee-medium-medium-aws,1,ip-172-31-17-239,ranking,benchANT
2026-08-12 11:04:30+00:00,system,uptime,985,dbms,08-2026,couchbase-802-vanilla-ee-medium-medium-aws,1,ip-172-31-17-239,ranking,benchANT
2026-08-12 11:04:40+00:00,system,uptime,995,dbms,08-2026,couchbase-802-vanilla-ee-medium-medium-aws,1,ip-172-31-17-239,ranking,benchANT
2026-08-12 11:04:50+00:00,system,uptime,1005,dbms,08-2026,couchbase-802-vanilla-ee-medium-medium-aws,1,ip-172-31-17-239,ranking,benchANT
2026-08-12 11:05:00+00:00,system,uptime,1015,dbms,08-2026,couchbase-802-vanilla-ee-medium-medium-aws,1,ip-172-31-17-239,ranking,benchANT
2026-08-12 11:05:10+00:00,system,uptime,1025,dbms,08-2026,couchbase-802-vanilla-ee-medium-medium-aws,1,ip-172-31-17-239,ranking,benchANT
2026-08-12 11:05:20+00:00,system,uptime,1035,dbms,08-2026,couchbase-802-vanilla-ee-medium-medium-aws,1,ip-172-31-17-239,ranking,benchANT
2026-08-12 11:05:30+00:00,system,uptime,1045,dbms,08-2026,couchbase-802-vanilla-ee-medium-medium-aws,1,ip-172-31-17-239,ranking,benchANT
2026-08-12 11:05:40+00:00,system,uptime,1055,dbms,08-2026,couchbase-802-vanilla-ee-medium-medium-aws,1,ip-172-31-17-239,ranking,benchANT
2026-08-12 11:05:50+00:00,system,uptime,1065,dbms,08-2026,couchbase-802-vanilla-ee-medium-medium-aws,1,ip-172-31-17-239,ranking,benchANT
2026-08-12 11:06:00+00:00,system,uptime,1075,dbms,08-2026,couchbase-802-vanilla-ee-medium-medium-aws,1,ip-172-31-17-239,ranking,benchANT
2026-08-12 11:06:10+00:00,system,uptime,1085,dbms,08-2026,couchbase-802-vanilla-ee-medium-medium-aws,1,ip-172-31-17-239,ranking,benchANT
2026-08-12 11:06:20+00:00,system,uptime,1095,dbms,08-2026,couchbase-802-vanilla-ee-medium-medium-aws,1,ip-172-31-17-239,ranking,benchANT
2026-08-12 11:06:30+00:00,system,uptime,1105,dbms,08-2026,couchbase-802-vanilla-ee-medium-medium-aws,1,ip-172-31-17-239,ranking,benchANT
2026-08-12 11:06:40+00:00,system,uptime,1115,dbms,08-2026,couchbase-802-vanilla-ee-medium-medium-aws,1,ip-172-31-17-239,ranking,benchANT
2026-08-12 11:06:50+00:00,system,uptime,1125,dbms,08-2026,couchbase-802-vanilla-ee-medium-medium-aws,1,ip-172-31-17-239,ranking,benchANT
2026-08-12 11:07:00+00:00,system,uptime,1135,dbms,08-2026,couchbase-802-vanilla-ee-medium-medium-aws,1,ip-172-31-17-239,ranking,benchANT
2026-08-12 11:07:10+00:00,system,uptime,1145,dbms,08-2026,couchbase-802-vanilla-ee-medium-medium-aws,1,ip-172-31-17-239,ranking,benchANT
2026-08-12 11:07:20+00:00,system,uptime,1155,dbms,08-2026,couchbase-802-vanilla-ee-medium-medium-aws,1,ip-172-31-17-239,ranking,benchANT
2026-08-12 11:07:30+00:00,system,uptime,1165,dbms,08-2026,couchbase-802-vanilla-ee-medium-medium-aws,1,ip-172-31-17-239,ranking,benchANT
2026-08-12 11:07:40+00:00,system,uptime,1175,dbms,08-2026,couchbase-802-vanilla-ee-medium-medium-aws,1,ip-172-31-17-239,ranking,benchANT
2026-08-12 11:07:50+00:00,system,uptime,1185,dbms,08-2026,couchbase-802-vanilla-ee-medium-medium-aws,1,ip-172-31-17-239,ranking,benchANT
2026-08-12 11:08:00+00:00,system,uptime,1195,dbms,08-2026,couchbase-802-vanilla-ee-medium-medium-aws,1,ip-172-31-17-239,ranking,benchANT
2026-08-12 11:08:10+00:00,system,uptime,1205,dbms,08-2026,couchbase-802-vanilla-ee-medium-medium-aws,1,ip-172-31-17-239,ranking,benchANT
2026-08-12 11:08:20+00:00,system,uptime,1215,dbms,08-2026,couchbase-802-vanilla-ee-medium-medium-aws,1,ip-172-31-17-239,ranking,benchANT
2026-08-12 11:08:30+00:00,system,uptime,1225,dbms,08-2026,couchbase-802-vanilla-ee-medium-medium-aws,1,ip-172-31-17-239,ranking,benchANT
2026-08-12 11:08:40+00:00,system,uptime,1235,dbms,08-2026,couchbase-802-vanilla-ee-medium-medium-aws,1,ip-172-31-17-239,ranking,benchANT
2026-08-12 11:08:50+00:00,system,uptime,1245,dbms,08-2026,couchbase-802-vanilla-ee-medium-medium-aws,1,ip-172-31-17-239,ranking,benchANT
2026-08-12 11:09:00+00:00,system,uptime,1255,dbms,08-2026,couchbase-802-vanilla-ee-medium-medium-aws,1,ip-172-31-17-239,ranking,benchANT
2026-08-12 11:09:10+00:00,system,uptime,1265,dbms,08-2026,couchbase-802-vanilla-ee-medium-medium-aws,1,ip-172-31-17-239,ranking,benchANT
2026-08-12 11:09:20+00:00,system,uptime,1275,dbms,08-2026,couchbase-802-vanilla-ee-medium-medium-aws,1,ip-172-31-17-239,ranking,benchANT
2026-08-12 11:09:30+00:00,system,uptime,1285,dbms,08-2026,couchbase-802-vanilla-ee-medium-medium-aws,1,ip-172-31-17-239,ranking,benchANT
2026-08-12 11:09:40+00:00,system,uptime,1295,dbms,08-2026,couchbase-802-vanilla-ee-medium-medium-aws,1,ip-172-31-17-239,ranking,benchANT
2026-08-12 11:09:50+00:00,system,uptime,1305,dbms,08-2026,couchbase-802-vanilla-ee-medium-medium-aws,1,ip-172-31-17-239,ranking,benchANT
2026-08-12 11:10:00+00:00,system,uptime,1315,dbms,08-2026,couchbase-802-vanilla-ee-medium-medium-aws,1,ip-172-31-17-239,ranking,benchANT
2026-08-12 11:10:10+00:00,system,uptime,1325,dbms,08-2026,couchbase-802-vanilla-ee-medium-medium-aws,1,ip-172-31-17-239,ranking,benchANT
2026-08-12 11:10:20+00:00,system,uptime,1335,dbms,08-2026,couchbase-802-vanilla-ee-medium-medium-aws,1,ip-172-31-17-239,ranking,benchANT
2026-08-12 11:10:30+00:00,system,uptime,1345,dbms,08-2026,couchbase-802-vanilla-ee-medium-medium-aws,1,ip-172-31-17-239,ranking,benchANT
2026-08-12 11:10:40+00:00,system,uptime,1355,dbms,08-2026,couchbase-802-vanilla-ee-medium-medium-aws,1,ip-172-31-17-239,ranking,benchANT
2026-08-12 11:10:50+00:00,system,uptime,1365,dbms,08-2026,couchbase-802-vanilla-ee-medium-medium-aws,1,ip-172-31-17-239,ranking,benchANT
2026-08-12 11:11:00+00:00,system,uptime,1375,dbms,08-2026,couchbase-802-vanilla-ee-medium-medium-aws,1,ip-172-31-17-239,ranking,benchANT
2026-08-12 11:11:10+00:00,system,uptime,1385,dbms,08-2026,couchbase-802-vanilla-ee-medium-medium-aws,1,ip-172-31-17-239,ranking,benchANT
2026-08-12 11:11:20+00:00,system,uptime,1395,dbms,08-2026,couchbase-802-vanilla-ee-medium-medium-aws,1,ip-172-31-17-239,ranking,benchANT
2026-08-12 11:11:30+00:00,system,uptime,1405,dbms,08-2026,couchbase-802-vanilla-ee-medium-medium-aws,1,ip-172-31-17-239,ranking,benchANT
2026-08-12 11:11:40+00:00,system,uptime,1415,dbms,08-2026,couchbase-802-vanilla-ee-medium-medium-aws,1,ip-172-31-17-239,ranking,benchANT
2026-08-12 11:11:50+00:00,system,uptime,1425,dbms,08-2026,couchbase-802-vanilla-ee-medium-medium-aws,1,ip-172-31-17-239,ranking,benchANT
2026-08-12 11:12:00+00:00,system,uptime,1435,dbms,08-2026,couchbase-802-vanilla-ee-medium-medium-aws,1,ip-172-31-17-239,ranking,benchANT
2026-08-12 11:12:10+00:00,system,uptime,1445,dbms,08-2026,couchbase-802-vanilla-ee-medium-medium-aws,1,ip-172-31-17-239,ranking,benchANT
2026-08-12 11:12:20+00:00,system,uptime,1455,dbms,08-2026,couchbase-802-vanilla-ee-medium-medium-aws,1,ip-172-31-17-239,ranking,benchANT
2026-08-12 11:12:30+00:00,system,uptime,1465,dbms,08-2026,couchbase-802-vanilla-ee-medium-medium-aws,1,ip-172-31-17-239,ranking,benchANT
2026-08-12 11:12:40+00:00,system,uptime,1475,dbms,08-2026,couchbase-802-vanilla-ee-medium-medium-aws,1,ip-172-31-17-239,ranking,benchANT
2026-08-12 11:12:50+00:00,system,uptime,1485,dbms,08-2026,couchbase-802-vanilla-ee-medium-medium-aws,1,ip-172-31-17-239,ranking,benchANT
2026-08-12 11:13:00+00:00,system,uptime,1495,dbms,08-2026,couchbase-802-vanilla-ee-medium-medium-aws,1,ip-172-31-17-239,ranking,benchANT
2026-08-12 11:13:10+00:00,system,uptime,1505,dbms,08-2026,couchbase-802-vanilla-ee-medium-medium-aws,1,ip-172-31-17-239,ranking,benchANT
2026-08-12 11:13:20+00:00,system,uptime,1515,dbms,08-2026,couchbase-802-vanilla-ee-medium-medium-aws,1,ip-172-31-17-239,ranking,benchANT
2026-08-12 11:13:30+00:00,system,uptime,1525,dbms,08-2026,couchbase-802-vanilla-ee-medium-medium-aws,1,ip-172-31-17-239,ranking,benchANT
2026-08-12 11:13:40+00:00,system,uptime,1535,dbms,08-2026,couchbase-802-vanilla-ee-medium-medium-aws,1,ip-172-31-17-239,ranking,benchANT
2026-08-12 11:13:50+00:00,system,uptime,1545,dbms,08-2026,couchbase-802-vanilla-ee-medium-medium-aws,1,ip-172-31-17-239,ranking,benchANT
2026-08-12 11:14:00+00:00,system,uptime,1555,dbms,08-2026,couchbase-802-vanilla-ee-medium-medium-aws,1,ip-172-31-17-239,ranking,benchANT
2026-08-12 11:14:10+00:00,system,uptime,1565,dbms,08-2026,couchbase-802-vanilla-ee-medium-medium-aws,1,ip-172-31-17-239,ranking,benchANT
2026-08-12 11:14:20+00:00,system,uptime,1575,dbms,08-2026,couchbase-802-vanilla-ee-medium-medium-aws,1,ip-172-31-17-239,ranking,benchANT
2026-08-12 11:14:30+00:00,system,uptime,1585,dbms,08-2026,couchbase-802-vanilla-ee-medium-medium-aws,1,ip-172-31-17-239,ranking,benchANT
2026-08-12 11:14:40+00:00,system,uptime,1595,dbms,08-2026,couchbase-802-vanilla-ee-medium-medium-aws,1,ip-172-31-17-239,ranking,benchANT
2026-08-12 11:14:50+00:00,system,uptime,1605,dbms,08-2026,couchbase-802-vanilla-ee-medium-medium-aws,1,ip-172-31-17-239,ranking,benchANT
2026-08-12 11:15:00+00:00,system,uptime,1615,dbms,08-2026,couchbase-802-vanilla-ee-medium-medium-aws,1,ip-172-31-17-239,ranking,benchANT
2026-08-12 11:15:10+00:00,system,uptime,1625,dbms,08-2026,couchbase-802-vanilla-ee-medium-medium-aws,1,ip-172-31-17-239,ranking,benchANT
2026-08-12 11:15:20+00:00,system,uptime,1635,dbms,08-2026,couchbase-802-vanilla-ee-medium-medium-aws,1,ip-172-31-17-239,ranking,benchANT
2026-08-12 11:15:30+00:00,system,uptime,1645,dbms,08-2026,couchbase-802-vanilla-ee-medium-medium-aws,1,ip-172-31-17-239,ranking,benchANT
2026-08-12 11:15:40+00:00,system,uptime,1655,dbms,08-2026,couchbase-802-vanilla-ee-medium-medium-aws,1,ip-172-31-17-239,ranking,benchANT
2026-08-12 11:15:50+00:00,system,uptime,1665,dbms,08-2026,couchbase-802-vanilla-ee-medium-medium-aws,1,ip-172-31-17-239,ranking,benchANT
2026-08-12 11:03:30+00:00,system,uptime_format, 0:15,dbms,08-2026,couchbase-802-vanilla-ee-medium-medium-aws,1,ip-172-31-17-239,ranking,benchANT
2026-08-12 11:03:40+00:00,system,uptime_format, 0:15,dbms,08-2026,couchbase-802-vanilla-ee-medium-medium-aws,1,ip-172-31-17-239,ranking,benchANT
2026-08-12 11:03:50+00:00,system,uptime_format, 0:15,dbms,08-2026,couchbase-802-vanilla-ee-medium-medium-aws,1,ip-172-31-17-239,ranking,benchANT
2026-08-12 11:04:00+00:00,system,uptime_format, 0:15,dbms,08-2026,couchbase-802-vanilla-ee-medium-medium-aws,1,ip-172-31-17-239,ranking,benchANT
2026-08-12 11:04:10+00:00,system,uptime_format, 0:16,dbms,08-2026,couchbase-802-vanilla-ee-medium-medium-aws,1,ip-172-31-17-239,ranking,benchANT
2026-08-12 11:04:20+00:00,system,uptime_format, 0:16,dbms,08-2026,couchbase-802-vanilla-ee-medium-medium-aws,1,ip-172-31-17-239,ranking,benchANT
2026-08-12 11:04:30+00:00,system,uptime_format, 0:16,dbms,08-2026,couchbase-802-vanilla-ee-medium-medium-aws,1,ip-172-31-17-239,ranking,benchANT
2026-08-12 11:04:40+00:00,system,uptime_format, 0:16,dbms,08-2026,couchbase-802-vanilla-ee-medium-medium-aws,1,ip-172-31-17-239,ranking,benchANT
2026-08-12 11:04:50+00:00,system,uptime_format, 0:16,dbms,08-2026,couchbase-802-vanilla-ee-medium-medium-aws,1,ip-172-31-17-239,ranking,benchANT
2026-08-12 11:05:00+00:00,system,uptime_format, 0:16,dbms,08-2026,couchbase-802-vanilla-ee-medium-medium-aws,1,ip-172-31-17-239,ranking,benchANT
2026-08-12 11:05:10+00:00,system,uptime_format, 0:17,dbms,08-2026,couchbase-802-vanilla-ee-medium-medium-aws,1,ip-172-31-17-239,ranking,benchANT
2026-08-12 11:05:20+00:00,system,uptime_format, 0:17,dbms,08-2026,couchbase-802-vanilla-ee-medium-medium-aws,1,ip-172-31-17-239,ranking,benchANT
2026-08-12 11:05:30+00:00,system,uptime_format, 0:17,dbms,08-2026,couchbase-802-vanilla-ee-medium-medium-aws,1,ip-172-31-17-239,ranking,benchANT
2026-08-12 11:05:40+00:00,system,uptime_format, 0:17,dbms,08-2026,couchbase-802-vanilla-ee-medium-medium-aws,1,ip-172-31-17-239,ranking,benchANT
2026-08-12 11:05:50+00:00,system,uptime_format, 0:17,dbms,08-2026,couchbase-802-vanilla-ee-medium-medium-aws,1,ip-172-31-17-239,ranking,benchANT
2026-08-12 11:06:00+00:00,system,uptime_format, 0:17,dbms,08-2026,couchbase-802-vanilla-ee-medium-medium-aws,1,ip-172-31-17-239,ranking,benchANT
2026-08-12 11:06:10+00:00,system,uptime_format, 0:18,dbms,08-2026,couchbase-802-vanilla-ee-medium-medium-aws,1,ip-172-31-17-239,ranking,benchANT
2026-08-12 11:06:20+00:00,system,uptime_format, 0:18,dbms,08-2026,couchbase-802-vanilla-ee-medium-medium-aws,1,ip-172-31-17-239,ranking,benchANT
2026-08-12 11:06:30+00:00,system,uptime_format, 0:18,dbms,08-2026,couchbase-802-vanilla-ee-medium-medium-aws,1,ip-172-31-17-239,ranking,benchANT
2026-08-12 11:06:40+00:00,system,uptime_format, 0:18,dbms,08-2026,couchbase-802-vanilla-ee-medium-medium-aws,1,ip-172-31-17-239,ranking,benchANT
2026-08-12 11:06:50+00:00,system,uptime_format, 0:18,dbms,08-2026,couchbase-802-vanilla-ee-medium-medium-aws,1,ip-172-31-17-239,ranking,benchANT
2026-08-12 11:07:00+00:00,system,uptime_format, 0:18,dbms,08-2026,couchbase-802-vanilla-ee-medium-medium-aws,1,ip-172-31-17-239,ranking,benchANT
2026-08-12 11:07:10+00:00,system,uptime_format, 0:19,dbms,08-2026,couchbase-802-vanilla-ee-medium-medium-aws,1,ip-172-31-17-239,ranking,benchANT
2026-08-12 11:07:20+00:00,system,uptime_format, 0:19,dbms,08-2026,couchbase-802-vanilla-ee-medium-medium-aws,1,ip-172-31-17-239,ranking,benchANT
2026-08-12 11:07:30+00:00,system,uptime_format, 0:19,dbms,08-2026,couchbase-802-vanilla-ee-medium-medium-aws,1,ip-172-31-17-239,ranking,benchANT
2026-08-12 11:07:40+00:00,system,uptime_format, 0:19,dbms,08-2026,couchbase-802-vanilla-ee-medium-medium-aws,1,ip-172-31-17-239,ranking,benchANT
2026-08-12 11:07:50+00:00,system,uptime_format, 0:19,dbms,08-2026,couchbase-802-vanilla-ee-medium-medium-aws,1,ip-172-31-17-239,ranking,benchANT
2026-08-12 11:08:00+00:00,system,uptime_format, 0:19,dbms,08-2026,couchbase-802-vanilla-ee-medium-medium-aws,1,ip-172-31-17-239,ranking,benchANT
2026-08-12 11:08:10+00:00,system,uptime_format, 0:20,dbms,08-2026,couchbase-802-vanilla-ee-medium-medium-aws,1,ip-172-31-17-239,ranking,benchANT
2026-08-12 11:08:20+00:00,system,uptime_format, 0:20,dbms,08-2026,couchbase-802-vanilla-ee-medium-medium-aws,1,ip-172-31-17-239,ranking,benchANT
2026-08-12 11:08:30+00:00,system,uptime_format, 0:20,dbms,08-2026,couchbase-802-vanilla-ee-medium-medium-aws,1,ip-172-31-17-239,ranking,benchANT
2026-08-12 11:08:40+00:00,system,uptime_format, 0:20,dbms,08-2026,couchbase-802-vanilla-ee-medium-medium-aws,1,ip-172-31-17-239,ranking,benchANT
2026-08-12 11:08:50+00:00,system,uptime_format, 0:20,dbms,08-2026,couchbase-802-vanilla-ee-medium-medium-aws,1,ip-172-31-17-239,ranking,benchANT
2026-08-12 11:09:00+00:00,system,uptime_format, 0:20,dbms,08-2026,couchbase-802-vanilla-ee-medium-medium-aws,1,ip-172-31-17-239,ranking,benchANT
2026-08-12 11:09:10+00:00,system,uptime_format, 0:21,dbms,08-2026,couchbase-802-vanilla-ee-medium-medium-aws,1,ip-172-31-17-239,ranking,benchANT
2026-08-12 11:09:20+00:00,system,uptime_format, 0:21,dbms,08-2026,couchbase-802-vanilla-ee-medium-medium-aws,1,ip-172-31-17-239,ranking,benchANT
2026-08-12 11:09:30+00:00,system,uptime_format, 0:21,dbms,08-2026,couchbase-802-vanilla-ee-medium-medium-aws,1,ip-172-31-17-239,ranking,benchANT
2026-08-12 11:09:40+00:00,system,uptime_format, 0:21,dbms,08-2026,couchbase-802-vanilla-ee-medium-medium-aws,1,ip-172-31-17-239,ranking,benchANT
2026-08-12 11:09:50+00:00,system,uptime_format, 0:21,dbms,08-2026,couchbase-802-vanilla-ee-medium-medium-aws,1,ip-172-31-17-239,ranking,benchANT
2026-08-12 11:10:00+00:00,system,uptime_format, 0:21,dbms,08-2026,couchbase-802-vanilla-ee-medium-medium-aws,1,ip-172-31-17-239,ranking,benchANT
2026-08-12 11:10:10+00:00,system,uptime_format, 0:22,dbms,08-2026,couchbase-802-vanilla-ee-medium-medium-aws,1,ip-172-31-17-239,ranking,benchANT
2026-08-12 11:10:20+00:00,system,uptime_format, 0:22,dbms,08-2026,couchbase-802-vanilla-ee-medium-medium-aws,1,ip-172-31-17-239,ranking,benchANT
2026-08-12 11:10:30+00:00,system,uptime_format, 0:22,dbms,08-2026,couchbase-802-vanilla-ee-medium-medium-aws,1,ip-172-31-17-239,ranking,benchANT
2026-08-12 11:10:40+00:00,system,uptime_format, 0:22,dbms,08-2026,couchbase-802-vanilla-ee-medium-medium-aws,1,ip-172-31-17-239,ranking,benchANT
2026-08-12 11:10:50+00:00,system,uptime_format, 0:22,dbms,08-2026,couchbase-802-vanilla-ee-medium-medium-aws,1,ip-172-31-17-239,ranking,benchANT
2026-08-12 11:11:00+00:00,system,uptime_format, 0:22,dbms,08-2026,couchbase-802-vanilla-ee-medium-medium-aws,1,ip-172-31-17-239,ranking,benchANT
2026-08-12 11:11:10+00:00,system,uptime_format, 0:23,dbms,08-2026,couchbase-802-vanilla-ee-medium-medium-aws,1,ip-172-31-17-239,ranking,benchANT
2026-08-12 11:11:20+00:00,system,uptime_format, 0:23,dbms,08-2026,couchbase-802-vanilla-ee-medium-medium-aws,1,ip-172-31-17-239,ranking,benchANT
2026-08-12 11:11:30+00:00,system,uptime_format, 0:23,dbms,08-2026,couchbase-802-vanilla-ee-medium-medium-aws,1,ip-172-31-17-239,ranking,benchANT
2026-08-12 11:11:40+00:00,system,uptime_format, 0:23,dbms,08-2026,couchbase-802-vanilla-ee-medium-medium-aws,1,ip-172-31-17-239,ranking,benchANT
2026-08-12 11:11:50+00:00,system,uptime_format, 0:23,dbms,08-2026,couchbase-802-vanilla-ee-medium-medium-aws,1,ip-172-31-17-239,ranking,benchANT
2026-08-12 11:12:00+00:00,system,uptime_format, 0:23,dbms,08-2026,couchbase-802-vanilla-ee-medium-medium-aws,1,ip-172-31-17-239,ranking,benchANT
2026-08-12 11:12:10+00:00,system,uptime_format, 0:24,dbms,08-2026,couchbase-802-vanilla-ee-medium-medium-aws,1,ip-172-31-17-239,ranking,benchANT
2026-08-12 11:12:20+00:00,system,uptime_format, 0:24,dbms,08-2026,couchbase-802-vanilla-ee-medium-medium-aws,1,ip-172-31-17-239,ranking,benchANT
2026-08-12 11:12:30+00:00,system,uptime_format, 0:24,dbms,08-2026,couchbase-802-vanilla-ee-medium-medium-aws,1,ip-172-31-17-239,ranking,benchANT
2026-08-12 11:12:40+00:00,system,uptime_format, 0:24,dbms,08-2026,couchbase-802-vanilla-ee-medium-medium-aws,1,ip-172-31-17-239,ranking,benchANT
2026-08-12 11:12:50+00:00,system,uptime_format, 0:24,dbms,08-2026,couchbase-802-vanilla-ee-medium-medium-aws,1,ip-172-31-17-239,ranking,benchANT
2026-08-12 11:13:00+00:00,system,uptime_format, 0:24,dbms,08-2026,couchbase-802-vanilla-ee-medium-medium-aws,1,ip-172-31-17-239,ranking,benchANT
2026-08-12 11:13:10+00:00,system,uptime_format, 0:25,dbms,08-2026,couchbase-802-vanilla-ee-medium-medium-aws,1,ip-172-31-17-239,ranking,benchANT
2026-08-12 11:13:20+00:00,system,uptime_format, 0:25,dbms,08-2026,couchbase-802-vanilla-ee-medium-medium-aws,1,ip-172-31-17-239,ranking,benchANT
2026-08-12 11:13:30+00:00,system,uptime_format, 0:25,dbms,08-2026,couchbase-802-vanilla-ee-medium-medium-aws,1,ip-172-31-17-239,ranking,benchANT
2026-08-12 11:13:40+00:00,system,uptime_format, 0:25,dbms,08-2026,couchbase-802-vanilla-ee-medium-medium-aws,1,ip-172-31-17-239,ranking,benchANT
2026-08-12 11:13:50+00:00,system,uptime_format, 0:25,dbms,08-2026,couchbase-802-vanilla-ee-medium-medium-aws,1,ip-172-31-17-239,ranking,benchANT
2026-08-12 11:14:00+00:00,system,uptime_format, 0:25,dbms,08-2026,couchbase-802-vanilla-ee-medium-medium-aws,1,ip-172-31-17-239,ranking,benchANT
2026-08-12 11:14:10+00:00,system,uptime_format, 0:26,dbms,08-2026,couchbase-802-vanilla-ee-medium-medium-aws,1,ip-172-31-17-239,ranking,benchANT
2026-08-12 11:14:20+00:00,system,uptime_format, 0:26,dbms,08-2026,couchbase-802-vanilla-ee-medium-medium-aws,1,ip-172-31-17-239,ranking,benchANT
2026-08-12 11:14:30+00:00,system,uptime_format, 0:26,dbms,08-2026,couchbase-802-vanilla-ee-medium-medium-aws,1,ip-172-31-17-239,ranking,benchANT
2026-08-12 11:14:40+00:00,system,uptime_format, 0:26,dbms,08-2026,couchbase-802-vanilla-ee-medium-medium-aws,1,ip-172-31-17-239,ranking,benchANT
2026-08-12 11:14:50+00:00,system,uptime_format, 0:26,dbms,08-2026,couchbase-802-vanilla-ee-medium-medium-aws,1,ip-172-31-17-239,ranking,benchANT
2026-08-12 11:15:00+00:00,system,uptime_format, 0:26,dbms,08-2026,couchbase-802-vanilla-ee-medium-medium-aws,1,ip-172-31-17-239,ranking,benchANT
2026-08-12 11:15:10+00:00,system,uptime_format, 0:27,dbms,08-2026,couchbase-802-vanilla-ee-medium-medium-aws,1,ip-172-31-17-239,ranking,benchANT
2026-08-12 11:15:20+00:00,system,uptime_format, 0:27,dbms,08-2026,couchbase-802-vanilla-ee-medium-medium-aws,1,ip-172-31-17-239,ranking,benchANT
2026-08-12 11:15:30+00:00,system,uptime_format, 0:27,dbms,08-2026,couchbase-802-vanilla-ee-medium-medium-aws,1,ip-172-31-17-239,ranking,benchANT
2026-08-12 11:15:40+00:00,system,uptime_format, 0:27,dbms,08-2026,couchbase-802-vanilla-ee-medium-medium-aws,1,ip-172-31-17-239,ranking,benchANT
2026-08-12 11:15:50+00:00,system,uptime_format, 0:27,dbms,08-2026,couchbase-802-vanilla-ee-medium-medium-aws,1,ip-172-31-17-239,ranking,benchANT
2026-08-12 11:03:30+00:00,system,load1,0.12,dbms,08-2026,couchbase-802-vanilla-ee-medium-medium-aws,1,ip-172-31-18-121,ranking,benchANT
2026-08-12 11:03:40+00:00,system,load1,0.1,dbms,08-2026,couchbase-802-vanilla-ee-medium-medium-aws,1,ip-172-31-18-121,ranking,benchANT
2026-08-12 11:03:50+00:00,system,load1,0.09,dbms,08-2026,couchbase-802-vanilla-ee-medium-medium-aws,1,ip-172-31-18-121,ranking,benchANT
2026-08-12 11:04:00+00:00,system,load1,0.15,dbms,08-2026,couchbase-802-vanilla-ee-medium-medium-aws,1,ip-172-31-18-121,ranking,benchANT
2026-08-12 11:04:10+00:00,system,load1,0.2,dbms,08-2026,couchbase-802-vanilla-ee-medium-medium-aws,1,ip-172-31-18-121,ranking,benchANT
2026-08-12 11:04:20+00:00,system,load1,1.1,dbms,08-2026,couchbase-802-vanilla-ee-medium-medium-aws,1,ip-172-31-18-121,ranking,benchANT
2026-08-12 11:04:30+00:00,system,load1,2.08,dbms,08-2026,couchbase-802-vanilla-ee-medium-medium-aws,1,ip-172-31-18-121,ranking,benchANT
2026-08-12 11:04:40+00:00,system,load1,2.85,dbms,08-2026,couchbase-802-vanilla-ee-medium-medium-aws,1,ip-172-31-18-121,ranking,benchANT
2026-08-12 11:04:50+00:00,system,load1,3.95,dbms,08-2026,couchbase-802-vanilla-ee-medium-medium-aws,1,ip-172-31-18-121,ranking,benchANT
2026-08-12 11:05:00+00:00,system,load1,4.72,dbms,08-2026,couchbase-802-vanilla-ee-medium-medium-aws,1,ip-172-31-18-121,ranking,benchANT
2026-08-12 11:05:10+00:00,system,load1,5.47,dbms,08-2026,couchbase-802-vanilla-ee-medium-medium-aws,1,ip-172-31-18-121,ranking,benchANT
2026-08-12 11:05:20+00:00,system,load1,6.02,dbms,08-2026,couchbase-802-vanilla-ee-medium-medium-aws,1,ip-172-31-18-121,ranking,benchANT
2026-08-12 11:05:30+00:00,system,load1,6.33,dbms,08-2026,couchbase-802-vanilla-ee-medium-medium-aws,1,ip-172-31-18-121,ranking,benchANT
2026-08-12 11:05:40+00:00,system,load1,6.59,dbms,08-2026,couchbase-802-vanilla-ee-medium-medium-aws,1,ip-172-31-18-121,ranking,benchANT
2026-08-12 11:05:50+00:00,system,load1,6.81,dbms,08-2026,couchbase-802-vanilla-ee-medium-medium-aws,1,ip-172-31-18-121,ranking,benchANT
2026-08-12 11:06:00+00:00,system,load1,6.99,dbms,08-2026,couchbase-802-vanilla-ee-medium-medium-aws,1,ip-172-31-18-121,ranking,benchANT
2026-08-12 11:06:10+00:00,system,load1,6.68,dbms,08-2026,couchbase-802-vanilla-ee-medium-medium-aws,1,ip-172-31-18-121,ranking,benchANT
2026-08-12 11:06:20+00:00,system,load1,6.88,dbms,08-2026,couchbase-802-vanilla-ee-medium-medium-aws,1,ip-172-31-18-121,ranking,benchANT
2026-08-12 11:06:30+00:00,system,load1,6.98,dbms,08-2026,couchbase-802-vanilla-ee-medium-medium-aws,1,ip-172-31-18-121,ranking,benchANT
2026-08-12 11:06:40+00:00,system,load1,6.99,dbms,08-2026,couchbase-802-vanilla-ee-medium-medium-aws,1,ip-172-31-18-121,ranking,benchANT
2026-08-12 11:06:50+00:00,system,load1,7.23,dbms,08-2026,couchbase-802-vanilla-ee-medium-medium-aws,1,ip-172-31-18-121,ranking,benchANT
2026-08-12 11:07:00+00:00,system,load1,7.51,dbms,08-2026,couchbase-802-vanilla-ee-medium-medium-aws,1,ip-172-31-18-121,ranking,benchANT
2026-08-12 11:07:10+00:00,system,load1,7.97,dbms,08-2026,couchbase-802-vanilla-ee-medium-medium-aws,1,ip-172-31-18-121,ranking,benchANT
2026-08-12 11:07:20+00:00,system,load1,7.97,dbms,08-2026,couchbase-802-vanilla-ee-medium-medium-aws,1,ip-172-31-18-121,ranking,benchANT
2026-08-12 11:07:30+00:00,system,load1,8.05,dbms,08-2026,couchbase-802-vanilla-ee-medium-medium-aws,1,ip-172-31-18-121,ranking,benchANT
2026-08-12 11:07:40+00:00,system,load1,8.42,dbms,08-2026,couchbase-802-vanilla-ee-medium-medium-aws,1,ip-172-31-18-121,ranking,benchANT
2026-08-12 11:07:50+00:00,system,load1,8.44,dbms,08-2026,couchbase-802-vanilla-ee-medium-medium-aws,1,ip-172-31-18-121,ranking,benchANT
2026-08-12 11:08:00+00:00,system,load1,8.6,dbms,08-2026,couchbase-802-vanilla-ee-medium-medium-aws,1,ip-172-31-18-121,ranking,benchANT
2026-08-12 11:08:10+00:00,system,load1,8.74,dbms,08-2026,couchbase-802-vanilla-ee-medium-medium-aws,1,ip-172-31-18-121,ranking,benchANT
2026-08-12 11:08:20+00:00,system,load1,8.78,dbms,08-2026,couchbase-802-vanilla-ee-medium-medium-aws,1,ip-172-31-18-121,ranking,benchANT
2026-08-12 11:08:30+00:00,system,load1,8.66,dbms,08-2026,couchbase-802-vanilla-ee-medium-medium-aws,1,ip-172-31-18-121,ranking,benchANT
2026-08-12 11:08:40+00:00,system,load1,8.55,dbms,08-2026,couchbase-802-vanilla-ee-medium-medium-aws,1,ip-172-31-18-121,ranking,benchANT
2026-08-12 11:08:50+00:00,system,load1,8.62,dbms,08-2026,couchbase-802-vanilla-ee-medium-medium-aws,1,ip-172-31-18-121,ranking,benchANT
2026-08-12 11:09:00+00:00,system,load1,8.75,dbms,08-2026,couchbase-802-vanilla-ee-medium-medium-aws,1,ip-172-31-18-121,ranking,benchANT
2026-08-12 11:09:10+00:00,system,load1,8.55,dbms,08-2026,couchbase-802-vanilla-ee-medium-medium-aws,1,ip-172-31-18-121,ranking,benchANT
2026-08-12 11:09:20+00:00,system,load1,8.62,dbms,08-2026,couchbase-802-vanilla-ee-medium-medium-aws,1,ip-172-31-18-121,ranking,benchANT
2026-08-12 11:09:30+00:00,system,load1,8.45,dbms,08-2026,couchbase-802-vanilla-ee-medium-medium-aws,1,ip-172-31-18-121,ranking,benchANT
2026-08-12 11:09:40+00:00,system,load1,8.38,dbms,08-2026,couchbase-802-vanilla-ee-medium-medium-aws,1,ip-172-31-18-121,ranking,benchANT
2026-08-12 11:09:50+00:00,system,load1,8.4,dbms,08-2026,couchbase-802-vanilla-ee-medium-medium-aws,1,ip-172-31-18-121,ranking,benchANT
2026-08-12 11:10:00+00:00,system,load1,9.13,dbms,08-2026,couchbase-802-vanilla-ee-medium-medium-aws,1,ip-172-31-18-121,ranking,benchANT
2026-08-12 11:10:10+00:00,system,load1,8.88,dbms,08-2026,couchbase-802-vanilla-ee-medium-medium-aws,1,ip-172-31-18-121,ranking,benchANT
2026-08-12 11:10:20+00:00,system,load1,9.04,dbms,08-2026,couchbase-802-vanilla-ee-medium-medium-aws,1,ip-172-31-18-121,ranking,benchANT
2026-08-12 11:10:30+00:00,system,load1,9.05,dbms,08-2026,couchbase-802-vanilla-ee-medium-medium-aws,1,ip-172-31-18-121,ranking,benchANT
2026-08-12 11:10:40+00:00,system,load1,8.73,dbms,08-2026,couchbase-802-vanilla-ee-medium-medium-aws,1,ip-172-31-18-121,ranking,benchANT
2026-08-12 11:10:50+00:00,system,load1,8.46,dbms,08-2026,couchbase-802-vanilla-ee-medium-medium-aws,1,ip-172-31-18-121,ranking,benchANT
2026-08-12 11:11:00+00:00,system,load1,8.54,dbms,08-2026,couchbase-802-vanilla-ee-medium-medium-aws,1,ip-172-31-18-121,ranking,benchANT
2026-08-12 11:11:10+00:00,system,load1,8.77,dbms,08-2026,couchbase-802-vanilla-ee-medium-medium-aws,1,ip-172-31-18-121,ranking,benchANT
2026-08-12 11:11:20+00:00,system,load1,8.65,dbms,08-2026,couchbase-802-vanilla-ee-medium-medium-aws,1,ip-172-31-18-121,ranking,benchANT
2026-08-12 11:11:30+00:00,system,load1,8.7,dbms,08-2026,couchbase-802-vanilla-ee-medium-medium-aws,1,ip-172-31-18-121,ranking,benchANT
2026-08-12 11:11:40+00:00,system,load1,8.44,dbms,08-2026,couchbase-802-vanilla-ee-medium-medium-aws,1,ip-172-31-18-121,ranking,benchANT
2026-08-12 11:11:50+00:00,system,load1,8.36,dbms,08-2026,couchbase-802-vanilla-ee-medium-medium-aws,1,ip-172-31-18-121,ranking,benchANT
2026-08-12 11:12:00+00:00,system,load1,8.38,dbms,08-2026,couchbase-802-vanilla-ee-medium-medium-aws,1,ip-172-31-18-121,ranking,benchANT
2026-08-12 11:12:10+00:00,system,load1,8.24,dbms,08-2026,couchbase-802-vanilla-ee-medium-medium-aws,1,ip-172-31-18-121,ranking,benchANT
2026-08-12 11:12:20+00:00,system,load1,8.52,dbms,08-2026,couchbase-802-vanilla-ee-medium-medium-aws,1,ip-172-31-18-121,ranking,benchANT
2026-08-12 11:12:30+00:00,system,load1,8.6,dbms,08-2026,couchbase-802-vanilla-ee-medium-medium-aws,1,ip-172-31-18-121,ranking,benchANT
2026-08-12 11:12:40+00:00,system,load1,8.57,dbms,08-2026,couchbase-802-vanilla-ee-medium-medium-aws,1,ip-172-31-18-121,ranking,benchANT
2026-08-12 11:12:50+00:00,system,load1,8.65,dbms,08-2026,couchbase-802-vanilla-ee-medium-medium-aws,1,ip-172-31-18-121,ranking,benchANT
2026-08-12 11:13:00+00:00,system,load1,8.77,dbms,08-2026,couchbase-802-vanilla-ee-medium-medium-aws,1,ip-172-31-18-121,ranking,benchANT
2026-08-12 11:13:10+00:00,system,load1,9.04,dbms,08-2026,couchbase-802-vanilla-ee-medium-medium-aws,1,ip-172-31-18-121,ranking,benchANT
2026-08-12 11:13:20+00:00,system,load1,8.86,dbms,08-2026,couchbase-802-vanilla-ee-medium-medium-aws,1,ip-172-31-18-121,ranking,benchANT
2026-08-12 11:13:30+00:00,system,load1,9.33,dbms,08-2026,couchbase-802-vanilla-ee-medium-medium-aws,1,ip-172-31-18-121,ranking,benchANT
2026-08-12 11:13:40+00:00,system,load1,9.52,dbms,08-2026,couchbase-802-vanilla-ee-medium-medium-aws,1,ip-172-31-18-121,ranking,benchANT
2026-08-12 11:13:50+00:00,system,load1,9.74,dbms,08-2026,couchbase-802-vanilla-ee-medium-medium-aws,1,ip-172-31-18-121,ranking,benchANT
2026-08-12 11:14:00+00:00,system,load1,9.94,dbms,08-2026,couchbase-802-vanilla-ee-medium-medium-aws,1,ip-172-31-18-121,ranking,benchANT
2026-08-12 11:14:10+00:00,system,load1,10.01,dbms,08-2026,couchbase-802-vanilla-ee-medium-medium-aws,1,ip-172-31-18-121,ranking,benchANT
2026-08-12 11:14:20+00:00,system,load1,9.86,dbms,08-2026,couchbase-802-vanilla-ee-medium-medium-aws,1,ip-172-31-18-121,ranking,benchANT
2026-08-12 11:14:30+00:00,system,load1,9.88,dbms,08-2026,couchbase-802-vanilla-ee-medium-medium-aws,1,ip-172-31-18-121,ranking,benchANT
2026-08-12 11:14:40+00:00,system,load1,10.35,dbms,08-2026,couchbase-802-vanilla-ee-medium-medium-aws,1,ip-172-31-18-121,ranking,benchANT
2026-08-12 11:14:50+00:00,system,load1,10.44,dbms,08-2026,couchbase-802-vanilla-ee-medium-medium-aws,1,ip-172-31-18-121,ranking,benchANT
2026-08-12 11:15:00+00:00,system,load1,10.37,dbms,08-2026,couchbase-802-vanilla-ee-medium-medium-aws,1,ip-172-31-18-121,ranking,benchANT
2026-08-12 11:15:10+00:00,system,load1,10.16,dbms,08-2026,couchbase-802-vanilla-ee-medium-medium-aws,1,ip-172-31-18-121,ranking,benchANT
2026-08-12 11:15:20+00:00,system,load1,10.37,dbms,08-2026,couchbase-802-vanilla-ee-medium-medium-aws,1,ip-172-31-18-121,ranking,benchANT
2026-08-12 11:15:30+00:00,system,load1,10.53,dbms,08-2026,couchbase-802-vanilla-ee-medium-medium-aws,1,ip-172-31-18-121,ranking,benchANT
2026-08-12 11:15:40+00:00,system,load1,9.87,dbms,08-2026,couchbase-802-vanilla-ee-medium-medium-aws,1,ip-172-31-18-121,ranking,benchANT
2026-08-12 11:15:50+00:00,system,load1,8.35,dbms,08-2026,couchbase-802-vanilla-ee-medium-medium-aws,1,ip-172-31-18-121,ranking,benchANT
2026-08-12 11:03:30+00:00,system,load15,0.72,dbms,08-2026,couchbase-802-vanilla-ee-medium-medium-aws,1,ip-172-31-18-121,ranking,benchANT
2026-08-12 11:03:40+00:00,system,load15,0.72,dbms,08-2026,couchbase-802-vanilla-ee-medium-medium-aws,1,ip-172-31-18-121,ranking,benchANT
2026-08-12 11:03:50+00:00,system,load15,0.71,dbms,08-2026,couchbase-802-vanilla-ee-medium-medium-aws,1,ip-172-31-18-121,ranking,benchANT
2026-08-12 11:04:00+00:00,system,load15,0.71,dbms,08-2026,couchbase-802-vanilla-ee-medium-medium-aws,1,ip-172-31-18-121,ranking,benchANT
2026-08-12 11:04:10+00:00,system,load15,0.7,dbms,08-2026,couchbase-802-vanilla-ee-medium-medium-aws,1,ip-172-31-18-121,ranking,benchANT
2026-08-12 11:04:20+00:00,system,load15,0.76,dbms,08-2026,couchbase-802-vanilla-ee-medium-medium-aws,1,ip-172-31-18-121,ranking,benchANT
2026-08-12 11:04:30+00:00,system,load15,0.83,dbms,08-2026,couchbase-802-vanilla-ee-medium-medium-aws,1,ip-172-31-18-121,ranking,benchANT
2026-08-12 11:04:40+00:00,system,load15,0.9,dbms,08-2026,couchbase-802-vanilla-ee-medium-medium-aws,1,ip-172-31-18-121,ranking,benchANT
2026-08-12 11:04:50+00:00,system,load15,1.0,dbms,08-2026,couchbase-802-vanilla-ee-medium-medium-aws,1,ip-172-31-18-121,ranking,benchANT
2026-08-12 11:05:00+00:00,system,load15,1.08,dbms,08-2026,couchbase-802-vanilla-ee-medium-medium-aws,1,ip-172-31-18-121,ranking,benchANT
2026-08-12 11:05:10+00:00,system,load15,1.18,dbms,08-2026,couchbase-802-vanilla-ee-medium-medium-aws,1,ip-172-31-18-121,ranking,benchANT
2026-08-12 11:05:20+00:00,system,load15,1.26,dbms,08-2026,couchbase-802-vanilla-ee-medium-medium-aws,1,ip-172-31-18-121,ranking,benchANT
2026-08-12 11:05:30+00:00,system,load15,1.33,dbms,08-2026,couchbase-802-vanilla-ee-medium-medium-aws,1,ip-172-31-18-121,ranking,benchANT
2026-08-12 11:05:40+00:00,system,load15,1.4,dbms,08-2026,couchbase-802-vanilla-ee-medium-medium-aws,1,ip-172-31-18-121,ranking,benchANT
2026-08-12 11:05:50+00:00,system,load15,1.48,dbms,08-2026,couchbase-802-vanilla-ee-medium-medium-aws,1,ip-172-31-18-121,ranking,benchANT
2026-08-12 11:06:00+00:00,system,load15,1.55,dbms,08-2026,couchbase-802-vanilla-ee-medium-medium-aws,1,ip-172-31-18-121,ranking,benchANT
2026-08-12 11:06:10+00:00,system,load15,1.58,dbms,08-2026,couchbase-802-vanilla-ee-medium-medium-aws,1,ip-172-31-18-121,ranking,benchANT
2026-08-12 11:06:20+00:00,system,load15,1.65,dbms,08-2026,couchbase-802-vanilla-ee-medium-medium-aws,1,ip-172-31-18-121,ranking,benchANT
2026-08-12 11:06:30+00:00,system,load15,1.72,dbms,08-2026,couchbase-802-vanilla-ee-medium-medium-aws,1,ip-172-31-18-121,ranking,benchANT
2026-08-12 11:06:40+00:00,system,load15,1.77,dbms,08-2026,couchbase-802-vanilla-ee-medium-medium-aws,1,ip-172-31-18-121,ranking,benchANT
2026-08-12 11:06:50+00:00,system,load15,1.85,dbms,08-2026,couchbase-802-vanilla-ee-medium-medium-aws,1,ip-172-31-18-121,ranking,benchANT
2026-08-12 11:07:00+00:00,system,load15,1.92,dbms,08-2026,couchbase-802-vanilla-ee-medium-medium-aws,1,ip-172-31-18-121,ranking,benchANT
2026-08-12 11:07:10+00:00,system,load15,2.02,dbms,08-2026,couchbase-802-vanilla-ee-medium-medium-aws,1,ip-172-31-18-121,ranking,benchANT
2026-08-12 11:07:20+00:00,system,load15,2.08,dbms,08-2026,couchbase-802-vanilla-ee-medium-medium-aws,1,ip-172-31-18-121,ranking,benchANT
2026-08-12 11:07:30+00:00,system,load15,2.15,dbms,08-2026,couchbase-802-vanilla-ee-medium-medium-aws,1,ip-172-31-18-121,ranking,benchANT
2026-08-12 11:07:40+00:00,system,load15,2.24,dbms,08-2026,couchbase-802-vanilla-ee-medium-medium-aws,1,ip-172-31-18-121,ranking,benchANT
2026-08-12 11:07:50+00:00,system,load15,2.31,dbms,08-2026,couchbase-802-vanilla-ee-medium-medium-aws,1,ip-172-31-18-121,ranking,benchANT
2026-08-12 11:08:00+00:00,system,load15,2.38,dbms,08-2026,couchbase-802-vanilla-ee-medium-medium-aws,1,ip-172-31-18-121,ranking,benchANT
2026-08-12 11:08:10+00:00,system,load15,2.46,dbms,08-2026,couchbase-802-vanilla-ee-medium-medium-aws,1,ip-172-31-18-121,ranking,benchANT
2026-08-12 11:08:20+00:00,system,load15,2.53,dbms,08-2026,couchbase-802-vanilla-ee-medium-medium-aws,1,ip-172-31-18-121,ranking,benchANT
2026-08-12 11:08:30+00:00,system,load15,2.59,dbms,08-2026,couchbase-802-vanilla-ee-medium-medium-aws,1,ip-172-31-18-121,ranking,benchANT
2026-08-12 11:08:40+00:00,system,load15,2.65,dbms,08-2026,couchbase-802-vanilla-ee-medium-medium-aws,1,ip-172-31-18-121,ranking,benchANT
2026-08-12 11:08:50+00:00,system,load15,2.72,dbms,08-2026,couchbase-802-vanilla-ee-medium-medium-aws,1,ip-172-31-18-121,ranking,benchANT
2026-08-12 11:09:00+00:00,system,load15,2.79,dbms,08-2026,couchbase-802-vanilla-ee-medium-medium-aws,1,ip-172-31-18-121,ranking,benchANT
2026-08-12 11:09:10+00:00,system,load15,2.84,dbms,08-2026,couchbase-802-vanilla-ee-medium-medium-aws,1,ip-172-31-18-121,ranking,benchANT
2026-08-12 11:09:20+00:00,system,load15,2.91,dbms,08-2026,couchbase-802-vanilla-ee-medium-medium-aws,1,ip-172-31-18-121,ranking,benchANT
2026-08-12 11:09:30+00:00,system,load15,2.96,dbms,08-2026,couchbase-802-vanilla-ee-medium-medium-aws,1,ip-172-31-18-121,ranking,benchANT
2026-08-12 11:09:40+00:00,system,load15,3.01,dbms,08-2026,couchbase-802-vanilla-ee-medium-medium-aws,1,ip-172-31-18-121,ranking,benchANT
2026-08-12 11:09:50+00:00,system,load15,3.07,dbms,08-2026,couchbase-802-vanilla-ee-medium-medium-aws,1,ip-172-31-18-121,ranking,benchANT
2026-08-12 11:10:00+00:00,system,load15,3.18,dbms,08-2026,couchbase-802-vanilla-ee-medium-medium-aws,1,ip-172-31-18-121,ranking,benchANT
2026-08-12 11:10:10+00:00,system,load15,3.22,dbms,08-2026,couchbase-802-vanilla-ee-medium-medium-aws,1,ip-172-31-18-121,ranking,benchANT
2026-08-12 11:10:20+00:00,system,load15,3.3,dbms,08-2026,couchbase-802-vanilla-ee-medium-medium-aws,1,ip-172-31-18-121,ranking,benchANT
2026-08-12 11:10:30+00:00,system,load15,3.36,dbms,08-2026,couchbase-802-vanilla-ee-medium-medium-aws,1,ip-172-31-18-121,ranking,benchANT
2026-08-12 11:10:40+00:00,system,load15,3.4,dbms,08-2026,couchbase-802-vanilla-ee-medium-medium-aws,1,ip-172-31-18-121,ranking,benchANT
2026-08-12 11:10:50+00:00,system,load15,3.44,dbms,08-2026,couchbase-802-vanilla-ee-medium-medium-aws,1,ip-172-31-18-121,ranking,benchANT
2026-08-12 11:11:00+00:00,system,load15,3.5,dbms,08-2026,couchbase-802-vanilla-ee-medium-medium-aws,1,ip-172-31-18-121,ranking,benchANT
2026-08-12 11:11:10+00:00,system,load15,3.57,dbms,08-2026,couchbase-802-vanilla-ee-medium-medium-aws,1,ip-172-31-18-121,ranking,benchANT
2026-08-12 11:11:20+00:00,system,load15,3.62,dbms,08-2026,couchbase-802-vanilla-ee-medium-medium-aws,1,ip-172-31-18-121,ranking,benchANT
2026-08-12 11:11:30+00:00,system,load15,3.67,dbms,08-2026,couchbase-802-vanilla-ee-medium-medium-aws,1,ip-172-31-18-121,ranking,benchANT
2026-08-12 11:11:40+00:00,system,load15,3.71,dbms,08-2026,couchbase-802-vanilla-ee-medium-medium-aws,1,ip-172-31-18-121,ranking,benchANT
2026-08-12 11:11:50+00:00,system,load15,3.76,dbms,08-2026,couchbase-802-vanilla-ee-medium-medium-aws,1,ip-172-31-18-121,ranking,benchANT
2026-08-12 11:12:00+00:00,system,load15,3.81,dbms,08-2026,couchbase-802-vanilla-ee-medium-medium-aws,1,ip-172-31-18-121,ranking,benchANT
2026-08-12 11:12:10+00:00,system,load15,3.85,dbms,08-2026,couchbase-802-vanilla-ee-medium-medium-aws,1,ip-172-31-18-121,ranking,benchANT
2026-08-12 11:12:20+00:00,system,load15,3.91,dbms,08-2026,couchbase-802-vanilla-ee-medium-medium-aws,1,ip-172-31-18-121,ranking,benchANT
2026-08-12 11:12:30+00:00,system,load15,3.97,dbms,08-2026,couchbase-802-vanilla-ee-medium-medium-aws,1,ip-172-31-18-121,ranking,benchANT
2026-08-12 11:12:40+00:00,system,load15,4.02,dbms,08-2026,couchbase-802-vanilla-ee-medium-medium-aws,1,ip-172-31-18-121,ranking,benchANT
2026-08-12 11:12:50+00:00,system,load15,4.07,dbms,08-2026,couchbase-802-vanilla-ee-medium-medium-aws,1,ip-172-31-18-121,ranking,benchANT
2026-08-12 11:13:00+00:00,system,load15,4.13,dbms,08-2026,couchbase-802-vanilla-ee-medium-medium-aws,1,ip-172-31-18-121,ranking,benchANT
2026-08-12 11:13:10+00:00,system,load15,4.2,dbms,08-2026,couchbase-802-vanilla-ee-medium-medium-aws,1,ip-172-31-18-121,ranking,benchANT
2026-08-12 11:13:20+00:00,system,load15,4.24,dbms,08-2026,couchbase-802-vanilla-ee-medium-medium-aws,1,ip-172-31-18-121,ranking,benchANT
2026-08-12 11:13:30+00:00,system,load15,4.32,dbms,08-2026,couchbase-802-vanilla-ee-medium-medium-aws,1,ip-172-31-18-121,ranking,benchANT
2026-08-12 11:13:40+00:00,system,load15,4.39,dbms,08-2026,couchbase-802-vanilla-ee-medium-medium-aws,1,ip-172-31-18-121,ranking,benchANT
2026-08-12 11:13:50+00:00,system,load15,4.46,dbms,08-2026,couchbase-802-vanilla-ee-medium-medium-aws,1,ip-172-31-18-121,ranking,benchANT
2026-08-12 11:14:00+00:00,system,load15,4.53,dbms,08-2026,couchbase-802-vanilla-ee-medium-medium-aws,1,ip-172-31-18-121,ranking,benchANT
2026-08-12 11:14:10+00:00,system,load15,4.6,dbms,08-2026,couchbase-802-vanilla-ee-medium-medium-aws,1,ip-172-31-18-121,ranking,benchANT
2026-08-12 11:14:20+00:00,system,load15,4.64,dbms,08-2026,couchbase-802-vanilla-ee-medium-medium-aws,1,ip-172-31-18-121,ranking,benchANT
2026-08-12 11:14:30+00:00,system,load15,4.7,dbms,08-2026,couchbase-802-vanilla-ee-medium-medium-aws,1,ip-172-31-18-121,ranking,benchANT
2026-08-12 11:14:40+00:00,system,load15,4.79,dbms,08-2026,couchbase-802-vanilla-ee-medium-medium-aws,1,ip-172-31-18-121,ranking,benchANT
2026-08-12 11:14:50+00:00,system,load15,4.86,dbms,08-2026,couchbase-802-vanilla-ee-medium-medium-aws,1,ip-172-31-18-121,ranking,benchANT
2026-08-12 11:15:00+00:00,system,load15,4.91,dbms,08-2026,couchbase-802-vanilla-ee-medium-medium-aws,1,ip-172-31-18-121,ranking,benchANT
2026-08-12 11:15:10+00:00,system,load15,4.96,dbms,08-2026,couchbase-802-vanilla-ee-medium-medium-aws,1,ip-172-31-18-121,ranking,benchANT
2026-08-12 11:15:20+00:00,system,load15,5.03,dbms,08-2026,couchbase-802-vanilla-ee-medium-medium-aws,1,ip-172-31-18-121,ranking,benchANT
2026-08-12 11:15:30+00:00,system,load15,5.1,dbms,08-2026,couchbase-802-vanilla-ee-medium-medium-aws,1,ip-172-31-18-121,ranking,benchANT
2026-08-12 11:15:40+00:00,system,load15,5.11,dbms,08-2026,couchbase-802-vanilla-ee-medium-medium-aws,1,ip-172-31-18-121,ranking,benchANT
2026-08-12 11:15:50+00:00,system,load15,5.06,dbms,08-2026,couchbase-802-vanilla-ee-medium-medium-aws,1,ip-172-31-18-121,ranking,benchANT
2026-08-12 11:03:30+00:00,system,load5,0.93,dbms,08-2026,couchbase-802-vanilla-ee-medium-medium-aws,1,ip-172-31-18-121,ranking,benchANT
2026-08-12 11:03:40+00:00,system,load5,0.9,dbms,08-2026,couchbase-802-vanilla-ee-medium-medium-aws,1,ip-172-31-18-121,ranking,benchANT
2026-08-12 11:03:50+00:00,system,load5,0.87,dbms,08-2026,couchbase-802-vanilla-ee-medium-medium-aws,1,ip-172-31-18-121,ranking,benchANT
2026-08-12 11:04:00+00:00,system,load5,0.85,dbms,08-2026,couchbase-802-vanilla-ee-medium-medium-aws,1,ip-172-31-18-121,ranking,benchANT
2026-08-12 11:04:10+00:00,system,load5,0.84,dbms,08-2026,couchbase-802-vanilla-ee-medium-medium-aws,1,ip-172-31-18-121,ranking,benchANT
2026-08-12 11:04:20+00:00,system,load5,1.01,dbms,08-2026,couchbase-802-vanilla-ee-medium-medium-aws,1,ip-172-31-18-121,ranking,benchANT
2026-08-12 11:04:30+00:00,system,load5,1.23,dbms,08-2026,couchbase-802-vanilla-ee-medium-medium-aws,1,ip-172-31-18-121,ranking,benchANT
2026-08-12 11:04:40+00:00,system,load5,1.42,dbms,08-2026,couchbase-802-vanilla-ee-medium-medium-aws,1,ip-172-31-18-121,ranking,benchANT
2026-08-12 11:04:50+00:00,system,load5,1.7,dbms,08-2026,couchbase-802-vanilla-ee-medium-medium-aws,1,ip-172-31-18-121,ranking,benchANT
2026-08-12 11:05:00+00:00,system,load5,1.94,dbms,08-2026,couchbase-802-vanilla-ee-medium-medium-aws,1,ip-172-31-18-121,ranking,benchANT
2026-08-12 11:05:10+00:00,system,load5,2.19,dbms,08-2026,couchbase-802-vanilla-ee-medium-medium-aws,1,ip-172-31-18-121,ranking,benchANT
2026-08-12 11:05:20+00:00,system,load5,2.42,dbms,08-2026,couchbase-802-vanilla-ee-medium-medium-aws,1,ip-172-31-18-121,ranking,benchANT
2026-08-12 11:05:30+00:00,system,load5,2.6,dbms,08-2026,couchbase-802-vanilla-ee-medium-medium-aws,1,ip-172-31-18-121,ranking,benchANT
2026-08-12 11:05:40+00:00,system,load5,2.78,dbms,08-2026,couchbase-802-vanilla-ee-medium-medium-aws,1,ip-172-31-18-121,ranking,benchANT
2026-08-12 11:05:50+00:00,system,load5,2.95,dbms,08-2026,couchbase-802-vanilla-ee-medium-medium-aws,1,ip-172-31-18-121,ranking,benchANT
2026-08-12 11:06:00+00:00,system,load5,3.12,dbms,08-2026,couchbase-802-vanilla-ee-medium-medium-aws,1,ip-172-31-18-121,ranking,benchANT
2026-08-12 11:06:10+00:00,system,load5,3.18,dbms,08-2026,couchbase-802-vanilla-ee-medium-medium-aws,1,ip-172-31-18-121,ranking,benchANT
2026-08-12 11:06:20+00:00,system,load5,3.34,dbms,08-2026,couchbase-802-vanilla-ee-medium-medium-aws,1,ip-172-31-18-121,ranking,benchANT
2026-08-12 11:06:30+00:00,system,load5,3.48,dbms,08-2026,couchbase-802-vanilla-ee-medium-medium-aws,1,ip-172-31-18-121,ranking,benchANT
2026-08-12 11:06:40+00:00,system,load5,3.59,dbms,08-2026,couchbase-802-vanilla-ee-medium-medium-aws,1,ip-172-31-18-121,ranking,benchANT
2026-08-12 11:06:50+00:00,system,load5,3.76,dbms,08-2026,couchbase-802-vanilla-ee-medium-medium-aws,1,ip-172-31-18-121,ranking,benchANT
2026-08-12 11:07:00+00:00,system,load5,3.93,dbms,08-2026,couchbase-802-vanilla-ee-medium-medium-aws,1,ip-172-31-18-121,ranking,benchANT
2026-08-12 11:07:10+00:00,system,load5,4.15,dbms,08-2026,couchbase-802-vanilla-ee-medium-medium-aws,1,ip-172-31-18-121,ranking,benchANT
2026-08-12 11:07:20+00:00,system,load5,4.27,dbms,08-2026,couchbase-802-vanilla-ee-medium-medium-aws,1,ip-172-31-18-121,ranking,benchANT
2026-08-12 11:07:30+00:00,system,load5,4.41,dbms,08-2026,couchbase-802-vanilla-ee-medium-medium-aws,1,ip-172-31-18-121,ranking,benchANT
2026-08-12 11:07:40+00:00,system,load5,4.61,dbms,08-2026,couchbase-802-vanilla-ee-medium-medium-aws,1,ip-172-31-18-121,ranking,benchANT
2026-08-12 11:07:50+00:00,system,load5,4.74,dbms,08-2026,couchbase-802-vanilla-ee-medium-medium-aws,1,ip-172-31-18-121,ranking,benchANT
2026-08-12 11:08:00+00:00,system,load5,4.9,dbms,08-2026,couchbase-802-vanilla-ee-medium-medium-aws,1,ip-172-31-18-121,ranking,benchANT
2026-08-12 11:08:10+00:00,system,load5,5.05,dbms,08-2026,couchbase-802-vanilla-ee-medium-medium-aws,1,ip-172-31-18-121,ranking,benchANT
2026-08-12 11:08:20+00:00,system,load5,5.18,dbms,08-2026,couchbase-802-vanilla-ee-medium-medium-aws,1,ip-172-31-18-121,ranking,benchANT
2026-08-12 11:08:30+00:00,system,load5,5.28,dbms,08-2026,couchbase-802-vanilla-ee-medium-medium-aws,1,ip-172-31-18-121,ranking,benchANT
2026-08-12 11:08:40+00:00,system,load5,5.37,dbms,08-2026,couchbase-802-vanilla-ee-medium-medium-aws,1,ip-172-31-18-121,ranking,benchANT
2026-08-12 11:08:50+00:00,system,load5,5.48,dbms,08-2026,couchbase-802-vanilla-ee-medium-medium-aws,1,ip-172-31-18-121,ranking,benchANT
2026-08-12 11:09:00+00:00,system,load5,5.62,dbms,08-2026,couchbase-802-vanilla-ee-medium-medium-aws,1,ip-172-31-18-121,ranking,benchANT
2026-08-12 11:09:10+00:00,system,load5,5.68,dbms,08-2026,couchbase-802-vanilla-ee-medium-medium-aws,1,ip-172-31-18-121,ranking,benchANT
2026-08-12 11:09:20+00:00,system,load5,5.79,dbms,08-2026,couchbase-802-vanilla-ee-medium-medium-aws,1,ip-172-31-18-121,ranking,benchANT
2026-08-12 11:09:30+00:00,system,load5,5.85,dbms,08-2026,couchbase-802-vanilla-ee-medium-medium-aws,1,ip-172-31-18-121,ranking,benchANT
2026-08-12 11:09:40+00:00,system,load5,5.92,dbms,08-2026,couchbase-802-vanilla-ee-medium-medium-aws,1,ip-172-31-18-121,ranking,benchANT
2026-08-12 11:09:50+00:00,system,load5,6.0,dbms,08-2026,couchbase-802-vanilla-ee-medium-medium-aws,1,ip-172-31-18-121,ranking,benchANT
2026-08-12 11:10:00+00:00,system,load5,6.24,dbms,08-2026,couchbase-802-vanilla-ee-medium-medium-aws,1,ip-172-31-18-121,ranking,benchANT
2026-08-12 11:10:10+00:00,system,load5,6.28,dbms,08-2026,couchbase-802-vanilla-ee-medium-medium-aws,1,ip-172-31-18-121,ranking,benchANT
2026-08-12 11:10:20+00:00,system,load5,6.4,dbms,08-2026,couchbase-802-vanilla-ee-medium-medium-aws,1,ip-172-31-18-121,ranking,benchANT
2026-08-12 11:10:30+00:00,system,load5,6.49,dbms,08-2026,couchbase-802-vanilla-ee-medium-medium-aws,1,ip-172-31-18-121,ranking,benchANT
2026-08-12 11:10:40+00:00,system,load5,6.5,dbms,08-2026,couchbase-802-vanilla-ee-medium-medium-aws,1,ip-172-31-18-121,ranking,benchANT
2026-08-12 11:10:50+00:00,system,load5,6.52,dbms,08-2026,couchbase-802-vanilla-ee-medium-medium-aws,1,ip-172-31-18-121,ranking,benchANT
2026-08-12 11:11:00+00:00,system,load5,6.6,dbms,08-2026,couchbase-802-vanilla-ee-medium-medium-aws,1,ip-172-31-18-121,ranking,benchANT
2026-08-12 11:11:10+00:00,system,load5,6.71,dbms,08-2026,couchbase-802-vanilla-ee-medium-medium-aws,1,ip-172-31-18-121,ranking,benchANT
2026-08-12 11:11:20+00:00,system,load5,6.76,dbms,08-2026,couchbase-802-vanilla-ee-medium-medium-aws,1,ip-172-31-18-121,ranking,benchANT
2026-08-12 11:11:30+00:00,system,load5,6.83,dbms,08-2026,couchbase-802-vanilla-ee-medium-medium-aws,1,ip-172-31-18-121,ranking,benchANT
2026-08-12 11:11:40+00:00,system,load5,6.84,dbms,08-2026,couchbase-802-vanilla-ee-medium-medium-aws,1,ip-172-31-18-121,ranking,benchANT
2026-08-12 11:11:50+00:00,system,load5,6.88,dbms,08-2026,couchbase-802-vanilla-ee-medium-medium-aws,1,ip-172-31-18-121,ranking,benchANT
2026-08-12 11:12:00+00:00,system,load5,6.93,dbms,08-2026,couchbase-802-vanilla-ee-medium-medium-aws,1,ip-172-31-18-121,ranking,benchANT
2026-08-12 11:12:10+00:00,system,load5,6.95,dbms,08-2026,couchbase-802-vanilla-ee-medium-medium-aws,1,ip-172-31-18-121,ranking,benchANT
2026-08-12 11:12:20+00:00,system,load5,7.05,dbms,08-2026,couchbase-802-vanilla-ee-medium-medium-aws,1,ip-172-31-18-121,ranking,benchANT
2026-08-12 11:12:30+00:00,system,load5,7.12,dbms,08-2026,couchbase-802-vanilla-ee-medium-medium-aws,1,ip-172-31-18-121,ranking,benchANT
2026-08-12 11:12:40+00:00,system,load5,7.16,dbms,08-2026,couchbase-802-vanilla-ee-medium-medium-aws,1,ip-172-31-18-121,ranking,benchANT
2026-08-12 11:12:50+00:00,system,load5,7.22,dbms,08-2026,couchbase-802-vanilla-ee-medium-medium-aws,1,ip-172-31-18-121,ranking,benchANT
2026-08-12 11:13:00+00:00,system,load5,7.3,dbms,08-2026,couchbase-802-vanilla-ee-medium-medium-aws,1,ip-172-31-18-121,ranking,benchANT
2026-08-12 11:13:10+00:00,system,load5,7.4,dbms,08-2026,couchbase-802-vanilla-ee-medium-medium-aws,1,ip-172-31-18-121,ranking,benchANT
2026-08-12 11:13:20+00:00,system,load5,7.42,dbms,08-2026,couchbase-802-vanilla-ee-medium-medium-aws,1,ip-172-31-18-121,ranking,benchANT
2026-08-12 11:13:30+00:00,system,load5,7.57,dbms,08-2026,couchbase-802-vanilla-ee-medium-medium-aws,1,ip-172-31-18-121,ranking,benchANT
2026-08-12 11:13:40+00:00,system,load5,7.67,dbms,08-2026,couchbase-802-vanilla-ee-medium-medium-aws,1,ip-172-31-18-121,ranking,benchANT
2026-08-12 11:13:50+00:00,system,load5,7.78,dbms,08-2026,couchbase-802-vanilla-ee-medium-medium-aws,1,ip-172-31-18-121,ranking,benchANT
2026-08-12 11:14:00+00:00,system,load5,7.89,dbms,08-2026,couchbase-802-vanilla-ee-medium-medium-aws,1,ip-172-31-18-121,ranking,benchANT
2026-08-12 11:14:10+00:00,system,load5,7.97,dbms,08-2026,couchbase-802-vanilla-ee-medium-medium-aws,1,ip-172-31-18-121,ranking,benchANT
2026-08-12 11:14:20+00:00,system,load5,8.01,dbms,08-2026,couchbase-802-vanilla-ee-medium-medium-aws,1,ip-172-31-18-121,ranking,benchANT
2026-08-12 11:14:30+00:00,system,load5,8.07,dbms,08-2026,couchbase-802-vanilla-ee-medium-medium-aws,1,ip-172-31-18-121,ranking,benchANT
2026-08-12 11:14:40+00:00,system,load5,8.23,dbms,08-2026,couchbase-802-vanilla-ee-medium-medium-aws,1,ip-172-31-18-121,ranking,benchANT
2026-08-12 11:14:50+00:00,system,load5,8.32,dbms,08-2026,couchbase-802-vanilla-ee-medium-medium-aws,1,ip-172-31-18-121,ranking,benchANT
2026-08-12 11:15:00+00:00,system,load5,8.38,dbms,08-2026,couchbase-802-vanilla-ee-medium-medium-aws,1,ip-172-31-18-121,ranking,benchANT
2026-08-12 11:15:10+00:00,system,load5,8.4,dbms,08-2026,couchbase-802-vanilla-ee-medium-medium-aws,1,ip-172-31-18-121,ranking,benchANT
2026-08-12 11:15:20+00:00,system,load5,8.5,dbms,08-2026,couchbase-802-vanilla-ee-medium-medium-aws,1,ip-172-31-18-121,ranking,benchANT
2026-08-12 11:15:30+00:00,system,load5,8.6,dbms,08-2026,couchbase-802-vanilla-ee-medium-medium-aws,1,ip-172-31-18-121,ranking,benchANT
2026-08-12 11:15:40+00:00,system,load5,8.53,dbms,08-2026,couchbase-802-vanilla-ee-medium-medium-aws,1,ip-172-31-18-121,ranking,benchANT
2026-08-12 11:15:50+00:00,system,load5,8.25,dbms,08-2026,couchbase-802-vanilla-ee-medium-medium-aws,1,ip-172-31-18-121,ranking,benchANT
2026-08-12 11:03:30+00:00,system,n_cpus,4,dbms,08-2026,couchbase-802-vanilla-ee-medium-medium-aws,1,ip-172-31-18-121,ranking,benchANT
2026-08-12 11:03:40+00:00,system,n_cpus,4,dbms,08-2026,couchbase-802-vanilla-ee-medium-medium-aws,1,ip-172-31-18-121,ranking,benchANT
2026-08-12 11:03:50+00:00,system,n_cpus,4,dbms,08-2026,couchbase-802-vanilla-ee-medium-medium-aws,1,ip-172-31-18-121,ranking,benchANT
2026-08-12 11:04:00+00:00,system,n_cpus,4,dbms,08-2026,couchbase-802-vanilla-ee-medium-medium-aws,1,ip-172-31-18-121,ranking,benchANT
2026-08-12 11:04:10+00:00,system,n_cpus,4,dbms,08-2026,couchbase-802-vanilla-ee-medium-medium-aws,1,ip-172-31-18-121,ranking,benchANT
2026-08-12 11:04:20+00:00,system,n_cpus,4,dbms,08-2026,couchbase-802-vanilla-ee-medium-medium-aws,1,ip-172-31-18-121,ranking,benchANT
2026-08-12 11:04:30+00:00,system,n_cpus,4,dbms,08-2026,couchbase-802-vanilla-ee-medium-medium-aws,1,ip-172-31-18-121,ranking,benchANT
2026-08-12 11:04:40+00:00,system,n_cpus,4,dbms,08-2026,couchbase-802-vanilla-ee-medium-medium-aws,1,ip-172-31-18-121,ranking,benchANT
2026-08-12 11:04:50+00:00,system,n_cpus,4,dbms,08-2026,couchbase-802-vanilla-ee-medium-medium-aws,1,ip-172-31-18-121,ranking,benchANT
2026-08-12 11:05:00+00:00,system,n_cpus,4,dbms,08-2026,couchbase-802-vanilla-ee-medium-medium-aws,1,ip-172-31-18-121,ranking,benchANT
2026-08-12 11:05:10+00:00,system,n_cpus,4,dbms,08-2026,couchbase-802-vanilla-ee-medium-medium-aws,1,ip-172-31-18-121,ranking,benchANT
2026-08-12 11:05:20+00:00,system,n_cpus,4,dbms,08-2026,couchbase-802-vanilla-ee-medium-medium-aws,1,ip-172-31-18-121,ranking,benchANT
2026-08-12 11:05:30+00:00,system,n_cpus,4,dbms,08-2026,couchbase-802-vanilla-ee-medium-medium-aws,1,ip-172-31-18-121,ranking,benchANT
2026-08-12 11:05:40+00:00,system,n_cpus,4,dbms,08-2026,couchbase-802-vanilla-ee-medium-medium-aws,1,ip-172-31-18-121,ranking,benchANT
2026-08-12 11:05:50+00:00,system,n_cpus,4,dbms,08-2026,couchbase-802-vanilla-ee-medium-medium-aws,1,ip-172-31-18-121,ranking,benchANT
2026-08-12 11:06:00+00:00,system,n_cpus,4,dbms,08-2026,couchbase-802-vanilla-ee-medium-medium-aws,1,ip-172-31-18-121,ranking,benchANT
2026-08-12 11:06:10+00:00,system,n_cpus,4,dbms,08-2026,couchbase-802-vanilla-ee-medium-medium-aws,1,ip-172-31-18-121,ranking,benchANT
2026-08-12 11:06:20+00:00,system,n_cpus,4,dbms,08-2026,couchbase-802-vanilla-ee-medium-medium-aws,1,ip-172-31-18-121,ranking,benchANT
2026-08-12 11:06:30+00:00,system,n_cpus,4,dbms,08-2026,couchbase-802-vanilla-ee-medium-medium-aws,1,ip-172-31-18-121,ranking,benchANT
2026-08-12 11:06:40+00:00,system,n_cpus,4,dbms,08-2026,couchbase-802-vanilla-ee-medium-medium-aws,1,ip-172-31-18-121,ranking,benchANT
2026-08-12 11:06:50+00:00,system,n_cpus,4,dbms,08-2026,couchbase-802-vanilla-ee-medium-medium-aws,1,ip-172-31-18-121,ranking,benchANT
2026-08-12 11:07:00+00:00,system,n_cpus,4,dbms,08-2026,couchbase-802-vanilla-ee-medium-medium-aws,1,ip-172-31-18-121,ranking,benchANT
2026-08-12 11:07:10+00:00,system,n_cpus,4,dbms,08-2026,couchbase-802-vanilla-ee-medium-medium-aws,1,ip-172-31-18-121,ranking,benchANT
2026-08-12 11:07:20+00:00,system,n_cpus,4,dbms,08-2026,couchbase-802-vanilla-ee-medium-medium-aws,1,ip-172-31-18-121,ranking,benchANT
2026-08-12 11:07:30+00:00,system,n_cpus,4,dbms,08-2026,couchbase-802-vanilla-ee-medium-medium-aws,1,ip-172-31-18-121,ranking,benchANT
2026-08-12 11:07:40+00:00,system,n_cpus,4,dbms,08-2026,couchbase-802-vanilla-ee-medium-medium-aws,1,ip-172-31-18-121,ranking,benchANT
2026-08-12 11:07:50+00:00,system,n_cpus,4,dbms,08-2026,couchbase-802-vanilla-ee-medium-medium-aws,1,ip-172-31-18-121,ranking,benchANT
2026-08-12 11:08:00+00:00,system,n_cpus,4,dbms,08-2026,couchbase-802-vanilla-ee-medium-medium-aws,1,ip-172-31-18-121,ranking,benchANT
2026-08-12 11:08:10+00:00,system,n_cpus,4,dbms,08-2026,couchbase-802-vanilla-ee-medium-medium-aws,1,ip-172-31-18-121,ranking,benchANT
2026-08-12 11:08:20+00:00,system,n_cpus,4,dbms,08-2026,couchbase-802-vanilla-ee-medium-medium-aws,1,ip-172-31-18-121,ranking,benchANT
2026-08-12 11:08:30+00:00,system,n_cpus,4,dbms,08-2026,couchbase-802-vanilla-ee-medium-medium-aws,1,ip-172-31-18-121,ranking,benchANT
2026-08-12 11:08:40+00:00,system,n_cpus,4,dbms,08-2026,couchbase-802-vanilla-ee-medium-medium-aws,1,ip-172-31-18-121,ranking,benchANT
2026-08-12 11:08:50+00:00,system,n_cpus,4,dbms,08-2026,couchbase-802-vanilla-ee-medium-medium-aws,1,ip-172-31-18-121,ranking,benchANT
2026-08-12 11:09:00+00:00,system,n_cpus,4,dbms,08-2026,couchbase-802-vanilla-ee-medium-medium-aws,1,ip-172-31-18-121,ranking,benchANT
2026-08-12 11:09:10+00:00,system,n_cpus,4,dbms,08-2026,couchbase-802-vanilla-ee-medium-medium-aws,1,ip-172-31-18-121,ranking,benchANT
2026-08-12 11:09:20+00:00,system,n_cpus,4,dbms,08-2026,couchbase-802-vanilla-ee-medium-medium-aws,1,ip-172-31-18-121,ranking,benchANT
2026-08-12 11:09:30+00:00,system,n_cpus,4,dbms,08-2026,couchbase-802-vanilla-ee-medium-medium-aws,1,ip-172-31-18-121,ranking,benchANT
2026-08-12 11:09:40+00:00,system,n_cpus,4,dbms,08-2026,couchbase-802-vanilla-ee-medium-medium-aws,1,ip-172-31-18-121,ranking,benchANT
2026-08-12 11:09:50+00:00,system,n_cpus,4,dbms,08-2026,couchbase-802-vanilla-ee-medium-medium-aws,1,ip-172-31-18-121,ranking,benchANT
2026-08-12 11:10:00+00:00,system,n_cpus,4,dbms,08-2026,couchbase-802-vanilla-ee-medium-medium-aws,1,ip-172-31-18-121,ranking,benchANT
2026-08-12 11:10:10+00:00,system,n_cpus,4,dbms,08-2026,couchbase-802-vanilla-ee-medium-medium-aws,1,ip-172-31-18-121,ranking,benchANT
2026-08-12 11:10:20+00:00,system,n_cpus,4,dbms,08-2026,couchbase-802-vanilla-ee-medium-medium-aws,1,ip-172-31-18-121,ranking,benchANT
2026-08-12 11:10:30+00:00,system,n_cpus,4,dbms,08-2026,couchbase-802-vanilla-ee-medium-medium-aws,1,ip-172-31-18-121,ranking,benchANT
2026-08-12 11:10:40+00:00,system,n_cpus,4,dbms,08-2026,couchbase-802-vanilla-ee-medium-medium-aws,1,ip-172-31-18-121,ranking,benchANT
2026-08-12 11:10:50+00:00,system,n_cpus,4,dbms,08-2026,couchbase-802-vanilla-ee-medium-medium-aws,1,ip-172-31-18-121,ranking,benchANT
2026-08-12 11:11:00+00:00,system,n_cpus,4,dbms,08-2026,couchbase-802-vanilla-ee-medium-medium-aws,1,ip-172-31-18-121,ranking,benchANT
2026-08-12 11:11:10+00:00,system,n_cpus,4,dbms,08-2026,couchbase-802-vanilla-ee-medium-medium-aws,1,ip-172-31-18-121,ranking,benchANT
2026-08-12 11:11:20+00:00,system,n_cpus,4,dbms,08-2026,couchbase-802-vanilla-ee-medium-medium-aws,1,ip-172-31-18-121,ranking,benchANT
2026-08-12 11:11:30+00:00,system,n_cpus,4,dbms,08-2026,couchbase-802-vanilla-ee-medium-medium-aws,1,ip-172-31-18-121,ranking,benchANT
2026-08-12 11:11:40+00:00,system,n_cpus,4,dbms,08-2026,couchbase-802-vanilla-ee-medium-medium-aws,1,ip-172-31-18-121,ranking,benchANT
2026-08-12 11:11:50+00:00,system,n_cpus,4,dbms,08-2026,couchbase-802-vanilla-ee-medium-medium-aws,1,ip-172-31-18-121,ranking,benchANT
2026-08-12 11:12:00+00:00,system,n_cpus,4,dbms,08-2026,couchbase-802-vanilla-ee-medium-medium-aws,1,ip-172-31-18-121,ranking,benchANT
2026-08-12 11:12:10+00:00,system,n_cpus,4,dbms,08-2026,couchbase-802-vanilla-ee-medium-medium-aws,1,ip-172-31-18-121,ranking,benchANT
2026-08-12 11:12:20+00:00,system,n_cpus,4,dbms,08-2026,couchbase-802-vanilla-ee-medium-medium-aws,1,ip-172-31-18-121,ranking,benchANT
2026-08-12 11:12:30+00:00,system,n_cpus,4,dbms,08-2026,couchbase-802-vanilla-ee-medium-medium-aws,1,ip-172-31-18-121,ranking,benchANT
2026-08-12 11:12:40+00:00,system,n_cpus,4,dbms,08-2026,couchbase-802-vanilla-ee-medium-medium-aws,1,ip-172-31-18-121,ranking,benchANT
2026-08-12 11:12:50+00:00,system,n_cpus,4,dbms,08-2026,couchbase-802-vanilla-ee-medium-medium-aws,1,ip-172-31-18-121,ranking,benchANT
2026-08-12 11:13:00+00:00,system,n_cpus,4,dbms,08-2026,couchbase-802-vanilla-ee-medium-medium-aws,1,ip-172-31-18-121,ranking,benchANT
2026-08-12 11:13:10+00:00,system,n_cpus,4,dbms,08-2026,couchbase-802-vanilla-ee-medium-medium-aws,1,ip-172-31-18-121,ranking,benchANT
2026-08-12 11:13:20+00:00,system,n_cpus,4,dbms,08-2026,couchbase-802-vanilla-ee-medium-medium-aws,1,ip-172-31-18-121,ranking,benchANT
2026-08-12 11:13:30+00:00,system,n_cpus,4,dbms,08-2026,couchbase-802-vanilla-ee-medium-medium-aws,1,ip-172-31-18-121,ranking,benchANT
2026-08-12 11:13:40+00:00,system,n_cpus,4,dbms,08-2026,couchbase-802-vanilla-ee-medium-medium-aws,1,ip-172-31-18-121,ranking,benchANT
2026-08-12 11:13:50+00:00,system,n_cpus,4,dbms,08-2026,couchbase-802-vanilla-ee-medium-medium-aws,1,ip-172-31-18-121,ranking,benchANT
2026-08-12 11:14:00+00:00,system,n_cpus,4,dbms,08-2026,couchbase-802-vanilla-ee-medium-medium-aws,1,ip-172-31-18-121,ranking,benchANT
2026-08-12 11:14:10+00:00,system,n_cpus,4,dbms,08-2026,couchbase-802-vanilla-ee-medium-medium-aws,1,ip-172-31-18-121,ranking,benchANT
2026-08-12 11:14:20+00:00,system,n_cpus,4,dbms,08-2026,couchbase-802-vanilla-ee-medium-medium-aws,1,ip-172-31-18-121,ranking,benchANT
2026-08-12 11:14:30+00:00,system,n_cpus,4,dbms,08-2026,couchbase-802-vanilla-ee-medium-medium-aws,1,ip-172-31-18-121,ranking,benchANT
2026-08-12 11:14:40+00:00,system,n_cpus,4,dbms,08-2026,couchbase-802-vanilla-ee-medium-medium-aws,1,ip-172-31-18-121,ranking,benchANT
2026-08-12 11:14:50+00:00,system,n_cpus,4,dbms,08-2026,couchbase-802-vanilla-ee-medium-medium-aws,1,ip-172-31-18-121,ranking,benchANT
2026-08-12 11:15:00+00:00,system,n_cpus,4,dbms,08-2026,couchbase-802-vanilla-ee-medium-medium-aws,1,ip-172-31-18-121,ranking,benchANT
2026-08-12 11:15:10+00:00,system,n_cpus,4,dbms,08-2026,couchbase-802-vanilla-ee-medium-medium-aws,1,ip-172-31-18-121,ranking,benchANT
2026-08-12 11:15:20+00:00,system,n_cpus,4,dbms,08-2026,couchbase-802-vanilla-ee-medium-medium-aws,1,ip-172-31-18-121,ranking,benchANT
2026-08-12 11:15:30+00:00,system,n_cpus,4,dbms,08-2026,couchbase-802-vanilla-ee-medium-medium-aws,1,ip-172-31-18-121,ranking,benchANT
2026-08-12 11:15:40+00:00,system,n_cpus,4,dbms,08-2026,couchbase-802-vanilla-ee-medium-medium-aws,1,ip-172-31-18-121,ranking,benchANT
2026-08-12 11:15:50+00:00,system,n_cpus,4,dbms,08-2026,couchbase-802-vanilla-ee-medium-medium-aws,1,ip-172-31-18-121,ranking,benchANT
2026-08-12 11:03:30+00:00,system,n_users,0,dbms,08-2026,couchbase-802-vanilla-ee-medium-medium-aws,1,ip-172-31-18-121,ranking,benchANT
2026-08-12 11:03:40+00:00,system,n_users,0,dbms,08-2026,couchbase-802-vanilla-ee-medium-medium-aws,1,ip-172-31-18-121,ranking,benchANT
2026-08-12 11:03:50+00:00,system,n_users,0,dbms,08-2026,couchbase-802-vanilla-ee-medium-medium-aws,1,ip-172-31-18-121,ranking,benchANT
2026-08-12 11:04:00+00:00,system,n_users,0,dbms,08-2026,couchbase-802-vanilla-ee-medium-medium-aws,1,ip-172-31-18-121,ranking,benchANT
2026-08-12 11:04:10+00:00,system,n_users,0,dbms,08-2026,couchbase-802-vanilla-ee-medium-medium-aws,1,ip-172-31-18-121,ranking,benchANT
2026-08-12 11:04:20+00:00,system,n_users,0,dbms,08-2026,couchbase-802-vanilla-ee-medium-medium-aws,1,ip-172-31-18-121,ranking,benchANT
2026-08-12 11:04:30+00:00,system,n_users,0,dbms,08-2026,couchbase-802-vanilla-ee-medium-medium-aws,1,ip-172-31-18-121,ranking,benchANT
2026-08-12 11:04:40+00:00,system,n_users,0,dbms,08-2026,couchbase-802-vanilla-ee-medium-medium-aws,1,ip-172-31-18-121,ranking,benchANT
2026-08-12 11:04:50+00:00,system,n_users,0,dbms,08-2026,couchbase-802-vanilla-ee-medium-medium-aws,1,ip-172-31-18-121,ranking,benchANT
2026-08-12 11:05:00+00:00,system,n_users,0,dbms,08-2026,couchbase-802-vanilla-ee-medium-medium-aws,1,ip-172-31-18-121,ranking,benchANT
2026-08-12 11:05:10+00:00,system,n_users,0,dbms,08-2026,couchbase-802-vanilla-ee-medium-medium-aws,1,ip-172-31-18-121,ranking,benchANT
2026-08-12 11:05:20+00:00,system,n_users,0,dbms,08-2026,couchbase-802-vanilla-ee-medium-medium-aws,1,ip-172-31-18-121,ranking,benchANT
2026-08-12 11:05:30+00:00,system,n_users,0,dbms,08-2026,couchbase-802-vanilla-ee-medium-medium-aws,1,ip-172-31-18-121,ranking,benchANT
2026-08-12 11:05:40+00:00,system,n_users,0,dbms,08-2026,couchbase-802-vanilla-ee-medium-medium-aws,1,ip-172-31-18-121,ranking,benchANT
2026-08-12 11:05:50+00:00,system,n_users,0,dbms,08-2026,couchbase-802-vanilla-ee-medium-medium-aws,1,ip-172-31-18-121,ranking,benchANT
2026-08-12 11:06:00+00:00,system,n_users,0,dbms,08-2026,couchbase-802-vanilla-ee-medium-medium-aws,1,ip-172-31-18-121,ranking,benchANT
2026-08-12 11:06:10+00:00,system,n_users,0,dbms,08-2026,couchbase-802-vanilla-ee-medium-medium-aws,1,ip-172-31-18-121,ranking,benchANT
2026-08-12 11:06:20+00:00,system,n_users,0,dbms,08-2026,couchbase-802-vanilla-ee-medium-medium-aws,1,ip-172-31-18-121,ranking,benchANT
2026-08-12 11:06:30+00:00,system,n_users,0,dbms,08-2026,couchbase-802-vanilla-ee-medium-medium-aws,1,ip-172-31-18-121,ranking,benchANT
2026-08-12 11:06:40+00:00,system,n_users,0,dbms,08-2026,couchbase-802-vanilla-ee-medium-medium-aws,1,ip-172-31-18-121,ranking,benchANT
2026-08-12 11:06:50+00:00,system,n_users,0,dbms,08-2026,couchbase-802-vanilla-ee-medium-medium-aws,1,ip-172-31-18-121,ranking,benchANT
2026-08-12 11:07:00+00:00,system,n_users,0,dbms,08-2026,couchbase-802-vanilla-ee-medium-medium-aws,1,ip-172-31-18-121,ranking,benchANT
2026-08-12 11:07:10+00:00,system,n_users,0,dbms,08-2026,couchbase-802-vanilla-ee-medium-medium-aws,1,ip-172-31-18-121,ranking,benchANT
2026-08-12 11:07:20+00:00,system,n_users,0,dbms,08-2026,couchbase-802-vanilla-ee-medium-medium-aws,1,ip-172-31-18-121,ranking,benchANT
2026-08-12 11:07:30+00:00,system,n_users,0,dbms,08-2026,couchbase-802-vanilla-ee-medium-medium-aws,1,ip-172-31-18-121,ranking,benchANT
2026-08-12 11:07:40+00:00,system,n_users,0,dbms,08-2026,couchbase-802-vanilla-ee-medium-medium-aws,1,ip-172-31-18-121,ranking,benchANT
2026-08-12 11:07:50+00:00,system,n_users,0,dbms,08-2026,couchbase-802-vanilla-ee-medium-medium-aws,1,ip-172-31-18-121,ranking,benchANT
2026-08-12 11:08:00+00:00,system,n_users,0,dbms,08-2026,couchbase-802-vanilla-ee-medium-medium-aws,1,ip-172-31-18-121,ranking,benchANT
2026-08-12 11:08:10+00:00,system,n_users,0,dbms,08-2026,couchbase-802-vanilla-ee-medium-medium-aws,1,ip-172-31-18-121,ranking,benchANT
2026-08-12 11:08:20+00:00,system,n_users,0,dbms,08-2026,couchbase-802-vanilla-ee-medium-medium-aws,1,ip-172-31-18-121,ranking,benchANT
2026-08-12 11:08:30+00:00,system,n_users,0,dbms,08-2026,couchbase-802-vanilla-ee-medium-medium-aws,1,ip-172-31-18-121,ranking,benchANT
2026-08-12 11:08:40+00:00,system,n_users,0,dbms,08-2026,couchbase-802-vanilla-ee-medium-medium-aws,1,ip-172-31-18-121,ranking,benchANT
2026-08-12 11:08:50+00:00,system,n_users,0,dbms,08-2026,couchbase-802-vanilla-ee-medium-medium-aws,1,ip-172-31-18-121,ranking,benchANT
2026-08-12 11:09:00+00:00,system,n_users,0,dbms,08-2026,couchbase-802-vanilla-ee-medium-medium-aws,1,ip-172-31-18-121,ranking,benchANT
2026-08-12 11:09:10+00:00,system,n_users,0,dbms,08-2026,couchbase-802-vanilla-ee-medium-medium-aws,1,ip-172-31-18-121,ranking,benchANT
2026-08-12 11:09:20+00:00,system,n_users,0,dbms,08-2026,couchbase-802-vanilla-ee-medium-medium-aws,1,ip-172-31-18-121,ranking,benchANT
2026-08-12 11:09:30+00:00,system,n_users,0,dbms,08-2026,couchbase-802-vanilla-ee-medium-medium-aws,1,ip-172-31-18-121,ranking,benchANT
2026-08-12 11:09:40+00:00,system,n_users,0,dbms,08-2026,couchbase-802-vanilla-ee-medium-medium-aws,1,ip-172-31-18-121,ranking,benchANT
2026-08-12 11:09:50+00:00,system,n_users,0,dbms,08-2026,couchbase-802-vanilla-ee-medium-medium-aws,1,ip-172-31-18-121,ranking,benchANT
2026-08-12 11:10:00+00:00,system,n_users,0,dbms,08-2026,couchbase-802-vanilla-ee-medium-medium-aws,1,ip-172-31-18-121,ranking,benchANT
2026-08-12 11:10:10+00:00,system,n_users,0,dbms,08-2026,couchbase-802-vanilla-ee-medium-medium-aws,1,ip-172-31-18-121,ranking,benchANT
2026-08-12 11:10:20+00:00,system,n_users,0,dbms,08-2026,couchbase-802-vanilla-ee-medium-medium-aws,1,ip-172-31-18-121,ranking,benchANT
2026-08-12 11:10:30+00:00,system,n_users,0,dbms,08-2026,couchbase-802-vanilla-ee-medium-medium-aws,1,ip-172-31-18-121,ranking,benchANT
2026-08-12 11:10:40+00:00,system,n_users,0,dbms,08-2026,couchbase-802-vanilla-ee-medium-medium-aws,1,ip-172-31-18-121,ranking,benchANT
2026-08-12 11:10:50+00:00,system,n_users,0,dbms,08-2026,couchbase-802-vanilla-ee-medium-medium-aws,1,ip-172-31-18-121,ranking,benchANT
2026-08-12 11:11:00+00:00,system,n_users,0,dbms,08-2026,couchbase-802-vanilla-ee-medium-medium-aws,1,ip-172-31-18-121,ranking,benchANT
2026-08-12 11:11:10+00:00,system,n_users,0,dbms,08-2026,couchbase-802-vanilla-ee-medium-medium-aws,1,ip-172-31-18-121,ranking,benchANT
2026-08-12 11:11:20+00:00,system,n_users,0,dbms,08-2026,couchbase-802-vanilla-ee-medium-medium-aws,1,ip-172-31-18-121,ranking,benchANT
2026-08-12 11:11:30+00:00,system,n_users,0,dbms,08-2026,couchbase-802-vanilla-ee-medium-medium-aws,1,ip-172-31-18-121,ranking,benchANT
2026-08-12 11:11:40+00:00,system,n_users,0,dbms,08-2026,couchbase-802-vanilla-ee-medium-medium-aws,1,ip-172-31-18-121,ranking,benchANT
2026-08-12 11:11:50+00:00,system,n_users,0,dbms,08-2026,couchbase-802-vanilla-ee-medium-medium-aws,1,ip-172-31-18-121,ranking,benchANT
2026-08-12 11:12:00+00:00,system,n_users,0,dbms,08-2026,couchbase-802-vanilla-ee-medium-medium-aws,1,ip-172-31-18-121,ranking,benchANT
2026-08-12 11:12:10+00:00,system,n_users,0,dbms,08-2026,couchbase-802-vanilla-ee-medium-medium-aws,1,ip-172-31-18-121,ranking,benchANT
2026-08-12 11:12:20+00:00,system,n_users,0,dbms,08-2026,couchbase-802-vanilla-ee-medium-medium-aws,1,ip-172-31-18-121,ranking,benchANT
2026-08-12 11:12:30+00:00,system,n_users,0,dbms,08-2026,couchbase-802-vanilla-ee-medium-medium-aws,1,ip-172-31-18-121,ranking,benchANT
2026-08-12 11:12:40+00:00,system,n_users,0,dbms,08-2026,couchbase-802-vanilla-ee-medium-medium-aws,1,ip-172-31-18-121,ranking,benchANT
2026-08-12 11:12:50+00:00,system,n_users,0,dbms,08-2026,couchbase-802-vanilla-ee-medium-medium-aws,1,ip-172-31-18-121,ranking,benchANT
2026-08-12 11:13:00+00:00,system,n_users,0,dbms,08-2026,couchbase-802-vanilla-ee-medium-medium-aws,1,ip-172-31-18-121,ranking,benchANT
2026-08-12 11:13:10+00:00,system,n_users,0,dbms,08-2026,couchbase-802-vanilla-ee-medium-medium-aws,1,ip-172-31-18-121,ranking,benchANT
2026-08-12 11:13:20+00:00,system,n_users,0,dbms,08-2026,couchbase-802-vanilla-ee-medium-medium-aws,1,ip-172-31-18-121,ranking,benchANT
2026-08-12 11:13:30+00:00,system,n_users,0,dbms,08-2026,couchbase-802-vanilla-ee-medium-medium-aws,1,ip-172-31-18-121,ranking,benchANT
2026-08-12 11:13:40+00:00,system,n_users,0,dbms,08-2026,couchbase-802-vanilla-ee-medium-medium-aws,1,ip-172-31-18-121,ranking,benchANT
2026-08-12 11:13:50+00:00,system,n_users,0,dbms,08-2026,couchbase-802-vanilla-ee-medium-medium-aws,1,ip-172-31-18-121,ranking,benchANT
2026-08-12 11:14:00+00:00,system,n_users,0,dbms,08-2026,couchbase-802-vanilla-ee-medium-medium-aws,1,ip-172-31-18-121,ranking,benchANT
2026-08-12 11:14:10+00:00,system,n_users,0,dbms,08-2026,couchbase-802-vanilla-ee-medium-medium-aws,1,ip-172-31-18-121,ranking,benchANT
2026-08-12 11:14:20+00:00,system,n_users,0,dbms,08-2026,couchbase-802-vanilla-ee-medium-medium-aws,1,ip-172-31-18-121,ranking,benchANT
2026-08-12 11:14:30+00:00,system,n_users,0,dbms,08-2026,couchbase-802-vanilla-ee-medium-medium-aws,1,ip-172-31-18-121,ranking,benchANT
2026-08-12 11:14:40+00:00,system,n_users,0,dbms,08-2026,couchbase-802-vanilla-ee-medium-medium-aws,1,ip-172-31-18-121,ranking,benchANT
2026-08-12 11:14:50+00:00,system,n_users,0,dbms,08-2026,couchbase-802-vanilla-ee-medium-medium-aws,1,ip-172-31-18-121,ranking,benchANT
2026-08-12 11:15:00+00:00,system,n_users,0,dbms,08-2026,couchbase-802-vanilla-ee-medium-medium-aws,1,ip-172-31-18-121,ranking,benchANT
2026-08-12 11:15:10+00:00,system,n_users,0,dbms,08-2026,couchbase-802-vanilla-ee-medium-medium-aws,1,ip-172-31-18-121,ranking,benchANT
2026-08-12 11:15:20+00:00,system,n_users,0,dbms,08-2026,couchbase-802-vanilla-ee-medium-medium-aws,1,ip-172-31-18-121,ranking,benchANT
2026-08-12 11:15:30+00:00,system,n_users,0,dbms,08-2026,couchbase-802-vanilla-ee-medium-medium-aws,1,ip-172-31-18-121,ranking,benchANT
2026-08-12 11:15:40+00:00,system,n_users,0,dbms,08-2026,couchbase-802-vanilla-ee-medium-medium-aws,1,ip-172-31-18-121,ranking,benchANT
2026-08-12 11:15:50+00:00,system,n_users,0,dbms,08-2026,couchbase-802-vanilla-ee-medium-medium-aws,1,ip-172-31-18-121,ranking,benchANT
2026-08-12 11:03:30+00:00,system,uptime,925,dbms,08-2026,couchbase-802-vanilla-ee-medium-medium-aws,1,ip-172-31-18-121,ranking,benchANT
2026-08-12 11:03:40+00:00,system,uptime,935,dbms,08-2026,couchbase-802-vanilla-ee-medium-medium-aws,1,ip-172-31-18-121,ranking,benchANT
2026-08-12 11:03:50+00:00,system,uptime,945,dbms,08-2026,couchbase-802-vanilla-ee-medium-medium-aws,1,ip-172-31-18-121,ranking,benchANT
2026-08-12 11:04:00+00:00,system,uptime,955,dbms,08-2026,couchbase-802-vanilla-ee-medium-medium-aws,1,ip-172-31-18-121,ranking,benchANT
2026-08-12 11:04:10+00:00,system,uptime,965,dbms,08-2026,couchbase-802-vanilla-ee-medium-medium-aws,1,ip-172-31-18-121,ranking,benchANT
2026-08-12 11:04:20+00:00,system,uptime,975,dbms,08-2026,couchbase-802-vanilla-ee-medium-medium-aws,1,ip-172-31-18-121,ranking,benchANT
2026-08-12 11:04:30+00:00,system,uptime,985,dbms,08-2026,couchbase-802-vanilla-ee-medium-medium-aws,1,ip-172-31-18-121,ranking,benchANT
2026-08-12 11:04:40+00:00,system,uptime,995,dbms,08-2026,couchbase-802-vanilla-ee-medium-medium-aws,1,ip-172-31-18-121,ranking,benchANT
2026-08-12 11:04:50+00:00,system,uptime,1005,dbms,08-2026,couchbase-802-vanilla-ee-medium-medium-aws,1,ip-172-31-18-121,ranking,benchANT
2026-08-12 11:05:00+00:00,system,uptime,1015,dbms,08-2026,couchbase-802-vanilla-ee-medium-medium-aws,1,ip-172-31-18-121,ranking,benchANT
2026-08-12 11:05:10+00:00,system,uptime,1025,dbms,08-2026,couchbase-802-vanilla-ee-medium-medium-aws,1,ip-172-31-18-121,ranking,benchANT
2026-08-12 11:05:20+00:00,system,uptime,1035,dbms,08-2026,couchbase-802-vanilla-ee-medium-medium-aws,1,ip-172-31-18-121,ranking,benchANT
2026-08-12 11:05:30+00:00,system,uptime,1045,dbms,08-2026,couchbase-802-vanilla-ee-medium-medium-aws,1,ip-172-31-18-121,ranking,benchANT
2026-08-12 11:05:40+00:00,system,uptime,1055,dbms,08-2026,couchbase-802-vanilla-ee-medium-medium-aws,1,ip-172-31-18-121,ranking,benchANT
2026-08-12 11:05:50+00:00,system,uptime,1065,dbms,08-2026,couchbase-802-vanilla-ee-medium-medium-aws,1,ip-172-31-18-121,ranking,benchANT
2026-08-12 11:06:00+00:00,system,uptime,1075,dbms,08-2026,couchbase-802-vanilla-ee-medium-medium-aws,1,ip-172-31-18-121,ranking,benchANT
2026-08-12 11:06:10+00:00,system,uptime,1085,dbms,08-2026,couchbase-802-vanilla-ee-medium-medium-aws,1,ip-172-31-18-121,ranking,benchANT
2026-08-12 11:06:20+00:00,system,uptime,1095,dbms,08-2026,couchbase-802-vanilla-ee-medium-medium-aws,1,ip-172-31-18-121,ranking,benchANT
2026-08-12 11:06:30+00:00,system,uptime,1105,dbms,08-2026,couchbase-802-vanilla-ee-medium-medium-aws,1,ip-172-31-18-121,ranking,benchANT
2026-08-12 11:06:40+00:00,system,uptime,1115,dbms,08-2026,couchbase-802-vanilla-ee-medium-medium-aws,1,ip-172-31-18-121,ranking,benchANT
2026-08-12 11:06:50+00:00,system,uptime,1125,dbms,08-2026,couchbase-802-vanilla-ee-medium-medium-aws,1,ip-172-31-18-121,ranking,benchANT
2026-08-12 11:07:00+00:00,system,uptime,1135,dbms,08-2026,couchbase-802-vanilla-ee-medium-medium-aws,1,ip-172-31-18-121,ranking,benchANT
2026-08-12 11:07:10+00:00,system,uptime,1145,dbms,08-2026,couchbase-802-vanilla-ee-medium-medium-aws,1,ip-172-31-18-121,ranking,benchANT
2026-08-12 11:07:20+00:00,system,uptime,1155,dbms,08-2026,couchbase-802-vanilla-ee-medium-medium-aws,1,ip-172-31-18-121,ranking,benchANT
2026-08-12 11:07:30+00:00,system,uptime,1165,dbms,08-2026,couchbase-802-vanilla-ee-medium-medium-aws,1,ip-172-31-18-121,ranking,benchANT
2026-08-12 11:07:40+00:00,system,uptime,1175,dbms,08-2026,couchbase-802-vanilla-ee-medium-medium-aws,1,ip-172-31-18-121,ranking,benchANT
2026-08-12 11:07:50+00:00,system,uptime,1185,dbms,08-2026,couchbase-802-vanilla-ee-medium-medium-aws,1,ip-172-31-18-121,ranking,benchANT
2026-08-12 11:08:00+00:00,system,uptime,1195,dbms,08-2026,couchbase-802-vanilla-ee-medium-medium-aws,1,ip-172-31-18-121,ranking,benchANT
2026-08-12 11:08:10+00:00,system,uptime,1205,dbms,08-2026,couchbase-802-vanilla-ee-medium-medium-aws,1,ip-172-31-18-121,ranking,benchANT
2026-08-12 11:08:20+00:00,system,uptime,1215,dbms,08-2026,couchbase-802-vanilla-ee-medium-medium-aws,1,ip-172-31-18-121,ranking,benchANT
2026-08-12 11:08:30+00:00,system,uptime,1225,dbms,08-2026,couchbase-802-vanilla-ee-medium-medium-aws,1,ip-172-31-18-121,ranking,benchANT
2026-08-12 11:08:40+00:00,system,uptime,1235,dbms,08-2026,couchbase-802-vanilla-ee-medium-medium-aws,1,ip-172-31-18-121,ranking,benchANT
2026-08-12 11:08:50+00:00,system,uptime,1245,dbms,08-2026,couchbase-802-vanilla-ee-medium-medium-aws,1,ip-172-31-18-121,ranking,benchANT
2026-08-12 11:09:00+00:00,system,uptime,1255,dbms,08-2026,couchbase-802-vanilla-ee-medium-medium-aws,1,ip-172-31-18-121,ranking,benchANT
2026-08-12 11:09:10+00:00,system,uptime,1265,dbms,08-2026,couchbase-802-vanilla-ee-medium-medium-aws,1,ip-172-31-18-121,ranking,benchANT
2026-08-12 11:09:20+00:00,system,uptime,1275,dbms,08-2026,couchbase-802-vanilla-ee-medium-medium-aws,1,ip-172-31-18-121,ranking,benchANT
2026-08-12 11:09:30+00:00,system,uptime,1285,dbms,08-2026,couchbase-802-vanilla-ee-medium-medium-aws,1,ip-172-31-18-121,ranking,benchANT
2026-08-12 11:09:40+00:00,system,uptime,1295,dbms,08-2026,couchbase-802-vanilla-ee-medium-medium-aws,1,ip-172-31-18-121,ranking,benchANT
2026-08-12 11:09:50+00:00,system,uptime,1305,dbms,08-2026,couchbase-802-vanilla-ee-medium-medium-aws,1,ip-172-31-18-121,ranking,benchANT
2026-08-12 11:10:00+00:00,system,uptime,1315,dbms,08-2026,couchbase-802-vanilla-ee-medium-medium-aws,1,ip-172-31-18-121,ranking,benchANT
2026-08-12 11:10:10+00:00,system,uptime,1325,dbms,08-2026,couchbase-802-vanilla-ee-medium-medium-aws,1,ip-172-31-18-121,ranking,benchANT
2026-08-12 11:10:20+00:00,system,uptime,1335,dbms,08-2026,couchbase-802-vanilla-ee-medium-medium-aws,1,ip-172-31-18-121,ranking,benchANT
2026-08-12 11:10:30+00:00,system,uptime,1345,dbms,08-2026,couchbase-802-vanilla-ee-medium-medium-aws,1,ip-172-31-18-121,ranking,benchANT
2026-08-12 11:10:40+00:00,system,uptime,1355,dbms,08-2026,couchbase-802-vanilla-ee-medium-medium-aws,1,ip-172-31-18-121,ranking,benchANT
2026-08-12 11:10:50+00:00,system,uptime,1365,dbms,08-2026,couchbase-802-vanilla-ee-medium-medium-aws,1,ip-172-31-18-121,ranking,benchANT
2026-08-12 11:11:00+00:00,system,uptime,1375,dbms,08-2026,couchbase-802-vanilla-ee-medium-medium-aws,1,ip-172-31-18-121,ranking,benchANT
2026-08-12 11:11:10+00:00,system,uptime,1385,dbms,08-2026,couchbase-802-vanilla-ee-medium-medium-aws,1,ip-172-31-18-121,ranking,benchANT
2026-08-12 11:11:20+00:00,system,uptime,1395,dbms,08-2026,couchbase-802-vanilla-ee-medium-medium-aws,1,ip-172-31-18-121,ranking,benchANT
2026-08-12 11:11:30+00:00,system,uptime,1405,dbms,08-2026,couchbase-802-vanilla-ee-medium-medium-aws,1,ip-172-31-18-121,ranking,benchANT
2026-08-12 11:11:40+00:00,system,uptime,1415,dbms,08-2026,couchbase-802-vanilla-ee-medium-medium-aws,1,ip-172-31-18-121,ranking,benchANT
2026-08-12 11:11:50+00:00,system,uptime,1425,dbms,08-2026,couchbase-802-vanilla-ee-medium-medium-aws,1,ip-172-31-18-121,ranking,benchANT
2026-08-12 11:12:00+00:00,system,uptime,1435,dbms,08-2026,couchbase-802-vanilla-ee-medium-medium-aws,1,ip-172-31-18-121,ranking,benchANT
2026-08-12 11:12:10+00:00,system,uptime,1445,dbms,08-2026,couchbase-802-vanilla-ee-medium-medium-aws,1,ip-172-31-18-121,ranking,benchANT
2026-08-12 11:12:20+00:00,system,uptime,1455,dbms,08-2026,couchbase-802-vanilla-ee-medium-medium-aws,1,ip-172-31-18-121,ranking,benchANT
2026-08-12 11:12:30+00:00,system,uptime,1465,dbms,08-2026,couchbase-802-vanilla-ee-medium-medium-aws,1,ip-172-31-18-121,ranking,benchANT
2026-08-12 11:12:40+00:00,system,uptime,1475,dbms,08-2026,couchbase-802-vanilla-ee-medium-medium-aws,1,ip-172-31-18-121,ranking,benchANT
2026-08-12 11:12:50+00:00,system,uptime,1485,dbms,08-2026,couchbase-802-vanilla-ee-medium-medium-aws,1,ip-172-31-18-121,ranking,benchANT
2026-08-12 11:13:00+00:00,system,uptime,1495,dbms,08-2026,couchbase-802-vanilla-ee-medium-medium-aws,1,ip-172-31-18-121,ranking,benchANT
2026-08-12 11:13:10+00:00,system,uptime,1505,dbms,08-2026,couchbase-802-vanilla-ee-medium-medium-aws,1,ip-172-31-18-121,ranking,benchANT
2026-08-12 11:13:20+00:00,system,uptime,1515,dbms,08-2026,couchbase-802-vanilla-ee-medium-medium-aws,1,ip-172-31-18-121,ranking,benchANT
2026-08-12 11:13:30+00:00,system,uptime,1525,dbms,08-2026,couchbase-802-vanilla-ee-medium-medium-aws,1,ip-172-31-18-121,ranking,benchANT
2026-08-12 11:13:40+00:00,system,uptime,1535,dbms,08-2026,couchbase-802-vanilla-ee-medium-medium-aws,1,ip-172-31-18-121,ranking,benchANT
2026-08-12 11:13:50+00:00,system,uptime,1545,dbms,08-2026,couchbase-802-vanilla-ee-medium-medium-aws,1,ip-172-31-18-121,ranking,benchANT
2026-08-12 11:14:00+00:00,system,uptime,1555,dbms,08-2026,couchbase-802-vanilla-ee-medium-medium-aws,1,ip-172-31-18-121,ranking,benchANT
2026-08-12 11:14:10+00:00,system,uptime,1565,dbms,08-2026,couchbase-802-vanilla-ee-medium-medium-aws,1,ip-172-31-18-121,ranking,benchANT
2026-08-12 11:14:20+00:00,system,uptime,1575,dbms,08-2026,couchbase-802-vanilla-ee-medium-medium-aws,1,ip-172-31-18-121,ranking,benchANT
2026-08-12 11:14:30+00:00,system,uptime,1585,dbms,08-2026,couchbase-802-vanilla-ee-medium-medium-aws,1,ip-172-31-18-121,ranking,benchANT
2026-08-12 11:14:40+00:00,system,uptime,1595,dbms,08-2026,couchbase-802-vanilla-ee-medium-medium-aws,1,ip-172-31-18-121,ranking,benchANT
2026-08-12 11:14:50+00:00,system,uptime,1605,dbms,08-2026,couchbase-802-vanilla-ee-medium-medium-aws,1,ip-172-31-18-121,ranking,benchANT
2026-08-12 11:15:00+00:00,system,uptime,1615,dbms,08-2026,couchbase-802-vanilla-ee-medium-medium-aws,1,ip-172-31-18-121,ranking,benchANT
2026-08-12 11:15:10+00:00,system,uptime,1625,dbms,08-2026,couchbase-802-vanilla-ee-medium-medium-aws,1,ip-172-31-18-121,ranking,benchANT
2026-08-12 11:15:20+00:00,system,uptime,1635,dbms,08-2026,couchbase-802-vanilla-ee-medium-medium-aws,1,ip-172-31-18-121,ranking,benchANT
2026-08-12 11:15:30+00:00,system,uptime,1645,dbms,08-2026,couchbase-802-vanilla-ee-medium-medium-aws,1,ip-172-31-18-121,ranking,benchANT
2026-08-12 11:15:40+00:00,system,uptime,1655,dbms,08-2026,couchbase-802-vanilla-ee-medium-medium-aws,1,ip-172-31-18-121,ranking,benchANT
2026-08-12 11:15:50+00:00,system,uptime,1665,dbms,08-2026,couchbase-802-vanilla-ee-medium-medium-aws,1,ip-172-31-18-121,ranking,benchANT
2026-08-12 11:03:30+00:00,system,uptime_format, 0:15,dbms,08-2026,couchbase-802-vanilla-ee-medium-medium-aws,1,ip-172-31-18-121,ranking,benchANT
2026-08-12 11:03:40+00:00,system,uptime_format, 0:15,dbms,08-2026,couchbase-802-vanilla-ee-medium-medium-aws,1,ip-172-31-18-121,ranking,benchANT
2026-08-12 11:03:50+00:00,system,uptime_format, 0:15,dbms,08-2026,couchbase-802-vanilla-ee-medium-medium-aws,1,ip-172-31-18-121,ranking,benchANT
2026-08-12 11:04:00+00:00,system,uptime_format, 0:15,dbms,08-2026,couchbase-802-vanilla-ee-medium-medium-aws,1,ip-172-31-18-121,ranking,benchANT
2026-08-12 11:04:10+00:00,system,uptime_format, 0:16,dbms,08-2026,couchbase-802-vanilla-ee-medium-medium-aws,1,ip-172-31-18-121,ranking,benchANT
2026-08-12 11:04:20+00:00,system,uptime_format, 0:16,dbms,08-2026,couchbase-802-vanilla-ee-medium-medium-aws,1,ip-172-31-18-121,ranking,benchANT
2026-08-12 11:04:30+00:00,system,uptime_format, 0:16,dbms,08-2026,couchbase-802-vanilla-ee-medium-medium-aws,1,ip-172-31-18-121,ranking,benchANT
2026-08-12 11:04:40+00:00,system,uptime_format, 0:16,dbms,08-2026,couchbase-802-vanilla-ee-medium-medium-aws,1,ip-172-31-18-121,ranking,benchANT
2026-08-12 11:04:50+00:00,system,uptime_format, 0:16,dbms,08-2026,couchbase-802-vanilla-ee-medium-medium-aws,1,ip-172-31-18-121,ranking,benchANT
2026-08-12 11:05:00+00:00,system,uptime_format, 0:16,dbms,08-2026,couchbase-802-vanilla-ee-medium-medium-aws,1,ip-172-31-18-121,ranking,benchANT
2026-08-12 11:05:10+00:00,system,uptime_format, 0:17,dbms,08-2026,couchbase-802-vanilla-ee-medium-medium-aws,1,ip-172-31-18-121,ranking,benchANT
2026-08-12 11:05:20+00:00,system,uptime_format, 0:17,dbms,08-2026,couchbase-802-vanilla-ee-medium-medium-aws,1,ip-172-31-18-121,ranking,benchANT
2026-08-12 11:05:30+00:00,system,uptime_format, 0:17,dbms,08-2026,couchbase-802-vanilla-ee-medium-medium-aws,1,ip-172-31-18-121,ranking,benchANT
2026-08-12 11:05:40+00:00,system,uptime_format, 0:17,dbms,08-2026,couchbase-802-vanilla-ee-medium-medium-aws,1,ip-172-31-18-121,ranking,benchANT
2026-08-12 11:05:50+00:00,system,uptime_format, 0:17,dbms,08-2026,couchbase-802-vanilla-ee-medium-medium-aws,1,ip-172-31-18-121,ranking,benchANT
2026-08-12 11:06:00+00:00,system,uptime_format, 0:17,dbms,08-2026,couchbase-802-vanilla-ee-medium-medium-aws,1,ip-172-31-18-121,ranking,benchANT
2026-08-12 11:06:10+00:00,system,uptime_format, 0:18,dbms,08-2026,couchbase-802-vanilla-ee-medium-medium-aws,1,ip-172-31-18-121,ranking,benchANT
2026-08-12 11:06:20+00:00,system,uptime_format, 0:18,dbms,08-2026,couchbase-802-vanilla-ee-medium-medium-aws,1,ip-172-31-18-121,ranking,benchANT
2026-08-12 11:06:30+00:00,system,uptime_format, 0:18,dbms,08-2026,couchbase-802-vanilla-ee-medium-medium-aws,1,ip-172-31-18-121,ranking,benchANT
2026-08-12 11:06:40+00:00,system,uptime_format, 0:18,dbms,08-2026,couchbase-802-vanilla-ee-medium-medium-aws,1,ip-172-31-18-121,ranking,benchANT
2026-08-12 11:06:50+00:00,system,uptime_format, 0:18,dbms,08-2026,couchbase-802-vanilla-ee-medium-medium-aws,1,ip-172-31-18-121,ranking,benchANT
2026-08-12 11:07:00+00:00,system,uptime_format, 0:18,dbms,08-2026,couchbase-802-vanilla-ee-medium-medium-aws,1,ip-172-31-18-121,ranking,benchANT
2026-08-12 11:07:10+00:00,system,uptime_format, 0:19,dbms,08-2026,couchbase-802-vanilla-ee-medium-medium-aws,1,ip-172-31-18-121,ranking,benchANT
2026-08-12 11:07:20+00:00,system,uptime_format, 0:19,dbms,08-2026,couchbase-802-vanilla-ee-medium-medium-aws,1,ip-172-31-18-121,ranking,benchANT
2026-08-12 11:07:30+00:00,system,uptime_format, 0:19,dbms,08-2026,couchbase-802-vanilla-ee-medium-medium-aws,1,ip-172-31-18-121,ranking,benchANT
2026-08-12 11:07:40+00:00,system,uptime_format, 0:19,dbms,08-2026,couchbase-802-vanilla-ee-medium-medium-aws,1,ip-172-31-18-121,ranking,benchANT
2026-08-12 11:07:50+00:00,system,uptime_format, 0:19,dbms,08-2026,couchbase-802-vanilla-ee-medium-medium-aws,1,ip-172-31-18-121,ranking,benchANT
2026-08-12 11:08:00+00:00,system,uptime_format, 0:19,dbms,08-2026,couchbase-802-vanilla-ee-medium-medium-aws,1,ip-172-31-18-121,ranking,benchANT
2026-08-12 11:08:10+00:00,system,uptime_format, 0:20,dbms,08-2026,couchbase-802-vanilla-ee-medium-medium-aws,1,ip-172-31-18-121,ranking,benchANT
2026-08-12 11:08:20+00:00,system,uptime_format, 0:20,dbms,08-2026,couchbase-802-vanilla-ee-medium-medium-aws,1,ip-172-31-18-121,ranking,benchANT
2026-08-12 11:08:30+00:00,system,uptime_format, 0:20,dbms,08-2026,couchbase-802-vanilla-ee-medium-medium-aws,1,ip-172-31-18-121,ranking,benchANT
2026-08-12 11:08:40+00:00,system,uptime_format, 0:20,dbms,08-2026,couchbase-802-vanilla-ee-medium-medium-aws,1,ip-172-31-18-121,ranking,benchANT
2026-08-12 11:08:50+00:00,system,uptime_format, 0:20,dbms,08-2026,couchbase-802-vanilla-ee-medium-medium-aws,1,ip-172-31-18-121,ranking,benchANT
2026-08-12 11:09:00+00:00,system,uptime_format, 0:20,dbms,08-2026,couchbase-802-vanilla-ee-medium-medium-aws,1,ip-172-31-18-121,ranking,benchANT
2026-08-12 11:09:10+00:00,system,uptime_format, 0:21,dbms,08-2026,couchbase-802-vanilla-ee-medium-medium-aws,1,ip-172-31-18-121,ranking,benchANT
2026-08-12 11:09:20+00:00,system,uptime_format, 0:21,dbms,08-2026,couchbase-802-vanilla-ee-medium-medium-aws,1,ip-172-31-18-121,ranking,benchANT
2026-08-12 11:09:30+00:00,system,uptime_format, 0:21,dbms,08-2026,couchbase-802-vanilla-ee-medium-medium-aws,1,ip-172-31-18-121,ranking,benchANT
2026-08-12 11:09:40+00:00,system,uptime_format, 0:21,dbms,08-2026,couchbase-802-vanilla-ee-medium-medium-aws,1,ip-172-31-18-121,ranking,benchANT
2026-08-12 11:09:50+00:00,system,uptime_format, 0:21,dbms,08-2026,couchbase-802-vanilla-ee-medium-medium-aws,1,ip-172-31-18-121,ranking,benchANT
2026-08-12 11:10:00+00:00,system,uptime_format, 0:21,dbms,08-2026,couchbase-802-vanilla-ee-medium-medium-aws,1,ip-172-31-18-121,ranking,benchANT
2026-08-12 11:10:10+00:00,system,uptime_format, 0:22,dbms,08-2026,couchbase-802-vanilla-ee-medium-medium-aws,1,ip-172-31-18-121,ranking,benchANT
2026-08-12 11:10:20+00:00,system,uptime_format, 0:22,dbms,08-2026,couchbase-802-vanilla-ee-medium-medium-aws,1,ip-172-31-18-121,ranking,benchANT
2026-08-12 11:10:30+00:00,system,uptime_format, 0:22,dbms,08-2026,couchbase-802-vanilla-ee-medium-medium-aws,1,ip-172-31-18-121,ranking,benchANT
2026-08-12 11:10:40+00:00,system,uptime_format, 0:22,dbms,08-2026,couchbase-802-vanilla-ee-medium-medium-aws,1,ip-172-31-18-121,ranking,benchANT
2026-08-12 11:10:50+00:00,system,uptime_format, 0:22,dbms,08-2026,couchbase-802-vanilla-ee-medium-medium-aws,1,ip-172-31-18-121,ranking,benchANT
2026-08-12 11:11:00+00:00,system,uptime_format, 0:22,dbms,08-2026,couchbase-802-vanilla-ee-medium-medium-aws,1,ip-172-31-18-121,ranking,benchANT
2026-08-12 11:11:10+00:00,system,uptime_format, 0:23,dbms,08-2026,couchbase-802-vanilla-ee-medium-medium-aws,1,ip-172-31-18-121,ranking,benchANT
2026-08-12 11:11:20+00:00,system,uptime_format, 0:23,dbms,08-2026,couchbase-802-vanilla-ee-medium-medium-aws,1,ip-172-31-18-121,ranking,benchANT
2026-08-12 11:11:30+00:00,system,uptime_format, 0:23,dbms,08-2026,couchbase-802-vanilla-ee-medium-medium-aws,1,ip-172-31-18-121,ranking,benchANT
2026-08-12 11:11:40+00:00,system,uptime_format, 0:23,dbms,08-2026,couchbase-802-vanilla-ee-medium-medium-aws,1,ip-172-31-18-121,ranking,benchANT
2026-08-12 11:11:50+00:00,system,uptime_format, 0:23,dbms,08-2026,couchbase-802-vanilla-ee-medium-medium-aws,1,ip-172-31-18-121,ranking,benchANT
2026-08-12 11:12:00+00:00,system,uptime_format, 0:23,dbms,08-2026,couchbase-802-vanilla-ee-medium-medium-aws,1,ip-172-31-18-121,ranking,benchANT
2026-08-12 11:12:10+00:00,system,uptime_format, 0:24,dbms,08-2026,couchbase-802-vanilla-ee-medium-medium-aws,1,ip-172-31-18-121,ranking,benchANT
2026-08-12 11:12:20+00:00,system,uptime_format, 0:24,dbms,08-2026,couchbase-802-vanilla-ee-medium-medium-aws,1,ip-172-31-18-121,ranking,benchANT
2026-08-12 11:12:30+00:00,system,uptime_format, 0:24,dbms,08-2026,couchbase-802-vanilla-ee-medium-medium-aws,1,ip-172-31-18-121,ranking,benchANT
2026-08-12 11:12:40+00:00,system,uptime_format, 0:24,dbms,08-2026,couchbase-802-vanilla-ee-medium-medium-aws,1,ip-172-31-18-121,ranking,benchANT
2026-08-12 11:12:50+00:00,system,uptime_format, 0:24,dbms,08-2026,couchbase-802-vanilla-ee-medium-medium-aws,1,ip-172-31-18-121,ranking,benchANT
2026-08-12 11:13:00+00:00,system,uptime_format, 0:24,dbms,08-2026,couchbase-802-vanilla-ee-medium-medium-aws,1,ip-172-31-18-121,ranking,benchANT
2026-08-12 11:13:10+00:00,system,uptime_format, 0:25,dbms,08-2026,couchbase-802-vanilla-ee-medium-medium-aws,1,ip-172-31-18-121,ranking,benchANT
2026-08-12 11:13:20+00:00,system,uptime_format, 0:25,dbms,08-2026,couchbase-802-vanilla-ee-medium-medium-aws,1,ip-172-31-18-121,ranking,benchANT
2026-08-12 11:13:30+00:00,system,uptime_format, 0:25,dbms,08-2026,couchbase-802-vanilla-ee-medium-medium-aws,1,ip-172-31-18-121,ranking,benchANT
2026-08-12 11:13:40+00:00,system,uptime_format, 0:25,dbms,08-2026,couchbase-802-vanilla-ee-medium-medium-aws,1,ip-172-31-18-121,ranking,benchANT
2026-08-12 11:13:50+00:00,system,uptime_format, 0:25,dbms,08-2026,couchbase-802-vanilla-ee-medium-medium-aws,1,ip-172-31-18-121,ranking,benchANT
2026-08-12 11:14:00+00:00,system,uptime_format, 0:25,dbms,08-2026,couchbase-802-vanilla-ee-medium-medium-aws,1,ip-172-31-18-121,ranking,benchANT
2026-08-12 11:14:10+00:00,system,uptime_format, 0:26,dbms,08-2026,couchbase-802-vanilla-ee-medium-medium-aws,1,ip-172-31-18-121,ranking,benchANT
2026-08-12 11:14:20+00:00,system,uptime_format, 0:26,dbms,08-2026,couchbase-802-vanilla-ee-medium-medium-aws,1,ip-172-31-18-121,ranking,benchANT
2026-08-12 11:14:30+00:00,system,uptime_format, 0:26,dbms,08-2026,couchbase-802-vanilla-ee-medium-medium-aws,1,ip-172-31-18-121,ranking,benchANT
2026-08-12 11:14:40+00:00,system,uptime_format, 0:26,dbms,08-2026,couchbase-802-vanilla-ee-medium-medium-aws,1,ip-172-31-18-121,ranking,benchANT
2026-08-12 11:14:50+00:00,system,uptime_format, 0:26,dbms,08-2026,couchbase-802-vanilla-ee-medium-medium-aws,1,ip-172-31-18-121,ranking,benchANT
2026-08-12 11:15:00+00:00,system,uptime_format, 0:26,dbms,08-2026,couchbase-802-vanilla-ee-medium-medium-aws,1,ip-172-31-18-121,ranking,benchANT
2026-08-12 11:15:10+00:00,system,uptime_format, 0:27,dbms,08-2026,couchbase-802-vanilla-ee-medium-medium-aws,1,ip-172-31-18-121,ranking,benchANT
2026-08-12 11:15:20+00:00,system,uptime_format, 0:27,dbms,08-2026,couchbase-802-vanilla-ee-medium-medium-aws,1,ip-172-31-18-121,ranking,benchANT
2026-08-12 11:15:30+00:00,system,uptime_format, 0:27,dbms,08-2026,couchbase-802-vanilla-ee-medium-medium-aws,1,ip-172-31-18-121,ranking,benchANT
2026-08-12 11:15:40+00:00,system,uptime_format, 0:27,dbms,08-2026,couchbase-802-vanilla-ee-medium-medium-aws,1,ip-172-31-18-121,ranking,benchANT
2026-08-12 11:15:50+00:00,system,uptime_format, 0:27,dbms,08-2026,couchbase-802-vanilla-ee-medium-medium-aws,1,ip-172-31-18-121,ranking,benchANT
2026-08-12 11:03:30+00:00,system,load1,0.04,dbms,08-2026,couchbase-802-vanilla-ee-medium-medium-aws,1,ip-172-31-28-138,ranking,benchANT
2026-08-12 11:03:40+00:00,system,load1,0.03,dbms,08-2026,couchbase-802-vanilla-ee-medium-medium-aws,1,ip-172-31-28-138,ranking,benchANT
2026-08-12 11:03:50+00:00,system,load1,0.03,dbms,08-2026,couchbase-802-vanilla-ee-medium-medium-aws,1,ip-172-31-28-138,ranking,benchANT
2026-08-12 11:04:00+00:00,system,load1,0.41,dbms,08-2026,couchbase-802-vanilla-ee-medium-medium-aws,1,ip-172-31-28-138,ranking,benchANT
2026-08-12 11:04:10+00:00,system,load1,0.67,dbms,08-2026,couchbase-802-vanilla-ee-medium-medium-aws,1,ip-172-31-28-138,ranking,benchANT
2026-08-12 11:04:20+00:00,system,load1,1.49,dbms,08-2026,couchbase-802-vanilla-ee-medium-medium-aws,1,ip-172-31-28-138,ranking,benchANT
2026-08-12 11:04:30+00:00,system,load1,2.18,dbms,08-2026,couchbase-802-vanilla-ee-medium-medium-aws,1,ip-172-31-28-138,ranking,benchANT
2026-08-12 11:04:40+00:00,system,load1,3.09,dbms,08-2026,couchbase-802-vanilla-ee-medium-medium-aws,1,ip-172-31-28-138,ranking,benchANT
2026-08-12 11:04:50+00:00,system,load1,3.86,dbms,08-2026,couchbase-802-vanilla-ee-medium-medium-aws,1,ip-172-31-28-138,ranking,benchANT
2026-08-12 11:05:00+00:00,system,load1,4.57,dbms,08-2026,couchbase-802-vanilla-ee-medium-medium-aws,1,ip-172-31-28-138,ranking,benchANT
2026-08-12 11:05:10+00:00,system,load1,5.4,dbms,08-2026,couchbase-802-vanilla-ee-medium-medium-aws,1,ip-172-31-28-138,ranking,benchANT
2026-08-12 11:05:20+00:00,system,load1,5.8,dbms,08-2026,couchbase-802-vanilla-ee-medium-medium-aws,1,ip-172-31-28-138,ranking,benchANT
2026-08-12 11:05:30+00:00,system,load1,6.59,dbms,08-2026,couchbase-802-vanilla-ee-medium-medium-aws,1,ip-172-31-28-138,ranking,benchANT
2026-08-12 11:05:40+00:00,system,load1,7.19,dbms,08-2026,couchbase-802-vanilla-ee-medium-medium-aws,1,ip-172-31-28-138,ranking,benchANT
2026-08-12 11:05:50+00:00,system,load1,7.62,dbms,08-2026,couchbase-802-vanilla-ee-medium-medium-aws,1,ip-172-31-28-138,ranking,benchANT
2026-08-12 11:06:00+00:00,system,load1,8.06,dbms,08-2026,couchbase-802-vanilla-ee-medium-medium-aws,1,ip-172-31-28-138,ranking,benchANT
2026-08-12 11:06:10+00:00,system,load1,8.36,dbms,08-2026,couchbase-802-vanilla-ee-medium-medium-aws,1,ip-172-31-28-138,ranking,benchANT
2026-08-12 11:06:20+00:00,system,load1,8.85,dbms,08-2026,couchbase-802-vanilla-ee-medium-medium-aws,1,ip-172-31-28-138,ranking,benchANT
2026-08-12 11:06:30+00:00,system,load1,9.02,dbms,08-2026,couchbase-802-vanilla-ee-medium-medium-aws,1,ip-172-31-28-138,ranking,benchANT
2026-08-12 11:06:40+00:00,system,load1,8.94,dbms,08-2026,couchbase-802-vanilla-ee-medium-medium-aws,1,ip-172-31-28-138,ranking,benchANT
2026-08-12 11:06:50+00:00,system,load1,8.87,dbms,08-2026,couchbase-802-vanilla-ee-medium-medium-aws,1,ip-172-31-28-138,ranking,benchANT
2026-08-12 11:07:00+00:00,system,load1,8.74,dbms,08-2026,couchbase-802-vanilla-ee-medium-medium-aws,1,ip-172-31-28-138,ranking,benchANT
2026-08-12 11:07:10+00:00,system,load1,8.86,dbms,08-2026,couchbase-802-vanilla-ee-medium-medium-aws,1,ip-172-31-28-138,ranking,benchANT
2026-08-12 11:07:20+00:00,system,load1,9.19,dbms,08-2026,couchbase-802-vanilla-ee-medium-medium-aws,1,ip-172-31-28-138,ranking,benchANT
2026-08-12 11:07:30+00:00,system,load1,9.16,dbms,08-2026,couchbase-802-vanilla-ee-medium-medium-aws,1,ip-172-31-28-138,ranking,benchANT
2026-08-12 11:07:40+00:00,system,load1,8.99,dbms,08-2026,couchbase-802-vanilla-ee-medium-medium-aws,1,ip-172-31-28-138,ranking,benchANT
2026-08-12 11:07:50+00:00,system,load1,9.13,dbms,08-2026,couchbase-802-vanilla-ee-medium-medium-aws,1,ip-172-31-28-138,ranking,benchANT
2026-08-12 11:08:00+00:00,system,load1,9.05,dbms,08-2026,couchbase-802-vanilla-ee-medium-medium-aws,1,ip-172-31-28-138,ranking,benchANT
2026-08-12 11:08:10+00:00,system,load1,8.97,dbms,08-2026,couchbase-802-vanilla-ee-medium-medium-aws,1,ip-172-31-28-138,ranking,benchANT
2026-08-12 11:08:20+00:00,system,load1,9.13,dbms,08-2026,couchbase-802-vanilla-ee-medium-medium-aws,1,ip-172-31-28-138,ranking,benchANT
2026-08-12 11:08:30+00:00,system,load1,9.42,dbms,08-2026,couchbase-802-vanilla-ee-medium-medium-aws,1,ip-172-31-28-138,ranking,benchANT
2026-08-12 11:08:40+00:00,system,load1,9.27,dbms,08-2026,couchbase-802-vanilla-ee-medium-medium-aws,1,ip-172-31-28-138,ranking,benchANT
2026-08-12 11:08:50+00:00,system,load1,9.47,dbms,08-2026,couchbase-802-vanilla-ee-medium-medium-aws,1,ip-172-31-28-138,ranking,benchANT
2026-08-12 11:09:00+00:00,system,load1,9.25,dbms,08-2026,couchbase-802-vanilla-ee-medium-medium-aws,1,ip-172-31-28-138,ranking,benchANT
2026-08-12 11:09:10+00:00,system,load1,9.36,dbms,08-2026,couchbase-802-vanilla-ee-medium-medium-aws,1,ip-172-31-28-138,ranking,benchANT
2026-08-12 11:09:20+00:00,system,load1,9.86,dbms,08-2026,couchbase-802-vanilla-ee-medium-medium-aws,1,ip-172-31-28-138,ranking,benchANT
2026-08-12 11:09:30+00:00,system,load1,9.26,dbms,08-2026,couchbase-802-vanilla-ee-medium-medium-aws,1,ip-172-31-28-138,ranking,benchANT
2026-08-12 11:09:40+00:00,system,load1,9.3,dbms,08-2026,couchbase-802-vanilla-ee-medium-medium-aws,1,ip-172-31-28-138,ranking,benchANT
2026-08-12 11:09:50+00:00,system,load1,9.32,dbms,08-2026,couchbase-802-vanilla-ee-medium-medium-aws,1,ip-172-31-28-138,ranking,benchANT
2026-08-12 11:10:00+00:00,system,load1,9.35,dbms,08-2026,couchbase-802-vanilla-ee-medium-medium-aws,1,ip-172-31-28-138,ranking,benchANT
2026-08-12 11:10:10+00:00,system,load1,9.54,dbms,08-2026,couchbase-802-vanilla-ee-medium-medium-aws,1,ip-172-31-28-138,ranking,benchANT
2026-08-12 11:10:20+00:00,system,load1,9.62,dbms,08-2026,couchbase-802-vanilla-ee-medium-medium-aws,1,ip-172-31-28-138,ranking,benchANT
2026-08-12 11:10:30+00:00,system,load1,9.44,dbms,08-2026,couchbase-802-vanilla-ee-medium-medium-aws,1,ip-172-31-28-138,ranking,benchANT
2026-08-12 11:10:40+00:00,system,load1,9.52,dbms,08-2026,couchbase-802-vanilla-ee-medium-medium-aws,1,ip-172-31-28-138,ranking,benchANT
2026-08-12 11:10:50+00:00,system,load1,9.35,dbms,08-2026,couchbase-802-vanilla-ee-medium-medium-aws,1,ip-172-31-28-138,ranking,benchANT
2026-08-12 11:11:00+00:00,system,load1,9.38,dbms,08-2026,couchbase-802-vanilla-ee-medium-medium-aws,1,ip-172-31-28-138,ranking,benchANT
2026-08-12 11:11:10+00:00,system,load1,9.71,dbms,08-2026,couchbase-802-vanilla-ee-medium-medium-aws,1,ip-172-31-28-138,ranking,benchANT
2026-08-12 11:11:20+00:00,system,load1,9.52,dbms,08-2026,couchbase-802-vanilla-ee-medium-medium-aws,1,ip-172-31-28-138,ranking,benchANT
2026-08-12 11:11:30+00:00,system,load1,9.83,dbms,08-2026,couchbase-802-vanilla-ee-medium-medium-aws,1,ip-172-31-28-138,ranking,benchANT
2026-08-12 11:11:40+00:00,system,load1,9.94,dbms,08-2026,couchbase-802-vanilla-ee-medium-medium-aws,1,ip-172-31-28-138,ranking,benchANT
2026-08-12 11:11:50+00:00,system,load1,9.87,dbms,08-2026,couchbase-802-vanilla-ee-medium-medium-aws,1,ip-172-31-28-138,ranking,benchANT
2026-08-12 11:12:00+00:00,system,load1,9.98,dbms,08-2026,couchbase-802-vanilla-ee-medium-medium-aws,1,ip-172-31-28-138,ranking,benchANT
2026-08-12 11:12:10+00:00,system,load1,10.22,dbms,08-2026,couchbase-802-vanilla-ee-medium-medium-aws,1,ip-172-31-28-138,ranking,benchANT
2026-08-12 11:12:20+00:00,system,load1,10.18,dbms,08-2026,couchbase-802-vanilla-ee-medium-medium-aws,1,ip-172-31-28-138,ranking,benchANT
2026-08-12 11:12:30+00:00,system,load1,10.33,dbms,08-2026,couchbase-802-vanilla-ee-medium-medium-aws,1,ip-172-31-28-138,ranking,benchANT
2026-08-12 11:12:40+00:00,system,load1,10.04,dbms,08-2026,couchbase-802-vanilla-ee-medium-medium-aws,1,ip-172-31-28-138,ranking,benchANT
2026-08-12 11:12:50+00:00,system,load1,10.35,dbms,08-2026,couchbase-802-vanilla-ee-medium-medium-aws,1,ip-172-31-28-138,ranking,benchANT
2026-08-12 11:13:00+00:00,system,load1,10.3,dbms,08-2026,couchbase-802-vanilla-ee-medium-medium-aws,1,ip-172-31-28-138,ranking,benchANT
2026-08-12 11:13:10+00:00,system,load1,10.71,dbms,08-2026,couchbase-802-vanilla-ee-medium-medium-aws,1,ip-172-31-28-138,ranking,benchANT
2026-08-12 11:13:20+00:00,system,load1,10.84,dbms,08-2026,couchbase-802-vanilla-ee-medium-medium-aws,1,ip-172-31-28-138,ranking,benchANT
2026-08-12 11:13:30+00:00,system,load1,10.79,dbms,08-2026,couchbase-802-vanilla-ee-medium-medium-aws,1,ip-172-31-28-138,ranking,benchANT
2026-08-12 11:13:40+00:00,system,load1,10.84,dbms,08-2026,couchbase-802-vanilla-ee-medium-medium-aws,1,ip-172-31-28-138,ranking,benchANT
2026-08-12 11:13:50+00:00,system,load1,11.03,dbms,08-2026,couchbase-802-vanilla-ee-medium-medium-aws,1,ip-172-31-28-138,ranking,benchANT
2026-08-12 11:14:00+00:00,system,load1,11.02,dbms,08-2026,couchbase-802-vanilla-ee-medium-medium-aws,1,ip-172-31-28-138,ranking,benchANT
2026-08-12 11:14:10+00:00,system,load1,11.09,dbms,08-2026,couchbase-802-vanilla-ee-medium-medium-aws,1,ip-172-31-28-138,ranking,benchANT
2026-08-12 11:14:20+00:00,system,load1,11.31,dbms,08-2026,couchbase-802-vanilla-ee-medium-medium-aws,1,ip-172-31-28-138,ranking,benchANT
2026-08-12 11:14:30+00:00,system,load1,11.32,dbms,08-2026,couchbase-802-vanilla-ee-medium-medium-aws,1,ip-172-31-28-138,ranking,benchANT
2026-08-12 11:14:40+00:00,system,load1,11.66,dbms,08-2026,couchbase-802-vanilla-ee-medium-medium-aws,1,ip-172-31-28-138,ranking,benchANT
2026-08-12 11:14:50+00:00,system,load1,11.83,dbms,08-2026,couchbase-802-vanilla-ee-medium-medium-aws,1,ip-172-31-28-138,ranking,benchANT
2026-08-12 11:15:00+00:00,system,load1,11.55,dbms,08-2026,couchbase-802-vanilla-ee-medium-medium-aws,1,ip-172-31-28-138,ranking,benchANT
2026-08-12 11:15:10+00:00,system,load1,11.39,dbms,08-2026,couchbase-802-vanilla-ee-medium-medium-aws,1,ip-172-31-28-138,ranking,benchANT
2026-08-12 11:15:20+00:00,system,load1,11.17,dbms,08-2026,couchbase-802-vanilla-ee-medium-medium-aws,1,ip-172-31-28-138,ranking,benchANT
2026-08-12 11:15:30+00:00,system,load1,11.23,dbms,08-2026,couchbase-802-vanilla-ee-medium-medium-aws,1,ip-172-31-28-138,ranking,benchANT
2026-08-12 11:15:40+00:00,system,load1,10.62,dbms,08-2026,couchbase-802-vanilla-ee-medium-medium-aws,1,ip-172-31-28-138,ranking,benchANT
2026-08-12 11:15:50+00:00,system,load1,8.99,dbms,08-2026,couchbase-802-vanilla-ee-medium-medium-aws,1,ip-172-31-28-138,ranking,benchANT
2026-08-12 11:03:30+00:00,system,load15,0.74,dbms,08-2026,couchbase-802-vanilla-ee-medium-medium-aws,1,ip-172-31-28-138,ranking,benchANT
2026-08-12 11:03:40+00:00,system,load15,0.73,dbms,08-2026,couchbase-802-vanilla-ee-medium-medium-aws,1,ip-172-31-28-138,ranking,benchANT
2026-08-12 11:03:50+00:00,system,load15,0.72,dbms,08-2026,couchbase-802-vanilla-ee-medium-medium-aws,1,ip-172-31-28-138,ranking,benchANT
2026-08-12 11:04:00+00:00,system,load15,0.74,dbms,08-2026,couchbase-802-vanilla-ee-medium-medium-aws,1,ip-172-31-28-138,ranking,benchANT
2026-08-12 11:04:10+00:00,system,load15,0.76,dbms,08-2026,couchbase-802-vanilla-ee-medium-medium-aws,1,ip-172-31-28-138,ranking,benchANT
2026-08-12 11:04:20+00:00,system,load15,0.81,dbms,08-2026,couchbase-802-vanilla-ee-medium-medium-aws,1,ip-172-31-28-138,ranking,benchANT
2026-08-12 11:04:30+00:00,system,load15,0.87,dbms,08-2026,couchbase-802-vanilla-ee-medium-medium-aws,1,ip-172-31-28-138,ranking,benchANT
2026-08-12 11:04:40+00:00,system,load15,0.95,dbms,08-2026,couchbase-802-vanilla-ee-medium-medium-aws,1,ip-172-31-28-138,ranking,benchANT
2026-08-12 11:04:50+00:00,system,load15,1.02,dbms,08-2026,couchbase-802-vanilla-ee-medium-medium-aws,1,ip-172-31-28-138,ranking,benchANT
2026-08-12 11:05:00+00:00,system,load15,1.1,dbms,08-2026,couchbase-802-vanilla-ee-medium-medium-aws,1,ip-172-31-28-138,ranking,benchANT
2026-08-12 11:05:10+00:00,system,load15,1.2,dbms,08-2026,couchbase-802-vanilla-ee-medium-medium-aws,1,ip-172-31-28-138,ranking,benchANT
2026-08-12 11:05:20+00:00,system,load15,1.27,dbms,08-2026,couchbase-802-vanilla-ee-medium-medium-aws,1,ip-172-31-28-138,ranking,benchANT
2026-08-12 11:05:30+00:00,system,load15,1.38,dbms,08-2026,couchbase-802-vanilla-ee-medium-medium-aws,1,ip-172-31-28-138,ranking,benchANT
2026-08-12 11:05:40+00:00,system,load15,1.47,dbms,08-2026,couchbase-802-vanilla-ee-medium-medium-aws,1,ip-172-31-28-138,ranking,benchANT
2026-08-12 11:05:50+00:00,system,load15,1.57,dbms,08-2026,couchbase-802-vanilla-ee-medium-medium-aws,1,ip-172-31-28-138,ranking,benchANT
2026-08-12 11:06:00+00:00,system,load15,1.66,dbms,08-2026,couchbase-802-vanilla-ee-medium-medium-aws,1,ip-172-31-28-138,ranking,benchANT
2026-08-12 11:06:10+00:00,system,load15,1.75,dbms,08-2026,couchbase-802-vanilla-ee-medium-medium-aws,1,ip-172-31-28-138,ranking,benchANT
2026-08-12 11:06:20+00:00,system,load15,1.86,dbms,08-2026,couchbase-802-vanilla-ee-medium-medium-aws,1,ip-172-31-28-138,ranking,benchANT
2026-08-12 11:06:30+00:00,system,load15,1.95,dbms,08-2026,couchbase-802-vanilla-ee-medium-medium-aws,1,ip-172-31-28-138,ranking,benchANT
2026-08-12 11:06:40+00:00,system,load15,2.02,dbms,08-2026,couchbase-802-vanilla-ee-medium-medium-aws,1,ip-172-31-28-138,ranking,benchANT
2026-08-12 11:06:50+00:00,system,load15,2.09,dbms,08-2026,couchbase-802-vanilla-ee-medium-medium-aws,1,ip-172-31-28-138,ranking,benchANT
2026-08-12 11:07:00+00:00,system,load15,2.15,dbms,08-2026,couchbase-802-vanilla-ee-medium-medium-aws,1,ip-172-31-28-138,ranking,benchANT
2026-08-12 11:07:10+00:00,system,load15,2.23,dbms,08-2026,couchbase-802-vanilla-ee-medium-medium-aws,1,ip-172-31-28-138,ranking,benchANT
2026-08-12 11:07:20+00:00,system,load15,2.32,dbms,08-2026,couchbase-802-vanilla-ee-medium-medium-aws,1,ip-172-31-28-138,ranking,benchANT
2026-08-12 11:07:30+00:00,system,load15,2.4,dbms,08-2026,couchbase-802-vanilla-ee-medium-medium-aws,1,ip-172-31-28-138,ranking,benchANT
2026-08-12 11:07:40+00:00,system,load15,2.46,dbms,08-2026,couchbase-802-vanilla-ee-medium-medium-aws,1,ip-172-31-28-138,ranking,benchANT
2026-08-12 11:07:50+00:00,system,load15,2.54,dbms,08-2026,couchbase-802-vanilla-ee-medium-medium-aws,1,ip-172-31-28-138,ranking,benchANT
2026-08-12 11:08:00+00:00,system,load15,2.6,dbms,08-2026,couchbase-802-vanilla-ee-medium-medium-aws,1,ip-172-31-28-138,ranking,benchANT
2026-08-12 11:08:10+00:00,system,load15,2.67,dbms,08-2026,couchbase-802-vanilla-ee-medium-medium-aws,1,ip-172-31-28-138,ranking,benchANT
2026-08-12 11:08:20+00:00,system,load15,2.75,dbms,08-2026,couchbase-802-vanilla-ee-medium-medium-aws,1,ip-172-31-28-138,ranking,benchANT
2026-08-12 11:08:30+00:00,system,load15,2.83,dbms,08-2026,couchbase-802-vanilla-ee-medium-medium-aws,1,ip-172-31-28-138,ranking,benchANT
2026-08-12 11:08:40+00:00,system,load15,2.89,dbms,08-2026,couchbase-802-vanilla-ee-medium-medium-aws,1,ip-172-31-28-138,ranking,benchANT
2026-08-12 11:08:50+00:00,system,load15,2.98,dbms,08-2026,couchbase-802-vanilla-ee-medium-medium-aws,1,ip-172-31-28-138,ranking,benchANT
2026-08-12 11:09:00+00:00,system,load15,3.03,dbms,08-2026,couchbase-802-vanilla-ee-medium-medium-aws,1,ip-172-31-28-138,ranking,benchANT
2026-08-12 11:09:10+00:00,system,load15,3.11,dbms,08-2026,couchbase-802-vanilla-ee-medium-medium-aws,1,ip-172-31-28-138,ranking,benchANT
2026-08-12 11:09:20+00:00,system,load15,3.21,dbms,08-2026,couchbase-802-vanilla-ee-medium-medium-aws,1,ip-172-31-28-138,ranking,benchANT
2026-08-12 11:09:30+00:00,system,load15,3.24,dbms,08-2026,couchbase-802-vanilla-ee-medium-medium-aws,1,ip-172-31-28-138,ranking,benchANT
2026-08-12 11:09:40+00:00,system,load15,3.31,dbms,08-2026,couchbase-802-vanilla-ee-medium-medium-aws,1,ip-172-31-28-138,ranking,benchANT
2026-08-12 11:09:50+00:00,system,load15,3.37,dbms,08-2026,couchbase-802-vanilla-ee-medium-medium-aws,1,ip-172-31-28-138,ranking,benchANT
2026-08-12 11:10:00+00:00,system,load15,3.44,dbms,08-2026,couchbase-802-vanilla-ee-medium-medium-aws,1,ip-172-31-28-138,ranking,benchANT
2026-08-12 11:10:10+00:00,system,load15,3.51,dbms,08-2026,couchbase-802-vanilla-ee-medium-medium-aws,1,ip-172-31-28-138,ranking,benchANT
2026-08-12 11:10:20+00:00,system,load15,3.58,dbms,08-2026,couchbase-802-vanilla-ee-medium-medium-aws,1,ip-172-31-28-138,ranking,benchANT
2026-08-12 11:10:30+00:00,system,load15,3.64,dbms,08-2026,couchbase-802-vanilla-ee-medium-medium-aws,1,ip-172-31-28-138,ranking,benchANT
2026-08-12 11:10:40+00:00,system,load15,3.71,dbms,08-2026,couchbase-802-vanilla-ee-medium-medium-aws,1,ip-172-31-28-138,ranking,benchANT
2026-08-12 11:10:50+00:00,system,load15,3.76,dbms,08-2026,couchbase-802-vanilla-ee-medium-medium-aws,1,ip-172-31-28-138,ranking,benchANT
2026-08-12 11:11:00+00:00,system,load15,3.82,dbms,08-2026,couchbase-802-vanilla-ee-medium-medium-aws,1,ip-172-31-28-138,ranking,benchANT
2026-08-12 11:11:10+00:00,system,load15,3.9,dbms,08-2026,couchbase-802-vanilla-ee-medium-medium-aws,1,ip-172-31-28-138,ranking,benchANT
2026-08-12 11:11:20+00:00,system,load15,3.95,dbms,08-2026,couchbase-802-vanilla-ee-medium-medium-aws,1,ip-172-31-28-138,ranking,benchANT
2026-08-12 11:11:30+00:00,system,load15,4.03,dbms,08-2026,couchbase-802-vanilla-ee-medium-medium-aws,1,ip-172-31-28-138,ranking,benchANT
2026-08-12 11:11:40+00:00,system,load15,4.1,dbms,08-2026,couchbase-802-vanilla-ee-medium-medium-aws,1,ip-172-31-28-138,ranking,benchANT
2026-08-12 11:11:50+00:00,system,load15,4.16,dbms,08-2026,couchbase-802-vanilla-ee-medium-medium-aws,1,ip-172-31-28-138,ranking,benchANT
2026-08-12 11:12:00+00:00,system,load15,4.23,dbms,08-2026,couchbase-802-vanilla-ee-medium-medium-aws,1,ip-172-31-28-138,ranking,benchANT
2026-08-12 11:12:10+00:00,system,load15,4.31,dbms,08-2026,couchbase-802-vanilla-ee-medium-medium-aws,1,ip-172-31-28-138,ranking,benchANT
2026-08-12 11:12:20+00:00,system,load15,4.37,dbms,08-2026,couchbase-802-vanilla-ee-medium-medium-aws,1,ip-172-31-28-138,ranking,benchANT
2026-08-12 11:12:30+00:00,system,load15,4.44,dbms,08-2026,couchbase-802-vanilla-ee-medium-medium-aws,1,ip-172-31-28-138,ranking,benchANT
2026-08-12 11:12:40+00:00,system,load15,4.49,dbms,08-2026,couchbase-802-vanilla-ee-medium-medium-aws,1,ip-172-31-28-138,ranking,benchANT
2026-08-12 11:12:50+00:00,system,load15,4.57,dbms,08-2026,couchbase-802-vanilla-ee-medium-medium-aws,1,ip-172-31-28-138,ranking,benchANT
2026-08-12 11:13:00+00:00,system,load15,4.63,dbms,08-2026,couchbase-802-vanilla-ee-medium-medium-aws,1,ip-172-31-28-138,ranking,benchANT
2026-08-12 11:13:10+00:00,system,load15,4.72,dbms,08-2026,couchbase-802-vanilla-ee-medium-medium-aws,1,ip-172-31-28-138,ranking,benchANT
2026-08-12 11:13:20+00:00,system,load15,4.79,dbms,08-2026,couchbase-802-vanilla-ee-medium-medium-aws,1,ip-172-31-28-138,ranking,benchANT
2026-08-12 11:13:30+00:00,system,load15,4.85,dbms,08-2026,couchbase-802-vanilla-ee-medium-medium-aws,1,ip-172-31-28-138,ranking,benchANT
2026-08-12 11:13:40+00:00,system,load15,4.92,dbms,08-2026,couchbase-802-vanilla-ee-medium-medium-aws,1,ip-172-31-28-138,ranking,benchANT
2026-08-12 11:13:50+00:00,system,load15,4.99,dbms,08-2026,couchbase-802-vanilla-ee-medium-medium-aws,1,ip-172-31-28-138,ranking,benchANT
2026-08-12 11:14:00+00:00,system,load15,5.06,dbms,08-2026,couchbase-802-vanilla-ee-medium-medium-aws,1,ip-172-31-28-138,ranking,benchANT
2026-08-12 11:14:10+00:00,system,load15,5.13,dbms,08-2026,couchbase-802-vanilla-ee-medium-medium-aws,1,ip-172-31-28-138,ranking,benchANT
2026-08-12 11:14:20+00:00,system,load15,5.21,dbms,08-2026,couchbase-802-vanilla-ee-medium-medium-aws,1,ip-172-31-28-138,ranking,benchANT
2026-08-12 11:14:30+00:00,system,load15,5.28,dbms,08-2026,couchbase-802-vanilla-ee-medium-medium-aws,1,ip-172-31-28-138,ranking,benchANT
2026-08-12 11:14:40+00:00,system,load15,5.36,dbms,08-2026,couchbase-802-vanilla-ee-medium-medium-aws,1,ip-172-31-28-138,ranking,benchANT
2026-08-12 11:14:50+00:00,system,load15,5.45,dbms,08-2026,couchbase-802-vanilla-ee-medium-medium-aws,1,ip-172-31-28-138,ranking,benchANT
2026-08-12 11:15:00+00:00,system,load15,5.5,dbms,08-2026,couchbase-802-vanilla-ee-medium-medium-aws,1,ip-172-31-28-138,ranking,benchANT
2026-08-12 11:15:10+00:00,system,load15,5.55,dbms,08-2026,couchbase-802-vanilla-ee-medium-medium-aws,1,ip-172-31-28-138,ranking,benchANT
2026-08-12 11:15:20+00:00,system,load15,5.6,dbms,08-2026,couchbase-802-vanilla-ee-medium-medium-aws,1,ip-172-31-28-138,ranking,benchANT
2026-08-12 11:15:30+00:00,system,load15,5.66,dbms,08-2026,couchbase-802-vanilla-ee-medium-medium-aws,1,ip-172-31-28-138,ranking,benchANT
2026-08-12 11:15:40+00:00,system,load15,5.68,dbms,08-2026,couchbase-802-vanilla-ee-medium-medium-aws,1,ip-172-31-28-138,ranking,benchANT
2026-08-12 11:15:50+00:00,system,load15,5.62,dbms,08-2026,couchbase-802-vanilla-ee-medium-medium-aws,1,ip-172-31-28-138,ranking,benchANT
2026-08-12 11:03:30+00:00,system,load5,0.92,dbms,08-2026,couchbase-802-vanilla-ee-medium-medium-aws,1,ip-172-31-28-138,ranking,benchANT
2026-08-12 11:03:40+00:00,system,load5,0.89,dbms,08-2026,couchbase-802-vanilla-ee-medium-medium-aws,1,ip-172-31-28-138,ranking,benchANT
2026-08-12 11:03:50+00:00,system,load5,0.86,dbms,08-2026,couchbase-802-vanilla-ee-medium-medium-aws,1,ip-172-31-28-138,ranking,benchANT
2026-08-12 11:04:00+00:00,system,load5,0.92,dbms,08-2026,couchbase-802-vanilla-ee-medium-medium-aws,1,ip-172-31-28-138,ranking,benchANT
2026-08-12 11:04:10+00:00,system,load5,0.95,dbms,08-2026,couchbase-802-vanilla-ee-medium-medium-aws,1,ip-172-31-28-138,ranking,benchANT
2026-08-12 11:04:20+00:00,system,load5,1.12,dbms,08-2026,couchbase-802-vanilla-ee-medium-medium-aws,1,ip-172-31-28-138,ranking,benchANT
2026-08-12 11:04:30+00:00,system,load5,1.28,dbms,08-2026,couchbase-802-vanilla-ee-medium-medium-aws,1,ip-172-31-28-138,ranking,benchANT
2026-08-12 11:04:40+00:00,system,load5,1.5,dbms,08-2026,couchbase-802-vanilla-ee-medium-medium-aws,1,ip-172-31-28-138,ranking,benchANT
2026-08-12 11:04:50+00:00,system,load5,1.72,dbms,08-2026,couchbase-802-vanilla-ee-medium-medium-aws,1,ip-172-31-28-138,ranking,benchANT
2026-08-12 11:05:00+00:00,system,load5,1.94,dbms,08-2026,couchbase-802-vanilla-ee-medium-medium-aws,1,ip-172-31-28-138,ranking,benchANT
2026-08-12 11:05:10+00:00,system,load5,2.21,dbms,08-2026,couchbase-802-vanilla-ee-medium-medium-aws,1,ip-172-31-28-138,ranking,benchANT
2026-08-12 11:05:20+00:00,system,load5,2.4,dbms,08-2026,couchbase-802-vanilla-ee-medium-medium-aws,1,ip-172-31-28-138,ranking,benchANT
2026-08-12 11:05:30+00:00,system,load5,2.68,dbms,08-2026,couchbase-802-vanilla-ee-medium-medium-aws,1,ip-172-31-28-138,ranking,benchANT
2026-08-12 11:05:40+00:00,system,load5,2.94,dbms,08-2026,couchbase-802-vanilla-ee-medium-medium-aws,1,ip-172-31-28-138,ranking,benchANT
2026-08-12 11:05:50+00:00,system,load5,3.17,dbms,08-2026,couchbase-802-vanilla-ee-medium-medium-aws,1,ip-172-31-28-138,ranking,benchANT
2026-08-12 11:06:00+00:00,system,load5,3.41,dbms,08-2026,couchbase-802-vanilla-ee-medium-medium-aws,1,ip-172-31-28-138,ranking,benchANT
2026-08-12 11:06:10+00:00,system,load5,3.63,dbms,08-2026,couchbase-802-vanilla-ee-medium-medium-aws,1,ip-172-31-28-138,ranking,benchANT
2026-08-12 11:06:20+00:00,system,load5,3.89,dbms,08-2026,couchbase-802-vanilla-ee-medium-medium-aws,1,ip-172-31-28-138,ranking,benchANT
2026-08-12 11:06:30+00:00,system,load5,4.09,dbms,08-2026,couchbase-802-vanilla-ee-medium-medium-aws,1,ip-172-31-28-138,ranking,benchANT
2026-08-12 11:06:40+00:00,system,load5,4.24,dbms,08-2026,couchbase-802-vanilla-ee-medium-medium-aws,1,ip-172-31-28-138,ranking,benchANT
2026-08-12 11:06:50+00:00,system,load5,4.38,dbms,08-2026,couchbase-802-vanilla-ee-medium-medium-aws,1,ip-172-31-28-138,ranking,benchANT
2026-08-12 11:07:00+00:00,system,load5,4.5,dbms,08-2026,couchbase-802-vanilla-ee-medium-medium-aws,1,ip-172-31-28-138,ranking,benchANT
2026-08-12 11:07:10+00:00,system,load5,4.66,dbms,08-2026,couchbase-802-vanilla-ee-medium-medium-aws,1,ip-172-31-28-138,ranking,benchANT
2026-08-12 11:07:20+00:00,system,load5,4.87,dbms,08-2026,couchbase-802-vanilla-ee-medium-medium-aws,1,ip-172-31-28-138,ranking,benchANT
2026-08-12 11:07:30+00:00,system,load5,5.01,dbms,08-2026,couchbase-802-vanilla-ee-medium-medium-aws,1,ip-172-31-28-138,ranking,benchANT
2026-08-12 11:07:40+00:00,system,load5,5.11,dbms,08-2026,couchbase-802-vanilla-ee-medium-medium-aws,1,ip-172-31-28-138,ranking,benchANT
2026-08-12 11:07:50+00:00,system,load5,5.27,dbms,08-2026,couchbase-802-vanilla-ee-medium-medium-aws,1,ip-172-31-28-138,ranking,benchANT
2026-08-12 11:08:00+00:00,system,load5,5.38,dbms,08-2026,couchbase-802-vanilla-ee-medium-medium-aws,1,ip-172-31-28-138,ranking,benchANT
2026-08-12 11:08:10+00:00,system,load5,5.48,dbms,08-2026,couchbase-802-vanilla-ee-medium-medium-aws,1,ip-172-31-28-138,ranking,benchANT
2026-08-12 11:08:20+00:00,system,load5,5.63,dbms,08-2026,couchbase-802-vanilla-ee-medium-medium-aws,1,ip-172-31-28-138,ranking,benchANT
2026-08-12 11:08:30+00:00,system,load5,5.81,dbms,08-2026,couchbase-802-vanilla-ee-medium-medium-aws,1,ip-172-31-28-138,ranking,benchANT
2026-08-12 11:08:40+00:00,system,load5,5.9,dbms,08-2026,couchbase-802-vanilla-ee-medium-medium-aws,1,ip-172-31-28-138,ranking,benchANT
2026-08-12 11:08:50+00:00,system,load5,6.05,dbms,08-2026,couchbase-802-vanilla-ee-medium-medium-aws,1,ip-172-31-28-138,ranking,benchANT
2026-08-12 11:09:00+00:00,system,load5,6.11,dbms,08-2026,couchbase-802-vanilla-ee-medium-medium-aws,1,ip-172-31-28-138,ranking,benchANT
2026-08-12 11:09:10+00:00,system,load5,6.24,dbms,08-2026,couchbase-802-vanilla-ee-medium-medium-aws,1,ip-172-31-28-138,ranking,benchANT
2026-08-12 11:09:20+00:00,system,load5,6.45,dbms,08-2026,couchbase-802-vanilla-ee-medium-medium-aws,1,ip-172-31-28-138,ranking,benchANT
2026-08-12 11:09:30+00:00,system,load5,6.43,dbms,08-2026,couchbase-802-vanilla-ee-medium-medium-aws,1,ip-172-31-28-138,ranking,benchANT
2026-08-12 11:09:40+00:00,system,load5,6.53,dbms,08-2026,couchbase-802-vanilla-ee-medium-medium-aws,1,ip-172-31-28-138,ranking,benchANT
2026-08-12 11:09:50+00:00,system,load5,6.63,dbms,08-2026,couchbase-802-vanilla-ee-medium-medium-aws,1,ip-172-31-28-138,ranking,benchANT
2026-08-12 11:10:00+00:00,system,load5,6.73,dbms,08-2026,couchbase-802-vanilla-ee-medium-medium-aws,1,ip-172-31-28-138,ranking,benchANT
2026-08-12 11:10:10+00:00,system,load5,6.85,dbms,08-2026,couchbase-802-vanilla-ee-medium-medium-aws,1,ip-172-31-28-138,ranking,benchANT
2026-08-12 11:10:20+00:00,system,load5,6.96,dbms,08-2026,couchbase-802-vanilla-ee-medium-medium-aws,1,ip-172-31-28-138,ranking,benchANT
2026-08-12 11:10:30+00:00,system,load5,7.01,dbms,08-2026,couchbase-802-vanilla-ee-medium-medium-aws,1,ip-172-31-28-138,ranking,benchANT
2026-08-12 11:10:40+00:00,system,load5,7.11,dbms,08-2026,couchbase-802-vanilla-ee-medium-medium-aws,1,ip-172-31-28-138,ranking,benchANT
2026-08-12 11:10:50+00:00,system,load5,7.15,dbms,08-2026,couchbase-802-vanilla-ee-medium-medium-aws,1,ip-172-31-28-138,ranking,benchANT
2026-08-12 11:11:00+00:00,system,load5,7.23,dbms,08-2026,couchbase-802-vanilla-ee-medium-medium-aws,1,ip-172-31-28-138,ranking,benchANT
2026-08-12 11:11:10+00:00,system,load5,7.37,dbms,08-2026,couchbase-802-vanilla-ee-medium-medium-aws,1,ip-172-31-28-138,ranking,benchANT
2026-08-12 11:11:20+00:00,system,load5,7.41,dbms,08-2026,couchbase-802-vanilla-ee-medium-medium-aws,1,ip-172-31-28-138,ranking,benchANT
2026-08-12 11:11:30+00:00,system,load5,7.54,dbms,08-2026,couchbase-802-vanilla-ee-medium-medium-aws,1,ip-172-31-28-138,ranking,benchANT
2026-08-12 11:11:40+00:00,system,load5,7.64,dbms,08-2026,couchbase-802-vanilla-ee-medium-medium-aws,1,ip-172-31-28-138,ranking,benchANT
2026-08-12 11:11:50+00:00,system,load5,7.7,dbms,08-2026,couchbase-802-vanilla-ee-medium-medium-aws,1,ip-172-31-28-138,ranking,benchANT
2026-08-12 11:12:00+00:00,system,load5,7.8,dbms,08-2026,couchbase-802-vanilla-ee-medium-medium-aws,1,ip-172-31-28-138,ranking,benchANT
2026-08-12 11:12:10+00:00,system,load5,7.92,dbms,08-2026,couchbase-802-vanilla-ee-medium-medium-aws,1,ip-172-31-28-138,ranking,benchANT
2026-08-12 11:12:20+00:00,system,load5,7.99,dbms,08-2026,couchbase-802-vanilla-ee-medium-medium-aws,1,ip-172-31-28-138,ranking,benchANT
2026-08-12 11:12:30+00:00,system,load5,8.09,dbms,08-2026,couchbase-802-vanilla-ee-medium-medium-aws,1,ip-172-31-28-138,ranking,benchANT
2026-08-12 11:12:40+00:00,system,load5,8.1,dbms,08-2026,couchbase-802-vanilla-ee-medium-medium-aws,1,ip-172-31-28-138,ranking,benchANT
2026-08-12 11:12:50+00:00,system,load5,8.23,dbms,08-2026,couchbase-802-vanilla-ee-medium-medium-aws,1,ip-172-31-28-138,ranking,benchANT
2026-08-12 11:13:00+00:00,system,load5,8.29,dbms,08-2026,couchbase-802-vanilla-ee-medium-medium-aws,1,ip-172-31-28-138,ranking,benchANT
2026-08-12 11:13:10+00:00,system,load5,8.45,dbms,08-2026,couchbase-802-vanilla-ee-medium-medium-aws,1,ip-172-31-28-138,ranking,benchANT
2026-08-12 11:13:20+00:00,system,load5,8.55,dbms,08-2026,couchbase-802-vanilla-ee-medium-medium-aws,1,ip-172-31-28-138,ranking,benchANT
2026-08-12 11:13:30+00:00,system,load5,8.61,dbms,08-2026,couchbase-802-vanilla-ee-medium-medium-aws,1,ip-172-31-28-138,ranking,benchANT
2026-08-12 11:13:40+00:00,system,load5,8.69,dbms,08-2026,couchbase-802-vanilla-ee-medium-medium-aws,1,ip-172-31-28-138,ranking,benchANT
2026-08-12 11:13:50+00:00,system,load5,8.8,dbms,08-2026,couchbase-802-vanilla-ee-medium-medium-aws,1,ip-172-31-28-138,ranking,benchANT
2026-08-12 11:14:00+00:00,system,load5,8.87,dbms,08-2026,couchbase-802-vanilla-ee-medium-medium-aws,1,ip-172-31-28-138,ranking,benchANT
2026-08-12 11:14:10+00:00,system,load5,8.96,dbms,08-2026,couchbase-802-vanilla-ee-medium-medium-aws,1,ip-172-31-28-138,ranking,benchANT
2026-08-12 11:14:20+00:00,system,load5,9.08,dbms,08-2026,couchbase-802-vanilla-ee-medium-medium-aws,1,ip-172-31-28-138,ranking,benchANT
2026-08-12 11:14:30+00:00,system,load5,9.16,dbms,08-2026,couchbase-802-vanilla-ee-medium-medium-aws,1,ip-172-31-28-138,ranking,benchANT
2026-08-12 11:14:40+00:00,system,load5,9.3,dbms,08-2026,couchbase-802-vanilla-ee-medium-medium-aws,1,ip-172-31-28-138,ranking,benchANT
2026-08-12 11:14:50+00:00,system,load5,9.42,dbms,08-2026,couchbase-802-vanilla-ee-medium-medium-aws,1,ip-172-31-28-138,ranking,benchANT
2026-08-12 11:15:00+00:00,system,load5,9.44,dbms,08-2026,couchbase-802-vanilla-ee-medium-medium-aws,1,ip-172-31-28-138,ranking,benchANT
2026-08-12 11:15:10+00:00,system,load5,9.48,dbms,08-2026,couchbase-802-vanilla-ee-medium-medium-aws,1,ip-172-31-28-138,ranking,benchANT
2026-08-12 11:15:20+00:00,system,load5,9.49,dbms,08-2026,couchbase-802-vanilla-ee-medium-medium-aws,1,ip-172-31-28-138,ranking,benchANT
2026-08-12 11:15:30+00:00,system,load5,9.56,dbms,08-2026,couchbase-802-vanilla-ee-medium-medium-aws,1,ip-172-31-28-138,ranking,benchANT
2026-08-12 11:15:40+00:00,system,load5,9.49,dbms,08-2026,couchbase-802-vanilla-ee-medium-medium-aws,1,ip-172-31-28-138,ranking,benchANT
2026-08-12 11:15:50+00:00,system,load5,9.18,dbms,08-2026,couchbase-802-vanilla-ee-medium-medium-aws,1,ip-172-31-28-138,ranking,benchANT
2026-08-12 11:03:30+00:00,system,n_cpus,4,dbms,08-2026,couchbase-802-vanilla-ee-medium-medium-aws,1,ip-172-31-28-138,ranking,benchANT
2026-08-12 11:03:40+00:00,system,n_cpus,4,dbms,08-2026,couchbase-802-vanilla-ee-medium-medium-aws,1,ip-172-31-28-138,ranking,benchANT
2026-08-12 11:03:50+00:00,system,n_cpus,4,dbms,08-2026,couchbase-802-vanilla-ee-medium-medium-aws,1,ip-172-31-28-138,ranking,benchANT
2026-08-12 11:04:00+00:00,system,n_cpus,4,dbms,08-2026,couchbase-802-vanilla-ee-medium-medium-aws,1,ip-172-31-28-138,ranking,benchANT
2026-08-12 11:04:10+00:00,system,n_cpus,4,dbms,08-2026,couchbase-802-vanilla-ee-medium-medium-aws,1,ip-172-31-28-138,ranking,benchANT
2026-08-12 11:04:20+00:00,system,n_cpus,4,dbms,08-2026,couchbase-802-vanilla-ee-medium-medium-aws,1,ip-172-31-28-138,ranking,benchANT
2026-08-12 11:04:30+00:00,system,n_cpus,4,dbms,08-2026,couchbase-802-vanilla-ee-medium-medium-aws,1,ip-172-31-28-138,ranking,benchANT
2026-08-12 11:04:40+00:00,system,n_cpus,4,dbms,08-2026,couchbase-802-vanilla-ee-medium-medium-aws,1,ip-172-31-28-138,ranking,benchANT
2026-08-12 11:04:50+00:00,system,n_cpus,4,dbms,08-2026,couchbase-802-vanilla-ee-medium-medium-aws,1,ip-172-31-28-138,ranking,benchANT
2026-08-12 11:05:00+00:00,system,n_cpus,4,dbms,08-2026,couchbase-802-vanilla-ee-medium-medium-aws,1,ip-172-31-28-138,ranking,benchANT
2026-08-12 11:05:10+00:00,system,n_cpus,4,dbms,08-2026,couchbase-802-vanilla-ee-medium-medium-aws,1,ip-172-31-28-138,ranking,benchANT
2026-08-12 11:05:20+00:00,system,n_cpus,4,dbms,08-2026,couchbase-802-vanilla-ee-medium-medium-aws,1,ip-172-31-28-138,ranking,benchANT
2026-08-12 11:05:30+00:00,system,n_cpus,4,dbms,08-2026,couchbase-802-vanilla-ee-medium-medium-aws,1,ip-172-31-28-138,ranking,benchANT
2026-08-12 11:05:40+00:00,system,n_cpus,4,dbms,08-2026,couchbase-802-vanilla-ee-medium-medium-aws,1,ip-172-31-28-138,ranking,benchANT
2026-08-12 11:05:50+00:00,system,n_cpus,4,dbms,08-2026,couchbase-802-vanilla-ee-medium-medium-aws,1,ip-172-31-28-138,ranking,benchANT
2026-08-12 11:06:00+00:00,system,n_cpus,4,dbms,08-2026,couchbase-802-vanilla-ee-medium-medium-aws,1,ip-172-31-28-138,ranking,benchANT
2026-08-12 11:06:10+00:00,system,n_cpus,4,dbms,08-2026,couchbase-802-vanilla-ee-medium-medium-aws,1,ip-172-31-28-138,ranking,benchANT
2026-08-12 11:06:20+00:00,system,n_cpus,4,dbms,08-2026,couchbase-802-vanilla-ee-medium-medium-aws,1,ip-172-31-28-138,ranking,benchANT
2026-08-12 11:06:30+00:00,system,n_cpus,4,dbms,08-2026,couchbase-802-vanilla-ee-medium-medium-aws,1,ip-172-31-28-138,ranking,benchANT
2026-08-12 11:06:40+00:00,system,n_cpus,4,dbms,08-2026,couchbase-802-vanilla-ee-medium-medium-aws,1,ip-172-31-28-138,ranking,benchANT
2026-08-12 11:06:50+00:00,system,n_cpus,4,dbms,08-2026,couchbase-802-vanilla-ee-medium-medium-aws,1,ip-172-31-28-138,ranking,benchANT
2026-08-12 11:07:00+00:00,system,n_cpus,4,dbms,08-2026,couchbase-802-vanilla-ee-medium-medium-aws,1,ip-172-31-28-138,ranking,benchANT
2026-08-12 11:07:10+00:00,system,n_cpus,4,dbms,08-2026,couchbase-802-vanilla-ee-medium-medium-aws,1,ip-172-31-28-138,ranking,benchANT
2026-08-12 11:07:20+00:00,system,n_cpus,4,dbms,08-2026,couchbase-802-vanilla-ee-medium-medium-aws,1,ip-172-31-28-138,ranking,benchANT
2026-08-12 11:07:30+00:00,system,n_cpus,4,dbms,08-2026,couchbase-802-vanilla-ee-medium-medium-aws,1,ip-172-31-28-138,ranking,benchANT
2026-08-12 11:07:40+00:00,system,n_cpus,4,dbms,08-2026,couchbase-802-vanilla-ee-medium-medium-aws,1,ip-172-31-28-138,ranking,benchANT
2026-08-12 11:07:50+00:00,system,n_cpus,4,dbms,08-2026,couchbase-802-vanilla-ee-medium-medium-aws,1,ip-172-31-28-138,ranking,benchANT
2026-08-12 11:08:00+00:00,system,n_cpus,4,dbms,08-2026,couchbase-802-vanilla-ee-medium-medium-aws,1,ip-172-31-28-138,ranking,benchANT
2026-08-12 11:08:10+00:00,system,n_cpus,4,dbms,08-2026,couchbase-802-vanilla-ee-medium-medium-aws,1,ip-172-31-28-138,ranking,benchANT
2026-08-12 11:08:20+00:00,system,n_cpus,4,dbms,08-2026,couchbase-802-vanilla-ee-medium-medium-aws,1,ip-172-31-28-138,ranking,benchANT
2026-08-12 11:08:30+00:00,system,n_cpus,4,dbms,08-2026,couchbase-802-vanilla-ee-medium-medium-aws,1,ip-172-31-28-138,ranking,benchANT
2026-08-12 11:08:40+00:00,system,n_cpus,4,dbms,08-2026,couchbase-802-vanilla-ee-medium-medium-aws,1,ip-172-31-28-138,ranking,benchANT
2026-08-12 11:08:50+00:00,system,n_cpus,4,dbms,08-2026,couchbase-802-vanilla-ee-medium-medium-aws,1,ip-172-31-28-138,ranking,benchANT
2026-08-12 11:09:00+00:00,system,n_cpus,4,dbms,08-2026,couchbase-802-vanilla-ee-medium-medium-aws,1,ip-172-31-28-138,ranking,benchANT
2026-08-12 11:09:10+00:00,system,n_cpus,4,dbms,08-2026,couchbase-802-vanilla-ee-medium-medium-aws,1,ip-172-31-28-138,ranking,benchANT
2026-08-12 11:09:20+00:00,system,n_cpus,4,dbms,08-2026,couchbase-802-vanilla-ee-medium-medium-aws,1,ip-172-31-28-138,ranking,benchANT
2026-08-12 11:09:30+00:00,system,n_cpus,4,dbms,08-2026,couchbase-802-vanilla-ee-medium-medium-aws,1,ip-172-31-28-138,ranking,benchANT
2026-08-12 11:09:40+00:00,system,n_cpus,4,dbms,08-2026,couchbase-802-vanilla-ee-medium-medium-aws,1,ip-172-31-28-138,ranking,benchANT
2026-08-12 11:09:50+00:00,system,n_cpus,4,dbms,08-2026,couchbase-802-vanilla-ee-medium-medium-aws,1,ip-172-31-28-138,ranking,benchANT
2026-08-12 11:10:00+00:00,system,n_cpus,4,dbms,08-2026,couchbase-802-vanilla-ee-medium-medium-aws,1,ip-172-31-28-138,ranking,benchANT
2026-08-12 11:10:10+00:00,system,n_cpus,4,dbms,08-2026,couchbase-802-vanilla-ee-medium-medium-aws,1,ip-172-31-28-138,ranking,benchANT
2026-08-12 11:10:20+00:00,system,n_cpus,4,dbms,08-2026,couchbase-802-vanilla-ee-medium-medium-aws,1,ip-172-31-28-138,ranking,benchANT
2026-08-12 11:10:30+00:00,system,n_cpus,4,dbms,08-2026,couchbase-802-vanilla-ee-medium-medium-aws,1,ip-172-31-28-138,ranking,benchANT
2026-08-12 11:10:40+00:00,system,n_cpus,4,dbms,08-2026,couchbase-802-vanilla-ee-medium-medium-aws,1,ip-172-31-28-138,ranking,benchANT
2026-08-12 11:10:50+00:00,system,n_cpus,4,dbms,08-2026,couchbase-802-vanilla-ee-medium-medium-aws,1,ip-172-31-28-138,ranking,benchANT
2026-08-12 11:11:00+00:00,system,n_cpus,4,dbms,08-2026,couchbase-802-vanilla-ee-medium-medium-aws,1,ip-172-31-28-138,ranking,benchANT
2026-08-12 11:11:10+00:00,system,n_cpus,4,dbms,08-2026,couchbase-802-vanilla-ee-medium-medium-aws,1,ip-172-31-28-138,ranking,benchANT
2026-08-12 11:11:20+00:00,system,n_cpus,4,dbms,08-2026,couchbase-802-vanilla-ee-medium-medium-aws,1,ip-172-31-28-138,ranking,benchANT
2026-08-12 11:11:30+00:00,system,n_cpus,4,dbms,08-2026,couchbase-802-vanilla-ee-medium-medium-aws,1,ip-172-31-28-138,ranking,benchANT
2026-08-12 11:11:40+00:00,system,n_cpus,4,dbms,08-2026,couchbase-802-vanilla-ee-medium-medium-aws,1,ip-172-31-28-138,ranking,benchANT
2026-08-12 11:11:50+00:00,system,n_cpus,4,dbms,08-2026,couchbase-802-vanilla-ee-medium-medium-aws,1,ip-172-31-28-138,ranking,benchANT
2026-08-12 11:12:00+00:00,system,n_cpus,4,dbms,08-2026,couchbase-802-vanilla-ee-medium-medium-aws,1,ip-172-31-28-138,ranking,benchANT
2026-08-12 11:12:10+00:00,system,n_cpus,4,dbms,08-2026,couchbase-802-vanilla-ee-medium-medium-aws,1,ip-172-31-28-138,ranking,benchANT
2026-08-12 11:12:20+00:00,system,n_cpus,4,dbms,08-2026,couchbase-802-vanilla-ee-medium-medium-aws,1,ip-172-31-28-138,ranking,benchANT
2026-08-12 11:12:30+00:00,system,n_cpus,4,dbms,08-2026,couchbase-802-vanilla-ee-medium-medium-aws,1,ip-172-31-28-138,ranking,benchANT
2026-08-12 11:12:40+00:00,system,n_cpus,4,dbms,08-2026,couchbase-802-vanilla-ee-medium-medium-aws,1,ip-172-31-28-138,ranking,benchANT
2026-08-12 11:12:50+00:00,system,n_cpus,4,dbms,08-2026,couchbase-802-vanilla-ee-medium-medium-aws,1,ip-172-31-28-138,ranking,benchANT
2026-08-12 11:13:00+00:00,system,n_cpus,4,dbms,08-2026,couchbase-802-vanilla-ee-medium-medium-aws,1,ip-172-31-28-138,ranking,benchANT
2026-08-12 11:13:10+00:00,system,n_cpus,4,dbms,08-2026,couchbase-802-vanilla-ee-medium-medium-aws,1,ip-172-31-28-138,ranking,benchANT
2026-08-12 11:13:20+00:00,system,n_cpus,4,dbms,08-2026,couchbase-802-vanilla-ee-medium-medium-aws,1,ip-172-31-28-138,ranking,benchANT
2026-08-12 11:13:30+00:00,system,n_cpus,4,dbms,08-2026,couchbase-802-vanilla-ee-medium-medium-aws,1,ip-172-31-28-138,ranking,benchANT
2026-08-12 11:13:40+00:00,system,n_cpus,4,dbms,08-2026,couchbase-802-vanilla-ee-medium-medium-aws,1,ip-172-31-28-138,ranking,benchANT
2026-08-12 11:13:50+00:00,system,n_cpus,4,dbms,08-2026,couchbase-802-vanilla-ee-medium-medium-aws,1,ip-172-31-28-138,ranking,benchANT
2026-08-12 11:14:00+00:00,system,n_cpus,4,dbms,08-2026,couchbase-802-vanilla-ee-medium-medium-aws,1,ip-172-31-28-138,ranking,benchANT
2026-08-12 11:14:10+00:00,system,n_cpus,4,dbms,08-2026,couchbase-802-vanilla-ee-medium-medium-aws,1,ip-172-31-28-138,ranking,benchANT
2026-08-12 11:14:20+00:00,system,n_cpus,4,dbms,08-2026,couchbase-802-vanilla-ee-medium-medium-aws,1,ip-172-31-28-138,ranking,benchANT
2026-08-12 11:14:30+00:00,system,n_cpus,4,dbms,08-2026,couchbase-802-vanilla-ee-medium-medium-aws,1,ip-172-31-28-138,ranking,benchANT
2026-08-12 11:14:40+00:00,system,n_cpus,4,dbms,08-2026,couchbase-802-vanilla-ee-medium-medium-aws,1,ip-172-31-28-138,ranking,benchANT
2026-08-12 11:14:50+00:00,system,n_cpus,4,dbms,08-2026,couchbase-802-vanilla-ee-medium-medium-aws,1,ip-172-31-28-138,ranking,benchANT
2026-08-12 11:15:00+00:00,system,n_cpus,4,dbms,08-2026,couchbase-802-vanilla-ee-medium-medium-aws,1,ip-172-31-28-138,ranking,benchANT
2026-08-12 11:15:10+00:00,system,n_cpus,4,dbms,08-2026,couchbase-802-vanilla-ee-medium-medium-aws,1,ip-172-31-28-138,ranking,benchANT
2026-08-12 11:15:20+00:00,system,n_cpus,4,dbms,08-2026,couchbase-802-vanilla-ee-medium-medium-aws,1,ip-172-31-28-138,ranking,benchANT
2026-08-12 11:15:30+00:00,system,n_cpus,4,dbms,08-2026,couchbase-802-vanilla-ee-medium-medium-aws,1,ip-172-31-28-138,ranking,benchANT
2026-08-12 11:15:40+00:00,system,n_cpus,4,dbms,08-2026,couchbase-802-vanilla-ee-medium-medium-aws,1,ip-172-31-28-138,ranking,benchANT
2026-08-12 11:15:50+00:00,system,n_cpus,4,dbms,08-2026,couchbase-802-vanilla-ee-medium-medium-aws,1,ip-172-31-28-138,ranking,benchANT
2026-08-12 11:03:30+00:00,system,n_users,0,dbms,08-2026,couchbase-802-vanilla-ee-medium-medium-aws,1,ip-172-31-28-138,ranking,benchANT
2026-08-12 11:03:40+00:00,system,n_users,0,dbms,08-2026,couchbase-802-vanilla-ee-medium-medium-aws,1,ip-172-31-28-138,ranking,benchANT
2026-08-12 11:03:50+00:00,system,n_users,0,dbms,08-2026,couchbase-802-vanilla-ee-medium-medium-aws,1,ip-172-31-28-138,ranking,benchANT
2026-08-12 11:04:00+00:00,system,n_users,0,dbms,08-2026,couchbase-802-vanilla-ee-medium-medium-aws,1,ip-172-31-28-138,ranking,benchANT
2026-08-12 11:04:10+00:00,system,n_users,0,dbms,08-2026,couchbase-802-vanilla-ee-medium-medium-aws,1,ip-172-31-28-138,ranking,benchANT
2026-08-12 11:04:20+00:00,system,n_users,0,dbms,08-2026,couchbase-802-vanilla-ee-medium-medium-aws,1,ip-172-31-28-138,ranking,benchANT
2026-08-12 11:04:30+00:00,system,n_users,0,dbms,08-2026,couchbase-802-vanilla-ee-medium-medium-aws,1,ip-172-31-28-138,ranking,benchANT
2026-08-12 11:04:40+00:00,system,n_users,0,dbms,08-2026,couchbase-802-vanilla-ee-medium-medium-aws,1,ip-172-31-28-138,ranking,benchANT
2026-08-12 11:04:50+00:00,system,n_users,0,dbms,08-2026,couchbase-802-vanilla-ee-medium-medium-aws,1,ip-172-31-28-138,ranking,benchANT
2026-08-12 11:05:00+00:00,system,n_users,0,dbms,08-2026,couchbase-802-vanilla-ee-medium-medium-aws,1,ip-172-31-28-138,ranking,benchANT
2026-08-12 11:05:10+00:00,system,n_users,0,dbms,08-2026,couchbase-802-vanilla-ee-medium-medium-aws,1,ip-172-31-28-138,ranking,benchANT
2026-08-12 11:05:20+00:00,system,n_users,0,dbms,08-2026,couchbase-802-vanilla-ee-medium-medium-aws,1,ip-172-31-28-138,ranking,benchANT
2026-08-12 11:05:30+00:00,system,n_users,0,dbms,08-2026,couchbase-802-vanilla-ee-medium-medium-aws,1,ip-172-31-28-138,ranking,benchANT
2026-08-12 11:05:40+00:00,system,n_users,0,dbms,08-2026,couchbase-802-vanilla-ee-medium-medium-aws,1,ip-172-31-28-138,ranking,benchANT
2026-08-12 11:05:50+00:00,system,n_users,0,dbms,08-2026,couchbase-802-vanilla-ee-medium-medium-aws,1,ip-172-31-28-138,ranking,benchANT
2026-08-12 11:06:00+00:00,system,n_users,0,dbms,08-2026,couchbase-802-vanilla-ee-medium-medium-aws,1,ip-172-31-28-138,ranking,benchANT
2026-08-12 11:06:10+00:00,system,n_users,0,dbms,08-2026,couchbase-802-vanilla-ee-medium-medium-aws,1,ip-172-31-28-138,ranking,benchANT
2026-08-12 11:06:20+00:00,system,n_users,0,dbms,08-2026,couchbase-802-vanilla-ee-medium-medium-aws,1,ip-172-31-28-138,ranking,benchANT
2026-08-12 11:06:30+00:00,system,n_users,0,dbms,08-2026,couchbase-802-vanilla-ee-medium-medium-aws,1,ip-172-31-28-138,ranking,benchANT
2026-08-12 11:06:40+00:00,system,n_users,0,dbms,08-2026,couchbase-802-vanilla-ee-medium-medium-aws,1,ip-172-31-28-138,ranking,benchANT
2026-08-12 11:06:50+00:00,system,n_users,0,dbms,08-2026,couchbase-802-vanilla-ee-medium-medium-aws,1,ip-172-31-28-138,ranking,benchANT
2026-08-12 11:07:00+00:00,system,n_users,0,dbms,08-2026,couchbase-802-vanilla-ee-medium-medium-aws,1,ip-172-31-28-138,ranking,benchANT
2026-08-12 11:07:10+00:00,system,n_users,0,dbms,08-2026,couchbase-802-vanilla-ee-medium-medium-aws,1,ip-172-31-28-138,ranking,benchANT
2026-08-12 11:07:20+00:00,system,n_users,0,dbms,08-2026,couchbase-802-vanilla-ee-medium-medium-aws,1,ip-172-31-28-138,ranking,benchANT
2026-08-12 11:07:30+00:00,system,n_users,0,dbms,08-2026,couchbase-802-vanilla-ee-medium-medium-aws,1,ip-172-31-28-138,ranking,benchANT
2026-08-12 11:07:40+00:00,system,n_users,0,dbms,08-2026,couchbase-802-vanilla-ee-medium-medium-aws,1,ip-172-31-28-138,ranking,benchANT
2026-08-12 11:07:50+00:00,system,n_users,0,dbms,08-2026,couchbase-802-vanilla-ee-medium-medium-aws,1,ip-172-31-28-138,ranking,benchANT
2026-08-12 11:08:00+00:00,system,n_users,0,dbms,08-2026,couchbase-802-vanilla-ee-medium-medium-aws,1,ip-172-31-28-138,ranking,benchANT
2026-08-12 11:08:10+00:00,system,n_users,0,dbms,08-2026,couchbase-802-vanilla-ee-medium-medium-aws,1,ip-172-31-28-138,ranking,benchANT
2026-08-12 11:08:20+00:00,system,n_users,0,dbms,08-2026,couchbase-802-vanilla-ee-medium-medium-aws,1,ip-172-31-28-138,ranking,benchANT
2026-08-12 11:08:30+00:00,system,n_users,0,dbms,08-2026,couchbase-802-vanilla-ee-medium-medium-aws,1,ip-172-31-28-138,ranking,benchANT
2026-08-12 11:08:40+00:00,system,n_users,0,dbms,08-2026,couchbase-802-vanilla-ee-medium-medium-aws,1,ip-172-31-28-138,ranking,benchANT
2026-08-12 11:08:50+00:00,system,n_users,0,dbms,08-2026,couchbase-802-vanilla-ee-medium-medium-aws,1,ip-172-31-28-138,ranking,benchANT
2026-08-12 11:09:00+00:00,system,n_users,0,dbms,08-2026,couchbase-802-vanilla-ee-medium-medium-aws,1,ip-172-31-28-138,ranking,benchANT
2026-08-12 11:09:10+00:00,system,n_users,0,dbms,08-2026,couchbase-802-vanilla-ee-medium-medium-aws,1,ip-172-31-28-138,ranking,benchANT
2026-08-12 11:09:20+00:00,system,n_users,0,dbms,08-2026,couchbase-802-vanilla-ee-medium-medium-aws,1,ip-172-31-28-138,ranking,benchANT
2026-08-12 11:09:30+00:00,system,n_users,0,dbms,08-2026,couchbase-802-vanilla-ee-medium-medium-aws,1,ip-172-31-28-138,ranking,benchANT
2026-08-12 11:09:40+00:00,system,n_users,0,dbms,08-2026,couchbase-802-vanilla-ee-medium-medium-aws,1,ip-172-31-28-138,ranking,benchANT
2026-08-12 11:09:50+00:00,system,n_users,0,dbms,08-2026,couchbase-802-vanilla-ee-medium-medium-aws,1,ip-172-31-28-138,ranking,benchANT
2026-08-12 11:10:00+00:00,system,n_users,0,dbms,08-2026,couchbase-802-vanilla-ee-medium-medium-aws,1,ip-172-31-28-138,ranking,benchANT
2026-08-12 11:10:10+00:00,system,n_users,0,dbms,08-2026,couchbase-802-vanilla-ee-medium-medium-aws,1,ip-172-31-28-138,ranking,benchANT
2026-08-12 11:10:20+00:00,system,n_users,0,dbms,08-2026,couchbase-802-vanilla-ee-medium-medium-aws,1,ip-172-31-28-138,ranking,benchANT
2026-08-12 11:10:30+00:00,system,n_users,0,dbms,08-2026,couchbase-802-vanilla-ee-medium-medium-aws,1,ip-172-31-28-138,ranking,benchANT
2026-08-12 11:10:40+00:00,system,n_users,0,dbms,08-2026,couchbase-802-vanilla-ee-medium-medium-aws,1,ip-172-31-28-138,ranking,benchANT
2026-08-12 11:10:50+00:00,system,n_users,0,dbms,08-2026,couchbase-802-vanilla-ee-medium-medium-aws,1,ip-172-31-28-138,ranking,benchANT
2026-08-12 11:11:00+00:00,system,n_users,0,dbms,08-2026,couchbase-802-vanilla-ee-medium-medium-aws,1,ip-172-31-28-138,ranking,benchANT
2026-08-12 11:11:10+00:00,system,n_users,0,dbms,08-2026,couchbase-802-vanilla-ee-medium-medium-aws,1,ip-172-31-28-138,ranking,benchANT
2026-08-12 11:11:20+00:00,system,n_users,0,dbms,08-2026,couchbase-802-vanilla-ee-medium-medium-aws,1,ip-172-31-28-138,ranking,benchANT
2026-08-12 11:11:30+00:00,system,n_users,0,dbms,08-2026,couchbase-802-vanilla-ee-medium-medium-aws,1,ip-172-31-28-138,ranking,benchANT
2026-08-12 11:11:40+00:00,system,n_users,0,dbms,08-2026,couchbase-802-vanilla-ee-medium-medium-aws,1,ip-172-31-28-138,ranking,benchANT
2026-08-12 11:11:50+00:00,system,n_users,0,dbms,08-2026,couchbase-802-vanilla-ee-medium-medium-aws,1,ip-172-31-28-138,ranking,benchANT
2026-08-12 11:12:00+00:00,system,n_users,0,dbms,08-2026,couchbase-802-vanilla-ee-medium-medium-aws,1,ip-172-31-28-138,ranking,benchANT
2026-08-12 11:12:10+00:00,system,n_users,0,dbms,08-2026,couchbase-802-vanilla-ee-medium-medium-aws,1,ip-172-31-28-138,ranking,benchANT
2026-08-12 11:12:20+00:00,system,n_users,0,dbms,08-2026,couchbase-802-vanilla-ee-medium-medium-aws,1,ip-172-31-28-138,ranking,benchANT
2026-08-12 11:12:30+00:00,system,n_users,0,dbms,08-2026,couchbase-802-vanilla-ee-medium-medium-aws,1,ip-172-31-28-138,ranking,benchANT
2026-08-12 11:12:40+00:00,system,n_users,0,dbms,08-2026,couchbase-802-vanilla-ee-medium-medium-aws,1,ip-172-31-28-138,ranking,benchANT
2026-08-12 11:12:50+00:00,system,n_users,0,dbms,08-2026,couchbase-802-vanilla-ee-medium-medium-aws,1,ip-172-31-28-138,ranking,benchANT
2026-08-12 11:13:00+00:00,system,n_users,0,dbms,08-2026,couchbase-802-vanilla-ee-medium-medium-aws,1,ip-172-31-28-138,ranking,benchANT
2026-08-12 11:13:10+00:00,system,n_users,0,dbms,08-2026,couchbase-802-vanilla-ee-medium-medium-aws,1,ip-172-31-28-138,ranking,benchANT
2026-08-12 11:13:20+00:00,system,n_users,0,dbms,08-2026,couchbase-802-vanilla-ee-medium-medium-aws,1,ip-172-31-28-138,ranking,benchANT
2026-08-12 11:13:30+00:00,system,n_users,0,dbms,08-2026,couchbase-802-vanilla-ee-medium-medium-aws,1,ip-172-31-28-138,ranking,benchANT
2026-08-12 11:13:40+00:00,system,n_users,0,dbms,08-2026,couchbase-802-vanilla-ee-medium-medium-aws,1,ip-172-31-28-138,ranking,benchANT
2026-08-12 11:13:50+00:00,system,n_users,0,dbms,08-2026,couchbase-802-vanilla-ee-medium-medium-aws,1,ip-172-31-28-138,ranking,benchANT
2026-08-12 11:14:00+00:00,system,n_users,0,dbms,08-2026,couchbase-802-vanilla-ee-medium-medium-aws,1,ip-172-31-28-138,ranking,benchANT
2026-08-12 11:14:10+00:00,system,n_users,0,dbms,08-2026,couchbase-802-vanilla-ee-medium-medium-aws,1,ip-172-31-28-138,ranking,benchANT
2026-08-12 11:14:20+00:00,system,n_users,0,dbms,08-2026,couchbase-802-vanilla-ee-medium-medium-aws,1,ip-172-31-28-138,ranking,benchANT
2026-08-12 11:14:30+00:00,system,n_users,0,dbms,08-2026,couchbase-802-vanilla-ee-medium-medium-aws,1,ip-172-31-28-138,ranking,benchANT
2026-08-12 11:14:40+00:00,system,n_users,0,dbms,08-2026,couchbase-802-vanilla-ee-medium-medium-aws,1,ip-172-31-28-138,ranking,benchANT
2026-08-12 11:14:50+00:00,system,n_users,0,dbms,08-2026,couchbase-802-vanilla-ee-medium-medium-aws,1,ip-172-31-28-138,ranking,benchANT
2026-08-12 11:15:00+00:00,system,n_users,0,dbms,08-2026,couchbase-802-vanilla-ee-medium-medium-aws,1,ip-172-31-28-138,ranking,benchANT
2026-08-12 11:15:10+00:00,system,n_users,0,dbms,08-2026,couchbase-802-vanilla-ee-medium-medium-aws,1,ip-172-31-28-138,ranking,benchANT
2026-08-12 11:15:20+00:00,system,n_users,0,dbms,08-2026,couchbase-802-vanilla-ee-medium-medium-aws,1,ip-172-31-28-138,ranking,benchANT
2026-08-12 11:15:30+00:00,system,n_users,0,dbms,08-2026,couchbase-802-vanilla-ee-medium-medium-aws,1,ip-172-31-28-138,ranking,benchANT
2026-08-12 11:15:40+00:00,system,n_users,0,dbms,08-2026,couchbase-802-vanilla-ee-medium-medium-aws,1,ip-172-31-28-138,ranking,benchANT
2026-08-12 11:15:50+00:00,system,n_users,0,dbms,08-2026,couchbase-802-vanilla-ee-medium-medium-aws,1,ip-172-31-28-138,ranking,benchANT
2026-08-12 11:03:30+00:00,system,uptime,925,dbms,08-2026,couchbase-802-vanilla-ee-medium-medium-aws,1,ip-172-31-28-138,ranking,benchANT
2026-08-12 11:03:40+00:00,system,uptime,935,dbms,08-2026,couchbase-802-vanilla-ee-medium-medium-aws,1,ip-172-31-28-138,ranking,benchANT
2026-08-12 11:03:50+00:00,system,uptime,945,dbms,08-2026,couchbase-802-vanilla-ee-medium-medium-aws,1,ip-172-31-28-138,ranking,benchANT
2026-08-12 11:04:00+00:00,system,uptime,955,dbms,08-2026,couchbase-802-vanilla-ee-medium-medium-aws,1,ip-172-31-28-138,ranking,benchANT
2026-08-12 11:04:10+00:00,system,uptime,965,dbms,08-2026,couchbase-802-vanilla-ee-medium-medium-aws,1,ip-172-31-28-138,ranking,benchANT
2026-08-12 11:04:20+00:00,system,uptime,975,dbms,08-2026,couchbase-802-vanilla-ee-medium-medium-aws,1,ip-172-31-28-138,ranking,benchANT
2026-08-12 11:04:30+00:00,system,uptime,985,dbms,08-2026,couchbase-802-vanilla-ee-medium-medium-aws,1,ip-172-31-28-138,ranking,benchANT
2026-08-12 11:04:40+00:00,system,uptime,995,dbms,08-2026,couchbase-802-vanilla-ee-medium-medium-aws,1,ip-172-31-28-138,ranking,benchANT
2026-08-12 11:04:50+00:00,system,uptime,1005,dbms,08-2026,couchbase-802-vanilla-ee-medium-medium-aws,1,ip-172-31-28-138,ranking,benchANT
2026-08-12 11:05:00+00:00,system,uptime,1015,dbms,08-2026,couchbase-802-vanilla-ee-medium-medium-aws,1,ip-172-31-28-138,ranking,benchANT
2026-08-12 11:05:10+00:00,system,uptime,1025,dbms,08-2026,couchbase-802-vanilla-ee-medium-medium-aws,1,ip-172-31-28-138,ranking,benchANT
2026-08-12 11:05:20+00:00,system,uptime,1035,dbms,08-2026,couchbase-802-vanilla-ee-medium-medium-aws,1,ip-172-31-28-138,ranking,benchANT
2026-08-12 11:05:30+00:00,system,uptime,1045,dbms,08-2026,couchbase-802-vanilla-ee-medium-medium-aws,1,ip-172-31-28-138,ranking,benchANT
2026-08-12 11:05:40+00:00,system,uptime,1055,dbms,08-2026,couchbase-802-vanilla-ee-medium-medium-aws,1,ip-172-31-28-138,ranking,benchANT
2026-08-12 11:05:50+00:00,system,uptime,1065,dbms,08-2026,couchbase-802-vanilla-ee-medium-medium-aws,1,ip-172-31-28-138,ranking,benchANT
2026-08-12 11:06:00+00:00,system,uptime,1075,dbms,08-2026,couchbase-802-vanilla-ee-medium-medium-aws,1,ip-172-31-28-138,ranking,benchANT
2026-08-12 11:06:10+00:00,system,uptime,1085,dbms,08-2026,couchbase-802-vanilla-ee-medium-medium-aws,1,ip-172-31-28-138,ranking,benchANT
2026-08-12 11:06:20+00:00,system,uptime,1095,dbms,08-2026,couchbase-802-vanilla-ee-medium-medium-aws,1,ip-172-31-28-138,ranking,benchANT
2026-08-12 11:06:30+00:00,system,uptime,1105,dbms,08-2026,couchbase-802-vanilla-ee-medium-medium-aws,1,ip-172-31-28-138,ranking,benchANT
2026-08-12 11:06:40+00:00,system,uptime,1115,dbms,08-2026,couchbase-802-vanilla-ee-medium-medium-aws,1,ip-172-31-28-138,ranking,benchANT
2026-08-12 11:06:50+00:00,system,uptime,1125,dbms,08-2026,couchbase-802-vanilla-ee-medium-medium-aws,1,ip-172-31-28-138,ranking,benchANT
2026-08-12 11:07:00+00:00,system,uptime,1135,dbms,08-2026,couchbase-802-vanilla-ee-medium-medium-aws,1,ip-172-31-28-138,ranking,benchANT
2026-08-12 11:07:10+00:00,system,uptime,1145,dbms,08-2026,couchbase-802-vanilla-ee-medium-medium-aws,1,ip-172-31-28-138,ranking,benchANT
2026-08-12 11:07:20+00:00,system,uptime,1155,dbms,08-2026,couchbase-802-vanilla-ee-medium-medium-aws,1,ip-172-31-28-138,ranking,benchANT
2026-08-12 11:07:30+00:00,system,uptime,1165,dbms,08-2026,couchbase-802-vanilla-ee-medium-medium-aws,1,ip-172-31-28-138,ranking,benchANT
2026-08-12 11:07:40+00:00,system,uptime,1175,dbms,08-2026,couchbase-802-vanilla-ee-medium-medium-aws,1,ip-172-31-28-138,ranking,benchANT
2026-08-12 11:07:50+00:00,system,uptime,1185,dbms,08-2026,couchbase-802-vanilla-ee-medium-medium-aws,1,ip-172-31-28-138,ranking,benchANT
2026-08-12 11:08:00+00:00,system,uptime,1195,dbms,08-2026,couchbase-802-vanilla-ee-medium-medium-aws,1,ip-172-31-28-138,ranking,benchANT
2026-08-12 11:08:10+00:00,system,uptime,1205,dbms,08-2026,couchbase-802-vanilla-ee-medium-medium-aws,1,ip-172-31-28-138,ranking,benchANT
2026-08-12 11:08:20+00:00,system,uptime,1215,dbms,08-2026,couchbase-802-vanilla-ee-medium-medium-aws,1,ip-172-31-28-138,ranking,benchANT
2026-08-12 11:08:30+00:00,system,uptime,1225,dbms,08-2026,couchbase-802-vanilla-ee-medium-medium-aws,1,ip-172-31-28-138,ranking,benchANT
2026-08-12 11:08:40+00:00,system,uptime,1235,dbms,08-2026,couchbase-802-vanilla-ee-medium-medium-aws,1,ip-172-31-28-138,ranking,benchANT
2026-08-12 11:08:50+00:00,system,uptime,1245,dbms,08-2026,couchbase-802-vanilla-ee-medium-medium-aws,1,ip-172-31-28-138,ranking,benchANT
2026-08-12 11:09:00+00:00,system,uptime,1255,dbms,08-2026,couchbase-802-vanilla-ee-medium-medium-aws,1,ip-172-31-28-138,ranking,benchANT
2026-08-12 11:09:10+00:00,system,uptime,1265,dbms,08-2026,couchbase-802-vanilla-ee-medium-medium-aws,1,ip-172-31-28-138,ranking,benchANT
2026-08-12 11:09:20+00:00,system,uptime,1275,dbms,08-2026,couchbase-802-vanilla-ee-medium-medium-aws,1,ip-172-31-28-138,ranking,benchANT
2026-08-12 11:09:30+00:00,system,uptime,1285,dbms,08-2026,couchbase-802-vanilla-ee-medium-medium-aws,1,ip-172-31-28-138,ranking,benchANT
2026-08-12 11:09:40+00:00,system,uptime,1295,dbms,08-2026,couchbase-802-vanilla-ee-medium-medium-aws,1,ip-172-31-28-138,ranking,benchANT
2026-08-12 11:09:50+00:00,system,uptime,1305,dbms,08-2026,couchbase-802-vanilla-ee-medium-medium-aws,1,ip-172-31-28-138,ranking,benchANT
2026-08-12 11:10:00+00:00,system,uptime,1315,dbms,08-2026,couchbase-802-vanilla-ee-medium-medium-aws,1,ip-172-31-28-138,ranking,benchANT
2026-08-12 11:10:10+00:00,system,uptime,1325,dbms,08-2026,couchbase-802-vanilla-ee-medium-medium-aws,1,ip-172-31-28-138,ranking,benchANT
2026-08-12 11:10:20+00:00,system,uptime,1335,dbms,08-2026,couchbase-802-vanilla-ee-medium-medium-aws,1,ip-172-31-28-138,ranking,benchANT
2026-08-12 11:10:30+00:00,system,uptime,1345,dbms,08-2026,couchbase-802-vanilla-ee-medium-medium-aws,1,ip-172-31-28-138,ranking,benchANT
2026-08-12 11:10:40+00:00,system,uptime,1355,dbms,08-2026,couchbase-802-vanilla-ee-medium-medium-aws,1,ip-172-31-28-138,ranking,benchANT
2026-08-12 11:10:50+00:00,system,uptime,1365,dbms,08-2026,couchbase-802-vanilla-ee-medium-medium-aws,1,ip-172-31-28-138,ranking,benchANT
2026-08-12 11:11:00+00:00,system,uptime,1375,dbms,08-2026,couchbase-802-vanilla-ee-medium-medium-aws,1,ip-172-31-28-138,ranking,benchANT
2026-08-12 11:11:10+00:00,system,uptime,1385,dbms,08-2026,couchbase-802-vanilla-ee-medium-medium-aws,1,ip-172-31-28-138,ranking,benchANT
2026-08-12 11:11:20+00:00,system,uptime,1395,dbms,08-2026,couchbase-802-vanilla-ee-medium-medium-aws,1,ip-172-31-28-138,ranking,benchANT
2026-08-12 11:11:30+00:00,system,uptime,1405,dbms,08-2026,couchbase-802-vanilla-ee-medium-medium-aws,1,ip-172-31-28-138,ranking,benchANT
2026-08-12 11:11:40+00:00,system,uptime,1415,dbms,08-2026,couchbase-802-vanilla-ee-medium-medium-aws,1,ip-172-31-28-138,ranking,benchANT
2026-08-12 11:11:50+00:00,system,uptime,1425,dbms,08-2026,couchbase-802-vanilla-ee-medium-medium-aws,1,ip-172-31-28-138,ranking,benchANT
2026-08-12 11:12:00+00:00,system,uptime,1435,dbms,08-2026,couchbase-802-vanilla-ee-medium-medium-aws,1,ip-172-31-28-138,ranking,benchANT
2026-08-12 11:12:10+00:00,system,uptime,1445,dbms,08-2026,couchbase-802-vanilla-ee-medium-medium-aws,1,ip-172-31-28-138,ranking,benchANT
2026-08-12 11:12:20+00:00,system,uptime,1455,dbms,08-2026,couchbase-802-vanilla-ee-medium-medium-aws,1,ip-172-31-28-138,ranking,benchANT
2026-08-12 11:12:30+00:00,system,uptime,1465,dbms,08-2026,couchbase-802-vanilla-ee-medium-medium-aws,1,ip-172-31-28-138,ranking,benchANT
2026-08-12 11:12:40+00:00,system,uptime,1475,dbms,08-2026,couchbase-802-vanilla-ee-medium-medium-aws,1,ip-172-31-28-138,ranking,benchANT
2026-08-12 11:12:50+00:00,system,uptime,1485,dbms,08-2026,couchbase-802-vanilla-ee-medium-medium-aws,1,ip-172-31-28-138,ranking,benchANT
2026-08-12 11:13:00+00:00,system,uptime,1495,dbms,08-2026,couchbase-802-vanilla-ee-medium-medium-aws,1,ip-172-31-28-138,ranking,benchANT
2026-08-12 11:13:10+00:00,system,uptime,1505,dbms,08-2026,couchbase-802-vanilla-ee-medium-medium-aws,1,ip-172-31-28-138,ranking,benchANT
2026-08-12 11:13:20+00:00,system,uptime,1515,dbms,08-2026,couchbase-802-vanilla-ee-medium-medium-aws,1,ip-172-31-28-138,ranking,benchANT
2026-08-12 11:13:30+00:00,system,uptime,1525,dbms,08-2026,couchbase-802-vanilla-ee-medium-medium-aws,1,ip-172-31-28-138,ranking,benchANT
2026-08-12 11:13:40+00:00,system,uptime,1535,dbms,08-2026,couchbase-802-vanilla-ee-medium-medium-aws,1,ip-172-31-28-138,ranking,benchANT
2026-08-12 11:13:50+00:00,system,uptime,1545,dbms,08-2026,couchbase-802-vanilla-ee-medium-medium-aws,1,ip-172-31-28-138,ranking,benchANT
2026-08-12 11:14:00+00:00,system,uptime,1555,dbms,08-2026,couchbase-802-vanilla-ee-medium-medium-aws,1,ip-172-31-28-138,ranking,benchANT
2026-08-12 11:14:10+00:00,system,uptime,1565,dbms,08-2026,couchbase-802-vanilla-ee-medium-medium-aws,1,ip-172-31-28-138,ranking,benchANT
2026-08-12 11:14:20+00:00,system,uptime,1575,dbms,08-2026,couchbase-802-vanilla-ee-medium-medium-aws,1,ip-172-31-28-138,ranking,benchANT
2026-08-12 11:14:30+00:00,system,uptime,1585,dbms,08-2026,couchbase-802-vanilla-ee-medium-medium-aws,1,ip-172-31-28-138,ranking,benchANT
2026-08-12 11:14:40+00:00,system,uptime,1595,dbms,08-2026,couchbase-802-vanilla-ee-medium-medium-aws,1,ip-172-31-28-138,ranking,benchANT
2026-08-12 11:14:50+00:00,system,uptime,1605,dbms,08-2026,couchbase-802-vanilla-ee-medium-medium-aws,1,ip-172-31-28-138,ranking,benchANT
2026-08-12 11:15:00+00:00,system,uptime,1615,dbms,08-2026,couchbase-802-vanilla-ee-medium-medium-aws,1,ip-172-31-28-138,ranking,benchANT
2026-08-12 11:15:10+00:00,system,uptime,1625,dbms,08-2026,couchbase-802-vanilla-ee-medium-medium-aws,1,ip-172-31-28-138,ranking,benchANT
2026-08-12 11:15:20+00:00,system,uptime,1635,dbms,08-2026,couchbase-802-vanilla-ee-medium-medium-aws,1,ip-172-31-28-138,ranking,benchANT
2026-08-12 11:15:30+00:00,system,uptime,1645,dbms,08-2026,couchbase-802-vanilla-ee-medium-medium-aws,1,ip-172-31-28-138,ranking,benchANT
2026-08-12 11:15:40+00:00,system,uptime,1655,dbms,08-2026,couchbase-802-vanilla-ee-medium-medium-aws,1,ip-172-31-28-138,ranking,benchANT
2026-08-12 11:15:50+00:00,system,uptime,1665,dbms,08-2026,couchbase-802-vanilla-ee-medium-medium-aws,1,ip-172-31-28-138,ranking,benchANT
2026-08-12 11:03:30+00:00,system,uptime_format, 0:15,dbms,08-2026,couchbase-802-vanilla-ee-medium-medium-aws,1,ip-172-31-28-138,ranking,benchANT
2026-08-12 11:03:40+00:00,system,uptime_format, 0:15,dbms,08-2026,couchbase-802-vanilla-ee-medium-medium-aws,1,ip-172-31-28-138,ranking,benchANT
2026-08-12 11:03:50+00:00,system,uptime_format, 0:15,dbms,08-2026,couchbase-802-vanilla-ee-medium-medium-aws,1,ip-172-31-28-138,ranking,benchANT
2026-08-12 11:04:00+00:00,system,uptime_format, 0:15,dbms,08-2026,couchbase-802-vanilla-ee-medium-medium-aws,1,ip-172-31-28-138,ranking,benchANT
2026-08-12 11:04:10+00:00,system,uptime_format, 0:16,dbms,08-2026,couchbase-802-vanilla-ee-medium-medium-aws,1,ip-172-31-28-138,ranking,benchANT
2026-08-12 11:04:20+00:00,system,uptime_format, 0:16,dbms,08-2026,couchbase-802-vanilla-ee-medium-medium-aws,1,ip-172-31-28-138,ranking,benchANT
2026-08-12 11:04:30+00:00,system,uptime_format, 0:16,dbms,08-2026,couchbase-802-vanilla-ee-medium-medium-aws,1,ip-172-31-28-138,ranking,benchANT
2026-08-12 11:04:40+00:00,system,uptime_format, 0:16,dbms,08-2026,couchbase-802-vanilla-ee-medium-medium-aws,1,ip-172-31-28-138,ranking,benchANT
2026-08-12 11:04:50+00:00,system,uptime_format, 0:16,dbms,08-2026,couchbase-802-vanilla-ee-medium-medium-aws,1,ip-172-31-28-138,ranking,benchANT
2026-08-12 11:05:00+00:00,system,uptime_format, 0:16,dbms,08-2026,couchbase-802-vanilla-ee-medium-medium-aws,1,ip-172-31-28-138,ranking,benchANT
2026-08-12 11:05:10+00:00,system,uptime_format, 0:17,dbms,08-2026,couchbase-802-vanilla-ee-medium-medium-aws,1,ip-172-31-28-138,ranking,benchANT
2026-08-12 11:05:20+00:00,system,uptime_format, 0:17,dbms,08-2026,couchbase-802-vanilla-ee-medium-medium-aws,1,ip-172-31-28-138,ranking,benchANT
2026-08-12 11:05:30+00:00,system,uptime_format, 0:17,dbms,08-2026,couchbase-802-vanilla-ee-medium-medium-aws,1,ip-172-31-28-138,ranking,benchANT
2026-08-12 11:05:40+00:00,system,uptime_format, 0:17,dbms,08-2026,couchbase-802-vanilla-ee-medium-medium-aws,1,ip-172-31-28-138,ranking,benchANT
2026-08-12 11:05:50+00:00,system,uptime_format, 0:17,dbms,08-2026,couchbase-802-vanilla-ee-medium-medium-aws,1,ip-172-31-28-138,ranking,benchANT
2026-08-12 11:06:00+00:00,system,uptime_format, 0:17,dbms,08-2026,couchbase-802-vanilla-ee-medium-medium-aws,1,ip-172-31-28-138,ranking,benchANT
2026-08-12 11:06:10+00:00,system,uptime_format, 0:18,dbms,08-2026,couchbase-802-vanilla-ee-medium-medium-aws,1,ip-172-31-28-138,ranking,benchANT
2026-08-12 11:06:20+00:00,system,uptime_format, 0:18,dbms,08-2026,couchbase-802-vanilla-ee-medium-medium-aws,1,ip-172-31-28-138,ranking,benchANT
2026-08-12 11:06:30+00:00,system,uptime_format, 0:18,dbms,08-2026,couchbase-802-vanilla-ee-medium-medium-aws,1,ip-172-31-28-138,ranking,benchANT
2026-08-12 11:06:40+00:00,system,uptime_format, 0:18,dbms,08-2026,couchbase-802-vanilla-ee-medium-medium-aws,1,ip-172-31-28-138,ranking,benchANT
2026-08-12 11:06:50+00:00,system,uptime_format, 0:18,dbms,08-2026,couchbase-802-vanilla-ee-medium-medium-aws,1,ip-172-31-28-138,ranking,benchANT
2026-08-12 11:07:00+00:00,system,uptime_format, 0:18,dbms,08-2026,couchbase-802-vanilla-ee-medium-medium-aws,1,ip-172-31-28-138,ranking,benchANT
2026-08-12 11:07:10+00:00,system,uptime_format, 0:19,dbms,08-2026,couchbase-802-vanilla-ee-medium-medium-aws,1,ip-172-31-28-138,ranking,benchANT
2026-08-12 11:07:20+00:00,system,uptime_format, 0:19,dbms,08-2026,couchbase-802-vanilla-ee-medium-medium-aws,1,ip-172-31-28-138,ranking,benchANT
2026-08-12 11:07:30+00:00,system,uptime_format, 0:19,dbms,08-2026,couchbase-802-vanilla-ee-medium-medium-aws,1,ip-172-31-28-138,ranking,benchANT
2026-08-12 11:07:40+00:00,system,uptime_format, 0:19,dbms,08-2026,couchbase-802-vanilla-ee-medium-medium-aws,1,ip-172-31-28-138,ranking,benchANT
2026-08-12 11:07:50+00:00,system,uptime_format, 0:19,dbms,08-2026,couchbase-802-vanilla-ee-medium-medium-aws,1,ip-172-31-28-138,ranking,benchANT
2026-08-12 11:08:00+00:00,system,uptime_format, 0:19,dbms,08-2026,couchbase-802-vanilla-ee-medium-medium-aws,1,ip-172-31-28-138,ranking,benchANT
2026-08-12 11:08:10+00:00,system,uptime_format, 0:20,dbms,08-2026,couchbase-802-vanilla-ee-medium-medium-aws,1,ip-172-31-28-138,ranking,benchANT
2026-08-12 11:08:20+00:00,system,uptime_format, 0:20,dbms,08-2026,couchbase-802-vanilla-ee-medium-medium-aws,1,ip-172-31-28-138,ranking,benchANT
2026-08-12 11:08:30+00:00,system,uptime_format, 0:20,dbms,08-2026,couchbase-802-vanilla-ee-medium-medium-aws,1,ip-172-31-28-138,ranking,benchANT
2026-08-12 11:08:40+00:00,system,uptime_format, 0:20,dbms,08-2026,couchbase-802-vanilla-ee-medium-medium-aws,1,ip-172-31-28-138,ranking,benchANT
2026-08-12 11:08:50+00:00,system,uptime_format, 0:20,dbms,08-2026,couchbase-802-vanilla-ee-medium-medium-aws,1,ip-172-31-28-138,ranking,benchANT
2026-08-12 11:09:00+00:00,system,uptime_format, 0:20,dbms,08-2026,couchbase-802-vanilla-ee-medium-medium-aws,1,ip-172-31-28-138,ranking,benchANT
2026-08-12 11:09:10+00:00,system,uptime_format, 0:21,dbms,08-2026,couchbase-802-vanilla-ee-medium-medium-aws,1,ip-172-31-28-138,ranking,benchANT
2026-08-12 11:09:20+00:00,system,uptime_format, 0:21,dbms,08-2026,couchbase-802-vanilla-ee-medium-medium-aws,1,ip-172-31-28-138,ranking,benchANT
2026-08-12 11:09:30+00:00,system,uptime_format, 0:21,dbms,08-2026,couchbase-802-vanilla-ee-medium-medium-aws,1,ip-172-31-28-138,ranking,benchANT
2026-08-12 11:09:40+00:00,system,uptime_format, 0:21,dbms,08-2026,couchbase-802-vanilla-ee-medium-medium-aws,1,ip-172-31-28-138,ranking,benchANT
2026-08-12 11:09:50+00:00,system,uptime_format, 0:21,dbms,08-2026,couchbase-802-vanilla-ee-medium-medium-aws,1,ip-172-31-28-138,ranking,benchANT
2026-08-12 11:10:00+00:00,system,uptime_format, 0:21,dbms,08-2026,couchbase-802-vanilla-ee-medium-medium-aws,1,ip-172-31-28-138,ranking,benchANT
2026-08-12 11:10:10+00:00,system,uptime_format, 0:22,dbms,08-2026,couchbase-802-vanilla-ee-medium-medium-aws,1,ip-172-31-28-138,ranking,benchANT
2026-08-12 11:10:20+00:00,system,uptime_format, 0:22,dbms,08-2026,couchbase-802-vanilla-ee-medium-medium-aws,1,ip-172-31-28-138,ranking,benchANT
2026-08-12 11:10:30+00:00,system,uptime_format, 0:22,dbms,08-2026,couchbase-802-vanilla-ee-medium-medium-aws,1,ip-172-31-28-138,ranking,benchANT
2026-08-12 11:10:40+00:00,system,uptime_format, 0:22,dbms,08-2026,couchbase-802-vanilla-ee-medium-medium-aws,1,ip-172-31-28-138,ranking,benchANT
2026-08-12 11:10:50+00:00,system,uptime_format, 0:22,dbms,08-2026,couchbase-802-vanilla-ee-medium-medium-aws,1,ip-172-31-28-138,ranking,benchANT
2026-08-12 11:11:00+00:00,system,uptime_format, 0:22,dbms,08-2026,couchbase-802-vanilla-ee-medium-medium-aws,1,ip-172-31-28-138,ranking,benchANT
2026-08-12 11:11:10+00:00,system,uptime_format, 0:23,dbms,08-2026,couchbase-802-vanilla-ee-medium-medium-aws,1,ip-172-31-28-138,ranking,benchANT
2026-08-12 11:11:20+00:00,system,uptime_format, 0:23,dbms,08-2026,couchbase-802-vanilla-ee-medium-medium-aws,1,ip-172-31-28-138,ranking,benchANT
2026-08-12 11:11:30+00:00,system,uptime_format, 0:23,dbms,08-2026,couchbase-802-vanilla-ee-medium-medium-aws,1,ip-172-31-28-138,ranking,benchANT
2026-08-12 11:11:40+00:00,system,uptime_format, 0:23,dbms,08-2026,couchbase-802-vanilla-ee-medium-medium-aws,1,ip-172-31-28-138,ranking,benchANT
2026-08-12 11:11:50+00:00,system,uptime_format, 0:23,dbms,08-2026,couchbase-802-vanilla-ee-medium-medium-aws,1,ip-172-31-28-138,ranking,benchANT
2026-08-12 11:12:00+00:00,system,uptime_format, 0:23,dbms,08-2026,couchbase-802-vanilla-ee-medium-medium-aws,1,ip-172-31-28-138,ranking,benchANT
2026-08-12 11:12:10+00:00,system,uptime_format, 0:24,dbms,08-2026,couchbase-802-vanilla-ee-medium-medium-aws,1,ip-172-31-28-138,ranking,benchANT
2026-08-12 11:12:20+00:00,system,uptime_format, 0:24,dbms,08-2026,couchbase-802-vanilla-ee-medium-medium-aws,1,ip-172-31-28-138,ranking,benchANT
2026-08-12 11:12:30+00:00,system,uptime_format, 0:24,dbms,08-2026,couchbase-802-vanilla-ee-medium-medium-aws,1,ip-172-31-28-138,ranking,benchANT
2026-08-12 11:12:40+00:00,system,uptime_format, 0:24,dbms,08-2026,couchbase-802-vanilla-ee-medium-medium-aws,1,ip-172-31-28-138,ranking,benchANT
2026-08-12 11:12:50+00:00,system,uptime_format, 0:24,dbms,08-2026,couchbase-802-vanilla-ee-medium-medium-aws,1,ip-172-31-28-138,ranking,benchANT
2026-08-12 11:13:00+00:00,system,uptime_format, 0:24,dbms,08-2026,couchbase-802-vanilla-ee-medium-medium-aws,1,ip-172-31-28-138,ranking,benchANT
2026-08-12 11:13:10+00:00,system,uptime_format, 0:25,dbms,08-2026,couchbase-802-vanilla-ee-medium-medium-aws,1,ip-172-31-28-138,ranking,benchANT
2026-08-12 11:13:20+00:00,system,uptime_format, 0:25,dbms,08-2026,couchbase-802-vanilla-ee-medium-medium-aws,1,ip-172-31-28-138,ranking,benchANT
2026-08-12 11:13:30+00:00,system,uptime_format, 0:25,dbms,08-2026,couchbase-802-vanilla-ee-medium-medium-aws,1,ip-172-31-28-138,ranking,benchANT
2026-08-12 11:13:40+00:00,system,uptime_format, 0:25,dbms,08-2026,couchbase-802-vanilla-ee-medium-medium-aws,1,ip-172-31-28-138,ranking,benchANT
2026-08-12 11:13:50+00:00,system,uptime_format, 0:25,dbms,08-2026,couchbase-802-vanilla-ee-medium-medium-aws,1,ip-172-31-28-138,ranking,benchANT
2026-08-12 11:14:00+00:00,system,uptime_format, 0:25,dbms,08-2026,couchbase-802-vanilla-ee-medium-medium-aws,1,ip-172-31-28-138,ranking,benchANT
2026-08-12 11:14:10+00:00,system,uptime_format, 0:26,dbms,08-2026,couchbase-802-vanilla-ee-medium-medium-aws,1,ip-172-31-28-138,ranking,benchANT
2026-08-12 11:14:20+00:00,system,uptime_format, 0:26,dbms,08-2026,couchbase-802-vanilla-ee-medium-medium-aws,1,ip-172-31-28-138,ranking,benchANT
2026-08-12 11:14:30+00:00,system,uptime_format, 0:26,dbms,08-2026,couchbase-802-vanilla-ee-medium-medium-aws,1,ip-172-31-28-138,ranking,benchANT
2026-08-12 11:14:40+00:00,system,uptime_format, 0:26,dbms,08-2026,couchbase-802-vanilla-ee-medium-medium-aws,1,ip-172-31-28-138,ranking,benchANT
2026-08-12 11:14:50+00:00,system,uptime_format, 0:26,dbms,08-2026,couchbase-802-vanilla-ee-medium-medium-aws,1,ip-172-31-28-138,ranking,benchANT
2026-08-12 11:15:00+00:00,system,uptime_format, 0:26,dbms,08-2026,couchbase-802-vanilla-ee-medium-medium-aws,1,ip-172-31-28-138,ranking,benchANT
2026-08-12 11:15:10+00:00,system,uptime_format, 0:27,dbms,08-2026,couchbase-802-vanilla-ee-medium-medium-aws,1,ip-172-31-28-138,ranking,benchANT
2026-08-12 11:15:20+00:00,system,uptime_format, 0:27,dbms,08-2026,couchbase-802-vanilla-ee-medium-medium-aws,1,ip-172-31-28-138,ranking,benchANT
2026-08-12 11:15:30+00:00,system,uptime_format, 0:27,dbms,08-2026,couchbase-802-vanilla-ee-medium-medium-aws,1,ip-172-31-28-138,ranking,benchANT
2026-08-12 11:15:40+00:00,system,uptime_format, 0:27,dbms,08-2026,couchbase-802-vanilla-ee-medium-medium-aws,1,ip-172-31-28-138,ranking,benchANT
2026-08-12 11:15:50+00:00,system,uptime_format, 0:27,dbms,08-2026,couchbase-802-vanilla-ee-medium-medium-aws,1,ip-172-31-28-138,ranking,benchANT
