time,measurement,field,value,application,batchId,configurationId,executionCounter,host,projectId,userId
2026-08-12 10:13:40+00:00,system,load1,0.06,dbms,08-2026,couchbase-802-vanilla-ce-medium-medium-aws,1,ip-172-31-22-87,ranking,benchANT
2026-08-12 10:13:50+00:00,system,load1,0.05,dbms,08-2026,couchbase-802-vanilla-ce-medium-medium-aws,1,ip-172-31-22-87,ranking,benchANT
2026-08-12 10:14:00+00:00,system,load1,0.04,dbms,08-2026,couchbase-802-vanilla-ce-medium-medium-aws,1,ip-172-31-22-87,ranking,benchANT
2026-08-12 10:14:10+00:00,system,load1,0.2,dbms,08-2026,couchbase-802-vanilla-ce-medium-medium-aws,1,ip-172-31-22-87,ranking,benchANT
2026-08-12 10:14:20+00:00,system,load1,0.47,dbms,08-2026,couchbase-802-vanilla-ce-medium-medium-aws,1,ip-172-31-22-87,ranking,benchANT
2026-08-12 10:14:30+00:00,system,load1,1.32,dbms,08-2026,couchbase-802-vanilla-ce-medium-medium-aws,1,ip-172-31-22-87,ranking,benchANT
2026-08-12 10:14:40+00:00,system,load1,2.03,dbms,08-2026,couchbase-802-vanilla-ce-medium-medium-aws,1,ip-172-31-22-87,ranking,benchANT
2026-08-12 10:14:50+00:00,system,load1,3.2,dbms,08-2026,couchbase-802-vanilla-ce-medium-medium-aws,1,ip-172-31-22-87,ranking,benchANT
2026-08-12 10:15:00+00:00,system,load1,4.55,dbms,08-2026,couchbase-802-vanilla-ce-medium-medium-aws,1,ip-172-31-22-87,ranking,benchANT
2026-08-12 10:15:10+00:00,system,load1,5.0,dbms,08-2026,couchbase-802-vanilla-ce-medium-medium-aws,1,ip-172-31-22-87,ranking,benchANT
2026-08-12 10:15:20+00:00,system,load1,5.75,dbms,08-2026,couchbase-802-vanilla-ce-medium-medium-aws,1,ip-172-31-22-87,ranking,benchANT
2026-08-12 10:15:30+00:00,system,load1,6.25,dbms,08-2026,couchbase-802-vanilla-ce-medium-medium-aws,1,ip-172-31-22-87,ranking,benchANT
2026-08-12 10:15:40+00:00,system,load1,6.81,dbms,08-2026,couchbase-802-vanilla-ce-medium-medium-aws,1,ip-172-31-22-87,ranking,benchANT
2026-08-12 10:15:50+00:00,system,load1,7.37,dbms,08-2026,couchbase-802-vanilla-ce-medium-medium-aws,1,ip-172-31-22-87,ranking,benchANT
2026-08-12 10:16:00+00:00,system,load1,8.06,dbms,08-2026,couchbase-802-vanilla-ce-medium-medium-aws,1,ip-172-31-22-87,ranking,benchANT
2026-08-12 10:16:10+00:00,system,load1,8.04,dbms,08-2026,couchbase-802-vanilla-ce-medium-medium-aws,1,ip-172-31-22-87,ranking,benchANT
2026-08-12 10:16:20+00:00,system,load1,8.42,dbms,08-2026,couchbase-802-vanilla-ce-medium-medium-aws,1,ip-172-31-22-87,ranking,benchANT
2026-08-12 10:16:30+00:00,system,load1,8.2,dbms,08-2026,couchbase-802-vanilla-ce-medium-medium-aws,1,ip-172-31-22-87,ranking,benchANT
2026-08-12 10:16:40+00:00,system,load1,8.17,dbms,08-2026,couchbase-802-vanilla-ce-medium-medium-aws,1,ip-172-31-22-87,ranking,benchANT
2026-08-12 10:16:50+00:00,system,load1,8.44,dbms,08-2026,couchbase-802-vanilla-ce-medium-medium-aws,1,ip-172-31-22-87,ranking,benchANT
2026-08-12 10:17:00+00:00,system,load1,8.53,dbms,08-2026,couchbase-802-vanilla-ce-medium-medium-aws,1,ip-172-31-22-87,ranking,benchANT
2026-08-12 10:17:10+00:00,system,load1,8.52,dbms,08-2026,couchbase-802-vanilla-ce-medium-medium-aws,1,ip-172-31-22-87,ranking,benchANT
2026-08-12 10:17:20+00:00,system,load1,8.83,dbms,08-2026,couchbase-802-vanilla-ce-medium-medium-aws,1,ip-172-31-22-87,ranking,benchANT
2026-08-12 10:17:30+00:00,system,load1,9.01,dbms,08-2026,couchbase-802-vanilla-ce-medium-medium-aws,1,ip-172-31-22-87,ranking,benchANT
2026-08-12 10:17:40+00:00,system,load1,8.93,dbms,08-2026,couchbase-802-vanilla-ce-medium-medium-aws,1,ip-172-31-22-87,ranking,benchANT
2026-08-12 10:17:50+00:00,system,load1,9.02,dbms,08-2026,couchbase-802-vanilla-ce-medium-medium-aws,1,ip-172-31-22-87,ranking,benchANT
2026-08-12 10:18:00+00:00,system,load1,8.86,dbms,08-2026,couchbase-802-vanilla-ce-medium-medium-aws,1,ip-172-31-22-87,ranking,benchANT
2026-08-12 10:18:10+00:00,system,load1,9.19,dbms,08-2026,couchbase-802-vanilla-ce-medium-medium-aws,1,ip-172-31-22-87,ranking,benchANT
2026-08-12 10:18:20+00:00,system,load1,8.99,dbms,08-2026,couchbase-802-vanilla-ce-medium-medium-aws,1,ip-172-31-22-87,ranking,benchANT
2026-08-12 10:18:30+00:00,system,load1,9.06,dbms,08-2026,couchbase-802-vanilla-ce-medium-medium-aws,1,ip-172-31-22-87,ranking,benchANT
2026-08-12 10:18:40+00:00,system,load1,9.2,dbms,08-2026,couchbase-802-vanilla-ce-medium-medium-aws,1,ip-172-31-22-87,ranking,benchANT
2026-08-12 10:18:50+00:00,system,load1,9.02,dbms,08-2026,couchbase-802-vanilla-ce-medium-medium-aws,1,ip-172-31-22-87,ranking,benchANT
2026-08-12 10:19:00+00:00,system,load1,9.09,dbms,08-2026,couchbase-802-vanilla-ce-medium-medium-aws,1,ip-172-31-22-87,ranking,benchANT
2026-08-12 10:19:10+00:00,system,load1,9.38,dbms,08-2026,couchbase-802-vanilla-ce-medium-medium-aws,1,ip-172-31-22-87,ranking,benchANT
2026-08-12 10:19:20+00:00,system,load1,9.47,dbms,08-2026,couchbase-802-vanilla-ce-medium-medium-aws,1,ip-172-31-22-87,ranking,benchANT
2026-08-12 10:19:30+00:00,system,load1,9.24,dbms,08-2026,couchbase-802-vanilla-ce-medium-medium-aws,1,ip-172-31-22-87,ranking,benchANT
2026-08-12 10:19:40+00:00,system,load1,9.19,dbms,08-2026,couchbase-802-vanilla-ce-medium-medium-aws,1,ip-172-31-22-87,ranking,benchANT
2026-08-12 10:19:50+00:00,system,load1,9.0,dbms,08-2026,couchbase-802-vanilla-ce-medium-medium-aws,1,ip-172-31-22-87,ranking,benchANT
2026-08-12 10:20:00+00:00,system,load1,9.16,dbms,08-2026,couchbase-802-vanilla-ce-medium-medium-aws,1,ip-172-31-22-87,ranking,benchANT
2026-08-12 10:20:10+00:00,system,load1,9.21,dbms,08-2026,couchbase-802-vanilla-ce-medium-medium-aws,1,ip-172-31-22-87,ranking,benchANT
2026-08-12 10:20:20+00:00,system,load1,9.02,dbms,08-2026,couchbase-802-vanilla-ce-medium-medium-aws,1,ip-172-31-22-87,ranking,benchANT
2026-08-12 10:20:30+00:00,system,load1,9.09,dbms,08-2026,couchbase-802-vanilla-ce-medium-medium-aws,1,ip-172-31-22-87,ranking,benchANT
2026-08-12 10:20:40+00:00,system,load1,9.17,dbms,08-2026,couchbase-802-vanilla-ce-medium-medium-aws,1,ip-172-31-22-87,ranking,benchANT
2026-08-12 10:20:50+00:00,system,load1,9.06,dbms,08-2026,couchbase-802-vanilla-ce-medium-medium-aws,1,ip-172-31-22-87,ranking,benchANT
2026-08-12 10:21:00+00:00,system,load1,8.89,dbms,08-2026,couchbase-802-vanilla-ce-medium-medium-aws,1,ip-172-31-22-87,ranking,benchANT
2026-08-12 10:21:10+00:00,system,load1,8.83,dbms,08-2026,couchbase-802-vanilla-ce-medium-medium-aws,1,ip-172-31-22-87,ranking,benchANT
2026-08-12 10:21:20+00:00,system,load1,8.78,dbms,08-2026,couchbase-802-vanilla-ce-medium-medium-aws,1,ip-172-31-22-87,ranking,benchANT
2026-08-12 10:21:30+00:00,system,load1,9.12,dbms,08-2026,couchbase-802-vanilla-ce-medium-medium-aws,1,ip-172-31-22-87,ranking,benchANT
2026-08-12 10:21:40+00:00,system,load1,8.94,dbms,08-2026,couchbase-802-vanilla-ce-medium-medium-aws,1,ip-172-31-22-87,ranking,benchANT
2026-08-12 10:21:50+00:00,system,load1,9.03,dbms,08-2026,couchbase-802-vanilla-ce-medium-medium-aws,1,ip-172-31-22-87,ranking,benchANT
2026-08-12 10:22:00+00:00,system,load1,9.03,dbms,08-2026,couchbase-802-vanilla-ce-medium-medium-aws,1,ip-172-31-22-87,ranking,benchANT
2026-08-12 10:22:10+00:00,system,load1,9.02,dbms,08-2026,couchbase-802-vanilla-ce-medium-medium-aws,1,ip-172-31-22-87,ranking,benchANT
2026-08-12 10:22:20+00:00,system,load1,9.1,dbms,08-2026,couchbase-802-vanilla-ce-medium-medium-aws,1,ip-172-31-22-87,ranking,benchANT
2026-08-12 10:22:30+00:00,system,load1,9.07,dbms,08-2026,couchbase-802-vanilla-ce-medium-medium-aws,1,ip-172-31-22-87,ranking,benchANT
2026-08-12 10:22:40+00:00,system,load1,9.05,dbms,08-2026,couchbase-802-vanilla-ce-medium-medium-aws,1,ip-172-31-22-87,ranking,benchANT
2026-08-12 10:22:50+00:00,system,load1,9.28,dbms,08-2026,couchbase-802-vanilla-ce-medium-medium-aws,1,ip-172-31-22-87,ranking,benchANT
2026-08-12 10:23:00+00:00,system,load1,9.15,dbms,08-2026,couchbase-802-vanilla-ce-medium-medium-aws,1,ip-172-31-22-87,ranking,benchANT
2026-08-12 10:23:10+00:00,system,load1,9.28,dbms,08-2026,couchbase-802-vanilla-ce-medium-medium-aws,1,ip-172-31-22-87,ranking,benchANT
2026-08-12 10:23:20+00:00,system,load1,9.38,dbms,08-2026,couchbase-802-vanilla-ce-medium-medium-aws,1,ip-172-31-22-87,ranking,benchANT
2026-08-12 10:23:30+00:00,system,load1,9.32,dbms,08-2026,couchbase-802-vanilla-ce-medium-medium-aws,1,ip-172-31-22-87,ranking,benchANT
2026-08-12 10:23:40+00:00,system,load1,9.19,dbms,08-2026,couchbase-802-vanilla-ce-medium-medium-aws,1,ip-172-31-22-87,ranking,benchANT
2026-08-12 10:23:50+00:00,system,load1,9.31,dbms,08-2026,couchbase-802-vanilla-ce-medium-medium-aws,1,ip-172-31-22-87,ranking,benchANT
2026-08-12 10:24:00+00:00,system,load1,9.65,dbms,08-2026,couchbase-802-vanilla-ce-medium-medium-aws,1,ip-172-31-22-87,ranking,benchANT
2026-08-12 10:24:10+00:00,system,load1,9.4,dbms,08-2026,couchbase-802-vanilla-ce-medium-medium-aws,1,ip-172-31-22-87,ranking,benchANT
2026-08-12 10:24:20+00:00,system,load1,9.8,dbms,08-2026,couchbase-802-vanilla-ce-medium-medium-aws,1,ip-172-31-22-87,ranking,benchANT
2026-08-12 10:24:30+00:00,system,load1,9.67,dbms,08-2026,couchbase-802-vanilla-ce-medium-medium-aws,1,ip-172-31-22-87,ranking,benchANT
2026-08-12 10:24:40+00:00,system,load1,9.5,dbms,08-2026,couchbase-802-vanilla-ce-medium-medium-aws,1,ip-172-31-22-87,ranking,benchANT
2026-08-12 10:24:50+00:00,system,load1,9.34,dbms,08-2026,couchbase-802-vanilla-ce-medium-medium-aws,1,ip-172-31-22-87,ranking,benchANT
2026-08-12 10:25:00+00:00,system,load1,9.06,dbms,08-2026,couchbase-802-vanilla-ce-medium-medium-aws,1,ip-172-31-22-87,ranking,benchANT
2026-08-12 10:25:10+00:00,system,load1,9.27,dbms,08-2026,couchbase-802-vanilla-ce-medium-medium-aws,1,ip-172-31-22-87,ranking,benchANT
2026-08-12 10:25:20+00:00,system,load1,9.68,dbms,08-2026,couchbase-802-vanilla-ce-medium-medium-aws,1,ip-172-31-22-87,ranking,benchANT
2026-08-12 10:25:30+00:00,system,load1,9.74,dbms,08-2026,couchbase-802-vanilla-ce-medium-medium-aws,1,ip-172-31-22-87,ranking,benchANT
2026-08-12 10:25:40+00:00,system,load1,10.01,dbms,08-2026,couchbase-802-vanilla-ce-medium-medium-aws,1,ip-172-31-22-87,ranking,benchANT
2026-08-12 10:25:50+00:00,system,load1,10.09,dbms,08-2026,couchbase-802-vanilla-ce-medium-medium-aws,1,ip-172-31-22-87,ranking,benchANT
2026-08-12 10:26:00+00:00,system,load1,10.0,dbms,08-2026,couchbase-802-vanilla-ce-medium-medium-aws,1,ip-172-31-22-87,ranking,benchANT
2026-08-12 10:26:10+00:00,system,load1,10.07,dbms,08-2026,couchbase-802-vanilla-ce-medium-medium-aws,1,ip-172-31-22-87,ranking,benchANT
2026-08-12 10:26:20+00:00,system,load1,9.64,dbms,08-2026,couchbase-802-vanilla-ce-medium-medium-aws,1,ip-172-31-22-87,ranking,benchANT
2026-08-12 10:13:40+00:00,system,load15,0.74,dbms,08-2026,couchbase-802-vanilla-ce-medium-medium-aws,1,ip-172-31-22-87,ranking,benchANT
2026-08-12 10:13:50+00:00,system,load15,0.73,dbms,08-2026,couchbase-802-vanilla-ce-medium-medium-aws,1,ip-172-31-22-87,ranking,benchANT
2026-08-12 10:14:00+00:00,system,load15,0.72,dbms,08-2026,couchbase-802-vanilla-ce-medium-medium-aws,1,ip-172-31-22-87,ranking,benchANT
2026-08-12 10:14:10+00:00,system,load15,0.72,dbms,08-2026,couchbase-802-vanilla-ce-medium-medium-aws,1,ip-172-31-22-87,ranking,benchANT
2026-08-12 10:14:20+00:00,system,load15,0.74,dbms,08-2026,couchbase-802-vanilla-ce-medium-medium-aws,1,ip-172-31-22-87,ranking,benchANT
2026-08-12 10:14:30+00:00,system,load15,0.8,dbms,08-2026,couchbase-802-vanilla-ce-medium-medium-aws,1,ip-172-31-22-87,ranking,benchANT
2026-08-12 10:14:40+00:00,system,load15,0.85,dbms,08-2026,couchbase-802-vanilla-ce-medium-medium-aws,1,ip-172-31-22-87,ranking,benchANT
2026-08-12 10:14:50+00:00,system,load15,0.95,dbms,08-2026,couchbase-802-vanilla-ce-medium-medium-aws,1,ip-172-31-22-87,ranking,benchANT
2026-08-12 10:15:00+00:00,system,load15,1.06,dbms,08-2026,couchbase-802-vanilla-ce-medium-medium-aws,1,ip-172-31-22-87,ranking,benchANT
2026-08-12 10:15:10+00:00,system,load15,1.13,dbms,08-2026,couchbase-802-vanilla-ce-medium-medium-aws,1,ip-172-31-22-87,ranking,benchANT
2026-08-12 10:15:20+00:00,system,load15,1.23,dbms,08-2026,couchbase-802-vanilla-ce-medium-medium-aws,1,ip-172-31-22-87,ranking,benchANT
2026-08-12 10:15:30+00:00,system,load15,1.31,dbms,08-2026,couchbase-802-vanilla-ce-medium-medium-aws,1,ip-172-31-22-87,ranking,benchANT
2026-08-12 10:15:40+00:00,system,load15,1.41,dbms,08-2026,couchbase-802-vanilla-ce-medium-medium-aws,1,ip-172-31-22-87,ranking,benchANT
2026-08-12 10:15:50+00:00,system,load15,1.5,dbms,08-2026,couchbase-802-vanilla-ce-medium-medium-aws,1,ip-172-31-22-87,ranking,benchANT
2026-08-12 10:16:00+00:00,system,load15,1.62,dbms,08-2026,couchbase-802-vanilla-ce-medium-medium-aws,1,ip-172-31-22-87,ranking,benchANT
2026-08-12 10:16:10+00:00,system,load15,1.68,dbms,08-2026,couchbase-802-vanilla-ce-medium-medium-aws,1,ip-172-31-22-87,ranking,benchANT
2026-08-12 10:16:20+00:00,system,load15,1.78,dbms,08-2026,couchbase-802-vanilla-ce-medium-medium-aws,1,ip-172-31-22-87,ranking,benchANT
2026-08-12 10:16:30+00:00,system,load15,1.84,dbms,08-2026,couchbase-802-vanilla-ce-medium-medium-aws,1,ip-172-31-22-87,ranking,benchANT
2026-08-12 10:16:40+00:00,system,load15,1.9,dbms,08-2026,couchbase-802-vanilla-ce-medium-medium-aws,1,ip-172-31-22-87,ranking,benchANT
2026-08-12 10:16:50+00:00,system,load15,1.99,dbms,08-2026,couchbase-802-vanilla-ce-medium-medium-aws,1,ip-172-31-22-87,ranking,benchANT
2026-08-12 10:17:00+00:00,system,load15,2.07,dbms,08-2026,couchbase-802-vanilla-ce-medium-medium-aws,1,ip-172-31-22-87,ranking,benchANT
2026-08-12 10:17:10+00:00,system,load15,2.14,dbms,08-2026,couchbase-802-vanilla-ce-medium-medium-aws,1,ip-172-31-22-87,ranking,benchANT
2026-08-12 10:17:20+00:00,system,load15,2.23,dbms,08-2026,couchbase-802-vanilla-ce-medium-medium-aws,1,ip-172-31-22-87,ranking,benchANT
2026-08-12 10:17:30+00:00,system,load15,2.31,dbms,08-2026,couchbase-802-vanilla-ce-medium-medium-aws,1,ip-172-31-22-87,ranking,benchANT
2026-08-12 10:17:40+00:00,system,load15,2.38,dbms,08-2026,couchbase-802-vanilla-ce-medium-medium-aws,1,ip-172-31-22-87,ranking,benchANT
2026-08-12 10:17:50+00:00,system,load15,2.45,dbms,08-2026,couchbase-802-vanilla-ce-medium-medium-aws,1,ip-172-31-22-87,ranking,benchANT
2026-08-12 10:18:00+00:00,system,load15,2.51,dbms,08-2026,couchbase-802-vanilla-ce-medium-medium-aws,1,ip-172-31-22-87,ranking,benchANT
2026-08-12 10:18:10+00:00,system,load15,2.6,dbms,08-2026,couchbase-802-vanilla-ce-medium-medium-aws,1,ip-172-31-22-87,ranking,benchANT
2026-08-12 10:18:20+00:00,system,load15,2.66,dbms,08-2026,couchbase-802-vanilla-ce-medium-medium-aws,1,ip-172-31-22-87,ranking,benchANT
2026-08-12 10:18:30+00:00,system,load15,2.74,dbms,08-2026,couchbase-802-vanilla-ce-medium-medium-aws,1,ip-172-31-22-87,ranking,benchANT
2026-08-12 10:18:40+00:00,system,load15,2.81,dbms,08-2026,couchbase-802-vanilla-ce-medium-medium-aws,1,ip-172-31-22-87,ranking,benchANT
2026-08-12 10:18:50+00:00,system,load15,2.87,dbms,08-2026,couchbase-802-vanilla-ce-medium-medium-aws,1,ip-172-31-22-87,ranking,benchANT
2026-08-12 10:19:00+00:00,system,load15,2.94,dbms,08-2026,couchbase-802-vanilla-ce-medium-medium-aws,1,ip-172-31-22-87,ranking,benchANT
2026-08-12 10:19:10+00:00,system,load15,3.03,dbms,08-2026,couchbase-802-vanilla-ce-medium-medium-aws,1,ip-172-31-22-87,ranking,benchANT
2026-08-12 10:19:20+00:00,system,load15,3.1,dbms,08-2026,couchbase-802-vanilla-ce-medium-medium-aws,1,ip-172-31-22-87,ranking,benchANT
2026-08-12 10:19:30+00:00,system,load15,3.16,dbms,08-2026,couchbase-802-vanilla-ce-medium-medium-aws,1,ip-172-31-22-87,ranking,benchANT
2026-08-12 10:19:40+00:00,system,load15,3.22,dbms,08-2026,couchbase-802-vanilla-ce-medium-medium-aws,1,ip-172-31-22-87,ranking,benchANT
2026-08-12 10:19:50+00:00,system,load15,3.27,dbms,08-2026,couchbase-802-vanilla-ce-medium-medium-aws,1,ip-172-31-22-87,ranking,benchANT
2026-08-12 10:20:00+00:00,system,load15,3.34,dbms,08-2026,couchbase-802-vanilla-ce-medium-medium-aws,1,ip-172-31-22-87,ranking,benchANT
2026-08-12 10:20:10+00:00,system,load15,3.41,dbms,08-2026,couchbase-802-vanilla-ce-medium-medium-aws,1,ip-172-31-22-87,ranking,benchANT
2026-08-12 10:20:20+00:00,system,load15,3.46,dbms,08-2026,couchbase-802-vanilla-ce-medium-medium-aws,1,ip-172-31-22-87,ranking,benchANT
2026-08-12 10:20:30+00:00,system,load15,3.53,dbms,08-2026,couchbase-802-vanilla-ce-medium-medium-aws,1,ip-172-31-22-87,ranking,benchANT
2026-08-12 10:20:40+00:00,system,load15,3.59,dbms,08-2026,couchbase-802-vanilla-ce-medium-medium-aws,1,ip-172-31-22-87,ranking,benchANT
2026-08-12 10:20:50+00:00,system,load15,3.64,dbms,08-2026,couchbase-802-vanilla-ce-medium-medium-aws,1,ip-172-31-22-87,ranking,benchANT
2026-08-12 10:21:00+00:00,system,load15,3.69,dbms,08-2026,couchbase-802-vanilla-ce-medium-medium-aws,1,ip-172-31-22-87,ranking,benchANT
2026-08-12 10:21:10+00:00,system,load15,3.74,dbms,08-2026,couchbase-802-vanilla-ce-medium-medium-aws,1,ip-172-31-22-87,ranking,benchANT
2026-08-12 10:21:20+00:00,system,load15,3.79,dbms,08-2026,couchbase-802-vanilla-ce-medium-medium-aws,1,ip-172-31-22-87,ranking,benchANT
2026-08-12 10:21:30+00:00,system,load15,3.87,dbms,08-2026,couchbase-802-vanilla-ce-medium-medium-aws,1,ip-172-31-22-87,ranking,benchANT
2026-08-12 10:21:40+00:00,system,load15,3.92,dbms,08-2026,couchbase-802-vanilla-ce-medium-medium-aws,1,ip-172-31-22-87,ranking,benchANT
2026-08-12 10:21:50+00:00,system,load15,3.98,dbms,08-2026,couchbase-802-vanilla-ce-medium-medium-aws,1,ip-172-31-22-87,ranking,benchANT
2026-08-12 10:22:00+00:00,system,load15,4.03,dbms,08-2026,couchbase-802-vanilla-ce-medium-medium-aws,1,ip-172-31-22-87,ranking,benchANT
2026-08-12 10:22:10+00:00,system,load15,4.08,dbms,08-2026,couchbase-802-vanilla-ce-medium-medium-aws,1,ip-172-31-22-87,ranking,benchANT
2026-08-12 10:22:20+00:00,system,load15,4.14,dbms,08-2026,couchbase-802-vanilla-ce-medium-medium-aws,1,ip-172-31-22-87,ranking,benchANT
2026-08-12 10:22:30+00:00,system,load15,4.2,dbms,08-2026,couchbase-802-vanilla-ce-medium-medium-aws,1,ip-172-31-22-87,ranking,benchANT
2026-08-12 10:22:40+00:00,system,load15,4.25,dbms,08-2026,couchbase-802-vanilla-ce-medium-medium-aws,1,ip-172-31-22-87,ranking,benchANT
2026-08-12 10:22:50+00:00,system,load15,4.31,dbms,08-2026,couchbase-802-vanilla-ce-medium-medium-aws,1,ip-172-31-22-87,ranking,benchANT
2026-08-12 10:23:00+00:00,system,load15,4.36,dbms,08-2026,couchbase-802-vanilla-ce-medium-medium-aws,1,ip-172-31-22-87,ranking,benchANT
2026-08-12 10:23:10+00:00,system,load15,4.42,dbms,08-2026,couchbase-802-vanilla-ce-medium-medium-aws,1,ip-172-31-22-87,ranking,benchANT
2026-08-12 10:23:20+00:00,system,load15,4.48,dbms,08-2026,couchbase-802-vanilla-ce-medium-medium-aws,1,ip-172-31-22-87,ranking,benchANT
2026-08-12 10:23:30+00:00,system,load15,4.53,dbms,08-2026,couchbase-802-vanilla-ce-medium-medium-aws,1,ip-172-31-22-87,ranking,benchANT
2026-08-12 10:23:40+00:00,system,load15,4.57,dbms,08-2026,couchbase-802-vanilla-ce-medium-medium-aws,1,ip-172-31-22-87,ranking,benchANT
2026-08-12 10:23:50+00:00,system,load15,4.63,dbms,08-2026,couchbase-802-vanilla-ce-medium-medium-aws,1,ip-172-31-22-87,ranking,benchANT
2026-08-12 10:24:00+00:00,system,load15,4.71,dbms,08-2026,couchbase-802-vanilla-ce-medium-medium-aws,1,ip-172-31-22-87,ranking,benchANT
2026-08-12 10:24:10+00:00,system,load15,4.74,dbms,08-2026,couchbase-802-vanilla-ce-medium-medium-aws,1,ip-172-31-22-87,ranking,benchANT
2026-08-12 10:24:20+00:00,system,load15,4.82,dbms,08-2026,couchbase-802-vanilla-ce-medium-medium-aws,1,ip-172-31-22-87,ranking,benchANT
2026-08-12 10:24:30+00:00,system,load15,4.87,dbms,08-2026,couchbase-802-vanilla-ce-medium-medium-aws,1,ip-172-31-22-87,ranking,benchANT
2026-08-12 10:24:40+00:00,system,load15,4.9,dbms,08-2026,couchbase-802-vanilla-ce-medium-medium-aws,1,ip-172-31-22-87,ranking,benchANT
2026-08-12 10:24:50+00:00,system,load15,4.94,dbms,08-2026,couchbase-802-vanilla-ce-medium-medium-aws,1,ip-172-31-22-87,ranking,benchANT
2026-08-12 10:25:00+00:00,system,load15,4.97,dbms,08-2026,couchbase-802-vanilla-ce-medium-medium-aws,1,ip-172-31-22-87,ranking,benchANT
2026-08-12 10:25:10+00:00,system,load15,5.03,dbms,08-2026,couchbase-802-vanilla-ce-medium-medium-aws,1,ip-172-31-22-87,ranking,benchANT
2026-08-12 10:25:20+00:00,system,load15,5.11,dbms,08-2026,couchbase-802-vanilla-ce-medium-medium-aws,1,ip-172-31-22-87,ranking,benchANT
2026-08-12 10:25:30+00:00,system,load15,5.16,dbms,08-2026,couchbase-802-vanilla-ce-medium-medium-aws,1,ip-172-31-22-87,ranking,benchANT
2026-08-12 10:25:40+00:00,system,load15,5.23,dbms,08-2026,couchbase-802-vanilla-ce-medium-medium-aws,1,ip-172-31-22-87,ranking,benchANT
2026-08-12 10:25:50+00:00,system,load15,5.28,dbms,08-2026,couchbase-802-vanilla-ce-medium-medium-aws,1,ip-172-31-22-87,ranking,benchANT
2026-08-12 10:26:00+00:00,system,load15,5.33,dbms,08-2026,couchbase-802-vanilla-ce-medium-medium-aws,1,ip-172-31-22-87,ranking,benchANT
2026-08-12 10:26:10+00:00,system,load15,5.39,dbms,08-2026,couchbase-802-vanilla-ce-medium-medium-aws,1,ip-172-31-22-87,ranking,benchANT
2026-08-12 10:26:20+00:00,system,load15,5.41,dbms,08-2026,couchbase-802-vanilla-ce-medium-medium-aws,1,ip-172-31-22-87,ranking,benchANT
2026-08-12 10:13:40+00:00,system,load5,0.95,dbms,08-2026,couchbase-802-vanilla-ce-medium-medium-aws,1,ip-172-31-22-87,ranking,benchANT
2026-08-12 10:13:50+00:00,system,load5,0.92,dbms,08-2026,couchbase-802-vanilla-ce-medium-medium-aws,1,ip-172-31-22-87,ranking,benchANT
2026-08-12 10:14:00+00:00,system,load5,0.89,dbms,08-2026,couchbase-802-vanilla-ce-medium-medium-aws,1,ip-172-31-22-87,ranking,benchANT
2026-08-12 10:14:10+00:00,system,load5,0.89,dbms,08-2026,couchbase-802-vanilla-ce-medium-medium-aws,1,ip-172-31-22-87,ranking,benchANT
2026-08-12 10:14:20+00:00,system,load5,0.93,dbms,08-2026,couchbase-802-vanilla-ce-medium-medium-aws,1,ip-172-31-22-87,ranking,benchANT
2026-08-12 10:14:30+00:00,system,load5,1.1,dbms,08-2026,couchbase-802-vanilla-ce-medium-medium-aws,1,ip-172-31-22-87,ranking,benchANT
2026-08-12 10:14:40+00:00,system,load5,1.26,dbms,08-2026,couchbase-802-vanilla-ce-medium-medium-aws,1,ip-172-31-22-87,ranking,benchANT
2026-08-12 10:14:50+00:00,system,load5,1.53,dbms,08-2026,couchbase-802-vanilla-ce-medium-medium-aws,1,ip-172-31-22-87,ranking,benchANT
2026-08-12 10:15:00+00:00,system,load5,1.88,dbms,08-2026,couchbase-802-vanilla-ce-medium-medium-aws,1,ip-172-31-22-87,ranking,benchANT
2026-08-12 10:15:10+00:00,system,load5,2.06,dbms,08-2026,couchbase-802-vanilla-ce-medium-medium-aws,1,ip-172-31-22-87,ranking,benchANT
2026-08-12 10:15:20+00:00,system,load5,2.32,dbms,08-2026,couchbase-802-vanilla-ce-medium-medium-aws,1,ip-172-31-22-87,ranking,benchANT
2026-08-12 10:15:30+00:00,system,load5,2.54,dbms,08-2026,couchbase-802-vanilla-ce-medium-medium-aws,1,ip-172-31-22-87,ranking,benchANT
2026-08-12 10:15:40+00:00,system,load5,2.79,dbms,08-2026,couchbase-802-vanilla-ce-medium-medium-aws,1,ip-172-31-22-87,ranking,benchANT
2026-08-12 10:15:50+00:00,system,load5,3.04,dbms,08-2026,couchbase-802-vanilla-ce-medium-medium-aws,1,ip-172-31-22-87,ranking,benchANT
2026-08-12 10:16:00+00:00,system,load5,3.34,dbms,08-2026,couchbase-802-vanilla-ce-medium-medium-aws,1,ip-172-31-22-87,ranking,benchANT
2026-08-12 10:16:10+00:00,system,load5,3.49,dbms,08-2026,couchbase-802-vanilla-ce-medium-medium-aws,1,ip-172-31-22-87,ranking,benchANT
2026-08-12 10:16:20+00:00,system,load5,3.72,dbms,08-2026,couchbase-802-vanilla-ce-medium-medium-aws,1,ip-172-31-22-87,ranking,benchANT
2026-08-12 10:16:30+00:00,system,load5,3.83,dbms,08-2026,couchbase-802-vanilla-ce-medium-medium-aws,1,ip-172-31-22-87,ranking,benchANT
2026-08-12 10:16:40+00:00,system,load5,3.97,dbms,08-2026,couchbase-802-vanilla-ce-medium-medium-aws,1,ip-172-31-22-87,ranking,benchANT
2026-08-12 10:16:50+00:00,system,load5,4.17,dbms,08-2026,couchbase-802-vanilla-ce-medium-medium-aws,1,ip-172-31-22-87,ranking,benchANT
2026-08-12 10:17:00+00:00,system,load5,4.33,dbms,08-2026,couchbase-802-vanilla-ce-medium-medium-aws,1,ip-172-31-22-87,ranking,benchANT
2026-08-12 10:17:10+00:00,system,load5,4.47,dbms,08-2026,couchbase-802-vanilla-ce-medium-medium-aws,1,ip-172-31-22-87,ranking,benchANT
2026-08-12 10:17:20+00:00,system,load5,4.67,dbms,08-2026,couchbase-802-vanilla-ce-medium-medium-aws,1,ip-172-31-22-87,ranking,benchANT
2026-08-12 10:17:30+00:00,system,load5,4.84,dbms,08-2026,couchbase-802-vanilla-ce-medium-medium-aws,1,ip-172-31-22-87,ranking,benchANT
2026-08-12 10:17:40+00:00,system,load5,4.96,dbms,08-2026,couchbase-802-vanilla-ce-medium-medium-aws,1,ip-172-31-22-87,ranking,benchANT
2026-08-12 10:17:50+00:00,system,load5,5.11,dbms,08-2026,couchbase-802-vanilla-ce-medium-medium-aws,1,ip-172-31-22-87,ranking,benchANT
2026-08-12 10:18:00+00:00,system,load5,5.21,dbms,08-2026,couchbase-802-vanilla-ce-medium-medium-aws,1,ip-172-31-22-87,ranking,benchANT
2026-08-12 10:18:10+00:00,system,load5,5.4,dbms,08-2026,couchbase-802-vanilla-ce-medium-medium-aws,1,ip-172-31-22-87,ranking,benchANT
2026-08-12 10:18:20+00:00,system,load5,5.48,dbms,08-2026,couchbase-802-vanilla-ce-medium-medium-aws,1,ip-172-31-22-87,ranking,benchANT
2026-08-12 10:18:30+00:00,system,load5,5.62,dbms,08-2026,couchbase-802-vanilla-ce-medium-medium-aws,1,ip-172-31-22-87,ranking,benchANT
2026-08-12 10:18:40+00:00,system,load5,5.76,dbms,08-2026,couchbase-802-vanilla-ce-medium-medium-aws,1,ip-172-31-22-87,ranking,benchANT
2026-08-12 10:18:50+00:00,system,load5,5.84,dbms,08-2026,couchbase-802-vanilla-ce-medium-medium-aws,1,ip-172-31-22-87,ranking,benchANT
2026-08-12 10:19:00+00:00,system,load5,5.96,dbms,08-2026,couchbase-802-vanilla-ce-medium-medium-aws,1,ip-172-31-22-87,ranking,benchANT
2026-08-12 10:19:10+00:00,system,load5,6.12,dbms,08-2026,couchbase-802-vanilla-ce-medium-medium-aws,1,ip-172-31-22-87,ranking,benchANT
2026-08-12 10:19:20+00:00,system,load5,6.25,dbms,08-2026,couchbase-802-vanilla-ce-medium-medium-aws,1,ip-172-31-22-87,ranking,benchANT
2026-08-12 10:19:30+00:00,system,load5,6.31,dbms,08-2026,couchbase-802-vanilla-ce-medium-medium-aws,1,ip-172-31-22-87,ranking,benchANT
2026-08-12 10:19:40+00:00,system,load5,6.4,dbms,08-2026,couchbase-802-vanilla-ce-medium-medium-aws,1,ip-172-31-22-87,ranking,benchANT
2026-08-12 10:19:50+00:00,system,load5,6.45,dbms,08-2026,couchbase-802-vanilla-ce-medium-medium-aws,1,ip-172-31-22-87,ranking,benchANT
2026-08-12 10:20:00+00:00,system,load5,6.57,dbms,08-2026,couchbase-802-vanilla-ce-medium-medium-aws,1,ip-172-31-22-87,ranking,benchANT
2026-08-12 10:20:10+00:00,system,load5,6.66,dbms,08-2026,couchbase-802-vanilla-ce-medium-medium-aws,1,ip-172-31-22-87,ranking,benchANT
2026-08-12 10:20:20+00:00,system,load5,6.71,dbms,08-2026,couchbase-802-vanilla-ce-medium-medium-aws,1,ip-172-31-22-87,ranking,benchANT
2026-08-12 10:20:30+00:00,system,load5,6.8,dbms,08-2026,couchbase-802-vanilla-ce-medium-medium-aws,1,ip-172-31-22-87,ranking,benchANT
2026-08-12 10:20:40+00:00,system,load5,6.89,dbms,08-2026,couchbase-802-vanilla-ce-medium-medium-aws,1,ip-172-31-22-87,ranking,benchANT
2026-08-12 10:20:50+00:00,system,load5,6.94,dbms,08-2026,couchbase-802-vanilla-ce-medium-medium-aws,1,ip-172-31-22-87,ranking,benchANT
2026-08-12 10:21:00+00:00,system,load5,6.98,dbms,08-2026,couchbase-802-vanilla-ce-medium-medium-aws,1,ip-172-31-22-87,ranking,benchANT
2026-08-12 10:21:10+00:00,system,load5,7.03,dbms,08-2026,couchbase-802-vanilla-ce-medium-medium-aws,1,ip-172-31-22-87,ranking,benchANT
2026-08-12 10:21:20+00:00,system,load5,7.08,dbms,08-2026,couchbase-802-vanilla-ce-medium-medium-aws,1,ip-172-31-22-87,ranking,benchANT
2026-08-12 10:21:30+00:00,system,load5,7.21,dbms,08-2026,couchbase-802-vanilla-ce-medium-medium-aws,1,ip-172-31-22-87,ranking,benchANT
2026-08-12 10:21:40+00:00,system,load5,7.23,dbms,08-2026,couchbase-802-vanilla-ce-medium-medium-aws,1,ip-172-31-22-87,ranking,benchANT
2026-08-12 10:21:50+00:00,system,load5,7.31,dbms,08-2026,couchbase-802-vanilla-ce-medium-medium-aws,1,ip-172-31-22-87,ranking,benchANT
2026-08-12 10:22:00+00:00,system,load5,7.37,dbms,08-2026,couchbase-802-vanilla-ce-medium-medium-aws,1,ip-172-31-22-87,ranking,benchANT
2026-08-12 10:22:10+00:00,system,load5,7.42,dbms,08-2026,couchbase-802-vanilla-ce-medium-medium-aws,1,ip-172-31-22-87,ranking,benchANT
2026-08-12 10:22:20+00:00,system,load5,7.49,dbms,08-2026,couchbase-802-vanilla-ce-medium-medium-aws,1,ip-172-31-22-87,ranking,benchANT
2026-08-12 10:22:30+00:00,system,load5,7.54,dbms,08-2026,couchbase-802-vanilla-ce-medium-medium-aws,1,ip-172-31-22-87,ranking,benchANT
2026-08-12 10:22:40+00:00,system,load5,7.59,dbms,08-2026,couchbase-802-vanilla-ce-medium-medium-aws,1,ip-172-31-22-87,ranking,benchANT
2026-08-12 10:22:50+00:00,system,load5,7.68,dbms,08-2026,couchbase-802-vanilla-ce-medium-medium-aws,1,ip-172-31-22-87,ranking,benchANT
2026-08-12 10:23:00+00:00,system,load5,7.71,dbms,08-2026,couchbase-802-vanilla-ce-medium-medium-aws,1,ip-172-31-22-87,ranking,benchANT
2026-08-12 10:23:10+00:00,system,load5,7.79,dbms,08-2026,couchbase-802-vanilla-ce-medium-medium-aws,1,ip-172-31-22-87,ranking,benchANT
2026-08-12 10:23:20+00:00,system,load5,7.86,dbms,08-2026,couchbase-802-vanilla-ce-medium-medium-aws,1,ip-172-31-22-87,ranking,benchANT
2026-08-12 10:23:30+00:00,system,load5,7.9,dbms,08-2026,couchbase-802-vanilla-ce-medium-medium-aws,1,ip-172-31-22-87,ranking,benchANT
2026-08-12 10:23:40+00:00,system,load5,7.92,dbms,08-2026,couchbase-802-vanilla-ce-medium-medium-aws,1,ip-172-31-22-87,ranking,benchANT
2026-08-12 10:23:50+00:00,system,load5,7.99,dbms,08-2026,couchbase-802-vanilla-ce-medium-medium-aws,1,ip-172-31-22-87,ranking,benchANT
2026-08-12 10:24:00+00:00,system,load5,8.1,dbms,08-2026,couchbase-802-vanilla-ce-medium-medium-aws,1,ip-172-31-22-87,ranking,benchANT
2026-08-12 10:24:10+00:00,system,load5,8.1,dbms,08-2026,couchbase-802-vanilla-ce-medium-medium-aws,1,ip-172-31-22-87,ranking,benchANT
2026-08-12 10:24:20+00:00,system,load5,8.23,dbms,08-2026,couchbase-802-vanilla-ce-medium-medium-aws,1,ip-172-31-22-87,ranking,benchANT
2026-08-12 10:24:30+00:00,system,load5,8.25,dbms,08-2026,couchbase-802-vanilla-ce-medium-medium-aws,1,ip-172-31-22-87,ranking,benchANT
2026-08-12 10:24:40+00:00,system,load5,8.26,dbms,08-2026,couchbase-802-vanilla-ce-medium-medium-aws,1,ip-172-31-22-87,ranking,benchANT
2026-08-12 10:24:50+00:00,system,load5,8.27,dbms,08-2026,couchbase-802-vanilla-ce-medium-medium-aws,1,ip-172-31-22-87,ranking,benchANT
2026-08-12 10:25:00+00:00,system,load5,8.24,dbms,08-2026,couchbase-802-vanilla-ce-medium-medium-aws,1,ip-172-31-22-87,ranking,benchANT
2026-08-12 10:25:10+00:00,system,load5,8.32,dbms,08-2026,couchbase-802-vanilla-ce-medium-medium-aws,1,ip-172-31-22-87,ranking,benchANT
2026-08-12 10:25:20+00:00,system,load5,8.44,dbms,08-2026,couchbase-802-vanilla-ce-medium-medium-aws,1,ip-172-31-22-87,ranking,benchANT
2026-08-12 10:25:30+00:00,system,load5,8.49,dbms,08-2026,couchbase-802-vanilla-ce-medium-medium-aws,1,ip-172-31-22-87,ranking,benchANT
2026-08-12 10:25:40+00:00,system,load5,8.59,dbms,08-2026,couchbase-802-vanilla-ce-medium-medium-aws,1,ip-172-31-22-87,ranking,benchANT
2026-08-12 10:25:50+00:00,system,load5,8.65,dbms,08-2026,couchbase-802-vanilla-ce-medium-medium-aws,1,ip-172-31-22-87,ranking,benchANT
2026-08-12 10:26:00+00:00,system,load5,8.68,dbms,08-2026,couchbase-802-vanilla-ce-medium-medium-aws,1,ip-172-31-22-87,ranking,benchANT
2026-08-12 10:26:10+00:00,system,load5,8.74,dbms,08-2026,couchbase-802-vanilla-ce-medium-medium-aws,1,ip-172-31-22-87,ranking,benchANT
2026-08-12 10:26:20+00:00,system,load5,8.7,dbms,08-2026,couchbase-802-vanilla-ce-medium-medium-aws,1,ip-172-31-22-87,ranking,benchANT
2026-08-12 10:13:40+00:00,system,n_cpus,4,dbms,08-2026,couchbase-802-vanilla-ce-medium-medium-aws,1,ip-172-31-22-87,ranking,benchANT
2026-08-12 10:13:50+00:00,system,n_cpus,4,dbms,08-2026,couchbase-802-vanilla-ce-medium-medium-aws,1,ip-172-31-22-87,ranking,benchANT
2026-08-12 10:14:00+00:00,system,n_cpus,4,dbms,08-2026,couchbase-802-vanilla-ce-medium-medium-aws,1,ip-172-31-22-87,ranking,benchANT
2026-08-12 10:14:10+00:00,system,n_cpus,4,dbms,08-2026,couchbase-802-vanilla-ce-medium-medium-aws,1,ip-172-31-22-87,ranking,benchANT
2026-08-12 10:14:20+00:00,system,n_cpus,4,dbms,08-2026,couchbase-802-vanilla-ce-medium-medium-aws,1,ip-172-31-22-87,ranking,benchANT
2026-08-12 10:14:30+00:00,system,n_cpus,4,dbms,08-2026,couchbase-802-vanilla-ce-medium-medium-aws,1,ip-172-31-22-87,ranking,benchANT
2026-08-12 10:14:40+00:00,system,n_cpus,4,dbms,08-2026,couchbase-802-vanilla-ce-medium-medium-aws,1,ip-172-31-22-87,ranking,benchANT
2026-08-12 10:14:50+00:00,system,n_cpus,4,dbms,08-2026,couchbase-802-vanilla-ce-medium-medium-aws,1,ip-172-31-22-87,ranking,benchANT
2026-08-12 10:15:00+00:00,system,n_cpus,4,dbms,08-2026,couchbase-802-vanilla-ce-medium-medium-aws,1,ip-172-31-22-87,ranking,benchANT
2026-08-12 10:15:10+00:00,system,n_cpus,4,dbms,08-2026,couchbase-802-vanilla-ce-medium-medium-aws,1,ip-172-31-22-87,ranking,benchANT
2026-08-12 10:15:20+00:00,system,n_cpus,4,dbms,08-2026,couchbase-802-vanilla-ce-medium-medium-aws,1,ip-172-31-22-87,ranking,benchANT
2026-08-12 10:15:30+00:00,system,n_cpus,4,dbms,08-2026,couchbase-802-vanilla-ce-medium-medium-aws,1,ip-172-31-22-87,ranking,benchANT
2026-08-12 10:15:40+00:00,system,n_cpus,4,dbms,08-2026,couchbase-802-vanilla-ce-medium-medium-aws,1,ip-172-31-22-87,ranking,benchANT
2026-08-12 10:15:50+00:00,system,n_cpus,4,dbms,08-2026,couchbase-802-vanilla-ce-medium-medium-aws,1,ip-172-31-22-87,ranking,benchANT
2026-08-12 10:16:00+00:00,system,n_cpus,4,dbms,08-2026,couchbase-802-vanilla-ce-medium-medium-aws,1,ip-172-31-22-87,ranking,benchANT
2026-08-12 10:16:10+00:00,system,n_cpus,4,dbms,08-2026,couchbase-802-vanilla-ce-medium-medium-aws,1,ip-172-31-22-87,ranking,benchANT
2026-08-12 10:16:20+00:00,system,n_cpus,4,dbms,08-2026,couchbase-802-vanilla-ce-medium-medium-aws,1,ip-172-31-22-87,ranking,benchANT
2026-08-12 10:16:30+00:00,system,n_cpus,4,dbms,08-2026,couchbase-802-vanilla-ce-medium-medium-aws,1,ip-172-31-22-87,ranking,benchANT
2026-08-12 10:16:40+00:00,system,n_cpus,4,dbms,08-2026,couchbase-802-vanilla-ce-medium-medium-aws,1,ip-172-31-22-87,ranking,benchANT
2026-08-12 10:16:50+00:00,system,n_cpus,4,dbms,08-2026,couchbase-802-vanilla-ce-medium-medium-aws,1,ip-172-31-22-87,ranking,benchANT
2026-08-12 10:17:00+00:00,system,n_cpus,4,dbms,08-2026,couchbase-802-vanilla-ce-medium-medium-aws,1,ip-172-31-22-87,ranking,benchANT
2026-08-12 10:17:10+00:00,system,n_cpus,4,dbms,08-2026,couchbase-802-vanilla-ce-medium-medium-aws,1,ip-172-31-22-87,ranking,benchANT
2026-08-12 10:17:20+00:00,system,n_cpus,4,dbms,08-2026,couchbase-802-vanilla-ce-medium-medium-aws,1,ip-172-31-22-87,ranking,benchANT
2026-08-12 10:17:30+00:00,system,n_cpus,4,dbms,08-2026,couchbase-802-vanilla-ce-medium-medium-aws,1,ip-172-31-22-87,ranking,benchANT
2026-08-12 10:17:40+00:00,system,n_cpus,4,dbms,08-2026,couchbase-802-vanilla-ce-medium-medium-aws,1,ip-172-31-22-87,ranking,benchANT
2026-08-12 10:17:50+00:00,system,n_cpus,4,dbms,08-2026,couchbase-802-vanilla-ce-medium-medium-aws,1,ip-172-31-22-87,ranking,benchANT
2026-08-12 10:18:00+00:00,system,n_cpus,4,dbms,08-2026,couchbase-802-vanilla-ce-medium-medium-aws,1,ip-172-31-22-87,ranking,benchANT
2026-08-12 10:18:10+00:00,system,n_cpus,4,dbms,08-2026,couchbase-802-vanilla-ce-medium-medium-aws,1,ip-172-31-22-87,ranking,benchANT
2026-08-12 10:18:20+00:00,system,n_cpus,4,dbms,08-2026,couchbase-802-vanilla-ce-medium-medium-aws,1,ip-172-31-22-87,ranking,benchANT
2026-08-12 10:18:30+00:00,system,n_cpus,4,dbms,08-2026,couchbase-802-vanilla-ce-medium-medium-aws,1,ip-172-31-22-87,ranking,benchANT
2026-08-12 10:18:40+00:00,system,n_cpus,4,dbms,08-2026,couchbase-802-vanilla-ce-medium-medium-aws,1,ip-172-31-22-87,ranking,benchANT
2026-08-12 10:18:50+00:00,system,n_cpus,4,dbms,08-2026,couchbase-802-vanilla-ce-medium-medium-aws,1,ip-172-31-22-87,ranking,benchANT
2026-08-12 10:19:00+00:00,system,n_cpus,4,dbms,08-2026,couchbase-802-vanilla-ce-medium-medium-aws,1,ip-172-31-22-87,ranking,benchANT
2026-08-12 10:19:10+00:00,system,n_cpus,4,dbms,08-2026,couchbase-802-vanilla-ce-medium-medium-aws,1,ip-172-31-22-87,ranking,benchANT
2026-08-12 10:19:20+00:00,system,n_cpus,4,dbms,08-2026,couchbase-802-vanilla-ce-medium-medium-aws,1,ip-172-31-22-87,ranking,benchANT
2026-08-12 10:19:30+00:00,system,n_cpus,4,dbms,08-2026,couchbase-802-vanilla-ce-medium-medium-aws,1,ip-172-31-22-87,ranking,benchANT
2026-08-12 10:19:40+00:00,system,n_cpus,4,dbms,08-2026,couchbase-802-vanilla-ce-medium-medium-aws,1,ip-172-31-22-87,ranking,benchANT
2026-08-12 10:19:50+00:00,system,n_cpus,4,dbms,08-2026,couchbase-802-vanilla-ce-medium-medium-aws,1,ip-172-31-22-87,ranking,benchANT
2026-08-12 10:20:00+00:00,system,n_cpus,4,dbms,08-2026,couchbase-802-vanilla-ce-medium-medium-aws,1,ip-172-31-22-87,ranking,benchANT
2026-08-12 10:20:10+00:00,system,n_cpus,4,dbms,08-2026,couchbase-802-vanilla-ce-medium-medium-aws,1,ip-172-31-22-87,ranking,benchANT
2026-08-12 10:20:20+00:00,system,n_cpus,4,dbms,08-2026,couchbase-802-vanilla-ce-medium-medium-aws,1,ip-172-31-22-87,ranking,benchANT
2026-08-12 10:20:30+00:00,system,n_cpus,4,dbms,08-2026,couchbase-802-vanilla-ce-medium-medium-aws,1,ip-172-31-22-87,ranking,benchANT
2026-08-12 10:20:40+00:00,system,n_cpus,4,dbms,08-2026,couchbase-802-vanilla-ce-medium-medium-aws,1,ip-172-31-22-87,ranking,benchANT
2026-08-12 10:20:50+00:00,system,n_cpus,4,dbms,08-2026,couchbase-802-vanilla-ce-medium-medium-aws,1,ip-172-31-22-87,ranking,benchANT
2026-08-12 10:21:00+00:00,system,n_cpus,4,dbms,08-2026,couchbase-802-vanilla-ce-medium-medium-aws,1,ip-172-31-22-87,ranking,benchANT
2026-08-12 10:21:10+00:00,system,n_cpus,4,dbms,08-2026,couchbase-802-vanilla-ce-medium-medium-aws,1,ip-172-31-22-87,ranking,benchANT
2026-08-12 10:21:20+00:00,system,n_cpus,4,dbms,08-2026,couchbase-802-vanilla-ce-medium-medium-aws,1,ip-172-31-22-87,ranking,benchANT
2026-08-12 10:21:30+00:00,system,n_cpus,4,dbms,08-2026,couchbase-802-vanilla-ce-medium-medium-aws,1,ip-172-31-22-87,ranking,benchANT
2026-08-12 10:21:40+00:00,system,n_cpus,4,dbms,08-2026,couchbase-802-vanilla-ce-medium-medium-aws,1,ip-172-31-22-87,ranking,benchANT
2026-08-12 10:21:50+00:00,system,n_cpus,4,dbms,08-2026,couchbase-802-vanilla-ce-medium-medium-aws,1,ip-172-31-22-87,ranking,benchANT
2026-08-12 10:22:00+00:00,system,n_cpus,4,dbms,08-2026,couchbase-802-vanilla-ce-medium-medium-aws,1,ip-172-31-22-87,ranking,benchANT
2026-08-12 10:22:10+00:00,system,n_cpus,4,dbms,08-2026,couchbase-802-vanilla-ce-medium-medium-aws,1,ip-172-31-22-87,ranking,benchANT
2026-08-12 10:22:20+00:00,system,n_cpus,4,dbms,08-2026,couchbase-802-vanilla-ce-medium-medium-aws,1,ip-172-31-22-87,ranking,benchANT
2026-08-12 10:22:30+00:00,system,n_cpus,4,dbms,08-2026,couchbase-802-vanilla-ce-medium-medium-aws,1,ip-172-31-22-87,ranking,benchANT
2026-08-12 10:22:40+00:00,system,n_cpus,4,dbms,08-2026,couchbase-802-vanilla-ce-medium-medium-aws,1,ip-172-31-22-87,ranking,benchANT
2026-08-12 10:22:50+00:00,system,n_cpus,4,dbms,08-2026,couchbase-802-vanilla-ce-medium-medium-aws,1,ip-172-31-22-87,ranking,benchANT
2026-08-12 10:23:00+00:00,system,n_cpus,4,dbms,08-2026,couchbase-802-vanilla-ce-medium-medium-aws,1,ip-172-31-22-87,ranking,benchANT
2026-08-12 10:23:10+00:00,system,n_cpus,4,dbms,08-2026,couchbase-802-vanilla-ce-medium-medium-aws,1,ip-172-31-22-87,ranking,benchANT
2026-08-12 10:23:20+00:00,system,n_cpus,4,dbms,08-2026,couchbase-802-vanilla-ce-medium-medium-aws,1,ip-172-31-22-87,ranking,benchANT
2026-08-12 10:23:30+00:00,system,n_cpus,4,dbms,08-2026,couchbase-802-vanilla-ce-medium-medium-aws,1,ip-172-31-22-87,ranking,benchANT
2026-08-12 10:23:40+00:00,system,n_cpus,4,dbms,08-2026,couchbase-802-vanilla-ce-medium-medium-aws,1,ip-172-31-22-87,ranking,benchANT
2026-08-12 10:23:50+00:00,system,n_cpus,4,dbms,08-2026,couchbase-802-vanilla-ce-medium-medium-aws,1,ip-172-31-22-87,ranking,benchANT
2026-08-12 10:24:00+00:00,system,n_cpus,4,dbms,08-2026,couchbase-802-vanilla-ce-medium-medium-aws,1,ip-172-31-22-87,ranking,benchANT
2026-08-12 10:24:10+00:00,system,n_cpus,4,dbms,08-2026,couchbase-802-vanilla-ce-medium-medium-aws,1,ip-172-31-22-87,ranking,benchANT
2026-08-12 10:24:20+00:00,system,n_cpus,4,dbms,08-2026,couchbase-802-vanilla-ce-medium-medium-aws,1,ip-172-31-22-87,ranking,benchANT
2026-08-12 10:24:30+00:00,system,n_cpus,4,dbms,08-2026,couchbase-802-vanilla-ce-medium-medium-aws,1,ip-172-31-22-87,ranking,benchANT
2026-08-12 10:24:40+00:00,system,n_cpus,4,dbms,08-2026,couchbase-802-vanilla-ce-medium-medium-aws,1,ip-172-31-22-87,ranking,benchANT
2026-08-12 10:24:50+00:00,system,n_cpus,4,dbms,08-2026,couchbase-802-vanilla-ce-medium-medium-aws,1,ip-172-31-22-87,ranking,benchANT
2026-08-12 10:25:00+00:00,system,n_cpus,4,dbms,08-2026,couchbase-802-vanilla-ce-medium-medium-aws,1,ip-172-31-22-87,ranking,benchANT
2026-08-12 10:25:10+00:00,system,n_cpus,4,dbms,08-2026,couchbase-802-vanilla-ce-medium-medium-aws,1,ip-172-31-22-87,ranking,benchANT
2026-08-12 10:25:20+00:00,system,n_cpus,4,dbms,08-2026,couchbase-802-vanilla-ce-medium-medium-aws,1,ip-172-31-22-87,ranking,benchANT
2026-08-12 10:25:30+00:00,system,n_cpus,4,dbms,08-2026,couchbase-802-vanilla-ce-medium-medium-aws,1,ip-172-31-22-87,ranking,benchANT
2026-08-12 10:25:40+00:00,system,n_cpus,4,dbms,08-2026,couchbase-802-vanilla-ce-medium-medium-aws,1,ip-172-31-22-87,ranking,benchANT
2026-08-12 10:25:50+00:00,system,n_cpus,4,dbms,08-2026,couchbase-802-vanilla-ce-medium-medium-aws,1,ip-172-31-22-87,ranking,benchANT
2026-08-12 10:26:00+00:00,system,n_cpus,4,dbms,08-2026,couchbase-802-vanilla-ce-medium-medium-aws,1,ip-172-31-22-87,ranking,benchANT
2026-08-12 10:26:10+00:00,system,n_cpus,4,dbms,08-2026,couchbase-802-vanilla-ce-medium-medium-aws,1,ip-172-31-22-87,ranking,benchANT
2026-08-12 10:26:20+00:00,system,n_cpus,4,dbms,08-2026,couchbase-802-vanilla-ce-medium-medium-aws,1,ip-172-31-22-87,ranking,benchANT
2026-08-12 10:13:40+00:00,system,n_users,0,dbms,08-2026,couchbase-802-vanilla-ce-medium-medium-aws,1,ip-172-31-22-87,ranking,benchANT
2026-08-12 10:13:50+00:00,system,n_users,0,dbms,08-2026,couchbase-802-vanilla-ce-medium-medium-aws,1,ip-172-31-22-87,ranking,benchANT
2026-08-12 10:14:00+00:00,system,n_users,0,dbms,08-2026,couchbase-802-vanilla-ce-medium-medium-aws,1,ip-172-31-22-87,ranking,benchANT
2026-08-12 10:14:10+00:00,system,n_users,0,dbms,08-2026,couchbase-802-vanilla-ce-medium-medium-aws,1,ip-172-31-22-87,ranking,benchANT
2026-08-12 10:14:20+00:00,system,n_users,0,dbms,08-2026,couchbase-802-vanilla-ce-medium-medium-aws,1,ip-172-31-22-87,ranking,benchANT
2026-08-12 10:14:30+00:00,system,n_users,0,dbms,08-2026,couchbase-802-vanilla-ce-medium-medium-aws,1,ip-172-31-22-87,ranking,benchANT
2026-08-12 10:14:40+00:00,system,n_users,0,dbms,08-2026,couchbase-802-vanilla-ce-medium-medium-aws,1,ip-172-31-22-87,ranking,benchANT
2026-08-12 10:14:50+00:00,system,n_users,0,dbms,08-2026,couchbase-802-vanilla-ce-medium-medium-aws,1,ip-172-31-22-87,ranking,benchANT
2026-08-12 10:15:00+00:00,system,n_users,0,dbms,08-2026,couchbase-802-vanilla-ce-medium-medium-aws,1,ip-172-31-22-87,ranking,benchANT
2026-08-12 10:15:10+00:00,system,n_users,0,dbms,08-2026,couchbase-802-vanilla-ce-medium-medium-aws,1,ip-172-31-22-87,ranking,benchANT
2026-08-12 10:15:20+00:00,system,n_users,0,dbms,08-2026,couchbase-802-vanilla-ce-medium-medium-aws,1,ip-172-31-22-87,ranking,benchANT
2026-08-12 10:15:30+00:00,system,n_users,0,dbms,08-2026,couchbase-802-vanilla-ce-medium-medium-aws,1,ip-172-31-22-87,ranking,benchANT
2026-08-12 10:15:40+00:00,system,n_users,0,dbms,08-2026,couchbase-802-vanilla-ce-medium-medium-aws,1,ip-172-31-22-87,ranking,benchANT
2026-08-12 10:15:50+00:00,system,n_users,0,dbms,08-2026,couchbase-802-vanilla-ce-medium-medium-aws,1,ip-172-31-22-87,ranking,benchANT
2026-08-12 10:16:00+00:00,system,n_users,0,dbms,08-2026,couchbase-802-vanilla-ce-medium-medium-aws,1,ip-172-31-22-87,ranking,benchANT
2026-08-12 10:16:10+00:00,system,n_users,0,dbms,08-2026,couchbase-802-vanilla-ce-medium-medium-aws,1,ip-172-31-22-87,ranking,benchANT
2026-08-12 10:16:20+00:00,system,n_users,0,dbms,08-2026,couchbase-802-vanilla-ce-medium-medium-aws,1,ip-172-31-22-87,ranking,benchANT
2026-08-12 10:16:30+00:00,system,n_users,0,dbms,08-2026,couchbase-802-vanilla-ce-medium-medium-aws,1,ip-172-31-22-87,ranking,benchANT
2026-08-12 10:16:40+00:00,system,n_users,0,dbms,08-2026,couchbase-802-vanilla-ce-medium-medium-aws,1,ip-172-31-22-87,ranking,benchANT
2026-08-12 10:16:50+00:00,system,n_users,0,dbms,08-2026,couchbase-802-vanilla-ce-medium-medium-aws,1,ip-172-31-22-87,ranking,benchANT
2026-08-12 10:17:00+00:00,system,n_users,0,dbms,08-2026,couchbase-802-vanilla-ce-medium-medium-aws,1,ip-172-31-22-87,ranking,benchANT
2026-08-12 10:17:10+00:00,system,n_users,0,dbms,08-2026,couchbase-802-vanilla-ce-medium-medium-aws,1,ip-172-31-22-87,ranking,benchANT
2026-08-12 10:17:20+00:00,system,n_users,0,dbms,08-2026,couchbase-802-vanilla-ce-medium-medium-aws,1,ip-172-31-22-87,ranking,benchANT
2026-08-12 10:17:30+00:00,system,n_users,0,dbms,08-2026,couchbase-802-vanilla-ce-medium-medium-aws,1,ip-172-31-22-87,ranking,benchANT
2026-08-12 10:17:40+00:00,system,n_users,0,dbms,08-2026,couchbase-802-vanilla-ce-medium-medium-aws,1,ip-172-31-22-87,ranking,benchANT
2026-08-12 10:17:50+00:00,system,n_users,0,dbms,08-2026,couchbase-802-vanilla-ce-medium-medium-aws,1,ip-172-31-22-87,ranking,benchANT
2026-08-12 10:18:00+00:00,system,n_users,0,dbms,08-2026,couchbase-802-vanilla-ce-medium-medium-aws,1,ip-172-31-22-87,ranking,benchANT
2026-08-12 10:18:10+00:00,system,n_users,0,dbms,08-2026,couchbase-802-vanilla-ce-medium-medium-aws,1,ip-172-31-22-87,ranking,benchANT
2026-08-12 10:18:20+00:00,system,n_users,0,dbms,08-2026,couchbase-802-vanilla-ce-medium-medium-aws,1,ip-172-31-22-87,ranking,benchANT
2026-08-12 10:18:30+00:00,system,n_users,0,dbms,08-2026,couchbase-802-vanilla-ce-medium-medium-aws,1,ip-172-31-22-87,ranking,benchANT
2026-08-12 10:18:40+00:00,system,n_users,0,dbms,08-2026,couchbase-802-vanilla-ce-medium-medium-aws,1,ip-172-31-22-87,ranking,benchANT
2026-08-12 10:18:50+00:00,system,n_users,0,dbms,08-2026,couchbase-802-vanilla-ce-medium-medium-aws,1,ip-172-31-22-87,ranking,benchANT
2026-08-12 10:19:00+00:00,system,n_users,0,dbms,08-2026,couchbase-802-vanilla-ce-medium-medium-aws,1,ip-172-31-22-87,ranking,benchANT
2026-08-12 10:19:10+00:00,system,n_users,0,dbms,08-2026,couchbase-802-vanilla-ce-medium-medium-aws,1,ip-172-31-22-87,ranking,benchANT
2026-08-12 10:19:20+00:00,system,n_users,0,dbms,08-2026,couchbase-802-vanilla-ce-medium-medium-aws,1,ip-172-31-22-87,ranking,benchANT
2026-08-12 10:19:30+00:00,system,n_users,0,dbms,08-2026,couchbase-802-vanilla-ce-medium-medium-aws,1,ip-172-31-22-87,ranking,benchANT
2026-08-12 10:19:40+00:00,system,n_users,0,dbms,08-2026,couchbase-802-vanilla-ce-medium-medium-aws,1,ip-172-31-22-87,ranking,benchANT
2026-08-12 10:19:50+00:00,system,n_users,0,dbms,08-2026,couchbase-802-vanilla-ce-medium-medium-aws,1,ip-172-31-22-87,ranking,benchANT
2026-08-12 10:20:00+00:00,system,n_users,0,dbms,08-2026,couchbase-802-vanilla-ce-medium-medium-aws,1,ip-172-31-22-87,ranking,benchANT
2026-08-12 10:20:10+00:00,system,n_users,0,dbms,08-2026,couchbase-802-vanilla-ce-medium-medium-aws,1,ip-172-31-22-87,ranking,benchANT
2026-08-12 10:20:20+00:00,system,n_users,0,dbms,08-2026,couchbase-802-vanilla-ce-medium-medium-aws,1,ip-172-31-22-87,ranking,benchANT
2026-08-12 10:20:30+00:00,system,n_users,0,dbms,08-2026,couchbase-802-vanilla-ce-medium-medium-aws,1,ip-172-31-22-87,ranking,benchANT
2026-08-12 10:20:40+00:00,system,n_users,0,dbms,08-2026,couchbase-802-vanilla-ce-medium-medium-aws,1,ip-172-31-22-87,ranking,benchANT
2026-08-12 10:20:50+00:00,system,n_users,0,dbms,08-2026,couchbase-802-vanilla-ce-medium-medium-aws,1,ip-172-31-22-87,ranking,benchANT
2026-08-12 10:21:00+00:00,system,n_users,0,dbms,08-2026,couchbase-802-vanilla-ce-medium-medium-aws,1,ip-172-31-22-87,ranking,benchANT
2026-08-12 10:21:10+00:00,system,n_users,0,dbms,08-2026,couchbase-802-vanilla-ce-medium-medium-aws,1,ip-172-31-22-87,ranking,benchANT
2026-08-12 10:21:20+00:00,system,n_users,0,dbms,08-2026,couchbase-802-vanilla-ce-medium-medium-aws,1,ip-172-31-22-87,ranking,benchANT
2026-08-12 10:21:30+00:00,system,n_users,0,dbms,08-2026,couchbase-802-vanilla-ce-medium-medium-aws,1,ip-172-31-22-87,ranking,benchANT
2026-08-12 10:21:40+00:00,system,n_users,0,dbms,08-2026,couchbase-802-vanilla-ce-medium-medium-aws,1,ip-172-31-22-87,ranking,benchANT
2026-08-12 10:21:50+00:00,system,n_users,0,dbms,08-2026,couchbase-802-vanilla-ce-medium-medium-aws,1,ip-172-31-22-87,ranking,benchANT
2026-08-12 10:22:00+00:00,system,n_users,0,dbms,08-2026,couchbase-802-vanilla-ce-medium-medium-aws,1,ip-172-31-22-87,ranking,benchANT
2026-08-12 10:22:10+00:00,system,n_users,0,dbms,08-2026,couchbase-802-vanilla-ce-medium-medium-aws,1,ip-172-31-22-87,ranking,benchANT
2026-08-12 10:22:20+00:00,system,n_users,0,dbms,08-2026,couchbase-802-vanilla-ce-medium-medium-aws,1,ip-172-31-22-87,ranking,benchANT
2026-08-12 10:22:30+00:00,system,n_users,0,dbms,08-2026,couchbase-802-vanilla-ce-medium-medium-aws,1,ip-172-31-22-87,ranking,benchANT
2026-08-12 10:22:40+00:00,system,n_users,0,dbms,08-2026,couchbase-802-vanilla-ce-medium-medium-aws,1,ip-172-31-22-87,ranking,benchANT
2026-08-12 10:22:50+00:00,system,n_users,0,dbms,08-2026,couchbase-802-vanilla-ce-medium-medium-aws,1,ip-172-31-22-87,ranking,benchANT
2026-08-12 10:23:00+00:00,system,n_users,0,dbms,08-2026,couchbase-802-vanilla-ce-medium-medium-aws,1,ip-172-31-22-87,ranking,benchANT
2026-08-12 10:23:10+00:00,system,n_users,0,dbms,08-2026,couchbase-802-vanilla-ce-medium-medium-aws,1,ip-172-31-22-87,ranking,benchANT
2026-08-12 10:23:20+00:00,system,n_users,0,dbms,08-2026,couchbase-802-vanilla-ce-medium-medium-aws,1,ip-172-31-22-87,ranking,benchANT
2026-08-12 10:23:30+00:00,system,n_users,0,dbms,08-2026,couchbase-802-vanilla-ce-medium-medium-aws,1,ip-172-31-22-87,ranking,benchANT
2026-08-12 10:23:40+00:00,system,n_users,0,dbms,08-2026,couchbase-802-vanilla-ce-medium-medium-aws,1,ip-172-31-22-87,ranking,benchANT
2026-08-12 10:23:50+00:00,system,n_users,0,dbms,08-2026,couchbase-802-vanilla-ce-medium-medium-aws,1,ip-172-31-22-87,ranking,benchANT
2026-08-12 10:24:00+00:00,system,n_users,0,dbms,08-2026,couchbase-802-vanilla-ce-medium-medium-aws,1,ip-172-31-22-87,ranking,benchANT
2026-08-12 10:24:10+00:00,system,n_users,0,dbms,08-2026,couchbase-802-vanilla-ce-medium-medium-aws,1,ip-172-31-22-87,ranking,benchANT
2026-08-12 10:24:20+00:00,system,n_users,0,dbms,08-2026,couchbase-802-vanilla-ce-medium-medium-aws,1,ip-172-31-22-87,ranking,benchANT
2026-08-12 10:24:30+00:00,system,n_users,0,dbms,08-2026,couchbase-802-vanilla-ce-medium-medium-aws,1,ip-172-31-22-87,ranking,benchANT
2026-08-12 10:24:40+00:00,system,n_users,0,dbms,08-2026,couchbase-802-vanilla-ce-medium-medium-aws,1,ip-172-31-22-87,ranking,benchANT
2026-08-12 10:24:50+00:00,system,n_users,0,dbms,08-2026,couchbase-802-vanilla-ce-medium-medium-aws,1,ip-172-31-22-87,ranking,benchANT
2026-08-12 10:25:00+00:00,system,n_users,0,dbms,08-2026,couchbase-802-vanilla-ce-medium-medium-aws,1,ip-172-31-22-87,ranking,benchANT
2026-08-12 10:25:10+00:00,system,n_users,0,dbms,08-2026,couchbase-802-vanilla-ce-medium-medium-aws,1,ip-172-31-22-87,ranking,benchANT
2026-08-12 10:25:20+00:00,system,n_users,0,dbms,08-2026,couchbase-802-vanilla-ce-medium-medium-aws,1,ip-172-31-22-87,ranking,benchANT
2026-08-12 10:25:30+00:00,system,n_users,0,dbms,08-2026,couchbase-802-vanilla-ce-medium-medium-aws,1,ip-172-31-22-87,ranking,benchANT
2026-08-12 10:25:40+00:00,system,n_users,0,dbms,08-2026,couchbase-802-vanilla-ce-medium-medium-aws,1,ip-172-31-22-87,ranking,benchANT
2026-08-12 10:25:50+00:00,system,n_users,0,dbms,08-2026,couchbase-802-vanilla-ce-medium-medium-aws,1,ip-172-31-22-87,ranking,benchANT
2026-08-12 10:26:00+00:00,system,n_users,0,dbms,08-2026,couchbase-802-vanilla-ce-medium-medium-aws,1,ip-172-31-22-87,ranking,benchANT
2026-08-12 10:26:10+00:00,system,n_users,0,dbms,08-2026,couchbase-802-vanilla-ce-medium-medium-aws,1,ip-172-31-22-87,ranking,benchANT
2026-08-12 10:26:20+00:00,system,n_users,0,dbms,08-2026,couchbase-802-vanilla-ce-medium-medium-aws,1,ip-172-31-22-87,ranking,benchANT
2026-08-12 10:13:40+00:00,system,uptime,899,dbms,08-2026,couchbase-802-vanilla-ce-medium-medium-aws,1,ip-172-31-22-87,ranking,benchANT
2026-08-12 10:13:50+00:00,system,uptime,909,dbms,08-2026,couchbase-802-vanilla-ce-medium-medium-aws,1,ip-172-31-22-87,ranking,benchANT
2026-08-12 10:14:00+00:00,system,uptime,919,dbms,08-2026,couchbase-802-vanilla-ce-medium-medium-aws,1,ip-172-31-22-87,ranking,benchANT
2026-08-12 10:14:10+00:00,system,uptime,929,dbms,08-2026,couchbase-802-vanilla-ce-medium-medium-aws,1,ip-172-31-22-87,ranking,benchANT
2026-08-12 10:14:20+00:00,system,uptime,939,dbms,08-2026,couchbase-802-vanilla-ce-medium-medium-aws,1,ip-172-31-22-87,ranking,benchANT
2026-08-12 10:14:30+00:00,system,uptime,949,dbms,08-2026,couchbase-802-vanilla-ce-medium-medium-aws,1,ip-172-31-22-87,ranking,benchANT
2026-08-12 10:14:40+00:00,system,uptime,959,dbms,08-2026,couchbase-802-vanilla-ce-medium-medium-aws,1,ip-172-31-22-87,ranking,benchANT
2026-08-12 10:14:50+00:00,system,uptime,969,dbms,08-2026,couchbase-802-vanilla-ce-medium-medium-aws,1,ip-172-31-22-87,ranking,benchANT
2026-08-12 10:15:00+00:00,system,uptime,979,dbms,08-2026,couchbase-802-vanilla-ce-medium-medium-aws,1,ip-172-31-22-87,ranking,benchANT
2026-08-12 10:15:10+00:00,system,uptime,989,dbms,08-2026,couchbase-802-vanilla-ce-medium-medium-aws,1,ip-172-31-22-87,ranking,benchANT
2026-08-12 10:15:20+00:00,system,uptime,999,dbms,08-2026,couchbase-802-vanilla-ce-medium-medium-aws,1,ip-172-31-22-87,ranking,benchANT
2026-08-12 10:15:30+00:00,system,uptime,1009,dbms,08-2026,couchbase-802-vanilla-ce-medium-medium-aws,1,ip-172-31-22-87,ranking,benchANT
2026-08-12 10:15:40+00:00,system,uptime,1019,dbms,08-2026,couchbase-802-vanilla-ce-medium-medium-aws,1,ip-172-31-22-87,ranking,benchANT
2026-08-12 10:15:50+00:00,system,uptime,1029,dbms,08-2026,couchbase-802-vanilla-ce-medium-medium-aws,1,ip-172-31-22-87,ranking,benchANT
2026-08-12 10:16:00+00:00,system,uptime,1039,dbms,08-2026,couchbase-802-vanilla-ce-medium-medium-aws,1,ip-172-31-22-87,ranking,benchANT
2026-08-12 10:16:10+00:00,system,uptime,1049,dbms,08-2026,couchbase-802-vanilla-ce-medium-medium-aws,1,ip-172-31-22-87,ranking,benchANT
2026-08-12 10:16:20+00:00,system,uptime,1059,dbms,08-2026,couchbase-802-vanilla-ce-medium-medium-aws,1,ip-172-31-22-87,ranking,benchANT
2026-08-12 10:16:30+00:00,system,uptime,1069,dbms,08-2026,couchbase-802-vanilla-ce-medium-medium-aws,1,ip-172-31-22-87,ranking,benchANT
2026-08-12 10:16:40+00:00,system,uptime,1079,dbms,08-2026,couchbase-802-vanilla-ce-medium-medium-aws,1,ip-172-31-22-87,ranking,benchANT
2026-08-12 10:16:50+00:00,system,uptime,1089,dbms,08-2026,couchbase-802-vanilla-ce-medium-medium-aws,1,ip-172-31-22-87,ranking,benchANT
2026-08-12 10:17:00+00:00,system,uptime,1099,dbms,08-2026,couchbase-802-vanilla-ce-medium-medium-aws,1,ip-172-31-22-87,ranking,benchANT
2026-08-12 10:17:10+00:00,system,uptime,1109,dbms,08-2026,couchbase-802-vanilla-ce-medium-medium-aws,1,ip-172-31-22-87,ranking,benchANT
2026-08-12 10:17:20+00:00,system,uptime,1119,dbms,08-2026,couchbase-802-vanilla-ce-medium-medium-aws,1,ip-172-31-22-87,ranking,benchANT
2026-08-12 10:17:30+00:00,system,uptime,1129,dbms,08-2026,couchbase-802-vanilla-ce-medium-medium-aws,1,ip-172-31-22-87,ranking,benchANT
2026-08-12 10:17:40+00:00,system,uptime,1139,dbms,08-2026,couchbase-802-vanilla-ce-medium-medium-aws,1,ip-172-31-22-87,ranking,benchANT
2026-08-12 10:17:50+00:00,system,uptime,1149,dbms,08-2026,couchbase-802-vanilla-ce-medium-medium-aws,1,ip-172-31-22-87,ranking,benchANT
2026-08-12 10:18:00+00:00,system,uptime,1159,dbms,08-2026,couchbase-802-vanilla-ce-medium-medium-aws,1,ip-172-31-22-87,ranking,benchANT
2026-08-12 10:18:10+00:00,system,uptime,1169,dbms,08-2026,couchbase-802-vanilla-ce-medium-medium-aws,1,ip-172-31-22-87,ranking,benchANT
2026-08-12 10:18:20+00:00,system,uptime,1179,dbms,08-2026,couchbase-802-vanilla-ce-medium-medium-aws,1,ip-172-31-22-87,ranking,benchANT
2026-08-12 10:18:30+00:00,system,uptime,1189,dbms,08-2026,couchbase-802-vanilla-ce-medium-medium-aws,1,ip-172-31-22-87,ranking,benchANT
2026-08-12 10:18:40+00:00,system,uptime,1199,dbms,08-2026,couchbase-802-vanilla-ce-medium-medium-aws,1,ip-172-31-22-87,ranking,benchANT
2026-08-12 10:18:50+00:00,system,uptime,1209,dbms,08-2026,couchbase-802-vanilla-ce-medium-medium-aws,1,ip-172-31-22-87,ranking,benchANT
2026-08-12 10:19:00+00:00,system,uptime,1219,dbms,08-2026,couchbase-802-vanilla-ce-medium-medium-aws,1,ip-172-31-22-87,ranking,benchANT
2026-08-12 10:19:10+00:00,system,uptime,1229,dbms,08-2026,couchbase-802-vanilla-ce-medium-medium-aws,1,ip-172-31-22-87,ranking,benchANT
2026-08-12 10:19:20+00:00,system,uptime,1239,dbms,08-2026,couchbase-802-vanilla-ce-medium-medium-aws,1,ip-172-31-22-87,ranking,benchANT
2026-08-12 10:19:30+00:00,system,uptime,1249,dbms,08-2026,couchbase-802-vanilla-ce-medium-medium-aws,1,ip-172-31-22-87,ranking,benchANT
2026-08-12 10:19:40+00:00,system,uptime,1259,dbms,08-2026,couchbase-802-vanilla-ce-medium-medium-aws,1,ip-172-31-22-87,ranking,benchANT
2026-08-12 10:19:50+00:00,system,uptime,1269,dbms,08-2026,couchbase-802-vanilla-ce-medium-medium-aws,1,ip-172-31-22-87,ranking,benchANT
2026-08-12 10:20:00+00:00,system,uptime,1279,dbms,08-2026,couchbase-802-vanilla-ce-medium-medium-aws,1,ip-172-31-22-87,ranking,benchANT
2026-08-12 10:20:10+00:00,system,uptime,1289,dbms,08-2026,couchbase-802-vanilla-ce-medium-medium-aws,1,ip-172-31-22-87,ranking,benchANT
2026-08-12 10:20:20+00:00,system,uptime,1299,dbms,08-2026,couchbase-802-vanilla-ce-medium-medium-aws,1,ip-172-31-22-87,ranking,benchANT
2026-08-12 10:20:30+00:00,system,uptime,1309,dbms,08-2026,couchbase-802-vanilla-ce-medium-medium-aws,1,ip-172-31-22-87,ranking,benchANT
2026-08-12 10:20:40+00:00,system,uptime,1319,dbms,08-2026,couchbase-802-vanilla-ce-medium-medium-aws,1,ip-172-31-22-87,ranking,benchANT
2026-08-12 10:20:50+00:00,system,uptime,1329,dbms,08-2026,couchbase-802-vanilla-ce-medium-medium-aws,1,ip-172-31-22-87,ranking,benchANT
2026-08-12 10:21:00+00:00,system,uptime,1339,dbms,08-2026,couchbase-802-vanilla-ce-medium-medium-aws,1,ip-172-31-22-87,ranking,benchANT
2026-08-12 10:21:10+00:00,system,uptime,1349,dbms,08-2026,couchbase-802-vanilla-ce-medium-medium-aws,1,ip-172-31-22-87,ranking,benchANT
2026-08-12 10:21:20+00:00,system,uptime,1359,dbms,08-2026,couchbase-802-vanilla-ce-medium-medium-aws,1,ip-172-31-22-87,ranking,benchANT
2026-08-12 10:21:30+00:00,system,uptime,1369,dbms,08-2026,couchbase-802-vanilla-ce-medium-medium-aws,1,ip-172-31-22-87,ranking,benchANT
2026-08-12 10:21:40+00:00,system,uptime,1379,dbms,08-2026,couchbase-802-vanilla-ce-medium-medium-aws,1,ip-172-31-22-87,ranking,benchANT
2026-08-12 10:21:50+00:00,system,uptime,1389,dbms,08-2026,couchbase-802-vanilla-ce-medium-medium-aws,1,ip-172-31-22-87,ranking,benchANT
2026-08-12 10:22:00+00:00,system,uptime,1399,dbms,08-2026,couchbase-802-vanilla-ce-medium-medium-aws,1,ip-172-31-22-87,ranking,benchANT
2026-08-12 10:22:10+00:00,system,uptime,1409,dbms,08-2026,couchbase-802-vanilla-ce-medium-medium-aws,1,ip-172-31-22-87,ranking,benchANT
2026-08-12 10:22:20+00:00,system,uptime,1419,dbms,08-2026,couchbase-802-vanilla-ce-medium-medium-aws,1,ip-172-31-22-87,ranking,benchANT
2026-08-12 10:22:30+00:00,system,uptime,1429,dbms,08-2026,couchbase-802-vanilla-ce-medium-medium-aws,1,ip-172-31-22-87,ranking,benchANT
2026-08-12 10:22:40+00:00,system,uptime,1439,dbms,08-2026,couchbase-802-vanilla-ce-medium-medium-aws,1,ip-172-31-22-87,ranking,benchANT
2026-08-12 10:22:50+00:00,system,uptime,1449,dbms,08-2026,couchbase-802-vanilla-ce-medium-medium-aws,1,ip-172-31-22-87,ranking,benchANT
2026-08-12 10:23:00+00:00,system,uptime,1459,dbms,08-2026,couchbase-802-vanilla-ce-medium-medium-aws,1,ip-172-31-22-87,ranking,benchANT
2026-08-12 10:23:10+00:00,system,uptime,1469,dbms,08-2026,couchbase-802-vanilla-ce-medium-medium-aws,1,ip-172-31-22-87,ranking,benchANT
2026-08-12 10:23:20+00:00,system,uptime,1479,dbms,08-2026,couchbase-802-vanilla-ce-medium-medium-aws,1,ip-172-31-22-87,ranking,benchANT
2026-08-12 10:23:30+00:00,system,uptime,1489,dbms,08-2026,couchbase-802-vanilla-ce-medium-medium-aws,1,ip-172-31-22-87,ranking,benchANT
2026-08-12 10:23:40+00:00,system,uptime,1499,dbms,08-2026,couchbase-802-vanilla-ce-medium-medium-aws,1,ip-172-31-22-87,ranking,benchANT
2026-08-12 10:23:50+00:00,system,uptime,1509,dbms,08-2026,couchbase-802-vanilla-ce-medium-medium-aws,1,ip-172-31-22-87,ranking,benchANT
2026-08-12 10:24:00+00:00,system,uptime,1519,dbms,08-2026,couchbase-802-vanilla-ce-medium-medium-aws,1,ip-172-31-22-87,ranking,benchANT
2026-08-12 10:24:10+00:00,system,uptime,1529,dbms,08-2026,couchbase-802-vanilla-ce-medium-medium-aws,1,ip-172-31-22-87,ranking,benchANT
2026-08-12 10:24:20+00:00,system,uptime,1539,dbms,08-2026,couchbase-802-vanilla-ce-medium-medium-aws,1,ip-172-31-22-87,ranking,benchANT
2026-08-12 10:24:30+00:00,system,uptime,1549,dbms,08-2026,couchbase-802-vanilla-ce-medium-medium-aws,1,ip-172-31-22-87,ranking,benchANT
2026-08-12 10:24:40+00:00,system,uptime,1559,dbms,08-2026,couchbase-802-vanilla-ce-medium-medium-aws,1,ip-172-31-22-87,ranking,benchANT
2026-08-12 10:24:50+00:00,system,uptime,1569,dbms,08-2026,couchbase-802-vanilla-ce-medium-medium-aws,1,ip-172-31-22-87,ranking,benchANT
2026-08-12 10:25:00+00:00,system,uptime,1579,dbms,08-2026,couchbase-802-vanilla-ce-medium-medium-aws,1,ip-172-31-22-87,ranking,benchANT
2026-08-12 10:25:10+00:00,system,uptime,1589,dbms,08-2026,couchbase-802-vanilla-ce-medium-medium-aws,1,ip-172-31-22-87,ranking,benchANT
2026-08-12 10:25:20+00:00,system,uptime,1599,dbms,08-2026,couchbase-802-vanilla-ce-medium-medium-aws,1,ip-172-31-22-87,ranking,benchANT
2026-08-12 10:25:30+00:00,system,uptime,1609,dbms,08-2026,couchbase-802-vanilla-ce-medium-medium-aws,1,ip-172-31-22-87,ranking,benchANT
2026-08-12 10:25:40+00:00,system,uptime,1619,dbms,08-2026,couchbase-802-vanilla-ce-medium-medium-aws,1,ip-172-31-22-87,ranking,benchANT
2026-08-12 10:25:50+00:00,system,uptime,1629,dbms,08-2026,couchbase-802-vanilla-ce-medium-medium-aws,1,ip-172-31-22-87,ranking,benchANT
2026-08-12 10:26:00+00:00,system,uptime,1639,dbms,08-2026,couchbase-802-vanilla-ce-medium-medium-aws,1,ip-172-31-22-87,ranking,benchANT
2026-08-12 10:26:10+00:00,system,uptime,1649,dbms,08-2026,couchbase-802-vanilla-ce-medium-medium-aws,1,ip-172-31-22-87,ranking,benchANT
2026-08-12 10:26:20+00:00,system,uptime,1659,dbms,08-2026,couchbase-802-vanilla-ce-medium-medium-aws,1,ip-172-31-22-87,ranking,benchANT
2026-08-12 10:13:40+00:00,system,uptime_format, 0:14,dbms,08-2026,couchbase-802-vanilla-ce-medium-medium-aws,1,ip-172-31-22-87,ranking,benchANT
2026-08-12 10:13:50+00:00,system,uptime_format, 0:15,dbms,08-2026,couchbase-802-vanilla-ce-medium-medium-aws,1,ip-172-31-22-87,ranking,benchANT
2026-08-12 10:14:00+00:00,system,uptime_format, 0:15,dbms,08-2026,couchbase-802-vanilla-ce-medium-medium-aws,1,ip-172-31-22-87,ranking,benchANT
2026-08-12 10:14:10+00:00,system,uptime_format, 0:15,dbms,08-2026,couchbase-802-vanilla-ce-medium-medium-aws,1,ip-172-31-22-87,ranking,benchANT
2026-08-12 10:14:20+00:00,system,uptime_format, 0:15,dbms,08-2026,couchbase-802-vanilla-ce-medium-medium-aws,1,ip-172-31-22-87,ranking,benchANT
2026-08-12 10:14:30+00:00,system,uptime_format, 0:15,dbms,08-2026,couchbase-802-vanilla-ce-medium-medium-aws,1,ip-172-31-22-87,ranking,benchANT
2026-08-12 10:14:40+00:00,system,uptime_format, 0:15,dbms,08-2026,couchbase-802-vanilla-ce-medium-medium-aws,1,ip-172-31-22-87,ranking,benchANT
2026-08-12 10:14:50+00:00,system,uptime_format, 0:16,dbms,08-2026,couchbase-802-vanilla-ce-medium-medium-aws,1,ip-172-31-22-87,ranking,benchANT
2026-08-12 10:15:00+00:00,system,uptime_format, 0:16,dbms,08-2026,couchbase-802-vanilla-ce-medium-medium-aws,1,ip-172-31-22-87,ranking,benchANT
2026-08-12 10:15:10+00:00,system,uptime_format, 0:16,dbms,08-2026,couchbase-802-vanilla-ce-medium-medium-aws,1,ip-172-31-22-87,ranking,benchANT
2026-08-12 10:15:20+00:00,system,uptime_format, 0:16,dbms,08-2026,couchbase-802-vanilla-ce-medium-medium-aws,1,ip-172-31-22-87,ranking,benchANT
2026-08-12 10:15:30+00:00,system,uptime_format, 0:16,dbms,08-2026,couchbase-802-vanilla-ce-medium-medium-aws,1,ip-172-31-22-87,ranking,benchANT
2026-08-12 10:15:40+00:00,system,uptime_format, 0:16,dbms,08-2026,couchbase-802-vanilla-ce-medium-medium-aws,1,ip-172-31-22-87,ranking,benchANT
2026-08-12 10:15:50+00:00,system,uptime_format, 0:17,dbms,08-2026,couchbase-802-vanilla-ce-medium-medium-aws,1,ip-172-31-22-87,ranking,benchANT
2026-08-12 10:16:00+00:00,system,uptime_format, 0:17,dbms,08-2026,couchbase-802-vanilla-ce-medium-medium-aws,1,ip-172-31-22-87,ranking,benchANT
2026-08-12 10:16:10+00:00,system,uptime_format, 0:17,dbms,08-2026,couchbase-802-vanilla-ce-medium-medium-aws,1,ip-172-31-22-87,ranking,benchANT
2026-08-12 10:16:20+00:00,system,uptime_format, 0:17,dbms,08-2026,couchbase-802-vanilla-ce-medium-medium-aws,1,ip-172-31-22-87,ranking,benchANT
2026-08-12 10:16:30+00:00,system,uptime_format, 0:17,dbms,08-2026,couchbase-802-vanilla-ce-medium-medium-aws,1,ip-172-31-22-87,ranking,benchANT
2026-08-12 10:16:40+00:00,system,uptime_format, 0:17,dbms,08-2026,couchbase-802-vanilla-ce-medium-medium-aws,1,ip-172-31-22-87,ranking,benchANT
2026-08-12 10:16:50+00:00,system,uptime_format, 0:18,dbms,08-2026,couchbase-802-vanilla-ce-medium-medium-aws,1,ip-172-31-22-87,ranking,benchANT
2026-08-12 10:17:00+00:00,system,uptime_format, 0:18,dbms,08-2026,couchbase-802-vanilla-ce-medium-medium-aws,1,ip-172-31-22-87,ranking,benchANT
2026-08-12 10:17:10+00:00,system,uptime_format, 0:18,dbms,08-2026,couchbase-802-vanilla-ce-medium-medium-aws,1,ip-172-31-22-87,ranking,benchANT
2026-08-12 10:17:20+00:00,system,uptime_format, 0:18,dbms,08-2026,couchbase-802-vanilla-ce-medium-medium-aws,1,ip-172-31-22-87,ranking,benchANT
2026-08-12 10:17:30+00:00,system,uptime_format, 0:18,dbms,08-2026,couchbase-802-vanilla-ce-medium-medium-aws,1,ip-172-31-22-87,ranking,benchANT
2026-08-12 10:17:40+00:00,system,uptime_format, 0:18,dbms,08-2026,couchbase-802-vanilla-ce-medium-medium-aws,1,ip-172-31-22-87,ranking,benchANT
2026-08-12 10:17:50+00:00,system,uptime_format, 0:19,dbms,08-2026,couchbase-802-vanilla-ce-medium-medium-aws,1,ip-172-31-22-87,ranking,benchANT
2026-08-12 10:18:00+00:00,system,uptime_format, 0:19,dbms,08-2026,couchbase-802-vanilla-ce-medium-medium-aws,1,ip-172-31-22-87,ranking,benchANT
2026-08-12 10:18:10+00:00,system,uptime_format, 0:19,dbms,08-2026,couchbase-802-vanilla-ce-medium-medium-aws,1,ip-172-31-22-87,ranking,benchANT
2026-08-12 10:18:20+00:00,system,uptime_format, 0:19,dbms,08-2026,couchbase-802-vanilla-ce-medium-medium-aws,1,ip-172-31-22-87,ranking,benchANT
2026-08-12 10:18:30+00:00,system,uptime_format, 0:19,dbms,08-2026,couchbase-802-vanilla-ce-medium-medium-aws,1,ip-172-31-22-87,ranking,benchANT
2026-08-12 10:18:40+00:00,system,uptime_format, 0:19,dbms,08-2026,couchbase-802-vanilla-ce-medium-medium-aws,1,ip-172-31-22-87,ranking,benchANT
2026-08-12 10:18:50+00:00,system,uptime_format, 0:20,dbms,08-2026,couchbase-802-vanilla-ce-medium-medium-aws,1,ip-172-31-22-87,ranking,benchANT
2026-08-12 10:19:00+00:00,system,uptime_format, 0:20,dbms,08-2026,couchbase-802-vanilla-ce-medium-medium-aws,1,ip-172-31-22-87,ranking,benchANT
2026-08-12 10:19:10+00:00,system,uptime_format, 0:20,dbms,08-2026,couchbase-802-vanilla-ce-medium-medium-aws,1,ip-172-31-22-87,ranking,benchANT
2026-08-12 10:19:20+00:00,system,uptime_format, 0:20,dbms,08-2026,couchbase-802-vanilla-ce-medium-medium-aws,1,ip-172-31-22-87,ranking,benchANT
2026-08-12 10:19:30+00:00,system,uptime_format, 0:20,dbms,08-2026,couchbase-802-vanilla-ce-medium-medium-aws,1,ip-172-31-22-87,ranking,benchANT
2026-08-12 10:19:40+00:00,system,uptime_format, 0:20,dbms,08-2026,couchbase-802-vanilla-ce-medium-medium-aws,1,ip-172-31-22-87,ranking,benchANT
2026-08-12 10:19:50+00:00,system,uptime_format, 0:21,dbms,08-2026,couchbase-802-vanilla-ce-medium-medium-aws,1,ip-172-31-22-87,ranking,benchANT
2026-08-12 10:20:00+00:00,system,uptime_format, 0:21,dbms,08-2026,couchbase-802-vanilla-ce-medium-medium-aws,1,ip-172-31-22-87,ranking,benchANT
2026-08-12 10:20:10+00:00,system,uptime_format, 0:21,dbms,08-2026,couchbase-802-vanilla-ce-medium-medium-aws,1,ip-172-31-22-87,ranking,benchANT
2026-08-12 10:20:20+00:00,system,uptime_format, 0:21,dbms,08-2026,couchbase-802-vanilla-ce-medium-medium-aws,1,ip-172-31-22-87,ranking,benchANT
2026-08-12 10:20:30+00:00,system,uptime_format, 0:21,dbms,08-2026,couchbase-802-vanilla-ce-medium-medium-aws,1,ip-172-31-22-87,ranking,benchANT
2026-08-12 10:20:40+00:00,system,uptime_format, 0:21,dbms,08-2026,couchbase-802-vanilla-ce-medium-medium-aws,1,ip-172-31-22-87,ranking,benchANT
2026-08-12 10:20:50+00:00,system,uptime_format, 0:22,dbms,08-2026,couchbase-802-vanilla-ce-medium-medium-aws,1,ip-172-31-22-87,ranking,benchANT
2026-08-12 10:21:00+00:00,system,uptime_format, 0:22,dbms,08-2026,couchbase-802-vanilla-ce-medium-medium-aws,1,ip-172-31-22-87,ranking,benchANT
2026-08-12 10:21:10+00:00,system,uptime_format, 0:22,dbms,08-2026,couchbase-802-vanilla-ce-medium-medium-aws,1,ip-172-31-22-87,ranking,benchANT
2026-08-12 10:21:20+00:00,system,uptime_format, 0:22,dbms,08-2026,couchbase-802-vanilla-ce-medium-medium-aws,1,ip-172-31-22-87,ranking,benchANT
2026-08-12 10:21:30+00:00,system,uptime_format, 0:22,dbms,08-2026,couchbase-802-vanilla-ce-medium-medium-aws,1,ip-172-31-22-87,ranking,benchANT
2026-08-12 10:21:40+00:00,system,uptime_format, 0:22,dbms,08-2026,couchbase-802-vanilla-ce-medium-medium-aws,1,ip-172-31-22-87,ranking,benchANT
2026-08-12 10:21:50+00:00,system,uptime_format, 0:23,dbms,08-2026,couchbase-802-vanilla-ce-medium-medium-aws,1,ip-172-31-22-87,ranking,benchANT
2026-08-12 10:22:00+00:00,system,uptime_format, 0:23,dbms,08-2026,couchbase-802-vanilla-ce-medium-medium-aws,1,ip-172-31-22-87,ranking,benchANT
2026-08-12 10:22:10+00:00,system,uptime_format, 0:23,dbms,08-2026,couchbase-802-vanilla-ce-medium-medium-aws,1,ip-172-31-22-87,ranking,benchANT
2026-08-12 10:22:20+00:00,system,uptime_format, 0:23,dbms,08-2026,couchbase-802-vanilla-ce-medium-medium-aws,1,ip-172-31-22-87,ranking,benchANT
2026-08-12 10:22:30+00:00,system,uptime_format, 0:23,dbms,08-2026,couchbase-802-vanilla-ce-medium-medium-aws,1,ip-172-31-22-87,ranking,benchANT
2026-08-12 10:22:40+00:00,system,uptime_format, 0:23,dbms,08-2026,couchbase-802-vanilla-ce-medium-medium-aws,1,ip-172-31-22-87,ranking,benchANT
2026-08-12 10:22:50+00:00,system,uptime_format, 0:24,dbms,08-2026,couchbase-802-vanilla-ce-medium-medium-aws,1,ip-172-31-22-87,ranking,benchANT
2026-08-12 10:23:00+00:00,system,uptime_format, 0:24,dbms,08-2026,couchbase-802-vanilla-ce-medium-medium-aws,1,ip-172-31-22-87,ranking,benchANT
2026-08-12 10:23:10+00:00,system,uptime_format, 0:24,dbms,08-2026,couchbase-802-vanilla-ce-medium-medium-aws,1,ip-172-31-22-87,ranking,benchANT
2026-08-12 10:23:20+00:00,system,uptime_format, 0:24,dbms,08-2026,couchbase-802-vanilla-ce-medium-medium-aws,1,ip-172-31-22-87,ranking,benchANT
2026-08-12 10:23:30+00:00,system,uptime_format, 0:24,dbms,08-2026,couchbase-802-vanilla-ce-medium-medium-aws,1,ip-172-31-22-87,ranking,benchANT
2026-08-12 10:23:40+00:00,system,uptime_format, 0:24,dbms,08-2026,couchbase-802-vanilla-ce-medium-medium-aws,1,ip-172-31-22-87,ranking,benchANT
2026-08-12 10:23:50+00:00,system,uptime_format, 0:25,dbms,08-2026,couchbase-802-vanilla-ce-medium-medium-aws,1,ip-172-31-22-87,ranking,benchANT
2026-08-12 10:24:00+00:00,system,uptime_format, 0:25,dbms,08-2026,couchbase-802-vanilla-ce-medium-medium-aws,1,ip-172-31-22-87,ranking,benchANT
2026-08-12 10:24:10+00:00,system,uptime_format, 0:25,dbms,08-2026,couchbase-802-vanilla-ce-medium-medium-aws,1,ip-172-31-22-87,ranking,benchANT
2026-08-12 10:24:20+00:00,system,uptime_format, 0:25,dbms,08-2026,couchbase-802-vanilla-ce-medium-medium-aws,1,ip-172-31-22-87,ranking,benchANT
2026-08-12 10:24:30+00:00,system,uptime_format, 0:25,dbms,08-2026,couchbase-802-vanilla-ce-medium-medium-aws,1,ip-172-31-22-87,ranking,benchANT
2026-08-12 10:24:40+00:00,system,uptime_format, 0:25,dbms,08-2026,couchbase-802-vanilla-ce-medium-medium-aws,1,ip-172-31-22-87,ranking,benchANT
2026-08-12 10:24:50+00:00,system,uptime_format, 0:26,dbms,08-2026,couchbase-802-vanilla-ce-medium-medium-aws,1,ip-172-31-22-87,ranking,benchANT
2026-08-12 10:25:00+00:00,system,uptime_format, 0:26,dbms,08-2026,couchbase-802-vanilla-ce-medium-medium-aws,1,ip-172-31-22-87,ranking,benchANT
2026-08-12 10:25:10+00:00,system,uptime_format, 0:26,dbms,08-2026,couchbase-802-vanilla-ce-medium-medium-aws,1,ip-172-31-22-87,ranking,benchANT
2026-08-12 10:25:20+00:00,system,uptime_format, 0:26,dbms,08-2026,couchbase-802-vanilla-ce-medium-medium-aws,1,ip-172-31-22-87,ranking,benchANT
2026-08-12 10:25:30+00:00,system,uptime_format, 0:26,dbms,08-2026,couchbase-802-vanilla-ce-medium-medium-aws,1,ip-172-31-22-87,ranking,benchANT
2026-08-12 10:25:40+00:00,system,uptime_format, 0:26,dbms,08-2026,couchbase-802-vanilla-ce-medium-medium-aws,1,ip-172-31-22-87,ranking,benchANT
2026-08-12 10:25:50+00:00,system,uptime_format, 0:27,dbms,08-2026,couchbase-802-vanilla-ce-medium-medium-aws,1,ip-172-31-22-87,ranking,benchANT
2026-08-12 10:26:00+00:00,system,uptime_format, 0:27,dbms,08-2026,couchbase-802-vanilla-ce-medium-medium-aws,1,ip-172-31-22-87,ranking,benchANT
2026-08-12 10:26:10+00:00,system,uptime_format, 0:27,dbms,08-2026,couchbase-802-vanilla-ce-medium-medium-aws,1,ip-172-31-22-87,ranking,benchANT
2026-08-12 10:26:20+00:00,system,uptime_format, 0:27,dbms,08-2026,couchbase-802-vanilla-ce-medium-medium-aws,1,ip-172-31-22-87,ranking,benchANT
2026-08-12 10:13:40+00:00,system,load1,0.16,dbms,08-2026,couchbase-802-vanilla-ce-medium-medium-aws,1,ip-172-31-25-191,ranking,benchANT
2026-08-12 10:13:50+00:00,system,load1,0.13,dbms,08-2026,couchbase-802-vanilla-ce-medium-medium-aws,1,ip-172-31-25-191,ranking,benchANT
2026-08-12 10:14:00+00:00,system,load1,0.58,dbms,08-2026,couchbase-802-vanilla-ce-medium-medium-aws,1,ip-172-31-25-191,ranking,benchANT
2026-08-12 10:14:10+00:00,system,load1,1.21,dbms,08-2026,couchbase-802-vanilla-ce-medium-medium-aws,1,ip-172-31-25-191,ranking,benchANT
2026-08-12 10:14:20+00:00,system,load1,1.55,dbms,08-2026,couchbase-802-vanilla-ce-medium-medium-aws,1,ip-172-31-25-191,ranking,benchANT
2026-08-12 10:14:30+00:00,system,load1,2.24,dbms,08-2026,couchbase-802-vanilla-ce-medium-medium-aws,1,ip-172-31-25-191,ranking,benchANT
2026-08-12 10:14:40+00:00,system,load1,3.14,dbms,08-2026,couchbase-802-vanilla-ce-medium-medium-aws,1,ip-172-31-25-191,ranking,benchANT
2026-08-12 10:14:50+00:00,system,load1,4.06,dbms,08-2026,couchbase-802-vanilla-ce-medium-medium-aws,1,ip-172-31-25-191,ranking,benchANT
2026-08-12 10:15:00+00:00,system,load1,4.76,dbms,08-2026,couchbase-802-vanilla-ce-medium-medium-aws,1,ip-172-31-25-191,ranking,benchANT
2026-08-12 10:15:10+00:00,system,load1,5.02,dbms,08-2026,couchbase-802-vanilla-ce-medium-medium-aws,1,ip-172-31-25-191,ranking,benchANT
2026-08-12 10:15:20+00:00,system,load1,5.71,dbms,08-2026,couchbase-802-vanilla-ce-medium-medium-aws,1,ip-172-31-25-191,ranking,benchANT
2026-08-12 10:15:30+00:00,system,load1,6.06,dbms,08-2026,couchbase-802-vanilla-ce-medium-medium-aws,1,ip-172-31-25-191,ranking,benchANT
2026-08-12 10:15:40+00:00,system,load1,6.27,dbms,08-2026,couchbase-802-vanilla-ce-medium-medium-aws,1,ip-172-31-25-191,ranking,benchANT
2026-08-12 10:15:50+00:00,system,load1,6.39,dbms,08-2026,couchbase-802-vanilla-ce-medium-medium-aws,1,ip-172-31-25-191,ranking,benchANT
2026-08-12 10:16:00+00:00,system,load1,6.71,dbms,08-2026,couchbase-802-vanilla-ce-medium-medium-aws,1,ip-172-31-25-191,ranking,benchANT
2026-08-12 10:16:10+00:00,system,load1,6.68,dbms,08-2026,couchbase-802-vanilla-ce-medium-medium-aws,1,ip-172-31-25-191,ranking,benchANT
2026-08-12 10:16:20+00:00,system,load1,6.89,dbms,08-2026,couchbase-802-vanilla-ce-medium-medium-aws,1,ip-172-31-25-191,ranking,benchANT
2026-08-12 10:16:30+00:00,system,load1,7.06,dbms,08-2026,couchbase-802-vanilla-ce-medium-medium-aws,1,ip-172-31-25-191,ranking,benchANT
2026-08-12 10:16:40+00:00,system,load1,7.59,dbms,08-2026,couchbase-802-vanilla-ce-medium-medium-aws,1,ip-172-31-25-191,ranking,benchANT
2026-08-12 10:16:50+00:00,system,load1,7.71,dbms,08-2026,couchbase-802-vanilla-ce-medium-medium-aws,1,ip-172-31-25-191,ranking,benchANT
2026-08-12 10:17:00+00:00,system,load1,7.75,dbms,08-2026,couchbase-802-vanilla-ce-medium-medium-aws,1,ip-172-31-25-191,ranking,benchANT
2026-08-12 10:17:10+00:00,system,load1,7.94,dbms,08-2026,couchbase-802-vanilla-ce-medium-medium-aws,1,ip-172-31-25-191,ranking,benchANT
2026-08-12 10:17:20+00:00,system,load1,7.95,dbms,08-2026,couchbase-802-vanilla-ce-medium-medium-aws,1,ip-172-31-25-191,ranking,benchANT
2026-08-12 10:17:30+00:00,system,load1,8.05,dbms,08-2026,couchbase-802-vanilla-ce-medium-medium-aws,1,ip-172-31-25-191,ranking,benchANT
2026-08-12 10:17:40+00:00,system,load1,8.05,dbms,08-2026,couchbase-802-vanilla-ce-medium-medium-aws,1,ip-172-31-25-191,ranking,benchANT
2026-08-12 10:17:50+00:00,system,load1,7.97,dbms,08-2026,couchbase-802-vanilla-ce-medium-medium-aws,1,ip-172-31-25-191,ranking,benchANT
2026-08-12 10:18:00+00:00,system,load1,7.97,dbms,08-2026,couchbase-802-vanilla-ce-medium-medium-aws,1,ip-172-31-25-191,ranking,benchANT
2026-08-12 10:18:10+00:00,system,load1,7.98,dbms,08-2026,couchbase-802-vanilla-ce-medium-medium-aws,1,ip-172-31-25-191,ranking,benchANT
2026-08-12 10:18:20+00:00,system,load1,7.67,dbms,08-2026,couchbase-802-vanilla-ce-medium-medium-aws,1,ip-172-31-25-191,ranking,benchANT
2026-08-12 10:18:30+00:00,system,load1,7.57,dbms,08-2026,couchbase-802-vanilla-ce-medium-medium-aws,1,ip-172-31-25-191,ranking,benchANT
2026-08-12 10:18:40+00:00,system,load1,7.86,dbms,08-2026,couchbase-802-vanilla-ce-medium-medium-aws,1,ip-172-31-25-191,ranking,benchANT
2026-08-12 10:18:50+00:00,system,load1,8.12,dbms,08-2026,couchbase-802-vanilla-ce-medium-medium-aws,1,ip-172-31-25-191,ranking,benchANT
2026-08-12 10:19:00+00:00,system,load1,7.86,dbms,08-2026,couchbase-802-vanilla-ce-medium-medium-aws,1,ip-172-31-25-191,ranking,benchANT
2026-08-12 10:19:10+00:00,system,load1,7.81,dbms,08-2026,couchbase-802-vanilla-ce-medium-medium-aws,1,ip-172-31-25-191,ranking,benchANT
2026-08-12 10:19:20+00:00,system,load1,7.76,dbms,08-2026,couchbase-802-vanilla-ce-medium-medium-aws,1,ip-172-31-25-191,ranking,benchANT
2026-08-12 10:19:30+00:00,system,load1,7.72,dbms,08-2026,couchbase-802-vanilla-ce-medium-medium-aws,1,ip-172-31-25-191,ranking,benchANT
2026-08-12 10:19:40+00:00,system,load1,7.68,dbms,08-2026,couchbase-802-vanilla-ce-medium-medium-aws,1,ip-172-31-25-191,ranking,benchANT
2026-08-12 10:19:50+00:00,system,load1,7.42,dbms,08-2026,couchbase-802-vanilla-ce-medium-medium-aws,1,ip-172-31-25-191,ranking,benchANT
2026-08-12 10:20:00+00:00,system,load1,7.43,dbms,08-2026,couchbase-802-vanilla-ce-medium-medium-aws,1,ip-172-31-25-191,ranking,benchANT
2026-08-12 10:20:10+00:00,system,load1,7.43,dbms,08-2026,couchbase-802-vanilla-ce-medium-medium-aws,1,ip-172-31-25-191,ranking,benchANT
2026-08-12 10:20:20+00:00,system,load1,7.58,dbms,08-2026,couchbase-802-vanilla-ce-medium-medium-aws,1,ip-172-31-25-191,ranking,benchANT
2026-08-12 10:20:30+00:00,system,load1,7.79,dbms,08-2026,couchbase-802-vanilla-ce-medium-medium-aws,1,ip-172-31-25-191,ranking,benchANT
2026-08-12 10:20:40+00:00,system,load1,7.82,dbms,08-2026,couchbase-802-vanilla-ce-medium-medium-aws,1,ip-172-31-25-191,ranking,benchANT
2026-08-12 10:20:50+00:00,system,load1,8.16,dbms,08-2026,couchbase-802-vanilla-ce-medium-medium-aws,1,ip-172-31-25-191,ranking,benchANT
2026-08-12 10:21:00+00:00,system,load1,8.3,dbms,08-2026,couchbase-802-vanilla-ce-medium-medium-aws,1,ip-172-31-25-191,ranking,benchANT
2026-08-12 10:21:10+00:00,system,load1,8.48,dbms,08-2026,couchbase-802-vanilla-ce-medium-medium-aws,1,ip-172-31-25-191,ranking,benchANT
2026-08-12 10:21:20+00:00,system,load1,8.49,dbms,08-2026,couchbase-802-vanilla-ce-medium-medium-aws,1,ip-172-31-25-191,ranking,benchANT
2026-08-12 10:21:30+00:00,system,load1,8.41,dbms,08-2026,couchbase-802-vanilla-ce-medium-medium-aws,1,ip-172-31-25-191,ranking,benchANT
2026-08-12 10:21:40+00:00,system,load1,8.74,dbms,08-2026,couchbase-802-vanilla-ce-medium-medium-aws,1,ip-172-31-25-191,ranking,benchANT
2026-08-12 10:21:50+00:00,system,load1,8.56,dbms,08-2026,couchbase-802-vanilla-ce-medium-medium-aws,1,ip-172-31-25-191,ranking,benchANT
2026-08-12 10:22:00+00:00,system,load1,8.4,dbms,08-2026,couchbase-802-vanilla-ce-medium-medium-aws,1,ip-172-31-25-191,ranking,benchANT
2026-08-12 10:22:10+00:00,system,load1,8.57,dbms,08-2026,couchbase-802-vanilla-ce-medium-medium-aws,1,ip-172-31-25-191,ranking,benchANT
2026-08-12 10:22:20+00:00,system,load1,8.79,dbms,08-2026,couchbase-802-vanilla-ce-medium-medium-aws,1,ip-172-31-25-191,ranking,benchANT
2026-08-12 10:22:30+00:00,system,load1,8.6,dbms,08-2026,couchbase-802-vanilla-ce-medium-medium-aws,1,ip-172-31-25-191,ranking,benchANT
2026-08-12 10:22:40+00:00,system,load1,8.52,dbms,08-2026,couchbase-802-vanilla-ce-medium-medium-aws,1,ip-172-31-25-191,ranking,benchANT
2026-08-12 10:22:50+00:00,system,load1,8.37,dbms,08-2026,couchbase-802-vanilla-ce-medium-medium-aws,1,ip-172-31-25-191,ranking,benchANT
2026-08-12 10:23:00+00:00,system,load1,8.39,dbms,08-2026,couchbase-802-vanilla-ce-medium-medium-aws,1,ip-172-31-25-191,ranking,benchANT
2026-08-12 10:23:10+00:00,system,load1,8.48,dbms,08-2026,couchbase-802-vanilla-ce-medium-medium-aws,1,ip-172-31-25-191,ranking,benchANT
2026-08-12 10:23:20+00:00,system,load1,8.7,dbms,08-2026,couchbase-802-vanilla-ce-medium-medium-aws,1,ip-172-31-25-191,ranking,benchANT
2026-08-12 10:23:30+00:00,system,load1,8.75,dbms,08-2026,couchbase-802-vanilla-ce-medium-medium-aws,1,ip-172-31-25-191,ranking,benchANT
2026-08-12 10:23:40+00:00,system,load1,9.08,dbms,08-2026,couchbase-802-vanilla-ce-medium-medium-aws,1,ip-172-31-25-191,ranking,benchANT
2026-08-12 10:23:50+00:00,system,load1,8.99,dbms,08-2026,couchbase-802-vanilla-ce-medium-medium-aws,1,ip-172-31-25-191,ranking,benchANT
2026-08-12 10:24:00+00:00,system,load1,9.23,dbms,08-2026,couchbase-802-vanilla-ce-medium-medium-aws,1,ip-172-31-25-191,ranking,benchANT
2026-08-12 10:24:10+00:00,system,load1,9.42,dbms,08-2026,couchbase-802-vanilla-ce-medium-medium-aws,1,ip-172-31-25-191,ranking,benchANT
2026-08-12 10:24:20+00:00,system,load1,9.67,dbms,08-2026,couchbase-802-vanilla-ce-medium-medium-aws,1,ip-172-31-25-191,ranking,benchANT
2026-08-12 10:24:30+00:00,system,load1,9.57,dbms,08-2026,couchbase-802-vanilla-ce-medium-medium-aws,1,ip-172-31-25-191,ranking,benchANT
2026-08-12 10:24:40+00:00,system,load1,9.49,dbms,08-2026,couchbase-802-vanilla-ce-medium-medium-aws,1,ip-172-31-25-191,ranking,benchANT
2026-08-12 10:24:50+00:00,system,load1,9.71,dbms,08-2026,couchbase-802-vanilla-ce-medium-medium-aws,1,ip-172-31-25-191,ranking,benchANT
2026-08-12 10:25:00+00:00,system,load1,10.07,dbms,08-2026,couchbase-802-vanilla-ce-medium-medium-aws,1,ip-172-31-25-191,ranking,benchANT
2026-08-12 10:25:10+00:00,system,load1,9.91,dbms,08-2026,couchbase-802-vanilla-ce-medium-medium-aws,1,ip-172-31-25-191,ranking,benchANT
2026-08-12 10:25:20+00:00,system,load1,10.08,dbms,08-2026,couchbase-802-vanilla-ce-medium-medium-aws,1,ip-172-31-25-191,ranking,benchANT
2026-08-12 10:25:30+00:00,system,load1,9.97,dbms,08-2026,couchbase-802-vanilla-ce-medium-medium-aws,1,ip-172-31-25-191,ranking,benchANT
2026-08-12 10:25:40+00:00,system,load1,10.35,dbms,08-2026,couchbase-802-vanilla-ce-medium-medium-aws,1,ip-172-31-25-191,ranking,benchANT
2026-08-12 10:25:50+00:00,system,load1,10.61,dbms,08-2026,couchbase-802-vanilla-ce-medium-medium-aws,1,ip-172-31-25-191,ranking,benchANT
2026-08-12 10:26:00+00:00,system,load1,10.36,dbms,08-2026,couchbase-802-vanilla-ce-medium-medium-aws,1,ip-172-31-25-191,ranking,benchANT
2026-08-12 10:26:10+00:00,system,load1,10.31,dbms,08-2026,couchbase-802-vanilla-ce-medium-medium-aws,1,ip-172-31-25-191,ranking,benchANT
2026-08-12 10:26:20+00:00,system,load1,9.39,dbms,08-2026,couchbase-802-vanilla-ce-medium-medium-aws,1,ip-172-31-25-191,ranking,benchANT
2026-08-12 10:13:40+00:00,system,load15,0.75,dbms,08-2026,couchbase-802-vanilla-ce-medium-medium-aws,1,ip-172-31-25-191,ranking,benchANT
2026-08-12 10:13:50+00:00,system,load15,0.75,dbms,08-2026,couchbase-802-vanilla-ce-medium-medium-aws,1,ip-172-31-25-191,ranking,benchANT
2026-08-12 10:14:00+00:00,system,load15,0.77,dbms,08-2026,couchbase-802-vanilla-ce-medium-medium-aws,1,ip-172-31-25-191,ranking,benchANT
2026-08-12 10:14:10+00:00,system,load15,0.81,dbms,08-2026,couchbase-802-vanilla-ce-medium-medium-aws,1,ip-172-31-25-191,ranking,benchANT
2026-08-12 10:14:20+00:00,system,load15,0.84,dbms,08-2026,couchbase-802-vanilla-ce-medium-medium-aws,1,ip-172-31-25-191,ranking,benchANT
2026-08-12 10:14:30+00:00,system,load15,0.9,dbms,08-2026,couchbase-802-vanilla-ce-medium-medium-aws,1,ip-172-31-25-191,ranking,benchANT
2026-08-12 10:14:40+00:00,system,load15,0.97,dbms,08-2026,couchbase-802-vanilla-ce-medium-medium-aws,1,ip-172-31-25-191,ranking,benchANT
2026-08-12 10:14:50+00:00,system,load15,1.06,dbms,08-2026,couchbase-802-vanilla-ce-medium-medium-aws,1,ip-172-31-25-191,ranking,benchANT
2026-08-12 10:15:00+00:00,system,load15,1.14,dbms,08-2026,couchbase-802-vanilla-ce-medium-medium-aws,1,ip-172-31-25-191,ranking,benchANT
2026-08-12 10:15:10+00:00,system,load15,1.2,dbms,08-2026,couchbase-802-vanilla-ce-medium-medium-aws,1,ip-172-31-25-191,ranking,benchANT
2026-08-12 10:15:20+00:00,system,load15,1.29,dbms,08-2026,couchbase-802-vanilla-ce-medium-medium-aws,1,ip-172-31-25-191,ranking,benchANT
2026-08-12 10:15:30+00:00,system,load15,1.36,dbms,08-2026,couchbase-802-vanilla-ce-medium-medium-aws,1,ip-172-31-25-191,ranking,benchANT
2026-08-12 10:15:40+00:00,system,load15,1.43,dbms,08-2026,couchbase-802-vanilla-ce-medium-medium-aws,1,ip-172-31-25-191,ranking,benchANT
2026-08-12 10:15:50+00:00,system,load15,1.49,dbms,08-2026,couchbase-802-vanilla-ce-medium-medium-aws,1,ip-172-31-25-191,ranking,benchANT
2026-08-12 10:16:00+00:00,system,load15,1.56,dbms,08-2026,couchbase-802-vanilla-ce-medium-medium-aws,1,ip-172-31-25-191,ranking,benchANT
2026-08-12 10:16:10+00:00,system,load15,1.62,dbms,08-2026,couchbase-802-vanilla-ce-medium-medium-aws,1,ip-172-31-25-191,ranking,benchANT
2026-08-12 10:16:20+00:00,system,load15,1.68,dbms,08-2026,couchbase-802-vanilla-ce-medium-medium-aws,1,ip-172-31-25-191,ranking,benchANT
2026-08-12 10:16:30+00:00,system,load15,1.75,dbms,08-2026,couchbase-802-vanilla-ce-medium-medium-aws,1,ip-172-31-25-191,ranking,benchANT
2026-08-12 10:16:40+00:00,system,load15,1.85,dbms,08-2026,couchbase-802-vanilla-ce-medium-medium-aws,1,ip-172-31-25-191,ranking,benchANT
2026-08-12 10:16:50+00:00,system,load15,1.92,dbms,08-2026,couchbase-802-vanilla-ce-medium-medium-aws,1,ip-172-31-25-191,ranking,benchANT
2026-08-12 10:17:00+00:00,system,load15,1.98,dbms,08-2026,couchbase-802-vanilla-ce-medium-medium-aws,1,ip-172-31-25-191,ranking,benchANT
2026-08-12 10:17:10+00:00,system,load15,2.06,dbms,08-2026,couchbase-802-vanilla-ce-medium-medium-aws,1,ip-172-31-25-191,ranking,benchANT
2026-08-12 10:17:20+00:00,system,load15,2.12,dbms,08-2026,couchbase-802-vanilla-ce-medium-medium-aws,1,ip-172-31-25-191,ranking,benchANT
2026-08-12 10:17:30+00:00,system,load15,2.19,dbms,08-2026,couchbase-802-vanilla-ce-medium-medium-aws,1,ip-172-31-25-191,ranking,benchANT
2026-08-12 10:17:40+00:00,system,load15,2.25,dbms,08-2026,couchbase-802-vanilla-ce-medium-medium-aws,1,ip-172-31-25-191,ranking,benchANT
2026-08-12 10:17:50+00:00,system,load15,2.31,dbms,08-2026,couchbase-802-vanilla-ce-medium-medium-aws,1,ip-172-31-25-191,ranking,benchANT
2026-08-12 10:18:00+00:00,system,load15,2.37,dbms,08-2026,couchbase-802-vanilla-ce-medium-medium-aws,1,ip-172-31-25-191,ranking,benchANT
2026-08-12 10:18:10+00:00,system,load15,2.43,dbms,08-2026,couchbase-802-vanilla-ce-medium-medium-aws,1,ip-172-31-25-191,ranking,benchANT
2026-08-12 10:18:20+00:00,system,load15,2.47,dbms,08-2026,couchbase-802-vanilla-ce-medium-medium-aws,1,ip-172-31-25-191,ranking,benchANT
2026-08-12 10:18:30+00:00,system,load15,2.52,dbms,08-2026,couchbase-802-vanilla-ce-medium-medium-aws,1,ip-172-31-25-191,ranking,benchANT
2026-08-12 10:18:40+00:00,system,load15,2.6,dbms,08-2026,couchbase-802-vanilla-ce-medium-medium-aws,1,ip-172-31-25-191,ranking,benchANT
2026-08-12 10:18:50+00:00,system,load15,2.67,dbms,08-2026,couchbase-802-vanilla-ce-medium-medium-aws,1,ip-172-31-25-191,ranking,benchANT
2026-08-12 10:19:00+00:00,system,load15,2.71,dbms,08-2026,couchbase-802-vanilla-ce-medium-medium-aws,1,ip-172-31-25-191,ranking,benchANT
2026-08-12 10:19:10+00:00,system,load15,2.76,dbms,08-2026,couchbase-802-vanilla-ce-medium-medium-aws,1,ip-172-31-25-191,ranking,benchANT
2026-08-12 10:19:20+00:00,system,load15,2.82,dbms,08-2026,couchbase-802-vanilla-ce-medium-medium-aws,1,ip-172-31-25-191,ranking,benchANT
2026-08-12 10:19:30+00:00,system,load15,2.87,dbms,08-2026,couchbase-802-vanilla-ce-medium-medium-aws,1,ip-172-31-25-191,ranking,benchANT
2026-08-12 10:19:40+00:00,system,load15,2.92,dbms,08-2026,couchbase-802-vanilla-ce-medium-medium-aws,1,ip-172-31-25-191,ranking,benchANT
2026-08-12 10:19:50+00:00,system,load15,2.95,dbms,08-2026,couchbase-802-vanilla-ce-medium-medium-aws,1,ip-172-31-25-191,ranking,benchANT
2026-08-12 10:20:00+00:00,system,load15,3.0,dbms,08-2026,couchbase-802-vanilla-ce-medium-medium-aws,1,ip-172-31-25-191,ranking,benchANT
2026-08-12 10:20:10+00:00,system,load15,3.05,dbms,08-2026,couchbase-802-vanilla-ce-medium-medium-aws,1,ip-172-31-25-191,ranking,benchANT
2026-08-12 10:20:20+00:00,system,load15,3.11,dbms,08-2026,couchbase-802-vanilla-ce-medium-medium-aws,1,ip-172-31-25-191,ranking,benchANT
2026-08-12 10:20:30+00:00,system,load15,3.17,dbms,08-2026,couchbase-802-vanilla-ce-medium-medium-aws,1,ip-172-31-25-191,ranking,benchANT
2026-08-12 10:20:40+00:00,system,load15,3.22,dbms,08-2026,couchbase-802-vanilla-ce-medium-medium-aws,1,ip-172-31-25-191,ranking,benchANT
2026-08-12 10:20:50+00:00,system,load15,3.3,dbms,08-2026,couchbase-802-vanilla-ce-medium-medium-aws,1,ip-172-31-25-191,ranking,benchANT
2026-08-12 10:21:00+00:00,system,load15,3.36,dbms,08-2026,couchbase-802-vanilla-ce-medium-medium-aws,1,ip-172-31-25-191,ranking,benchANT
2026-08-12 10:21:10+00:00,system,load15,3.42,dbms,08-2026,couchbase-802-vanilla-ce-medium-medium-aws,1,ip-172-31-25-191,ranking,benchANT
2026-08-12 10:21:20+00:00,system,load15,3.48,dbms,08-2026,couchbase-802-vanilla-ce-medium-medium-aws,1,ip-172-31-25-191,ranking,benchANT
2026-08-12 10:21:30+00:00,system,load15,3.53,dbms,08-2026,couchbase-802-vanilla-ce-medium-medium-aws,1,ip-172-31-25-191,ranking,benchANT
2026-08-12 10:21:40+00:00,system,load15,3.6,dbms,08-2026,couchbase-802-vanilla-ce-medium-medium-aws,1,ip-172-31-25-191,ranking,benchANT
2026-08-12 10:21:50+00:00,system,load15,3.65,dbms,08-2026,couchbase-802-vanilla-ce-medium-medium-aws,1,ip-172-31-25-191,ranking,benchANT
2026-08-12 10:22:00+00:00,system,load15,3.69,dbms,08-2026,couchbase-802-vanilla-ce-medium-medium-aws,1,ip-172-31-25-191,ranking,benchANT
2026-08-12 10:22:10+00:00,system,load15,3.75,dbms,08-2026,couchbase-802-vanilla-ce-medium-medium-aws,1,ip-172-31-25-191,ranking,benchANT
2026-08-12 10:22:20+00:00,system,load15,3.82,dbms,08-2026,couchbase-802-vanilla-ce-medium-medium-aws,1,ip-172-31-25-191,ranking,benchANT
2026-08-12 10:22:30+00:00,system,load15,3.86,dbms,08-2026,couchbase-802-vanilla-ce-medium-medium-aws,1,ip-172-31-25-191,ranking,benchANT
2026-08-12 10:22:40+00:00,system,load15,3.9,dbms,08-2026,couchbase-802-vanilla-ce-medium-medium-aws,1,ip-172-31-25-191,ranking,benchANT
2026-08-12 10:22:50+00:00,system,load15,3.94,dbms,08-2026,couchbase-802-vanilla-ce-medium-medium-aws,1,ip-172-31-25-191,ranking,benchANT
2026-08-12 10:23:00+00:00,system,load15,3.99,dbms,08-2026,couchbase-802-vanilla-ce-medium-medium-aws,1,ip-172-31-25-191,ranking,benchANT
2026-08-12 10:23:10+00:00,system,load15,4.04,dbms,08-2026,couchbase-802-vanilla-ce-medium-medium-aws,1,ip-172-31-25-191,ranking,benchANT
2026-08-12 10:23:20+00:00,system,load15,4.11,dbms,08-2026,couchbase-802-vanilla-ce-medium-medium-aws,1,ip-172-31-25-191,ranking,benchANT
2026-08-12 10:23:30+00:00,system,load15,4.16,dbms,08-2026,couchbase-802-vanilla-ce-medium-medium-aws,1,ip-172-31-25-191,ranking,benchANT
2026-08-12 10:23:40+00:00,system,load15,4.24,dbms,08-2026,couchbase-802-vanilla-ce-medium-medium-aws,1,ip-172-31-25-191,ranking,benchANT
2026-08-12 10:23:50+00:00,system,load15,4.28,dbms,08-2026,couchbase-802-vanilla-ce-medium-medium-aws,1,ip-172-31-25-191,ranking,benchANT
2026-08-12 10:24:00+00:00,system,load15,4.35,dbms,08-2026,couchbase-802-vanilla-ce-medium-medium-aws,1,ip-172-31-25-191,ranking,benchANT
2026-08-12 10:24:10+00:00,system,load15,4.42,dbms,08-2026,couchbase-802-vanilla-ce-medium-medium-aws,1,ip-172-31-25-191,ranking,benchANT
2026-08-12 10:24:20+00:00,system,load15,4.49,dbms,08-2026,couchbase-802-vanilla-ce-medium-medium-aws,1,ip-172-31-25-191,ranking,benchANT
2026-08-12 10:24:30+00:00,system,load15,4.54,dbms,08-2026,couchbase-802-vanilla-ce-medium-medium-aws,1,ip-172-31-25-191,ranking,benchANT
2026-08-12 10:24:40+00:00,system,load15,4.58,dbms,08-2026,couchbase-802-vanilla-ce-medium-medium-aws,1,ip-172-31-25-191,ranking,benchANT
2026-08-12 10:24:50+00:00,system,load15,4.65,dbms,08-2026,couchbase-802-vanilla-ce-medium-medium-aws,1,ip-172-31-25-191,ranking,benchANT
2026-08-12 10:25:00+00:00,system,load15,4.73,dbms,08-2026,couchbase-802-vanilla-ce-medium-medium-aws,1,ip-172-31-25-191,ranking,benchANT
2026-08-12 10:25:10+00:00,system,load15,4.78,dbms,08-2026,couchbase-802-vanilla-ce-medium-medium-aws,1,ip-172-31-25-191,ranking,benchANT
2026-08-12 10:25:20+00:00,system,load15,4.85,dbms,08-2026,couchbase-802-vanilla-ce-medium-medium-aws,1,ip-172-31-25-191,ranking,benchANT
2026-08-12 10:25:30+00:00,system,load15,4.9,dbms,08-2026,couchbase-802-vanilla-ce-medium-medium-aws,1,ip-172-31-25-191,ranking,benchANT
2026-08-12 10:25:40+00:00,system,load15,4.98,dbms,08-2026,couchbase-802-vanilla-ce-medium-medium-aws,1,ip-172-31-25-191,ranking,benchANT
2026-08-12 10:25:50+00:00,system,load15,5.05,dbms,08-2026,couchbase-802-vanilla-ce-medium-medium-aws,1,ip-172-31-25-191,ranking,benchANT
2026-08-12 10:26:00+00:00,system,load15,5.1,dbms,08-2026,couchbase-802-vanilla-ce-medium-medium-aws,1,ip-172-31-25-191,ranking,benchANT
2026-08-12 10:26:10+00:00,system,load15,5.15,dbms,08-2026,couchbase-802-vanilla-ce-medium-medium-aws,1,ip-172-31-25-191,ranking,benchANT
2026-08-12 10:26:20+00:00,system,load15,5.14,dbms,08-2026,couchbase-802-vanilla-ce-medium-medium-aws,1,ip-172-31-25-191,ranking,benchANT
2026-08-12 10:13:40+00:00,system,load5,0.93,dbms,08-2026,couchbase-802-vanilla-ce-medium-medium-aws,1,ip-172-31-25-191,ranking,benchANT
2026-08-12 10:13:50+00:00,system,load5,0.9,dbms,08-2026,couchbase-802-vanilla-ce-medium-medium-aws,1,ip-172-31-25-191,ranking,benchANT
2026-08-12 10:14:00+00:00,system,load5,0.97,dbms,08-2026,couchbase-802-vanilla-ce-medium-medium-aws,1,ip-172-31-25-191,ranking,benchANT
2026-08-12 10:14:10+00:00,system,load5,1.08,dbms,08-2026,couchbase-802-vanilla-ce-medium-medium-aws,1,ip-172-31-25-191,ranking,benchANT
2026-08-12 10:14:20+00:00,system,load5,1.16,dbms,08-2026,couchbase-802-vanilla-ce-medium-medium-aws,1,ip-172-31-25-191,ranking,benchANT
2026-08-12 10:14:30+00:00,system,load5,1.32,dbms,08-2026,couchbase-802-vanilla-ce-medium-medium-aws,1,ip-172-31-25-191,ranking,benchANT
2026-08-12 10:14:40+00:00,system,load5,1.54,dbms,08-2026,couchbase-802-vanilla-ce-medium-medium-aws,1,ip-172-31-25-191,ranking,benchANT
2026-08-12 10:14:50+00:00,system,load5,1.79,dbms,08-2026,couchbase-802-vanilla-ce-medium-medium-aws,1,ip-172-31-25-191,ranking,benchANT
2026-08-12 10:15:00+00:00,system,load5,2.01,dbms,08-2026,couchbase-802-vanilla-ce-medium-medium-aws,1,ip-172-31-25-191,ranking,benchANT
2026-08-12 10:15:10+00:00,system,load5,2.16,dbms,08-2026,couchbase-802-vanilla-ce-medium-medium-aws,1,ip-172-31-25-191,ranking,benchANT
2026-08-12 10:15:20+00:00,system,load5,2.4,dbms,08-2026,couchbase-802-vanilla-ce-medium-medium-aws,1,ip-172-31-25-191,ranking,benchANT
2026-08-12 10:15:30+00:00,system,load5,2.59,dbms,08-2026,couchbase-802-vanilla-ce-medium-medium-aws,1,ip-172-31-25-191,ranking,benchANT
2026-08-12 10:15:40+00:00,system,load5,2.75,dbms,08-2026,couchbase-802-vanilla-ce-medium-medium-aws,1,ip-172-31-25-191,ranking,benchANT
2026-08-12 10:15:50+00:00,system,load5,2.89,dbms,08-2026,couchbase-802-vanilla-ce-medium-medium-aws,1,ip-172-31-25-191,ranking,benchANT
2026-08-12 10:16:00+00:00,system,load5,3.08,dbms,08-2026,couchbase-802-vanilla-ce-medium-medium-aws,1,ip-172-31-25-191,ranking,benchANT
2026-08-12 10:16:10+00:00,system,load5,3.19,dbms,08-2026,couchbase-802-vanilla-ce-medium-medium-aws,1,ip-172-31-25-191,ranking,benchANT
2026-08-12 10:16:20+00:00,system,load5,3.35,dbms,08-2026,couchbase-802-vanilla-ce-medium-medium-aws,1,ip-172-31-25-191,ranking,benchANT
2026-08-12 10:16:30+00:00,system,load5,3.5,dbms,08-2026,couchbase-802-vanilla-ce-medium-medium-aws,1,ip-172-31-25-191,ranking,benchANT
2026-08-12 10:16:40+00:00,system,load5,3.73,dbms,08-2026,couchbase-802-vanilla-ce-medium-medium-aws,1,ip-172-31-25-191,ranking,benchANT
2026-08-12 10:16:50+00:00,system,load5,3.89,dbms,08-2026,couchbase-802-vanilla-ce-medium-medium-aws,1,ip-172-31-25-191,ranking,benchANT
2026-08-12 10:17:00+00:00,system,load5,4.02,dbms,08-2026,couchbase-802-vanilla-ce-medium-medium-aws,1,ip-172-31-25-191,ranking,benchANT
2026-08-12 10:17:10+00:00,system,load5,4.19,dbms,08-2026,couchbase-802-vanilla-ce-medium-medium-aws,1,ip-172-31-25-191,ranking,benchANT
2026-08-12 10:17:20+00:00,system,load5,4.32,dbms,08-2026,couchbase-802-vanilla-ce-medium-medium-aws,1,ip-172-31-25-191,ranking,benchANT
2026-08-12 10:17:30+00:00,system,load5,4.45,dbms,08-2026,couchbase-802-vanilla-ce-medium-medium-aws,1,ip-172-31-25-191,ranking,benchANT
2026-08-12 10:17:40+00:00,system,load5,4.57,dbms,08-2026,couchbase-802-vanilla-ce-medium-medium-aws,1,ip-172-31-25-191,ranking,benchANT
2026-08-12 10:17:50+00:00,system,load5,4.67,dbms,08-2026,couchbase-802-vanilla-ce-medium-medium-aws,1,ip-172-31-25-191,ranking,benchANT
2026-08-12 10:18:00+00:00,system,load5,4.78,dbms,08-2026,couchbase-802-vanilla-ce-medium-medium-aws,1,ip-172-31-25-191,ranking,benchANT
2026-08-12 10:18:10+00:00,system,load5,4.89,dbms,08-2026,couchbase-802-vanilla-ce-medium-medium-aws,1,ip-172-31-25-191,ranking,benchANT
2026-08-12 10:18:20+00:00,system,load5,4.92,dbms,08-2026,couchbase-802-vanilla-ce-medium-medium-aws,1,ip-172-31-25-191,ranking,benchANT
2026-08-12 10:18:30+00:00,system,load5,4.99,dbms,08-2026,couchbase-802-vanilla-ce-medium-medium-aws,1,ip-172-31-25-191,ranking,benchANT
2026-08-12 10:18:40+00:00,system,load5,5.14,dbms,08-2026,couchbase-802-vanilla-ce-medium-medium-aws,1,ip-172-31-25-191,ranking,benchANT
2026-08-12 10:18:50+00:00,system,load5,5.29,dbms,08-2026,couchbase-802-vanilla-ce-medium-medium-aws,1,ip-172-31-25-191,ranking,benchANT
2026-08-12 10:19:00+00:00,system,load5,5.33,dbms,08-2026,couchbase-802-vanilla-ce-medium-medium-aws,1,ip-172-31-25-191,ranking,benchANT
2026-08-12 10:19:10+00:00,system,load5,5.4,dbms,08-2026,couchbase-802-vanilla-ce-medium-medium-aws,1,ip-172-31-25-191,ranking,benchANT
2026-08-12 10:19:20+00:00,system,load5,5.47,dbms,08-2026,couchbase-802-vanilla-ce-medium-medium-aws,1,ip-172-31-25-191,ranking,benchANT
2026-08-12 10:19:30+00:00,system,load5,5.53,dbms,08-2026,couchbase-802-vanilla-ce-medium-medium-aws,1,ip-172-31-25-191,ranking,benchANT
2026-08-12 10:19:40+00:00,system,load5,5.6,dbms,08-2026,couchbase-802-vanilla-ce-medium-medium-aws,1,ip-172-31-25-191,ranking,benchANT
2026-08-12 10:19:50+00:00,system,load5,5.61,dbms,08-2026,couchbase-802-vanilla-ce-medium-medium-aws,1,ip-172-31-25-191,ranking,benchANT
2026-08-12 10:20:00+00:00,system,load5,5.68,dbms,08-2026,couchbase-802-vanilla-ce-medium-medium-aws,1,ip-172-31-25-191,ranking,benchANT
2026-08-12 10:20:10+00:00,system,load5,5.74,dbms,08-2026,couchbase-802-vanilla-ce-medium-medium-aws,1,ip-172-31-25-191,ranking,benchANT
2026-08-12 10:20:20+00:00,system,load5,5.83,dbms,08-2026,couchbase-802-vanilla-ce-medium-medium-aws,1,ip-172-31-25-191,ranking,benchANT
2026-08-12 10:20:30+00:00,system,load5,5.93,dbms,08-2026,couchbase-802-vanilla-ce-medium-medium-aws,1,ip-172-31-25-191,ranking,benchANT
2026-08-12 10:20:40+00:00,system,load5,6.0,dbms,08-2026,couchbase-802-vanilla-ce-medium-medium-aws,1,ip-172-31-25-191,ranking,benchANT
2026-08-12 10:20:50+00:00,system,load5,6.13,dbms,08-2026,couchbase-802-vanilla-ce-medium-medium-aws,1,ip-172-31-25-191,ranking,benchANT
2026-08-12 10:21:00+00:00,system,load5,6.23,dbms,08-2026,couchbase-802-vanilla-ce-medium-medium-aws,1,ip-172-31-25-191,ranking,benchANT
2026-08-12 10:21:10+00:00,system,load5,6.34,dbms,08-2026,couchbase-802-vanilla-ce-medium-medium-aws,1,ip-172-31-25-191,ranking,benchANT
2026-08-12 10:21:20+00:00,system,load5,6.41,dbms,08-2026,couchbase-802-vanilla-ce-medium-medium-aws,1,ip-172-31-25-191,ranking,benchANT
2026-08-12 10:21:30+00:00,system,load5,6.46,dbms,08-2026,couchbase-802-vanilla-ce-medium-medium-aws,1,ip-172-31-25-191,ranking,benchANT
2026-08-12 10:21:40+00:00,system,load5,6.59,dbms,08-2026,couchbase-802-vanilla-ce-medium-medium-aws,1,ip-172-31-25-191,ranking,benchANT
2026-08-12 10:21:50+00:00,system,load5,6.62,dbms,08-2026,couchbase-802-vanilla-ce-medium-medium-aws,1,ip-172-31-25-191,ranking,benchANT
2026-08-12 10:22:00+00:00,system,load5,6.65,dbms,08-2026,couchbase-802-vanilla-ce-medium-medium-aws,1,ip-172-31-25-191,ranking,benchANT
2026-08-12 10:22:10+00:00,system,load5,6.75,dbms,08-2026,couchbase-802-vanilla-ce-medium-medium-aws,1,ip-172-31-25-191,ranking,benchANT
2026-08-12 10:22:20+00:00,system,load5,6.86,dbms,08-2026,couchbase-802-vanilla-ce-medium-medium-aws,1,ip-172-31-25-191,ranking,benchANT
2026-08-12 10:22:30+00:00,system,load5,6.88,dbms,08-2026,couchbase-802-vanilla-ce-medium-medium-aws,1,ip-172-31-25-191,ranking,benchANT
2026-08-12 10:22:40+00:00,system,load5,6.92,dbms,08-2026,couchbase-802-vanilla-ce-medium-medium-aws,1,ip-172-31-25-191,ranking,benchANT
2026-08-12 10:22:50+00:00,system,load5,6.93,dbms,08-2026,couchbase-802-vanilla-ce-medium-medium-aws,1,ip-172-31-25-191,ranking,benchANT
2026-08-12 10:23:00+00:00,system,load5,6.99,dbms,08-2026,couchbase-802-vanilla-ce-medium-medium-aws,1,ip-172-31-25-191,ranking,benchANT
2026-08-12 10:23:10+00:00,system,load5,7.05,dbms,08-2026,couchbase-802-vanilla-ce-medium-medium-aws,1,ip-172-31-25-191,ranking,benchANT
2026-08-12 10:23:20+00:00,system,load5,7.15,dbms,08-2026,couchbase-802-vanilla-ce-medium-medium-aws,1,ip-172-31-25-191,ranking,benchANT
2026-08-12 10:23:30+00:00,system,load5,7.21,dbms,08-2026,couchbase-802-vanilla-ce-medium-medium-aws,1,ip-172-31-25-191,ranking,benchANT
2026-08-12 10:23:40+00:00,system,load5,7.34,dbms,08-2026,couchbase-802-vanilla-ce-medium-medium-aws,1,ip-172-31-25-191,ranking,benchANT
2026-08-12 10:23:50+00:00,system,load5,7.38,dbms,08-2026,couchbase-802-vanilla-ce-medium-medium-aws,1,ip-172-31-25-191,ranking,benchANT
2026-08-12 10:24:00+00:00,system,load5,7.48,dbms,08-2026,couchbase-802-vanilla-ce-medium-medium-aws,1,ip-172-31-25-191,ranking,benchANT
2026-08-12 10:24:10+00:00,system,load5,7.58,dbms,08-2026,couchbase-802-vanilla-ce-medium-medium-aws,1,ip-172-31-25-191,ranking,benchANT
2026-08-12 10:24:20+00:00,system,load5,7.69,dbms,08-2026,couchbase-802-vanilla-ce-medium-medium-aws,1,ip-172-31-25-191,ranking,benchANT
2026-08-12 10:24:30+00:00,system,load5,7.74,dbms,08-2026,couchbase-802-vanilla-ce-medium-medium-aws,1,ip-172-31-25-191,ranking,benchANT
2026-08-12 10:24:40+00:00,system,load5,7.78,dbms,08-2026,couchbase-802-vanilla-ce-medium-medium-aws,1,ip-172-31-25-191,ranking,benchANT
2026-08-12 10:24:50+00:00,system,load5,7.88,dbms,08-2026,couchbase-802-vanilla-ce-medium-medium-aws,1,ip-172-31-25-191,ranking,benchANT
2026-08-12 10:25:00+00:00,system,load5,8.02,dbms,08-2026,couchbase-802-vanilla-ce-medium-medium-aws,1,ip-172-31-25-191,ranking,benchANT
2026-08-12 10:25:10+00:00,system,load5,8.05,dbms,08-2026,couchbase-802-vanilla-ce-medium-medium-aws,1,ip-172-31-25-191,ranking,benchANT
2026-08-12 10:25:20+00:00,system,load5,8.15,dbms,08-2026,couchbase-802-vanilla-ce-medium-medium-aws,1,ip-172-31-25-191,ranking,benchANT
2026-08-12 10:25:30+00:00,system,load5,8.19,dbms,08-2026,couchbase-802-vanilla-ce-medium-medium-aws,1,ip-172-31-25-191,ranking,benchANT
2026-08-12 10:25:40+00:00,system,load5,8.34,dbms,08-2026,couchbase-802-vanilla-ce-medium-medium-aws,1,ip-172-31-25-191,ranking,benchANT
2026-08-12 10:25:50+00:00,system,load5,8.46,dbms,08-2026,couchbase-802-vanilla-ce-medium-medium-aws,1,ip-172-31-25-191,ranking,benchANT
2026-08-12 10:26:00+00:00,system,load5,8.47,dbms,08-2026,couchbase-802-vanilla-ce-medium-medium-aws,1,ip-172-31-25-191,ranking,benchANT
2026-08-12 10:26:10+00:00,system,load5,8.53,dbms,08-2026,couchbase-802-vanilla-ce-medium-medium-aws,1,ip-172-31-25-191,ranking,benchANT
2026-08-12 10:26:20+00:00,system,load5,8.39,dbms,08-2026,couchbase-802-vanilla-ce-medium-medium-aws,1,ip-172-31-25-191,ranking,benchANT
2026-08-12 10:13:40+00:00,system,n_cpus,4,dbms,08-2026,couchbase-802-vanilla-ce-medium-medium-aws,1,ip-172-31-25-191,ranking,benchANT
2026-08-12 10:13:50+00:00,system,n_cpus,4,dbms,08-2026,couchbase-802-vanilla-ce-medium-medium-aws,1,ip-172-31-25-191,ranking,benchANT
2026-08-12 10:14:00+00:00,system,n_cpus,4,dbms,08-2026,couchbase-802-vanilla-ce-medium-medium-aws,1,ip-172-31-25-191,ranking,benchANT
2026-08-12 10:14:10+00:00,system,n_cpus,4,dbms,08-2026,couchbase-802-vanilla-ce-medium-medium-aws,1,ip-172-31-25-191,ranking,benchANT
2026-08-12 10:14:20+00:00,system,n_cpus,4,dbms,08-2026,couchbase-802-vanilla-ce-medium-medium-aws,1,ip-172-31-25-191,ranking,benchANT
2026-08-12 10:14:30+00:00,system,n_cpus,4,dbms,08-2026,couchbase-802-vanilla-ce-medium-medium-aws,1,ip-172-31-25-191,ranking,benchANT
2026-08-12 10:14:40+00:00,system,n_cpus,4,dbms,08-2026,couchbase-802-vanilla-ce-medium-medium-aws,1,ip-172-31-25-191,ranking,benchANT
2026-08-12 10:14:50+00:00,system,n_cpus,4,dbms,08-2026,couchbase-802-vanilla-ce-medium-medium-aws,1,ip-172-31-25-191,ranking,benchANT
2026-08-12 10:15:00+00:00,system,n_cpus,4,dbms,08-2026,couchbase-802-vanilla-ce-medium-medium-aws,1,ip-172-31-25-191,ranking,benchANT
2026-08-12 10:15:10+00:00,system,n_cpus,4,dbms,08-2026,couchbase-802-vanilla-ce-medium-medium-aws,1,ip-172-31-25-191,ranking,benchANT
2026-08-12 10:15:20+00:00,system,n_cpus,4,dbms,08-2026,couchbase-802-vanilla-ce-medium-medium-aws,1,ip-172-31-25-191,ranking,benchANT
2026-08-12 10:15:30+00:00,system,n_cpus,4,dbms,08-2026,couchbase-802-vanilla-ce-medium-medium-aws,1,ip-172-31-25-191,ranking,benchANT
2026-08-12 10:15:40+00:00,system,n_cpus,4,dbms,08-2026,couchbase-802-vanilla-ce-medium-medium-aws,1,ip-172-31-25-191,ranking,benchANT
2026-08-12 10:15:50+00:00,system,n_cpus,4,dbms,08-2026,couchbase-802-vanilla-ce-medium-medium-aws,1,ip-172-31-25-191,ranking,benchANT
2026-08-12 10:16:00+00:00,system,n_cpus,4,dbms,08-2026,couchbase-802-vanilla-ce-medium-medium-aws,1,ip-172-31-25-191,ranking,benchANT
2026-08-12 10:16:10+00:00,system,n_cpus,4,dbms,08-2026,couchbase-802-vanilla-ce-medium-medium-aws,1,ip-172-31-25-191,ranking,benchANT
2026-08-12 10:16:20+00:00,system,n_cpus,4,dbms,08-2026,couchbase-802-vanilla-ce-medium-medium-aws,1,ip-172-31-25-191,ranking,benchANT
2026-08-12 10:16:30+00:00,system,n_cpus,4,dbms,08-2026,couchbase-802-vanilla-ce-medium-medium-aws,1,ip-172-31-25-191,ranking,benchANT
2026-08-12 10:16:40+00:00,system,n_cpus,4,dbms,08-2026,couchbase-802-vanilla-ce-medium-medium-aws,1,ip-172-31-25-191,ranking,benchANT
2026-08-12 10:16:50+00:00,system,n_cpus,4,dbms,08-2026,couchbase-802-vanilla-ce-medium-medium-aws,1,ip-172-31-25-191,ranking,benchANT
2026-08-12 10:17:00+00:00,system,n_cpus,4,dbms,08-2026,couchbase-802-vanilla-ce-medium-medium-aws,1,ip-172-31-25-191,ranking,benchANT
2026-08-12 10:17:10+00:00,system,n_cpus,4,dbms,08-2026,couchbase-802-vanilla-ce-medium-medium-aws,1,ip-172-31-25-191,ranking,benchANT
2026-08-12 10:17:20+00:00,system,n_cpus,4,dbms,08-2026,couchbase-802-vanilla-ce-medium-medium-aws,1,ip-172-31-25-191,ranking,benchANT
2026-08-12 10:17:30+00:00,system,n_cpus,4,dbms,08-2026,couchbase-802-vanilla-ce-medium-medium-aws,1,ip-172-31-25-191,ranking,benchANT
2026-08-12 10:17:40+00:00,system,n_cpus,4,dbms,08-2026,couchbase-802-vanilla-ce-medium-medium-aws,1,ip-172-31-25-191,ranking,benchANT
2026-08-12 10:17:50+00:00,system,n_cpus,4,dbms,08-2026,couchbase-802-vanilla-ce-medium-medium-aws,1,ip-172-31-25-191,ranking,benchANT
2026-08-12 10:18:00+00:00,system,n_cpus,4,dbms,08-2026,couchbase-802-vanilla-ce-medium-medium-aws,1,ip-172-31-25-191,ranking,benchANT
2026-08-12 10:18:10+00:00,system,n_cpus,4,dbms,08-2026,couchbase-802-vanilla-ce-medium-medium-aws,1,ip-172-31-25-191,ranking,benchANT
2026-08-12 10:18:20+00:00,system,n_cpus,4,dbms,08-2026,couchbase-802-vanilla-ce-medium-medium-aws,1,ip-172-31-25-191,ranking,benchANT
2026-08-12 10:18:30+00:00,system,n_cpus,4,dbms,08-2026,couchbase-802-vanilla-ce-medium-medium-aws,1,ip-172-31-25-191,ranking,benchANT
2026-08-12 10:18:40+00:00,system,n_cpus,4,dbms,08-2026,couchbase-802-vanilla-ce-medium-medium-aws,1,ip-172-31-25-191,ranking,benchANT
2026-08-12 10:18:50+00:00,system,n_cpus,4,dbms,08-2026,couchbase-802-vanilla-ce-medium-medium-aws,1,ip-172-31-25-191,ranking,benchANT
2026-08-12 10:19:00+00:00,system,n_cpus,4,dbms,08-2026,couchbase-802-vanilla-ce-medium-medium-aws,1,ip-172-31-25-191,ranking,benchANT
2026-08-12 10:19:10+00:00,system,n_cpus,4,dbms,08-2026,couchbase-802-vanilla-ce-medium-medium-aws,1,ip-172-31-25-191,ranking,benchANT
2026-08-12 10:19:20+00:00,system,n_cpus,4,dbms,08-2026,couchbase-802-vanilla-ce-medium-medium-aws,1,ip-172-31-25-191,ranking,benchANT
2026-08-12 10:19:30+00:00,system,n_cpus,4,dbms,08-2026,couchbase-802-vanilla-ce-medium-medium-aws,1,ip-172-31-25-191,ranking,benchANT
2026-08-12 10:19:40+00:00,system,n_cpus,4,dbms,08-2026,couchbase-802-vanilla-ce-medium-medium-aws,1,ip-172-31-25-191,ranking,benchANT
2026-08-12 10:19:50+00:00,system,n_cpus,4,dbms,08-2026,couchbase-802-vanilla-ce-medium-medium-aws,1,ip-172-31-25-191,ranking,benchANT
2026-08-12 10:20:00+00:00,system,n_cpus,4,dbms,08-2026,couchbase-802-vanilla-ce-medium-medium-aws,1,ip-172-31-25-191,ranking,benchANT
2026-08-12 10:20:10+00:00,system,n_cpus,4,dbms,08-2026,couchbase-802-vanilla-ce-medium-medium-aws,1,ip-172-31-25-191,ranking,benchANT
2026-08-12 10:20:20+00:00,system,n_cpus,4,dbms,08-2026,couchbase-802-vanilla-ce-medium-medium-aws,1,ip-172-31-25-191,ranking,benchANT
2026-08-12 10:20:30+00:00,system,n_cpus,4,dbms,08-2026,couchbase-802-vanilla-ce-medium-medium-aws,1,ip-172-31-25-191,ranking,benchANT
2026-08-12 10:20:40+00:00,system,n_cpus,4,dbms,08-2026,couchbase-802-vanilla-ce-medium-medium-aws,1,ip-172-31-25-191,ranking,benchANT
2026-08-12 10:20:50+00:00,system,n_cpus,4,dbms,08-2026,couchbase-802-vanilla-ce-medium-medium-aws,1,ip-172-31-25-191,ranking,benchANT
2026-08-12 10:21:00+00:00,system,n_cpus,4,dbms,08-2026,couchbase-802-vanilla-ce-medium-medium-aws,1,ip-172-31-25-191,ranking,benchANT
2026-08-12 10:21:10+00:00,system,n_cpus,4,dbms,08-2026,couchbase-802-vanilla-ce-medium-medium-aws,1,ip-172-31-25-191,ranking,benchANT
2026-08-12 10:21:20+00:00,system,n_cpus,4,dbms,08-2026,couchbase-802-vanilla-ce-medium-medium-aws,1,ip-172-31-25-191,ranking,benchANT
2026-08-12 10:21:30+00:00,system,n_cpus,4,dbms,08-2026,couchbase-802-vanilla-ce-medium-medium-aws,1,ip-172-31-25-191,ranking,benchANT
2026-08-12 10:21:40+00:00,system,n_cpus,4,dbms,08-2026,couchbase-802-vanilla-ce-medium-medium-aws,1,ip-172-31-25-191,ranking,benchANT
2026-08-12 10:21:50+00:00,system,n_cpus,4,dbms,08-2026,couchbase-802-vanilla-ce-medium-medium-aws,1,ip-172-31-25-191,ranking,benchANT
2026-08-12 10:22:00+00:00,system,n_cpus,4,dbms,08-2026,couchbase-802-vanilla-ce-medium-medium-aws,1,ip-172-31-25-191,ranking,benchANT
2026-08-12 10:22:10+00:00,system,n_cpus,4,dbms,08-2026,couchbase-802-vanilla-ce-medium-medium-aws,1,ip-172-31-25-191,ranking,benchANT
2026-08-12 10:22:20+00:00,system,n_cpus,4,dbms,08-2026,couchbase-802-vanilla-ce-medium-medium-aws,1,ip-172-31-25-191,ranking,benchANT
2026-08-12 10:22:30+00:00,system,n_cpus,4,dbms,08-2026,couchbase-802-vanilla-ce-medium-medium-aws,1,ip-172-31-25-191,ranking,benchANT
2026-08-12 10:22:40+00:00,system,n_cpus,4,dbms,08-2026,couchbase-802-vanilla-ce-medium-medium-aws,1,ip-172-31-25-191,ranking,benchANT
2026-08-12 10:22:50+00:00,system,n_cpus,4,dbms,08-2026,couchbase-802-vanilla-ce-medium-medium-aws,1,ip-172-31-25-191,ranking,benchANT
2026-08-12 10:23:00+00:00,system,n_cpus,4,dbms,08-2026,couchbase-802-vanilla-ce-medium-medium-aws,1,ip-172-31-25-191,ranking,benchANT
2026-08-12 10:23:10+00:00,system,n_cpus,4,dbms,08-2026,couchbase-802-vanilla-ce-medium-medium-aws,1,ip-172-31-25-191,ranking,benchANT
2026-08-12 10:23:20+00:00,system,n_cpus,4,dbms,08-2026,couchbase-802-vanilla-ce-medium-medium-aws,1,ip-172-31-25-191,ranking,benchANT
2026-08-12 10:23:30+00:00,system,n_cpus,4,dbms,08-2026,couchbase-802-vanilla-ce-medium-medium-aws,1,ip-172-31-25-191,ranking,benchANT
2026-08-12 10:23:40+00:00,system,n_cpus,4,dbms,08-2026,couchbase-802-vanilla-ce-medium-medium-aws,1,ip-172-31-25-191,ranking,benchANT
2026-08-12 10:23:50+00:00,system,n_cpus,4,dbms,08-2026,couchbase-802-vanilla-ce-medium-medium-aws,1,ip-172-31-25-191,ranking,benchANT
2026-08-12 10:24:00+00:00,system,n_cpus,4,dbms,08-2026,couchbase-802-vanilla-ce-medium-medium-aws,1,ip-172-31-25-191,ranking,benchANT
2026-08-12 10:24:10+00:00,system,n_cpus,4,dbms,08-2026,couchbase-802-vanilla-ce-medium-medium-aws,1,ip-172-31-25-191,ranking,benchANT
2026-08-12 10:24:20+00:00,system,n_cpus,4,dbms,08-2026,couchbase-802-vanilla-ce-medium-medium-aws,1,ip-172-31-25-191,ranking,benchANT
2026-08-12 10:24:30+00:00,system,n_cpus,4,dbms,08-2026,couchbase-802-vanilla-ce-medium-medium-aws,1,ip-172-31-25-191,ranking,benchANT
2026-08-12 10:24:40+00:00,system,n_cpus,4,dbms,08-2026,couchbase-802-vanilla-ce-medium-medium-aws,1,ip-172-31-25-191,ranking,benchANT
2026-08-12 10:24:50+00:00,system,n_cpus,4,dbms,08-2026,couchbase-802-vanilla-ce-medium-medium-aws,1,ip-172-31-25-191,ranking,benchANT
2026-08-12 10:25:00+00:00,system,n_cpus,4,dbms,08-2026,couchbase-802-vanilla-ce-medium-medium-aws,1,ip-172-31-25-191,ranking,benchANT
2026-08-12 10:25:10+00:00,system,n_cpus,4,dbms,08-2026,couchbase-802-vanilla-ce-medium-medium-aws,1,ip-172-31-25-191,ranking,benchANT
2026-08-12 10:25:20+00:00,system,n_cpus,4,dbms,08-2026,couchbase-802-vanilla-ce-medium-medium-aws,1,ip-172-31-25-191,ranking,benchANT
2026-08-12 10:25:30+00:00,system,n_cpus,4,dbms,08-2026,couchbase-802-vanilla-ce-medium-medium-aws,1,ip-172-31-25-191,ranking,benchANT
2026-08-12 10:25:40+00:00,system,n_cpus,4,dbms,08-2026,couchbase-802-vanilla-ce-medium-medium-aws,1,ip-172-31-25-191,ranking,benchANT
2026-08-12 10:25:50+00:00,system,n_cpus,4,dbms,08-2026,couchbase-802-vanilla-ce-medium-medium-aws,1,ip-172-31-25-191,ranking,benchANT
2026-08-12 10:26:00+00:00,system,n_cpus,4,dbms,08-2026,couchbase-802-vanilla-ce-medium-medium-aws,1,ip-172-31-25-191,ranking,benchANT
2026-08-12 10:26:10+00:00,system,n_cpus,4,dbms,08-2026,couchbase-802-vanilla-ce-medium-medium-aws,1,ip-172-31-25-191,ranking,benchANT
2026-08-12 10:26:20+00:00,system,n_cpus,4,dbms,08-2026,couchbase-802-vanilla-ce-medium-medium-aws,1,ip-172-31-25-191,ranking,benchANT
2026-08-12 10:13:40+00:00,system,n_users,0,dbms,08-2026,couchbase-802-vanilla-ce-medium-medium-aws,1,ip-172-31-25-191,ranking,benchANT
2026-08-12 10:13:50+00:00,system,n_users,0,dbms,08-2026,couchbase-802-vanilla-ce-medium-medium-aws,1,ip-172-31-25-191,ranking,benchANT
2026-08-12 10:14:00+00:00,system,n_users,0,dbms,08-2026,couchbase-802-vanilla-ce-medium-medium-aws,1,ip-172-31-25-191,ranking,benchANT
2026-08-12 10:14:10+00:00,system,n_users,0,dbms,08-2026,couchbase-802-vanilla-ce-medium-medium-aws,1,ip-172-31-25-191,ranking,benchANT
2026-08-12 10:14:20+00:00,system,n_users,0,dbms,08-2026,couchbase-802-vanilla-ce-medium-medium-aws,1,ip-172-31-25-191,ranking,benchANT
2026-08-12 10:14:30+00:00,system,n_users,0,dbms,08-2026,couchbase-802-vanilla-ce-medium-medium-aws,1,ip-172-31-25-191,ranking,benchANT
2026-08-12 10:14:40+00:00,system,n_users,0,dbms,08-2026,couchbase-802-vanilla-ce-medium-medium-aws,1,ip-172-31-25-191,ranking,benchANT
2026-08-12 10:14:50+00:00,system,n_users,0,dbms,08-2026,couchbase-802-vanilla-ce-medium-medium-aws,1,ip-172-31-25-191,ranking,benchANT
2026-08-12 10:15:00+00:00,system,n_users,0,dbms,08-2026,couchbase-802-vanilla-ce-medium-medium-aws,1,ip-172-31-25-191,ranking,benchANT
2026-08-12 10:15:10+00:00,system,n_users,0,dbms,08-2026,couchbase-802-vanilla-ce-medium-medium-aws,1,ip-172-31-25-191,ranking,benchANT
2026-08-12 10:15:20+00:00,system,n_users,0,dbms,08-2026,couchbase-802-vanilla-ce-medium-medium-aws,1,ip-172-31-25-191,ranking,benchANT
2026-08-12 10:15:30+00:00,system,n_users,0,dbms,08-2026,couchbase-802-vanilla-ce-medium-medium-aws,1,ip-172-31-25-191,ranking,benchANT
2026-08-12 10:15:40+00:00,system,n_users,0,dbms,08-2026,couchbase-802-vanilla-ce-medium-medium-aws,1,ip-172-31-25-191,ranking,benchANT
2026-08-12 10:15:50+00:00,system,n_users,0,dbms,08-2026,couchbase-802-vanilla-ce-medium-medium-aws,1,ip-172-31-25-191,ranking,benchANT
2026-08-12 10:16:00+00:00,system,n_users,0,dbms,08-2026,couchbase-802-vanilla-ce-medium-medium-aws,1,ip-172-31-25-191,ranking,benchANT
2026-08-12 10:16:10+00:00,system,n_users,0,dbms,08-2026,couchbase-802-vanilla-ce-medium-medium-aws,1,ip-172-31-25-191,ranking,benchANT
2026-08-12 10:16:20+00:00,system,n_users,0,dbms,08-2026,couchbase-802-vanilla-ce-medium-medium-aws,1,ip-172-31-25-191,ranking,benchANT
2026-08-12 10:16:30+00:00,system,n_users,0,dbms,08-2026,couchbase-802-vanilla-ce-medium-medium-aws,1,ip-172-31-25-191,ranking,benchANT
2026-08-12 10:16:40+00:00,system,n_users,0,dbms,08-2026,couchbase-802-vanilla-ce-medium-medium-aws,1,ip-172-31-25-191,ranking,benchANT
2026-08-12 10:16:50+00:00,system,n_users,0,dbms,08-2026,couchbase-802-vanilla-ce-medium-medium-aws,1,ip-172-31-25-191,ranking,benchANT
2026-08-12 10:17:00+00:00,system,n_users,0,dbms,08-2026,couchbase-802-vanilla-ce-medium-medium-aws,1,ip-172-31-25-191,ranking,benchANT
2026-08-12 10:17:10+00:00,system,n_users,0,dbms,08-2026,couchbase-802-vanilla-ce-medium-medium-aws,1,ip-172-31-25-191,ranking,benchANT
2026-08-12 10:17:20+00:00,system,n_users,0,dbms,08-2026,couchbase-802-vanilla-ce-medium-medium-aws,1,ip-172-31-25-191,ranking,benchANT
2026-08-12 10:17:30+00:00,system,n_users,0,dbms,08-2026,couchbase-802-vanilla-ce-medium-medium-aws,1,ip-172-31-25-191,ranking,benchANT
2026-08-12 10:17:40+00:00,system,n_users,0,dbms,08-2026,couchbase-802-vanilla-ce-medium-medium-aws,1,ip-172-31-25-191,ranking,benchANT
2026-08-12 10:17:50+00:00,system,n_users,0,dbms,08-2026,couchbase-802-vanilla-ce-medium-medium-aws,1,ip-172-31-25-191,ranking,benchANT
2026-08-12 10:18:00+00:00,system,n_users,0,dbms,08-2026,couchbase-802-vanilla-ce-medium-medium-aws,1,ip-172-31-25-191,ranking,benchANT
2026-08-12 10:18:10+00:00,system,n_users,0,dbms,08-2026,couchbase-802-vanilla-ce-medium-medium-aws,1,ip-172-31-25-191,ranking,benchANT
2026-08-12 10:18:20+00:00,system,n_users,0,dbms,08-2026,couchbase-802-vanilla-ce-medium-medium-aws,1,ip-172-31-25-191,ranking,benchANT
2026-08-12 10:18:30+00:00,system,n_users,0,dbms,08-2026,couchbase-802-vanilla-ce-medium-medium-aws,1,ip-172-31-25-191,ranking,benchANT
2026-08-12 10:18:40+00:00,system,n_users,0,dbms,08-2026,couchbase-802-vanilla-ce-medium-medium-aws,1,ip-172-31-25-191,ranking,benchANT
2026-08-12 10:18:50+00:00,system,n_users,0,dbms,08-2026,couchbase-802-vanilla-ce-medium-medium-aws,1,ip-172-31-25-191,ranking,benchANT
2026-08-12 10:19:00+00:00,system,n_users,0,dbms,08-2026,couchbase-802-vanilla-ce-medium-medium-aws,1,ip-172-31-25-191,ranking,benchANT
2026-08-12 10:19:10+00:00,system,n_users,0,dbms,08-2026,couchbase-802-vanilla-ce-medium-medium-aws,1,ip-172-31-25-191,ranking,benchANT
2026-08-12 10:19:20+00:00,system,n_users,0,dbms,08-2026,couchbase-802-vanilla-ce-medium-medium-aws,1,ip-172-31-25-191,ranking,benchANT
2026-08-12 10:19:30+00:00,system,n_users,0,dbms,08-2026,couchbase-802-vanilla-ce-medium-medium-aws,1,ip-172-31-25-191,ranking,benchANT
2026-08-12 10:19:40+00:00,system,n_users,0,dbms,08-2026,couchbase-802-vanilla-ce-medium-medium-aws,1,ip-172-31-25-191,ranking,benchANT
2026-08-12 10:19:50+00:00,system,n_users,0,dbms,08-2026,couchbase-802-vanilla-ce-medium-medium-aws,1,ip-172-31-25-191,ranking,benchANT
2026-08-12 10:20:00+00:00,system,n_users,0,dbms,08-2026,couchbase-802-vanilla-ce-medium-medium-aws,1,ip-172-31-25-191,ranking,benchANT
2026-08-12 10:20:10+00:00,system,n_users,0,dbms,08-2026,couchbase-802-vanilla-ce-medium-medium-aws,1,ip-172-31-25-191,ranking,benchANT
2026-08-12 10:20:20+00:00,system,n_users,0,dbms,08-2026,couchbase-802-vanilla-ce-medium-medium-aws,1,ip-172-31-25-191,ranking,benchANT
2026-08-12 10:20:30+00:00,system,n_users,0,dbms,08-2026,couchbase-802-vanilla-ce-medium-medium-aws,1,ip-172-31-25-191,ranking,benchANT
2026-08-12 10:20:40+00:00,system,n_users,0,dbms,08-2026,couchbase-802-vanilla-ce-medium-medium-aws,1,ip-172-31-25-191,ranking,benchANT
2026-08-12 10:20:50+00:00,system,n_users,0,dbms,08-2026,couchbase-802-vanilla-ce-medium-medium-aws,1,ip-172-31-25-191,ranking,benchANT
2026-08-12 10:21:00+00:00,system,n_users,0,dbms,08-2026,couchbase-802-vanilla-ce-medium-medium-aws,1,ip-172-31-25-191,ranking,benchANT
2026-08-12 10:21:10+00:00,system,n_users,0,dbms,08-2026,couchbase-802-vanilla-ce-medium-medium-aws,1,ip-172-31-25-191,ranking,benchANT
2026-08-12 10:21:20+00:00,system,n_users,0,dbms,08-2026,couchbase-802-vanilla-ce-medium-medium-aws,1,ip-172-31-25-191,ranking,benchANT
2026-08-12 10:21:30+00:00,system,n_users,0,dbms,08-2026,couchbase-802-vanilla-ce-medium-medium-aws,1,ip-172-31-25-191,ranking,benchANT
2026-08-12 10:21:40+00:00,system,n_users,0,dbms,08-2026,couchbase-802-vanilla-ce-medium-medium-aws,1,ip-172-31-25-191,ranking,benchANT
2026-08-12 10:21:50+00:00,system,n_users,0,dbms,08-2026,couchbase-802-vanilla-ce-medium-medium-aws,1,ip-172-31-25-191,ranking,benchANT
2026-08-12 10:22:00+00:00,system,n_users,0,dbms,08-2026,couchbase-802-vanilla-ce-medium-medium-aws,1,ip-172-31-25-191,ranking,benchANT
2026-08-12 10:22:10+00:00,system,n_users,0,dbms,08-2026,couchbase-802-vanilla-ce-medium-medium-aws,1,ip-172-31-25-191,ranking,benchANT
2026-08-12 10:22:20+00:00,system,n_users,0,dbms,08-2026,couchbase-802-vanilla-ce-medium-medium-aws,1,ip-172-31-25-191,ranking,benchANT
2026-08-12 10:22:30+00:00,system,n_users,0,dbms,08-2026,couchbase-802-vanilla-ce-medium-medium-aws,1,ip-172-31-25-191,ranking,benchANT
2026-08-12 10:22:40+00:00,system,n_users,0,dbms,08-2026,couchbase-802-vanilla-ce-medium-medium-aws,1,ip-172-31-25-191,ranking,benchANT
2026-08-12 10:22:50+00:00,system,n_users,0,dbms,08-2026,couchbase-802-vanilla-ce-medium-medium-aws,1,ip-172-31-25-191,ranking,benchANT
2026-08-12 10:23:00+00:00,system,n_users,0,dbms,08-2026,couchbase-802-vanilla-ce-medium-medium-aws,1,ip-172-31-25-191,ranking,benchANT
2026-08-12 10:23:10+00:00,system,n_users,0,dbms,08-2026,couchbase-802-vanilla-ce-medium-medium-aws,1,ip-172-31-25-191,ranking,benchANT
2026-08-12 10:23:20+00:00,system,n_users,0,dbms,08-2026,couchbase-802-vanilla-ce-medium-medium-aws,1,ip-172-31-25-191,ranking,benchANT
2026-08-12 10:23:30+00:00,system,n_users,0,dbms,08-2026,couchbase-802-vanilla-ce-medium-medium-aws,1,ip-172-31-25-191,ranking,benchANT
2026-08-12 10:23:40+00:00,system,n_users,0,dbms,08-2026,couchbase-802-vanilla-ce-medium-medium-aws,1,ip-172-31-25-191,ranking,benchANT
2026-08-12 10:23:50+00:00,system,n_users,0,dbms,08-2026,couchbase-802-vanilla-ce-medium-medium-aws,1,ip-172-31-25-191,ranking,benchANT
2026-08-12 10:24:00+00:00,system,n_users,0,dbms,08-2026,couchbase-802-vanilla-ce-medium-medium-aws,1,ip-172-31-25-191,ranking,benchANT
2026-08-12 10:24:10+00:00,system,n_users,0,dbms,08-2026,couchbase-802-vanilla-ce-medium-medium-aws,1,ip-172-31-25-191,ranking,benchANT
2026-08-12 10:24:20+00:00,system,n_users,0,dbms,08-2026,couchbase-802-vanilla-ce-medium-medium-aws,1,ip-172-31-25-191,ranking,benchANT
2026-08-12 10:24:30+00:00,system,n_users,0,dbms,08-2026,couchbase-802-vanilla-ce-medium-medium-aws,1,ip-172-31-25-191,ranking,benchANT
2026-08-12 10:24:40+00:00,system,n_users,0,dbms,08-2026,couchbase-802-vanilla-ce-medium-medium-aws,1,ip-172-31-25-191,ranking,benchANT
2026-08-12 10:24:50+00:00,system,n_users,0,dbms,08-2026,couchbase-802-vanilla-ce-medium-medium-aws,1,ip-172-31-25-191,ranking,benchANT
2026-08-12 10:25:00+00:00,system,n_users,0,dbms,08-2026,couchbase-802-vanilla-ce-medium-medium-aws,1,ip-172-31-25-191,ranking,benchANT
2026-08-12 10:25:10+00:00,system,n_users,0,dbms,08-2026,couchbase-802-vanilla-ce-medium-medium-aws,1,ip-172-31-25-191,ranking,benchANT
2026-08-12 10:25:20+00:00,system,n_users,0,dbms,08-2026,couchbase-802-vanilla-ce-medium-medium-aws,1,ip-172-31-25-191,ranking,benchANT
2026-08-12 10:25:30+00:00,system,n_users,0,dbms,08-2026,couchbase-802-vanilla-ce-medium-medium-aws,1,ip-172-31-25-191,ranking,benchANT
2026-08-12 10:25:40+00:00,system,n_users,0,dbms,08-2026,couchbase-802-vanilla-ce-medium-medium-aws,1,ip-172-31-25-191,ranking,benchANT
2026-08-12 10:25:50+00:00,system,n_users,0,dbms,08-2026,couchbase-802-vanilla-ce-medium-medium-aws,1,ip-172-31-25-191,ranking,benchANT
2026-08-12 10:26:00+00:00,system,n_users,0,dbms,08-2026,couchbase-802-vanilla-ce-medium-medium-aws,1,ip-172-31-25-191,ranking,benchANT
2026-08-12 10:26:10+00:00,system,n_users,0,dbms,08-2026,couchbase-802-vanilla-ce-medium-medium-aws,1,ip-172-31-25-191,ranking,benchANT
2026-08-12 10:26:20+00:00,system,n_users,0,dbms,08-2026,couchbase-802-vanilla-ce-medium-medium-aws,1,ip-172-31-25-191,ranking,benchANT
2026-08-12 10:13:40+00:00,system,uptime,898,dbms,08-2026,couchbase-802-vanilla-ce-medium-medium-aws,1,ip-172-31-25-191,ranking,benchANT
2026-08-12 10:13:50+00:00,system,uptime,908,dbms,08-2026,couchbase-802-vanilla-ce-medium-medium-aws,1,ip-172-31-25-191,ranking,benchANT
2026-08-12 10:14:00+00:00,system,uptime,918,dbms,08-2026,couchbase-802-vanilla-ce-medium-medium-aws,1,ip-172-31-25-191,ranking,benchANT
2026-08-12 10:14:10+00:00,system,uptime,928,dbms,08-2026,couchbase-802-vanilla-ce-medium-medium-aws,1,ip-172-31-25-191,ranking,benchANT
2026-08-12 10:14:20+00:00,system,uptime,938,dbms,08-2026,couchbase-802-vanilla-ce-medium-medium-aws,1,ip-172-31-25-191,ranking,benchANT
2026-08-12 10:14:30+00:00,system,uptime,948,dbms,08-2026,couchbase-802-vanilla-ce-medium-medium-aws,1,ip-172-31-25-191,ranking,benchANT
2026-08-12 10:14:40+00:00,system,uptime,958,dbms,08-2026,couchbase-802-vanilla-ce-medium-medium-aws,1,ip-172-31-25-191,ranking,benchANT
2026-08-12 10:14:50+00:00,system,uptime,968,dbms,08-2026,couchbase-802-vanilla-ce-medium-medium-aws,1,ip-172-31-25-191,ranking,benchANT
2026-08-12 10:15:00+00:00,system,uptime,978,dbms,08-2026,couchbase-802-vanilla-ce-medium-medium-aws,1,ip-172-31-25-191,ranking,benchANT
2026-08-12 10:15:10+00:00,system,uptime,988,dbms,08-2026,couchbase-802-vanilla-ce-medium-medium-aws,1,ip-172-31-25-191,ranking,benchANT
2026-08-12 10:15:20+00:00,system,uptime,998,dbms,08-2026,couchbase-802-vanilla-ce-medium-medium-aws,1,ip-172-31-25-191,ranking,benchANT
2026-08-12 10:15:30+00:00,system,uptime,1008,dbms,08-2026,couchbase-802-vanilla-ce-medium-medium-aws,1,ip-172-31-25-191,ranking,benchANT
2026-08-12 10:15:40+00:00,system,uptime,1018,dbms,08-2026,couchbase-802-vanilla-ce-medium-medium-aws,1,ip-172-31-25-191,ranking,benchANT
2026-08-12 10:15:50+00:00,system,uptime,1028,dbms,08-2026,couchbase-802-vanilla-ce-medium-medium-aws,1,ip-172-31-25-191,ranking,benchANT
2026-08-12 10:16:00+00:00,system,uptime,1038,dbms,08-2026,couchbase-802-vanilla-ce-medium-medium-aws,1,ip-172-31-25-191,ranking,benchANT
2026-08-12 10:16:10+00:00,system,uptime,1048,dbms,08-2026,couchbase-802-vanilla-ce-medium-medium-aws,1,ip-172-31-25-191,ranking,benchANT
2026-08-12 10:16:20+00:00,system,uptime,1058,dbms,08-2026,couchbase-802-vanilla-ce-medium-medium-aws,1,ip-172-31-25-191,ranking,benchANT
2026-08-12 10:16:30+00:00,system,uptime,1068,dbms,08-2026,couchbase-802-vanilla-ce-medium-medium-aws,1,ip-172-31-25-191,ranking,benchANT
2026-08-12 10:16:40+00:00,system,uptime,1078,dbms,08-2026,couchbase-802-vanilla-ce-medium-medium-aws,1,ip-172-31-25-191,ranking,benchANT
2026-08-12 10:16:50+00:00,system,uptime,1088,dbms,08-2026,couchbase-802-vanilla-ce-medium-medium-aws,1,ip-172-31-25-191,ranking,benchANT
2026-08-12 10:17:00+00:00,system,uptime,1098,dbms,08-2026,couchbase-802-vanilla-ce-medium-medium-aws,1,ip-172-31-25-191,ranking,benchANT
2026-08-12 10:17:10+00:00,system,uptime,1108,dbms,08-2026,couchbase-802-vanilla-ce-medium-medium-aws,1,ip-172-31-25-191,ranking,benchANT
2026-08-12 10:17:20+00:00,system,uptime,1118,dbms,08-2026,couchbase-802-vanilla-ce-medium-medium-aws,1,ip-172-31-25-191,ranking,benchANT
2026-08-12 10:17:30+00:00,system,uptime,1128,dbms,08-2026,couchbase-802-vanilla-ce-medium-medium-aws,1,ip-172-31-25-191,ranking,benchANT
2026-08-12 10:17:40+00:00,system,uptime,1138,dbms,08-2026,couchbase-802-vanilla-ce-medium-medium-aws,1,ip-172-31-25-191,ranking,benchANT
2026-08-12 10:17:50+00:00,system,uptime,1148,dbms,08-2026,couchbase-802-vanilla-ce-medium-medium-aws,1,ip-172-31-25-191,ranking,benchANT
2026-08-12 10:18:00+00:00,system,uptime,1158,dbms,08-2026,couchbase-802-vanilla-ce-medium-medium-aws,1,ip-172-31-25-191,ranking,benchANT
2026-08-12 10:18:10+00:00,system,uptime,1168,dbms,08-2026,couchbase-802-vanilla-ce-medium-medium-aws,1,ip-172-31-25-191,ranking,benchANT
2026-08-12 10:18:20+00:00,system,uptime,1178,dbms,08-2026,couchbase-802-vanilla-ce-medium-medium-aws,1,ip-172-31-25-191,ranking,benchANT
2026-08-12 10:18:30+00:00,system,uptime,1188,dbms,08-2026,couchbase-802-vanilla-ce-medium-medium-aws,1,ip-172-31-25-191,ranking,benchANT
2026-08-12 10:18:40+00:00,system,uptime,1198,dbms,08-2026,couchbase-802-vanilla-ce-medium-medium-aws,1,ip-172-31-25-191,ranking,benchANT
2026-08-12 10:18:50+00:00,system,uptime,1208,dbms,08-2026,couchbase-802-vanilla-ce-medium-medium-aws,1,ip-172-31-25-191,ranking,benchANT
2026-08-12 10:19:00+00:00,system,uptime,1218,dbms,08-2026,couchbase-802-vanilla-ce-medium-medium-aws,1,ip-172-31-25-191,ranking,benchANT
2026-08-12 10:19:10+00:00,system,uptime,1228,dbms,08-2026,couchbase-802-vanilla-ce-medium-medium-aws,1,ip-172-31-25-191,ranking,benchANT
2026-08-12 10:19:20+00:00,system,uptime,1238,dbms,08-2026,couchbase-802-vanilla-ce-medium-medium-aws,1,ip-172-31-25-191,ranking,benchANT
2026-08-12 10:19:30+00:00,system,uptime,1248,dbms,08-2026,couchbase-802-vanilla-ce-medium-medium-aws,1,ip-172-31-25-191,ranking,benchANT
2026-08-12 10:19:40+00:00,system,uptime,1258,dbms,08-2026,couchbase-802-vanilla-ce-medium-medium-aws,1,ip-172-31-25-191,ranking,benchANT
2026-08-12 10:19:50+00:00,system,uptime,1268,dbms,08-2026,couchbase-802-vanilla-ce-medium-medium-aws,1,ip-172-31-25-191,ranking,benchANT
2026-08-12 10:20:00+00:00,system,uptime,1278,dbms,08-2026,couchbase-802-vanilla-ce-medium-medium-aws,1,ip-172-31-25-191,ranking,benchANT
2026-08-12 10:20:10+00:00,system,uptime,1288,dbms,08-2026,couchbase-802-vanilla-ce-medium-medium-aws,1,ip-172-31-25-191,ranking,benchANT
2026-08-12 10:20:20+00:00,system,uptime,1298,dbms,08-2026,couchbase-802-vanilla-ce-medium-medium-aws,1,ip-172-31-25-191,ranking,benchANT
2026-08-12 10:20:30+00:00,system,uptime,1308,dbms,08-2026,couchbase-802-vanilla-ce-medium-medium-aws,1,ip-172-31-25-191,ranking,benchANT
2026-08-12 10:20:40+00:00,system,uptime,1318,dbms,08-2026,couchbase-802-vanilla-ce-medium-medium-aws,1,ip-172-31-25-191,ranking,benchANT
2026-08-12 10:20:50+00:00,system,uptime,1328,dbms,08-2026,couchbase-802-vanilla-ce-medium-medium-aws,1,ip-172-31-25-191,ranking,benchANT
2026-08-12 10:21:00+00:00,system,uptime,1338,dbms,08-2026,couchbase-802-vanilla-ce-medium-medium-aws,1,ip-172-31-25-191,ranking,benchANT
2026-08-12 10:21:10+00:00,system,uptime,1348,dbms,08-2026,couchbase-802-vanilla-ce-medium-medium-aws,1,ip-172-31-25-191,ranking,benchANT
2026-08-12 10:21:20+00:00,system,uptime,1358,dbms,08-2026,couchbase-802-vanilla-ce-medium-medium-aws,1,ip-172-31-25-191,ranking,benchANT
2026-08-12 10:21:30+00:00,system,uptime,1368,dbms,08-2026,couchbase-802-vanilla-ce-medium-medium-aws,1,ip-172-31-25-191,ranking,benchANT
2026-08-12 10:21:40+00:00,system,uptime,1378,dbms,08-2026,couchbase-802-vanilla-ce-medium-medium-aws,1,ip-172-31-25-191,ranking,benchANT
2026-08-12 10:21:50+00:00,system,uptime,1388,dbms,08-2026,couchbase-802-vanilla-ce-medium-medium-aws,1,ip-172-31-25-191,ranking,benchANT
2026-08-12 10:22:00+00:00,system,uptime,1398,dbms,08-2026,couchbase-802-vanilla-ce-medium-medium-aws,1,ip-172-31-25-191,ranking,benchANT
2026-08-12 10:22:10+00:00,system,uptime,1408,dbms,08-2026,couchbase-802-vanilla-ce-medium-medium-aws,1,ip-172-31-25-191,ranking,benchANT
2026-08-12 10:22:20+00:00,system,uptime,1418,dbms,08-2026,couchbase-802-vanilla-ce-medium-medium-aws,1,ip-172-31-25-191,ranking,benchANT
2026-08-12 10:22:30+00:00,system,uptime,1428,dbms,08-2026,couchbase-802-vanilla-ce-medium-medium-aws,1,ip-172-31-25-191,ranking,benchANT
2026-08-12 10:22:40+00:00,system,uptime,1438,dbms,08-2026,couchbase-802-vanilla-ce-medium-medium-aws,1,ip-172-31-25-191,ranking,benchANT
2026-08-12 10:22:50+00:00,system,uptime,1448,dbms,08-2026,couchbase-802-vanilla-ce-medium-medium-aws,1,ip-172-31-25-191,ranking,benchANT
2026-08-12 10:23:00+00:00,system,uptime,1458,dbms,08-2026,couchbase-802-vanilla-ce-medium-medium-aws,1,ip-172-31-25-191,ranking,benchANT
2026-08-12 10:23:10+00:00,system,uptime,1468,dbms,08-2026,couchbase-802-vanilla-ce-medium-medium-aws,1,ip-172-31-25-191,ranking,benchANT
2026-08-12 10:23:20+00:00,system,uptime,1478,dbms,08-2026,couchbase-802-vanilla-ce-medium-medium-aws,1,ip-172-31-25-191,ranking,benchANT
2026-08-12 10:23:30+00:00,system,uptime,1488,dbms,08-2026,couchbase-802-vanilla-ce-medium-medium-aws,1,ip-172-31-25-191,ranking,benchANT
2026-08-12 10:23:40+00:00,system,uptime,1498,dbms,08-2026,couchbase-802-vanilla-ce-medium-medium-aws,1,ip-172-31-25-191,ranking,benchANT
2026-08-12 10:23:50+00:00,system,uptime,1508,dbms,08-2026,couchbase-802-vanilla-ce-medium-medium-aws,1,ip-172-31-25-191,ranking,benchANT
2026-08-12 10:24:00+00:00,system,uptime,1518,dbms,08-2026,couchbase-802-vanilla-ce-medium-medium-aws,1,ip-172-31-25-191,ranking,benchANT
2026-08-12 10:24:10+00:00,system,uptime,1528,dbms,08-2026,couchbase-802-vanilla-ce-medium-medium-aws,1,ip-172-31-25-191,ranking,benchANT
2026-08-12 10:24:20+00:00,system,uptime,1538,dbms,08-2026,couchbase-802-vanilla-ce-medium-medium-aws,1,ip-172-31-25-191,ranking,benchANT
2026-08-12 10:24:30+00:00,system,uptime,1548,dbms,08-2026,couchbase-802-vanilla-ce-medium-medium-aws,1,ip-172-31-25-191,ranking,benchANT
2026-08-12 10:24:40+00:00,system,uptime,1558,dbms,08-2026,couchbase-802-vanilla-ce-medium-medium-aws,1,ip-172-31-25-191,ranking,benchANT
2026-08-12 10:24:50+00:00,system,uptime,1568,dbms,08-2026,couchbase-802-vanilla-ce-medium-medium-aws,1,ip-172-31-25-191,ranking,benchANT
2026-08-12 10:25:00+00:00,system,uptime,1578,dbms,08-2026,couchbase-802-vanilla-ce-medium-medium-aws,1,ip-172-31-25-191,ranking,benchANT
2026-08-12 10:25:10+00:00,system,uptime,1588,dbms,08-2026,couchbase-802-vanilla-ce-medium-medium-aws,1,ip-172-31-25-191,ranking,benchANT
2026-08-12 10:25:20+00:00,system,uptime,1598,dbms,08-2026,couchbase-802-vanilla-ce-medium-medium-aws,1,ip-172-31-25-191,ranking,benchANT
2026-08-12 10:25:30+00:00,system,uptime,1608,dbms,08-2026,couchbase-802-vanilla-ce-medium-medium-aws,1,ip-172-31-25-191,ranking,benchANT
2026-08-12 10:25:40+00:00,system,uptime,1618,dbms,08-2026,couchbase-802-vanilla-ce-medium-medium-aws,1,ip-172-31-25-191,ranking,benchANT
2026-08-12 10:25:50+00:00,system,uptime,1628,dbms,08-2026,couchbase-802-vanilla-ce-medium-medium-aws,1,ip-172-31-25-191,ranking,benchANT
2026-08-12 10:26:00+00:00,system,uptime,1638,dbms,08-2026,couchbase-802-vanilla-ce-medium-medium-aws,1,ip-172-31-25-191,ranking,benchANT
2026-08-12 10:26:10+00:00,system,uptime,1648,dbms,08-2026,couchbase-802-vanilla-ce-medium-medium-aws,1,ip-172-31-25-191,ranking,benchANT
2026-08-12 10:26:20+00:00,system,uptime,1658,dbms,08-2026,couchbase-802-vanilla-ce-medium-medium-aws,1,ip-172-31-25-191,ranking,benchANT
2026-08-12 10:13:40+00:00,system,uptime_format, 0:14,dbms,08-2026,couchbase-802-vanilla-ce-medium-medium-aws,1,ip-172-31-25-191,ranking,benchANT
2026-08-12 10:13:50+00:00,system,uptime_format, 0:15,dbms,08-2026,couchbase-802-vanilla-ce-medium-medium-aws,1,ip-172-31-25-191,ranking,benchANT
2026-08-12 10:14:00+00:00,system,uptime_format, 0:15,dbms,08-2026,couchbase-802-vanilla-ce-medium-medium-aws,1,ip-172-31-25-191,ranking,benchANT
2026-08-12 10:14:10+00:00,system,uptime_format, 0:15,dbms,08-2026,couchbase-802-vanilla-ce-medium-medium-aws,1,ip-172-31-25-191,ranking,benchANT
2026-08-12 10:14:20+00:00,system,uptime_format, 0:15,dbms,08-2026,couchbase-802-vanilla-ce-medium-medium-aws,1,ip-172-31-25-191,ranking,benchANT
2026-08-12 10:14:30+00:00,system,uptime_format, 0:15,dbms,08-2026,couchbase-802-vanilla-ce-medium-medium-aws,1,ip-172-31-25-191,ranking,benchANT
2026-08-12 10:14:40+00:00,system,uptime_format, 0:15,dbms,08-2026,couchbase-802-vanilla-ce-medium-medium-aws,1,ip-172-31-25-191,ranking,benchANT
2026-08-12 10:14:50+00:00,system,uptime_format, 0:16,dbms,08-2026,couchbase-802-vanilla-ce-medium-medium-aws,1,ip-172-31-25-191,ranking,benchANT
2026-08-12 10:15:00+00:00,system,uptime_format, 0:16,dbms,08-2026,couchbase-802-vanilla-ce-medium-medium-aws,1,ip-172-31-25-191,ranking,benchANT
2026-08-12 10:15:10+00:00,system,uptime_format, 0:16,dbms,08-2026,couchbase-802-vanilla-ce-medium-medium-aws,1,ip-172-31-25-191,ranking,benchANT
2026-08-12 10:15:20+00:00,system,uptime_format, 0:16,dbms,08-2026,couchbase-802-vanilla-ce-medium-medium-aws,1,ip-172-31-25-191,ranking,benchANT
2026-08-12 10:15:30+00:00,system,uptime_format, 0:16,dbms,08-2026,couchbase-802-vanilla-ce-medium-medium-aws,1,ip-172-31-25-191,ranking,benchANT
2026-08-12 10:15:40+00:00,system,uptime_format, 0:16,dbms,08-2026,couchbase-802-vanilla-ce-medium-medium-aws,1,ip-172-31-25-191,ranking,benchANT
2026-08-12 10:15:50+00:00,system,uptime_format, 0:17,dbms,08-2026,couchbase-802-vanilla-ce-medium-medium-aws,1,ip-172-31-25-191,ranking,benchANT
2026-08-12 10:16:00+00:00,system,uptime_format, 0:17,dbms,08-2026,couchbase-802-vanilla-ce-medium-medium-aws,1,ip-172-31-25-191,ranking,benchANT
2026-08-12 10:16:10+00:00,system,uptime_format, 0:17,dbms,08-2026,couchbase-802-vanilla-ce-medium-medium-aws,1,ip-172-31-25-191,ranking,benchANT
2026-08-12 10:16:20+00:00,system,uptime_format, 0:17,dbms,08-2026,couchbase-802-vanilla-ce-medium-medium-aws,1,ip-172-31-25-191,ranking,benchANT
2026-08-12 10:16:30+00:00,system,uptime_format, 0:17,dbms,08-2026,couchbase-802-vanilla-ce-medium-medium-aws,1,ip-172-31-25-191,ranking,benchANT
2026-08-12 10:16:40+00:00,system,uptime_format, 0:17,dbms,08-2026,couchbase-802-vanilla-ce-medium-medium-aws,1,ip-172-31-25-191,ranking,benchANT
2026-08-12 10:16:50+00:00,system,uptime_format, 0:18,dbms,08-2026,couchbase-802-vanilla-ce-medium-medium-aws,1,ip-172-31-25-191,ranking,benchANT
2026-08-12 10:17:00+00:00,system,uptime_format, 0:18,dbms,08-2026,couchbase-802-vanilla-ce-medium-medium-aws,1,ip-172-31-25-191,ranking,benchANT
2026-08-12 10:17:10+00:00,system,uptime_format, 0:18,dbms,08-2026,couchbase-802-vanilla-ce-medium-medium-aws,1,ip-172-31-25-191,ranking,benchANT
2026-08-12 10:17:20+00:00,system,uptime_format, 0:18,dbms,08-2026,couchbase-802-vanilla-ce-medium-medium-aws,1,ip-172-31-25-191,ranking,benchANT
2026-08-12 10:17:30+00:00,system,uptime_format, 0:18,dbms,08-2026,couchbase-802-vanilla-ce-medium-medium-aws,1,ip-172-31-25-191,ranking,benchANT
2026-08-12 10:17:40+00:00,system,uptime_format, 0:18,dbms,08-2026,couchbase-802-vanilla-ce-medium-medium-aws,1,ip-172-31-25-191,ranking,benchANT
2026-08-12 10:17:50+00:00,system,uptime_format, 0:19,dbms,08-2026,couchbase-802-vanilla-ce-medium-medium-aws,1,ip-172-31-25-191,ranking,benchANT
2026-08-12 10:18:00+00:00,system,uptime_format, 0:19,dbms,08-2026,couchbase-802-vanilla-ce-medium-medium-aws,1,ip-172-31-25-191,ranking,benchANT
2026-08-12 10:18:10+00:00,system,uptime_format, 0:19,dbms,08-2026,couchbase-802-vanilla-ce-medium-medium-aws,1,ip-172-31-25-191,ranking,benchANT
2026-08-12 10:18:20+00:00,system,uptime_format, 0:19,dbms,08-2026,couchbase-802-vanilla-ce-medium-medium-aws,1,ip-172-31-25-191,ranking,benchANT
2026-08-12 10:18:30+00:00,system,uptime_format, 0:19,dbms,08-2026,couchbase-802-vanilla-ce-medium-medium-aws,1,ip-172-31-25-191,ranking,benchANT
2026-08-12 10:18:40+00:00,system,uptime_format, 0:19,dbms,08-2026,couchbase-802-vanilla-ce-medium-medium-aws,1,ip-172-31-25-191,ranking,benchANT
2026-08-12 10:18:50+00:00,system,uptime_format, 0:20,dbms,08-2026,couchbase-802-vanilla-ce-medium-medium-aws,1,ip-172-31-25-191,ranking,benchANT
2026-08-12 10:19:00+00:00,system,uptime_format, 0:20,dbms,08-2026,couchbase-802-vanilla-ce-medium-medium-aws,1,ip-172-31-25-191,ranking,benchANT
2026-08-12 10:19:10+00:00,system,uptime_format, 0:20,dbms,08-2026,couchbase-802-vanilla-ce-medium-medium-aws,1,ip-172-31-25-191,ranking,benchANT
2026-08-12 10:19:20+00:00,system,uptime_format, 0:20,dbms,08-2026,couchbase-802-vanilla-ce-medium-medium-aws,1,ip-172-31-25-191,ranking,benchANT
2026-08-12 10:19:30+00:00,system,uptime_format, 0:20,dbms,08-2026,couchbase-802-vanilla-ce-medium-medium-aws,1,ip-172-31-25-191,ranking,benchANT
2026-08-12 10:19:40+00:00,system,uptime_format, 0:20,dbms,08-2026,couchbase-802-vanilla-ce-medium-medium-aws,1,ip-172-31-25-191,ranking,benchANT
2026-08-12 10:19:50+00:00,system,uptime_format, 0:21,dbms,08-2026,couchbase-802-vanilla-ce-medium-medium-aws,1,ip-172-31-25-191,ranking,benchANT
2026-08-12 10:20:00+00:00,system,uptime_format, 0:21,dbms,08-2026,couchbase-802-vanilla-ce-medium-medium-aws,1,ip-172-31-25-191,ranking,benchANT
2026-08-12 10:20:10+00:00,system,uptime_format, 0:21,dbms,08-2026,couchbase-802-vanilla-ce-medium-medium-aws,1,ip-172-31-25-191,ranking,benchANT
2026-08-12 10:20:20+00:00,system,uptime_format, 0:21,dbms,08-2026,couchbase-802-vanilla-ce-medium-medium-aws,1,ip-172-31-25-191,ranking,benchANT
2026-08-12 10:20:30+00:00,system,uptime_format, 0:21,dbms,08-2026,couchbase-802-vanilla-ce-medium-medium-aws,1,ip-172-31-25-191,ranking,benchANT
2026-08-12 10:20:40+00:00,system,uptime_format, 0:21,dbms,08-2026,couchbase-802-vanilla-ce-medium-medium-aws,1,ip-172-31-25-191,ranking,benchANT
2026-08-12 10:20:50+00:00,system,uptime_format, 0:22,dbms,08-2026,couchbase-802-vanilla-ce-medium-medium-aws,1,ip-172-31-25-191,ranking,benchANT
2026-08-12 10:21:00+00:00,system,uptime_format, 0:22,dbms,08-2026,couchbase-802-vanilla-ce-medium-medium-aws,1,ip-172-31-25-191,ranking,benchANT
2026-08-12 10:21:10+00:00,system,uptime_format, 0:22,dbms,08-2026,couchbase-802-vanilla-ce-medium-medium-aws,1,ip-172-31-25-191,ranking,benchANT
2026-08-12 10:21:20+00:00,system,uptime_format, 0:22,dbms,08-2026,couchbase-802-vanilla-ce-medium-medium-aws,1,ip-172-31-25-191,ranking,benchANT
2026-08-12 10:21:30+00:00,system,uptime_format, 0:22,dbms,08-2026,couchbase-802-vanilla-ce-medium-medium-aws,1,ip-172-31-25-191,ranking,benchANT
2026-08-12 10:21:40+00:00,system,uptime_format, 0:22,dbms,08-2026,couchbase-802-vanilla-ce-medium-medium-aws,1,ip-172-31-25-191,ranking,benchANT
2026-08-12 10:21:50+00:00,system,uptime_format, 0:23,dbms,08-2026,couchbase-802-vanilla-ce-medium-medium-aws,1,ip-172-31-25-191,ranking,benchANT
2026-08-12 10:22:00+00:00,system,uptime_format, 0:23,dbms,08-2026,couchbase-802-vanilla-ce-medium-medium-aws,1,ip-172-31-25-191,ranking,benchANT
2026-08-12 10:22:10+00:00,system,uptime_format, 0:23,dbms,08-2026,couchbase-802-vanilla-ce-medium-medium-aws,1,ip-172-31-25-191,ranking,benchANT
2026-08-12 10:22:20+00:00,system,uptime_format, 0:23,dbms,08-2026,couchbase-802-vanilla-ce-medium-medium-aws,1,ip-172-31-25-191,ranking,benchANT
2026-08-12 10:22:30+00:00,system,uptime_format, 0:23,dbms,08-2026,couchbase-802-vanilla-ce-medium-medium-aws,1,ip-172-31-25-191,ranking,benchANT
2026-08-12 10:22:40+00:00,system,uptime_format, 0:23,dbms,08-2026,couchbase-802-vanilla-ce-medium-medium-aws,1,ip-172-31-25-191,ranking,benchANT
2026-08-12 10:22:50+00:00,system,uptime_format, 0:24,dbms,08-2026,couchbase-802-vanilla-ce-medium-medium-aws,1,ip-172-31-25-191,ranking,benchANT
2026-08-12 10:23:00+00:00,system,uptime_format, 0:24,dbms,08-2026,couchbase-802-vanilla-ce-medium-medium-aws,1,ip-172-31-25-191,ranking,benchANT
2026-08-12 10:23:10+00:00,system,uptime_format, 0:24,dbms,08-2026,couchbase-802-vanilla-ce-medium-medium-aws,1,ip-172-31-25-191,ranking,benchANT
2026-08-12 10:23:20+00:00,system,uptime_format, 0:24,dbms,08-2026,couchbase-802-vanilla-ce-medium-medium-aws,1,ip-172-31-25-191,ranking,benchANT
2026-08-12 10:23:30+00:00,system,uptime_format, 0:24,dbms,08-2026,couchbase-802-vanilla-ce-medium-medium-aws,1,ip-172-31-25-191,ranking,benchANT
2026-08-12 10:23:40+00:00,system,uptime_format, 0:24,dbms,08-2026,couchbase-802-vanilla-ce-medium-medium-aws,1,ip-172-31-25-191,ranking,benchANT
2026-08-12 10:23:50+00:00,system,uptime_format, 0:25,dbms,08-2026,couchbase-802-vanilla-ce-medium-medium-aws,1,ip-172-31-25-191,ranking,benchANT
2026-08-12 10:24:00+00:00,system,uptime_format, 0:25,dbms,08-2026,couchbase-802-vanilla-ce-medium-medium-aws,1,ip-172-31-25-191,ranking,benchANT
2026-08-12 10:24:10+00:00,system,uptime_format, 0:25,dbms,08-2026,couchbase-802-vanilla-ce-medium-medium-aws,1,ip-172-31-25-191,ranking,benchANT
2026-08-12 10:24:20+00:00,system,uptime_format, 0:25,dbms,08-2026,couchbase-802-vanilla-ce-medium-medium-aws,1,ip-172-31-25-191,ranking,benchANT
2026-08-12 10:24:30+00:00,system,uptime_format, 0:25,dbms,08-2026,couchbase-802-vanilla-ce-medium-medium-aws,1,ip-172-31-25-191,ranking,benchANT
2026-08-12 10:24:40+00:00,system,uptime_format, 0:25,dbms,08-2026,couchbase-802-vanilla-ce-medium-medium-aws,1,ip-172-31-25-191,ranking,benchANT
2026-08-12 10:24:50+00:00,system,uptime_format, 0:26,dbms,08-2026,couchbase-802-vanilla-ce-medium-medium-aws,1,ip-172-31-25-191,ranking,benchANT
2026-08-12 10:25:00+00:00,system,uptime_format, 0:26,dbms,08-2026,couchbase-802-vanilla-ce-medium-medium-aws,1,ip-172-31-25-191,ranking,benchANT
2026-08-12 10:25:10+00:00,system,uptime_format, 0:26,dbms,08-2026,couchbase-802-vanilla-ce-medium-medium-aws,1,ip-172-31-25-191,ranking,benchANT
2026-08-12 10:25:20+00:00,system,uptime_format, 0:26,dbms,08-2026,couchbase-802-vanilla-ce-medium-medium-aws,1,ip-172-31-25-191,ranking,benchANT
2026-08-12 10:25:30+00:00,system,uptime_format, 0:26,dbms,08-2026,couchbase-802-vanilla-ce-medium-medium-aws,1,ip-172-31-25-191,ranking,benchANT
2026-08-12 10:25:40+00:00,system,uptime_format, 0:26,dbms,08-2026,couchbase-802-vanilla-ce-medium-medium-aws,1,ip-172-31-25-191,ranking,benchANT
2026-08-12 10:25:50+00:00,system,uptime_format, 0:27,dbms,08-2026,couchbase-802-vanilla-ce-medium-medium-aws,1,ip-172-31-25-191,ranking,benchANT
2026-08-12 10:26:00+00:00,system,uptime_format, 0:27,dbms,08-2026,couchbase-802-vanilla-ce-medium-medium-aws,1,ip-172-31-25-191,ranking,benchANT
2026-08-12 10:26:10+00:00,system,uptime_format, 0:27,dbms,08-2026,couchbase-802-vanilla-ce-medium-medium-aws,1,ip-172-31-25-191,ranking,benchANT
2026-08-12 10:26:20+00:00,system,uptime_format, 0:27,dbms,08-2026,couchbase-802-vanilla-ce-medium-medium-aws,1,ip-172-31-25-191,ranking,benchANT
2026-08-12 10:13:40+00:00,system,load1,0.08,dbms,08-2026,couchbase-802-vanilla-ce-medium-medium-aws,1,ip-172-31-28-188,ranking,benchANT
2026-08-12 10:13:50+00:00,system,load1,0.07,dbms,08-2026,couchbase-802-vanilla-ce-medium-medium-aws,1,ip-172-31-28-188,ranking,benchANT
2026-08-12 10:14:00+00:00,system,load1,0.06,dbms,08-2026,couchbase-802-vanilla-ce-medium-medium-aws,1,ip-172-31-28-188,ranking,benchANT
2026-08-12 10:14:10+00:00,system,load1,0.05,dbms,08-2026,couchbase-802-vanilla-ce-medium-medium-aws,1,ip-172-31-28-188,ranking,benchANT
2026-08-12 10:14:20+00:00,system,load1,0.04,dbms,08-2026,couchbase-802-vanilla-ce-medium-medium-aws,1,ip-172-31-28-188,ranking,benchANT
2026-08-12 10:14:30+00:00,system,load1,0.96,dbms,08-2026,couchbase-802-vanilla-ce-medium-medium-aws,1,ip-172-31-28-188,ranking,benchANT
2026-08-12 10:14:40+00:00,system,load1,1.66,dbms,08-2026,couchbase-802-vanilla-ce-medium-medium-aws,1,ip-172-31-28-188,ranking,benchANT
2026-08-12 10:14:50+00:00,system,load1,2.65,dbms,08-2026,couchbase-802-vanilla-ce-medium-medium-aws,1,ip-172-31-28-188,ranking,benchANT
2026-08-12 10:15:00+00:00,system,load1,3.78,dbms,08-2026,couchbase-802-vanilla-ce-medium-medium-aws,1,ip-172-31-28-188,ranking,benchANT
2026-08-12 10:15:10+00:00,system,load1,4.58,dbms,08-2026,couchbase-802-vanilla-ce-medium-medium-aws,1,ip-172-31-28-188,ranking,benchANT
2026-08-12 10:15:20+00:00,system,load1,5.33,dbms,08-2026,couchbase-802-vanilla-ce-medium-medium-aws,1,ip-172-31-28-188,ranking,benchANT
2026-08-12 10:15:30+00:00,system,load1,5.74,dbms,08-2026,couchbase-802-vanilla-ce-medium-medium-aws,1,ip-172-31-28-188,ranking,benchANT
2026-08-12 10:15:40+00:00,system,load1,6.55,dbms,08-2026,couchbase-802-vanilla-ce-medium-medium-aws,1,ip-172-31-28-188,ranking,benchANT
2026-08-12 10:15:50+00:00,system,load1,7.3,dbms,08-2026,couchbase-802-vanilla-ce-medium-medium-aws,1,ip-172-31-28-188,ranking,benchANT
2026-08-12 10:16:00+00:00,system,load1,7.73,dbms,08-2026,couchbase-802-vanilla-ce-medium-medium-aws,1,ip-172-31-28-188,ranking,benchANT
2026-08-12 10:16:10+00:00,system,load1,8.31,dbms,08-2026,couchbase-802-vanilla-ce-medium-medium-aws,1,ip-172-31-28-188,ranking,benchANT
2026-08-12 10:16:20+00:00,system,load1,8.49,dbms,08-2026,couchbase-802-vanilla-ce-medium-medium-aws,1,ip-172-31-28-188,ranking,benchANT
2026-08-12 10:16:30+00:00,system,load1,8.55,dbms,08-2026,couchbase-802-vanilla-ce-medium-medium-aws,1,ip-172-31-28-188,ranking,benchANT
2026-08-12 10:16:40+00:00,system,load1,8.85,dbms,08-2026,couchbase-802-vanilla-ce-medium-medium-aws,1,ip-172-31-28-188,ranking,benchANT
2026-08-12 10:16:50+00:00,system,load1,9.01,dbms,08-2026,couchbase-802-vanilla-ce-medium-medium-aws,1,ip-172-31-28-188,ranking,benchANT
2026-08-12 10:17:00+00:00,system,load1,8.93,dbms,08-2026,couchbase-802-vanilla-ce-medium-medium-aws,1,ip-172-31-28-188,ranking,benchANT
2026-08-12 10:17:10+00:00,system,load1,9.08,dbms,08-2026,couchbase-802-vanilla-ce-medium-medium-aws,1,ip-172-31-28-188,ranking,benchANT
2026-08-12 10:17:20+00:00,system,load1,8.93,dbms,08-2026,couchbase-802-vanilla-ce-medium-medium-aws,1,ip-172-31-28-188,ranking,benchANT
2026-08-12 10:17:30+00:00,system,load1,8.63,dbms,08-2026,couchbase-802-vanilla-ce-medium-medium-aws,1,ip-172-31-28-188,ranking,benchANT
2026-08-12 10:17:40+00:00,system,load1,8.69,dbms,08-2026,couchbase-802-vanilla-ce-medium-medium-aws,1,ip-172-31-28-188,ranking,benchANT
2026-08-12 10:17:50+00:00,system,load1,8.82,dbms,08-2026,couchbase-802-vanilla-ce-medium-medium-aws,1,ip-172-31-28-188,ranking,benchANT
2026-08-12 10:18:00+00:00,system,load1,8.78,dbms,08-2026,couchbase-802-vanilla-ce-medium-medium-aws,1,ip-172-31-28-188,ranking,benchANT
2026-08-12 10:18:10+00:00,system,load1,8.97,dbms,08-2026,couchbase-802-vanilla-ce-medium-medium-aws,1,ip-172-31-28-188,ranking,benchANT
2026-08-12 10:18:20+00:00,system,load1,9.21,dbms,08-2026,couchbase-802-vanilla-ce-medium-medium-aws,1,ip-172-31-28-188,ranking,benchANT
2026-08-12 10:18:30+00:00,system,load1,9.25,dbms,08-2026,couchbase-802-vanilla-ce-medium-medium-aws,1,ip-172-31-28-188,ranking,benchANT
2026-08-12 10:18:40+00:00,system,load1,9.6,dbms,08-2026,couchbase-802-vanilla-ce-medium-medium-aws,1,ip-172-31-28-188,ranking,benchANT
2026-08-12 10:18:50+00:00,system,load1,9.42,dbms,08-2026,couchbase-802-vanilla-ce-medium-medium-aws,1,ip-172-31-28-188,ranking,benchANT
2026-08-12 10:19:00+00:00,system,load1,9.36,dbms,08-2026,couchbase-802-vanilla-ce-medium-medium-aws,1,ip-172-31-28-188,ranking,benchANT
2026-08-12 10:19:10+00:00,system,load1,9.39,dbms,08-2026,couchbase-802-vanilla-ce-medium-medium-aws,1,ip-172-31-28-188,ranking,benchANT
2026-08-12 10:19:20+00:00,system,load1,9.1,dbms,08-2026,couchbase-802-vanilla-ce-medium-medium-aws,1,ip-172-31-28-188,ranking,benchANT
2026-08-12 10:19:30+00:00,system,load1,9.32,dbms,08-2026,couchbase-802-vanilla-ce-medium-medium-aws,1,ip-172-31-28-188,ranking,benchANT
2026-08-12 10:19:40+00:00,system,load1,9.12,dbms,08-2026,couchbase-802-vanilla-ce-medium-medium-aws,1,ip-172-31-28-188,ranking,benchANT
2026-08-12 10:19:50+00:00,system,load1,8.87,dbms,08-2026,couchbase-802-vanilla-ce-medium-medium-aws,1,ip-172-31-28-188,ranking,benchANT
2026-08-12 10:20:00+00:00,system,load1,9.27,dbms,08-2026,couchbase-802-vanilla-ce-medium-medium-aws,1,ip-172-31-28-188,ranking,benchANT
2026-08-12 10:20:10+00:00,system,load1,9.21,dbms,08-2026,couchbase-802-vanilla-ce-medium-medium-aws,1,ip-172-31-28-188,ranking,benchANT
2026-08-12 10:20:20+00:00,system,load1,9.34,dbms,08-2026,couchbase-802-vanilla-ce-medium-medium-aws,1,ip-172-31-28-188,ranking,benchANT
2026-08-12 10:20:30+00:00,system,load1,9.07,dbms,08-2026,couchbase-802-vanilla-ce-medium-medium-aws,1,ip-172-31-28-188,ranking,benchANT
2026-08-12 10:20:40+00:00,system,load1,8.99,dbms,08-2026,couchbase-802-vanilla-ce-medium-medium-aws,1,ip-172-31-28-188,ranking,benchANT
2026-08-12 10:20:50+00:00,system,load1,9.23,dbms,08-2026,couchbase-802-vanilla-ce-medium-medium-aws,1,ip-172-31-28-188,ranking,benchANT
2026-08-12 10:21:00+00:00,system,load1,9.34,dbms,08-2026,couchbase-802-vanilla-ce-medium-medium-aws,1,ip-172-31-28-188,ranking,benchANT
2026-08-12 10:21:10+00:00,system,load1,9.13,dbms,08-2026,couchbase-802-vanilla-ce-medium-medium-aws,1,ip-172-31-28-188,ranking,benchANT
2026-08-12 10:21:20+00:00,system,load1,9.11,dbms,08-2026,couchbase-802-vanilla-ce-medium-medium-aws,1,ip-172-31-28-188,ranking,benchANT
2026-08-12 10:21:30+00:00,system,load1,9.25,dbms,08-2026,couchbase-802-vanilla-ce-medium-medium-aws,1,ip-172-31-28-188,ranking,benchANT
2026-08-12 10:21:40+00:00,system,load1,9.61,dbms,08-2026,couchbase-802-vanilla-ce-medium-medium-aws,1,ip-172-31-28-188,ranking,benchANT
2026-08-12 10:21:50+00:00,system,load1,9.74,dbms,08-2026,couchbase-802-vanilla-ce-medium-medium-aws,1,ip-172-31-28-188,ranking,benchANT
2026-08-12 10:22:00+00:00,system,load1,9.54,dbms,08-2026,couchbase-802-vanilla-ce-medium-medium-aws,1,ip-172-31-28-188,ranking,benchANT
2026-08-12 10:22:10+00:00,system,load1,9.7,dbms,08-2026,couchbase-802-vanilla-ce-medium-medium-aws,1,ip-172-31-28-188,ranking,benchANT
2026-08-12 10:22:20+00:00,system,load1,9.36,dbms,08-2026,couchbase-802-vanilla-ce-medium-medium-aws,1,ip-172-31-28-188,ranking,benchANT
2026-08-12 10:22:30+00:00,system,load1,9.39,dbms,08-2026,couchbase-802-vanilla-ce-medium-medium-aws,1,ip-172-31-28-188,ranking,benchANT
2026-08-12 10:22:40+00:00,system,load1,9.24,dbms,08-2026,couchbase-802-vanilla-ce-medium-medium-aws,1,ip-172-31-28-188,ranking,benchANT
2026-08-12 10:22:50+00:00,system,load1,9.35,dbms,08-2026,couchbase-802-vanilla-ce-medium-medium-aws,1,ip-172-31-28-188,ranking,benchANT
2026-08-12 10:23:00+00:00,system,load1,9.13,dbms,08-2026,couchbase-802-vanilla-ce-medium-medium-aws,1,ip-172-31-28-188,ranking,benchANT
2026-08-12 10:23:10+00:00,system,load1,9.03,dbms,08-2026,couchbase-802-vanilla-ce-medium-medium-aws,1,ip-172-31-28-188,ranking,benchANT
2026-08-12 10:23:20+00:00,system,load1,9.4,dbms,08-2026,couchbase-802-vanilla-ce-medium-medium-aws,1,ip-172-31-28-188,ranking,benchANT
2026-08-12 10:23:30+00:00,system,load1,9.35,dbms,08-2026,couchbase-802-vanilla-ce-medium-medium-aws,1,ip-172-31-28-188,ranking,benchANT
2026-08-12 10:23:40+00:00,system,load1,9.68,dbms,08-2026,couchbase-802-vanilla-ce-medium-medium-aws,1,ip-172-31-28-188,ranking,benchANT
2026-08-12 10:23:50+00:00,system,load1,9.8,dbms,08-2026,couchbase-802-vanilla-ce-medium-medium-aws,1,ip-172-31-28-188,ranking,benchANT
2026-08-12 10:24:00+00:00,system,load1,9.99,dbms,08-2026,couchbase-802-vanilla-ce-medium-medium-aws,1,ip-172-31-28-188,ranking,benchANT
2026-08-12 10:24:10+00:00,system,load1,10.14,dbms,08-2026,couchbase-802-vanilla-ce-medium-medium-aws,1,ip-172-31-28-188,ranking,benchANT
2026-08-12 10:24:20+00:00,system,load1,10.21,dbms,08-2026,couchbase-802-vanilla-ce-medium-medium-aws,1,ip-172-31-28-188,ranking,benchANT
2026-08-12 10:24:30+00:00,system,load1,10.33,dbms,08-2026,couchbase-802-vanilla-ce-medium-medium-aws,1,ip-172-31-28-188,ranking,benchANT
2026-08-12 10:24:40+00:00,system,load1,10.14,dbms,08-2026,couchbase-802-vanilla-ce-medium-medium-aws,1,ip-172-31-28-188,ranking,benchANT
2026-08-12 10:24:50+00:00,system,load1,10.19,dbms,08-2026,couchbase-802-vanilla-ce-medium-medium-aws,1,ip-172-31-28-188,ranking,benchANT
2026-08-12 10:25:00+00:00,system,load1,10.39,dbms,08-2026,couchbase-802-vanilla-ce-medium-medium-aws,1,ip-172-31-28-188,ranking,benchANT
2026-08-12 10:25:10+00:00,system,load1,10.81,dbms,08-2026,couchbase-802-vanilla-ce-medium-medium-aws,1,ip-172-31-28-188,ranking,benchANT
2026-08-12 10:25:20+00:00,system,load1,10.29,dbms,08-2026,couchbase-802-vanilla-ce-medium-medium-aws,1,ip-172-31-28-188,ranking,benchANT
2026-08-12 10:25:30+00:00,system,load1,10.3,dbms,08-2026,couchbase-802-vanilla-ce-medium-medium-aws,1,ip-172-31-28-188,ranking,benchANT
2026-08-12 10:25:40+00:00,system,load1,10.4,dbms,08-2026,couchbase-802-vanilla-ce-medium-medium-aws,1,ip-172-31-28-188,ranking,benchANT
2026-08-12 10:25:50+00:00,system,load1,10.25,dbms,08-2026,couchbase-802-vanilla-ce-medium-medium-aws,1,ip-172-31-28-188,ranking,benchANT
2026-08-12 10:26:00+00:00,system,load1,10.15,dbms,08-2026,couchbase-802-vanilla-ce-medium-medium-aws,1,ip-172-31-28-188,ranking,benchANT
2026-08-12 10:26:10+00:00,system,load1,10.21,dbms,08-2026,couchbase-802-vanilla-ce-medium-medium-aws,1,ip-172-31-28-188,ranking,benchANT
2026-08-12 10:26:20+00:00,system,load1,9.69,dbms,08-2026,couchbase-802-vanilla-ce-medium-medium-aws,1,ip-172-31-28-188,ranking,benchANT
2026-08-12 10:13:40+00:00,system,load15,0.66,dbms,08-2026,couchbase-802-vanilla-ce-medium-medium-aws,1,ip-172-31-28-188,ranking,benchANT
2026-08-12 10:13:50+00:00,system,load15,0.66,dbms,08-2026,couchbase-802-vanilla-ce-medium-medium-aws,1,ip-172-31-28-188,ranking,benchANT
2026-08-12 10:14:00+00:00,system,load15,0.65,dbms,08-2026,couchbase-802-vanilla-ce-medium-medium-aws,1,ip-172-31-28-188,ranking,benchANT
2026-08-12 10:14:10+00:00,system,load15,0.64,dbms,08-2026,couchbase-802-vanilla-ce-medium-medium-aws,1,ip-172-31-28-188,ranking,benchANT
2026-08-12 10:14:20+00:00,system,load15,0.63,dbms,08-2026,couchbase-802-vanilla-ce-medium-medium-aws,1,ip-172-31-28-188,ranking,benchANT
2026-08-12 10:14:30+00:00,system,load15,0.69,dbms,08-2026,couchbase-802-vanilla-ce-medium-medium-aws,1,ip-172-31-28-188,ranking,benchANT
2026-08-12 10:14:40+00:00,system,load15,0.74,dbms,08-2026,couchbase-802-vanilla-ce-medium-medium-aws,1,ip-172-31-28-188,ranking,benchANT
2026-08-12 10:14:50+00:00,system,load15,0.82,dbms,08-2026,couchbase-802-vanilla-ce-medium-medium-aws,1,ip-172-31-28-188,ranking,benchANT
2026-08-12 10:15:00+00:00,system,load15,0.92,dbms,08-2026,couchbase-802-vanilla-ce-medium-medium-aws,1,ip-172-31-28-188,ranking,benchANT
2026-08-12 10:15:10+00:00,system,load15,1.01,dbms,08-2026,couchbase-802-vanilla-ce-medium-medium-aws,1,ip-172-31-28-188,ranking,benchANT
2026-08-12 10:15:20+00:00,system,load15,1.1,dbms,08-2026,couchbase-802-vanilla-ce-medium-medium-aws,1,ip-172-31-28-188,ranking,benchANT
2026-08-12 10:15:30+00:00,system,load15,1.17,dbms,08-2026,couchbase-802-vanilla-ce-medium-medium-aws,1,ip-172-31-28-188,ranking,benchANT
2026-08-12 10:15:40+00:00,system,load15,1.28,dbms,08-2026,couchbase-802-vanilla-ce-medium-medium-aws,1,ip-172-31-28-188,ranking,benchANT
2026-08-12 10:15:50+00:00,system,load15,1.39,dbms,08-2026,couchbase-802-vanilla-ce-medium-medium-aws,1,ip-172-31-28-188,ranking,benchANT
2026-08-12 10:16:00+00:00,system,load15,1.48,dbms,08-2026,couchbase-802-vanilla-ce-medium-medium-aws,1,ip-172-31-28-188,ranking,benchANT
2026-08-12 10:16:10+00:00,system,load15,1.59,dbms,08-2026,couchbase-802-vanilla-ce-medium-medium-aws,1,ip-172-31-28-188,ranking,benchANT
2026-08-12 10:16:20+00:00,system,load15,1.67,dbms,08-2026,couchbase-802-vanilla-ce-medium-medium-aws,1,ip-172-31-28-188,ranking,benchANT
2026-08-12 10:16:30+00:00,system,load15,1.75,dbms,08-2026,couchbase-802-vanilla-ce-medium-medium-aws,1,ip-172-31-28-188,ranking,benchANT
2026-08-12 10:16:40+00:00,system,load15,1.85,dbms,08-2026,couchbase-802-vanilla-ce-medium-medium-aws,1,ip-172-31-28-188,ranking,benchANT
2026-08-12 10:16:50+00:00,system,load15,1.94,dbms,08-2026,couchbase-802-vanilla-ce-medium-medium-aws,1,ip-172-31-28-188,ranking,benchANT
2026-08-12 10:17:00+00:00,system,load15,2.01,dbms,08-2026,couchbase-802-vanilla-ce-medium-medium-aws,1,ip-172-31-28-188,ranking,benchANT
2026-08-12 10:17:10+00:00,system,load15,2.09,dbms,08-2026,couchbase-802-vanilla-ce-medium-medium-aws,1,ip-172-31-28-188,ranking,benchANT
2026-08-12 10:17:20+00:00,system,load15,2.16,dbms,08-2026,couchbase-802-vanilla-ce-medium-medium-aws,1,ip-172-31-28-188,ranking,benchANT
2026-08-12 10:17:30+00:00,system,load15,2.21,dbms,08-2026,couchbase-802-vanilla-ce-medium-medium-aws,1,ip-172-31-28-188,ranking,benchANT
2026-08-12 10:17:40+00:00,system,load15,2.28,dbms,08-2026,couchbase-802-vanilla-ce-medium-medium-aws,1,ip-172-31-28-188,ranking,benchANT
2026-08-12 10:17:50+00:00,system,load15,2.36,dbms,08-2026,couchbase-802-vanilla-ce-medium-medium-aws,1,ip-172-31-28-188,ranking,benchANT
2026-08-12 10:18:00+00:00,system,load15,2.43,dbms,08-2026,couchbase-802-vanilla-ce-medium-medium-aws,1,ip-172-31-28-188,ranking,benchANT
2026-08-12 10:18:10+00:00,system,load15,2.51,dbms,08-2026,couchbase-802-vanilla-ce-medium-medium-aws,1,ip-172-31-28-188,ranking,benchANT
2026-08-12 10:18:20+00:00,system,load15,2.59,dbms,08-2026,couchbase-802-vanilla-ce-medium-medium-aws,1,ip-172-31-28-188,ranking,benchANT
2026-08-12 10:18:30+00:00,system,load15,2.67,dbms,08-2026,couchbase-802-vanilla-ce-medium-medium-aws,1,ip-172-31-28-188,ranking,benchANT
2026-08-12 10:18:40+00:00,system,load15,2.76,dbms,08-2026,couchbase-802-vanilla-ce-medium-medium-aws,1,ip-172-31-28-188,ranking,benchANT
2026-08-12 10:18:50+00:00,system,load15,2.83,dbms,08-2026,couchbase-802-vanilla-ce-medium-medium-aws,1,ip-172-31-28-188,ranking,benchANT
2026-08-12 10:19:00+00:00,system,load15,2.89,dbms,08-2026,couchbase-802-vanilla-ce-medium-medium-aws,1,ip-172-31-28-188,ranking,benchANT
2026-08-12 10:19:10+00:00,system,load15,2.96,dbms,08-2026,couchbase-802-vanilla-ce-medium-medium-aws,1,ip-172-31-28-188,ranking,benchANT
2026-08-12 10:19:20+00:00,system,load15,3.01,dbms,08-2026,couchbase-802-vanilla-ce-medium-medium-aws,1,ip-172-31-28-188,ranking,benchANT
2026-08-12 10:19:30+00:00,system,load15,3.09,dbms,08-2026,couchbase-802-vanilla-ce-medium-medium-aws,1,ip-172-31-28-188,ranking,benchANT
2026-08-12 10:19:40+00:00,system,load15,3.15,dbms,08-2026,couchbase-802-vanilla-ce-medium-medium-aws,1,ip-172-31-28-188,ranking,benchANT
2026-08-12 10:19:50+00:00,system,load15,3.19,dbms,08-2026,couchbase-802-vanilla-ce-medium-medium-aws,1,ip-172-31-28-188,ranking,benchANT
2026-08-12 10:20:00+00:00,system,load15,3.28,dbms,08-2026,couchbase-802-vanilla-ce-medium-medium-aws,1,ip-172-31-28-188,ranking,benchANT
2026-08-12 10:20:10+00:00,system,load15,3.34,dbms,08-2026,couchbase-802-vanilla-ce-medium-medium-aws,1,ip-172-31-28-188,ranking,benchANT
2026-08-12 10:20:20+00:00,system,load15,3.42,dbms,08-2026,couchbase-802-vanilla-ce-medium-medium-aws,1,ip-172-31-28-188,ranking,benchANT
2026-08-12 10:20:30+00:00,system,load15,3.46,dbms,08-2026,couchbase-802-vanilla-ce-medium-medium-aws,1,ip-172-31-28-188,ranking,benchANT
2026-08-12 10:20:40+00:00,system,load15,3.51,dbms,08-2026,couchbase-802-vanilla-ce-medium-medium-aws,1,ip-172-31-28-188,ranking,benchANT
2026-08-12 10:20:50+00:00,system,load15,3.59,dbms,08-2026,couchbase-802-vanilla-ce-medium-medium-aws,1,ip-172-31-28-188,ranking,benchANT
2026-08-12 10:21:00+00:00,system,load15,3.66,dbms,08-2026,couchbase-802-vanilla-ce-medium-medium-aws,1,ip-172-31-28-188,ranking,benchANT
2026-08-12 10:21:10+00:00,system,load15,3.71,dbms,08-2026,couchbase-802-vanilla-ce-medium-medium-aws,1,ip-172-31-28-188,ranking,benchANT
2026-08-12 10:21:20+00:00,system,load15,3.76,dbms,08-2026,couchbase-802-vanilla-ce-medium-medium-aws,1,ip-172-31-28-188,ranking,benchANT
2026-08-12 10:21:30+00:00,system,load15,3.83,dbms,08-2026,couchbase-802-vanilla-ce-medium-medium-aws,1,ip-172-31-28-188,ranking,benchANT
2026-08-12 10:21:40+00:00,system,load15,3.91,dbms,08-2026,couchbase-802-vanilla-ce-medium-medium-aws,1,ip-172-31-28-188,ranking,benchANT
2026-08-12 10:21:50+00:00,system,load15,3.98,dbms,08-2026,couchbase-802-vanilla-ce-medium-medium-aws,1,ip-172-31-28-188,ranking,benchANT
2026-08-12 10:22:00+00:00,system,load15,4.03,dbms,08-2026,couchbase-802-vanilla-ce-medium-medium-aws,1,ip-172-31-28-188,ranking,benchANT
2026-08-12 10:22:10+00:00,system,load15,4.1,dbms,08-2026,couchbase-802-vanilla-ce-medium-medium-aws,1,ip-172-31-28-188,ranking,benchANT
2026-08-12 10:22:20+00:00,system,load15,4.14,dbms,08-2026,couchbase-802-vanilla-ce-medium-medium-aws,1,ip-172-31-28-188,ranking,benchANT
2026-08-12 10:22:30+00:00,system,load15,4.2,dbms,08-2026,couchbase-802-vanilla-ce-medium-medium-aws,1,ip-172-31-28-188,ranking,benchANT
2026-08-12 10:22:40+00:00,system,load15,4.24,dbms,08-2026,couchbase-802-vanilla-ce-medium-medium-aws,1,ip-172-31-28-188,ranking,benchANT
2026-08-12 10:22:50+00:00,system,load15,4.31,dbms,08-2026,couchbase-802-vanilla-ce-medium-medium-aws,1,ip-172-31-28-188,ranking,benchANT
2026-08-12 10:23:00+00:00,system,load15,4.35,dbms,08-2026,couchbase-802-vanilla-ce-medium-medium-aws,1,ip-172-31-28-188,ranking,benchANT
2026-08-12 10:23:10+00:00,system,load15,4.39,dbms,08-2026,couchbase-802-vanilla-ce-medium-medium-aws,1,ip-172-31-28-188,ranking,benchANT
2026-08-12 10:23:20+00:00,system,load15,4.47,dbms,08-2026,couchbase-802-vanilla-ce-medium-medium-aws,1,ip-172-31-28-188,ranking,benchANT
2026-08-12 10:23:30+00:00,system,load15,4.52,dbms,08-2026,couchbase-802-vanilla-ce-medium-medium-aws,1,ip-172-31-28-188,ranking,benchANT
2026-08-12 10:23:40+00:00,system,load15,4.59,dbms,08-2026,couchbase-802-vanilla-ce-medium-medium-aws,1,ip-172-31-28-188,ranking,benchANT
2026-08-12 10:23:50+00:00,system,load15,4.66,dbms,08-2026,couchbase-802-vanilla-ce-medium-medium-aws,1,ip-172-31-28-188,ranking,benchANT
2026-08-12 10:24:00+00:00,system,load15,4.72,dbms,08-2026,couchbase-802-vanilla-ce-medium-medium-aws,1,ip-172-31-28-188,ranking,benchANT
2026-08-12 10:24:10+00:00,system,load15,4.79,dbms,08-2026,couchbase-802-vanilla-ce-medium-medium-aws,1,ip-172-31-28-188,ranking,benchANT
2026-08-12 10:24:20+00:00,system,load15,4.85,dbms,08-2026,couchbase-802-vanilla-ce-medium-medium-aws,1,ip-172-31-28-188,ranking,benchANT
2026-08-12 10:24:30+00:00,system,load15,4.92,dbms,08-2026,couchbase-802-vanilla-ce-medium-medium-aws,1,ip-172-31-28-188,ranking,benchANT
2026-08-12 10:24:40+00:00,system,load15,4.96,dbms,08-2026,couchbase-802-vanilla-ce-medium-medium-aws,1,ip-172-31-28-188,ranking,benchANT
2026-08-12 10:24:50+00:00,system,load15,5.02,dbms,08-2026,couchbase-802-vanilla-ce-medium-medium-aws,1,ip-172-31-28-188,ranking,benchANT
2026-08-12 10:25:00+00:00,system,load15,5.09,dbms,08-2026,couchbase-802-vanilla-ce-medium-medium-aws,1,ip-172-31-28-188,ranking,benchANT
2026-08-12 10:25:10+00:00,system,load15,5.18,dbms,08-2026,couchbase-802-vanilla-ce-medium-medium-aws,1,ip-172-31-28-188,ranking,benchANT
2026-08-12 10:25:20+00:00,system,load15,5.2,dbms,08-2026,couchbase-802-vanilla-ce-medium-medium-aws,1,ip-172-31-28-188,ranking,benchANT
2026-08-12 10:25:30+00:00,system,load15,5.26,dbms,08-2026,couchbase-802-vanilla-ce-medium-medium-aws,1,ip-172-31-28-188,ranking,benchANT
2026-08-12 10:25:40+00:00,system,load15,5.32,dbms,08-2026,couchbase-802-vanilla-ce-medium-medium-aws,1,ip-172-31-28-188,ranking,benchANT
2026-08-12 10:25:50+00:00,system,load15,5.37,dbms,08-2026,couchbase-802-vanilla-ce-medium-medium-aws,1,ip-172-31-28-188,ranking,benchANT
2026-08-12 10:26:00+00:00,system,load15,5.41,dbms,08-2026,couchbase-802-vanilla-ce-medium-medium-aws,1,ip-172-31-28-188,ranking,benchANT
2026-08-12 10:26:10+00:00,system,load15,5.47,dbms,08-2026,couchbase-802-vanilla-ce-medium-medium-aws,1,ip-172-31-28-188,ranking,benchANT
2026-08-12 10:26:20+00:00,system,load15,5.48,dbms,08-2026,couchbase-802-vanilla-ce-medium-medium-aws,1,ip-172-31-28-188,ranking,benchANT
2026-08-12 10:13:40+00:00,system,load5,0.87,dbms,08-2026,couchbase-802-vanilla-ce-medium-medium-aws,1,ip-172-31-28-188,ranking,benchANT
2026-08-12 10:13:50+00:00,system,load5,0.84,dbms,08-2026,couchbase-802-vanilla-ce-medium-medium-aws,1,ip-172-31-28-188,ranking,benchANT
2026-08-12 10:14:00+00:00,system,load5,0.81,dbms,08-2026,couchbase-802-vanilla-ce-medium-medium-aws,1,ip-172-31-28-188,ranking,benchANT
2026-08-12 10:14:10+00:00,system,load5,0.78,dbms,08-2026,couchbase-802-vanilla-ce-medium-medium-aws,1,ip-172-31-28-188,ranking,benchANT
2026-08-12 10:14:20+00:00,system,load5,0.76,dbms,08-2026,couchbase-802-vanilla-ce-medium-medium-aws,1,ip-172-31-28-188,ranking,benchANT
2026-08-12 10:14:30+00:00,system,load5,0.93,dbms,08-2026,couchbase-802-vanilla-ce-medium-medium-aws,1,ip-172-31-28-188,ranking,benchANT
2026-08-12 10:14:40+00:00,system,load5,1.08,dbms,08-2026,couchbase-802-vanilla-ce-medium-medium-aws,1,ip-172-31-28-188,ranking,benchANT
2026-08-12 10:14:50+00:00,system,load5,1.31,dbms,08-2026,couchbase-802-vanilla-ce-medium-medium-aws,1,ip-172-31-28-188,ranking,benchANT
2026-08-12 10:15:00+00:00,system,load5,1.6,dbms,08-2026,couchbase-802-vanilla-ce-medium-medium-aws,1,ip-172-31-28-188,ranking,benchANT
2026-08-12 10:15:10+00:00,system,load5,1.84,dbms,08-2026,couchbase-802-vanilla-ce-medium-medium-aws,1,ip-172-31-28-188,ranking,benchANT
2026-08-12 10:15:20+00:00,system,load5,2.09,dbms,08-2026,couchbase-802-vanilla-ce-medium-medium-aws,1,ip-172-31-28-188,ranking,benchANT
2026-08-12 10:15:30+00:00,system,load5,2.29,dbms,08-2026,couchbase-802-vanilla-ce-medium-medium-aws,1,ip-172-31-28-188,ranking,benchANT
2026-08-12 10:15:40+00:00,system,load5,2.58,dbms,08-2026,couchbase-802-vanilla-ce-medium-medium-aws,1,ip-172-31-28-188,ranking,benchANT
2026-08-12 10:15:50+00:00,system,load5,2.87,dbms,08-2026,couchbase-802-vanilla-ce-medium-medium-aws,1,ip-172-31-28-188,ranking,benchANT
2026-08-12 10:16:00+00:00,system,load5,3.11,dbms,08-2026,couchbase-802-vanilla-ce-medium-medium-aws,1,ip-172-31-28-188,ranking,benchANT
2026-08-12 10:16:10+00:00,system,load5,3.38,dbms,08-2026,couchbase-802-vanilla-ce-medium-medium-aws,1,ip-172-31-28-188,ranking,benchANT
2026-08-12 10:16:20+00:00,system,load5,3.58,dbms,08-2026,couchbase-802-vanilla-ce-medium-medium-aws,1,ip-172-31-28-188,ranking,benchANT
2026-08-12 10:16:30+00:00,system,load5,3.76,dbms,08-2026,couchbase-802-vanilla-ce-medium-medium-aws,1,ip-172-31-28-188,ranking,benchANT
2026-08-12 10:16:40+00:00,system,load5,3.98,dbms,08-2026,couchbase-802-vanilla-ce-medium-medium-aws,1,ip-172-31-28-188,ranking,benchANT
2026-08-12 10:16:50+00:00,system,load5,4.18,dbms,08-2026,couchbase-802-vanilla-ce-medium-medium-aws,1,ip-172-31-28-188,ranking,benchANT
2026-08-12 10:17:00+00:00,system,load5,4.32,dbms,08-2026,couchbase-802-vanilla-ce-medium-medium-aws,1,ip-172-31-28-188,ranking,benchANT
2026-08-12 10:17:10+00:00,system,load5,4.51,dbms,08-2026,couchbase-802-vanilla-ce-medium-medium-aws,1,ip-172-31-28-188,ranking,benchANT
2026-08-12 10:17:20+00:00,system,load5,4.63,dbms,08-2026,couchbase-802-vanilla-ce-medium-medium-aws,1,ip-172-31-28-188,ranking,benchANT
2026-08-12 10:17:30+00:00,system,load5,4.71,dbms,08-2026,couchbase-802-vanilla-ce-medium-medium-aws,1,ip-172-31-28-188,ranking,benchANT
2026-08-12 10:17:40+00:00,system,load5,4.85,dbms,08-2026,couchbase-802-vanilla-ce-medium-medium-aws,1,ip-172-31-28-188,ranking,benchANT
2026-08-12 10:17:50+00:00,system,load5,5.0,dbms,08-2026,couchbase-802-vanilla-ce-medium-medium-aws,1,ip-172-31-28-188,ranking,benchANT
2026-08-12 10:18:00+00:00,system,load5,5.12,dbms,08-2026,couchbase-802-vanilla-ce-medium-medium-aws,1,ip-172-31-28-188,ranking,benchANT
2026-08-12 10:18:10+00:00,system,load5,5.28,dbms,08-2026,couchbase-802-vanilla-ce-medium-medium-aws,1,ip-172-31-28-188,ranking,benchANT
2026-08-12 10:18:20+00:00,system,load5,5.45,dbms,08-2026,couchbase-802-vanilla-ce-medium-medium-aws,1,ip-172-31-28-188,ranking,benchANT
2026-08-12 10:18:30+00:00,system,load5,5.58,dbms,08-2026,couchbase-802-vanilla-ce-medium-medium-aws,1,ip-172-31-28-188,ranking,benchANT
2026-08-12 10:18:40+00:00,system,load5,5.78,dbms,08-2026,couchbase-802-vanilla-ce-medium-medium-aws,1,ip-172-31-28-188,ranking,benchANT
2026-08-12 10:18:50+00:00,system,load5,5.87,dbms,08-2026,couchbase-802-vanilla-ce-medium-medium-aws,1,ip-172-31-28-188,ranking,benchANT
2026-08-12 10:19:00+00:00,system,load5,5.97,dbms,08-2026,couchbase-802-vanilla-ce-medium-medium-aws,1,ip-172-31-28-188,ranking,benchANT
2026-08-12 10:19:10+00:00,system,load5,6.09,dbms,08-2026,couchbase-802-vanilla-ce-medium-medium-aws,1,ip-172-31-28-188,ranking,benchANT
2026-08-12 10:19:20+00:00,system,load5,6.14,dbms,08-2026,couchbase-802-vanilla-ce-medium-medium-aws,1,ip-172-31-28-188,ranking,benchANT
2026-08-12 10:19:30+00:00,system,load5,6.28,dbms,08-2026,couchbase-802-vanilla-ce-medium-medium-aws,1,ip-172-31-28-188,ranking,benchANT
2026-08-12 10:19:40+00:00,system,load5,6.34,dbms,08-2026,couchbase-802-vanilla-ce-medium-medium-aws,1,ip-172-31-28-188,ranking,benchANT
2026-08-12 10:19:50+00:00,system,load5,6.38,dbms,08-2026,couchbase-802-vanilla-ce-medium-medium-aws,1,ip-172-31-28-188,ranking,benchANT
2026-08-12 10:20:00+00:00,system,load5,6.55,dbms,08-2026,couchbase-802-vanilla-ce-medium-medium-aws,1,ip-172-31-28-188,ranking,benchANT
2026-08-12 10:20:10+00:00,system,load5,6.63,dbms,08-2026,couchbase-802-vanilla-ce-medium-medium-aws,1,ip-172-31-28-188,ranking,benchANT
2026-08-12 10:20:20+00:00,system,load5,6.74,dbms,08-2026,couchbase-802-vanilla-ce-medium-medium-aws,1,ip-172-31-28-188,ranking,benchANT
2026-08-12 10:20:30+00:00,system,load5,6.76,dbms,08-2026,couchbase-802-vanilla-ce-medium-medium-aws,1,ip-172-31-28-188,ranking,benchANT
2026-08-12 10:20:40+00:00,system,load5,6.82,dbms,08-2026,couchbase-802-vanilla-ce-medium-medium-aws,1,ip-172-31-28-188,ranking,benchANT
2026-08-12 10:20:50+00:00,system,load5,6.94,dbms,08-2026,couchbase-802-vanilla-ce-medium-medium-aws,1,ip-172-31-28-188,ranking,benchANT
2026-08-12 10:21:00+00:00,system,load5,7.05,dbms,08-2026,couchbase-802-vanilla-ce-medium-medium-aws,1,ip-172-31-28-188,ranking,benchANT
2026-08-12 10:21:10+00:00,system,load5,7.08,dbms,08-2026,couchbase-802-vanilla-ce-medium-medium-aws,1,ip-172-31-28-188,ranking,benchANT
2026-08-12 10:21:20+00:00,system,load5,7.14,dbms,08-2026,couchbase-802-vanilla-ce-medium-medium-aws,1,ip-172-31-28-188,ranking,benchANT
2026-08-12 10:21:30+00:00,system,load5,7.24,dbms,08-2026,couchbase-802-vanilla-ce-medium-medium-aws,1,ip-172-31-28-188,ranking,benchANT
2026-08-12 10:21:40+00:00,system,load5,7.38,dbms,08-2026,couchbase-802-vanilla-ce-medium-medium-aws,1,ip-172-31-28-188,ranking,benchANT
2026-08-12 10:21:50+00:00,system,load5,7.48,dbms,08-2026,couchbase-802-vanilla-ce-medium-medium-aws,1,ip-172-31-28-188,ranking,benchANT
2026-08-12 10:22:00+00:00,system,load5,7.51,dbms,08-2026,couchbase-802-vanilla-ce-medium-medium-aws,1,ip-172-31-28-188,ranking,benchANT
2026-08-12 10:22:10+00:00,system,load5,7.61,dbms,08-2026,couchbase-802-vanilla-ce-medium-medium-aws,1,ip-172-31-28-188,ranking,benchANT
2026-08-12 10:22:20+00:00,system,load5,7.61,dbms,08-2026,couchbase-802-vanilla-ce-medium-medium-aws,1,ip-172-31-28-188,ranking,benchANT
2026-08-12 10:22:30+00:00,system,load5,7.67,dbms,08-2026,couchbase-802-vanilla-ce-medium-medium-aws,1,ip-172-31-28-188,ranking,benchANT
2026-08-12 10:22:40+00:00,system,load5,7.7,dbms,08-2026,couchbase-802-vanilla-ce-medium-medium-aws,1,ip-172-31-28-188,ranking,benchANT
2026-08-12 10:22:50+00:00,system,load5,7.78,dbms,08-2026,couchbase-802-vanilla-ce-medium-medium-aws,1,ip-172-31-28-188,ranking,benchANT
2026-08-12 10:23:00+00:00,system,load5,7.78,dbms,08-2026,couchbase-802-vanilla-ce-medium-medium-aws,1,ip-172-31-28-188,ranking,benchANT
2026-08-12 10:23:10+00:00,system,load5,7.81,dbms,08-2026,couchbase-802-vanilla-ce-medium-medium-aws,1,ip-172-31-28-188,ranking,benchANT
2026-08-12 10:23:20+00:00,system,load5,7.93,dbms,08-2026,couchbase-802-vanilla-ce-medium-medium-aws,1,ip-172-31-28-188,ranking,benchANT
2026-08-12 10:23:30+00:00,system,load5,7.96,dbms,08-2026,couchbase-802-vanilla-ce-medium-medium-aws,1,ip-172-31-28-188,ranking,benchANT
2026-08-12 10:23:40+00:00,system,load5,8.08,dbms,08-2026,couchbase-802-vanilla-ce-medium-medium-aws,1,ip-172-31-28-188,ranking,benchANT
2026-08-12 10:23:50+00:00,system,load5,8.16,dbms,08-2026,couchbase-802-vanilla-ce-medium-medium-aws,1,ip-172-31-28-188,ranking,benchANT
2026-08-12 10:24:00+00:00,system,load5,8.25,dbms,08-2026,couchbase-802-vanilla-ce-medium-medium-aws,1,ip-172-31-28-188,ranking,benchANT
2026-08-12 10:24:10+00:00,system,load5,8.35,dbms,08-2026,couchbase-802-vanilla-ce-medium-medium-aws,1,ip-172-31-28-188,ranking,benchANT
2026-08-12 10:24:20+00:00,system,load5,8.42,dbms,08-2026,couchbase-802-vanilla-ce-medium-medium-aws,1,ip-172-31-28-188,ranking,benchANT
2026-08-12 10:24:30+00:00,system,load5,8.5,dbms,08-2026,couchbase-802-vanilla-ce-medium-medium-aws,1,ip-172-31-28-188,ranking,benchANT
2026-08-12 10:24:40+00:00,system,load5,8.52,dbms,08-2026,couchbase-802-vanilla-ce-medium-medium-aws,1,ip-172-31-28-188,ranking,benchANT
2026-08-12 10:24:50+00:00,system,load5,8.59,dbms,08-2026,couchbase-802-vanilla-ce-medium-medium-aws,1,ip-172-31-28-188,ranking,benchANT
2026-08-12 10:25:00+00:00,system,load5,8.68,dbms,08-2026,couchbase-802-vanilla-ce-medium-medium-aws,1,ip-172-31-28-188,ranking,benchANT
2026-08-12 10:25:10+00:00,system,load5,8.83,dbms,08-2026,couchbase-802-vanilla-ce-medium-medium-aws,1,ip-172-31-28-188,ranking,benchANT
2026-08-12 10:25:20+00:00,system,load5,8.78,dbms,08-2026,couchbase-802-vanilla-ce-medium-medium-aws,1,ip-172-31-28-188,ranking,benchANT
2026-08-12 10:25:30+00:00,system,load5,8.84,dbms,08-2026,couchbase-802-vanilla-ce-medium-medium-aws,1,ip-172-31-28-188,ranking,benchANT
2026-08-12 10:25:40+00:00,system,load5,8.91,dbms,08-2026,couchbase-802-vanilla-ce-medium-medium-aws,1,ip-172-31-28-188,ranking,benchANT
2026-08-12 10:25:50+00:00,system,load5,8.93,dbms,08-2026,couchbase-802-vanilla-ce-medium-medium-aws,1,ip-172-31-28-188,ranking,benchANT
2026-08-12 10:26:00+00:00,system,load5,8.95,dbms,08-2026,couchbase-802-vanilla-ce-medium-medium-aws,1,ip-172-31-28-188,ranking,benchANT
2026-08-12 10:26:10+00:00,system,load5,9.0,dbms,08-2026,couchbase-802-vanilla-ce-medium-medium-aws,1,ip-172-31-28-188,ranking,benchANT
2026-08-12 10:26:20+00:00,system,load5,8.93,dbms,08-2026,couchbase-802-vanilla-ce-medium-medium-aws,1,ip-172-31-28-188,ranking,benchANT
2026-08-12 10:13:40+00:00,system,n_cpus,4,dbms,08-2026,couchbase-802-vanilla-ce-medium-medium-aws,1,ip-172-31-28-188,ranking,benchANT
2026-08-12 10:13:50+00:00,system,n_cpus,4,dbms,08-2026,couchbase-802-vanilla-ce-medium-medium-aws,1,ip-172-31-28-188,ranking,benchANT
2026-08-12 10:14:00+00:00,system,n_cpus,4,dbms,08-2026,couchbase-802-vanilla-ce-medium-medium-aws,1,ip-172-31-28-188,ranking,benchANT
2026-08-12 10:14:10+00:00,system,n_cpus,4,dbms,08-2026,couchbase-802-vanilla-ce-medium-medium-aws,1,ip-172-31-28-188,ranking,benchANT
2026-08-12 10:14:20+00:00,system,n_cpus,4,dbms,08-2026,couchbase-802-vanilla-ce-medium-medium-aws,1,ip-172-31-28-188,ranking,benchANT
2026-08-12 10:14:30+00:00,system,n_cpus,4,dbms,08-2026,couchbase-802-vanilla-ce-medium-medium-aws,1,ip-172-31-28-188,ranking,benchANT
2026-08-12 10:14:40+00:00,system,n_cpus,4,dbms,08-2026,couchbase-802-vanilla-ce-medium-medium-aws,1,ip-172-31-28-188,ranking,benchANT
2026-08-12 10:14:50+00:00,system,n_cpus,4,dbms,08-2026,couchbase-802-vanilla-ce-medium-medium-aws,1,ip-172-31-28-188,ranking,benchANT
2026-08-12 10:15:00+00:00,system,n_cpus,4,dbms,08-2026,couchbase-802-vanilla-ce-medium-medium-aws,1,ip-172-31-28-188,ranking,benchANT
2026-08-12 10:15:10+00:00,system,n_cpus,4,dbms,08-2026,couchbase-802-vanilla-ce-medium-medium-aws,1,ip-172-31-28-188,ranking,benchANT
2026-08-12 10:15:20+00:00,system,n_cpus,4,dbms,08-2026,couchbase-802-vanilla-ce-medium-medium-aws,1,ip-172-31-28-188,ranking,benchANT
2026-08-12 10:15:30+00:00,system,n_cpus,4,dbms,08-2026,couchbase-802-vanilla-ce-medium-medium-aws,1,ip-172-31-28-188,ranking,benchANT
2026-08-12 10:15:40+00:00,system,n_cpus,4,dbms,08-2026,couchbase-802-vanilla-ce-medium-medium-aws,1,ip-172-31-28-188,ranking,benchANT
2026-08-12 10:15:50+00:00,system,n_cpus,4,dbms,08-2026,couchbase-802-vanilla-ce-medium-medium-aws,1,ip-172-31-28-188,ranking,benchANT
2026-08-12 10:16:00+00:00,system,n_cpus,4,dbms,08-2026,couchbase-802-vanilla-ce-medium-medium-aws,1,ip-172-31-28-188,ranking,benchANT
2026-08-12 10:16:10+00:00,system,n_cpus,4,dbms,08-2026,couchbase-802-vanilla-ce-medium-medium-aws,1,ip-172-31-28-188,ranking,benchANT
2026-08-12 10:16:20+00:00,system,n_cpus,4,dbms,08-2026,couchbase-802-vanilla-ce-medium-medium-aws,1,ip-172-31-28-188,ranking,benchANT
2026-08-12 10:16:30+00:00,system,n_cpus,4,dbms,08-2026,couchbase-802-vanilla-ce-medium-medium-aws,1,ip-172-31-28-188,ranking,benchANT
2026-08-12 10:16:40+00:00,system,n_cpus,4,dbms,08-2026,couchbase-802-vanilla-ce-medium-medium-aws,1,ip-172-31-28-188,ranking,benchANT
2026-08-12 10:16:50+00:00,system,n_cpus,4,dbms,08-2026,couchbase-802-vanilla-ce-medium-medium-aws,1,ip-172-31-28-188,ranking,benchANT
2026-08-12 10:17:00+00:00,system,n_cpus,4,dbms,08-2026,couchbase-802-vanilla-ce-medium-medium-aws,1,ip-172-31-28-188,ranking,benchANT
2026-08-12 10:17:10+00:00,system,n_cpus,4,dbms,08-2026,couchbase-802-vanilla-ce-medium-medium-aws,1,ip-172-31-28-188,ranking,benchANT
2026-08-12 10:17:20+00:00,system,n_cpus,4,dbms,08-2026,couchbase-802-vanilla-ce-medium-medium-aws,1,ip-172-31-28-188,ranking,benchANT
2026-08-12 10:17:30+00:00,system,n_cpus,4,dbms,08-2026,couchbase-802-vanilla-ce-medium-medium-aws,1,ip-172-31-28-188,ranking,benchANT
2026-08-12 10:17:40+00:00,system,n_cpus,4,dbms,08-2026,couchbase-802-vanilla-ce-medium-medium-aws,1,ip-172-31-28-188,ranking,benchANT
2026-08-12 10:17:50+00:00,system,n_cpus,4,dbms,08-2026,couchbase-802-vanilla-ce-medium-medium-aws,1,ip-172-31-28-188,ranking,benchANT
2026-08-12 10:18:00+00:00,system,n_cpus,4,dbms,08-2026,couchbase-802-vanilla-ce-medium-medium-aws,1,ip-172-31-28-188,ranking,benchANT
2026-08-12 10:18:10+00:00,system,n_cpus,4,dbms,08-2026,couchbase-802-vanilla-ce-medium-medium-aws,1,ip-172-31-28-188,ranking,benchANT
2026-08-12 10:18:20+00:00,system,n_cpus,4,dbms,08-2026,couchbase-802-vanilla-ce-medium-medium-aws,1,ip-172-31-28-188,ranking,benchANT
2026-08-12 10:18:30+00:00,system,n_cpus,4,dbms,08-2026,couchbase-802-vanilla-ce-medium-medium-aws,1,ip-172-31-28-188,ranking,benchANT
2026-08-12 10:18:40+00:00,system,n_cpus,4,dbms,08-2026,couchbase-802-vanilla-ce-medium-medium-aws,1,ip-172-31-28-188,ranking,benchANT
2026-08-12 10:18:50+00:00,system,n_cpus,4,dbms,08-2026,couchbase-802-vanilla-ce-medium-medium-aws,1,ip-172-31-28-188,ranking,benchANT
2026-08-12 10:19:00+00:00,system,n_cpus,4,dbms,08-2026,couchbase-802-vanilla-ce-medium-medium-aws,1,ip-172-31-28-188,ranking,benchANT
2026-08-12 10:19:10+00:00,system,n_cpus,4,dbms,08-2026,couchbase-802-vanilla-ce-medium-medium-aws,1,ip-172-31-28-188,ranking,benchANT
2026-08-12 10:19:20+00:00,system,n_cpus,4,dbms,08-2026,couchbase-802-vanilla-ce-medium-medium-aws,1,ip-172-31-28-188,ranking,benchANT
2026-08-12 10:19:30+00:00,system,n_cpus,4,dbms,08-2026,couchbase-802-vanilla-ce-medium-medium-aws,1,ip-172-31-28-188,ranking,benchANT
2026-08-12 10:19:40+00:00,system,n_cpus,4,dbms,08-2026,couchbase-802-vanilla-ce-medium-medium-aws,1,ip-172-31-28-188,ranking,benchANT
2026-08-12 10:19:50+00:00,system,n_cpus,4,dbms,08-2026,couchbase-802-vanilla-ce-medium-medium-aws,1,ip-172-31-28-188,ranking,benchANT
2026-08-12 10:20:00+00:00,system,n_cpus,4,dbms,08-2026,couchbase-802-vanilla-ce-medium-medium-aws,1,ip-172-31-28-188,ranking,benchANT
2026-08-12 10:20:10+00:00,system,n_cpus,4,dbms,08-2026,couchbase-802-vanilla-ce-medium-medium-aws,1,ip-172-31-28-188,ranking,benchANT
2026-08-12 10:20:20+00:00,system,n_cpus,4,dbms,08-2026,couchbase-802-vanilla-ce-medium-medium-aws,1,ip-172-31-28-188,ranking,benchANT
2026-08-12 10:20:30+00:00,system,n_cpus,4,dbms,08-2026,couchbase-802-vanilla-ce-medium-medium-aws,1,ip-172-31-28-188,ranking,benchANT
2026-08-12 10:20:40+00:00,system,n_cpus,4,dbms,08-2026,couchbase-802-vanilla-ce-medium-medium-aws,1,ip-172-31-28-188,ranking,benchANT
2026-08-12 10:20:50+00:00,system,n_cpus,4,dbms,08-2026,couchbase-802-vanilla-ce-medium-medium-aws,1,ip-172-31-28-188,ranking,benchANT
2026-08-12 10:21:00+00:00,system,n_cpus,4,dbms,08-2026,couchbase-802-vanilla-ce-medium-medium-aws,1,ip-172-31-28-188,ranking,benchANT
2026-08-12 10:21:10+00:00,system,n_cpus,4,dbms,08-2026,couchbase-802-vanilla-ce-medium-medium-aws,1,ip-172-31-28-188,ranking,benchANT
2026-08-12 10:21:20+00:00,system,n_cpus,4,dbms,08-2026,couchbase-802-vanilla-ce-medium-medium-aws,1,ip-172-31-28-188,ranking,benchANT
2026-08-12 10:21:30+00:00,system,n_cpus,4,dbms,08-2026,couchbase-802-vanilla-ce-medium-medium-aws,1,ip-172-31-28-188,ranking,benchANT
2026-08-12 10:21:40+00:00,system,n_cpus,4,dbms,08-2026,couchbase-802-vanilla-ce-medium-medium-aws,1,ip-172-31-28-188,ranking,benchANT
2026-08-12 10:21:50+00:00,system,n_cpus,4,dbms,08-2026,couchbase-802-vanilla-ce-medium-medium-aws,1,ip-172-31-28-188,ranking,benchANT
2026-08-12 10:22:00+00:00,system,n_cpus,4,dbms,08-2026,couchbase-802-vanilla-ce-medium-medium-aws,1,ip-172-31-28-188,ranking,benchANT
2026-08-12 10:22:10+00:00,system,n_cpus,4,dbms,08-2026,couchbase-802-vanilla-ce-medium-medium-aws,1,ip-172-31-28-188,ranking,benchANT
2026-08-12 10:22:20+00:00,system,n_cpus,4,dbms,08-2026,couchbase-802-vanilla-ce-medium-medium-aws,1,ip-172-31-28-188,ranking,benchANT
2026-08-12 10:22:30+00:00,system,n_cpus,4,dbms,08-2026,couchbase-802-vanilla-ce-medium-medium-aws,1,ip-172-31-28-188,ranking,benchANT
2026-08-12 10:22:40+00:00,system,n_cpus,4,dbms,08-2026,couchbase-802-vanilla-ce-medium-medium-aws,1,ip-172-31-28-188,ranking,benchANT
2026-08-12 10:22:50+00:00,system,n_cpus,4,dbms,08-2026,couchbase-802-vanilla-ce-medium-medium-aws,1,ip-172-31-28-188,ranking,benchANT
2026-08-12 10:23:00+00:00,system,n_cpus,4,dbms,08-2026,couchbase-802-vanilla-ce-medium-medium-aws,1,ip-172-31-28-188,ranking,benchANT
2026-08-12 10:23:10+00:00,system,n_cpus,4,dbms,08-2026,couchbase-802-vanilla-ce-medium-medium-aws,1,ip-172-31-28-188,ranking,benchANT
2026-08-12 10:23:20+00:00,system,n_cpus,4,dbms,08-2026,couchbase-802-vanilla-ce-medium-medium-aws,1,ip-172-31-28-188,ranking,benchANT
2026-08-12 10:23:30+00:00,system,n_cpus,4,dbms,08-2026,couchbase-802-vanilla-ce-medium-medium-aws,1,ip-172-31-28-188,ranking,benchANT
2026-08-12 10:23:40+00:00,system,n_cpus,4,dbms,08-2026,couchbase-802-vanilla-ce-medium-medium-aws,1,ip-172-31-28-188,ranking,benchANT
2026-08-12 10:23:50+00:00,system,n_cpus,4,dbms,08-2026,couchbase-802-vanilla-ce-medium-medium-aws,1,ip-172-31-28-188,ranking,benchANT
2026-08-12 10:24:00+00:00,system,n_cpus,4,dbms,08-2026,couchbase-802-vanilla-ce-medium-medium-aws,1,ip-172-31-28-188,ranking,benchANT
2026-08-12 10:24:10+00:00,system,n_cpus,4,dbms,08-2026,couchbase-802-vanilla-ce-medium-medium-aws,1,ip-172-31-28-188,ranking,benchANT
2026-08-12 10:24:20+00:00,system,n_cpus,4,dbms,08-2026,couchbase-802-vanilla-ce-medium-medium-aws,1,ip-172-31-28-188,ranking,benchANT
2026-08-12 10:24:30+00:00,system,n_cpus,4,dbms,08-2026,couchbase-802-vanilla-ce-medium-medium-aws,1,ip-172-31-28-188,ranking,benchANT
2026-08-12 10:24:40+00:00,system,n_cpus,4,dbms,08-2026,couchbase-802-vanilla-ce-medium-medium-aws,1,ip-172-31-28-188,ranking,benchANT
2026-08-12 10:24:50+00:00,system,n_cpus,4,dbms,08-2026,couchbase-802-vanilla-ce-medium-medium-aws,1,ip-172-31-28-188,ranking,benchANT
2026-08-12 10:25:00+00:00,system,n_cpus,4,dbms,08-2026,couchbase-802-vanilla-ce-medium-medium-aws,1,ip-172-31-28-188,ranking,benchANT
2026-08-12 10:25:10+00:00,system,n_cpus,4,dbms,08-2026,couchbase-802-vanilla-ce-medium-medium-aws,1,ip-172-31-28-188,ranking,benchANT
2026-08-12 10:25:20+00:00,system,n_cpus,4,dbms,08-2026,couchbase-802-vanilla-ce-medium-medium-aws,1,ip-172-31-28-188,ranking,benchANT
2026-08-12 10:25:30+00:00,system,n_cpus,4,dbms,08-2026,couchbase-802-vanilla-ce-medium-medium-aws,1,ip-172-31-28-188,ranking,benchANT
2026-08-12 10:25:40+00:00,system,n_cpus,4,dbms,08-2026,couchbase-802-vanilla-ce-medium-medium-aws,1,ip-172-31-28-188,ranking,benchANT
2026-08-12 10:25:50+00:00,system,n_cpus,4,dbms,08-2026,couchbase-802-vanilla-ce-medium-medium-aws,1,ip-172-31-28-188,ranking,benchANT
2026-08-12 10:26:00+00:00,system,n_cpus,4,dbms,08-2026,couchbase-802-vanilla-ce-medium-medium-aws,1,ip-172-31-28-188,ranking,benchANT
2026-08-12 10:26:10+00:00,system,n_cpus,4,dbms,08-2026,couchbase-802-vanilla-ce-medium-medium-aws,1,ip-172-31-28-188,ranking,benchANT
2026-08-12 10:26:20+00:00,system,n_cpus,4,dbms,08-2026,couchbase-802-vanilla-ce-medium-medium-aws,1,ip-172-31-28-188,ranking,benchANT
2026-08-12 10:13:40+00:00,system,n_users,0,dbms,08-2026,couchbase-802-vanilla-ce-medium-medium-aws,1,ip-172-31-28-188,ranking,benchANT
2026-08-12 10:13:50+00:00,system,n_users,0,dbms,08-2026,couchbase-802-vanilla-ce-medium-medium-aws,1,ip-172-31-28-188,ranking,benchANT
2026-08-12 10:14:00+00:00,system,n_users,0,dbms,08-2026,couchbase-802-vanilla-ce-medium-medium-aws,1,ip-172-31-28-188,ranking,benchANT
2026-08-12 10:14:10+00:00,system,n_users,0,dbms,08-2026,couchbase-802-vanilla-ce-medium-medium-aws,1,ip-172-31-28-188,ranking,benchANT
2026-08-12 10:14:20+00:00,system,n_users,0,dbms,08-2026,couchbase-802-vanilla-ce-medium-medium-aws,1,ip-172-31-28-188,ranking,benchANT
2026-08-12 10:14:30+00:00,system,n_users,0,dbms,08-2026,couchbase-802-vanilla-ce-medium-medium-aws,1,ip-172-31-28-188,ranking,benchANT
2026-08-12 10:14:40+00:00,system,n_users,0,dbms,08-2026,couchbase-802-vanilla-ce-medium-medium-aws,1,ip-172-31-28-188,ranking,benchANT
2026-08-12 10:14:50+00:00,system,n_users,0,dbms,08-2026,couchbase-802-vanilla-ce-medium-medium-aws,1,ip-172-31-28-188,ranking,benchANT
2026-08-12 10:15:00+00:00,system,n_users,0,dbms,08-2026,couchbase-802-vanilla-ce-medium-medium-aws,1,ip-172-31-28-188,ranking,benchANT
2026-08-12 10:15:10+00:00,system,n_users,0,dbms,08-2026,couchbase-802-vanilla-ce-medium-medium-aws,1,ip-172-31-28-188,ranking,benchANT
2026-08-12 10:15:20+00:00,system,n_users,0,dbms,08-2026,couchbase-802-vanilla-ce-medium-medium-aws,1,ip-172-31-28-188,ranking,benchANT
2026-08-12 10:15:30+00:00,system,n_users,0,dbms,08-2026,couchbase-802-vanilla-ce-medium-medium-aws,1,ip-172-31-28-188,ranking,benchANT
2026-08-12 10:15:40+00:00,system,n_users,0,dbms,08-2026,couchbase-802-vanilla-ce-medium-medium-aws,1,ip-172-31-28-188,ranking,benchANT
2026-08-12 10:15:50+00:00,system,n_users,0,dbms,08-2026,couchbase-802-vanilla-ce-medium-medium-aws,1,ip-172-31-28-188,ranking,benchANT
2026-08-12 10:16:00+00:00,system,n_users,0,dbms,08-2026,couchbase-802-vanilla-ce-medium-medium-aws,1,ip-172-31-28-188,ranking,benchANT
2026-08-12 10:16:10+00:00,system,n_users,0,dbms,08-2026,couchbase-802-vanilla-ce-medium-medium-aws,1,ip-172-31-28-188,ranking,benchANT
2026-08-12 10:16:20+00:00,system,n_users,0,dbms,08-2026,couchbase-802-vanilla-ce-medium-medium-aws,1,ip-172-31-28-188,ranking,benchANT
2026-08-12 10:16:30+00:00,system,n_users,0,dbms,08-2026,couchbase-802-vanilla-ce-medium-medium-aws,1,ip-172-31-28-188,ranking,benchANT
2026-08-12 10:16:40+00:00,system,n_users,0,dbms,08-2026,couchbase-802-vanilla-ce-medium-medium-aws,1,ip-172-31-28-188,ranking,benchANT
2026-08-12 10:16:50+00:00,system,n_users,0,dbms,08-2026,couchbase-802-vanilla-ce-medium-medium-aws,1,ip-172-31-28-188,ranking,benchANT
2026-08-12 10:17:00+00:00,system,n_users,0,dbms,08-2026,couchbase-802-vanilla-ce-medium-medium-aws,1,ip-172-31-28-188,ranking,benchANT
2026-08-12 10:17:10+00:00,system,n_users,0,dbms,08-2026,couchbase-802-vanilla-ce-medium-medium-aws,1,ip-172-31-28-188,ranking,benchANT
2026-08-12 10:17:20+00:00,system,n_users,0,dbms,08-2026,couchbase-802-vanilla-ce-medium-medium-aws,1,ip-172-31-28-188,ranking,benchANT
2026-08-12 10:17:30+00:00,system,n_users,0,dbms,08-2026,couchbase-802-vanilla-ce-medium-medium-aws,1,ip-172-31-28-188,ranking,benchANT
2026-08-12 10:17:40+00:00,system,n_users,0,dbms,08-2026,couchbase-802-vanilla-ce-medium-medium-aws,1,ip-172-31-28-188,ranking,benchANT
2026-08-12 10:17:50+00:00,system,n_users,0,dbms,08-2026,couchbase-802-vanilla-ce-medium-medium-aws,1,ip-172-31-28-188,ranking,benchANT
2026-08-12 10:18:00+00:00,system,n_users,0,dbms,08-2026,couchbase-802-vanilla-ce-medium-medium-aws,1,ip-172-31-28-188,ranking,benchANT
2026-08-12 10:18:10+00:00,system,n_users,0,dbms,08-2026,couchbase-802-vanilla-ce-medium-medium-aws,1,ip-172-31-28-188,ranking,benchANT
2026-08-12 10:18:20+00:00,system,n_users,0,dbms,08-2026,couchbase-802-vanilla-ce-medium-medium-aws,1,ip-172-31-28-188,ranking,benchANT
2026-08-12 10:18:30+00:00,system,n_users,0,dbms,08-2026,couchbase-802-vanilla-ce-medium-medium-aws,1,ip-172-31-28-188,ranking,benchANT
2026-08-12 10:18:40+00:00,system,n_users,0,dbms,08-2026,couchbase-802-vanilla-ce-medium-medium-aws,1,ip-172-31-28-188,ranking,benchANT
2026-08-12 10:18:50+00:00,system,n_users,0,dbms,08-2026,couchbase-802-vanilla-ce-medium-medium-aws,1,ip-172-31-28-188,ranking,benchANT
2026-08-12 10:19:00+00:00,system,n_users,0,dbms,08-2026,couchbase-802-vanilla-ce-medium-medium-aws,1,ip-172-31-28-188,ranking,benchANT
2026-08-12 10:19:10+00:00,system,n_users,0,dbms,08-2026,couchbase-802-vanilla-ce-medium-medium-aws,1,ip-172-31-28-188,ranking,benchANT
2026-08-12 10:19:20+00:00,system,n_users,0,dbms,08-2026,couchbase-802-vanilla-ce-medium-medium-aws,1,ip-172-31-28-188,ranking,benchANT
2026-08-12 10:19:30+00:00,system,n_users,0,dbms,08-2026,couchbase-802-vanilla-ce-medium-medium-aws,1,ip-172-31-28-188,ranking,benchANT
2026-08-12 10:19:40+00:00,system,n_users,0,dbms,08-2026,couchbase-802-vanilla-ce-medium-medium-aws,1,ip-172-31-28-188,ranking,benchANT
2026-08-12 10:19:50+00:00,system,n_users,0,dbms,08-2026,couchbase-802-vanilla-ce-medium-medium-aws,1,ip-172-31-28-188,ranking,benchANT
2026-08-12 10:20:00+00:00,system,n_users,0,dbms,08-2026,couchbase-802-vanilla-ce-medium-medium-aws,1,ip-172-31-28-188,ranking,benchANT
2026-08-12 10:20:10+00:00,system,n_users,0,dbms,08-2026,couchbase-802-vanilla-ce-medium-medium-aws,1,ip-172-31-28-188,ranking,benchANT
2026-08-12 10:20:20+00:00,system,n_users,0,dbms,08-2026,couchbase-802-vanilla-ce-medium-medium-aws,1,ip-172-31-28-188,ranking,benchANT
2026-08-12 10:20:30+00:00,system,n_users,0,dbms,08-2026,couchbase-802-vanilla-ce-medium-medium-aws,1,ip-172-31-28-188,ranking,benchANT
2026-08-12 10:20:40+00:00,system,n_users,0,dbms,08-2026,couchbase-802-vanilla-ce-medium-medium-aws,1,ip-172-31-28-188,ranking,benchANT
2026-08-12 10:20:50+00:00,system,n_users,0,dbms,08-2026,couchbase-802-vanilla-ce-medium-medium-aws,1,ip-172-31-28-188,ranking,benchANT
2026-08-12 10:21:00+00:00,system,n_users,0,dbms,08-2026,couchbase-802-vanilla-ce-medium-medium-aws,1,ip-172-31-28-188,ranking,benchANT
2026-08-12 10:21:10+00:00,system,n_users,0,dbms,08-2026,couchbase-802-vanilla-ce-medium-medium-aws,1,ip-172-31-28-188,ranking,benchANT
2026-08-12 10:21:20+00:00,system,n_users,0,dbms,08-2026,couchbase-802-vanilla-ce-medium-medium-aws,1,ip-172-31-28-188,ranking,benchANT
2026-08-12 10:21:30+00:00,system,n_users,0,dbms,08-2026,couchbase-802-vanilla-ce-medium-medium-aws,1,ip-172-31-28-188,ranking,benchANT
2026-08-12 10:21:40+00:00,system,n_users,0,dbms,08-2026,couchbase-802-vanilla-ce-medium-medium-aws,1,ip-172-31-28-188,ranking,benchANT
2026-08-12 10:21:50+00:00,system,n_users,0,dbms,08-2026,couchbase-802-vanilla-ce-medium-medium-aws,1,ip-172-31-28-188,ranking,benchANT
2026-08-12 10:22:00+00:00,system,n_users,0,dbms,08-2026,couchbase-802-vanilla-ce-medium-medium-aws,1,ip-172-31-28-188,ranking,benchANT
2026-08-12 10:22:10+00:00,system,n_users,0,dbms,08-2026,couchbase-802-vanilla-ce-medium-medium-aws,1,ip-172-31-28-188,ranking,benchANT
2026-08-12 10:22:20+00:00,system,n_users,0,dbms,08-2026,couchbase-802-vanilla-ce-medium-medium-aws,1,ip-172-31-28-188,ranking,benchANT
2026-08-12 10:22:30+00:00,system,n_users,0,dbms,08-2026,couchbase-802-vanilla-ce-medium-medium-aws,1,ip-172-31-28-188,ranking,benchANT
2026-08-12 10:22:40+00:00,system,n_users,0,dbms,08-2026,couchbase-802-vanilla-ce-medium-medium-aws,1,ip-172-31-28-188,ranking,benchANT
2026-08-12 10:22:50+00:00,system,n_users,0,dbms,08-2026,couchbase-802-vanilla-ce-medium-medium-aws,1,ip-172-31-28-188,ranking,benchANT
2026-08-12 10:23:00+00:00,system,n_users,0,dbms,08-2026,couchbase-802-vanilla-ce-medium-medium-aws,1,ip-172-31-28-188,ranking,benchANT
2026-08-12 10:23:10+00:00,system,n_users,0,dbms,08-2026,couchbase-802-vanilla-ce-medium-medium-aws,1,ip-172-31-28-188,ranking,benchANT
2026-08-12 10:23:20+00:00,system,n_users,0,dbms,08-2026,couchbase-802-vanilla-ce-medium-medium-aws,1,ip-172-31-28-188,ranking,benchANT
2026-08-12 10:23:30+00:00,system,n_users,0,dbms,08-2026,couchbase-802-vanilla-ce-medium-medium-aws,1,ip-172-31-28-188,ranking,benchANT
2026-08-12 10:23:40+00:00,system,n_users,0,dbms,08-2026,couchbase-802-vanilla-ce-medium-medium-aws,1,ip-172-31-28-188,ranking,benchANT
2026-08-12 10:23:50+00:00,system,n_users,0,dbms,08-2026,couchbase-802-vanilla-ce-medium-medium-aws,1,ip-172-31-28-188,ranking,benchANT
2026-08-12 10:24:00+00:00,system,n_users,0,dbms,08-2026,couchbase-802-vanilla-ce-medium-medium-aws,1,ip-172-31-28-188,ranking,benchANT
2026-08-12 10:24:10+00:00,system,n_users,0,dbms,08-2026,couchbase-802-vanilla-ce-medium-medium-aws,1,ip-172-31-28-188,ranking,benchANT
2026-08-12 10:24:20+00:00,system,n_users,0,dbms,08-2026,couchbase-802-vanilla-ce-medium-medium-aws,1,ip-172-31-28-188,ranking,benchANT
2026-08-12 10:24:30+00:00,system,n_users,0,dbms,08-2026,couchbase-802-vanilla-ce-medium-medium-aws,1,ip-172-31-28-188,ranking,benchANT
2026-08-12 10:24:40+00:00,system,n_users,0,dbms,08-2026,couchbase-802-vanilla-ce-medium-medium-aws,1,ip-172-31-28-188,ranking,benchANT
2026-08-12 10:24:50+00:00,system,n_users,0,dbms,08-2026,couchbase-802-vanilla-ce-medium-medium-aws,1,ip-172-31-28-188,ranking,benchANT
2026-08-12 10:25:00+00:00,system,n_users,0,dbms,08-2026,couchbase-802-vanilla-ce-medium-medium-aws,1,ip-172-31-28-188,ranking,benchANT
2026-08-12 10:25:10+00:00,system,n_users,0,dbms,08-2026,couchbase-802-vanilla-ce-medium-medium-aws,1,ip-172-31-28-188,ranking,benchANT
2026-08-12 10:25:20+00:00,system,n_users,0,dbms,08-2026,couchbase-802-vanilla-ce-medium-medium-aws,1,ip-172-31-28-188,ranking,benchANT
2026-08-12 10:25:30+00:00,system,n_users,0,dbms,08-2026,couchbase-802-vanilla-ce-medium-medium-aws,1,ip-172-31-28-188,ranking,benchANT
2026-08-12 10:25:40+00:00,system,n_users,0,dbms,08-2026,couchbase-802-vanilla-ce-medium-medium-aws,1,ip-172-31-28-188,ranking,benchANT
2026-08-12 10:25:50+00:00,system,n_users,0,dbms,08-2026,couchbase-802-vanilla-ce-medium-medium-aws,1,ip-172-31-28-188,ranking,benchANT
2026-08-12 10:26:00+00:00,system,n_users,0,dbms,08-2026,couchbase-802-vanilla-ce-medium-medium-aws,1,ip-172-31-28-188,ranking,benchANT
2026-08-12 10:26:10+00:00,system,n_users,0,dbms,08-2026,couchbase-802-vanilla-ce-medium-medium-aws,1,ip-172-31-28-188,ranking,benchANT
2026-08-12 10:26:20+00:00,system,n_users,0,dbms,08-2026,couchbase-802-vanilla-ce-medium-medium-aws,1,ip-172-31-28-188,ranking,benchANT
2026-08-12 10:13:40+00:00,system,uptime,899,dbms,08-2026,couchbase-802-vanilla-ce-medium-medium-aws,1,ip-172-31-28-188,ranking,benchANT
2026-08-12 10:13:50+00:00,system,uptime,909,dbms,08-2026,couchbase-802-vanilla-ce-medium-medium-aws,1,ip-172-31-28-188,ranking,benchANT
2026-08-12 10:14:00+00:00,system,uptime,919,dbms,08-2026,couchbase-802-vanilla-ce-medium-medium-aws,1,ip-172-31-28-188,ranking,benchANT
2026-08-12 10:14:10+00:00,system,uptime,929,dbms,08-2026,couchbase-802-vanilla-ce-medium-medium-aws,1,ip-172-31-28-188,ranking,benchANT
2026-08-12 10:14:20+00:00,system,uptime,939,dbms,08-2026,couchbase-802-vanilla-ce-medium-medium-aws,1,ip-172-31-28-188,ranking,benchANT
2026-08-12 10:14:30+00:00,system,uptime,949,dbms,08-2026,couchbase-802-vanilla-ce-medium-medium-aws,1,ip-172-31-28-188,ranking,benchANT
2026-08-12 10:14:40+00:00,system,uptime,959,dbms,08-2026,couchbase-802-vanilla-ce-medium-medium-aws,1,ip-172-31-28-188,ranking,benchANT
2026-08-12 10:14:50+00:00,system,uptime,969,dbms,08-2026,couchbase-802-vanilla-ce-medium-medium-aws,1,ip-172-31-28-188,ranking,benchANT
2026-08-12 10:15:00+00:00,system,uptime,979,dbms,08-2026,couchbase-802-vanilla-ce-medium-medium-aws,1,ip-172-31-28-188,ranking,benchANT
2026-08-12 10:15:10+00:00,system,uptime,989,dbms,08-2026,couchbase-802-vanilla-ce-medium-medium-aws,1,ip-172-31-28-188,ranking,benchANT
2026-08-12 10:15:20+00:00,system,uptime,999,dbms,08-2026,couchbase-802-vanilla-ce-medium-medium-aws,1,ip-172-31-28-188,ranking,benchANT
2026-08-12 10:15:30+00:00,system,uptime,1009,dbms,08-2026,couchbase-802-vanilla-ce-medium-medium-aws,1,ip-172-31-28-188,ranking,benchANT
2026-08-12 10:15:40+00:00,system,uptime,1019,dbms,08-2026,couchbase-802-vanilla-ce-medium-medium-aws,1,ip-172-31-28-188,ranking,benchANT
2026-08-12 10:15:50+00:00,system,uptime,1029,dbms,08-2026,couchbase-802-vanilla-ce-medium-medium-aws,1,ip-172-31-28-188,ranking,benchANT
2026-08-12 10:16:00+00:00,system,uptime,1039,dbms,08-2026,couchbase-802-vanilla-ce-medium-medium-aws,1,ip-172-31-28-188,ranking,benchANT
2026-08-12 10:16:10+00:00,system,uptime,1049,dbms,08-2026,couchbase-802-vanilla-ce-medium-medium-aws,1,ip-172-31-28-188,ranking,benchANT
2026-08-12 10:16:20+00:00,system,uptime,1059,dbms,08-2026,couchbase-802-vanilla-ce-medium-medium-aws,1,ip-172-31-28-188,ranking,benchANT
2026-08-12 10:16:30+00:00,system,uptime,1069,dbms,08-2026,couchbase-802-vanilla-ce-medium-medium-aws,1,ip-172-31-28-188,ranking,benchANT
2026-08-12 10:16:40+00:00,system,uptime,1079,dbms,08-2026,couchbase-802-vanilla-ce-medium-medium-aws,1,ip-172-31-28-188,ranking,benchANT
2026-08-12 10:16:50+00:00,system,uptime,1089,dbms,08-2026,couchbase-802-vanilla-ce-medium-medium-aws,1,ip-172-31-28-188,ranking,benchANT
2026-08-12 10:17:00+00:00,system,uptime,1099,dbms,08-2026,couchbase-802-vanilla-ce-medium-medium-aws,1,ip-172-31-28-188,ranking,benchANT
2026-08-12 10:17:10+00:00,system,uptime,1109,dbms,08-2026,couchbase-802-vanilla-ce-medium-medium-aws,1,ip-172-31-28-188,ranking,benchANT
2026-08-12 10:17:20+00:00,system,uptime,1119,dbms,08-2026,couchbase-802-vanilla-ce-medium-medium-aws,1,ip-172-31-28-188,ranking,benchANT
2026-08-12 10:17:30+00:00,system,uptime,1129,dbms,08-2026,couchbase-802-vanilla-ce-medium-medium-aws,1,ip-172-31-28-188,ranking,benchANT
2026-08-12 10:17:40+00:00,system,uptime,1139,dbms,08-2026,couchbase-802-vanilla-ce-medium-medium-aws,1,ip-172-31-28-188,ranking,benchANT
2026-08-12 10:17:50+00:00,system,uptime,1149,dbms,08-2026,couchbase-802-vanilla-ce-medium-medium-aws,1,ip-172-31-28-188,ranking,benchANT
2026-08-12 10:18:00+00:00,system,uptime,1159,dbms,08-2026,couchbase-802-vanilla-ce-medium-medium-aws,1,ip-172-31-28-188,ranking,benchANT
2026-08-12 10:18:10+00:00,system,uptime,1169,dbms,08-2026,couchbase-802-vanilla-ce-medium-medium-aws,1,ip-172-31-28-188,ranking,benchANT
2026-08-12 10:18:20+00:00,system,uptime,1179,dbms,08-2026,couchbase-802-vanilla-ce-medium-medium-aws,1,ip-172-31-28-188,ranking,benchANT
2026-08-12 10:18:30+00:00,system,uptime,1189,dbms,08-2026,couchbase-802-vanilla-ce-medium-medium-aws,1,ip-172-31-28-188,ranking,benchANT
2026-08-12 10:18:40+00:00,system,uptime,1199,dbms,08-2026,couchbase-802-vanilla-ce-medium-medium-aws,1,ip-172-31-28-188,ranking,benchANT
2026-08-12 10:18:50+00:00,system,uptime,1209,dbms,08-2026,couchbase-802-vanilla-ce-medium-medium-aws,1,ip-172-31-28-188,ranking,benchANT
2026-08-12 10:19:00+00:00,system,uptime,1219,dbms,08-2026,couchbase-802-vanilla-ce-medium-medium-aws,1,ip-172-31-28-188,ranking,benchANT
2026-08-12 10:19:10+00:00,system,uptime,1229,dbms,08-2026,couchbase-802-vanilla-ce-medium-medium-aws,1,ip-172-31-28-188,ranking,benchANT
2026-08-12 10:19:20+00:00,system,uptime,1239,dbms,08-2026,couchbase-802-vanilla-ce-medium-medium-aws,1,ip-172-31-28-188,ranking,benchANT
2026-08-12 10:19:30+00:00,system,uptime,1249,dbms,08-2026,couchbase-802-vanilla-ce-medium-medium-aws,1,ip-172-31-28-188,ranking,benchANT
2026-08-12 10:19:40+00:00,system,uptime,1259,dbms,08-2026,couchbase-802-vanilla-ce-medium-medium-aws,1,ip-172-31-28-188,ranking,benchANT
2026-08-12 10:19:50+00:00,system,uptime,1269,dbms,08-2026,couchbase-802-vanilla-ce-medium-medium-aws,1,ip-172-31-28-188,ranking,benchANT
2026-08-12 10:20:00+00:00,system,uptime,1279,dbms,08-2026,couchbase-802-vanilla-ce-medium-medium-aws,1,ip-172-31-28-188,ranking,benchANT
2026-08-12 10:20:10+00:00,system,uptime,1289,dbms,08-2026,couchbase-802-vanilla-ce-medium-medium-aws,1,ip-172-31-28-188,ranking,benchANT
2026-08-12 10:20:20+00:00,system,uptime,1299,dbms,08-2026,couchbase-802-vanilla-ce-medium-medium-aws,1,ip-172-31-28-188,ranking,benchANT
2026-08-12 10:20:30+00:00,system,uptime,1309,dbms,08-2026,couchbase-802-vanilla-ce-medium-medium-aws,1,ip-172-31-28-188,ranking,benchANT
2026-08-12 10:20:40+00:00,system,uptime,1319,dbms,08-2026,couchbase-802-vanilla-ce-medium-medium-aws,1,ip-172-31-28-188,ranking,benchANT
2026-08-12 10:20:50+00:00,system,uptime,1329,dbms,08-2026,couchbase-802-vanilla-ce-medium-medium-aws,1,ip-172-31-28-188,ranking,benchANT
2026-08-12 10:21:00+00:00,system,uptime,1339,dbms,08-2026,couchbase-802-vanilla-ce-medium-medium-aws,1,ip-172-31-28-188,ranking,benchANT
2026-08-12 10:21:10+00:00,system,uptime,1349,dbms,08-2026,couchbase-802-vanilla-ce-medium-medium-aws,1,ip-172-31-28-188,ranking,benchANT
2026-08-12 10:21:20+00:00,system,uptime,1359,dbms,08-2026,couchbase-802-vanilla-ce-medium-medium-aws,1,ip-172-31-28-188,ranking,benchANT
2026-08-12 10:21:30+00:00,system,uptime,1369,dbms,08-2026,couchbase-802-vanilla-ce-medium-medium-aws,1,ip-172-31-28-188,ranking,benchANT
2026-08-12 10:21:40+00:00,system,uptime,1379,dbms,08-2026,couchbase-802-vanilla-ce-medium-medium-aws,1,ip-172-31-28-188,ranking,benchANT
2026-08-12 10:21:50+00:00,system,uptime,1389,dbms,08-2026,couchbase-802-vanilla-ce-medium-medium-aws,1,ip-172-31-28-188,ranking,benchANT
2026-08-12 10:22:00+00:00,system,uptime,1399,dbms,08-2026,couchbase-802-vanilla-ce-medium-medium-aws,1,ip-172-31-28-188,ranking,benchANT
2026-08-12 10:22:10+00:00,system,uptime,1409,dbms,08-2026,couchbase-802-vanilla-ce-medium-medium-aws,1,ip-172-31-28-188,ranking,benchANT
2026-08-12 10:22:20+00:00,system,uptime,1419,dbms,08-2026,couchbase-802-vanilla-ce-medium-medium-aws,1,ip-172-31-28-188,ranking,benchANT
2026-08-12 10:22:30+00:00,system,uptime,1429,dbms,08-2026,couchbase-802-vanilla-ce-medium-medium-aws,1,ip-172-31-28-188,ranking,benchANT
2026-08-12 10:22:40+00:00,system,uptime,1439,dbms,08-2026,couchbase-802-vanilla-ce-medium-medium-aws,1,ip-172-31-28-188,ranking,benchANT
2026-08-12 10:22:50+00:00,system,uptime,1449,dbms,08-2026,couchbase-802-vanilla-ce-medium-medium-aws,1,ip-172-31-28-188,ranking,benchANT
2026-08-12 10:23:00+00:00,system,uptime,1459,dbms,08-2026,couchbase-802-vanilla-ce-medium-medium-aws,1,ip-172-31-28-188,ranking,benchANT
2026-08-12 10:23:10+00:00,system,uptime,1469,dbms,08-2026,couchbase-802-vanilla-ce-medium-medium-aws,1,ip-172-31-28-188,ranking,benchANT
2026-08-12 10:23:20+00:00,system,uptime,1479,dbms,08-2026,couchbase-802-vanilla-ce-medium-medium-aws,1,ip-172-31-28-188,ranking,benchANT
2026-08-12 10:23:30+00:00,system,uptime,1489,dbms,08-2026,couchbase-802-vanilla-ce-medium-medium-aws,1,ip-172-31-28-188,ranking,benchANT
2026-08-12 10:23:40+00:00,system,uptime,1499,dbms,08-2026,couchbase-802-vanilla-ce-medium-medium-aws,1,ip-172-31-28-188,ranking,benchANT
2026-08-12 10:23:50+00:00,system,uptime,1509,dbms,08-2026,couchbase-802-vanilla-ce-medium-medium-aws,1,ip-172-31-28-188,ranking,benchANT
2026-08-12 10:24:00+00:00,system,uptime,1519,dbms,08-2026,couchbase-802-vanilla-ce-medium-medium-aws,1,ip-172-31-28-188,ranking,benchANT
2026-08-12 10:24:10+00:00,system,uptime,1529,dbms,08-2026,couchbase-802-vanilla-ce-medium-medium-aws,1,ip-172-31-28-188,ranking,benchANT
2026-08-12 10:24:20+00:00,system,uptime,1539,dbms,08-2026,couchbase-802-vanilla-ce-medium-medium-aws,1,ip-172-31-28-188,ranking,benchANT
2026-08-12 10:24:30+00:00,system,uptime,1549,dbms,08-2026,couchbase-802-vanilla-ce-medium-medium-aws,1,ip-172-31-28-188,ranking,benchANT
2026-08-12 10:24:40+00:00,system,uptime,1559,dbms,08-2026,couchbase-802-vanilla-ce-medium-medium-aws,1,ip-172-31-28-188,ranking,benchANT
2026-08-12 10:24:50+00:00,system,uptime,1569,dbms,08-2026,couchbase-802-vanilla-ce-medium-medium-aws,1,ip-172-31-28-188,ranking,benchANT
2026-08-12 10:25:00+00:00,system,uptime,1579,dbms,08-2026,couchbase-802-vanilla-ce-medium-medium-aws,1,ip-172-31-28-188,ranking,benchANT
2026-08-12 10:25:10+00:00,system,uptime,1589,dbms,08-2026,couchbase-802-vanilla-ce-medium-medium-aws,1,ip-172-31-28-188,ranking,benchANT
2026-08-12 10:25:20+00:00,system,uptime,1599,dbms,08-2026,couchbase-802-vanilla-ce-medium-medium-aws,1,ip-172-31-28-188,ranking,benchANT
2026-08-12 10:25:30+00:00,system,uptime,1609,dbms,08-2026,couchbase-802-vanilla-ce-medium-medium-aws,1,ip-172-31-28-188,ranking,benchANT
2026-08-12 10:25:40+00:00,system,uptime,1619,dbms,08-2026,couchbase-802-vanilla-ce-medium-medium-aws,1,ip-172-31-28-188,ranking,benchANT
2026-08-12 10:25:50+00:00,system,uptime,1629,dbms,08-2026,couchbase-802-vanilla-ce-medium-medium-aws,1,ip-172-31-28-188,ranking,benchANT
2026-08-12 10:26:00+00:00,system,uptime,1639,dbms,08-2026,couchbase-802-vanilla-ce-medium-medium-aws,1,ip-172-31-28-188,ranking,benchANT
2026-08-12 10:26:10+00:00,system,uptime,1649,dbms,08-2026,couchbase-802-vanilla-ce-medium-medium-aws,1,ip-172-31-28-188,ranking,benchANT
2026-08-12 10:26:20+00:00,system,uptime,1659,dbms,08-2026,couchbase-802-vanilla-ce-medium-medium-aws,1,ip-172-31-28-188,ranking,benchANT
2026-08-12 10:13:40+00:00,system,uptime_format, 0:14,dbms,08-2026,couchbase-802-vanilla-ce-medium-medium-aws,1,ip-172-31-28-188,ranking,benchANT
2026-08-12 10:13:50+00:00,system,uptime_format, 0:15,dbms,08-2026,couchbase-802-vanilla-ce-medium-medium-aws,1,ip-172-31-28-188,ranking,benchANT
2026-08-12 10:14:00+00:00,system,uptime_format, 0:15,dbms,08-2026,couchbase-802-vanilla-ce-medium-medium-aws,1,ip-172-31-28-188,ranking,benchANT
2026-08-12 10:14:10+00:00,system,uptime_format, 0:15,dbms,08-2026,couchbase-802-vanilla-ce-medium-medium-aws,1,ip-172-31-28-188,ranking,benchANT
2026-08-12 10:14:20+00:00,system,uptime_format, 0:15,dbms,08-2026,couchbase-802-vanilla-ce-medium-medium-aws,1,ip-172-31-28-188,ranking,benchANT
2026-08-12 10:14:30+00:00,system,uptime_format, 0:15,dbms,08-2026,couchbase-802-vanilla-ce-medium-medium-aws,1,ip-172-31-28-188,ranking,benchANT
2026-08-12 10:14:40+00:00,system,uptime_format, 0:15,dbms,08-2026,couchbase-802-vanilla-ce-medium-medium-aws,1,ip-172-31-28-188,ranking,benchANT
2026-08-12 10:14:50+00:00,system,uptime_format, 0:16,dbms,08-2026,couchbase-802-vanilla-ce-medium-medium-aws,1,ip-172-31-28-188,ranking,benchANT
2026-08-12 10:15:00+00:00,system,uptime_format, 0:16,dbms,08-2026,couchbase-802-vanilla-ce-medium-medium-aws,1,ip-172-31-28-188,ranking,benchANT
2026-08-12 10:15:10+00:00,system,uptime_format, 0:16,dbms,08-2026,couchbase-802-vanilla-ce-medium-medium-aws,1,ip-172-31-28-188,ranking,benchANT
2026-08-12 10:15:20+00:00,system,uptime_format, 0:16,dbms,08-2026,couchbase-802-vanilla-ce-medium-medium-aws,1,ip-172-31-28-188,ranking,benchANT
2026-08-12 10:15:30+00:00,system,uptime_format, 0:16,dbms,08-2026,couchbase-802-vanilla-ce-medium-medium-aws,1,ip-172-31-28-188,ranking,benchANT
2026-08-12 10:15:40+00:00,system,uptime_format, 0:16,dbms,08-2026,couchbase-802-vanilla-ce-medium-medium-aws,1,ip-172-31-28-188,ranking,benchANT
2026-08-12 10:15:50+00:00,system,uptime_format, 0:17,dbms,08-2026,couchbase-802-vanilla-ce-medium-medium-aws,1,ip-172-31-28-188,ranking,benchANT
2026-08-12 10:16:00+00:00,system,uptime_format, 0:17,dbms,08-2026,couchbase-802-vanilla-ce-medium-medium-aws,1,ip-172-31-28-188,ranking,benchANT
2026-08-12 10:16:10+00:00,system,uptime_format, 0:17,dbms,08-2026,couchbase-802-vanilla-ce-medium-medium-aws,1,ip-172-31-28-188,ranking,benchANT
2026-08-12 10:16:20+00:00,system,uptime_format, 0:17,dbms,08-2026,couchbase-802-vanilla-ce-medium-medium-aws,1,ip-172-31-28-188,ranking,benchANT
2026-08-12 10:16:30+00:00,system,uptime_format, 0:17,dbms,08-2026,couchbase-802-vanilla-ce-medium-medium-aws,1,ip-172-31-28-188,ranking,benchANT
2026-08-12 10:16:40+00:00,system,uptime_format, 0:17,dbms,08-2026,couchbase-802-vanilla-ce-medium-medium-aws,1,ip-172-31-28-188,ranking,benchANT
2026-08-12 10:16:50+00:00,system,uptime_format, 0:18,dbms,08-2026,couchbase-802-vanilla-ce-medium-medium-aws,1,ip-172-31-28-188,ranking,benchANT
2026-08-12 10:17:00+00:00,system,uptime_format, 0:18,dbms,08-2026,couchbase-802-vanilla-ce-medium-medium-aws,1,ip-172-31-28-188,ranking,benchANT
2026-08-12 10:17:10+00:00,system,uptime_format, 0:18,dbms,08-2026,couchbase-802-vanilla-ce-medium-medium-aws,1,ip-172-31-28-188,ranking,benchANT
2026-08-12 10:17:20+00:00,system,uptime_format, 0:18,dbms,08-2026,couchbase-802-vanilla-ce-medium-medium-aws,1,ip-172-31-28-188,ranking,benchANT
2026-08-12 10:17:30+00:00,system,uptime_format, 0:18,dbms,08-2026,couchbase-802-vanilla-ce-medium-medium-aws,1,ip-172-31-28-188,ranking,benchANT
2026-08-12 10:17:40+00:00,system,uptime_format, 0:18,dbms,08-2026,couchbase-802-vanilla-ce-medium-medium-aws,1,ip-172-31-28-188,ranking,benchANT
2026-08-12 10:17:50+00:00,system,uptime_format, 0:19,dbms,08-2026,couchbase-802-vanilla-ce-medium-medium-aws,1,ip-172-31-28-188,ranking,benchANT
2026-08-12 10:18:00+00:00,system,uptime_format, 0:19,dbms,08-2026,couchbase-802-vanilla-ce-medium-medium-aws,1,ip-172-31-28-188,ranking,benchANT
2026-08-12 10:18:10+00:00,system,uptime_format, 0:19,dbms,08-2026,couchbase-802-vanilla-ce-medium-medium-aws,1,ip-172-31-28-188,ranking,benchANT
2026-08-12 10:18:20+00:00,system,uptime_format, 0:19,dbms,08-2026,couchbase-802-vanilla-ce-medium-medium-aws,1,ip-172-31-28-188,ranking,benchANT
2026-08-12 10:18:30+00:00,system,uptime_format, 0:19,dbms,08-2026,couchbase-802-vanilla-ce-medium-medium-aws,1,ip-172-31-28-188,ranking,benchANT
2026-08-12 10:18:40+00:00,system,uptime_format, 0:19,dbms,08-2026,couchbase-802-vanilla-ce-medium-medium-aws,1,ip-172-31-28-188,ranking,benchANT
2026-08-12 10:18:50+00:00,system,uptime_format, 0:20,dbms,08-2026,couchbase-802-vanilla-ce-medium-medium-aws,1,ip-172-31-28-188,ranking,benchANT
2026-08-12 10:19:00+00:00,system,uptime_format, 0:20,dbms,08-2026,couchbase-802-vanilla-ce-medium-medium-aws,1,ip-172-31-28-188,ranking,benchANT
2026-08-12 10:19:10+00:00,system,uptime_format, 0:20,dbms,08-2026,couchbase-802-vanilla-ce-medium-medium-aws,1,ip-172-31-28-188,ranking,benchANT
2026-08-12 10:19:20+00:00,system,uptime_format, 0:20,dbms,08-2026,couchbase-802-vanilla-ce-medium-medium-aws,1,ip-172-31-28-188,ranking,benchANT
2026-08-12 10:19:30+00:00,system,uptime_format, 0:20,dbms,08-2026,couchbase-802-vanilla-ce-medium-medium-aws,1,ip-172-31-28-188,ranking,benchANT
2026-08-12 10:19:40+00:00,system,uptime_format, 0:20,dbms,08-2026,couchbase-802-vanilla-ce-medium-medium-aws,1,ip-172-31-28-188,ranking,benchANT
2026-08-12 10:19:50+00:00,system,uptime_format, 0:21,dbms,08-2026,couchbase-802-vanilla-ce-medium-medium-aws,1,ip-172-31-28-188,ranking,benchANT
2026-08-12 10:20:00+00:00,system,uptime_format, 0:21,dbms,08-2026,couchbase-802-vanilla-ce-medium-medium-aws,1,ip-172-31-28-188,ranking,benchANT
2026-08-12 10:20:10+00:00,system,uptime_format, 0:21,dbms,08-2026,couchbase-802-vanilla-ce-medium-medium-aws,1,ip-172-31-28-188,ranking,benchANT
2026-08-12 10:20:20+00:00,system,uptime_format, 0:21,dbms,08-2026,couchbase-802-vanilla-ce-medium-medium-aws,1,ip-172-31-28-188,ranking,benchANT
2026-08-12 10:20:30+00:00,system,uptime_format, 0:21,dbms,08-2026,couchbase-802-vanilla-ce-medium-medium-aws,1,ip-172-31-28-188,ranking,benchANT
2026-08-12 10:20:40+00:00,system,uptime_format, 0:21,dbms,08-2026,couchbase-802-vanilla-ce-medium-medium-aws,1,ip-172-31-28-188,ranking,benchANT
2026-08-12 10:20:50+00:00,system,uptime_format, 0:22,dbms,08-2026,couchbase-802-vanilla-ce-medium-medium-aws,1,ip-172-31-28-188,ranking,benchANT
2026-08-12 10:21:00+00:00,system,uptime_format, 0:22,dbms,08-2026,couchbase-802-vanilla-ce-medium-medium-aws,1,ip-172-31-28-188,ranking,benchANT
2026-08-12 10:21:10+00:00,system,uptime_format, 0:22,dbms,08-2026,couchbase-802-vanilla-ce-medium-medium-aws,1,ip-172-31-28-188,ranking,benchANT
2026-08-12 10:21:20+00:00,system,uptime_format, 0:22,dbms,08-2026,couchbase-802-vanilla-ce-medium-medium-aws,1,ip-172-31-28-188,ranking,benchANT
2026-08-12 10:21:30+00:00,system,uptime_format, 0:22,dbms,08-2026,couchbase-802-vanilla-ce-medium-medium-aws,1,ip-172-31-28-188,ranking,benchANT
2026-08-12 10:21:40+00:00,system,uptime_format, 0:22,dbms,08-2026,couchbase-802-vanilla-ce-medium-medium-aws,1,ip-172-31-28-188,ranking,benchANT
2026-08-12 10:21:50+00:00,system,uptime_format, 0:23,dbms,08-2026,couchbase-802-vanilla-ce-medium-medium-aws,1,ip-172-31-28-188,ranking,benchANT
2026-08-12 10:22:00+00:00,system,uptime_format, 0:23,dbms,08-2026,couchbase-802-vanilla-ce-medium-medium-aws,1,ip-172-31-28-188,ranking,benchANT
2026-08-12 10:22:10+00:00,system,uptime_format, 0:23,dbms,08-2026,couchbase-802-vanilla-ce-medium-medium-aws,1,ip-172-31-28-188,ranking,benchANT
2026-08-12 10:22:20+00:00,system,uptime_format, 0:23,dbms,08-2026,couchbase-802-vanilla-ce-medium-medium-aws,1,ip-172-31-28-188,ranking,benchANT
2026-08-12 10:22:30+00:00,system,uptime_format, 0:23,dbms,08-2026,couchbase-802-vanilla-ce-medium-medium-aws,1,ip-172-31-28-188,ranking,benchANT
2026-08-12 10:22:40+00:00,system,uptime_format, 0:23,dbms,08-2026,couchbase-802-vanilla-ce-medium-medium-aws,1,ip-172-31-28-188,ranking,benchANT
2026-08-12 10:22:50+00:00,system,uptime_format, 0:24,dbms,08-2026,couchbase-802-vanilla-ce-medium-medium-aws,1,ip-172-31-28-188,ranking,benchANT
2026-08-12 10:23:00+00:00,system,uptime_format, 0:24,dbms,08-2026,couchbase-802-vanilla-ce-medium-medium-aws,1,ip-172-31-28-188,ranking,benchANT
2026-08-12 10:23:10+00:00,system,uptime_format, 0:24,dbms,08-2026,couchbase-802-vanilla-ce-medium-medium-aws,1,ip-172-31-28-188,ranking,benchANT
2026-08-12 10:23:20+00:00,system,uptime_format, 0:24,dbms,08-2026,couchbase-802-vanilla-ce-medium-medium-aws,1,ip-172-31-28-188,ranking,benchANT
2026-08-12 10:23:30+00:00,system,uptime_format, 0:24,dbms,08-2026,couchbase-802-vanilla-ce-medium-medium-aws,1,ip-172-31-28-188,ranking,benchANT
2026-08-12 10:23:40+00:00,system,uptime_format, 0:24,dbms,08-2026,couchbase-802-vanilla-ce-medium-medium-aws,1,ip-172-31-28-188,ranking,benchANT
2026-08-12 10:23:50+00:00,system,uptime_format, 0:25,dbms,08-2026,couchbase-802-vanilla-ce-medium-medium-aws,1,ip-172-31-28-188,ranking,benchANT
2026-08-12 10:24:00+00:00,system,uptime_format, 0:25,dbms,08-2026,couchbase-802-vanilla-ce-medium-medium-aws,1,ip-172-31-28-188,ranking,benchANT
2026-08-12 10:24:10+00:00,system,uptime_format, 0:25,dbms,08-2026,couchbase-802-vanilla-ce-medium-medium-aws,1,ip-172-31-28-188,ranking,benchANT
2026-08-12 10:24:20+00:00,system,uptime_format, 0:25,dbms,08-2026,couchbase-802-vanilla-ce-medium-medium-aws,1,ip-172-31-28-188,ranking,benchANT
2026-08-12 10:24:30+00:00,system,uptime_format, 0:25,dbms,08-2026,couchbase-802-vanilla-ce-medium-medium-aws,1,ip-172-31-28-188,ranking,benchANT
2026-08-12 10:24:40+00:00,system,uptime_format, 0:25,dbms,08-2026,couchbase-802-vanilla-ce-medium-medium-aws,1,ip-172-31-28-188,ranking,benchANT
2026-08-12 10:24:50+00:00,system,uptime_format, 0:26,dbms,08-2026,couchbase-802-vanilla-ce-medium-medium-aws,1,ip-172-31-28-188,ranking,benchANT
2026-08-12 10:25:00+00:00,system,uptime_format, 0:26,dbms,08-2026,couchbase-802-vanilla-ce-medium-medium-aws,1,ip-172-31-28-188,ranking,benchANT
2026-08-12 10:25:10+00:00,system,uptime_format, 0:26,dbms,08-2026,couchbase-802-vanilla-ce-medium-medium-aws,1,ip-172-31-28-188,ranking,benchANT
2026-08-12 10:25:20+00:00,system,uptime_format, 0:26,dbms,08-2026,couchbase-802-vanilla-ce-medium-medium-aws,1,ip-172-31-28-188,ranking,benchANT
2026-08-12 10:25:30+00:00,system,uptime_format, 0:26,dbms,08-2026,couchbase-802-vanilla-ce-medium-medium-aws,1,ip-172-31-28-188,ranking,benchANT
2026-08-12 10:25:40+00:00,system,uptime_format, 0:26,dbms,08-2026,couchbase-802-vanilla-ce-medium-medium-aws,1,ip-172-31-28-188,ranking,benchANT
2026-08-12 10:25:50+00:00,system,uptime_format, 0:27,dbms,08-2026,couchbase-802-vanilla-ce-medium-medium-aws,1,ip-172-31-28-188,ranking,benchANT
2026-08-12 10:26:00+00:00,system,uptime_format, 0:27,dbms,08-2026,couchbase-802-vanilla-ce-medium-medium-aws,1,ip-172-31-28-188,ranking,benchANT
2026-08-12 10:26:10+00:00,system,uptime_format, 0:27,dbms,08-2026,couchbase-802-vanilla-ce-medium-medium-aws,1,ip-172-31-28-188,ranking,benchANT
2026-08-12 10:26:20+00:00,system,uptime_format, 0:27,dbms,08-2026,couchbase-802-vanilla-ce-medium-medium-aws,1,ip-172-31-28-188,ranking,benchANT
