time,measurement,field,value,application,batchId,configurationId,executionCounter,host,projectId,userId
2026-08-12 11:20:00+00:00,mem,active,5215076352.0,dbms,08-2026,couchbase-802-vanilla-ce-large-large-aws,1,ip-172-31-19-161,ranking,benchANT
2026-08-12 11:20:10+00:00,mem,active,5214621696.0,dbms,08-2026,couchbase-802-vanilla-ce-large-large-aws,1,ip-172-31-19-161,ranking,benchANT
2026-08-12 11:20:20+00:00,mem,active,5213483008.0,dbms,08-2026,couchbase-802-vanilla-ce-large-large-aws,1,ip-172-31-19-161,ranking,benchANT
2026-08-12 11:20:30+00:00,mem,active,5211193344.0,dbms,08-2026,couchbase-802-vanilla-ce-large-large-aws,1,ip-172-31-19-161,ranking,benchANT
2026-08-12 11:20:40+00:00,mem,active,5213167616.0,dbms,08-2026,couchbase-802-vanilla-ce-large-large-aws,1,ip-172-31-19-161,ranking,benchANT
2026-08-12 11:20:50+00:00,mem,active,5212012544.0,dbms,08-2026,couchbase-802-vanilla-ce-large-large-aws,1,ip-172-31-19-161,ranking,benchANT
2026-08-12 11:21:00+00:00,mem,active,5214146560.0,dbms,08-2026,couchbase-802-vanilla-ce-large-large-aws,1,ip-172-31-19-161,ranking,benchANT
2026-08-12 11:21:10+00:00,mem,active,5224726528.0,dbms,08-2026,couchbase-802-vanilla-ce-large-large-aws,1,ip-172-31-19-161,ranking,benchANT
2026-08-12 11:21:20+00:00,mem,active,5259128832.0,dbms,08-2026,couchbase-802-vanilla-ce-large-large-aws,1,ip-172-31-19-161,ranking,benchANT
2026-08-12 11:21:30+00:00,mem,active,5446410240.0,dbms,08-2026,couchbase-802-vanilla-ce-large-large-aws,1,ip-172-31-19-161,ranking,benchANT
2026-08-12 11:21:40+00:00,mem,active,5936107520.0,dbms,08-2026,couchbase-802-vanilla-ce-large-large-aws,1,ip-172-31-19-161,ranking,benchANT
2026-08-12 11:21:50+00:00,mem,active,6415925248.0,dbms,08-2026,couchbase-802-vanilla-ce-large-large-aws,1,ip-172-31-19-161,ranking,benchANT
2026-08-12 11:22:00+00:00,mem,active,6924099584.0,dbms,08-2026,couchbase-802-vanilla-ce-large-large-aws,1,ip-172-31-19-161,ranking,benchANT
2026-08-12 11:22:10+00:00,mem,active,7401721856.0,dbms,08-2026,couchbase-802-vanilla-ce-large-large-aws,1,ip-172-31-19-161,ranking,benchANT
2026-08-12 11:22:20+00:00,mem,active,7897202688.0,dbms,08-2026,couchbase-802-vanilla-ce-large-large-aws,1,ip-172-31-19-161,ranking,benchANT
2026-08-12 11:22:30+00:00,mem,active,8394526720.0,dbms,08-2026,couchbase-802-vanilla-ce-large-large-aws,1,ip-172-31-19-161,ranking,benchANT
2026-08-12 11:22:40+00:00,mem,active,8870588416.0,dbms,08-2026,couchbase-802-vanilla-ce-large-large-aws,1,ip-172-31-19-161,ranking,benchANT
2026-08-12 11:22:50+00:00,mem,active,9362161664.0,dbms,08-2026,couchbase-802-vanilla-ce-large-large-aws,1,ip-172-31-19-161,ranking,benchANT
2026-08-12 11:23:00+00:00,mem,active,9858473984.0,dbms,08-2026,couchbase-802-vanilla-ce-large-large-aws,1,ip-172-31-19-161,ranking,benchANT
2026-08-12 11:23:10+00:00,mem,active,10344349696.0,dbms,08-2026,couchbase-802-vanilla-ce-large-large-aws,1,ip-172-31-19-161,ranking,benchANT
2026-08-12 11:23:20+00:00,mem,active,10840420352.0,dbms,08-2026,couchbase-802-vanilla-ce-large-large-aws,1,ip-172-31-19-161,ranking,benchANT
2026-08-12 11:23:30+00:00,mem,active,11306803200.0,dbms,08-2026,couchbase-802-vanilla-ce-large-large-aws,1,ip-172-31-19-161,ranking,benchANT
2026-08-12 11:23:40+00:00,mem,active,11799048192.0,dbms,08-2026,couchbase-802-vanilla-ce-large-large-aws,1,ip-172-31-19-161,ranking,benchANT
2026-08-12 11:23:50+00:00,mem,active,12346003456.0,dbms,08-2026,couchbase-802-vanilla-ce-large-large-aws,1,ip-172-31-19-161,ranking,benchANT
2026-08-12 11:24:00+00:00,mem,active,12852932608.0,dbms,08-2026,couchbase-802-vanilla-ce-large-large-aws,1,ip-172-31-19-161,ranking,benchANT
2026-08-12 11:24:10+00:00,mem,active,13330259968.0,dbms,08-2026,couchbase-802-vanilla-ce-large-large-aws,1,ip-172-31-19-161,ranking,benchANT
2026-08-12 11:24:20+00:00,mem,active,13828792320.0,dbms,08-2026,couchbase-802-vanilla-ce-large-large-aws,1,ip-172-31-19-161,ranking,benchANT
2026-08-12 11:24:30+00:00,mem,active,14302339072.0,dbms,08-2026,couchbase-802-vanilla-ce-large-large-aws,1,ip-172-31-19-161,ranking,benchANT
2026-08-12 11:24:40+00:00,mem,active,14785495040.0,dbms,08-2026,couchbase-802-vanilla-ce-large-large-aws,1,ip-172-31-19-161,ranking,benchANT
2026-08-12 11:24:50+00:00,mem,active,14871805952.0,dbms,08-2026,couchbase-802-vanilla-ce-large-large-aws,1,ip-172-31-19-161,ranking,benchANT
2026-08-12 11:25:00+00:00,mem,active,14914732032.0,dbms,08-2026,couchbase-802-vanilla-ce-large-large-aws,1,ip-172-31-19-161,ranking,benchANT
2026-08-12 11:25:10+00:00,mem,active,14939086848.0,dbms,08-2026,couchbase-802-vanilla-ce-large-large-aws,1,ip-172-31-19-161,ranking,benchANT
2026-08-12 11:25:20+00:00,mem,active,14893498368.0,dbms,08-2026,couchbase-802-vanilla-ce-large-large-aws,1,ip-172-31-19-161,ranking,benchANT
2026-08-12 11:25:30+00:00,mem,active,14518931456.0,dbms,08-2026,couchbase-802-vanilla-ce-large-large-aws,1,ip-172-31-19-161,ranking,benchANT
2026-08-12 11:25:40+00:00,mem,active,14303657984.0,dbms,08-2026,couchbase-802-vanilla-ce-large-large-aws,1,ip-172-31-19-161,ranking,benchANT
2026-08-12 11:25:50+00:00,mem,active,13925638144.0,dbms,08-2026,couchbase-802-vanilla-ce-large-large-aws,1,ip-172-31-19-161,ranking,benchANT
2026-08-12 11:26:00+00:00,mem,active,13980123136.0,dbms,08-2026,couchbase-802-vanilla-ce-large-large-aws,1,ip-172-31-19-161,ranking,benchANT
2026-08-12 11:26:10+00:00,mem,active,13987901440.0,dbms,08-2026,couchbase-802-vanilla-ce-large-large-aws,1,ip-172-31-19-161,ranking,benchANT
2026-08-12 11:26:20+00:00,mem,active,13714690048.0,dbms,08-2026,couchbase-802-vanilla-ce-large-large-aws,1,ip-172-31-19-161,ranking,benchANT
2026-08-12 11:26:30+00:00,mem,active,13645111296.0,dbms,08-2026,couchbase-802-vanilla-ce-large-large-aws,1,ip-172-31-19-161,ranking,benchANT
2026-08-12 11:26:40+00:00,mem,active,13623926784.0,dbms,08-2026,couchbase-802-vanilla-ce-large-large-aws,1,ip-172-31-19-161,ranking,benchANT
2026-08-12 11:26:50+00:00,mem,active,13669347328.0,dbms,08-2026,couchbase-802-vanilla-ce-large-large-aws,1,ip-172-31-19-161,ranking,benchANT
2026-08-12 11:27:00+00:00,mem,active,13734772736.0,dbms,08-2026,couchbase-802-vanilla-ce-large-large-aws,1,ip-172-31-19-161,ranking,benchANT
2026-08-12 11:27:10+00:00,mem,active,13652062208.0,dbms,08-2026,couchbase-802-vanilla-ce-large-large-aws,1,ip-172-31-19-161,ranking,benchANT
2026-08-12 11:27:20+00:00,mem,active,13584228352.0,dbms,08-2026,couchbase-802-vanilla-ce-large-large-aws,1,ip-172-31-19-161,ranking,benchANT
2026-08-12 11:27:30+00:00,mem,active,13675790336.0,dbms,08-2026,couchbase-802-vanilla-ce-large-large-aws,1,ip-172-31-19-161,ranking,benchANT
2026-08-12 11:27:40+00:00,mem,active,13747650560.0,dbms,08-2026,couchbase-802-vanilla-ce-large-large-aws,1,ip-172-31-19-161,ranking,benchANT
2026-08-12 11:27:50+00:00,mem,active,13671874560.0,dbms,08-2026,couchbase-802-vanilla-ce-large-large-aws,1,ip-172-31-19-161,ranking,benchANT
2026-08-12 11:28:00+00:00,mem,active,13711339520.0,dbms,08-2026,couchbase-802-vanilla-ce-large-large-aws,1,ip-172-31-19-161,ranking,benchANT
2026-08-12 11:28:10+00:00,mem,active,13768093696.0,dbms,08-2026,couchbase-802-vanilla-ce-large-large-aws,1,ip-172-31-19-161,ranking,benchANT
2026-08-12 11:28:20+00:00,mem,active,13806350336.0,dbms,08-2026,couchbase-802-vanilla-ce-large-large-aws,1,ip-172-31-19-161,ranking,benchANT
2026-08-12 11:28:30+00:00,mem,active,13832757248.0,dbms,08-2026,couchbase-802-vanilla-ce-large-large-aws,1,ip-172-31-19-161,ranking,benchANT
2026-08-12 11:28:40+00:00,mem,active,13888913408.0,dbms,08-2026,couchbase-802-vanilla-ce-large-large-aws,1,ip-172-31-19-161,ranking,benchANT
2026-08-12 11:28:50+00:00,mem,active,13908029440.0,dbms,08-2026,couchbase-802-vanilla-ce-large-large-aws,1,ip-172-31-19-161,ranking,benchANT
2026-08-12 11:29:00+00:00,mem,active,13946351616.0,dbms,08-2026,couchbase-802-vanilla-ce-large-large-aws,1,ip-172-31-19-161,ranking,benchANT
2026-08-12 11:29:10+00:00,mem,active,13993570304.0,dbms,08-2026,couchbase-802-vanilla-ce-large-large-aws,1,ip-172-31-19-161,ranking,benchANT
2026-08-12 11:29:20+00:00,mem,active,14034849792.0,dbms,08-2026,couchbase-802-vanilla-ce-large-large-aws,1,ip-172-31-19-161,ranking,benchANT
2026-08-12 11:29:30+00:00,mem,active,14078910464.0,dbms,08-2026,couchbase-802-vanilla-ce-large-large-aws,1,ip-172-31-19-161,ranking,benchANT
2026-08-12 11:29:40+00:00,mem,active,14072717312.0,dbms,08-2026,couchbase-802-vanilla-ce-large-large-aws,1,ip-172-31-19-161,ranking,benchANT
2026-08-12 11:29:50+00:00,mem,active,14074871808.0,dbms,08-2026,couchbase-802-vanilla-ce-large-large-aws,1,ip-172-31-19-161,ranking,benchANT
2026-08-12 11:20:00+00:00,mem,available,27162599424.0,dbms,08-2026,couchbase-802-vanilla-ce-large-large-aws,1,ip-172-31-19-161,ranking,benchANT
2026-08-12 11:20:10+00:00,mem,available,27164241920.0,dbms,08-2026,couchbase-802-vanilla-ce-large-large-aws,1,ip-172-31-19-161,ranking,benchANT
2026-08-12 11:20:20+00:00,mem,available,27166433280.0,dbms,08-2026,couchbase-802-vanilla-ce-large-large-aws,1,ip-172-31-19-161,ranking,benchANT
2026-08-12 11:20:30+00:00,mem,available,27170074624.0,dbms,08-2026,couchbase-802-vanilla-ce-large-large-aws,1,ip-172-31-19-161,ranking,benchANT
2026-08-12 11:20:40+00:00,mem,available,27170562048.0,dbms,08-2026,couchbase-802-vanilla-ce-large-large-aws,1,ip-172-31-19-161,ranking,benchANT
2026-08-12 11:20:50+00:00,mem,available,27175682048.0,dbms,08-2026,couchbase-802-vanilla-ce-large-large-aws,1,ip-172-31-19-161,ranking,benchANT
2026-08-12 11:21:00+00:00,mem,available,27184123904.0,dbms,08-2026,couchbase-802-vanilla-ce-large-large-aws,1,ip-172-31-19-161,ranking,benchANT
2026-08-12 11:21:10+00:00,mem,available,27183689728.0,dbms,08-2026,couchbase-802-vanilla-ce-large-large-aws,1,ip-172-31-19-161,ranking,benchANT
2026-08-12 11:21:20+00:00,mem,available,27148652544.0,dbms,08-2026,couchbase-802-vanilla-ce-large-large-aws,1,ip-172-31-19-161,ranking,benchANT
2026-08-12 11:21:30+00:00,mem,available,26951110656.0,dbms,08-2026,couchbase-802-vanilla-ce-large-large-aws,1,ip-172-31-19-161,ranking,benchANT
2026-08-12 11:21:40+00:00,mem,available,26386100224.0,dbms,08-2026,couchbase-802-vanilla-ce-large-large-aws,1,ip-172-31-19-161,ranking,benchANT
2026-08-12 11:21:50+00:00,mem,available,25860538368.0,dbms,08-2026,couchbase-802-vanilla-ce-large-large-aws,1,ip-172-31-19-161,ranking,benchANT
2026-08-12 11:22:00+00:00,mem,available,25307672576.0,dbms,08-2026,couchbase-802-vanilla-ce-large-large-aws,1,ip-172-31-19-161,ranking,benchANT
2026-08-12 11:22:10+00:00,mem,available,24831553536.0,dbms,08-2026,couchbase-802-vanilla-ce-large-large-aws,1,ip-172-31-19-161,ranking,benchANT
2026-08-12 11:22:20+00:00,mem,available,24367976448.0,dbms,08-2026,couchbase-802-vanilla-ce-large-large-aws,1,ip-172-31-19-161,ranking,benchANT
2026-08-12 11:22:30+00:00,mem,available,23843258368.0,dbms,08-2026,couchbase-802-vanilla-ce-large-large-aws,1,ip-172-31-19-161,ranking,benchANT
2026-08-12 11:22:40+00:00,mem,available,23372623872.0,dbms,08-2026,couchbase-802-vanilla-ce-large-large-aws,1,ip-172-31-19-161,ranking,benchANT
2026-08-12 11:22:50+00:00,mem,available,22879563776.0,dbms,08-2026,couchbase-802-vanilla-ce-large-large-aws,1,ip-172-31-19-161,ranking,benchANT
2026-08-12 11:23:00+00:00,mem,available,22377730048.0,dbms,08-2026,couchbase-802-vanilla-ce-large-large-aws,1,ip-172-31-19-161,ranking,benchANT
2026-08-12 11:23:10+00:00,mem,available,21910892544.0,dbms,08-2026,couchbase-802-vanilla-ce-large-large-aws,1,ip-172-31-19-161,ranking,benchANT
2026-08-12 11:23:20+00:00,mem,available,21375184896.0,dbms,08-2026,couchbase-802-vanilla-ce-large-large-aws,1,ip-172-31-19-161,ranking,benchANT
2026-08-12 11:23:30+00:00,mem,available,20894765056.0,dbms,08-2026,couchbase-802-vanilla-ce-large-large-aws,1,ip-172-31-19-161,ranking,benchANT
2026-08-12 11:23:40+00:00,mem,available,20406378496.0,dbms,08-2026,couchbase-802-vanilla-ce-large-large-aws,1,ip-172-31-19-161,ranking,benchANT
2026-08-12 11:23:50+00:00,mem,available,19857977344.0,dbms,08-2026,couchbase-802-vanilla-ce-large-large-aws,1,ip-172-31-19-161,ranking,benchANT
2026-08-12 11:24:00+00:00,mem,available,19332124672.0,dbms,08-2026,couchbase-802-vanilla-ce-large-large-aws,1,ip-172-31-19-161,ranking,benchANT
2026-08-12 11:24:10+00:00,mem,available,18850131968.0,dbms,08-2026,couchbase-802-vanilla-ce-large-large-aws,1,ip-172-31-19-161,ranking,benchANT
2026-08-12 11:24:20+00:00,mem,available,18318577664.0,dbms,08-2026,couchbase-802-vanilla-ce-large-large-aws,1,ip-172-31-19-161,ranking,benchANT
2026-08-12 11:24:30+00:00,mem,available,17875521536.0,dbms,08-2026,couchbase-802-vanilla-ce-large-large-aws,1,ip-172-31-19-161,ranking,benchANT
2026-08-12 11:24:40+00:00,mem,available,17311899648.0,dbms,08-2026,couchbase-802-vanilla-ce-large-large-aws,1,ip-172-31-19-161,ranking,benchANT
2026-08-12 11:24:50+00:00,mem,available,17249513472.0,dbms,08-2026,couchbase-802-vanilla-ce-large-large-aws,1,ip-172-31-19-161,ranking,benchANT
2026-08-12 11:25:00+00:00,mem,available,17206444032.0,dbms,08-2026,couchbase-802-vanilla-ce-large-large-aws,1,ip-172-31-19-161,ranking,benchANT
2026-08-12 11:25:10+00:00,mem,available,17192513536.0,dbms,08-2026,couchbase-802-vanilla-ce-large-large-aws,1,ip-172-31-19-161,ranking,benchANT
2026-08-12 11:25:20+00:00,mem,available,17204903936.0,dbms,08-2026,couchbase-802-vanilla-ce-large-large-aws,1,ip-172-31-19-161,ranking,benchANT
2026-08-12 11:25:30+00:00,mem,available,17293561856.0,dbms,08-2026,couchbase-802-vanilla-ce-large-large-aws,1,ip-172-31-19-161,ranking,benchANT
2026-08-12 11:25:40+00:00,mem,available,17443082240.0,dbms,08-2026,couchbase-802-vanilla-ce-large-large-aws,1,ip-172-31-19-161,ranking,benchANT
2026-08-12 11:25:50+00:00,mem,available,18177069056.0,dbms,08-2026,couchbase-802-vanilla-ce-large-large-aws,1,ip-172-31-19-161,ranking,benchANT
2026-08-12 11:26:00+00:00,mem,available,18193489920.0,dbms,08-2026,couchbase-802-vanilla-ce-large-large-aws,1,ip-172-31-19-161,ranking,benchANT
2026-08-12 11:26:10+00:00,mem,available,18315644928.0,dbms,08-2026,couchbase-802-vanilla-ce-large-large-aws,1,ip-172-31-19-161,ranking,benchANT
2026-08-12 11:26:20+00:00,mem,available,18519896064.0,dbms,08-2026,couchbase-802-vanilla-ce-large-large-aws,1,ip-172-31-19-161,ranking,benchANT
2026-08-12 11:26:30+00:00,mem,available,18652540928.0,dbms,08-2026,couchbase-802-vanilla-ce-large-large-aws,1,ip-172-31-19-161,ranking,benchANT
2026-08-12 11:26:40+00:00,mem,available,18677063680.0,dbms,08-2026,couchbase-802-vanilla-ce-large-large-aws,1,ip-172-31-19-161,ranking,benchANT
2026-08-12 11:26:50+00:00,mem,available,18657591296.0,dbms,08-2026,couchbase-802-vanilla-ce-large-large-aws,1,ip-172-31-19-161,ranking,benchANT
2026-08-12 11:27:00+00:00,mem,available,18635304960.0,dbms,08-2026,couchbase-802-vanilla-ce-large-large-aws,1,ip-172-31-19-161,ranking,benchANT
2026-08-12 11:27:10+00:00,mem,available,18591690752.0,dbms,08-2026,couchbase-802-vanilla-ce-large-large-aws,1,ip-172-31-19-161,ranking,benchANT
2026-08-12 11:27:20+00:00,mem,available,18655830016.0,dbms,08-2026,couchbase-802-vanilla-ce-large-large-aws,1,ip-172-31-19-161,ranking,benchANT
2026-08-12 11:27:30+00:00,mem,available,18545573888.0,dbms,08-2026,couchbase-802-vanilla-ce-large-large-aws,1,ip-172-31-19-161,ranking,benchANT
2026-08-12 11:27:40+00:00,mem,available,18486239232.0,dbms,08-2026,couchbase-802-vanilla-ce-large-large-aws,1,ip-172-31-19-161,ranking,benchANT
2026-08-12 11:27:50+00:00,mem,available,18443710464.0,dbms,08-2026,couchbase-802-vanilla-ce-large-large-aws,1,ip-172-31-19-161,ranking,benchANT
2026-08-12 11:28:00+00:00,mem,available,18406187008.0,dbms,08-2026,couchbase-802-vanilla-ce-large-large-aws,1,ip-172-31-19-161,ranking,benchANT
2026-08-12 11:28:10+00:00,mem,available,18352234496.0,dbms,08-2026,couchbase-802-vanilla-ce-large-large-aws,1,ip-172-31-19-161,ranking,benchANT
2026-08-12 11:28:20+00:00,mem,available,18310238208.0,dbms,08-2026,couchbase-802-vanilla-ce-large-large-aws,1,ip-172-31-19-161,ranking,benchANT
2026-08-12 11:28:30+00:00,mem,available,18260873216.0,dbms,08-2026,couchbase-802-vanilla-ce-large-large-aws,1,ip-172-31-19-161,ranking,benchANT
2026-08-12 11:28:40+00:00,mem,available,18205986816.0,dbms,08-2026,couchbase-802-vanilla-ce-large-large-aws,1,ip-172-31-19-161,ranking,benchANT
2026-08-12 11:28:50+00:00,mem,available,18191859712.0,dbms,08-2026,couchbase-802-vanilla-ce-large-large-aws,1,ip-172-31-19-161,ranking,benchANT
2026-08-12 11:29:00+00:00,mem,available,18146947072.0,dbms,08-2026,couchbase-802-vanilla-ce-large-large-aws,1,ip-172-31-19-161,ranking,benchANT
2026-08-12 11:29:10+00:00,mem,available,18114269184.0,dbms,08-2026,couchbase-802-vanilla-ce-large-large-aws,1,ip-172-31-19-161,ranking,benchANT
2026-08-12 11:29:20+00:00,mem,available,18067783680.0,dbms,08-2026,couchbase-802-vanilla-ce-large-large-aws,1,ip-172-31-19-161,ranking,benchANT
2026-08-12 11:29:30+00:00,mem,available,18018938880.0,dbms,08-2026,couchbase-802-vanilla-ce-large-large-aws,1,ip-172-31-19-161,ranking,benchANT
2026-08-12 11:29:40+00:00,mem,available,18012721152.0,dbms,08-2026,couchbase-802-vanilla-ce-large-large-aws,1,ip-172-31-19-161,ranking,benchANT
2026-08-12 11:29:50+00:00,mem,available,18005975040.0,dbms,08-2026,couchbase-802-vanilla-ce-large-large-aws,1,ip-172-31-19-161,ranking,benchANT
2026-08-12 11:20:00+00:00,mem,available_percent,82.5398062158013,dbms,08-2026,couchbase-802-vanilla-ce-large-large-aws,1,ip-172-31-19-161,ranking,benchANT
2026-08-12 11:20:10+00:00,mem,available_percent,82.54479731769969,dbms,08-2026,couchbase-802-vanilla-ce-large-large-aws,1,ip-172-31-19-161,ranking,benchANT
2026-08-12 11:20:20+00:00,mem,available_percent,82.55145626911026,dbms,08-2026,couchbase-802-vanilla-ce-large-large-aws,1,ip-172-31-19-161,ranking,benchANT
2026-08-12 11:20:30+00:00,mem,available_percent,82.56252133042614,dbms,08-2026,couchbase-802-vanilla-ce-large-large-aws,1,ip-172-31-19-161,ranking,benchANT
2026-08-12 11:20:40+00:00,mem,available_percent,82.56400248036606,dbms,08-2026,couchbase-802-vanilla-ce-large-large-aws,1,ip-172-31-19-161,ranking,benchANT
2026-08-12 11:20:50+00:00,mem,available_percent,82.57956077805429,dbms,08-2026,couchbase-802-vanilla-ce-large-large-aws,1,ip-172-31-19-161,ranking,benchANT
2026-08-12 11:21:00+00:00,mem,available_percent,82.60521329928265,dbms,08-2026,couchbase-802-vanilla-ce-large-large-aws,1,ip-172-31-19-161,ranking,benchANT
2026-08-12 11:21:10+00:00,mem,available_percent,82.60389395563868,dbms,08-2026,couchbase-802-vanilla-ce-large-large-aws,1,ip-172-31-19-161,ranking,benchANT
2026-08-12 11:21:20+00:00,mem,available_percent,82.49742541289855,dbms,08-2026,couchbase-802-vanilla-ce-large-large-aws,1,ip-172-31-19-161,ranking,benchANT
2026-08-12 11:21:30+00:00,mem,available_percent,81.89714894817195,dbms,08-2026,couchbase-802-vanilla-ce-large-large-aws,1,ip-172-31-19-161,ranking,benchANT
2026-08-12 11:21:40+00:00,mem,available_percent,80.18023478840341,dbms,08-2026,couchbase-802-vanilla-ce-large-large-aws,1,ip-172-31-19-161,ranking,benchANT
2026-08-12 11:21:50+00:00,mem,available_percent,78.5831942006632,dbms,08-2026,couchbase-802-vanilla-ce-large-large-aws,1,ip-172-31-19-161,ranking,benchANT
2026-08-12 11:22:00+00:00,mem,available_percent,76.90318432301117,dbms,08-2026,couchbase-802-vanilla-ce-large-large-aws,1,ip-172-31-19-161,ranking,benchANT
2026-08-12 11:22:10+00:00,mem,available_percent,75.45638710438672,dbms,08-2026,couchbase-802-vanilla-ce-large-large-aws,1,ip-172-31-19-161,ranking,benchANT
2026-08-12 11:22:20+00:00,mem,available_percent,74.04770149177936,dbms,08-2026,couchbase-802-vanilla-ce-large-large-aws,1,ip-172-31-19-161,ranking,benchANT
2026-08-12 11:22:30+00:00,mem,available_percent,72.45322491149818,dbms,08-2026,couchbase-802-vanilla-ce-large-large-aws,1,ip-172-31-19-161,ranking,benchANT
2026-08-12 11:22:40+00:00,mem,available_percent,71.02309374135737,dbms,08-2026,couchbase-802-vanilla-ce-large-large-aws,1,ip-172-31-19-161,ranking,benchANT
2026-08-12 11:22:50+00:00,mem,available_percent,69.52481722734208,dbms,08-2026,couchbase-802-vanilla-ce-large-large-aws,1,ip-172-31-19-161,ranking,benchANT
2026-08-12 11:23:00+00:00,mem,available_percent,67.99988001440823,dbms,08-2026,couchbase-802-vanilla-ce-large-large-aws,1,ip-172-31-19-161,ranking,benchANT
2026-08-12 11:23:10+00:00,mem,available_percent,66.58128687783301,dbms,08-2026,couchbase-802-vanilla-ce-large-large-aws,1,ip-172-31-19-161,ranking,benchANT
2026-08-12 11:23:20+00:00,mem,available_percent,64.9534159673938,dbms,08-2026,couchbase-802-vanilla-ce-large-large-aws,1,ip-172-31-19-161,ranking,benchANT
2026-08-12 11:23:30+00:00,mem,available_percent,63.49354977871122,dbms,08-2026,couchbase-802-vanilla-ce-large-large-aws,1,ip-172-31-19-161,ranking,benchANT
2026-08-12 11:23:40+00:00,mem,available_percent,62.009474878825756,dbms,08-2026,couchbase-802-vanilla-ce-large-large-aws,1,ip-172-31-19-161,ranking,benchANT
2026-08-12 11:23:50+00:00,mem,available_percent,60.34303183675786,dbms,08-2026,couchbase-802-vanilla-ce-large-large-aws,1,ip-172-31-19-161,ranking,benchANT
2026-08-12 11:24:00+00:00,mem,available_percent,58.745107537708954,dbms,08-2026,couchbase-802-vanilla-ce-large-large-aws,1,ip-172-31-19-161,ranking,benchANT
2026-08-12 11:24:10+00:00,mem,available_percent,57.28046183997656,dbms,08-2026,couchbase-802-vanilla-ce-large-large-aws,1,ip-172-31-19-161,ranking,benchANT
2026-08-12 11:24:20+00:00,mem,available_percent,55.66521182062204,dbms,08-2026,couchbase-802-vanilla-ce-large-large-aws,1,ip-172-31-19-161,ranking,benchANT
2026-08-12 11:24:30+00:00,mem,available_percent,54.31888386514914,dbms,08-2026,couchbase-802-vanilla-ce-large-large-aws,1,ip-172-31-19-161,ranking,benchANT
2026-08-12 11:24:40+00:00,mem,available_percent,52.606189115713654,dbms,08-2026,couchbase-802-vanilla-ce-large-large-aws,1,ip-172-31-19-161,ranking,benchANT
2026-08-12 11:24:50+00:00,mem,available_percent,52.41661437004204,dbms,08-2026,couchbase-802-vanilla-ce-large-large-aws,1,ip-172-31-19-161,ranking,benchANT
2026-08-12 11:25:00+00:00,mem,available_percent,52.285737969888594,dbms,08-2026,couchbase-802-vanilla-ce-large-large-aws,1,ip-172-31-19-161,ranking,benchANT
2026-08-12 11:25:10+00:00,mem,available_percent,52.24340695353844,dbms,08-2026,couchbase-802-vanilla-ce-large-large-aws,1,ip-172-31-19-161,ranking,benchANT
2026-08-12 11:25:20+00:00,mem,available_percent,52.28105803394397,dbms,08-2026,couchbase-802-vanilla-ce-large-large-aws,1,ip-172-31-19-161,ranking,benchANT
2026-08-12 11:25:30+00:00,mem,available_percent,52.55046551671347,dbms,08-2026,couchbase-802-vanilla-ce-large-large-aws,1,ip-172-31-19-161,ranking,benchANT
2026-08-12 11:25:40+00:00,mem,available_percent,53.00481759576257,dbms,08-2026,couchbase-802-vanilla-ce-large-large-aws,1,ip-172-31-19-161,ranking,benchANT
2026-08-12 11:25:50+00:00,mem,available_percent,55.235205365795494,dbms,08-2026,couchbase-802-vanilla-ce-large-large-aws,1,ip-172-31-19-161,ranking,benchANT
2026-08-12 11:26:00+00:00,mem,available_percent,55.285103938141205,dbms,08-2026,couchbase-802-vanilla-ce-large-large-aws,1,ip-172-31-19-161,ranking,benchANT
2026-08-12 11:26:10+00:00,mem,available_percent,55.656300027706216,dbms,08-2026,couchbase-802-vanilla-ce-large-large-aws,1,ip-172-31-19-161,ranking,benchANT
2026-08-12 11:26:20+00:00,mem,available_percent,56.276964085723485,dbms,08-2026,couchbase-802-vanilla-ce-large-large-aws,1,ip-172-31-19-161,ranking,benchANT
2026-08-12 11:26:30+00:00,mem,available_percent,56.68003601559215,dbms,08-2026,couchbase-802-vanilla-ce-large-large-aws,1,ip-172-31-19-161,ranking,benchANT
2026-08-12 11:26:40+00:00,mem,available_percent,56.75455403819973,dbms,08-2026,couchbase-802-vanilla-ce-large-large-aws,1,ip-172-31-19-161,ranking,benchANT
2026-08-12 11:26:50+00:00,mem,available_percent,56.69538272043183,dbms,08-2026,couchbase-802-vanilla-ce-large-large-aws,1,ip-172-31-19-161,ranking,benchANT
2026-08-12 11:27:00+00:00,mem,available_percent,56.627660562254476,dbms,08-2026,couchbase-802-vanilla-ce-large-large-aws,1,ip-172-31-19-161,ranking,benchANT
2026-08-12 11:27:10+00:00,mem,available_percent,56.495128759227,dbms,08-2026,couchbase-802-vanilla-ce-large-large-aws,1,ip-172-31-19-161,ranking,benchANT
2026-08-12 11:27:20+00:00,mem,available_percent,56.69003066602708,dbms,08-2026,couchbase-802-vanilla-ce-large-large-aws,1,ip-172-31-19-161,ranking,benchANT
2026-08-12 11:27:30+00:00,mem,available_percent,56.354992060289526,dbms,08-2026,couchbase-802-vanilla-ce-large-large-aws,1,ip-172-31-19-161,ranking,benchANT
2026-08-12 11:27:40+00:00,mem,available_percent,56.17469006004009,dbms,08-2026,couchbase-802-vanilla-ce-large-large-aws,1,ip-172-31-19-161,ranking,benchANT
2026-08-12 11:27:50+00:00,mem,available_percent,56.04545661612253,dbms,08-2026,couchbase-802-vanilla-ce-large-large-aws,1,ip-172-31-19-161,ranking,benchANT
2026-08-12 11:28:00+00:00,mem,available_percent,55.931432964024985,dbms,08-2026,couchbase-802-vanilla-ce-large-large-aws,1,ip-172-31-19-161,ranking,benchANT
2026-08-12 11:28:10+00:00,mem,available_percent,55.767485846305426,dbms,08-2026,couchbase-802-vanilla-ce-large-large-aws,1,ip-172-31-19-161,ranking,benchANT
2026-08-12 11:28:20+00:00,mem,available_percent,55.63987046534744,dbms,08-2026,couchbase-802-vanilla-ce-large-large-aws,1,ip-172-31-19-161,ranking,benchANT
2026-08-12 11:28:30+00:00,mem,available_percent,55.48986358235654,dbms,08-2026,couchbase-802-vanilla-ce-large-large-aws,1,ip-172-31-19-161,ranking,benchANT
2026-08-12 11:28:40+00:00,mem,available_percent,55.32307863113865,dbms,08-2026,couchbase-802-vanilla-ce-large-large-aws,1,ip-172-31-19-161,ranking,benchANT
2026-08-12 11:28:50+00:00,mem,available_percent,55.28015017615727,dbms,08-2026,couchbase-802-vanilla-ce-large-large-aws,1,ip-172-31-19-161,ranking,benchANT
2026-08-12 11:29:00+00:00,mem,available_percent,55.143672788836064,dbms,08-2026,couchbase-802-vanilla-ce-large-large-aws,1,ip-172-31-19-161,ranking,benchANT
2026-08-12 11:29:10+00:00,mem,available_percent,55.04437350967066,dbms,08-2026,couchbase-802-vanilla-ce-large-large-aws,1,ip-172-31-19-161,ranking,benchANT
2026-08-12 11:29:20+00:00,mem,available_percent,54.90311661329963,dbms,08-2026,couchbase-802-vanilla-ce-large-large-aws,1,ip-172-31-19-161,ranking,benchANT
2026-08-12 11:29:30+00:00,mem,available_percent,54.75469045335386,dbms,08-2026,couchbase-802-vanilla-ce-large-large-aws,1,ip-172-31-19-161,ranking,benchANT
2026-08-12 11:29:40+00:00,mem,available_percent,54.73579645664127,dbms,08-2026,couchbase-802-vanilla-ce-large-large-aws,1,ip-172-31-19-161,ranking,benchANT
2026-08-12 11:29:50+00:00,mem,available_percent,54.71529684360724,dbms,08-2026,couchbase-802-vanilla-ce-large-large-aws,1,ip-172-31-19-161,ranking,benchANT
2026-08-12 11:20:00+00:00,mem,buffered,106688512.0,dbms,08-2026,couchbase-802-vanilla-ce-large-large-aws,1,ip-172-31-19-161,ranking,benchANT
2026-08-12 11:20:10+00:00,mem,buffered,106696704.0,dbms,08-2026,couchbase-802-vanilla-ce-large-large-aws,1,ip-172-31-19-161,ranking,benchANT
2026-08-12 11:20:20+00:00,mem,buffered,106696704.0,dbms,08-2026,couchbase-802-vanilla-ce-large-large-aws,1,ip-172-31-19-161,ranking,benchANT
2026-08-12 11:20:30+00:00,mem,buffered,106700800.0,dbms,08-2026,couchbase-802-vanilla-ce-large-large-aws,1,ip-172-31-19-161,ranking,benchANT
2026-08-12 11:20:40+00:00,mem,buffered,106708992.0,dbms,08-2026,couchbase-802-vanilla-ce-large-large-aws,1,ip-172-31-19-161,ranking,benchANT
2026-08-12 11:20:50+00:00,mem,buffered,106741760.0,dbms,08-2026,couchbase-802-vanilla-ce-large-large-aws,1,ip-172-31-19-161,ranking,benchANT
2026-08-12 11:21:00+00:00,mem,buffered,106827776.0,dbms,08-2026,couchbase-802-vanilla-ce-large-large-aws,1,ip-172-31-19-161,ranking,benchANT
2026-08-12 11:21:10+00:00,mem,buffered,106926080.0,dbms,08-2026,couchbase-802-vanilla-ce-large-large-aws,1,ip-172-31-19-161,ranking,benchANT
2026-08-12 11:21:20+00:00,mem,buffered,107036672.0,dbms,08-2026,couchbase-802-vanilla-ce-large-large-aws,1,ip-172-31-19-161,ranking,benchANT
2026-08-12 11:21:30+00:00,mem,buffered,107069440.0,dbms,08-2026,couchbase-802-vanilla-ce-large-large-aws,1,ip-172-31-19-161,ranking,benchANT
2026-08-12 11:21:40+00:00,mem,buffered,107081728.0,dbms,08-2026,couchbase-802-vanilla-ce-large-large-aws,1,ip-172-31-19-161,ranking,benchANT
2026-08-12 11:21:50+00:00,mem,buffered,107094016.0,dbms,08-2026,couchbase-802-vanilla-ce-large-large-aws,1,ip-172-31-19-161,ranking,benchANT
2026-08-12 11:22:00+00:00,mem,buffered,107102208.0,dbms,08-2026,couchbase-802-vanilla-ce-large-large-aws,1,ip-172-31-19-161,ranking,benchANT
2026-08-12 11:22:10+00:00,mem,buffered,107102208.0,dbms,08-2026,couchbase-802-vanilla-ce-large-large-aws,1,ip-172-31-19-161,ranking,benchANT
2026-08-12 11:22:20+00:00,mem,buffered,107106304.0,dbms,08-2026,couchbase-802-vanilla-ce-large-large-aws,1,ip-172-31-19-161,ranking,benchANT
2026-08-12 11:22:30+00:00,mem,buffered,107106304.0,dbms,08-2026,couchbase-802-vanilla-ce-large-large-aws,1,ip-172-31-19-161,ranking,benchANT
2026-08-12 11:22:40+00:00,mem,buffered,107106304.0,dbms,08-2026,couchbase-802-vanilla-ce-large-large-aws,1,ip-172-31-19-161,ranking,benchANT
2026-08-12 11:22:50+00:00,mem,buffered,107106304.0,dbms,08-2026,couchbase-802-vanilla-ce-large-large-aws,1,ip-172-31-19-161,ranking,benchANT
2026-08-12 11:23:00+00:00,mem,buffered,107110400.0,dbms,08-2026,couchbase-802-vanilla-ce-large-large-aws,1,ip-172-31-19-161,ranking,benchANT
2026-08-12 11:23:10+00:00,mem,buffered,107110400.0,dbms,08-2026,couchbase-802-vanilla-ce-large-large-aws,1,ip-172-31-19-161,ranking,benchANT
2026-08-12 11:23:20+00:00,mem,buffered,107114496.0,dbms,08-2026,couchbase-802-vanilla-ce-large-large-aws,1,ip-172-31-19-161,ranking,benchANT
2026-08-12 11:23:30+00:00,mem,buffered,107114496.0,dbms,08-2026,couchbase-802-vanilla-ce-large-large-aws,1,ip-172-31-19-161,ranking,benchANT
2026-08-12 11:23:40+00:00,mem,buffered,107114496.0,dbms,08-2026,couchbase-802-vanilla-ce-large-large-aws,1,ip-172-31-19-161,ranking,benchANT
2026-08-12 11:23:50+00:00,mem,buffered,107114496.0,dbms,08-2026,couchbase-802-vanilla-ce-large-large-aws,1,ip-172-31-19-161,ranking,benchANT
2026-08-12 11:24:00+00:00,mem,buffered,107114496.0,dbms,08-2026,couchbase-802-vanilla-ce-large-large-aws,1,ip-172-31-19-161,ranking,benchANT
2026-08-12 11:24:10+00:00,mem,buffered,107114496.0,dbms,08-2026,couchbase-802-vanilla-ce-large-large-aws,1,ip-172-31-19-161,ranking,benchANT
2026-08-12 11:24:20+00:00,mem,buffered,107114496.0,dbms,08-2026,couchbase-802-vanilla-ce-large-large-aws,1,ip-172-31-19-161,ranking,benchANT
2026-08-12 11:24:30+00:00,mem,buffered,107114496.0,dbms,08-2026,couchbase-802-vanilla-ce-large-large-aws,1,ip-172-31-19-161,ranking,benchANT
2026-08-12 11:24:40+00:00,mem,buffered,107114496.0,dbms,08-2026,couchbase-802-vanilla-ce-large-large-aws,1,ip-172-31-19-161,ranking,benchANT
2026-08-12 11:24:50+00:00,mem,buffered,107114496.0,dbms,08-2026,couchbase-802-vanilla-ce-large-large-aws,1,ip-172-31-19-161,ranking,benchANT
2026-08-12 11:25:00+00:00,mem,buffered,107114496.0,dbms,08-2026,couchbase-802-vanilla-ce-large-large-aws,1,ip-172-31-19-161,ranking,benchANT
2026-08-12 11:25:10+00:00,mem,buffered,107114496.0,dbms,08-2026,couchbase-802-vanilla-ce-large-large-aws,1,ip-172-31-19-161,ranking,benchANT
2026-08-12 11:25:20+00:00,mem,buffered,107114496.0,dbms,08-2026,couchbase-802-vanilla-ce-large-large-aws,1,ip-172-31-19-161,ranking,benchANT
2026-08-12 11:25:30+00:00,mem,buffered,107114496.0,dbms,08-2026,couchbase-802-vanilla-ce-large-large-aws,1,ip-172-31-19-161,ranking,benchANT
2026-08-12 11:25:40+00:00,mem,buffered,107114496.0,dbms,08-2026,couchbase-802-vanilla-ce-large-large-aws,1,ip-172-31-19-161,ranking,benchANT
2026-08-12 11:25:50+00:00,mem,buffered,106504192.0,dbms,08-2026,couchbase-802-vanilla-ce-large-large-aws,1,ip-172-31-19-161,ranking,benchANT
2026-08-12 11:26:00+00:00,mem,buffered,106504192.0,dbms,08-2026,couchbase-802-vanilla-ce-large-large-aws,1,ip-172-31-19-161,ranking,benchANT
2026-08-12 11:26:10+00:00,mem,buffered,106504192.0,dbms,08-2026,couchbase-802-vanilla-ce-large-large-aws,1,ip-172-31-19-161,ranking,benchANT
2026-08-12 11:26:20+00:00,mem,buffered,106229760.0,dbms,08-2026,couchbase-802-vanilla-ce-large-large-aws,1,ip-172-31-19-161,ranking,benchANT
2026-08-12 11:26:30+00:00,mem,buffered,106209280.0,dbms,08-2026,couchbase-802-vanilla-ce-large-large-aws,1,ip-172-31-19-161,ranking,benchANT
2026-08-12 11:26:40+00:00,mem,buffered,105541632.0,dbms,08-2026,couchbase-802-vanilla-ce-large-large-aws,1,ip-172-31-19-161,ranking,benchANT
2026-08-12 11:26:50+00:00,mem,buffered,104718336.0,dbms,08-2026,couchbase-802-vanilla-ce-large-large-aws,1,ip-172-31-19-161,ranking,benchANT
2026-08-12 11:27:00+00:00,mem,buffered,104206336.0,dbms,08-2026,couchbase-802-vanilla-ce-large-large-aws,1,ip-172-31-19-161,ranking,benchANT
2026-08-12 11:27:10+00:00,mem,buffered,99651584.0,dbms,08-2026,couchbase-802-vanilla-ce-large-large-aws,1,ip-172-31-19-161,ranking,benchANT
2026-08-12 11:27:20+00:00,mem,buffered,99246080.0,dbms,08-2026,couchbase-802-vanilla-ce-large-large-aws,1,ip-172-31-19-161,ranking,benchANT
2026-08-12 11:27:30+00:00,mem,buffered,97144832.0,dbms,08-2026,couchbase-802-vanilla-ce-large-large-aws,1,ip-172-31-19-161,ranking,benchANT
2026-08-12 11:27:40+00:00,mem,buffered,91566080.0,dbms,08-2026,couchbase-802-vanilla-ce-large-large-aws,1,ip-172-31-19-161,ranking,benchANT
2026-08-12 11:27:50+00:00,mem,buffered,90959872.0,dbms,08-2026,couchbase-802-vanilla-ce-large-large-aws,1,ip-172-31-19-161,ranking,benchANT
2026-08-12 11:28:00+00:00,mem,buffered,90370048.0,dbms,08-2026,couchbase-802-vanilla-ce-large-large-aws,1,ip-172-31-19-161,ranking,benchANT
2026-08-12 11:28:10+00:00,mem,buffered,89849856.0,dbms,08-2026,couchbase-802-vanilla-ce-large-large-aws,1,ip-172-31-19-161,ranking,benchANT
2026-08-12 11:28:20+00:00,mem,buffered,89497600.0,dbms,08-2026,couchbase-802-vanilla-ce-large-large-aws,1,ip-172-31-19-161,ranking,benchANT
2026-08-12 11:28:30+00:00,mem,buffered,89014272.0,dbms,08-2026,couchbase-802-vanilla-ce-large-large-aws,1,ip-172-31-19-161,ranking,benchANT
2026-08-12 11:28:40+00:00,mem,buffered,88621056.0,dbms,08-2026,couchbase-802-vanilla-ce-large-large-aws,1,ip-172-31-19-161,ranking,benchANT
2026-08-12 11:28:50+00:00,mem,buffered,88260608.0,dbms,08-2026,couchbase-802-vanilla-ce-large-large-aws,1,ip-172-31-19-161,ranking,benchANT
2026-08-12 11:29:00+00:00,mem,buffered,88121344.0,dbms,08-2026,couchbase-802-vanilla-ce-large-large-aws,1,ip-172-31-19-161,ranking,benchANT
2026-08-12 11:29:10+00:00,mem,buffered,87928832.0,dbms,08-2026,couchbase-802-vanilla-ce-large-large-aws,1,ip-172-31-19-161,ranking,benchANT
2026-08-12 11:29:20+00:00,mem,buffered,87916544.0,dbms,08-2026,couchbase-802-vanilla-ce-large-large-aws,1,ip-172-31-19-161,ranking,benchANT
2026-08-12 11:29:30+00:00,mem,buffered,87736320.0,dbms,08-2026,couchbase-802-vanilla-ce-large-large-aws,1,ip-172-31-19-161,ranking,benchANT
2026-08-12 11:29:40+00:00,mem,buffered,87736320.0,dbms,08-2026,couchbase-802-vanilla-ce-large-large-aws,1,ip-172-31-19-161,ranking,benchANT
2026-08-12 11:29:50+00:00,mem,buffered,87736320.0,dbms,08-2026,couchbase-802-vanilla-ce-large-large-aws,1,ip-172-31-19-161,ranking,benchANT
2026-08-12 11:20:00+00:00,mem,cached,6282981376.0,dbms,08-2026,couchbase-802-vanilla-ce-large-large-aws,1,ip-172-31-19-161,ranking,benchANT
2026-08-12 11:20:10+00:00,mem,cached,6283739136.0,dbms,08-2026,couchbase-802-vanilla-ce-large-large-aws,1,ip-172-31-19-161,ranking,benchANT
2026-08-12 11:20:20+00:00,mem,cached,6283767808.0,dbms,08-2026,couchbase-802-vanilla-ce-large-large-aws,1,ip-172-31-19-161,ranking,benchANT
2026-08-12 11:20:30+00:00,mem,cached,6284038144.0,dbms,08-2026,couchbase-802-vanilla-ce-large-large-aws,1,ip-172-31-19-161,ranking,benchANT
2026-08-12 11:20:40+00:00,mem,cached,6285922304.0,dbms,08-2026,couchbase-802-vanilla-ce-large-large-aws,1,ip-172-31-19-161,ranking,benchANT
2026-08-12 11:20:50+00:00,mem,cached,6290460672.0,dbms,08-2026,couchbase-802-vanilla-ce-large-large-aws,1,ip-172-31-19-161,ranking,benchANT
2026-08-12 11:21:00+00:00,mem,cached,6304772096.0,dbms,08-2026,couchbase-802-vanilla-ce-large-large-aws,1,ip-172-31-19-161,ranking,benchANT
2026-08-12 11:21:10+00:00,mem,cached,6342533120.0,dbms,08-2026,couchbase-802-vanilla-ce-large-large-aws,1,ip-172-31-19-161,ranking,benchANT
2026-08-12 11:21:20+00:00,mem,cached,6407168000.0,dbms,08-2026,couchbase-802-vanilla-ce-large-large-aws,1,ip-172-31-19-161,ranking,benchANT
2026-08-12 11:21:30+00:00,mem,cached,6556622848.0,dbms,08-2026,couchbase-802-vanilla-ce-large-large-aws,1,ip-172-31-19-161,ranking,benchANT
2026-08-12 11:21:40+00:00,mem,cached,6989815808.0,dbms,08-2026,couchbase-802-vanilla-ce-large-large-aws,1,ip-172-31-19-161,ranking,benchANT
2026-08-12 11:21:50+00:00,mem,cached,7407230976.0,dbms,08-2026,couchbase-802-vanilla-ce-large-large-aws,1,ip-172-31-19-161,ranking,benchANT
2026-08-12 11:22:00+00:00,mem,cached,7847063552.0,dbms,08-2026,couchbase-802-vanilla-ce-large-large-aws,1,ip-172-31-19-161,ranking,benchANT
2026-08-12 11:22:10+00:00,mem,cached,8287207424.0,dbms,08-2026,couchbase-802-vanilla-ce-large-large-aws,1,ip-172-31-19-161,ranking,benchANT
2026-08-12 11:22:20+00:00,mem,cached,8729280512.0,dbms,08-2026,couchbase-802-vanilla-ce-large-large-aws,1,ip-172-31-19-161,ranking,benchANT
2026-08-12 11:22:30+00:00,mem,cached,9188368384.0,dbms,08-2026,couchbase-802-vanilla-ce-large-large-aws,1,ip-172-31-19-161,ranking,benchANT
2026-08-12 11:22:40+00:00,mem,cached,9612648448.0,dbms,08-2026,couchbase-802-vanilla-ce-large-large-aws,1,ip-172-31-19-161,ranking,benchANT
2026-08-12 11:22:50+00:00,mem,cached,10061172736.0,dbms,08-2026,couchbase-802-vanilla-ce-large-large-aws,1,ip-172-31-19-161,ranking,benchANT
2026-08-12 11:23:00+00:00,mem,cached,10506850304.0,dbms,08-2026,couchbase-802-vanilla-ce-large-large-aws,1,ip-172-31-19-161,ranking,benchANT
2026-08-12 11:23:10+00:00,mem,cached,10955051008.0,dbms,08-2026,couchbase-802-vanilla-ce-large-large-aws,1,ip-172-31-19-161,ranking,benchANT
2026-08-12 11:23:20+00:00,mem,cached,11407847424.0,dbms,08-2026,couchbase-802-vanilla-ce-large-large-aws,1,ip-172-31-19-161,ranking,benchANT
2026-08-12 11:23:30+00:00,mem,cached,11820748800.0,dbms,08-2026,couchbase-802-vanilla-ce-large-large-aws,1,ip-172-31-19-161,ranking,benchANT
2026-08-12 11:23:40+00:00,mem,cached,12265435136.0,dbms,08-2026,couchbase-802-vanilla-ce-large-large-aws,1,ip-172-31-19-161,ranking,benchANT
2026-08-12 11:23:50+00:00,mem,cached,12713050112.0,dbms,08-2026,couchbase-802-vanilla-ce-large-large-aws,1,ip-172-31-19-161,ranking,benchANT
2026-08-12 11:24:00+00:00,mem,cached,13175070720.0,dbms,08-2026,couchbase-802-vanilla-ce-large-large-aws,1,ip-172-31-19-161,ranking,benchANT
2026-08-12 11:24:10+00:00,mem,cached,13606027264.0,dbms,08-2026,couchbase-802-vanilla-ce-large-large-aws,1,ip-172-31-19-161,ranking,benchANT
2026-08-12 11:24:20+00:00,mem,cached,14056755200.0,dbms,08-2026,couchbase-802-vanilla-ce-large-large-aws,1,ip-172-31-19-161,ranking,benchANT
2026-08-12 11:24:30+00:00,mem,cached,14501789696.0,dbms,08-2026,couchbase-802-vanilla-ce-large-large-aws,1,ip-172-31-19-161,ranking,benchANT
2026-08-12 11:24:40+00:00,mem,cached,14941769728.0,dbms,08-2026,couchbase-802-vanilla-ce-large-large-aws,1,ip-172-31-19-161,ranking,benchANT
2026-08-12 11:24:50+00:00,mem,cached,15384481792.0,dbms,08-2026,couchbase-802-vanilla-ce-large-large-aws,1,ip-172-31-19-161,ranking,benchANT
2026-08-12 11:25:00+00:00,mem,cached,15807414272.0,dbms,08-2026,couchbase-802-vanilla-ce-large-large-aws,1,ip-172-31-19-161,ranking,benchANT
2026-08-12 11:25:10+00:00,mem,cached,16242126848.0,dbms,08-2026,couchbase-802-vanilla-ce-large-large-aws,1,ip-172-31-19-161,ranking,benchANT
2026-08-12 11:25:20+00:00,mem,cached,16661057536.0,dbms,08-2026,couchbase-802-vanilla-ce-large-large-aws,1,ip-172-31-19-161,ranking,benchANT
2026-08-12 11:25:30+00:00,mem,cached,17089384448.0,dbms,08-2026,couchbase-802-vanilla-ce-large-large-aws,1,ip-172-31-19-161,ranking,benchANT
2026-08-12 11:25:40+00:00,mem,cached,17531756544.0,dbms,08-2026,couchbase-802-vanilla-ce-large-large-aws,1,ip-172-31-19-161,ranking,benchANT
2026-08-12 11:25:50+00:00,mem,cached,17821630464.0,dbms,08-2026,couchbase-802-vanilla-ce-large-large-aws,1,ip-172-31-19-161,ranking,benchANT
2026-08-12 11:26:00+00:00,mem,cached,18268160000.0,dbms,08-2026,couchbase-802-vanilla-ce-large-large-aws,1,ip-172-31-19-161,ranking,benchANT
2026-08-12 11:26:10+00:00,mem,cached,18435469312.0,dbms,08-2026,couchbase-802-vanilla-ce-large-large-aws,1,ip-172-31-19-161,ranking,benchANT
2026-08-12 11:26:20+00:00,mem,cached,18613002240.0,dbms,08-2026,couchbase-802-vanilla-ce-large-large-aws,1,ip-172-31-19-161,ranking,benchANT
2026-08-12 11:26:30+00:00,mem,cached,18745618432.0,dbms,08-2026,couchbase-802-vanilla-ce-large-large-aws,1,ip-172-31-19-161,ranking,benchANT
2026-08-12 11:26:40+00:00,mem,cached,18810753024.0,dbms,08-2026,couchbase-802-vanilla-ce-large-large-aws,1,ip-172-31-19-161,ranking,benchANT
2026-08-12 11:26:50+00:00,mem,cached,18821840896.0,dbms,08-2026,couchbase-802-vanilla-ce-large-large-aws,1,ip-172-31-19-161,ranking,benchANT
2026-08-12 11:27:00+00:00,mem,cached,18812555264.0,dbms,08-2026,couchbase-802-vanilla-ce-large-large-aws,1,ip-172-31-19-161,ranking,benchANT
2026-08-12 11:27:10+00:00,mem,cached,18675453952.0,dbms,08-2026,couchbase-802-vanilla-ce-large-large-aws,1,ip-172-31-19-161,ranking,benchANT
2026-08-12 11:27:20+00:00,mem,cached,18699341824.0,dbms,08-2026,couchbase-802-vanilla-ce-large-large-aws,1,ip-172-31-19-161,ranking,benchANT
2026-08-12 11:27:30+00:00,mem,cached,18602422272.0,dbms,08-2026,couchbase-802-vanilla-ce-large-large-aws,1,ip-172-31-19-161,ranking,benchANT
2026-08-12 11:27:40+00:00,mem,cached,18662277120.0,dbms,08-2026,couchbase-802-vanilla-ce-large-large-aws,1,ip-172-31-19-161,ranking,benchANT
2026-08-12 11:27:50+00:00,mem,cached,18540965888.0,dbms,08-2026,couchbase-802-vanilla-ce-large-large-aws,1,ip-172-31-19-161,ranking,benchANT
2026-08-12 11:28:00+00:00,mem,cached,18538946560.0,dbms,08-2026,couchbase-802-vanilla-ce-large-large-aws,1,ip-172-31-19-161,ranking,benchANT
2026-08-12 11:28:10+00:00,mem,cached,18435465216.0,dbms,08-2026,couchbase-802-vanilla-ce-large-large-aws,1,ip-172-31-19-161,ranking,benchANT
2026-08-12 11:28:20+00:00,mem,cached,18429890560.0,dbms,08-2026,couchbase-802-vanilla-ce-large-large-aws,1,ip-172-31-19-161,ranking,benchANT
2026-08-12 11:28:30+00:00,mem,cached,18452803584.0,dbms,08-2026,couchbase-802-vanilla-ce-large-large-aws,1,ip-172-31-19-161,ranking,benchANT
2026-08-12 11:28:40+00:00,mem,cached,18293772288.0,dbms,08-2026,couchbase-802-vanilla-ce-large-large-aws,1,ip-172-31-19-161,ranking,benchANT
2026-08-12 11:28:50+00:00,mem,cached,18316988416.0,dbms,08-2026,couchbase-802-vanilla-ce-large-large-aws,1,ip-172-31-19-161,ranking,benchANT
2026-08-12 11:29:00+00:00,mem,cached,18322132992.0,dbms,08-2026,couchbase-802-vanilla-ce-large-large-aws,1,ip-172-31-19-161,ranking,benchANT
2026-08-12 11:29:10+00:00,mem,cached,18164035584.0,dbms,08-2026,couchbase-802-vanilla-ce-large-large-aws,1,ip-172-31-19-161,ranking,benchANT
2026-08-12 11:29:20+00:00,mem,cached,18163888128.0,dbms,08-2026,couchbase-802-vanilla-ce-large-large-aws,1,ip-172-31-19-161,ranking,benchANT
2026-08-12 11:29:30+00:00,mem,cached,18174513152.0,dbms,08-2026,couchbase-802-vanilla-ce-large-large-aws,1,ip-172-31-19-161,ranking,benchANT
2026-08-12 11:29:40+00:00,mem,cached,18184347648.0,dbms,08-2026,couchbase-802-vanilla-ce-large-large-aws,1,ip-172-31-19-161,ranking,benchANT
2026-08-12 11:29:50+00:00,mem,cached,18184355840.0,dbms,08-2026,couchbase-802-vanilla-ce-large-large-aws,1,ip-172-31-19-161,ranking,benchANT
2026-08-12 11:20:00+00:00,mem,commit_limit,16454242304.0,dbms,08-2026,couchbase-802-vanilla-ce-large-large-aws,1,ip-172-31-19-161,ranking,benchANT
2026-08-12 11:20:10+00:00,mem,commit_limit,16454242304.0,dbms,08-2026,couchbase-802-vanilla-ce-large-large-aws,1,ip-172-31-19-161,ranking,benchANT
2026-08-12 11:20:20+00:00,mem,commit_limit,16454242304.0,dbms,08-2026,couchbase-802-vanilla-ce-large-large-aws,1,ip-172-31-19-161,ranking,benchANT
2026-08-12 11:20:30+00:00,mem,commit_limit,16454242304.0,dbms,08-2026,couchbase-802-vanilla-ce-large-large-aws,1,ip-172-31-19-161,ranking,benchANT
2026-08-12 11:20:40+00:00,mem,commit_limit,16454242304.0,dbms,08-2026,couchbase-802-vanilla-ce-large-large-aws,1,ip-172-31-19-161,ranking,benchANT
2026-08-12 11:20:50+00:00,mem,commit_limit,16454242304.0,dbms,08-2026,couchbase-802-vanilla-ce-large-large-aws,1,ip-172-31-19-161,ranking,benchANT
2026-08-12 11:21:00+00:00,mem,commit_limit,16454242304.0,dbms,08-2026,couchbase-802-vanilla-ce-large-large-aws,1,ip-172-31-19-161,ranking,benchANT
2026-08-12 11:21:10+00:00,mem,commit_limit,16454242304.0,dbms,08-2026,couchbase-802-vanilla-ce-large-large-aws,1,ip-172-31-19-161,ranking,benchANT
2026-08-12 11:21:20+00:00,mem,commit_limit,16454242304.0,dbms,08-2026,couchbase-802-vanilla-ce-large-large-aws,1,ip-172-31-19-161,ranking,benchANT
2026-08-12 11:21:30+00:00,mem,commit_limit,16454242304.0,dbms,08-2026,couchbase-802-vanilla-ce-large-large-aws,1,ip-172-31-19-161,ranking,benchANT
2026-08-12 11:21:40+00:00,mem,commit_limit,16454242304.0,dbms,08-2026,couchbase-802-vanilla-ce-large-large-aws,1,ip-172-31-19-161,ranking,benchANT
2026-08-12 11:21:50+00:00,mem,commit_limit,16454242304.0,dbms,08-2026,couchbase-802-vanilla-ce-large-large-aws,1,ip-172-31-19-161,ranking,benchANT
2026-08-12 11:22:00+00:00,mem,commit_limit,16454242304.0,dbms,08-2026,couchbase-802-vanilla-ce-large-large-aws,1,ip-172-31-19-161,ranking,benchANT
2026-08-12 11:22:10+00:00,mem,commit_limit,16454242304.0,dbms,08-2026,couchbase-802-vanilla-ce-large-large-aws,1,ip-172-31-19-161,ranking,benchANT
2026-08-12 11:22:20+00:00,mem,commit_limit,16454242304.0,dbms,08-2026,couchbase-802-vanilla-ce-large-large-aws,1,ip-172-31-19-161,ranking,benchANT
2026-08-12 11:22:30+00:00,mem,commit_limit,16454242304.0,dbms,08-2026,couchbase-802-vanilla-ce-large-large-aws,1,ip-172-31-19-161,ranking,benchANT
2026-08-12 11:22:40+00:00,mem,commit_limit,16454242304.0,dbms,08-2026,couchbase-802-vanilla-ce-large-large-aws,1,ip-172-31-19-161,ranking,benchANT
2026-08-12 11:22:50+00:00,mem,commit_limit,16454242304.0,dbms,08-2026,couchbase-802-vanilla-ce-large-large-aws,1,ip-172-31-19-161,ranking,benchANT
2026-08-12 11:23:00+00:00,mem,commit_limit,16454242304.0,dbms,08-2026,couchbase-802-vanilla-ce-large-large-aws,1,ip-172-31-19-161,ranking,benchANT
2026-08-12 11:23:10+00:00,mem,commit_limit,16454242304.0,dbms,08-2026,couchbase-802-vanilla-ce-large-large-aws,1,ip-172-31-19-161,ranking,benchANT
2026-08-12 11:23:20+00:00,mem,commit_limit,16454242304.0,dbms,08-2026,couchbase-802-vanilla-ce-large-large-aws,1,ip-172-31-19-161,ranking,benchANT
2026-08-12 11:23:30+00:00,mem,commit_limit,16454242304.0,dbms,08-2026,couchbase-802-vanilla-ce-large-large-aws,1,ip-172-31-19-161,ranking,benchANT
2026-08-12 11:23:40+00:00,mem,commit_limit,16454242304.0,dbms,08-2026,couchbase-802-vanilla-ce-large-large-aws,1,ip-172-31-19-161,ranking,benchANT
2026-08-12 11:23:50+00:00,mem,commit_limit,16454242304.0,dbms,08-2026,couchbase-802-vanilla-ce-large-large-aws,1,ip-172-31-19-161,ranking,benchANT
2026-08-12 11:24:00+00:00,mem,commit_limit,16454242304.0,dbms,08-2026,couchbase-802-vanilla-ce-large-large-aws,1,ip-172-31-19-161,ranking,benchANT
2026-08-12 11:24:10+00:00,mem,commit_limit,16454242304.0,dbms,08-2026,couchbase-802-vanilla-ce-large-large-aws,1,ip-172-31-19-161,ranking,benchANT
2026-08-12 11:24:20+00:00,mem,commit_limit,16454242304.0,dbms,08-2026,couchbase-802-vanilla-ce-large-large-aws,1,ip-172-31-19-161,ranking,benchANT
2026-08-12 11:24:30+00:00,mem,commit_limit,16454242304.0,dbms,08-2026,couchbase-802-vanilla-ce-large-large-aws,1,ip-172-31-19-161,ranking,benchANT
2026-08-12 11:24:40+00:00,mem,commit_limit,16454242304.0,dbms,08-2026,couchbase-802-vanilla-ce-large-large-aws,1,ip-172-31-19-161,ranking,benchANT
2026-08-12 11:24:50+00:00,mem,commit_limit,16454242304.0,dbms,08-2026,couchbase-802-vanilla-ce-large-large-aws,1,ip-172-31-19-161,ranking,benchANT
2026-08-12 11:25:00+00:00,mem,commit_limit,16454242304.0,dbms,08-2026,couchbase-802-vanilla-ce-large-large-aws,1,ip-172-31-19-161,ranking,benchANT
2026-08-12 11:25:10+00:00,mem,commit_limit,16454242304.0,dbms,08-2026,couchbase-802-vanilla-ce-large-large-aws,1,ip-172-31-19-161,ranking,benchANT
2026-08-12 11:25:20+00:00,mem,commit_limit,16454242304.0,dbms,08-2026,couchbase-802-vanilla-ce-large-large-aws,1,ip-172-31-19-161,ranking,benchANT
2026-08-12 11:25:30+00:00,mem,commit_limit,16454242304.0,dbms,08-2026,couchbase-802-vanilla-ce-large-large-aws,1,ip-172-31-19-161,ranking,benchANT
2026-08-12 11:25:40+00:00,mem,commit_limit,16454242304.0,dbms,08-2026,couchbase-802-vanilla-ce-large-large-aws,1,ip-172-31-19-161,ranking,benchANT
2026-08-12 11:25:50+00:00,mem,commit_limit,16454242304.0,dbms,08-2026,couchbase-802-vanilla-ce-large-large-aws,1,ip-172-31-19-161,ranking,benchANT
2026-08-12 11:26:00+00:00,mem,commit_limit,16454242304.0,dbms,08-2026,couchbase-802-vanilla-ce-large-large-aws,1,ip-172-31-19-161,ranking,benchANT
2026-08-12 11:26:10+00:00,mem,commit_limit,16454242304.0,dbms,08-2026,couchbase-802-vanilla-ce-large-large-aws,1,ip-172-31-19-161,ranking,benchANT
2026-08-12 11:26:20+00:00,mem,commit_limit,16454242304.0,dbms,08-2026,couchbase-802-vanilla-ce-large-large-aws,1,ip-172-31-19-161,ranking,benchANT
2026-08-12 11:26:30+00:00,mem,commit_limit,16454242304.0,dbms,08-2026,couchbase-802-vanilla-ce-large-large-aws,1,ip-172-31-19-161,ranking,benchANT
2026-08-12 11:26:40+00:00,mem,commit_limit,16454242304.0,dbms,08-2026,couchbase-802-vanilla-ce-large-large-aws,1,ip-172-31-19-161,ranking,benchANT
2026-08-12 11:26:50+00:00,mem,commit_limit,16454242304.0,dbms,08-2026,couchbase-802-vanilla-ce-large-large-aws,1,ip-172-31-19-161,ranking,benchANT
2026-08-12 11:27:00+00:00,mem,commit_limit,16454242304.0,dbms,08-2026,couchbase-802-vanilla-ce-large-large-aws,1,ip-172-31-19-161,ranking,benchANT
2026-08-12 11:27:10+00:00,mem,commit_limit,16454242304.0,dbms,08-2026,couchbase-802-vanilla-ce-large-large-aws,1,ip-172-31-19-161,ranking,benchANT
2026-08-12 11:27:20+00:00,mem,commit_limit,16454242304.0,dbms,08-2026,couchbase-802-vanilla-ce-large-large-aws,1,ip-172-31-19-161,ranking,benchANT
2026-08-12 11:27:30+00:00,mem,commit_limit,16454242304.0,dbms,08-2026,couchbase-802-vanilla-ce-large-large-aws,1,ip-172-31-19-161,ranking,benchANT
2026-08-12 11:27:40+00:00,mem,commit_limit,16454242304.0,dbms,08-2026,couchbase-802-vanilla-ce-large-large-aws,1,ip-172-31-19-161,ranking,benchANT
2026-08-12 11:27:50+00:00,mem,commit_limit,16454242304.0,dbms,08-2026,couchbase-802-vanilla-ce-large-large-aws,1,ip-172-31-19-161,ranking,benchANT
2026-08-12 11:28:00+00:00,mem,commit_limit,16454242304.0,dbms,08-2026,couchbase-802-vanilla-ce-large-large-aws,1,ip-172-31-19-161,ranking,benchANT
2026-08-12 11:28:10+00:00,mem,commit_limit,16454242304.0,dbms,08-2026,couchbase-802-vanilla-ce-large-large-aws,1,ip-172-31-19-161,ranking,benchANT
2026-08-12 11:28:20+00:00,mem,commit_limit,16454242304.0,dbms,08-2026,couchbase-802-vanilla-ce-large-large-aws,1,ip-172-31-19-161,ranking,benchANT
2026-08-12 11:28:30+00:00,mem,commit_limit,16454242304.0,dbms,08-2026,couchbase-802-vanilla-ce-large-large-aws,1,ip-172-31-19-161,ranking,benchANT
2026-08-12 11:28:40+00:00,mem,commit_limit,16454242304.0,dbms,08-2026,couchbase-802-vanilla-ce-large-large-aws,1,ip-172-31-19-161,ranking,benchANT
2026-08-12 11:28:50+00:00,mem,commit_limit,16454242304.0,dbms,08-2026,couchbase-802-vanilla-ce-large-large-aws,1,ip-172-31-19-161,ranking,benchANT
2026-08-12 11:29:00+00:00,mem,commit_limit,16454242304.0,dbms,08-2026,couchbase-802-vanilla-ce-large-large-aws,1,ip-172-31-19-161,ranking,benchANT
2026-08-12 11:29:10+00:00,mem,commit_limit,16454242304.0,dbms,08-2026,couchbase-802-vanilla-ce-large-large-aws,1,ip-172-31-19-161,ranking,benchANT
2026-08-12 11:29:20+00:00,mem,commit_limit,16454242304.0,dbms,08-2026,couchbase-802-vanilla-ce-large-large-aws,1,ip-172-31-19-161,ranking,benchANT
2026-08-12 11:29:30+00:00,mem,commit_limit,16454242304.0,dbms,08-2026,couchbase-802-vanilla-ce-large-large-aws,1,ip-172-31-19-161,ranking,benchANT
2026-08-12 11:29:40+00:00,mem,commit_limit,16454242304.0,dbms,08-2026,couchbase-802-vanilla-ce-large-large-aws,1,ip-172-31-19-161,ranking,benchANT
2026-08-12 11:29:50+00:00,mem,commit_limit,16454242304.0,dbms,08-2026,couchbase-802-vanilla-ce-large-large-aws,1,ip-172-31-19-161,ranking,benchANT
2026-08-12 11:20:00+00:00,mem,committed_as,2540449792.0,dbms,08-2026,couchbase-802-vanilla-ce-large-large-aws,1,ip-172-31-19-161,ranking,benchANT
2026-08-12 11:20:10+00:00,mem,committed_as,2538024960.0,dbms,08-2026,couchbase-802-vanilla-ce-large-large-aws,1,ip-172-31-19-161,ranking,benchANT
2026-08-12 11:20:20+00:00,mem,committed_as,2539372544.0,dbms,08-2026,couchbase-802-vanilla-ce-large-large-aws,1,ip-172-31-19-161,ranking,benchANT
2026-08-12 11:20:30+00:00,mem,committed_as,2536775680.0,dbms,08-2026,couchbase-802-vanilla-ce-large-large-aws,1,ip-172-31-19-161,ranking,benchANT
2026-08-12 11:20:40+00:00,mem,committed_as,2537267200.0,dbms,08-2026,couchbase-802-vanilla-ce-large-large-aws,1,ip-172-31-19-161,ranking,benchANT
2026-08-12 11:20:50+00:00,mem,committed_as,2536419328.0,dbms,08-2026,couchbase-802-vanilla-ce-large-large-aws,1,ip-172-31-19-161,ranking,benchANT
2026-08-12 11:21:00+00:00,mem,committed_as,2534109184.0,dbms,08-2026,couchbase-802-vanilla-ce-large-large-aws,1,ip-172-31-19-161,ranking,benchANT
2026-08-12 11:21:10+00:00,mem,committed_as,2540744704.0,dbms,08-2026,couchbase-802-vanilla-ce-large-large-aws,1,ip-172-31-19-161,ranking,benchANT
2026-08-12 11:21:20+00:00,mem,committed_as,2536284160.0,dbms,08-2026,couchbase-802-vanilla-ce-large-large-aws,1,ip-172-31-19-161,ranking,benchANT
2026-08-12 11:21:30+00:00,mem,committed_as,2537902080.0,dbms,08-2026,couchbase-802-vanilla-ce-large-large-aws,1,ip-172-31-19-161,ranking,benchANT
2026-08-12 11:21:40+00:00,mem,committed_as,2536382464.0,dbms,08-2026,couchbase-802-vanilla-ce-large-large-aws,1,ip-172-31-19-161,ranking,benchANT
2026-08-12 11:21:50+00:00,mem,committed_as,2536521728.0,dbms,08-2026,couchbase-802-vanilla-ce-large-large-aws,1,ip-172-31-19-161,ranking,benchANT
2026-08-12 11:22:00+00:00,mem,committed_as,2533466112.0,dbms,08-2026,couchbase-802-vanilla-ce-large-large-aws,1,ip-172-31-19-161,ranking,benchANT
2026-08-12 11:22:10+00:00,mem,committed_as,2525511680.0,dbms,08-2026,couchbase-802-vanilla-ce-large-large-aws,1,ip-172-31-19-161,ranking,benchANT
2026-08-12 11:22:20+00:00,mem,committed_as,2533355520.0,dbms,08-2026,couchbase-802-vanilla-ce-large-large-aws,1,ip-172-31-19-161,ranking,benchANT
2026-08-12 11:22:30+00:00,mem,committed_as,2531024896.0,dbms,08-2026,couchbase-802-vanilla-ce-large-large-aws,1,ip-172-31-19-161,ranking,benchANT
2026-08-12 11:22:40+00:00,mem,committed_as,2532073472.0,dbms,08-2026,couchbase-802-vanilla-ce-large-large-aws,1,ip-172-31-19-161,ranking,benchANT
2026-08-12 11:22:50+00:00,mem,committed_as,2533384192.0,dbms,08-2026,couchbase-802-vanilla-ce-large-large-aws,1,ip-172-31-19-161,ranking,benchANT
2026-08-12 11:23:00+00:00,mem,committed_as,2541998080.0,dbms,08-2026,couchbase-802-vanilla-ce-large-large-aws,1,ip-172-31-19-161,ranking,benchANT
2026-08-12 11:23:10+00:00,mem,committed_as,2539229184.0,dbms,08-2026,couchbase-802-vanilla-ce-large-large-aws,1,ip-172-31-19-161,ranking,benchANT
2026-08-12 11:23:20+00:00,mem,committed_as,2542006272.0,dbms,08-2026,couchbase-802-vanilla-ce-large-large-aws,1,ip-172-31-19-161,ranking,benchANT
2026-08-12 11:23:30+00:00,mem,committed_as,2541191168.0,dbms,08-2026,couchbase-802-vanilla-ce-large-large-aws,1,ip-172-31-19-161,ranking,benchANT
2026-08-12 11:23:40+00:00,mem,committed_as,2544164864.0,dbms,08-2026,couchbase-802-vanilla-ce-large-large-aws,1,ip-172-31-19-161,ranking,benchANT
2026-08-12 11:23:50+00:00,mem,committed_as,2542268416.0,dbms,08-2026,couchbase-802-vanilla-ce-large-large-aws,1,ip-172-31-19-161,ranking,benchANT
2026-08-12 11:24:00+00:00,mem,committed_as,2542374912.0,dbms,08-2026,couchbase-802-vanilla-ce-large-large-aws,1,ip-172-31-19-161,ranking,benchANT
2026-08-12 11:24:10+00:00,mem,committed_as,2542260224.0,dbms,08-2026,couchbase-802-vanilla-ce-large-large-aws,1,ip-172-31-19-161,ranking,benchANT
2026-08-12 11:24:20+00:00,mem,committed_as,2545729536.0,dbms,08-2026,couchbase-802-vanilla-ce-large-large-aws,1,ip-172-31-19-161,ranking,benchANT
2026-08-12 11:24:30+00:00,mem,committed_as,2542600192.0,dbms,08-2026,couchbase-802-vanilla-ce-large-large-aws,1,ip-172-31-19-161,ranking,benchANT
2026-08-12 11:24:40+00:00,mem,committed_as,2542600192.0,dbms,08-2026,couchbase-802-vanilla-ce-large-large-aws,1,ip-172-31-19-161,ranking,benchANT
2026-08-12 11:24:50+00:00,mem,committed_as,2543833088.0,dbms,08-2026,couchbase-802-vanilla-ce-large-large-aws,1,ip-172-31-19-161,ranking,benchANT
2026-08-12 11:25:00+00:00,mem,committed_as,2541395968.0,dbms,08-2026,couchbase-802-vanilla-ce-large-large-aws,1,ip-172-31-19-161,ranking,benchANT
2026-08-12 11:25:10+00:00,mem,committed_as,2542972928.0,dbms,08-2026,couchbase-802-vanilla-ce-large-large-aws,1,ip-172-31-19-161,ranking,benchANT
2026-08-12 11:25:20+00:00,mem,committed_as,2541285376.0,dbms,08-2026,couchbase-802-vanilla-ce-large-large-aws,1,ip-172-31-19-161,ranking,benchANT
2026-08-12 11:25:30+00:00,mem,committed_as,2539450368.0,dbms,08-2026,couchbase-802-vanilla-ce-large-large-aws,1,ip-172-31-19-161,ranking,benchANT
2026-08-12 11:25:40+00:00,mem,committed_as,2544205824.0,dbms,08-2026,couchbase-802-vanilla-ce-large-large-aws,1,ip-172-31-19-161,ranking,benchANT
2026-08-12 11:25:50+00:00,mem,committed_as,2547150848.0,dbms,08-2026,couchbase-802-vanilla-ce-large-large-aws,1,ip-172-31-19-161,ranking,benchANT
2026-08-12 11:26:00+00:00,mem,committed_as,2541776896.0,dbms,08-2026,couchbase-802-vanilla-ce-large-large-aws,1,ip-172-31-19-161,ranking,benchANT
2026-08-12 11:26:10+00:00,mem,committed_as,2537533440.0,dbms,08-2026,couchbase-802-vanilla-ce-large-large-aws,1,ip-172-31-19-161,ranking,benchANT
2026-08-12 11:26:20+00:00,mem,committed_as,2540683264.0,dbms,08-2026,couchbase-802-vanilla-ce-large-large-aws,1,ip-172-31-19-161,ranking,benchANT
2026-08-12 11:26:30+00:00,mem,committed_as,2541162496.0,dbms,08-2026,couchbase-802-vanilla-ce-large-large-aws,1,ip-172-31-19-161,ranking,benchANT
2026-08-12 11:26:40+00:00,mem,committed_as,2545500160.0,dbms,08-2026,couchbase-802-vanilla-ce-large-large-aws,1,ip-172-31-19-161,ranking,benchANT
2026-08-12 11:26:50+00:00,mem,committed_as,2542596096.0,dbms,08-2026,couchbase-802-vanilla-ce-large-large-aws,1,ip-172-31-19-161,ranking,benchANT
2026-08-12 11:27:00+00:00,mem,committed_as,2545287168.0,dbms,08-2026,couchbase-802-vanilla-ce-large-large-aws,1,ip-172-31-19-161,ranking,benchANT
2026-08-12 11:27:10+00:00,mem,committed_as,2543263744.0,dbms,08-2026,couchbase-802-vanilla-ce-large-large-aws,1,ip-172-31-19-161,ranking,benchANT
2026-08-12 11:27:20+00:00,mem,committed_as,2541072384.0,dbms,08-2026,couchbase-802-vanilla-ce-large-large-aws,1,ip-172-31-19-161,ranking,benchANT
2026-08-12 11:27:30+00:00,mem,committed_as,2551017472.0,dbms,08-2026,couchbase-802-vanilla-ce-large-large-aws,1,ip-172-31-19-161,ranking,benchANT
2026-08-12 11:27:40+00:00,mem,committed_as,2542874624.0,dbms,08-2026,couchbase-802-vanilla-ce-large-large-aws,1,ip-172-31-19-161,ranking,benchANT
2026-08-12 11:27:50+00:00,mem,committed_as,2541207552.0,dbms,08-2026,couchbase-802-vanilla-ce-large-large-aws,1,ip-172-31-19-161,ranking,benchANT
2026-08-12 11:28:00+00:00,mem,committed_as,2535903232.0,dbms,08-2026,couchbase-802-vanilla-ce-large-large-aws,1,ip-172-31-19-161,ranking,benchANT
2026-08-12 11:28:10+00:00,mem,committed_as,2540535808.0,dbms,08-2026,couchbase-802-vanilla-ce-large-large-aws,1,ip-172-31-19-161,ranking,benchANT
2026-08-12 11:28:20+00:00,mem,committed_as,2541137920.0,dbms,08-2026,couchbase-802-vanilla-ce-large-large-aws,1,ip-172-31-19-161,ranking,benchANT
2026-08-12 11:28:30+00:00,mem,committed_as,2540601344.0,dbms,08-2026,couchbase-802-vanilla-ce-large-large-aws,1,ip-172-31-19-161,ranking,benchANT
2026-08-12 11:28:40+00:00,mem,committed_as,2542718976.0,dbms,08-2026,couchbase-802-vanilla-ce-large-large-aws,1,ip-172-31-19-161,ranking,benchANT
2026-08-12 11:28:50+00:00,mem,committed_as,2542460928.0,dbms,08-2026,couchbase-802-vanilla-ce-large-large-aws,1,ip-172-31-19-161,ranking,benchANT
2026-08-12 11:29:00+00:00,mem,committed_as,2540191744.0,dbms,08-2026,couchbase-802-vanilla-ce-large-large-aws,1,ip-172-31-19-161,ranking,benchANT
2026-08-12 11:29:10+00:00,mem,committed_as,2539794432.0,dbms,08-2026,couchbase-802-vanilla-ce-large-large-aws,1,ip-172-31-19-161,ranking,benchANT
2026-08-12 11:29:20+00:00,mem,committed_as,2538639360.0,dbms,08-2026,couchbase-802-vanilla-ce-large-large-aws,1,ip-172-31-19-161,ranking,benchANT
2026-08-12 11:29:30+00:00,mem,committed_as,2542485504.0,dbms,08-2026,couchbase-802-vanilla-ce-large-large-aws,1,ip-172-31-19-161,ranking,benchANT
2026-08-12 11:29:40+00:00,mem,committed_as,2538557440.0,dbms,08-2026,couchbase-802-vanilla-ce-large-large-aws,1,ip-172-31-19-161,ranking,benchANT
2026-08-12 11:29:50+00:00,mem,committed_as,2544881664.0,dbms,08-2026,couchbase-802-vanilla-ce-large-large-aws,1,ip-172-31-19-161,ranking,benchANT
2026-08-12 11:20:00+00:00,mem,dirty,155648.0,dbms,08-2026,couchbase-802-vanilla-ce-large-large-aws,1,ip-172-31-19-161,ranking,benchANT
2026-08-12 11:20:10+00:00,mem,dirty,147456.0,dbms,08-2026,couchbase-802-vanilla-ce-large-large-aws,1,ip-172-31-19-161,ranking,benchANT
2026-08-12 11:20:20+00:00,mem,dirty,118784.0,dbms,08-2026,couchbase-802-vanilla-ce-large-large-aws,1,ip-172-31-19-161,ranking,benchANT
2026-08-12 11:20:30+00:00,mem,dirty,630784.0,dbms,08-2026,couchbase-802-vanilla-ce-large-large-aws,1,ip-172-31-19-161,ranking,benchANT
2026-08-12 11:20:40+00:00,mem,dirty,1654784.0,dbms,08-2026,couchbase-802-vanilla-ce-large-large-aws,1,ip-172-31-19-161,ranking,benchANT
2026-08-12 11:20:50+00:00,mem,dirty,6090752.0,dbms,08-2026,couchbase-802-vanilla-ce-large-large-aws,1,ip-172-31-19-161,ranking,benchANT
2026-08-12 11:21:00+00:00,mem,dirty,4415488.0,dbms,08-2026,couchbase-802-vanilla-ce-large-large-aws,1,ip-172-31-19-161,ranking,benchANT
2026-08-12 11:21:10+00:00,mem,dirty,8015872.0,dbms,08-2026,couchbase-802-vanilla-ce-large-large-aws,1,ip-172-31-19-161,ranking,benchANT
2026-08-12 11:21:20+00:00,mem,dirty,4968448.0,dbms,08-2026,couchbase-802-vanilla-ce-large-large-aws,1,ip-172-31-19-161,ranking,benchANT
2026-08-12 11:21:30+00:00,mem,dirty,2338816.0,dbms,08-2026,couchbase-802-vanilla-ce-large-large-aws,1,ip-172-31-19-161,ranking,benchANT
2026-08-12 11:21:40+00:00,mem,dirty,5005312.0,dbms,08-2026,couchbase-802-vanilla-ce-large-large-aws,1,ip-172-31-19-161,ranking,benchANT
2026-08-12 11:21:50+00:00,mem,dirty,5021696.0,dbms,08-2026,couchbase-802-vanilla-ce-large-large-aws,1,ip-172-31-19-161,ranking,benchANT
2026-08-12 11:22:00+00:00,mem,dirty,245760.0,dbms,08-2026,couchbase-802-vanilla-ce-large-large-aws,1,ip-172-31-19-161,ranking,benchANT
2026-08-12 11:22:10+00:00,mem,dirty,4964352.0,dbms,08-2026,couchbase-802-vanilla-ce-large-large-aws,1,ip-172-31-19-161,ranking,benchANT
2026-08-12 11:22:20+00:00,mem,dirty,4976640.0,dbms,08-2026,couchbase-802-vanilla-ce-large-large-aws,1,ip-172-31-19-161,ranking,benchANT
2026-08-12 11:22:30+00:00,mem,dirty,5001216.0,dbms,08-2026,couchbase-802-vanilla-ce-large-large-aws,1,ip-172-31-19-161,ranking,benchANT
2026-08-12 11:22:40+00:00,mem,dirty,4939776.0,dbms,08-2026,couchbase-802-vanilla-ce-large-large-aws,1,ip-172-31-19-161,ranking,benchANT
2026-08-12 11:22:50+00:00,mem,dirty,4923392.0,dbms,08-2026,couchbase-802-vanilla-ce-large-large-aws,1,ip-172-31-19-161,ranking,benchANT
2026-08-12 11:23:00+00:00,mem,dirty,4939776.0,dbms,08-2026,couchbase-802-vanilla-ce-large-large-aws,1,ip-172-31-19-161,ranking,benchANT
2026-08-12 11:23:10+00:00,mem,dirty,5001216.0,dbms,08-2026,couchbase-802-vanilla-ce-large-large-aws,1,ip-172-31-19-161,ranking,benchANT
2026-08-12 11:23:20+00:00,mem,dirty,5214208.0,dbms,08-2026,couchbase-802-vanilla-ce-large-large-aws,1,ip-172-31-19-161,ranking,benchANT
2026-08-12 11:23:30+00:00,mem,dirty,5226496.0,dbms,08-2026,couchbase-802-vanilla-ce-large-large-aws,1,ip-172-31-19-161,ranking,benchANT
2026-08-12 11:23:40+00:00,mem,dirty,5136384.0,dbms,08-2026,couchbase-802-vanilla-ce-large-large-aws,1,ip-172-31-19-161,ranking,benchANT
2026-08-12 11:23:50+00:00,mem,dirty,5017600.0,dbms,08-2026,couchbase-802-vanilla-ce-large-large-aws,1,ip-172-31-19-161,ranking,benchANT
2026-08-12 11:24:00+00:00,mem,dirty,5017600.0,dbms,08-2026,couchbase-802-vanilla-ce-large-large-aws,1,ip-172-31-19-161,ranking,benchANT
2026-08-12 11:24:10+00:00,mem,dirty,5165056.0,dbms,08-2026,couchbase-802-vanilla-ce-large-large-aws,1,ip-172-31-19-161,ranking,benchANT
2026-08-12 11:24:20+00:00,mem,dirty,5021696.0,dbms,08-2026,couchbase-802-vanilla-ce-large-large-aws,1,ip-172-31-19-161,ranking,benchANT
2026-08-12 11:24:30+00:00,mem,dirty,7225344.0,dbms,08-2026,couchbase-802-vanilla-ce-large-large-aws,1,ip-172-31-19-161,ranking,benchANT
2026-08-12 11:24:40+00:00,mem,dirty,7278592.0,dbms,08-2026,couchbase-802-vanilla-ce-large-large-aws,1,ip-172-31-19-161,ranking,benchANT
2026-08-12 11:24:50+00:00,mem,dirty,7213056.0,dbms,08-2026,couchbase-802-vanilla-ce-large-large-aws,1,ip-172-31-19-161,ranking,benchANT
2026-08-12 11:25:00+00:00,mem,dirty,4988928.0,dbms,08-2026,couchbase-802-vanilla-ce-large-large-aws,1,ip-172-31-19-161,ranking,benchANT
2026-08-12 11:25:10+00:00,mem,dirty,7450624.0,dbms,08-2026,couchbase-802-vanilla-ce-large-large-aws,1,ip-172-31-19-161,ranking,benchANT
2026-08-12 11:25:20+00:00,mem,dirty,7479296.0,dbms,08-2026,couchbase-802-vanilla-ce-large-large-aws,1,ip-172-31-19-161,ranking,benchANT
2026-08-12 11:25:30+00:00,mem,dirty,7446528.0,dbms,08-2026,couchbase-802-vanilla-ce-large-large-aws,1,ip-172-31-19-161,ranking,benchANT
2026-08-12 11:25:40+00:00,mem,dirty,5038080.0,dbms,08-2026,couchbase-802-vanilla-ce-large-large-aws,1,ip-172-31-19-161,ranking,benchANT
2026-08-12 11:25:50+00:00,mem,dirty,5025792.0,dbms,08-2026,couchbase-802-vanilla-ce-large-large-aws,1,ip-172-31-19-161,ranking,benchANT
2026-08-12 11:26:00+00:00,mem,dirty,5029888.0,dbms,08-2026,couchbase-802-vanilla-ce-large-large-aws,1,ip-172-31-19-161,ranking,benchANT
2026-08-12 11:26:10+00:00,mem,dirty,5046272.0,dbms,08-2026,couchbase-802-vanilla-ce-large-large-aws,1,ip-172-31-19-161,ranking,benchANT
2026-08-12 11:26:20+00:00,mem,dirty,5054464.0,dbms,08-2026,couchbase-802-vanilla-ce-large-large-aws,1,ip-172-31-19-161,ranking,benchANT
2026-08-12 11:26:30+00:00,mem,dirty,5079040.0,dbms,08-2026,couchbase-802-vanilla-ce-large-large-aws,1,ip-172-31-19-161,ranking,benchANT
2026-08-12 11:26:40+00:00,mem,dirty,5230592.0,dbms,08-2026,couchbase-802-vanilla-ce-large-large-aws,1,ip-172-31-19-161,ranking,benchANT
2026-08-12 11:26:50+00:00,mem,dirty,5279744.0,dbms,08-2026,couchbase-802-vanilla-ce-large-large-aws,1,ip-172-31-19-161,ranking,benchANT
2026-08-12 11:27:00+00:00,mem,dirty,5283840.0,dbms,08-2026,couchbase-802-vanilla-ce-large-large-aws,1,ip-172-31-19-161,ranking,benchANT
2026-08-12 11:27:10+00:00,mem,dirty,5300224.0,dbms,08-2026,couchbase-802-vanilla-ce-large-large-aws,1,ip-172-31-19-161,ranking,benchANT
2026-08-12 11:27:20+00:00,mem,dirty,5210112.0,dbms,08-2026,couchbase-802-vanilla-ce-large-large-aws,1,ip-172-31-19-161,ranking,benchANT
2026-08-12 11:27:30+00:00,mem,dirty,5046272.0,dbms,08-2026,couchbase-802-vanilla-ce-large-large-aws,1,ip-172-31-19-161,ranking,benchANT
2026-08-12 11:27:40+00:00,mem,dirty,5013504.0,dbms,08-2026,couchbase-802-vanilla-ce-large-large-aws,1,ip-172-31-19-161,ranking,benchANT
2026-08-12 11:27:50+00:00,mem,dirty,4841472.0,dbms,08-2026,couchbase-802-vanilla-ce-large-large-aws,1,ip-172-31-19-161,ranking,benchANT
2026-08-12 11:28:00+00:00,mem,dirty,4972544.0,dbms,08-2026,couchbase-802-vanilla-ce-large-large-aws,1,ip-172-31-19-161,ranking,benchANT
2026-08-12 11:28:10+00:00,mem,dirty,3665920.0,dbms,08-2026,couchbase-802-vanilla-ce-large-large-aws,1,ip-172-31-19-161,ranking,benchANT
2026-08-12 11:28:20+00:00,mem,dirty,5079040.0,dbms,08-2026,couchbase-802-vanilla-ce-large-large-aws,1,ip-172-31-19-161,ranking,benchANT
2026-08-12 11:28:30+00:00,mem,dirty,5013504.0,dbms,08-2026,couchbase-802-vanilla-ce-large-large-aws,1,ip-172-31-19-161,ranking,benchANT
2026-08-12 11:28:40+00:00,mem,dirty,2142208.0,dbms,08-2026,couchbase-802-vanilla-ce-large-large-aws,1,ip-172-31-19-161,ranking,benchANT
2026-08-12 11:28:50+00:00,mem,dirty,5074944.0,dbms,08-2026,couchbase-802-vanilla-ce-large-large-aws,1,ip-172-31-19-161,ranking,benchANT
2026-08-12 11:29:00+00:00,mem,dirty,5025792.0,dbms,08-2026,couchbase-802-vanilla-ce-large-large-aws,1,ip-172-31-19-161,ranking,benchANT
2026-08-12 11:29:10+00:00,mem,dirty,4997120.0,dbms,08-2026,couchbase-802-vanilla-ce-large-large-aws,1,ip-172-31-19-161,ranking,benchANT
2026-08-12 11:29:20+00:00,mem,dirty,5042176.0,dbms,08-2026,couchbase-802-vanilla-ce-large-large-aws,1,ip-172-31-19-161,ranking,benchANT
2026-08-12 11:29:30+00:00,mem,dirty,5062656.0,dbms,08-2026,couchbase-802-vanilla-ce-large-large-aws,1,ip-172-31-19-161,ranking,benchANT
2026-08-12 11:29:40+00:00,mem,dirty,5033984.0,dbms,08-2026,couchbase-802-vanilla-ce-large-large-aws,1,ip-172-31-19-161,ranking,benchANT
2026-08-12 11:29:50+00:00,mem,dirty,73728.0,dbms,08-2026,couchbase-802-vanilla-ce-large-large-aws,1,ip-172-31-19-161,ranking,benchANT
2026-08-12 11:20:00+00:00,mem,free,21304750080.0,dbms,08-2026,couchbase-802-vanilla-ce-large-large-aws,1,ip-172-31-19-161,ranking,benchANT
2026-08-12 11:20:10+00:00,mem,free,21305626624.0,dbms,08-2026,couchbase-802-vanilla-ce-large-large-aws,1,ip-172-31-19-161,ranking,benchANT
2026-08-12 11:20:20+00:00,mem,free,21307772928.0,dbms,08-2026,couchbase-802-vanilla-ce-large-large-aws,1,ip-172-31-19-161,ranking,benchANT
2026-08-12 11:20:30+00:00,mem,free,21311139840.0,dbms,08-2026,couchbase-802-vanilla-ce-large-large-aws,1,ip-172-31-19-161,ranking,benchANT
2026-08-12 11:20:40+00:00,mem,free,21309730816.0,dbms,08-2026,couchbase-802-vanilla-ce-large-large-aws,1,ip-172-31-19-161,ranking,benchANT
2026-08-12 11:20:50+00:00,mem,free,21310279680.0,dbms,08-2026,couchbase-802-vanilla-ce-large-large-aws,1,ip-172-31-19-161,ranking,benchANT
2026-08-12 11:21:00+00:00,mem,free,21304324096.0,dbms,08-2026,couchbase-802-vanilla-ce-large-large-aws,1,ip-172-31-19-161,ranking,benchANT
2026-08-12 11:21:10+00:00,mem,free,21266030592.0,dbms,08-2026,couchbase-802-vanilla-ce-large-large-aws,1,ip-172-31-19-161,ranking,benchANT
2026-08-12 11:21:20+00:00,mem,free,21166247936.0,dbms,08-2026,couchbase-802-vanilla-ce-large-large-aws,1,ip-172-31-19-161,ranking,benchANT
2026-08-12 11:21:30+00:00,mem,free,20819218432.0,dbms,08-2026,couchbase-802-vanilla-ce-large-large-aws,1,ip-172-31-19-161,ranking,benchANT
2026-08-12 11:21:40+00:00,mem,free,19821002752.0,dbms,08-2026,couchbase-802-vanilla-ce-large-large-aws,1,ip-172-31-19-161,ranking,benchANT
2026-08-12 11:21:50+00:00,mem,free,18877972480.0,dbms,08-2026,couchbase-802-vanilla-ce-large-large-aws,1,ip-172-31-19-161,ranking,benchANT
2026-08-12 11:22:00+00:00,mem,free,17885249536.0,dbms,08-2026,couchbase-802-vanilla-ce-large-large-aws,1,ip-172-31-19-161,ranking,benchANT
2026-08-12 11:22:10+00:00,mem,free,16968986624.0,dbms,08-2026,couchbase-802-vanilla-ce-large-large-aws,1,ip-172-31-19-161,ranking,benchANT
2026-08-12 11:22:20+00:00,mem,free,16063098880.0,dbms,08-2026,couchbase-802-vanilla-ce-large-large-aws,1,ip-172-31-19-161,ranking,benchANT
2026-08-12 11:22:30+00:00,mem,free,15079292928.0,dbms,08-2026,couchbase-802-vanilla-ce-large-large-aws,1,ip-172-31-19-161,ranking,benchANT
2026-08-12 11:22:40+00:00,mem,free,14184280064.0,dbms,08-2026,couchbase-802-vanilla-ce-large-large-aws,1,ip-172-31-19-161,ranking,benchANT
2026-08-12 11:22:50+00:00,mem,free,13242695680.0,dbms,08-2026,couchbase-802-vanilla-ce-large-large-aws,1,ip-172-31-19-161,ranking,benchANT
2026-08-12 11:23:00+00:00,mem,free,12295180288.0,dbms,08-2026,couchbase-802-vanilla-ce-large-large-aws,1,ip-172-31-19-161,ranking,benchANT
2026-08-12 11:23:10+00:00,mem,free,11380142080.0,dbms,08-2026,couchbase-802-vanilla-ce-large-large-aws,1,ip-172-31-19-161,ranking,benchANT
2026-08-12 11:23:20+00:00,mem,free,10391633920.0,dbms,08-2026,couchbase-802-vanilla-ce-large-large-aws,1,ip-172-31-19-161,ranking,benchANT
2026-08-12 11:23:30+00:00,mem,free,9498312704.0,dbms,08-2026,couchbase-802-vanilla-ce-large-large-aws,1,ip-172-31-19-161,ranking,benchANT
2026-08-12 11:23:40+00:00,mem,free,8565268480.0,dbms,08-2026,couchbase-802-vanilla-ce-large-large-aws,1,ip-172-31-19-161,ranking,benchANT
2026-08-12 11:23:50+00:00,mem,free,7569223680.0,dbms,08-2026,couchbase-802-vanilla-ce-large-large-aws,1,ip-172-31-19-161,ranking,benchANT
2026-08-12 11:24:00+00:00,mem,free,6581350400.0,dbms,08-2026,couchbase-802-vanilla-ce-large-large-aws,1,ip-172-31-19-161,ranking,benchANT
2026-08-12 11:24:10+00:00,mem,free,5668425728.0,dbms,08-2026,couchbase-802-vanilla-ce-large-large-aws,1,ip-172-31-19-161,ranking,benchANT
2026-08-12 11:24:20+00:00,mem,free,4686118912.0,dbms,08-2026,couchbase-802-vanilla-ce-large-large-aws,1,ip-172-31-19-161,ranking,benchANT
2026-08-12 11:24:30+00:00,mem,free,3798028288.0,dbms,08-2026,couchbase-802-vanilla-ce-large-large-aws,1,ip-172-31-19-161,ranking,benchANT
2026-08-12 11:24:40+00:00,mem,free,2794450944.0,dbms,08-2026,couchbase-802-vanilla-ce-large-large-aws,1,ip-172-31-19-161,ranking,benchANT
2026-08-12 11:24:50+00:00,mem,free,2289328128.0,dbms,08-2026,couchbase-802-vanilla-ce-large-large-aws,1,ip-172-31-19-161,ranking,benchANT
2026-08-12 11:25:00+00:00,mem,free,1823326208.0,dbms,08-2026,couchbase-802-vanilla-ce-large-large-aws,1,ip-172-31-19-161,ranking,benchANT
2026-08-12 11:25:10+00:00,mem,free,1374683136.0,dbms,08-2026,couchbase-802-vanilla-ce-large-large-aws,1,ip-172-31-19-161,ranking,benchANT
2026-08-12 11:25:20+00:00,mem,free,968142848.0,dbms,08-2026,couchbase-802-vanilla-ce-large-large-aws,1,ip-172-31-19-161,ranking,benchANT
2026-08-12 11:25:30+00:00,mem,free,628473856.0,dbms,08-2026,couchbase-802-vanilla-ce-large-large-aws,1,ip-172-31-19-161,ranking,benchANT
2026-08-12 11:25:40+00:00,mem,free,335622144.0,dbms,08-2026,couchbase-802-vanilla-ce-large-large-aws,1,ip-172-31-19-161,ranking,benchANT
2026-08-12 11:25:50+00:00,mem,free,780345344.0,dbms,08-2026,couchbase-802-vanilla-ce-large-large-aws,1,ip-172-31-19-161,ranking,benchANT
2026-08-12 11:26:00+00:00,mem,free,438239232.0,dbms,08-2026,couchbase-802-vanilla-ce-large-large-aws,1,ip-172-31-19-161,ranking,benchANT
2026-08-12 11:26:10+00:00,mem,free,305004544.0,dbms,08-2026,couchbase-802-vanilla-ce-large-large-aws,1,ip-172-31-19-161,ranking,benchANT
2026-08-12 11:26:20+00:00,mem,free,332029952.0,dbms,08-2026,couchbase-802-vanilla-ce-large-large-aws,1,ip-172-31-19-161,ranking,benchANT
2026-08-12 11:26:30+00:00,mem,free,340467712.0,dbms,08-2026,couchbase-802-vanilla-ce-large-large-aws,1,ip-172-31-19-161,ranking,benchANT
2026-08-12 11:26:40+00:00,mem,free,292134912.0,dbms,08-2026,couchbase-802-vanilla-ce-large-large-aws,1,ip-172-31-19-161,ranking,benchANT
2026-08-12 11:26:50+00:00,mem,free,262397952.0,dbms,08-2026,couchbase-802-vanilla-ce-large-large-aws,1,ip-172-31-19-161,ranking,benchANT
2026-08-12 11:27:00+00:00,mem,free,249909248.0,dbms,08-2026,couchbase-802-vanilla-ce-large-large-aws,1,ip-172-31-19-161,ranking,benchANT
2026-08-12 11:27:10+00:00,mem,free,347951104.0,dbms,08-2026,couchbase-802-vanilla-ce-large-large-aws,1,ip-172-31-19-161,ranking,benchANT
2026-08-12 11:27:20+00:00,mem,free,388616192.0,dbms,08-2026,couchbase-802-vanilla-ce-large-large-aws,1,ip-172-31-19-161,ranking,benchANT
2026-08-12 11:27:30+00:00,mem,free,377638912.0,dbms,08-2026,couchbase-802-vanilla-ce-large-large-aws,1,ip-172-31-19-161,ranking,benchANT
2026-08-12 11:27:40+00:00,mem,free,264093696.0,dbms,08-2026,couchbase-802-vanilla-ce-large-large-aws,1,ip-172-31-19-161,ranking,benchANT
2026-08-12 11:27:50+00:00,mem,free,347832320.0,dbms,08-2026,couchbase-802-vanilla-ce-large-large-aws,1,ip-172-31-19-161,ranking,benchANT
2026-08-12 11:28:00+00:00,mem,free,308756480.0,dbms,08-2026,couchbase-802-vanilla-ce-large-large-aws,1,ip-172-31-19-161,ranking,benchANT
2026-08-12 11:28:10+00:00,mem,free,358789120.0,dbms,08-2026,couchbase-802-vanilla-ce-large-large-aws,1,ip-172-31-19-161,ranking,benchANT
2026-08-12 11:28:20+00:00,mem,free,322781184.0,dbms,08-2026,couchbase-802-vanilla-ce-large-large-aws,1,ip-172-31-19-161,ranking,benchANT
2026-08-12 11:28:30+00:00,mem,free,251158528.0,dbms,08-2026,couchbase-802-vanilla-ce-large-large-aws,1,ip-172-31-19-161,ranking,benchANT
2026-08-12 11:28:40+00:00,mem,free,355815424.0,dbms,08-2026,couchbase-802-vanilla-ce-large-large-aws,1,ip-172-31-19-161,ranking,benchANT
2026-08-12 11:28:50+00:00,mem,free,318902272.0,dbms,08-2026,couchbase-802-vanilla-ce-large-large-aws,1,ip-172-31-19-161,ranking,benchANT
2026-08-12 11:29:00+00:00,mem,free,268738560.0,dbms,08-2026,couchbase-802-vanilla-ce-large-large-aws,1,ip-172-31-19-161,ranking,benchANT
2026-08-12 11:29:10+00:00,mem,free,393838592.0,dbms,08-2026,couchbase-802-vanilla-ce-large-large-aws,1,ip-172-31-19-161,ranking,benchANT
2026-08-12 11:29:20+00:00,mem,free,347594752.0,dbms,08-2026,couchbase-802-vanilla-ce-large-large-aws,1,ip-172-31-19-161,ranking,benchANT
2026-08-12 11:29:30+00:00,mem,free,288571392.0,dbms,08-2026,couchbase-802-vanilla-ce-large-large-aws,1,ip-172-31-19-161,ranking,benchANT
2026-08-12 11:29:40+00:00,mem,free,272539648.0,dbms,08-2026,couchbase-802-vanilla-ce-large-large-aws,1,ip-172-31-19-161,ranking,benchANT
2026-08-12 11:29:50+00:00,mem,free,265670656.0,dbms,08-2026,couchbase-802-vanilla-ce-large-large-aws,1,ip-172-31-19-161,ranking,benchANT
2026-08-12 11:20:00+00:00,mem,high_free,0.0,dbms,08-2026,couchbase-802-vanilla-ce-large-large-aws,1,ip-172-31-19-161,ranking,benchANT
2026-08-12 11:20:10+00:00,mem,high_free,0.0,dbms,08-2026,couchbase-802-vanilla-ce-large-large-aws,1,ip-172-31-19-161,ranking,benchANT
2026-08-12 11:20:20+00:00,mem,high_free,0.0,dbms,08-2026,couchbase-802-vanilla-ce-large-large-aws,1,ip-172-31-19-161,ranking,benchANT
2026-08-12 11:20:30+00:00,mem,high_free,0.0,dbms,08-2026,couchbase-802-vanilla-ce-large-large-aws,1,ip-172-31-19-161,ranking,benchANT
2026-08-12 11:20:40+00:00,mem,high_free,0.0,dbms,08-2026,couchbase-802-vanilla-ce-large-large-aws,1,ip-172-31-19-161,ranking,benchANT
2026-08-12 11:20:50+00:00,mem,high_free,0.0,dbms,08-2026,couchbase-802-vanilla-ce-large-large-aws,1,ip-172-31-19-161,ranking,benchANT
2026-08-12 11:21:00+00:00,mem,high_free,0.0,dbms,08-2026,couchbase-802-vanilla-ce-large-large-aws,1,ip-172-31-19-161,ranking,benchANT
2026-08-12 11:21:10+00:00,mem,high_free,0.0,dbms,08-2026,couchbase-802-vanilla-ce-large-large-aws,1,ip-172-31-19-161,ranking,benchANT
2026-08-12 11:21:20+00:00,mem,high_free,0.0,dbms,08-2026,couchbase-802-vanilla-ce-large-large-aws,1,ip-172-31-19-161,ranking,benchANT
2026-08-12 11:21:30+00:00,mem,high_free,0.0,dbms,08-2026,couchbase-802-vanilla-ce-large-large-aws,1,ip-172-31-19-161,ranking,benchANT
2026-08-12 11:21:40+00:00,mem,high_free,0.0,dbms,08-2026,couchbase-802-vanilla-ce-large-large-aws,1,ip-172-31-19-161,ranking,benchANT
2026-08-12 11:21:50+00:00,mem,high_free,0.0,dbms,08-2026,couchbase-802-vanilla-ce-large-large-aws,1,ip-172-31-19-161,ranking,benchANT
2026-08-12 11:22:00+00:00,mem,high_free,0.0,dbms,08-2026,couchbase-802-vanilla-ce-large-large-aws,1,ip-172-31-19-161,ranking,benchANT
2026-08-12 11:22:10+00:00,mem,high_free,0.0,dbms,08-2026,couchbase-802-vanilla-ce-large-large-aws,1,ip-172-31-19-161,ranking,benchANT
2026-08-12 11:22:20+00:00,mem,high_free,0.0,dbms,08-2026,couchbase-802-vanilla-ce-large-large-aws,1,ip-172-31-19-161,ranking,benchANT
2026-08-12 11:22:30+00:00,mem,high_free,0.0,dbms,08-2026,couchbase-802-vanilla-ce-large-large-aws,1,ip-172-31-19-161,ranking,benchANT
2026-08-12 11:22:40+00:00,mem,high_free,0.0,dbms,08-2026,couchbase-802-vanilla-ce-large-large-aws,1,ip-172-31-19-161,ranking,benchANT
2026-08-12 11:22:50+00:00,mem,high_free,0.0,dbms,08-2026,couchbase-802-vanilla-ce-large-large-aws,1,ip-172-31-19-161,ranking,benchANT
2026-08-12 11:23:00+00:00,mem,high_free,0.0,dbms,08-2026,couchbase-802-vanilla-ce-large-large-aws,1,ip-172-31-19-161,ranking,benchANT
2026-08-12 11:23:10+00:00,mem,high_free,0.0,dbms,08-2026,couchbase-802-vanilla-ce-large-large-aws,1,ip-172-31-19-161,ranking,benchANT
2026-08-12 11:23:20+00:00,mem,high_free,0.0,dbms,08-2026,couchbase-802-vanilla-ce-large-large-aws,1,ip-172-31-19-161,ranking,benchANT
2026-08-12 11:23:30+00:00,mem,high_free,0.0,dbms,08-2026,couchbase-802-vanilla-ce-large-large-aws,1,ip-172-31-19-161,ranking,benchANT
2026-08-12 11:23:40+00:00,mem,high_free,0.0,dbms,08-2026,couchbase-802-vanilla-ce-large-large-aws,1,ip-172-31-19-161,ranking,benchANT
2026-08-12 11:23:50+00:00,mem,high_free,0.0,dbms,08-2026,couchbase-802-vanilla-ce-large-large-aws,1,ip-172-31-19-161,ranking,benchANT
2026-08-12 11:24:00+00:00,mem,high_free,0.0,dbms,08-2026,couchbase-802-vanilla-ce-large-large-aws,1,ip-172-31-19-161,ranking,benchANT
2026-08-12 11:24:10+00:00,mem,high_free,0.0,dbms,08-2026,couchbase-802-vanilla-ce-large-large-aws,1,ip-172-31-19-161,ranking,benchANT
2026-08-12 11:24:20+00:00,mem,high_free,0.0,dbms,08-2026,couchbase-802-vanilla-ce-large-large-aws,1,ip-172-31-19-161,ranking,benchANT
2026-08-12 11:24:30+00:00,mem,high_free,0.0,dbms,08-2026,couchbase-802-vanilla-ce-large-large-aws,1,ip-172-31-19-161,ranking,benchANT
2026-08-12 11:24:40+00:00,mem,high_free,0.0,dbms,08-2026,couchbase-802-vanilla-ce-large-large-aws,1,ip-172-31-19-161,ranking,benchANT
2026-08-12 11:24:50+00:00,mem,high_free,0.0,dbms,08-2026,couchbase-802-vanilla-ce-large-large-aws,1,ip-172-31-19-161,ranking,benchANT
2026-08-12 11:25:00+00:00,mem,high_free,0.0,dbms,08-2026,couchbase-802-vanilla-ce-large-large-aws,1,ip-172-31-19-161,ranking,benchANT
2026-08-12 11:25:10+00:00,mem,high_free,0.0,dbms,08-2026,couchbase-802-vanilla-ce-large-large-aws,1,ip-172-31-19-161,ranking,benchANT
2026-08-12 11:25:20+00:00,mem,high_free,0.0,dbms,08-2026,couchbase-802-vanilla-ce-large-large-aws,1,ip-172-31-19-161,ranking,benchANT
2026-08-12 11:25:30+00:00,mem,high_free,0.0,dbms,08-2026,couchbase-802-vanilla-ce-large-large-aws,1,ip-172-31-19-161,ranking,benchANT
2026-08-12 11:25:40+00:00,mem,high_free,0.0,dbms,08-2026,couchbase-802-vanilla-ce-large-large-aws,1,ip-172-31-19-161,ranking,benchANT
2026-08-12 11:25:50+00:00,mem,high_free,0.0,dbms,08-2026,couchbase-802-vanilla-ce-large-large-aws,1,ip-172-31-19-161,ranking,benchANT
2026-08-12 11:26:00+00:00,mem,high_free,0.0,dbms,08-2026,couchbase-802-vanilla-ce-large-large-aws,1,ip-172-31-19-161,ranking,benchANT
2026-08-12 11:26:10+00:00,mem,high_free,0.0,dbms,08-2026,couchbase-802-vanilla-ce-large-large-aws,1,ip-172-31-19-161,ranking,benchANT
2026-08-12 11:26:20+00:00,mem,high_free,0.0,dbms,08-2026,couchbase-802-vanilla-ce-large-large-aws,1,ip-172-31-19-161,ranking,benchANT
2026-08-12 11:26:30+00:00,mem,high_free,0.0,dbms,08-2026,couchbase-802-vanilla-ce-large-large-aws,1,ip-172-31-19-161,ranking,benchANT
2026-08-12 11:26:40+00:00,mem,high_free,0.0,dbms,08-2026,couchbase-802-vanilla-ce-large-large-aws,1,ip-172-31-19-161,ranking,benchANT
2026-08-12 11:26:50+00:00,mem,high_free,0.0,dbms,08-2026,couchbase-802-vanilla-ce-large-large-aws,1,ip-172-31-19-161,ranking,benchANT
2026-08-12 11:27:00+00:00,mem,high_free,0.0,dbms,08-2026,couchbase-802-vanilla-ce-large-large-aws,1,ip-172-31-19-161,ranking,benchANT
2026-08-12 11:27:10+00:00,mem,high_free,0.0,dbms,08-2026,couchbase-802-vanilla-ce-large-large-aws,1,ip-172-31-19-161,ranking,benchANT
2026-08-12 11:27:20+00:00,mem,high_free,0.0,dbms,08-2026,couchbase-802-vanilla-ce-large-large-aws,1,ip-172-31-19-161,ranking,benchANT
2026-08-12 11:27:30+00:00,mem,high_free,0.0,dbms,08-2026,couchbase-802-vanilla-ce-large-large-aws,1,ip-172-31-19-161,ranking,benchANT
2026-08-12 11:27:40+00:00,mem,high_free,0.0,dbms,08-2026,couchbase-802-vanilla-ce-large-large-aws,1,ip-172-31-19-161,ranking,benchANT
2026-08-12 11:27:50+00:00,mem,high_free,0.0,dbms,08-2026,couchbase-802-vanilla-ce-large-large-aws,1,ip-172-31-19-161,ranking,benchANT
2026-08-12 11:28:00+00:00,mem,high_free,0.0,dbms,08-2026,couchbase-802-vanilla-ce-large-large-aws,1,ip-172-31-19-161,ranking,benchANT
2026-08-12 11:28:10+00:00,mem,high_free,0.0,dbms,08-2026,couchbase-802-vanilla-ce-large-large-aws,1,ip-172-31-19-161,ranking,benchANT
2026-08-12 11:28:20+00:00,mem,high_free,0.0,dbms,08-2026,couchbase-802-vanilla-ce-large-large-aws,1,ip-172-31-19-161,ranking,benchANT
2026-08-12 11:28:30+00:00,mem,high_free,0.0,dbms,08-2026,couchbase-802-vanilla-ce-large-large-aws,1,ip-172-31-19-161,ranking,benchANT
2026-08-12 11:28:40+00:00,mem,high_free,0.0,dbms,08-2026,couchbase-802-vanilla-ce-large-large-aws,1,ip-172-31-19-161,ranking,benchANT
2026-08-12 11:28:50+00:00,mem,high_free,0.0,dbms,08-2026,couchbase-802-vanilla-ce-large-large-aws,1,ip-172-31-19-161,ranking,benchANT
2026-08-12 11:29:00+00:00,mem,high_free,0.0,dbms,08-2026,couchbase-802-vanilla-ce-large-large-aws,1,ip-172-31-19-161,ranking,benchANT
2026-08-12 11:29:10+00:00,mem,high_free,0.0,dbms,08-2026,couchbase-802-vanilla-ce-large-large-aws,1,ip-172-31-19-161,ranking,benchANT
2026-08-12 11:29:20+00:00,mem,high_free,0.0,dbms,08-2026,couchbase-802-vanilla-ce-large-large-aws,1,ip-172-31-19-161,ranking,benchANT
2026-08-12 11:29:30+00:00,mem,high_free,0.0,dbms,08-2026,couchbase-802-vanilla-ce-large-large-aws,1,ip-172-31-19-161,ranking,benchANT
2026-08-12 11:29:40+00:00,mem,high_free,0.0,dbms,08-2026,couchbase-802-vanilla-ce-large-large-aws,1,ip-172-31-19-161,ranking,benchANT
2026-08-12 11:29:50+00:00,mem,high_free,0.0,dbms,08-2026,couchbase-802-vanilla-ce-large-large-aws,1,ip-172-31-19-161,ranking,benchANT
2026-08-12 11:20:00+00:00,mem,high_total,0.0,dbms,08-2026,couchbase-802-vanilla-ce-large-large-aws,1,ip-172-31-19-161,ranking,benchANT
2026-08-12 11:20:10+00:00,mem,high_total,0.0,dbms,08-2026,couchbase-802-vanilla-ce-large-large-aws,1,ip-172-31-19-161,ranking,benchANT
2026-08-12 11:20:20+00:00,mem,high_total,0.0,dbms,08-2026,couchbase-802-vanilla-ce-large-large-aws,1,ip-172-31-19-161,ranking,benchANT
2026-08-12 11:20:30+00:00,mem,high_total,0.0,dbms,08-2026,couchbase-802-vanilla-ce-large-large-aws,1,ip-172-31-19-161,ranking,benchANT
2026-08-12 11:20:40+00:00,mem,high_total,0.0,dbms,08-2026,couchbase-802-vanilla-ce-large-large-aws,1,ip-172-31-19-161,ranking,benchANT
2026-08-12 11:20:50+00:00,mem,high_total,0.0,dbms,08-2026,couchbase-802-vanilla-ce-large-large-aws,1,ip-172-31-19-161,ranking,benchANT
2026-08-12 11:21:00+00:00,mem,high_total,0.0,dbms,08-2026,couchbase-802-vanilla-ce-large-large-aws,1,ip-172-31-19-161,ranking,benchANT
2026-08-12 11:21:10+00:00,mem,high_total,0.0,dbms,08-2026,couchbase-802-vanilla-ce-large-large-aws,1,ip-172-31-19-161,ranking,benchANT
2026-08-12 11:21:20+00:00,mem,high_total,0.0,dbms,08-2026,couchbase-802-vanilla-ce-large-large-aws,1,ip-172-31-19-161,ranking,benchANT
2026-08-12 11:21:30+00:00,mem,high_total,0.0,dbms,08-2026,couchbase-802-vanilla-ce-large-large-aws,1,ip-172-31-19-161,ranking,benchANT
2026-08-12 11:21:40+00:00,mem,high_total,0.0,dbms,08-2026,couchbase-802-vanilla-ce-large-large-aws,1,ip-172-31-19-161,ranking,benchANT
2026-08-12 11:21:50+00:00,mem,high_total,0.0,dbms,08-2026,couchbase-802-vanilla-ce-large-large-aws,1,ip-172-31-19-161,ranking,benchANT
2026-08-12 11:22:00+00:00,mem,high_total,0.0,dbms,08-2026,couchbase-802-vanilla-ce-large-large-aws,1,ip-172-31-19-161,ranking,benchANT
2026-08-12 11:22:10+00:00,mem,high_total,0.0,dbms,08-2026,couchbase-802-vanilla-ce-large-large-aws,1,ip-172-31-19-161,ranking,benchANT
2026-08-12 11:22:20+00:00,mem,high_total,0.0,dbms,08-2026,couchbase-802-vanilla-ce-large-large-aws,1,ip-172-31-19-161,ranking,benchANT
2026-08-12 11:22:30+00:00,mem,high_total,0.0,dbms,08-2026,couchbase-802-vanilla-ce-large-large-aws,1,ip-172-31-19-161,ranking,benchANT
2026-08-12 11:22:40+00:00,mem,high_total,0.0,dbms,08-2026,couchbase-802-vanilla-ce-large-large-aws,1,ip-172-31-19-161,ranking,benchANT
2026-08-12 11:22:50+00:00,mem,high_total,0.0,dbms,08-2026,couchbase-802-vanilla-ce-large-large-aws,1,ip-172-31-19-161,ranking,benchANT
2026-08-12 11:23:00+00:00,mem,high_total,0.0,dbms,08-2026,couchbase-802-vanilla-ce-large-large-aws,1,ip-172-31-19-161,ranking,benchANT
2026-08-12 11:23:10+00:00,mem,high_total,0.0,dbms,08-2026,couchbase-802-vanilla-ce-large-large-aws,1,ip-172-31-19-161,ranking,benchANT
2026-08-12 11:23:20+00:00,mem,high_total,0.0,dbms,08-2026,couchbase-802-vanilla-ce-large-large-aws,1,ip-172-31-19-161,ranking,benchANT
2026-08-12 11:23:30+00:00,mem,high_total,0.0,dbms,08-2026,couchbase-802-vanilla-ce-large-large-aws,1,ip-172-31-19-161,ranking,benchANT
2026-08-12 11:23:40+00:00,mem,high_total,0.0,dbms,08-2026,couchbase-802-vanilla-ce-large-large-aws,1,ip-172-31-19-161,ranking,benchANT
2026-08-12 11:23:50+00:00,mem,high_total,0.0,dbms,08-2026,couchbase-802-vanilla-ce-large-large-aws,1,ip-172-31-19-161,ranking,benchANT
2026-08-12 11:24:00+00:00,mem,high_total,0.0,dbms,08-2026,couchbase-802-vanilla-ce-large-large-aws,1,ip-172-31-19-161,ranking,benchANT
2026-08-12 11:24:10+00:00,mem,high_total,0.0,dbms,08-2026,couchbase-802-vanilla-ce-large-large-aws,1,ip-172-31-19-161,ranking,benchANT
2026-08-12 11:24:20+00:00,mem,high_total,0.0,dbms,08-2026,couchbase-802-vanilla-ce-large-large-aws,1,ip-172-31-19-161,ranking,benchANT
2026-08-12 11:24:30+00:00,mem,high_total,0.0,dbms,08-2026,couchbase-802-vanilla-ce-large-large-aws,1,ip-172-31-19-161,ranking,benchANT
2026-08-12 11:24:40+00:00,mem,high_total,0.0,dbms,08-2026,couchbase-802-vanilla-ce-large-large-aws,1,ip-172-31-19-161,ranking,benchANT
2026-08-12 11:24:50+00:00,mem,high_total,0.0,dbms,08-2026,couchbase-802-vanilla-ce-large-large-aws,1,ip-172-31-19-161,ranking,benchANT
2026-08-12 11:25:00+00:00,mem,high_total,0.0,dbms,08-2026,couchbase-802-vanilla-ce-large-large-aws,1,ip-172-31-19-161,ranking,benchANT
2026-08-12 11:25:10+00:00,mem,high_total,0.0,dbms,08-2026,couchbase-802-vanilla-ce-large-large-aws,1,ip-172-31-19-161,ranking,benchANT
2026-08-12 11:25:20+00:00,mem,high_total,0.0,dbms,08-2026,couchbase-802-vanilla-ce-large-large-aws,1,ip-172-31-19-161,ranking,benchANT
2026-08-12 11:25:30+00:00,mem,high_total,0.0,dbms,08-2026,couchbase-802-vanilla-ce-large-large-aws,1,ip-172-31-19-161,ranking,benchANT
2026-08-12 11:25:40+00:00,mem,high_total,0.0,dbms,08-2026,couchbase-802-vanilla-ce-large-large-aws,1,ip-172-31-19-161,ranking,benchANT
2026-08-12 11:25:50+00:00,mem,high_total,0.0,dbms,08-2026,couchbase-802-vanilla-ce-large-large-aws,1,ip-172-31-19-161,ranking,benchANT
2026-08-12 11:26:00+00:00,mem,high_total,0.0,dbms,08-2026,couchbase-802-vanilla-ce-large-large-aws,1,ip-172-31-19-161,ranking,benchANT
2026-08-12 11:26:10+00:00,mem,high_total,0.0,dbms,08-2026,couchbase-802-vanilla-ce-large-large-aws,1,ip-172-31-19-161,ranking,benchANT
2026-08-12 11:26:20+00:00,mem,high_total,0.0,dbms,08-2026,couchbase-802-vanilla-ce-large-large-aws,1,ip-172-31-19-161,ranking,benchANT
2026-08-12 11:26:30+00:00,mem,high_total,0.0,dbms,08-2026,couchbase-802-vanilla-ce-large-large-aws,1,ip-172-31-19-161,ranking,benchANT
2026-08-12 11:26:40+00:00,mem,high_total,0.0,dbms,08-2026,couchbase-802-vanilla-ce-large-large-aws,1,ip-172-31-19-161,ranking,benchANT
2026-08-12 11:26:50+00:00,mem,high_total,0.0,dbms,08-2026,couchbase-802-vanilla-ce-large-large-aws,1,ip-172-31-19-161,ranking,benchANT
2026-08-12 11:27:00+00:00,mem,high_total,0.0,dbms,08-2026,couchbase-802-vanilla-ce-large-large-aws,1,ip-172-31-19-161,ranking,benchANT
2026-08-12 11:27:10+00:00,mem,high_total,0.0,dbms,08-2026,couchbase-802-vanilla-ce-large-large-aws,1,ip-172-31-19-161,ranking,benchANT
2026-08-12 11:27:20+00:00,mem,high_total,0.0,dbms,08-2026,couchbase-802-vanilla-ce-large-large-aws,1,ip-172-31-19-161,ranking,benchANT
2026-08-12 11:27:30+00:00,mem,high_total,0.0,dbms,08-2026,couchbase-802-vanilla-ce-large-large-aws,1,ip-172-31-19-161,ranking,benchANT
2026-08-12 11:27:40+00:00,mem,high_total,0.0,dbms,08-2026,couchbase-802-vanilla-ce-large-large-aws,1,ip-172-31-19-161,ranking,benchANT
2026-08-12 11:27:50+00:00,mem,high_total,0.0,dbms,08-2026,couchbase-802-vanilla-ce-large-large-aws,1,ip-172-31-19-161,ranking,benchANT
2026-08-12 11:28:00+00:00,mem,high_total,0.0,dbms,08-2026,couchbase-802-vanilla-ce-large-large-aws,1,ip-172-31-19-161,ranking,benchANT
2026-08-12 11:28:10+00:00,mem,high_total,0.0,dbms,08-2026,couchbase-802-vanilla-ce-large-large-aws,1,ip-172-31-19-161,ranking,benchANT
2026-08-12 11:28:20+00:00,mem,high_total,0.0,dbms,08-2026,couchbase-802-vanilla-ce-large-large-aws,1,ip-172-31-19-161,ranking,benchANT
2026-08-12 11:28:30+00:00,mem,high_total,0.0,dbms,08-2026,couchbase-802-vanilla-ce-large-large-aws,1,ip-172-31-19-161,ranking,benchANT
2026-08-12 11:28:40+00:00,mem,high_total,0.0,dbms,08-2026,couchbase-802-vanilla-ce-large-large-aws,1,ip-172-31-19-161,ranking,benchANT
2026-08-12 11:28:50+00:00,mem,high_total,0.0,dbms,08-2026,couchbase-802-vanilla-ce-large-large-aws,1,ip-172-31-19-161,ranking,benchANT
2026-08-12 11:29:00+00:00,mem,high_total,0.0,dbms,08-2026,couchbase-802-vanilla-ce-large-large-aws,1,ip-172-31-19-161,ranking,benchANT
2026-08-12 11:29:10+00:00,mem,high_total,0.0,dbms,08-2026,couchbase-802-vanilla-ce-large-large-aws,1,ip-172-31-19-161,ranking,benchANT
2026-08-12 11:29:20+00:00,mem,high_total,0.0,dbms,08-2026,couchbase-802-vanilla-ce-large-large-aws,1,ip-172-31-19-161,ranking,benchANT
2026-08-12 11:29:30+00:00,mem,high_total,0.0,dbms,08-2026,couchbase-802-vanilla-ce-large-large-aws,1,ip-172-31-19-161,ranking,benchANT
2026-08-12 11:29:40+00:00,mem,high_total,0.0,dbms,08-2026,couchbase-802-vanilla-ce-large-large-aws,1,ip-172-31-19-161,ranking,benchANT
2026-08-12 11:29:50+00:00,mem,high_total,0.0,dbms,08-2026,couchbase-802-vanilla-ce-large-large-aws,1,ip-172-31-19-161,ranking,benchANT
2026-08-12 11:20:00+00:00,mem,huge_page_size,2097152.0,dbms,08-2026,couchbase-802-vanilla-ce-large-large-aws,1,ip-172-31-19-161,ranking,benchANT
2026-08-12 11:20:10+00:00,mem,huge_page_size,2097152.0,dbms,08-2026,couchbase-802-vanilla-ce-large-large-aws,1,ip-172-31-19-161,ranking,benchANT
2026-08-12 11:20:20+00:00,mem,huge_page_size,2097152.0,dbms,08-2026,couchbase-802-vanilla-ce-large-large-aws,1,ip-172-31-19-161,ranking,benchANT
2026-08-12 11:20:30+00:00,mem,huge_page_size,2097152.0,dbms,08-2026,couchbase-802-vanilla-ce-large-large-aws,1,ip-172-31-19-161,ranking,benchANT
2026-08-12 11:20:40+00:00,mem,huge_page_size,2097152.0,dbms,08-2026,couchbase-802-vanilla-ce-large-large-aws,1,ip-172-31-19-161,ranking,benchANT
2026-08-12 11:20:50+00:00,mem,huge_page_size,2097152.0,dbms,08-2026,couchbase-802-vanilla-ce-large-large-aws,1,ip-172-31-19-161,ranking,benchANT
2026-08-12 11:21:00+00:00,mem,huge_page_size,2097152.0,dbms,08-2026,couchbase-802-vanilla-ce-large-large-aws,1,ip-172-31-19-161,ranking,benchANT
2026-08-12 11:21:10+00:00,mem,huge_page_size,2097152.0,dbms,08-2026,couchbase-802-vanilla-ce-large-large-aws,1,ip-172-31-19-161,ranking,benchANT
2026-08-12 11:21:20+00:00,mem,huge_page_size,2097152.0,dbms,08-2026,couchbase-802-vanilla-ce-large-large-aws,1,ip-172-31-19-161,ranking,benchANT
2026-08-12 11:21:30+00:00,mem,huge_page_size,2097152.0,dbms,08-2026,couchbase-802-vanilla-ce-large-large-aws,1,ip-172-31-19-161,ranking,benchANT
2026-08-12 11:21:40+00:00,mem,huge_page_size,2097152.0,dbms,08-2026,couchbase-802-vanilla-ce-large-large-aws,1,ip-172-31-19-161,ranking,benchANT
2026-08-12 11:21:50+00:00,mem,huge_page_size,2097152.0,dbms,08-2026,couchbase-802-vanilla-ce-large-large-aws,1,ip-172-31-19-161,ranking,benchANT
2026-08-12 11:22:00+00:00,mem,huge_page_size,2097152.0,dbms,08-2026,couchbase-802-vanilla-ce-large-large-aws,1,ip-172-31-19-161,ranking,benchANT
2026-08-12 11:22:10+00:00,mem,huge_page_size,2097152.0,dbms,08-2026,couchbase-802-vanilla-ce-large-large-aws,1,ip-172-31-19-161,ranking,benchANT
2026-08-12 11:22:20+00:00,mem,huge_page_size,2097152.0,dbms,08-2026,couchbase-802-vanilla-ce-large-large-aws,1,ip-172-31-19-161,ranking,benchANT
2026-08-12 11:22:30+00:00,mem,huge_page_size,2097152.0,dbms,08-2026,couchbase-802-vanilla-ce-large-large-aws,1,ip-172-31-19-161,ranking,benchANT
2026-08-12 11:22:40+00:00,mem,huge_page_size,2097152.0,dbms,08-2026,couchbase-802-vanilla-ce-large-large-aws,1,ip-172-31-19-161,ranking,benchANT
2026-08-12 11:22:50+00:00,mem,huge_page_size,2097152.0,dbms,08-2026,couchbase-802-vanilla-ce-large-large-aws,1,ip-172-31-19-161,ranking,benchANT
2026-08-12 11:23:00+00:00,mem,huge_page_size,2097152.0,dbms,08-2026,couchbase-802-vanilla-ce-large-large-aws,1,ip-172-31-19-161,ranking,benchANT
2026-08-12 11:23:10+00:00,mem,huge_page_size,2097152.0,dbms,08-2026,couchbase-802-vanilla-ce-large-large-aws,1,ip-172-31-19-161,ranking,benchANT
2026-08-12 11:23:20+00:00,mem,huge_page_size,2097152.0,dbms,08-2026,couchbase-802-vanilla-ce-large-large-aws,1,ip-172-31-19-161,ranking,benchANT
2026-08-12 11:23:30+00:00,mem,huge_page_size,2097152.0,dbms,08-2026,couchbase-802-vanilla-ce-large-large-aws,1,ip-172-31-19-161,ranking,benchANT
2026-08-12 11:23:40+00:00,mem,huge_page_size,2097152.0,dbms,08-2026,couchbase-802-vanilla-ce-large-large-aws,1,ip-172-31-19-161,ranking,benchANT
2026-08-12 11:23:50+00:00,mem,huge_page_size,2097152.0,dbms,08-2026,couchbase-802-vanilla-ce-large-large-aws,1,ip-172-31-19-161,ranking,benchANT
2026-08-12 11:24:00+00:00,mem,huge_page_size,2097152.0,dbms,08-2026,couchbase-802-vanilla-ce-large-large-aws,1,ip-172-31-19-161,ranking,benchANT
2026-08-12 11:24:10+00:00,mem,huge_page_size,2097152.0,dbms,08-2026,couchbase-802-vanilla-ce-large-large-aws,1,ip-172-31-19-161,ranking,benchANT
2026-08-12 11:24:20+00:00,mem,huge_page_size,2097152.0,dbms,08-2026,couchbase-802-vanilla-ce-large-large-aws,1,ip-172-31-19-161,ranking,benchANT
2026-08-12 11:24:30+00:00,mem,huge_page_size,2097152.0,dbms,08-2026,couchbase-802-vanilla-ce-large-large-aws,1,ip-172-31-19-161,ranking,benchANT
2026-08-12 11:24:40+00:00,mem,huge_page_size,2097152.0,dbms,08-2026,couchbase-802-vanilla-ce-large-large-aws,1,ip-172-31-19-161,ranking,benchANT
2026-08-12 11:24:50+00:00,mem,huge_page_size,2097152.0,dbms,08-2026,couchbase-802-vanilla-ce-large-large-aws,1,ip-172-31-19-161,ranking,benchANT
2026-08-12 11:25:00+00:00,mem,huge_page_size,2097152.0,dbms,08-2026,couchbase-802-vanilla-ce-large-large-aws,1,ip-172-31-19-161,ranking,benchANT
2026-08-12 11:25:10+00:00,mem,huge_page_size,2097152.0,dbms,08-2026,couchbase-802-vanilla-ce-large-large-aws,1,ip-172-31-19-161,ranking,benchANT
2026-08-12 11:25:20+00:00,mem,huge_page_size,2097152.0,dbms,08-2026,couchbase-802-vanilla-ce-large-large-aws,1,ip-172-31-19-161,ranking,benchANT
2026-08-12 11:25:30+00:00,mem,huge_page_size,2097152.0,dbms,08-2026,couchbase-802-vanilla-ce-large-large-aws,1,ip-172-31-19-161,ranking,benchANT
2026-08-12 11:25:40+00:00,mem,huge_page_size,2097152.0,dbms,08-2026,couchbase-802-vanilla-ce-large-large-aws,1,ip-172-31-19-161,ranking,benchANT
2026-08-12 11:25:50+00:00,mem,huge_page_size,2097152.0,dbms,08-2026,couchbase-802-vanilla-ce-large-large-aws,1,ip-172-31-19-161,ranking,benchANT
2026-08-12 11:26:00+00:00,mem,huge_page_size,2097152.0,dbms,08-2026,couchbase-802-vanilla-ce-large-large-aws,1,ip-172-31-19-161,ranking,benchANT
2026-08-12 11:26:10+00:00,mem,huge_page_size,2097152.0,dbms,08-2026,couchbase-802-vanilla-ce-large-large-aws,1,ip-172-31-19-161,ranking,benchANT
2026-08-12 11:26:20+00:00,mem,huge_page_size,2097152.0,dbms,08-2026,couchbase-802-vanilla-ce-large-large-aws,1,ip-172-31-19-161,ranking,benchANT
2026-08-12 11:26:30+00:00,mem,huge_page_size,2097152.0,dbms,08-2026,couchbase-802-vanilla-ce-large-large-aws,1,ip-172-31-19-161,ranking,benchANT
2026-08-12 11:26:40+00:00,mem,huge_page_size,2097152.0,dbms,08-2026,couchbase-802-vanilla-ce-large-large-aws,1,ip-172-31-19-161,ranking,benchANT
2026-08-12 11:26:50+00:00,mem,huge_page_size,2097152.0,dbms,08-2026,couchbase-802-vanilla-ce-large-large-aws,1,ip-172-31-19-161,ranking,benchANT
2026-08-12 11:27:00+00:00,mem,huge_page_size,2097152.0,dbms,08-2026,couchbase-802-vanilla-ce-large-large-aws,1,ip-172-31-19-161,ranking,benchANT
2026-08-12 11:27:10+00:00,mem,huge_page_size,2097152.0,dbms,08-2026,couchbase-802-vanilla-ce-large-large-aws,1,ip-172-31-19-161,ranking,benchANT
2026-08-12 11:27:20+00:00,mem,huge_page_size,2097152.0,dbms,08-2026,couchbase-802-vanilla-ce-large-large-aws,1,ip-172-31-19-161,ranking,benchANT
2026-08-12 11:27:30+00:00,mem,huge_page_size,2097152.0,dbms,08-2026,couchbase-802-vanilla-ce-large-large-aws,1,ip-172-31-19-161,ranking,benchANT
2026-08-12 11:27:40+00:00,mem,huge_page_size,2097152.0,dbms,08-2026,couchbase-802-vanilla-ce-large-large-aws,1,ip-172-31-19-161,ranking,benchANT
2026-08-12 11:27:50+00:00,mem,huge_page_size,2097152.0,dbms,08-2026,couchbase-802-vanilla-ce-large-large-aws,1,ip-172-31-19-161,ranking,benchANT
2026-08-12 11:28:00+00:00,mem,huge_page_size,2097152.0,dbms,08-2026,couchbase-802-vanilla-ce-large-large-aws,1,ip-172-31-19-161,ranking,benchANT
2026-08-12 11:28:10+00:00,mem,huge_page_size,2097152.0,dbms,08-2026,couchbase-802-vanilla-ce-large-large-aws,1,ip-172-31-19-161,ranking,benchANT
2026-08-12 11:28:20+00:00,mem,huge_page_size,2097152.0,dbms,08-2026,couchbase-802-vanilla-ce-large-large-aws,1,ip-172-31-19-161,ranking,benchANT
2026-08-12 11:28:30+00:00,mem,huge_page_size,2097152.0,dbms,08-2026,couchbase-802-vanilla-ce-large-large-aws,1,ip-172-31-19-161,ranking,benchANT
2026-08-12 11:28:40+00:00,mem,huge_page_size,2097152.0,dbms,08-2026,couchbase-802-vanilla-ce-large-large-aws,1,ip-172-31-19-161,ranking,benchANT
2026-08-12 11:28:50+00:00,mem,huge_page_size,2097152.0,dbms,08-2026,couchbase-802-vanilla-ce-large-large-aws,1,ip-172-31-19-161,ranking,benchANT
2026-08-12 11:29:00+00:00,mem,huge_page_size,2097152.0,dbms,08-2026,couchbase-802-vanilla-ce-large-large-aws,1,ip-172-31-19-161,ranking,benchANT
2026-08-12 11:29:10+00:00,mem,huge_page_size,2097152.0,dbms,08-2026,couchbase-802-vanilla-ce-large-large-aws,1,ip-172-31-19-161,ranking,benchANT
2026-08-12 11:29:20+00:00,mem,huge_page_size,2097152.0,dbms,08-2026,couchbase-802-vanilla-ce-large-large-aws,1,ip-172-31-19-161,ranking,benchANT
2026-08-12 11:29:30+00:00,mem,huge_page_size,2097152.0,dbms,08-2026,couchbase-802-vanilla-ce-large-large-aws,1,ip-172-31-19-161,ranking,benchANT
2026-08-12 11:29:40+00:00,mem,huge_page_size,2097152.0,dbms,08-2026,couchbase-802-vanilla-ce-large-large-aws,1,ip-172-31-19-161,ranking,benchANT
2026-08-12 11:29:50+00:00,mem,huge_page_size,2097152.0,dbms,08-2026,couchbase-802-vanilla-ce-large-large-aws,1,ip-172-31-19-161,ranking,benchANT
2026-08-12 11:20:00+00:00,mem,huge_pages_free,0.0,dbms,08-2026,couchbase-802-vanilla-ce-large-large-aws,1,ip-172-31-19-161,ranking,benchANT
2026-08-12 11:20:10+00:00,mem,huge_pages_free,0.0,dbms,08-2026,couchbase-802-vanilla-ce-large-large-aws,1,ip-172-31-19-161,ranking,benchANT
2026-08-12 11:20:20+00:00,mem,huge_pages_free,0.0,dbms,08-2026,couchbase-802-vanilla-ce-large-large-aws,1,ip-172-31-19-161,ranking,benchANT
2026-08-12 11:20:30+00:00,mem,huge_pages_free,0.0,dbms,08-2026,couchbase-802-vanilla-ce-large-large-aws,1,ip-172-31-19-161,ranking,benchANT
2026-08-12 11:20:40+00:00,mem,huge_pages_free,0.0,dbms,08-2026,couchbase-802-vanilla-ce-large-large-aws,1,ip-172-31-19-161,ranking,benchANT
2026-08-12 11:20:50+00:00,mem,huge_pages_free,0.0,dbms,08-2026,couchbase-802-vanilla-ce-large-large-aws,1,ip-172-31-19-161,ranking,benchANT
2026-08-12 11:21:00+00:00,mem,huge_pages_free,0.0,dbms,08-2026,couchbase-802-vanilla-ce-large-large-aws,1,ip-172-31-19-161,ranking,benchANT
2026-08-12 11:21:10+00:00,mem,huge_pages_free,0.0,dbms,08-2026,couchbase-802-vanilla-ce-large-large-aws,1,ip-172-31-19-161,ranking,benchANT
2026-08-12 11:21:20+00:00,mem,huge_pages_free,0.0,dbms,08-2026,couchbase-802-vanilla-ce-large-large-aws,1,ip-172-31-19-161,ranking,benchANT
2026-08-12 11:21:30+00:00,mem,huge_pages_free,0.0,dbms,08-2026,couchbase-802-vanilla-ce-large-large-aws,1,ip-172-31-19-161,ranking,benchANT
2026-08-12 11:21:40+00:00,mem,huge_pages_free,0.0,dbms,08-2026,couchbase-802-vanilla-ce-large-large-aws,1,ip-172-31-19-161,ranking,benchANT
2026-08-12 11:21:50+00:00,mem,huge_pages_free,0.0,dbms,08-2026,couchbase-802-vanilla-ce-large-large-aws,1,ip-172-31-19-161,ranking,benchANT
2026-08-12 11:22:00+00:00,mem,huge_pages_free,0.0,dbms,08-2026,couchbase-802-vanilla-ce-large-large-aws,1,ip-172-31-19-161,ranking,benchANT
2026-08-12 11:22:10+00:00,mem,huge_pages_free,0.0,dbms,08-2026,couchbase-802-vanilla-ce-large-large-aws,1,ip-172-31-19-161,ranking,benchANT
2026-08-12 11:22:20+00:00,mem,huge_pages_free,0.0,dbms,08-2026,couchbase-802-vanilla-ce-large-large-aws,1,ip-172-31-19-161,ranking,benchANT
2026-08-12 11:22:30+00:00,mem,huge_pages_free,0.0,dbms,08-2026,couchbase-802-vanilla-ce-large-large-aws,1,ip-172-31-19-161,ranking,benchANT
2026-08-12 11:22:40+00:00,mem,huge_pages_free,0.0,dbms,08-2026,couchbase-802-vanilla-ce-large-large-aws,1,ip-172-31-19-161,ranking,benchANT
2026-08-12 11:22:50+00:00,mem,huge_pages_free,0.0,dbms,08-2026,couchbase-802-vanilla-ce-large-large-aws,1,ip-172-31-19-161,ranking,benchANT
2026-08-12 11:23:00+00:00,mem,huge_pages_free,0.0,dbms,08-2026,couchbase-802-vanilla-ce-large-large-aws,1,ip-172-31-19-161,ranking,benchANT
2026-08-12 11:23:10+00:00,mem,huge_pages_free,0.0,dbms,08-2026,couchbase-802-vanilla-ce-large-large-aws,1,ip-172-31-19-161,ranking,benchANT
2026-08-12 11:23:20+00:00,mem,huge_pages_free,0.0,dbms,08-2026,couchbase-802-vanilla-ce-large-large-aws,1,ip-172-31-19-161,ranking,benchANT
2026-08-12 11:23:30+00:00,mem,huge_pages_free,0.0,dbms,08-2026,couchbase-802-vanilla-ce-large-large-aws,1,ip-172-31-19-161,ranking,benchANT
2026-08-12 11:23:40+00:00,mem,huge_pages_free,0.0,dbms,08-2026,couchbase-802-vanilla-ce-large-large-aws,1,ip-172-31-19-161,ranking,benchANT
2026-08-12 11:23:50+00:00,mem,huge_pages_free,0.0,dbms,08-2026,couchbase-802-vanilla-ce-large-large-aws,1,ip-172-31-19-161,ranking,benchANT
2026-08-12 11:24:00+00:00,mem,huge_pages_free,0.0,dbms,08-2026,couchbase-802-vanilla-ce-large-large-aws,1,ip-172-31-19-161,ranking,benchANT
2026-08-12 11:24:10+00:00,mem,huge_pages_free,0.0,dbms,08-2026,couchbase-802-vanilla-ce-large-large-aws,1,ip-172-31-19-161,ranking,benchANT
2026-08-12 11:24:20+00:00,mem,huge_pages_free,0.0,dbms,08-2026,couchbase-802-vanilla-ce-large-large-aws,1,ip-172-31-19-161,ranking,benchANT
2026-08-12 11:24:30+00:00,mem,huge_pages_free,0.0,dbms,08-2026,couchbase-802-vanilla-ce-large-large-aws,1,ip-172-31-19-161,ranking,benchANT
2026-08-12 11:24:40+00:00,mem,huge_pages_free,0.0,dbms,08-2026,couchbase-802-vanilla-ce-large-large-aws,1,ip-172-31-19-161,ranking,benchANT
2026-08-12 11:24:50+00:00,mem,huge_pages_free,0.0,dbms,08-2026,couchbase-802-vanilla-ce-large-large-aws,1,ip-172-31-19-161,ranking,benchANT
2026-08-12 11:25:00+00:00,mem,huge_pages_free,0.0,dbms,08-2026,couchbase-802-vanilla-ce-large-large-aws,1,ip-172-31-19-161,ranking,benchANT
2026-08-12 11:25:10+00:00,mem,huge_pages_free,0.0,dbms,08-2026,couchbase-802-vanilla-ce-large-large-aws,1,ip-172-31-19-161,ranking,benchANT
2026-08-12 11:25:20+00:00,mem,huge_pages_free,0.0,dbms,08-2026,couchbase-802-vanilla-ce-large-large-aws,1,ip-172-31-19-161,ranking,benchANT
2026-08-12 11:25:30+00:00,mem,huge_pages_free,0.0,dbms,08-2026,couchbase-802-vanilla-ce-large-large-aws,1,ip-172-31-19-161,ranking,benchANT
2026-08-12 11:25:40+00:00,mem,huge_pages_free,0.0,dbms,08-2026,couchbase-802-vanilla-ce-large-large-aws,1,ip-172-31-19-161,ranking,benchANT
2026-08-12 11:25:50+00:00,mem,huge_pages_free,0.0,dbms,08-2026,couchbase-802-vanilla-ce-large-large-aws,1,ip-172-31-19-161,ranking,benchANT
2026-08-12 11:26:00+00:00,mem,huge_pages_free,0.0,dbms,08-2026,couchbase-802-vanilla-ce-large-large-aws,1,ip-172-31-19-161,ranking,benchANT
2026-08-12 11:26:10+00:00,mem,huge_pages_free,0.0,dbms,08-2026,couchbase-802-vanilla-ce-large-large-aws,1,ip-172-31-19-161,ranking,benchANT
2026-08-12 11:26:20+00:00,mem,huge_pages_free,0.0,dbms,08-2026,couchbase-802-vanilla-ce-large-large-aws,1,ip-172-31-19-161,ranking,benchANT
2026-08-12 11:26:30+00:00,mem,huge_pages_free,0.0,dbms,08-2026,couchbase-802-vanilla-ce-large-large-aws,1,ip-172-31-19-161,ranking,benchANT
2026-08-12 11:26:40+00:00,mem,huge_pages_free,0.0,dbms,08-2026,couchbase-802-vanilla-ce-large-large-aws,1,ip-172-31-19-161,ranking,benchANT
2026-08-12 11:26:50+00:00,mem,huge_pages_free,0.0,dbms,08-2026,couchbase-802-vanilla-ce-large-large-aws,1,ip-172-31-19-161,ranking,benchANT
2026-08-12 11:27:00+00:00,mem,huge_pages_free,0.0,dbms,08-2026,couchbase-802-vanilla-ce-large-large-aws,1,ip-172-31-19-161,ranking,benchANT
2026-08-12 11:27:10+00:00,mem,huge_pages_free,0.0,dbms,08-2026,couchbase-802-vanilla-ce-large-large-aws,1,ip-172-31-19-161,ranking,benchANT
2026-08-12 11:27:20+00:00,mem,huge_pages_free,0.0,dbms,08-2026,couchbase-802-vanilla-ce-large-large-aws,1,ip-172-31-19-161,ranking,benchANT
2026-08-12 11:27:30+00:00,mem,huge_pages_free,0.0,dbms,08-2026,couchbase-802-vanilla-ce-large-large-aws,1,ip-172-31-19-161,ranking,benchANT
2026-08-12 11:27:40+00:00,mem,huge_pages_free,0.0,dbms,08-2026,couchbase-802-vanilla-ce-large-large-aws,1,ip-172-31-19-161,ranking,benchANT
2026-08-12 11:27:50+00:00,mem,huge_pages_free,0.0,dbms,08-2026,couchbase-802-vanilla-ce-large-large-aws,1,ip-172-31-19-161,ranking,benchANT
2026-08-12 11:28:00+00:00,mem,huge_pages_free,0.0,dbms,08-2026,couchbase-802-vanilla-ce-large-large-aws,1,ip-172-31-19-161,ranking,benchANT
2026-08-12 11:28:10+00:00,mem,huge_pages_free,0.0,dbms,08-2026,couchbase-802-vanilla-ce-large-large-aws,1,ip-172-31-19-161,ranking,benchANT
2026-08-12 11:28:20+00:00,mem,huge_pages_free,0.0,dbms,08-2026,couchbase-802-vanilla-ce-large-large-aws,1,ip-172-31-19-161,ranking,benchANT
2026-08-12 11:28:30+00:00,mem,huge_pages_free,0.0,dbms,08-2026,couchbase-802-vanilla-ce-large-large-aws,1,ip-172-31-19-161,ranking,benchANT
2026-08-12 11:28:40+00:00,mem,huge_pages_free,0.0,dbms,08-2026,couchbase-802-vanilla-ce-large-large-aws,1,ip-172-31-19-161,ranking,benchANT
2026-08-12 11:28:50+00:00,mem,huge_pages_free,0.0,dbms,08-2026,couchbase-802-vanilla-ce-large-large-aws,1,ip-172-31-19-161,ranking,benchANT
2026-08-12 11:29:00+00:00,mem,huge_pages_free,0.0,dbms,08-2026,couchbase-802-vanilla-ce-large-large-aws,1,ip-172-31-19-161,ranking,benchANT
2026-08-12 11:29:10+00:00,mem,huge_pages_free,0.0,dbms,08-2026,couchbase-802-vanilla-ce-large-large-aws,1,ip-172-31-19-161,ranking,benchANT
2026-08-12 11:29:20+00:00,mem,huge_pages_free,0.0,dbms,08-2026,couchbase-802-vanilla-ce-large-large-aws,1,ip-172-31-19-161,ranking,benchANT
2026-08-12 11:29:30+00:00,mem,huge_pages_free,0.0,dbms,08-2026,couchbase-802-vanilla-ce-large-large-aws,1,ip-172-31-19-161,ranking,benchANT
2026-08-12 11:29:40+00:00,mem,huge_pages_free,0.0,dbms,08-2026,couchbase-802-vanilla-ce-large-large-aws,1,ip-172-31-19-161,ranking,benchANT
2026-08-12 11:29:50+00:00,mem,huge_pages_free,0.0,dbms,08-2026,couchbase-802-vanilla-ce-large-large-aws,1,ip-172-31-19-161,ranking,benchANT
2026-08-12 11:20:00+00:00,mem,huge_pages_total,0.0,dbms,08-2026,couchbase-802-vanilla-ce-large-large-aws,1,ip-172-31-19-161,ranking,benchANT
2026-08-12 11:20:10+00:00,mem,huge_pages_total,0.0,dbms,08-2026,couchbase-802-vanilla-ce-large-large-aws,1,ip-172-31-19-161,ranking,benchANT
2026-08-12 11:20:20+00:00,mem,huge_pages_total,0.0,dbms,08-2026,couchbase-802-vanilla-ce-large-large-aws,1,ip-172-31-19-161,ranking,benchANT
2026-08-12 11:20:30+00:00,mem,huge_pages_total,0.0,dbms,08-2026,couchbase-802-vanilla-ce-large-large-aws,1,ip-172-31-19-161,ranking,benchANT
2026-08-12 11:20:40+00:00,mem,huge_pages_total,0.0,dbms,08-2026,couchbase-802-vanilla-ce-large-large-aws,1,ip-172-31-19-161,ranking,benchANT
2026-08-12 11:20:50+00:00,mem,huge_pages_total,0.0,dbms,08-2026,couchbase-802-vanilla-ce-large-large-aws,1,ip-172-31-19-161,ranking,benchANT
2026-08-12 11:21:00+00:00,mem,huge_pages_total,0.0,dbms,08-2026,couchbase-802-vanilla-ce-large-large-aws,1,ip-172-31-19-161,ranking,benchANT
2026-08-12 11:21:10+00:00,mem,huge_pages_total,0.0,dbms,08-2026,couchbase-802-vanilla-ce-large-large-aws,1,ip-172-31-19-161,ranking,benchANT
2026-08-12 11:21:20+00:00,mem,huge_pages_total,0.0,dbms,08-2026,couchbase-802-vanilla-ce-large-large-aws,1,ip-172-31-19-161,ranking,benchANT
2026-08-12 11:21:30+00:00,mem,huge_pages_total,0.0,dbms,08-2026,couchbase-802-vanilla-ce-large-large-aws,1,ip-172-31-19-161,ranking,benchANT
2026-08-12 11:21:40+00:00,mem,huge_pages_total,0.0,dbms,08-2026,couchbase-802-vanilla-ce-large-large-aws,1,ip-172-31-19-161,ranking,benchANT
2026-08-12 11:21:50+00:00,mem,huge_pages_total,0.0,dbms,08-2026,couchbase-802-vanilla-ce-large-large-aws,1,ip-172-31-19-161,ranking,benchANT
2026-08-12 11:22:00+00:00,mem,huge_pages_total,0.0,dbms,08-2026,couchbase-802-vanilla-ce-large-large-aws,1,ip-172-31-19-161,ranking,benchANT
2026-08-12 11:22:10+00:00,mem,huge_pages_total,0.0,dbms,08-2026,couchbase-802-vanilla-ce-large-large-aws,1,ip-172-31-19-161,ranking,benchANT
2026-08-12 11:22:20+00:00,mem,huge_pages_total,0.0,dbms,08-2026,couchbase-802-vanilla-ce-large-large-aws,1,ip-172-31-19-161,ranking,benchANT
2026-08-12 11:22:30+00:00,mem,huge_pages_total,0.0,dbms,08-2026,couchbase-802-vanilla-ce-large-large-aws,1,ip-172-31-19-161,ranking,benchANT
2026-08-12 11:22:40+00:00,mem,huge_pages_total,0.0,dbms,08-2026,couchbase-802-vanilla-ce-large-large-aws,1,ip-172-31-19-161,ranking,benchANT
2026-08-12 11:22:50+00:00,mem,huge_pages_total,0.0,dbms,08-2026,couchbase-802-vanilla-ce-large-large-aws,1,ip-172-31-19-161,ranking,benchANT
2026-08-12 11:23:00+00:00,mem,huge_pages_total,0.0,dbms,08-2026,couchbase-802-vanilla-ce-large-large-aws,1,ip-172-31-19-161,ranking,benchANT
2026-08-12 11:23:10+00:00,mem,huge_pages_total,0.0,dbms,08-2026,couchbase-802-vanilla-ce-large-large-aws,1,ip-172-31-19-161,ranking,benchANT
2026-08-12 11:23:20+00:00,mem,huge_pages_total,0.0,dbms,08-2026,couchbase-802-vanilla-ce-large-large-aws,1,ip-172-31-19-161,ranking,benchANT
2026-08-12 11:23:30+00:00,mem,huge_pages_total,0.0,dbms,08-2026,couchbase-802-vanilla-ce-large-large-aws,1,ip-172-31-19-161,ranking,benchANT
2026-08-12 11:23:40+00:00,mem,huge_pages_total,0.0,dbms,08-2026,couchbase-802-vanilla-ce-large-large-aws,1,ip-172-31-19-161,ranking,benchANT
2026-08-12 11:23:50+00:00,mem,huge_pages_total,0.0,dbms,08-2026,couchbase-802-vanilla-ce-large-large-aws,1,ip-172-31-19-161,ranking,benchANT
2026-08-12 11:24:00+00:00,mem,huge_pages_total,0.0,dbms,08-2026,couchbase-802-vanilla-ce-large-large-aws,1,ip-172-31-19-161,ranking,benchANT
2026-08-12 11:24:10+00:00,mem,huge_pages_total,0.0,dbms,08-2026,couchbase-802-vanilla-ce-large-large-aws,1,ip-172-31-19-161,ranking,benchANT
2026-08-12 11:24:20+00:00,mem,huge_pages_total,0.0,dbms,08-2026,couchbase-802-vanilla-ce-large-large-aws,1,ip-172-31-19-161,ranking,benchANT
2026-08-12 11:24:30+00:00,mem,huge_pages_total,0.0,dbms,08-2026,couchbase-802-vanilla-ce-large-large-aws,1,ip-172-31-19-161,ranking,benchANT
2026-08-12 11:24:40+00:00,mem,huge_pages_total,0.0,dbms,08-2026,couchbase-802-vanilla-ce-large-large-aws,1,ip-172-31-19-161,ranking,benchANT
2026-08-12 11:24:50+00:00,mem,huge_pages_total,0.0,dbms,08-2026,couchbase-802-vanilla-ce-large-large-aws,1,ip-172-31-19-161,ranking,benchANT
2026-08-12 11:25:00+00:00,mem,huge_pages_total,0.0,dbms,08-2026,couchbase-802-vanilla-ce-large-large-aws,1,ip-172-31-19-161,ranking,benchANT
2026-08-12 11:25:10+00:00,mem,huge_pages_total,0.0,dbms,08-2026,couchbase-802-vanilla-ce-large-large-aws,1,ip-172-31-19-161,ranking,benchANT
2026-08-12 11:25:20+00:00,mem,huge_pages_total,0.0,dbms,08-2026,couchbase-802-vanilla-ce-large-large-aws,1,ip-172-31-19-161,ranking,benchANT
2026-08-12 11:25:30+00:00,mem,huge_pages_total,0.0,dbms,08-2026,couchbase-802-vanilla-ce-large-large-aws,1,ip-172-31-19-161,ranking,benchANT
2026-08-12 11:25:40+00:00,mem,huge_pages_total,0.0,dbms,08-2026,couchbase-802-vanilla-ce-large-large-aws,1,ip-172-31-19-161,ranking,benchANT
2026-08-12 11:25:50+00:00,mem,huge_pages_total,0.0,dbms,08-2026,couchbase-802-vanilla-ce-large-large-aws,1,ip-172-31-19-161,ranking,benchANT
2026-08-12 11:26:00+00:00,mem,huge_pages_total,0.0,dbms,08-2026,couchbase-802-vanilla-ce-large-large-aws,1,ip-172-31-19-161,ranking,benchANT
2026-08-12 11:26:10+00:00,mem,huge_pages_total,0.0,dbms,08-2026,couchbase-802-vanilla-ce-large-large-aws,1,ip-172-31-19-161,ranking,benchANT
2026-08-12 11:26:20+00:00,mem,huge_pages_total,0.0,dbms,08-2026,couchbase-802-vanilla-ce-large-large-aws,1,ip-172-31-19-161,ranking,benchANT
2026-08-12 11:26:30+00:00,mem,huge_pages_total,0.0,dbms,08-2026,couchbase-802-vanilla-ce-large-large-aws,1,ip-172-31-19-161,ranking,benchANT
2026-08-12 11:26:40+00:00,mem,huge_pages_total,0.0,dbms,08-2026,couchbase-802-vanilla-ce-large-large-aws,1,ip-172-31-19-161,ranking,benchANT
2026-08-12 11:26:50+00:00,mem,huge_pages_total,0.0,dbms,08-2026,couchbase-802-vanilla-ce-large-large-aws,1,ip-172-31-19-161,ranking,benchANT
2026-08-12 11:27:00+00:00,mem,huge_pages_total,0.0,dbms,08-2026,couchbase-802-vanilla-ce-large-large-aws,1,ip-172-31-19-161,ranking,benchANT
2026-08-12 11:27:10+00:00,mem,huge_pages_total,0.0,dbms,08-2026,couchbase-802-vanilla-ce-large-large-aws,1,ip-172-31-19-161,ranking,benchANT
2026-08-12 11:27:20+00:00,mem,huge_pages_total,0.0,dbms,08-2026,couchbase-802-vanilla-ce-large-large-aws,1,ip-172-31-19-161,ranking,benchANT
2026-08-12 11:27:30+00:00,mem,huge_pages_total,0.0,dbms,08-2026,couchbase-802-vanilla-ce-large-large-aws,1,ip-172-31-19-161,ranking,benchANT
2026-08-12 11:27:40+00:00,mem,huge_pages_total,0.0,dbms,08-2026,couchbase-802-vanilla-ce-large-large-aws,1,ip-172-31-19-161,ranking,benchANT
2026-08-12 11:27:50+00:00,mem,huge_pages_total,0.0,dbms,08-2026,couchbase-802-vanilla-ce-large-large-aws,1,ip-172-31-19-161,ranking,benchANT
2026-08-12 11:28:00+00:00,mem,huge_pages_total,0.0,dbms,08-2026,couchbase-802-vanilla-ce-large-large-aws,1,ip-172-31-19-161,ranking,benchANT
2026-08-12 11:28:10+00:00,mem,huge_pages_total,0.0,dbms,08-2026,couchbase-802-vanilla-ce-large-large-aws,1,ip-172-31-19-161,ranking,benchANT
2026-08-12 11:28:20+00:00,mem,huge_pages_total,0.0,dbms,08-2026,couchbase-802-vanilla-ce-large-large-aws,1,ip-172-31-19-161,ranking,benchANT
2026-08-12 11:28:30+00:00,mem,huge_pages_total,0.0,dbms,08-2026,couchbase-802-vanilla-ce-large-large-aws,1,ip-172-31-19-161,ranking,benchANT
2026-08-12 11:28:40+00:00,mem,huge_pages_total,0.0,dbms,08-2026,couchbase-802-vanilla-ce-large-large-aws,1,ip-172-31-19-161,ranking,benchANT
2026-08-12 11:28:50+00:00,mem,huge_pages_total,0.0,dbms,08-2026,couchbase-802-vanilla-ce-large-large-aws,1,ip-172-31-19-161,ranking,benchANT
2026-08-12 11:29:00+00:00,mem,huge_pages_total,0.0,dbms,08-2026,couchbase-802-vanilla-ce-large-large-aws,1,ip-172-31-19-161,ranking,benchANT
2026-08-12 11:29:10+00:00,mem,huge_pages_total,0.0,dbms,08-2026,couchbase-802-vanilla-ce-large-large-aws,1,ip-172-31-19-161,ranking,benchANT
2026-08-12 11:29:20+00:00,mem,huge_pages_total,0.0,dbms,08-2026,couchbase-802-vanilla-ce-large-large-aws,1,ip-172-31-19-161,ranking,benchANT
2026-08-12 11:29:30+00:00,mem,huge_pages_total,0.0,dbms,08-2026,couchbase-802-vanilla-ce-large-large-aws,1,ip-172-31-19-161,ranking,benchANT
2026-08-12 11:29:40+00:00,mem,huge_pages_total,0.0,dbms,08-2026,couchbase-802-vanilla-ce-large-large-aws,1,ip-172-31-19-161,ranking,benchANT
2026-08-12 11:29:50+00:00,mem,huge_pages_total,0.0,dbms,08-2026,couchbase-802-vanilla-ce-large-large-aws,1,ip-172-31-19-161,ranking,benchANT
2026-08-12 11:20:00+00:00,mem,inactive,5843562496.0,dbms,08-2026,couchbase-802-vanilla-ce-large-large-aws,1,ip-172-31-19-161,ranking,benchANT
2026-08-12 11:20:10+00:00,mem,inactive,5844299776.0,dbms,08-2026,couchbase-802-vanilla-ce-large-large-aws,1,ip-172-31-19-161,ranking,benchANT
2026-08-12 11:20:20+00:00,mem,inactive,5844344832.0,dbms,08-2026,couchbase-802-vanilla-ce-large-large-aws,1,ip-172-31-19-161,ranking,benchANT
2026-08-12 11:20:30+00:00,mem,inactive,5844611072.0,dbms,08-2026,couchbase-802-vanilla-ce-large-large-aws,1,ip-172-31-19-161,ranking,benchANT
2026-08-12 11:20:40+00:00,mem,inactive,5846441984.0,dbms,08-2026,couchbase-802-vanilla-ce-large-large-aws,1,ip-172-31-19-161,ranking,benchANT
2026-08-12 11:20:50+00:00,mem,inactive,5850804224.0,dbms,08-2026,couchbase-802-vanilla-ce-large-large-aws,1,ip-172-31-19-161,ranking,benchANT
2026-08-12 11:21:00+00:00,mem,inactive,5864706048.0,dbms,08-2026,couchbase-802-vanilla-ce-large-large-aws,1,ip-172-31-19-161,ranking,benchANT
2026-08-12 11:21:10+00:00,mem,inactive,5901357056.0,dbms,08-2026,couchbase-802-vanilla-ce-large-large-aws,1,ip-172-31-19-161,ranking,benchANT
2026-08-12 11:21:20+00:00,mem,inactive,5964386304.0,dbms,08-2026,couchbase-802-vanilla-ce-large-large-aws,1,ip-172-31-19-161,ranking,benchANT
2026-08-12 11:21:30+00:00,mem,inactive,6110060544.0,dbms,08-2026,couchbase-802-vanilla-ce-large-large-aws,1,ip-172-31-19-161,ranking,benchANT
2026-08-12 11:21:40+00:00,mem,inactive,6531272704.0,dbms,08-2026,couchbase-802-vanilla-ce-large-large-aws,1,ip-172-31-19-161,ranking,benchANT
2026-08-12 11:21:50+00:00,mem,inactive,6937415680.0,dbms,08-2026,couchbase-802-vanilla-ce-large-large-aws,1,ip-172-31-19-161,ranking,benchANT
2026-08-12 11:22:00+00:00,mem,inactive,7365525504.0,dbms,08-2026,couchbase-802-vanilla-ce-large-large-aws,1,ip-172-31-19-161,ranking,benchANT
2026-08-12 11:22:10+00:00,mem,inactive,7793479680.0,dbms,08-2026,couchbase-802-vanilla-ce-large-large-aws,1,ip-172-31-19-161,ranking,benchANT
2026-08-12 11:22:20+00:00,mem,inactive,8223989760.0,dbms,08-2026,couchbase-802-vanilla-ce-large-large-aws,1,ip-172-31-19-161,ranking,benchANT
2026-08-12 11:22:30+00:00,mem,inactive,8670523392.0,dbms,08-2026,couchbase-802-vanilla-ce-large-large-aws,1,ip-172-31-19-161,ranking,benchANT
2026-08-12 11:22:40+00:00,mem,inactive,9083437056.0,dbms,08-2026,couchbase-802-vanilla-ce-large-large-aws,1,ip-172-31-19-161,ranking,benchANT
2026-08-12 11:22:50+00:00,mem,inactive,9519886336.0,dbms,08-2026,couchbase-802-vanilla-ce-large-large-aws,1,ip-172-31-19-161,ranking,benchANT
2026-08-12 11:23:00+00:00,mem,inactive,9953243136.0,dbms,08-2026,couchbase-802-vanilla-ce-large-large-aws,1,ip-172-31-19-161,ranking,benchANT
2026-08-12 11:23:10+00:00,mem,inactive,10389512192.0,dbms,08-2026,couchbase-802-vanilla-ce-large-large-aws,1,ip-172-31-19-161,ranking,benchANT
2026-08-12 11:23:20+00:00,mem,inactive,10829950976.0,dbms,08-2026,couchbase-802-vanilla-ce-large-large-aws,1,ip-172-31-19-161,ranking,benchANT
2026-08-12 11:23:30+00:00,mem,inactive,11231612928.0,dbms,08-2026,couchbase-802-vanilla-ce-large-large-aws,1,ip-172-31-19-161,ranking,benchANT
2026-08-12 11:23:40+00:00,mem,inactive,11664306176.0,dbms,08-2026,couchbase-802-vanilla-ce-large-large-aws,1,ip-172-31-19-161,ranking,benchANT
2026-08-12 11:23:50+00:00,mem,inactive,12099637248.0,dbms,08-2026,couchbase-802-vanilla-ce-large-large-aws,1,ip-172-31-19-161,ranking,benchANT
2026-08-12 11:24:00+00:00,mem,inactive,12549271552.0,dbms,08-2026,couchbase-802-vanilla-ce-large-large-aws,1,ip-172-31-19-161,ranking,benchANT
2026-08-12 11:24:10+00:00,mem,inactive,12968460288.0,dbms,08-2026,couchbase-802-vanilla-ce-large-large-aws,1,ip-172-31-19-161,ranking,benchANT
2026-08-12 11:24:20+00:00,mem,inactive,13406900224.0,dbms,08-2026,couchbase-802-vanilla-ce-large-large-aws,1,ip-172-31-19-161,ranking,benchANT
2026-08-12 11:24:30+00:00,mem,inactive,13840084992.0,dbms,08-2026,couchbase-802-vanilla-ce-large-large-aws,1,ip-172-31-19-161,ranking,benchANT
2026-08-12 11:24:40+00:00,mem,inactive,14267891712.0,dbms,08-2026,couchbase-802-vanilla-ce-large-large-aws,1,ip-172-31-19-161,ranking,benchANT
2026-08-12 11:24:50+00:00,mem,inactive,14698745856.0,dbms,08-2026,couchbase-802-vanilla-ce-large-large-aws,1,ip-172-31-19-161,ranking,benchANT
2026-08-12 11:25:00+00:00,mem,inactive,15110180864.0,dbms,08-2026,couchbase-802-vanilla-ce-large-large-aws,1,ip-172-31-19-161,ranking,benchANT
2026-08-12 11:25:10+00:00,mem,inactive,15533129728.0,dbms,08-2026,couchbase-802-vanilla-ce-large-large-aws,1,ip-172-31-19-161,ranking,benchANT
2026-08-12 11:25:20+00:00,mem,inactive,15940702208.0,dbms,08-2026,couchbase-802-vanilla-ce-large-large-aws,1,ip-172-31-19-161,ranking,benchANT
2026-08-12 11:25:30+00:00,mem,inactive,16357330944.0,dbms,08-2026,couchbase-802-vanilla-ce-large-large-aws,1,ip-172-31-19-161,ranking,benchANT
2026-08-12 11:25:40+00:00,mem,inactive,16787865600.0,dbms,08-2026,couchbase-802-vanilla-ce-large-large-aws,1,ip-172-31-19-161,ranking,benchANT
2026-08-12 11:25:50+00:00,mem,inactive,17068343296.0,dbms,08-2026,couchbase-802-vanilla-ce-large-large-aws,1,ip-172-31-19-161,ranking,benchANT
2026-08-12 11:26:00+00:00,mem,inactive,17503580160.0,dbms,08-2026,couchbase-802-vanilla-ce-large-large-aws,1,ip-172-31-19-161,ranking,benchANT
2026-08-12 11:26:10+00:00,mem,inactive,17675583488.0,dbms,08-2026,couchbase-802-vanilla-ce-large-large-aws,1,ip-172-31-19-161,ranking,benchANT
2026-08-12 11:26:20+00:00,mem,inactive,17847324672.0,dbms,08-2026,couchbase-802-vanilla-ce-large-large-aws,1,ip-172-31-19-161,ranking,benchANT
2026-08-12 11:26:30+00:00,mem,inactive,18010472448.0,dbms,08-2026,couchbase-802-vanilla-ce-large-large-aws,1,ip-172-31-19-161,ranking,benchANT
2026-08-12 11:26:40+00:00,mem,inactive,18060775424.0,dbms,08-2026,couchbase-802-vanilla-ce-large-large-aws,1,ip-172-31-19-161,ranking,benchANT
2026-08-12 11:26:50+00:00,mem,inactive,18046173184.0,dbms,08-2026,couchbase-802-vanilla-ce-large-large-aws,1,ip-172-31-19-161,ranking,benchANT
2026-08-12 11:27:00+00:00,mem,inactive,18018570240.0,dbms,08-2026,couchbase-802-vanilla-ce-large-large-aws,1,ip-172-31-19-161,ranking,benchANT
2026-08-12 11:27:10+00:00,mem,inactive,18001494016.0,dbms,08-2026,couchbase-802-vanilla-ce-large-large-aws,1,ip-172-31-19-161,ranking,benchANT
2026-08-12 11:27:20+00:00,mem,inactive,18023845888.0,dbms,08-2026,couchbase-802-vanilla-ce-large-large-aws,1,ip-172-31-19-161,ranking,benchANT
2026-08-12 11:27:30+00:00,mem,inactive,17939890176.0,dbms,08-2026,couchbase-802-vanilla-ce-large-large-aws,1,ip-172-31-19-161,ranking,benchANT
2026-08-12 11:27:40+00:00,mem,inactive,17989181440.0,dbms,08-2026,couchbase-802-vanilla-ce-large-large-aws,1,ip-172-31-19-161,ranking,benchANT
2026-08-12 11:27:50+00:00,mem,inactive,17985388544.0,dbms,08-2026,couchbase-802-vanilla-ce-large-large-aws,1,ip-172-31-19-161,ranking,benchANT
2026-08-12 11:28:00+00:00,mem,inactive,17981734912.0,dbms,08-2026,couchbase-802-vanilla-ce-large-large-aws,1,ip-172-31-19-161,ranking,benchANT
2026-08-12 11:28:10+00:00,mem,inactive,17875599360.0,dbms,08-2026,couchbase-802-vanilla-ce-large-large-aws,1,ip-172-31-19-161,ranking,benchANT
2026-08-12 11:28:20+00:00,mem,inactive,17868582912.0,dbms,08-2026,couchbase-802-vanilla-ce-large-large-aws,1,ip-172-31-19-161,ranking,benchANT
2026-08-12 11:28:30+00:00,mem,inactive,17904168960.0,dbms,08-2026,couchbase-802-vanilla-ce-large-large-aws,1,ip-172-31-19-161,ranking,benchANT
2026-08-12 11:28:40+00:00,mem,inactive,17758081024.0,dbms,08-2026,couchbase-802-vanilla-ce-large-large-aws,1,ip-172-31-19-161,ranking,benchANT
2026-08-12 11:28:50+00:00,mem,inactive,17783390208.0,dbms,08-2026,couchbase-802-vanilla-ce-large-large-aws,1,ip-172-31-19-161,ranking,benchANT
2026-08-12 11:29:00+00:00,mem,inactive,17795219456.0,dbms,08-2026,couchbase-802-vanilla-ce-large-large-aws,1,ip-172-31-19-161,ranking,benchANT
2026-08-12 11:29:10+00:00,mem,inactive,17641615360.0,dbms,08-2026,couchbase-802-vanilla-ce-large-large-aws,1,ip-172-31-19-161,ranking,benchANT
2026-08-12 11:29:20+00:00,mem,inactive,17639133184.0,dbms,08-2026,couchbase-802-vanilla-ce-large-large-aws,1,ip-172-31-19-161,ranking,benchANT
2026-08-12 11:29:30+00:00,mem,inactive,17649053696.0,dbms,08-2026,couchbase-802-vanilla-ce-large-large-aws,1,ip-172-31-19-161,ranking,benchANT
2026-08-12 11:29:40+00:00,mem,inactive,17658572800.0,dbms,08-2026,couchbase-802-vanilla-ce-large-large-aws,1,ip-172-31-19-161,ranking,benchANT
2026-08-12 11:29:50+00:00,mem,inactive,17658695680.0,dbms,08-2026,couchbase-802-vanilla-ce-large-large-aws,1,ip-172-31-19-161,ranking,benchANT
2026-08-12 11:20:00+00:00,mem,low_free,0.0,dbms,08-2026,couchbase-802-vanilla-ce-large-large-aws,1,ip-172-31-19-161,ranking,benchANT
2026-08-12 11:20:10+00:00,mem,low_free,0.0,dbms,08-2026,couchbase-802-vanilla-ce-large-large-aws,1,ip-172-31-19-161,ranking,benchANT
2026-08-12 11:20:20+00:00,mem,low_free,0.0,dbms,08-2026,couchbase-802-vanilla-ce-large-large-aws,1,ip-172-31-19-161,ranking,benchANT
2026-08-12 11:20:30+00:00,mem,low_free,0.0,dbms,08-2026,couchbase-802-vanilla-ce-large-large-aws,1,ip-172-31-19-161,ranking,benchANT
2026-08-12 11:20:40+00:00,mem,low_free,0.0,dbms,08-2026,couchbase-802-vanilla-ce-large-large-aws,1,ip-172-31-19-161,ranking,benchANT
2026-08-12 11:20:50+00:00,mem,low_free,0.0,dbms,08-2026,couchbase-802-vanilla-ce-large-large-aws,1,ip-172-31-19-161,ranking,benchANT
2026-08-12 11:21:00+00:00,mem,low_free,0.0,dbms,08-2026,couchbase-802-vanilla-ce-large-large-aws,1,ip-172-31-19-161,ranking,benchANT
2026-08-12 11:21:10+00:00,mem,low_free,0.0,dbms,08-2026,couchbase-802-vanilla-ce-large-large-aws,1,ip-172-31-19-161,ranking,benchANT
2026-08-12 11:21:20+00:00,mem,low_free,0.0,dbms,08-2026,couchbase-802-vanilla-ce-large-large-aws,1,ip-172-31-19-161,ranking,benchANT
2026-08-12 11:21:30+00:00,mem,low_free,0.0,dbms,08-2026,couchbase-802-vanilla-ce-large-large-aws,1,ip-172-31-19-161,ranking,benchANT
2026-08-12 11:21:40+00:00,mem,low_free,0.0,dbms,08-2026,couchbase-802-vanilla-ce-large-large-aws,1,ip-172-31-19-161,ranking,benchANT
2026-08-12 11:21:50+00:00,mem,low_free,0.0,dbms,08-2026,couchbase-802-vanilla-ce-large-large-aws,1,ip-172-31-19-161,ranking,benchANT
2026-08-12 11:22:00+00:00,mem,low_free,0.0,dbms,08-2026,couchbase-802-vanilla-ce-large-large-aws,1,ip-172-31-19-161,ranking,benchANT
2026-08-12 11:22:10+00:00,mem,low_free,0.0,dbms,08-2026,couchbase-802-vanilla-ce-large-large-aws,1,ip-172-31-19-161,ranking,benchANT
2026-08-12 11:22:20+00:00,mem,low_free,0.0,dbms,08-2026,couchbase-802-vanilla-ce-large-large-aws,1,ip-172-31-19-161,ranking,benchANT
2026-08-12 11:22:30+00:00,mem,low_free,0.0,dbms,08-2026,couchbase-802-vanilla-ce-large-large-aws,1,ip-172-31-19-161,ranking,benchANT
2026-08-12 11:22:40+00:00,mem,low_free,0.0,dbms,08-2026,couchbase-802-vanilla-ce-large-large-aws,1,ip-172-31-19-161,ranking,benchANT
2026-08-12 11:22:50+00:00,mem,low_free,0.0,dbms,08-2026,couchbase-802-vanilla-ce-large-large-aws,1,ip-172-31-19-161,ranking,benchANT
2026-08-12 11:23:00+00:00,mem,low_free,0.0,dbms,08-2026,couchbase-802-vanilla-ce-large-large-aws,1,ip-172-31-19-161,ranking,benchANT
2026-08-12 11:23:10+00:00,mem,low_free,0.0,dbms,08-2026,couchbase-802-vanilla-ce-large-large-aws,1,ip-172-31-19-161,ranking,benchANT
2026-08-12 11:23:20+00:00,mem,low_free,0.0,dbms,08-2026,couchbase-802-vanilla-ce-large-large-aws,1,ip-172-31-19-161,ranking,benchANT
2026-08-12 11:23:30+00:00,mem,low_free,0.0,dbms,08-2026,couchbase-802-vanilla-ce-large-large-aws,1,ip-172-31-19-161,ranking,benchANT
2026-08-12 11:23:40+00:00,mem,low_free,0.0,dbms,08-2026,couchbase-802-vanilla-ce-large-large-aws,1,ip-172-31-19-161,ranking,benchANT
2026-08-12 11:23:50+00:00,mem,low_free,0.0,dbms,08-2026,couchbase-802-vanilla-ce-large-large-aws,1,ip-172-31-19-161,ranking,benchANT
2026-08-12 11:24:00+00:00,mem,low_free,0.0,dbms,08-2026,couchbase-802-vanilla-ce-large-large-aws,1,ip-172-31-19-161,ranking,benchANT
2026-08-12 11:24:10+00:00,mem,low_free,0.0,dbms,08-2026,couchbase-802-vanilla-ce-large-large-aws,1,ip-172-31-19-161,ranking,benchANT
2026-08-12 11:24:20+00:00,mem,low_free,0.0,dbms,08-2026,couchbase-802-vanilla-ce-large-large-aws,1,ip-172-31-19-161,ranking,benchANT
2026-08-12 11:24:30+00:00,mem,low_free,0.0,dbms,08-2026,couchbase-802-vanilla-ce-large-large-aws,1,ip-172-31-19-161,ranking,benchANT
2026-08-12 11:24:40+00:00,mem,low_free,0.0,dbms,08-2026,couchbase-802-vanilla-ce-large-large-aws,1,ip-172-31-19-161,ranking,benchANT
2026-08-12 11:24:50+00:00,mem,low_free,0.0,dbms,08-2026,couchbase-802-vanilla-ce-large-large-aws,1,ip-172-31-19-161,ranking,benchANT
2026-08-12 11:25:00+00:00,mem,low_free,0.0,dbms,08-2026,couchbase-802-vanilla-ce-large-large-aws,1,ip-172-31-19-161,ranking,benchANT
2026-08-12 11:25:10+00:00,mem,low_free,0.0,dbms,08-2026,couchbase-802-vanilla-ce-large-large-aws,1,ip-172-31-19-161,ranking,benchANT
2026-08-12 11:25:20+00:00,mem,low_free,0.0,dbms,08-2026,couchbase-802-vanilla-ce-large-large-aws,1,ip-172-31-19-161,ranking,benchANT
2026-08-12 11:25:30+00:00,mem,low_free,0.0,dbms,08-2026,couchbase-802-vanilla-ce-large-large-aws,1,ip-172-31-19-161,ranking,benchANT
2026-08-12 11:25:40+00:00,mem,low_free,0.0,dbms,08-2026,couchbase-802-vanilla-ce-large-large-aws,1,ip-172-31-19-161,ranking,benchANT
2026-08-12 11:25:50+00:00,mem,low_free,0.0,dbms,08-2026,couchbase-802-vanilla-ce-large-large-aws,1,ip-172-31-19-161,ranking,benchANT
2026-08-12 11:26:00+00:00,mem,low_free,0.0,dbms,08-2026,couchbase-802-vanilla-ce-large-large-aws,1,ip-172-31-19-161,ranking,benchANT
2026-08-12 11:26:10+00:00,mem,low_free,0.0,dbms,08-2026,couchbase-802-vanilla-ce-large-large-aws,1,ip-172-31-19-161,ranking,benchANT
2026-08-12 11:26:20+00:00,mem,low_free,0.0,dbms,08-2026,couchbase-802-vanilla-ce-large-large-aws,1,ip-172-31-19-161,ranking,benchANT
2026-08-12 11:26:30+00:00,mem,low_free,0.0,dbms,08-2026,couchbase-802-vanilla-ce-large-large-aws,1,ip-172-31-19-161,ranking,benchANT
2026-08-12 11:26:40+00:00,mem,low_free,0.0,dbms,08-2026,couchbase-802-vanilla-ce-large-large-aws,1,ip-172-31-19-161,ranking,benchANT
2026-08-12 11:26:50+00:00,mem,low_free,0.0,dbms,08-2026,couchbase-802-vanilla-ce-large-large-aws,1,ip-172-31-19-161,ranking,benchANT
2026-08-12 11:27:00+00:00,mem,low_free,0.0,dbms,08-2026,couchbase-802-vanilla-ce-large-large-aws,1,ip-172-31-19-161,ranking,benchANT
2026-08-12 11:27:10+00:00,mem,low_free,0.0,dbms,08-2026,couchbase-802-vanilla-ce-large-large-aws,1,ip-172-31-19-161,ranking,benchANT
2026-08-12 11:27:20+00:00,mem,low_free,0.0,dbms,08-2026,couchbase-802-vanilla-ce-large-large-aws,1,ip-172-31-19-161,ranking,benchANT
2026-08-12 11:27:30+00:00,mem,low_free,0.0,dbms,08-2026,couchbase-802-vanilla-ce-large-large-aws,1,ip-172-31-19-161,ranking,benchANT
2026-08-12 11:27:40+00:00,mem,low_free,0.0,dbms,08-2026,couchbase-802-vanilla-ce-large-large-aws,1,ip-172-31-19-161,ranking,benchANT
2026-08-12 11:27:50+00:00,mem,low_free,0.0,dbms,08-2026,couchbase-802-vanilla-ce-large-large-aws,1,ip-172-31-19-161,ranking,benchANT
2026-08-12 11:28:00+00:00,mem,low_free,0.0,dbms,08-2026,couchbase-802-vanilla-ce-large-large-aws,1,ip-172-31-19-161,ranking,benchANT
2026-08-12 11:28:10+00:00,mem,low_free,0.0,dbms,08-2026,couchbase-802-vanilla-ce-large-large-aws,1,ip-172-31-19-161,ranking,benchANT
2026-08-12 11:28:20+00:00,mem,low_free,0.0,dbms,08-2026,couchbase-802-vanilla-ce-large-large-aws,1,ip-172-31-19-161,ranking,benchANT
2026-08-12 11:28:30+00:00,mem,low_free,0.0,dbms,08-2026,couchbase-802-vanilla-ce-large-large-aws,1,ip-172-31-19-161,ranking,benchANT
2026-08-12 11:28:40+00:00,mem,low_free,0.0,dbms,08-2026,couchbase-802-vanilla-ce-large-large-aws,1,ip-172-31-19-161,ranking,benchANT
2026-08-12 11:28:50+00:00,mem,low_free,0.0,dbms,08-2026,couchbase-802-vanilla-ce-large-large-aws,1,ip-172-31-19-161,ranking,benchANT
2026-08-12 11:29:00+00:00,mem,low_free,0.0,dbms,08-2026,couchbase-802-vanilla-ce-large-large-aws,1,ip-172-31-19-161,ranking,benchANT
2026-08-12 11:29:10+00:00,mem,low_free,0.0,dbms,08-2026,couchbase-802-vanilla-ce-large-large-aws,1,ip-172-31-19-161,ranking,benchANT
2026-08-12 11:29:20+00:00,mem,low_free,0.0,dbms,08-2026,couchbase-802-vanilla-ce-large-large-aws,1,ip-172-31-19-161,ranking,benchANT
2026-08-12 11:29:30+00:00,mem,low_free,0.0,dbms,08-2026,couchbase-802-vanilla-ce-large-large-aws,1,ip-172-31-19-161,ranking,benchANT
2026-08-12 11:29:40+00:00,mem,low_free,0.0,dbms,08-2026,couchbase-802-vanilla-ce-large-large-aws,1,ip-172-31-19-161,ranking,benchANT
2026-08-12 11:29:50+00:00,mem,low_free,0.0,dbms,08-2026,couchbase-802-vanilla-ce-large-large-aws,1,ip-172-31-19-161,ranking,benchANT
2026-08-12 11:20:00+00:00,mem,low_total,0.0,dbms,08-2026,couchbase-802-vanilla-ce-large-large-aws,1,ip-172-31-19-161,ranking,benchANT
2026-08-12 11:20:10+00:00,mem,low_total,0.0,dbms,08-2026,couchbase-802-vanilla-ce-large-large-aws,1,ip-172-31-19-161,ranking,benchANT
2026-08-12 11:20:20+00:00,mem,low_total,0.0,dbms,08-2026,couchbase-802-vanilla-ce-large-large-aws,1,ip-172-31-19-161,ranking,benchANT
2026-08-12 11:20:30+00:00,mem,low_total,0.0,dbms,08-2026,couchbase-802-vanilla-ce-large-large-aws,1,ip-172-31-19-161,ranking,benchANT
2026-08-12 11:20:40+00:00,mem,low_total,0.0,dbms,08-2026,couchbase-802-vanilla-ce-large-large-aws,1,ip-172-31-19-161,ranking,benchANT
2026-08-12 11:20:50+00:00,mem,low_total,0.0,dbms,08-2026,couchbase-802-vanilla-ce-large-large-aws,1,ip-172-31-19-161,ranking,benchANT
2026-08-12 11:21:00+00:00,mem,low_total,0.0,dbms,08-2026,couchbase-802-vanilla-ce-large-large-aws,1,ip-172-31-19-161,ranking,benchANT
2026-08-12 11:21:10+00:00,mem,low_total,0.0,dbms,08-2026,couchbase-802-vanilla-ce-large-large-aws,1,ip-172-31-19-161,ranking,benchANT
2026-08-12 11:21:20+00:00,mem,low_total,0.0,dbms,08-2026,couchbase-802-vanilla-ce-large-large-aws,1,ip-172-31-19-161,ranking,benchANT
2026-08-12 11:21:30+00:00,mem,low_total,0.0,dbms,08-2026,couchbase-802-vanilla-ce-large-large-aws,1,ip-172-31-19-161,ranking,benchANT
2026-08-12 11:21:40+00:00,mem,low_total,0.0,dbms,08-2026,couchbase-802-vanilla-ce-large-large-aws,1,ip-172-31-19-161,ranking,benchANT
2026-08-12 11:21:50+00:00,mem,low_total,0.0,dbms,08-2026,couchbase-802-vanilla-ce-large-large-aws,1,ip-172-31-19-161,ranking,benchANT
2026-08-12 11:22:00+00:00,mem,low_total,0.0,dbms,08-2026,couchbase-802-vanilla-ce-large-large-aws,1,ip-172-31-19-161,ranking,benchANT
2026-08-12 11:22:10+00:00,mem,low_total,0.0,dbms,08-2026,couchbase-802-vanilla-ce-large-large-aws,1,ip-172-31-19-161,ranking,benchANT
2026-08-12 11:22:20+00:00,mem,low_total,0.0,dbms,08-2026,couchbase-802-vanilla-ce-large-large-aws,1,ip-172-31-19-161,ranking,benchANT
2026-08-12 11:22:30+00:00,mem,low_total,0.0,dbms,08-2026,couchbase-802-vanilla-ce-large-large-aws,1,ip-172-31-19-161,ranking,benchANT
2026-08-12 11:22:40+00:00,mem,low_total,0.0,dbms,08-2026,couchbase-802-vanilla-ce-large-large-aws,1,ip-172-31-19-161,ranking,benchANT
2026-08-12 11:22:50+00:00,mem,low_total,0.0,dbms,08-2026,couchbase-802-vanilla-ce-large-large-aws,1,ip-172-31-19-161,ranking,benchANT
2026-08-12 11:23:00+00:00,mem,low_total,0.0,dbms,08-2026,couchbase-802-vanilla-ce-large-large-aws,1,ip-172-31-19-161,ranking,benchANT
2026-08-12 11:23:10+00:00,mem,low_total,0.0,dbms,08-2026,couchbase-802-vanilla-ce-large-large-aws,1,ip-172-31-19-161,ranking,benchANT
2026-08-12 11:23:20+00:00,mem,low_total,0.0,dbms,08-2026,couchbase-802-vanilla-ce-large-large-aws,1,ip-172-31-19-161,ranking,benchANT
2026-08-12 11:23:30+00:00,mem,low_total,0.0,dbms,08-2026,couchbase-802-vanilla-ce-large-large-aws,1,ip-172-31-19-161,ranking,benchANT
2026-08-12 11:23:40+00:00,mem,low_total,0.0,dbms,08-2026,couchbase-802-vanilla-ce-large-large-aws,1,ip-172-31-19-161,ranking,benchANT
2026-08-12 11:23:50+00:00,mem,low_total,0.0,dbms,08-2026,couchbase-802-vanilla-ce-large-large-aws,1,ip-172-31-19-161,ranking,benchANT
2026-08-12 11:24:00+00:00,mem,low_total,0.0,dbms,08-2026,couchbase-802-vanilla-ce-large-large-aws,1,ip-172-31-19-161,ranking,benchANT
2026-08-12 11:24:10+00:00,mem,low_total,0.0,dbms,08-2026,couchbase-802-vanilla-ce-large-large-aws,1,ip-172-31-19-161,ranking,benchANT
2026-08-12 11:24:20+00:00,mem,low_total,0.0,dbms,08-2026,couchbase-802-vanilla-ce-large-large-aws,1,ip-172-31-19-161,ranking,benchANT
2026-08-12 11:24:30+00:00,mem,low_total,0.0,dbms,08-2026,couchbase-802-vanilla-ce-large-large-aws,1,ip-172-31-19-161,ranking,benchANT
2026-08-12 11:24:40+00:00,mem,low_total,0.0,dbms,08-2026,couchbase-802-vanilla-ce-large-large-aws,1,ip-172-31-19-161,ranking,benchANT
2026-08-12 11:24:50+00:00,mem,low_total,0.0,dbms,08-2026,couchbase-802-vanilla-ce-large-large-aws,1,ip-172-31-19-161,ranking,benchANT
2026-08-12 11:25:00+00:00,mem,low_total,0.0,dbms,08-2026,couchbase-802-vanilla-ce-large-large-aws,1,ip-172-31-19-161,ranking,benchANT
2026-08-12 11:25:10+00:00,mem,low_total,0.0,dbms,08-2026,couchbase-802-vanilla-ce-large-large-aws,1,ip-172-31-19-161,ranking,benchANT
2026-08-12 11:25:20+00:00,mem,low_total,0.0,dbms,08-2026,couchbase-802-vanilla-ce-large-large-aws,1,ip-172-31-19-161,ranking,benchANT
2026-08-12 11:25:30+00:00,mem,low_total,0.0,dbms,08-2026,couchbase-802-vanilla-ce-large-large-aws,1,ip-172-31-19-161,ranking,benchANT
2026-08-12 11:25:40+00:00,mem,low_total,0.0,dbms,08-2026,couchbase-802-vanilla-ce-large-large-aws,1,ip-172-31-19-161,ranking,benchANT
2026-08-12 11:25:50+00:00,mem,low_total,0.0,dbms,08-2026,couchbase-802-vanilla-ce-large-large-aws,1,ip-172-31-19-161,ranking,benchANT
2026-08-12 11:26:00+00:00,mem,low_total,0.0,dbms,08-2026,couchbase-802-vanilla-ce-large-large-aws,1,ip-172-31-19-161,ranking,benchANT
2026-08-12 11:26:10+00:00,mem,low_total,0.0,dbms,08-2026,couchbase-802-vanilla-ce-large-large-aws,1,ip-172-31-19-161,ranking,benchANT
2026-08-12 11:26:20+00:00,mem,low_total,0.0,dbms,08-2026,couchbase-802-vanilla-ce-large-large-aws,1,ip-172-31-19-161,ranking,benchANT
2026-08-12 11:26:30+00:00,mem,low_total,0.0,dbms,08-2026,couchbase-802-vanilla-ce-large-large-aws,1,ip-172-31-19-161,ranking,benchANT
2026-08-12 11:26:40+00:00,mem,low_total,0.0,dbms,08-2026,couchbase-802-vanilla-ce-large-large-aws,1,ip-172-31-19-161,ranking,benchANT
2026-08-12 11:26:50+00:00,mem,low_total,0.0,dbms,08-2026,couchbase-802-vanilla-ce-large-large-aws,1,ip-172-31-19-161,ranking,benchANT
2026-08-12 11:27:00+00:00,mem,low_total,0.0,dbms,08-2026,couchbase-802-vanilla-ce-large-large-aws,1,ip-172-31-19-161,ranking,benchANT
2026-08-12 11:27:10+00:00,mem,low_total,0.0,dbms,08-2026,couchbase-802-vanilla-ce-large-large-aws,1,ip-172-31-19-161,ranking,benchANT
2026-08-12 11:27:20+00:00,mem,low_total,0.0,dbms,08-2026,couchbase-802-vanilla-ce-large-large-aws,1,ip-172-31-19-161,ranking,benchANT
2026-08-12 11:27:30+00:00,mem,low_total,0.0,dbms,08-2026,couchbase-802-vanilla-ce-large-large-aws,1,ip-172-31-19-161,ranking,benchANT
2026-08-12 11:27:40+00:00,mem,low_total,0.0,dbms,08-2026,couchbase-802-vanilla-ce-large-large-aws,1,ip-172-31-19-161,ranking,benchANT
2026-08-12 11:27:50+00:00,mem,low_total,0.0,dbms,08-2026,couchbase-802-vanilla-ce-large-large-aws,1,ip-172-31-19-161,ranking,benchANT
2026-08-12 11:28:00+00:00,mem,low_total,0.0,dbms,08-2026,couchbase-802-vanilla-ce-large-large-aws,1,ip-172-31-19-161,ranking,benchANT
2026-08-12 11:28:10+00:00,mem,low_total,0.0,dbms,08-2026,couchbase-802-vanilla-ce-large-large-aws,1,ip-172-31-19-161,ranking,benchANT
2026-08-12 11:28:20+00:00,mem,low_total,0.0,dbms,08-2026,couchbase-802-vanilla-ce-large-large-aws,1,ip-172-31-19-161,ranking,benchANT
2026-08-12 11:28:30+00:00,mem,low_total,0.0,dbms,08-2026,couchbase-802-vanilla-ce-large-large-aws,1,ip-172-31-19-161,ranking,benchANT
2026-08-12 11:28:40+00:00,mem,low_total,0.0,dbms,08-2026,couchbase-802-vanilla-ce-large-large-aws,1,ip-172-31-19-161,ranking,benchANT
2026-08-12 11:28:50+00:00,mem,low_total,0.0,dbms,08-2026,couchbase-802-vanilla-ce-large-large-aws,1,ip-172-31-19-161,ranking,benchANT
2026-08-12 11:29:00+00:00,mem,low_total,0.0,dbms,08-2026,couchbase-802-vanilla-ce-large-large-aws,1,ip-172-31-19-161,ranking,benchANT
2026-08-12 11:29:10+00:00,mem,low_total,0.0,dbms,08-2026,couchbase-802-vanilla-ce-large-large-aws,1,ip-172-31-19-161,ranking,benchANT
2026-08-12 11:29:20+00:00,mem,low_total,0.0,dbms,08-2026,couchbase-802-vanilla-ce-large-large-aws,1,ip-172-31-19-161,ranking,benchANT
2026-08-12 11:29:30+00:00,mem,low_total,0.0,dbms,08-2026,couchbase-802-vanilla-ce-large-large-aws,1,ip-172-31-19-161,ranking,benchANT
2026-08-12 11:29:40+00:00,mem,low_total,0.0,dbms,08-2026,couchbase-802-vanilla-ce-large-large-aws,1,ip-172-31-19-161,ranking,benchANT
2026-08-12 11:29:50+00:00,mem,low_total,0.0,dbms,08-2026,couchbase-802-vanilla-ce-large-large-aws,1,ip-172-31-19-161,ranking,benchANT
2026-08-12 11:20:00+00:00,mem,mapped,321515520.0,dbms,08-2026,couchbase-802-vanilla-ce-large-large-aws,1,ip-172-31-19-161,ranking,benchANT
2026-08-12 11:20:10+00:00,mem,mapped,321515520.0,dbms,08-2026,couchbase-802-vanilla-ce-large-large-aws,1,ip-172-31-19-161,ranking,benchANT
2026-08-12 11:20:20+00:00,mem,mapped,321515520.0,dbms,08-2026,couchbase-802-vanilla-ce-large-large-aws,1,ip-172-31-19-161,ranking,benchANT
2026-08-12 11:20:30+00:00,mem,mapped,321515520.0,dbms,08-2026,couchbase-802-vanilla-ce-large-large-aws,1,ip-172-31-19-161,ranking,benchANT
2026-08-12 11:20:40+00:00,mem,mapped,321515520.0,dbms,08-2026,couchbase-802-vanilla-ce-large-large-aws,1,ip-172-31-19-161,ranking,benchANT
2026-08-12 11:20:50+00:00,mem,mapped,321519616.0,dbms,08-2026,couchbase-802-vanilla-ce-large-large-aws,1,ip-172-31-19-161,ranking,benchANT
2026-08-12 11:21:00+00:00,mem,mapped,321519616.0,dbms,08-2026,couchbase-802-vanilla-ce-large-large-aws,1,ip-172-31-19-161,ranking,benchANT
2026-08-12 11:21:10+00:00,mem,mapped,321585152.0,dbms,08-2026,couchbase-802-vanilla-ce-large-large-aws,1,ip-172-31-19-161,ranking,benchANT
2026-08-12 11:21:20+00:00,mem,mapped,321650688.0,dbms,08-2026,couchbase-802-vanilla-ce-large-large-aws,1,ip-172-31-19-161,ranking,benchANT
2026-08-12 11:21:30+00:00,mem,mapped,321716224.0,dbms,08-2026,couchbase-802-vanilla-ce-large-large-aws,1,ip-172-31-19-161,ranking,benchANT
2026-08-12 11:21:40+00:00,mem,mapped,321716224.0,dbms,08-2026,couchbase-802-vanilla-ce-large-large-aws,1,ip-172-31-19-161,ranking,benchANT
2026-08-12 11:21:50+00:00,mem,mapped,321716224.0,dbms,08-2026,couchbase-802-vanilla-ce-large-large-aws,1,ip-172-31-19-161,ranking,benchANT
2026-08-12 11:22:00+00:00,mem,mapped,321716224.0,dbms,08-2026,couchbase-802-vanilla-ce-large-large-aws,1,ip-172-31-19-161,ranking,benchANT
2026-08-12 11:22:10+00:00,mem,mapped,321716224.0,dbms,08-2026,couchbase-802-vanilla-ce-large-large-aws,1,ip-172-31-19-161,ranking,benchANT
2026-08-12 11:22:20+00:00,mem,mapped,321716224.0,dbms,08-2026,couchbase-802-vanilla-ce-large-large-aws,1,ip-172-31-19-161,ranking,benchANT
2026-08-12 11:22:30+00:00,mem,mapped,321716224.0,dbms,08-2026,couchbase-802-vanilla-ce-large-large-aws,1,ip-172-31-19-161,ranking,benchANT
2026-08-12 11:22:40+00:00,mem,mapped,321781760.0,dbms,08-2026,couchbase-802-vanilla-ce-large-large-aws,1,ip-172-31-19-161,ranking,benchANT
2026-08-12 11:22:50+00:00,mem,mapped,321781760.0,dbms,08-2026,couchbase-802-vanilla-ce-large-large-aws,1,ip-172-31-19-161,ranking,benchANT
2026-08-12 11:23:00+00:00,mem,mapped,321781760.0,dbms,08-2026,couchbase-802-vanilla-ce-large-large-aws,1,ip-172-31-19-161,ranking,benchANT
2026-08-12 11:23:10+00:00,mem,mapped,321781760.0,dbms,08-2026,couchbase-802-vanilla-ce-large-large-aws,1,ip-172-31-19-161,ranking,benchANT
2026-08-12 11:23:20+00:00,mem,mapped,321781760.0,dbms,08-2026,couchbase-802-vanilla-ce-large-large-aws,1,ip-172-31-19-161,ranking,benchANT
2026-08-12 11:23:30+00:00,mem,mapped,321781760.0,dbms,08-2026,couchbase-802-vanilla-ce-large-large-aws,1,ip-172-31-19-161,ranking,benchANT
2026-08-12 11:23:40+00:00,mem,mapped,321781760.0,dbms,08-2026,couchbase-802-vanilla-ce-large-large-aws,1,ip-172-31-19-161,ranking,benchANT
2026-08-12 11:23:50+00:00,mem,mapped,321781760.0,dbms,08-2026,couchbase-802-vanilla-ce-large-large-aws,1,ip-172-31-19-161,ranking,benchANT
2026-08-12 11:24:00+00:00,mem,mapped,322109440.0,dbms,08-2026,couchbase-802-vanilla-ce-large-large-aws,1,ip-172-31-19-161,ranking,benchANT
2026-08-12 11:24:10+00:00,mem,mapped,322109440.0,dbms,08-2026,couchbase-802-vanilla-ce-large-large-aws,1,ip-172-31-19-161,ranking,benchANT
2026-08-12 11:24:20+00:00,mem,mapped,322109440.0,dbms,08-2026,couchbase-802-vanilla-ce-large-large-aws,1,ip-172-31-19-161,ranking,benchANT
2026-08-12 11:24:30+00:00,mem,mapped,322109440.0,dbms,08-2026,couchbase-802-vanilla-ce-large-large-aws,1,ip-172-31-19-161,ranking,benchANT
2026-08-12 11:24:40+00:00,mem,mapped,322109440.0,dbms,08-2026,couchbase-802-vanilla-ce-large-large-aws,1,ip-172-31-19-161,ranking,benchANT
2026-08-12 11:24:50+00:00,mem,mapped,322109440.0,dbms,08-2026,couchbase-802-vanilla-ce-large-large-aws,1,ip-172-31-19-161,ranking,benchANT
2026-08-12 11:25:00+00:00,mem,mapped,322109440.0,dbms,08-2026,couchbase-802-vanilla-ce-large-large-aws,1,ip-172-31-19-161,ranking,benchANT
2026-08-12 11:25:10+00:00,mem,mapped,322117632.0,dbms,08-2026,couchbase-802-vanilla-ce-large-large-aws,1,ip-172-31-19-161,ranking,benchANT
2026-08-12 11:25:20+00:00,mem,mapped,322117632.0,dbms,08-2026,couchbase-802-vanilla-ce-large-large-aws,1,ip-172-31-19-161,ranking,benchANT
2026-08-12 11:25:30+00:00,mem,mapped,322117632.0,dbms,08-2026,couchbase-802-vanilla-ce-large-large-aws,1,ip-172-31-19-161,ranking,benchANT
2026-08-12 11:25:40+00:00,mem,mapped,322117632.0,dbms,08-2026,couchbase-802-vanilla-ce-large-large-aws,1,ip-172-31-19-161,ranking,benchANT
2026-08-12 11:25:50+00:00,mem,mapped,321921024.0,dbms,08-2026,couchbase-802-vanilla-ce-large-large-aws,1,ip-172-31-19-161,ranking,benchANT
2026-08-12 11:26:00+00:00,mem,mapped,318349312.0,dbms,08-2026,couchbase-802-vanilla-ce-large-large-aws,1,ip-172-31-19-161,ranking,benchANT
2026-08-12 11:26:10+00:00,mem,mapped,318382080.0,dbms,08-2026,couchbase-802-vanilla-ce-large-large-aws,1,ip-172-31-19-161,ranking,benchANT
2026-08-12 11:26:20+00:00,mem,mapped,318775296.0,dbms,08-2026,couchbase-802-vanilla-ce-large-large-aws,1,ip-172-31-19-161,ranking,benchANT
2026-08-12 11:26:30+00:00,mem,mapped,318775296.0,dbms,08-2026,couchbase-802-vanilla-ce-large-large-aws,1,ip-172-31-19-161,ranking,benchANT
2026-08-12 11:26:40+00:00,mem,mapped,318775296.0,dbms,08-2026,couchbase-802-vanilla-ce-large-large-aws,1,ip-172-31-19-161,ranking,benchANT
2026-08-12 11:26:50+00:00,mem,mapped,316628992.0,dbms,08-2026,couchbase-802-vanilla-ce-large-large-aws,1,ip-172-31-19-161,ranking,benchANT
2026-08-12 11:27:00+00:00,mem,mapped,316428288.0,dbms,08-2026,couchbase-802-vanilla-ce-large-large-aws,1,ip-172-31-19-161,ranking,benchANT
2026-08-12 11:27:10+00:00,mem,mapped,315801600.0,dbms,08-2026,couchbase-802-vanilla-ce-large-large-aws,1,ip-172-31-19-161,ranking,benchANT
2026-08-12 11:27:20+00:00,mem,mapped,315801600.0,dbms,08-2026,couchbase-802-vanilla-ce-large-large-aws,1,ip-172-31-19-161,ranking,benchANT
2026-08-12 11:27:30+00:00,mem,mapped,316157952.0,dbms,08-2026,couchbase-802-vanilla-ce-large-large-aws,1,ip-172-31-19-161,ranking,benchANT
2026-08-12 11:27:40+00:00,mem,mapped,300167168.0,dbms,08-2026,couchbase-802-vanilla-ce-large-large-aws,1,ip-172-31-19-161,ranking,benchANT
2026-08-12 11:27:50+00:00,mem,mapped,300736512.0,dbms,08-2026,couchbase-802-vanilla-ce-large-large-aws,1,ip-172-31-19-161,ranking,benchANT
2026-08-12 11:28:00+00:00,mem,mapped,300736512.0,dbms,08-2026,couchbase-802-vanilla-ce-large-large-aws,1,ip-172-31-19-161,ranking,benchANT
2026-08-12 11:28:10+00:00,mem,mapped,300736512.0,dbms,08-2026,couchbase-802-vanilla-ce-large-large-aws,1,ip-172-31-19-161,ranking,benchANT
2026-08-12 11:28:20+00:00,mem,mapped,300802048.0,dbms,08-2026,couchbase-802-vanilla-ce-large-large-aws,1,ip-172-31-19-161,ranking,benchANT
2026-08-12 11:28:30+00:00,mem,mapped,300863488.0,dbms,08-2026,couchbase-802-vanilla-ce-large-large-aws,1,ip-172-31-19-161,ranking,benchANT
2026-08-12 11:28:40+00:00,mem,mapped,300924928.0,dbms,08-2026,couchbase-802-vanilla-ce-large-large-aws,1,ip-172-31-19-161,ranking,benchANT
2026-08-12 11:28:50+00:00,mem,mapped,300982272.0,dbms,08-2026,couchbase-802-vanilla-ce-large-large-aws,1,ip-172-31-19-161,ranking,benchANT
2026-08-12 11:29:00+00:00,mem,mapped,301010944.0,dbms,08-2026,couchbase-802-vanilla-ce-large-large-aws,1,ip-172-31-19-161,ranking,benchANT
2026-08-12 11:29:10+00:00,mem,mapped,301010944.0,dbms,08-2026,couchbase-802-vanilla-ce-large-large-aws,1,ip-172-31-19-161,ranking,benchANT
2026-08-12 11:29:20+00:00,mem,mapped,302641152.0,dbms,08-2026,couchbase-802-vanilla-ce-large-large-aws,1,ip-172-31-19-161,ranking,benchANT
2026-08-12 11:29:30+00:00,mem,mapped,302747648.0,dbms,08-2026,couchbase-802-vanilla-ce-large-large-aws,1,ip-172-31-19-161,ranking,benchANT
2026-08-12 11:29:40+00:00,mem,mapped,302747648.0,dbms,08-2026,couchbase-802-vanilla-ce-large-large-aws,1,ip-172-31-19-161,ranking,benchANT
2026-08-12 11:29:50+00:00,mem,mapped,302747648.0,dbms,08-2026,couchbase-802-vanilla-ce-large-large-aws,1,ip-172-31-19-161,ranking,benchANT
2026-08-12 11:20:00+00:00,mem,page_tables,17874944.0,dbms,08-2026,couchbase-802-vanilla-ce-large-large-aws,1,ip-172-31-19-161,ranking,benchANT
2026-08-12 11:20:10+00:00,mem,page_tables,17862656.0,dbms,08-2026,couchbase-802-vanilla-ce-large-large-aws,1,ip-172-31-19-161,ranking,benchANT
2026-08-12 11:20:20+00:00,mem,page_tables,17879040.0,dbms,08-2026,couchbase-802-vanilla-ce-large-large-aws,1,ip-172-31-19-161,ranking,benchANT
2026-08-12 11:20:30+00:00,mem,page_tables,17866752.0,dbms,08-2026,couchbase-802-vanilla-ce-large-large-aws,1,ip-172-31-19-161,ranking,benchANT
2026-08-12 11:20:40+00:00,mem,page_tables,17854464.0,dbms,08-2026,couchbase-802-vanilla-ce-large-large-aws,1,ip-172-31-19-161,ranking,benchANT
2026-08-12 11:20:50+00:00,mem,page_tables,17862656.0,dbms,08-2026,couchbase-802-vanilla-ce-large-large-aws,1,ip-172-31-19-161,ranking,benchANT
2026-08-12 11:21:00+00:00,mem,page_tables,17862656.0,dbms,08-2026,couchbase-802-vanilla-ce-large-large-aws,1,ip-172-31-19-161,ranking,benchANT
2026-08-12 11:21:10+00:00,mem,page_tables,17879040.0,dbms,08-2026,couchbase-802-vanilla-ce-large-large-aws,1,ip-172-31-19-161,ranking,benchANT
2026-08-12 11:21:20+00:00,mem,page_tables,17944576.0,dbms,08-2026,couchbase-802-vanilla-ce-large-large-aws,1,ip-172-31-19-161,ranking,benchANT
2026-08-12 11:21:30+00:00,mem,page_tables,18292736.0,dbms,08-2026,couchbase-802-vanilla-ce-large-large-aws,1,ip-172-31-19-161,ranking,benchANT
2026-08-12 11:21:40+00:00,mem,page_tables,19238912.0,dbms,08-2026,couchbase-802-vanilla-ce-large-large-aws,1,ip-172-31-19-161,ranking,benchANT
2026-08-12 11:21:50+00:00,mem,page_tables,20217856.0,dbms,08-2026,couchbase-802-vanilla-ce-large-large-aws,1,ip-172-31-19-161,ranking,benchANT
2026-08-12 11:22:00+00:00,mem,page_tables,21241856.0,dbms,08-2026,couchbase-802-vanilla-ce-large-large-aws,1,ip-172-31-19-161,ranking,benchANT
2026-08-12 11:22:10+00:00,mem,page_tables,22183936.0,dbms,08-2026,couchbase-802-vanilla-ce-large-large-aws,1,ip-172-31-19-161,ranking,benchANT
2026-08-12 11:22:20+00:00,mem,page_tables,23183360.0,dbms,08-2026,couchbase-802-vanilla-ce-large-large-aws,1,ip-172-31-19-161,ranking,benchANT
2026-08-12 11:22:30+00:00,mem,page_tables,24158208.0,dbms,08-2026,couchbase-802-vanilla-ce-large-large-aws,1,ip-172-31-19-161,ranking,benchANT
2026-08-12 11:22:40+00:00,mem,page_tables,25120768.0,dbms,08-2026,couchbase-802-vanilla-ce-large-large-aws,1,ip-172-31-19-161,ranking,benchANT
2026-08-12 11:22:50+00:00,mem,page_tables,26112000.0,dbms,08-2026,couchbase-802-vanilla-ce-large-large-aws,1,ip-172-31-19-161,ranking,benchANT
2026-08-12 11:23:00+00:00,mem,page_tables,27103232.0,dbms,08-2026,couchbase-802-vanilla-ce-large-large-aws,1,ip-172-31-19-161,ranking,benchANT
2026-08-12 11:23:10+00:00,mem,page_tables,28078080.0,dbms,08-2026,couchbase-802-vanilla-ce-large-large-aws,1,ip-172-31-19-161,ranking,benchANT
2026-08-12 11:23:20+00:00,mem,page_tables,29081600.0,dbms,08-2026,couchbase-802-vanilla-ce-large-large-aws,1,ip-172-31-19-161,ranking,benchANT
2026-08-12 11:23:30+00:00,mem,page_tables,29990912.0,dbms,08-2026,couchbase-802-vanilla-ce-large-large-aws,1,ip-172-31-19-161,ranking,benchANT
2026-08-12 11:23:40+00:00,mem,page_tables,30986240.0,dbms,08-2026,couchbase-802-vanilla-ce-large-large-aws,1,ip-172-31-19-161,ranking,benchANT
2026-08-12 11:23:50+00:00,mem,page_tables,32096256.0,dbms,08-2026,couchbase-802-vanilla-ce-large-large-aws,1,ip-172-31-19-161,ranking,benchANT
2026-08-12 11:24:00+00:00,mem,page_tables,33112064.0,dbms,08-2026,couchbase-802-vanilla-ce-large-large-aws,1,ip-172-31-19-161,ranking,benchANT
2026-08-12 11:24:10+00:00,mem,page_tables,34062336.0,dbms,08-2026,couchbase-802-vanilla-ce-large-large-aws,1,ip-172-31-19-161,ranking,benchANT
2026-08-12 11:24:20+00:00,mem,page_tables,35074048.0,dbms,08-2026,couchbase-802-vanilla-ce-large-large-aws,1,ip-172-31-19-161,ranking,benchANT
2026-08-12 11:24:30+00:00,mem,page_tables,36016128.0,dbms,08-2026,couchbase-802-vanilla-ce-large-large-aws,1,ip-172-31-19-161,ranking,benchANT
2026-08-12 11:24:40+00:00,mem,page_tables,36954112.0,dbms,08-2026,couchbase-802-vanilla-ce-large-large-aws,1,ip-172-31-19-161,ranking,benchANT
2026-08-12 11:24:50+00:00,mem,page_tables,37163008.0,dbms,08-2026,couchbase-802-vanilla-ce-large-large-aws,1,ip-172-31-19-161,ranking,benchANT
2026-08-12 11:25:00+00:00,mem,page_tables,37269504.0,dbms,08-2026,couchbase-802-vanilla-ce-large-large-aws,1,ip-172-31-19-161,ranking,benchANT
2026-08-12 11:25:10+00:00,mem,page_tables,37371904.0,dbms,08-2026,couchbase-802-vanilla-ce-large-large-aws,1,ip-172-31-19-161,ranking,benchANT
2026-08-12 11:25:20+00:00,mem,page_tables,37457920.0,dbms,08-2026,couchbase-802-vanilla-ce-large-large-aws,1,ip-172-31-19-161,ranking,benchANT
2026-08-12 11:25:30+00:00,mem,page_tables,37502976.0,dbms,08-2026,couchbase-802-vanilla-ce-large-large-aws,1,ip-172-31-19-161,ranking,benchANT
2026-08-12 11:25:40+00:00,mem,page_tables,37568512.0,dbms,08-2026,couchbase-802-vanilla-ce-large-large-aws,1,ip-172-31-19-161,ranking,benchANT
2026-08-12 11:25:50+00:00,mem,page_tables,37617664.0,dbms,08-2026,couchbase-802-vanilla-ce-large-large-aws,1,ip-172-31-19-161,ranking,benchANT
2026-08-12 11:26:00+00:00,mem,page_tables,37699584.0,dbms,08-2026,couchbase-802-vanilla-ce-large-large-aws,1,ip-172-31-19-161,ranking,benchANT
2026-08-12 11:26:10+00:00,mem,page_tables,37765120.0,dbms,08-2026,couchbase-802-vanilla-ce-large-large-aws,1,ip-172-31-19-161,ranking,benchANT
2026-08-12 11:26:20+00:00,mem,page_tables,37814272.0,dbms,08-2026,couchbase-802-vanilla-ce-large-large-aws,1,ip-172-31-19-161,ranking,benchANT
2026-08-12 11:26:30+00:00,mem,page_tables,37867520.0,dbms,08-2026,couchbase-802-vanilla-ce-large-large-aws,1,ip-172-31-19-161,ranking,benchANT
2026-08-12 11:26:40+00:00,mem,page_tables,37937152.0,dbms,08-2026,couchbase-802-vanilla-ce-large-large-aws,1,ip-172-31-19-161,ranking,benchANT
2026-08-12 11:26:50+00:00,mem,page_tables,37986304.0,dbms,08-2026,couchbase-802-vanilla-ce-large-large-aws,1,ip-172-31-19-161,ranking,benchANT
2026-08-12 11:27:00+00:00,mem,page_tables,38060032.0,dbms,08-2026,couchbase-802-vanilla-ce-large-large-aws,1,ip-172-31-19-161,ranking,benchANT
2026-08-12 11:27:10+00:00,mem,page_tables,38121472.0,dbms,08-2026,couchbase-802-vanilla-ce-large-large-aws,1,ip-172-31-19-161,ranking,benchANT
2026-08-12 11:27:20+00:00,mem,page_tables,38174720.0,dbms,08-2026,couchbase-802-vanilla-ce-large-large-aws,1,ip-172-31-19-161,ranking,benchANT
2026-08-12 11:27:30+00:00,mem,page_tables,38395904.0,dbms,08-2026,couchbase-802-vanilla-ce-large-large-aws,1,ip-172-31-19-161,ranking,benchANT
2026-08-12 11:27:40+00:00,mem,page_tables,38555648.0,dbms,08-2026,couchbase-802-vanilla-ce-large-large-aws,1,ip-172-31-19-161,ranking,benchANT
2026-08-12 11:27:50+00:00,mem,page_tables,38625280.0,dbms,08-2026,couchbase-802-vanilla-ce-large-large-aws,1,ip-172-31-19-161,ranking,benchANT
2026-08-12 11:28:00+00:00,mem,page_tables,38682624.0,dbms,08-2026,couchbase-802-vanilla-ce-large-large-aws,1,ip-172-31-19-161,ranking,benchANT
2026-08-12 11:28:10+00:00,mem,page_tables,38760448.0,dbms,08-2026,couchbase-802-vanilla-ce-large-large-aws,1,ip-172-31-19-161,ranking,benchANT
2026-08-12 11:28:20+00:00,mem,page_tables,38813696.0,dbms,08-2026,couchbase-802-vanilla-ce-large-large-aws,1,ip-172-31-19-161,ranking,benchANT
2026-08-12 11:28:30+00:00,mem,page_tables,38879232.0,dbms,08-2026,couchbase-802-vanilla-ce-large-large-aws,1,ip-172-31-19-161,ranking,benchANT
2026-08-12 11:28:40+00:00,mem,page_tables,38957056.0,dbms,08-2026,couchbase-802-vanilla-ce-large-large-aws,1,ip-172-31-19-161,ranking,benchANT
2026-08-12 11:28:50+00:00,mem,page_tables,39014400.0,dbms,08-2026,couchbase-802-vanilla-ce-large-large-aws,1,ip-172-31-19-161,ranking,benchANT
2026-08-12 11:29:00+00:00,mem,page_tables,39092224.0,dbms,08-2026,couchbase-802-vanilla-ce-large-large-aws,1,ip-172-31-19-161,ranking,benchANT
2026-08-12 11:29:10+00:00,mem,page_tables,39157760.0,dbms,08-2026,couchbase-802-vanilla-ce-large-large-aws,1,ip-172-31-19-161,ranking,benchANT
2026-08-12 11:29:20+00:00,mem,page_tables,39231488.0,dbms,08-2026,couchbase-802-vanilla-ce-large-large-aws,1,ip-172-31-19-161,ranking,benchANT
2026-08-12 11:29:30+00:00,mem,page_tables,39292928.0,dbms,08-2026,couchbase-802-vanilla-ce-large-large-aws,1,ip-172-31-19-161,ranking,benchANT
2026-08-12 11:29:40+00:00,mem,page_tables,39288832.0,dbms,08-2026,couchbase-802-vanilla-ce-large-large-aws,1,ip-172-31-19-161,ranking,benchANT
2026-08-12 11:29:50+00:00,mem,page_tables,39297024.0,dbms,08-2026,couchbase-802-vanilla-ce-large-large-aws,1,ip-172-31-19-161,ranking,benchANT
2026-08-12 11:20:00+00:00,mem,shared,43806720.0,dbms,08-2026,couchbase-802-vanilla-ce-large-large-aws,1,ip-172-31-19-161,ranking,benchANT
2026-08-12 11:20:10+00:00,mem,shared,43806720.0,dbms,08-2026,couchbase-802-vanilla-ce-large-large-aws,1,ip-172-31-19-161,ranking,benchANT
2026-08-12 11:20:20+00:00,mem,shared,43806720.0,dbms,08-2026,couchbase-802-vanilla-ce-large-large-aws,1,ip-172-31-19-161,ranking,benchANT
2026-08-12 11:20:30+00:00,mem,shared,43806720.0,dbms,08-2026,couchbase-802-vanilla-ce-large-large-aws,1,ip-172-31-19-161,ranking,benchANT
2026-08-12 11:20:40+00:00,mem,shared,43806720.0,dbms,08-2026,couchbase-802-vanilla-ce-large-large-aws,1,ip-172-31-19-161,ranking,benchANT
2026-08-12 11:20:50+00:00,mem,shared,43806720.0,dbms,08-2026,couchbase-802-vanilla-ce-large-large-aws,1,ip-172-31-19-161,ranking,benchANT
2026-08-12 11:21:00+00:00,mem,shared,43806720.0,dbms,08-2026,couchbase-802-vanilla-ce-large-large-aws,1,ip-172-31-19-161,ranking,benchANT
2026-08-12 11:21:10+00:00,mem,shared,43806720.0,dbms,08-2026,couchbase-802-vanilla-ce-large-large-aws,1,ip-172-31-19-161,ranking,benchANT
2026-08-12 11:21:20+00:00,mem,shared,43806720.0,dbms,08-2026,couchbase-802-vanilla-ce-large-large-aws,1,ip-172-31-19-161,ranking,benchANT
2026-08-12 11:21:30+00:00,mem,shared,43806720.0,dbms,08-2026,couchbase-802-vanilla-ce-large-large-aws,1,ip-172-31-19-161,ranking,benchANT
2026-08-12 11:21:40+00:00,mem,shared,43806720.0,dbms,08-2026,couchbase-802-vanilla-ce-large-large-aws,1,ip-172-31-19-161,ranking,benchANT
2026-08-12 11:21:50+00:00,mem,shared,43806720.0,dbms,08-2026,couchbase-802-vanilla-ce-large-large-aws,1,ip-172-31-19-161,ranking,benchANT
2026-08-12 11:22:00+00:00,mem,shared,43806720.0,dbms,08-2026,couchbase-802-vanilla-ce-large-large-aws,1,ip-172-31-19-161,ranking,benchANT
2026-08-12 11:22:10+00:00,mem,shared,43806720.0,dbms,08-2026,couchbase-802-vanilla-ce-large-large-aws,1,ip-172-31-19-161,ranking,benchANT
2026-08-12 11:22:20+00:00,mem,shared,43806720.0,dbms,08-2026,couchbase-802-vanilla-ce-large-large-aws,1,ip-172-31-19-161,ranking,benchANT
2026-08-12 11:22:30+00:00,mem,shared,43806720.0,dbms,08-2026,couchbase-802-vanilla-ce-large-large-aws,1,ip-172-31-19-161,ranking,benchANT
2026-08-12 11:22:40+00:00,mem,shared,43806720.0,dbms,08-2026,couchbase-802-vanilla-ce-large-large-aws,1,ip-172-31-19-161,ranking,benchANT
2026-08-12 11:22:50+00:00,mem,shared,43806720.0,dbms,08-2026,couchbase-802-vanilla-ce-large-large-aws,1,ip-172-31-19-161,ranking,benchANT
2026-08-12 11:23:00+00:00,mem,shared,43806720.0,dbms,08-2026,couchbase-802-vanilla-ce-large-large-aws,1,ip-172-31-19-161,ranking,benchANT
2026-08-12 11:23:10+00:00,mem,shared,43806720.0,dbms,08-2026,couchbase-802-vanilla-ce-large-large-aws,1,ip-172-31-19-161,ranking,benchANT
2026-08-12 11:23:20+00:00,mem,shared,43806720.0,dbms,08-2026,couchbase-802-vanilla-ce-large-large-aws,1,ip-172-31-19-161,ranking,benchANT
2026-08-12 11:23:30+00:00,mem,shared,43806720.0,dbms,08-2026,couchbase-802-vanilla-ce-large-large-aws,1,ip-172-31-19-161,ranking,benchANT
2026-08-12 11:23:40+00:00,mem,shared,43806720.0,dbms,08-2026,couchbase-802-vanilla-ce-large-large-aws,1,ip-172-31-19-161,ranking,benchANT
2026-08-12 11:23:50+00:00,mem,shared,43806720.0,dbms,08-2026,couchbase-802-vanilla-ce-large-large-aws,1,ip-172-31-19-161,ranking,benchANT
2026-08-12 11:24:00+00:00,mem,shared,43806720.0,dbms,08-2026,couchbase-802-vanilla-ce-large-large-aws,1,ip-172-31-19-161,ranking,benchANT
2026-08-12 11:24:10+00:00,mem,shared,43806720.0,dbms,08-2026,couchbase-802-vanilla-ce-large-large-aws,1,ip-172-31-19-161,ranking,benchANT
2026-08-12 11:24:20+00:00,mem,shared,43806720.0,dbms,08-2026,couchbase-802-vanilla-ce-large-large-aws,1,ip-172-31-19-161,ranking,benchANT
2026-08-12 11:24:30+00:00,mem,shared,43806720.0,dbms,08-2026,couchbase-802-vanilla-ce-large-large-aws,1,ip-172-31-19-161,ranking,benchANT
2026-08-12 11:24:40+00:00,mem,shared,43806720.0,dbms,08-2026,couchbase-802-vanilla-ce-large-large-aws,1,ip-172-31-19-161,ranking,benchANT
2026-08-12 11:24:50+00:00,mem,shared,43806720.0,dbms,08-2026,couchbase-802-vanilla-ce-large-large-aws,1,ip-172-31-19-161,ranking,benchANT
2026-08-12 11:25:00+00:00,mem,shared,43806720.0,dbms,08-2026,couchbase-802-vanilla-ce-large-large-aws,1,ip-172-31-19-161,ranking,benchANT
2026-08-12 11:25:10+00:00,mem,shared,43806720.0,dbms,08-2026,couchbase-802-vanilla-ce-large-large-aws,1,ip-172-31-19-161,ranking,benchANT
2026-08-12 11:25:20+00:00,mem,shared,43806720.0,dbms,08-2026,couchbase-802-vanilla-ce-large-large-aws,1,ip-172-31-19-161,ranking,benchANT
2026-08-12 11:25:30+00:00,mem,shared,43806720.0,dbms,08-2026,couchbase-802-vanilla-ce-large-large-aws,1,ip-172-31-19-161,ranking,benchANT
2026-08-12 11:25:40+00:00,mem,shared,43806720.0,dbms,08-2026,couchbase-802-vanilla-ce-large-large-aws,1,ip-172-31-19-161,ranking,benchANT
2026-08-12 11:25:50+00:00,mem,shared,43806720.0,dbms,08-2026,couchbase-802-vanilla-ce-large-large-aws,1,ip-172-31-19-161,ranking,benchANT
2026-08-12 11:26:00+00:00,mem,shared,43806720.0,dbms,08-2026,couchbase-802-vanilla-ce-large-large-aws,1,ip-172-31-19-161,ranking,benchANT
2026-08-12 11:26:10+00:00,mem,shared,43806720.0,dbms,08-2026,couchbase-802-vanilla-ce-large-large-aws,1,ip-172-31-19-161,ranking,benchANT
2026-08-12 11:26:20+00:00,mem,shared,43806720.0,dbms,08-2026,couchbase-802-vanilla-ce-large-large-aws,1,ip-172-31-19-161,ranking,benchANT
2026-08-12 11:26:30+00:00,mem,shared,43806720.0,dbms,08-2026,couchbase-802-vanilla-ce-large-large-aws,1,ip-172-31-19-161,ranking,benchANT
2026-08-12 11:26:40+00:00,mem,shared,43806720.0,dbms,08-2026,couchbase-802-vanilla-ce-large-large-aws,1,ip-172-31-19-161,ranking,benchANT
2026-08-12 11:26:50+00:00,mem,shared,43806720.0,dbms,08-2026,couchbase-802-vanilla-ce-large-large-aws,1,ip-172-31-19-161,ranking,benchANT
2026-08-12 11:27:00+00:00,mem,shared,43806720.0,dbms,08-2026,couchbase-802-vanilla-ce-large-large-aws,1,ip-172-31-19-161,ranking,benchANT
2026-08-12 11:27:10+00:00,mem,shared,43806720.0,dbms,08-2026,couchbase-802-vanilla-ce-large-large-aws,1,ip-172-31-19-161,ranking,benchANT
2026-08-12 11:27:20+00:00,mem,shared,43806720.0,dbms,08-2026,couchbase-802-vanilla-ce-large-large-aws,1,ip-172-31-19-161,ranking,benchANT
2026-08-12 11:27:30+00:00,mem,shared,43806720.0,dbms,08-2026,couchbase-802-vanilla-ce-large-large-aws,1,ip-172-31-19-161,ranking,benchANT
2026-08-12 11:27:40+00:00,mem,shared,43806720.0,dbms,08-2026,couchbase-802-vanilla-ce-large-large-aws,1,ip-172-31-19-161,ranking,benchANT
2026-08-12 11:27:50+00:00,mem,shared,43806720.0,dbms,08-2026,couchbase-802-vanilla-ce-large-large-aws,1,ip-172-31-19-161,ranking,benchANT
2026-08-12 11:28:00+00:00,mem,shared,43806720.0,dbms,08-2026,couchbase-802-vanilla-ce-large-large-aws,1,ip-172-31-19-161,ranking,benchANT
2026-08-12 11:28:10+00:00,mem,shared,43806720.0,dbms,08-2026,couchbase-802-vanilla-ce-large-large-aws,1,ip-172-31-19-161,ranking,benchANT
2026-08-12 11:28:20+00:00,mem,shared,43806720.0,dbms,08-2026,couchbase-802-vanilla-ce-large-large-aws,1,ip-172-31-19-161,ranking,benchANT
2026-08-12 11:28:30+00:00,mem,shared,43806720.0,dbms,08-2026,couchbase-802-vanilla-ce-large-large-aws,1,ip-172-31-19-161,ranking,benchANT
2026-08-12 11:28:40+00:00,mem,shared,43806720.0,dbms,08-2026,couchbase-802-vanilla-ce-large-large-aws,1,ip-172-31-19-161,ranking,benchANT
2026-08-12 11:28:50+00:00,mem,shared,43806720.0,dbms,08-2026,couchbase-802-vanilla-ce-large-large-aws,1,ip-172-31-19-161,ranking,benchANT
2026-08-12 11:29:00+00:00,mem,shared,43806720.0,dbms,08-2026,couchbase-802-vanilla-ce-large-large-aws,1,ip-172-31-19-161,ranking,benchANT
2026-08-12 11:29:10+00:00,mem,shared,43806720.0,dbms,08-2026,couchbase-802-vanilla-ce-large-large-aws,1,ip-172-31-19-161,ranking,benchANT
2026-08-12 11:29:20+00:00,mem,shared,43806720.0,dbms,08-2026,couchbase-802-vanilla-ce-large-large-aws,1,ip-172-31-19-161,ranking,benchANT
2026-08-12 11:29:30+00:00,mem,shared,43806720.0,dbms,08-2026,couchbase-802-vanilla-ce-large-large-aws,1,ip-172-31-19-161,ranking,benchANT
2026-08-12 11:29:40+00:00,mem,shared,43806720.0,dbms,08-2026,couchbase-802-vanilla-ce-large-large-aws,1,ip-172-31-19-161,ranking,benchANT
2026-08-12 11:29:50+00:00,mem,shared,43806720.0,dbms,08-2026,couchbase-802-vanilla-ce-large-large-aws,1,ip-172-31-19-161,ranking,benchANT
2026-08-12 11:20:00+00:00,mem,slab,318951424.0,dbms,08-2026,couchbase-802-vanilla-ce-large-large-aws,1,ip-172-31-19-161,ranking,benchANT
2026-08-12 11:20:10+00:00,mem,slab,318984192.0,dbms,08-2026,couchbase-802-vanilla-ce-large-large-aws,1,ip-172-31-19-161,ranking,benchANT
2026-08-12 11:20:20+00:00,mem,slab,318984192.0,dbms,08-2026,couchbase-802-vanilla-ce-large-large-aws,1,ip-172-31-19-161,ranking,benchANT
2026-08-12 11:20:30+00:00,mem,slab,318992384.0,dbms,08-2026,couchbase-802-vanilla-ce-large-large-aws,1,ip-172-31-19-161,ranking,benchANT
2026-08-12 11:20:40+00:00,mem,slab,319057920.0,dbms,08-2026,couchbase-802-vanilla-ce-large-large-aws,1,ip-172-31-19-161,ranking,benchANT
2026-08-12 11:20:50+00:00,mem,slab,319266816.0,dbms,08-2026,couchbase-802-vanilla-ce-large-large-aws,1,ip-172-31-19-161,ranking,benchANT
2026-08-12 11:21:00+00:00,mem,slab,319787008.0,dbms,08-2026,couchbase-802-vanilla-ce-large-large-aws,1,ip-172-31-19-161,ranking,benchANT
2026-08-12 11:21:10+00:00,mem,slab,321134592.0,dbms,08-2026,couchbase-802-vanilla-ce-large-large-aws,1,ip-172-31-19-161,ranking,benchANT
2026-08-12 11:21:20+00:00,mem,slab,323063808.0,dbms,08-2026,couchbase-802-vanilla-ce-large-large-aws,1,ip-172-31-19-161,ranking,benchANT
2026-08-12 11:21:30+00:00,mem,slab,327360512.0,dbms,08-2026,couchbase-802-vanilla-ce-large-large-aws,1,ip-172-31-19-161,ranking,benchANT
2026-08-12 11:21:40+00:00,mem,slab,341082112.0,dbms,08-2026,couchbase-802-vanilla-ce-large-large-aws,1,ip-172-31-19-161,ranking,benchANT
2026-08-12 11:21:50+00:00,mem,slab,353816576.0,dbms,08-2026,couchbase-802-vanilla-ce-large-large-aws,1,ip-172-31-19-161,ranking,benchANT
2026-08-12 11:22:00+00:00,mem,slab,367013888.0,dbms,08-2026,couchbase-802-vanilla-ce-large-large-aws,1,ip-172-31-19-161,ranking,benchANT
2026-08-12 11:22:10+00:00,mem,slab,380604416.0,dbms,08-2026,couchbase-802-vanilla-ce-large-large-aws,1,ip-172-31-19-161,ranking,benchANT
2026-08-12 11:22:20+00:00,mem,slab,393789440.0,dbms,08-2026,couchbase-802-vanilla-ce-large-large-aws,1,ip-172-31-19-161,ranking,benchANT
2026-08-12 11:22:30+00:00,mem,slab,407842816.0,dbms,08-2026,couchbase-802-vanilla-ce-large-large-aws,1,ip-172-31-19-161,ranking,benchANT
2026-08-12 11:22:40+00:00,mem,slab,420642816.0,dbms,08-2026,couchbase-802-vanilla-ce-large-large-aws,1,ip-172-31-19-161,ranking,benchANT
2026-08-12 11:22:50+00:00,mem,slab,434094080.0,dbms,08-2026,couchbase-802-vanilla-ce-large-large-aws,1,ip-172-31-19-161,ranking,benchANT
2026-08-12 11:23:00+00:00,mem,slab,447705088.0,dbms,08-2026,couchbase-802-vanilla-ce-large-large-aws,1,ip-172-31-19-161,ranking,benchANT
2026-08-12 11:23:10+00:00,mem,slab,461242368.0,dbms,08-2026,couchbase-802-vanilla-ce-large-large-aws,1,ip-172-31-19-161,ranking,benchANT
2026-08-12 11:23:20+00:00,mem,slab,475029504.0,dbms,08-2026,couchbase-802-vanilla-ce-large-large-aws,1,ip-172-31-19-161,ranking,benchANT
2026-08-12 11:23:30+00:00,mem,slab,487497728.0,dbms,08-2026,couchbase-802-vanilla-ce-large-large-aws,1,ip-172-31-19-161,ranking,benchANT
2026-08-12 11:23:40+00:00,mem,slab,500912128.0,dbms,08-2026,couchbase-802-vanilla-ce-large-large-aws,1,ip-172-31-19-161,ranking,benchANT
2026-08-12 11:23:50+00:00,mem,slab,514625536.0,dbms,08-2026,couchbase-802-vanilla-ce-large-large-aws,1,ip-172-31-19-161,ranking,benchANT
2026-08-12 11:24:00+00:00,mem,slab,528486400.0,dbms,08-2026,couchbase-802-vanilla-ce-large-large-aws,1,ip-172-31-19-161,ranking,benchANT
2026-08-12 11:24:10+00:00,mem,slab,541646848.0,dbms,08-2026,couchbase-802-vanilla-ce-large-large-aws,1,ip-172-31-19-161,ranking,benchANT
2026-08-12 11:24:20+00:00,mem,slab,555409408.0,dbms,08-2026,couchbase-802-vanilla-ce-large-large-aws,1,ip-172-31-19-161,ranking,benchANT
2026-08-12 11:24:30+00:00,mem,slab,568606720.0,dbms,08-2026,couchbase-802-vanilla-ce-large-large-aws,1,ip-172-31-19-161,ranking,benchANT
2026-08-12 11:24:40+00:00,mem,slab,582017024.0,dbms,08-2026,couchbase-802-vanilla-ce-large-large-aws,1,ip-172-31-19-161,ranking,benchANT
2026-08-12 11:24:50+00:00,mem,slab,595341312.0,dbms,08-2026,couchbase-802-vanilla-ce-large-large-aws,1,ip-172-31-19-161,ranking,benchANT
2026-08-12 11:25:00+00:00,mem,slab,608182272.0,dbms,08-2026,couchbase-802-vanilla-ce-large-large-aws,1,ip-172-31-19-161,ranking,benchANT
2026-08-12 11:25:10+00:00,mem,slab,621314048.0,dbms,08-2026,couchbase-802-vanilla-ce-large-large-aws,1,ip-172-31-19-161,ranking,benchANT
2026-08-12 11:25:20+00:00,mem,slab,633933824.0,dbms,08-2026,couchbase-802-vanilla-ce-large-large-aws,1,ip-172-31-19-161,ranking,benchANT
2026-08-12 11:25:30+00:00,mem,slab,647016448.0,dbms,08-2026,couchbase-802-vanilla-ce-large-large-aws,1,ip-172-31-19-161,ranking,benchANT
2026-08-12 11:25:40+00:00,mem,slab,660238336.0,dbms,08-2026,couchbase-802-vanilla-ce-large-large-aws,1,ip-172-31-19-161,ranking,benchANT
2026-08-12 11:25:50+00:00,mem,slab,669573120.0,dbms,08-2026,couchbase-802-vanilla-ce-large-large-aws,1,ip-172-31-19-161,ranking,benchANT
2026-08-12 11:26:00+00:00,mem,slab,682401792.0,dbms,08-2026,couchbase-802-vanilla-ce-large-large-aws,1,ip-172-31-19-161,ranking,benchANT
2026-08-12 11:26:10+00:00,mem,slab,687599616.0,dbms,08-2026,couchbase-802-vanilla-ce-large-large-aws,1,ip-172-31-19-161,ranking,benchANT
2026-08-12 11:26:20+00:00,mem,slab,693223424.0,dbms,08-2026,couchbase-802-vanilla-ce-large-large-aws,1,ip-172-31-19-161,ranking,benchANT
2026-08-12 11:26:30+00:00,mem,slab,697253888.0,dbms,08-2026,couchbase-802-vanilla-ce-large-large-aws,1,ip-172-31-19-161,ranking,benchANT
2026-08-12 11:26:40+00:00,mem,slab,697593856.0,dbms,08-2026,couchbase-802-vanilla-ce-large-large-aws,1,ip-172-31-19-161,ranking,benchANT
2026-08-12 11:26:50+00:00,mem,slab,699203584.0,dbms,08-2026,couchbase-802-vanilla-ce-large-large-aws,1,ip-172-31-19-161,ranking,benchANT
2026-08-12 11:27:00+00:00,mem,slab,700928000.0,dbms,08-2026,couchbase-802-vanilla-ce-large-large-aws,1,ip-172-31-19-161,ranking,benchANT
2026-08-12 11:27:10+00:00,mem,slab,700928000.0,dbms,08-2026,couchbase-802-vanilla-ce-large-large-aws,1,ip-172-31-19-161,ranking,benchANT
2026-08-12 11:27:20+00:00,mem,slab,702910464.0,dbms,08-2026,couchbase-802-vanilla-ce-large-large-aws,1,ip-172-31-19-161,ranking,benchANT
2026-08-12 11:27:30+00:00,mem,slab,704409600.0,dbms,08-2026,couchbase-802-vanilla-ce-large-large-aws,1,ip-172-31-19-161,ranking,benchANT
2026-08-12 11:27:40+00:00,mem,slab,703991808.0,dbms,08-2026,couchbase-802-vanilla-ce-large-large-aws,1,ip-172-31-19-161,ranking,benchANT
2026-08-12 11:27:50+00:00,mem,slab,704835584.0,dbms,08-2026,couchbase-802-vanilla-ce-large-large-aws,1,ip-172-31-19-161,ranking,benchANT
2026-08-12 11:28:00+00:00,mem,slab,705814528.0,dbms,08-2026,couchbase-802-vanilla-ce-large-large-aws,1,ip-172-31-19-161,ranking,benchANT
2026-08-12 11:28:10+00:00,mem,slab,706727936.0,dbms,08-2026,couchbase-802-vanilla-ce-large-large-aws,1,ip-172-31-19-161,ranking,benchANT
2026-08-12 11:28:20+00:00,mem,slab,707543040.0,dbms,08-2026,couchbase-802-vanilla-ce-large-large-aws,1,ip-172-31-19-161,ranking,benchANT
2026-08-12 11:28:30+00:00,mem,slab,707559424.0,dbms,08-2026,couchbase-802-vanilla-ce-large-large-aws,1,ip-172-31-19-161,ranking,benchANT
2026-08-12 11:28:40+00:00,mem,slab,692637696.0,dbms,08-2026,couchbase-802-vanilla-ce-large-large-aws,1,ip-172-31-19-161,ranking,benchANT
2026-08-12 11:28:50+00:00,mem,slab,689012736.0,dbms,08-2026,couchbase-802-vanilla-ce-large-large-aws,1,ip-172-31-19-161,ranking,benchANT
2026-08-12 11:29:00+00:00,mem,slab,688926720.0,dbms,08-2026,couchbase-802-vanilla-ce-large-large-aws,1,ip-172-31-19-161,ranking,benchANT
2026-08-12 11:29:10+00:00,mem,slab,684204032.0,dbms,08-2026,couchbase-802-vanilla-ce-large-large-aws,1,ip-172-31-19-161,ranking,benchANT
2026-08-12 11:29:20+00:00,mem,slab,683839488.0,dbms,08-2026,couchbase-802-vanilla-ce-large-large-aws,1,ip-172-31-19-161,ranking,benchANT
2026-08-12 11:29:30+00:00,mem,slab,683872256.0,dbms,08-2026,couchbase-802-vanilla-ce-large-large-aws,1,ip-172-31-19-161,ranking,benchANT
2026-08-12 11:29:40+00:00,mem,slab,684199936.0,dbms,08-2026,couchbase-802-vanilla-ce-large-large-aws,1,ip-172-31-19-161,ranking,benchANT
2026-08-12 11:29:50+00:00,mem,slab,684208128.0,dbms,08-2026,couchbase-802-vanilla-ce-large-large-aws,1,ip-172-31-19-161,ranking,benchANT
2026-08-12 11:20:00+00:00,mem,sreclaimable,218882048.0,dbms,08-2026,couchbase-802-vanilla-ce-large-large-aws,1,ip-172-31-19-161,ranking,benchANT
2026-08-12 11:20:10+00:00,mem,sreclaimable,218910720.0,dbms,08-2026,couchbase-802-vanilla-ce-large-large-aws,1,ip-172-31-19-161,ranking,benchANT
2026-08-12 11:20:20+00:00,mem,sreclaimable,218910720.0,dbms,08-2026,couchbase-802-vanilla-ce-large-large-aws,1,ip-172-31-19-161,ranking,benchANT
2026-08-12 11:20:30+00:00,mem,sreclaimable,218918912.0,dbms,08-2026,couchbase-802-vanilla-ce-large-large-aws,1,ip-172-31-19-161,ranking,benchANT
2026-08-12 11:20:40+00:00,mem,sreclaimable,218984448.0,dbms,08-2026,couchbase-802-vanilla-ce-large-large-aws,1,ip-172-31-19-161,ranking,benchANT
2026-08-12 11:20:50+00:00,mem,sreclaimable,219193344.0,dbms,08-2026,couchbase-802-vanilla-ce-large-large-aws,1,ip-172-31-19-161,ranking,benchANT
2026-08-12 11:21:00+00:00,mem,sreclaimable,219688960.0,dbms,08-2026,couchbase-802-vanilla-ce-large-large-aws,1,ip-172-31-19-161,ranking,benchANT
2026-08-12 11:21:10+00:00,mem,sreclaimable,220897280.0,dbms,08-2026,couchbase-802-vanilla-ce-large-large-aws,1,ip-172-31-19-161,ranking,benchANT
2026-08-12 11:21:20+00:00,mem,sreclaimable,222613504.0,dbms,08-2026,couchbase-802-vanilla-ce-large-large-aws,1,ip-172-31-19-161,ranking,benchANT
2026-08-12 11:21:30+00:00,mem,sreclaimable,226426880.0,dbms,08-2026,couchbase-802-vanilla-ce-large-large-aws,1,ip-172-31-19-161,ranking,benchANT
2026-08-12 11:21:40+00:00,mem,sreclaimable,238419968.0,dbms,08-2026,couchbase-802-vanilla-ce-large-large-aws,1,ip-172-31-19-161,ranking,benchANT
2026-08-12 11:21:50+00:00,mem,sreclaimable,249745408.0,dbms,08-2026,couchbase-802-vanilla-ce-large-large-aws,1,ip-172-31-19-161,ranking,benchANT
2026-08-12 11:22:00+00:00,mem,sreclaimable,261492736.0,dbms,08-2026,couchbase-802-vanilla-ce-large-large-aws,1,ip-172-31-19-161,ranking,benchANT
2026-08-12 11:22:10+00:00,mem,sreclaimable,273682432.0,dbms,08-2026,couchbase-802-vanilla-ce-large-large-aws,1,ip-172-31-19-161,ranking,benchANT
2026-08-12 11:22:20+00:00,mem,sreclaimable,285483008.0,dbms,08-2026,couchbase-802-vanilla-ce-large-large-aws,1,ip-172-31-19-161,ranking,benchANT
2026-08-12 11:22:30+00:00,mem,sreclaimable,298037248.0,dbms,08-2026,couchbase-802-vanilla-ce-large-large-aws,1,ip-172-31-19-161,ranking,benchANT
2026-08-12 11:22:40+00:00,mem,sreclaimable,309501952.0,dbms,08-2026,couchbase-802-vanilla-ce-large-large-aws,1,ip-172-31-19-161,ranking,benchANT
2026-08-12 11:22:50+00:00,mem,sreclaimable,321576960.0,dbms,08-2026,couchbase-802-vanilla-ce-large-large-aws,1,ip-172-31-19-161,ranking,benchANT
2026-08-12 11:23:00+00:00,mem,sreclaimable,333901824.0,dbms,08-2026,couchbase-802-vanilla-ce-large-large-aws,1,ip-172-31-19-161,ranking,benchANT
2026-08-12 11:23:10+00:00,mem,sreclaimable,345833472.0,dbms,08-2026,couchbase-802-vanilla-ce-large-large-aws,1,ip-172-31-19-161,ranking,benchANT
2026-08-12 11:23:20+00:00,mem,sreclaimable,358195200.0,dbms,08-2026,couchbase-802-vanilla-ce-large-large-aws,1,ip-172-31-19-161,ranking,benchANT
2026-08-12 11:23:30+00:00,mem,sreclaimable,369434624.0,dbms,08-2026,couchbase-802-vanilla-ce-large-large-aws,1,ip-172-31-19-161,ranking,benchANT
2026-08-12 11:23:40+00:00,mem,sreclaimable,381399040.0,dbms,08-2026,couchbase-802-vanilla-ce-large-large-aws,1,ip-172-31-19-161,ranking,benchANT
2026-08-12 11:23:50+00:00,mem,sreclaimable,393711616.0,dbms,08-2026,couchbase-802-vanilla-ce-large-large-aws,1,ip-172-31-19-161,ranking,benchANT
2026-08-12 11:24:00+00:00,mem,sreclaimable,406097920.0,dbms,08-2026,couchbase-802-vanilla-ce-large-large-aws,1,ip-172-31-19-161,ranking,benchANT
2026-08-12 11:24:10+00:00,mem,sreclaimable,417841152.0,dbms,08-2026,couchbase-802-vanilla-ce-large-large-aws,1,ip-172-31-19-161,ranking,benchANT
2026-08-12 11:24:20+00:00,mem,sreclaimable,430153728.0,dbms,08-2026,couchbase-802-vanilla-ce-large-large-aws,1,ip-172-31-19-161,ranking,benchANT
2026-08-12 11:24:30+00:00,mem,sreclaimable,442003456.0,dbms,08-2026,couchbase-802-vanilla-ce-large-large-aws,1,ip-172-31-19-161,ranking,benchANT
2026-08-12 11:24:40+00:00,mem,sreclaimable,454152192.0,dbms,08-2026,couchbase-802-vanilla-ce-large-large-aws,1,ip-172-31-19-161,ranking,benchANT
2026-08-12 11:24:50+00:00,mem,sreclaimable,466034688.0,dbms,08-2026,couchbase-802-vanilla-ce-large-large-aws,1,ip-172-31-19-161,ranking,benchANT
2026-08-12 11:25:00+00:00,mem,sreclaimable,477532160.0,dbms,08-2026,couchbase-802-vanilla-ce-large-large-aws,1,ip-172-31-19-161,ranking,benchANT
2026-08-12 11:25:10+00:00,mem,sreclaimable,489295872.0,dbms,08-2026,couchbase-802-vanilla-ce-large-large-aws,1,ip-172-31-19-161,ranking,benchANT
2026-08-12 11:25:20+00:00,mem,sreclaimable,500654080.0,dbms,08-2026,couchbase-802-vanilla-ce-large-large-aws,1,ip-172-31-19-161,ranking,benchANT
2026-08-12 11:25:30+00:00,mem,sreclaimable,512352256.0,dbms,08-2026,couchbase-802-vanilla-ce-large-large-aws,1,ip-172-31-19-161,ranking,benchANT
2026-08-12 11:25:40+00:00,mem,sreclaimable,524189696.0,dbms,08-2026,couchbase-802-vanilla-ce-large-large-aws,1,ip-172-31-19-161,ranking,benchANT
2026-08-12 11:25:50+00:00,mem,sreclaimable,532623360.0,dbms,08-2026,couchbase-802-vanilla-ce-large-large-aws,1,ip-172-31-19-161,ranking,benchANT
2026-08-12 11:26:00+00:00,mem,sreclaimable,544010240.0,dbms,08-2026,couchbase-802-vanilla-ce-large-large-aws,1,ip-172-31-19-161,ranking,benchANT
2026-08-12 11:26:10+00:00,mem,sreclaimable,548716544.0,dbms,08-2026,couchbase-802-vanilla-ce-large-large-aws,1,ip-172-31-19-161,ranking,benchANT
2026-08-12 11:26:20+00:00,mem,sreclaimable,553791488.0,dbms,08-2026,couchbase-802-vanilla-ce-large-large-aws,1,ip-172-31-19-161,ranking,benchANT
2026-08-12 11:26:30+00:00,mem,sreclaimable,557477888.0,dbms,08-2026,couchbase-802-vanilla-ce-large-large-aws,1,ip-172-31-19-161,ranking,benchANT
2026-08-12 11:26:40+00:00,mem,sreclaimable,557891584.0,dbms,08-2026,couchbase-802-vanilla-ce-large-large-aws,1,ip-172-31-19-161,ranking,benchANT
2026-08-12 11:26:50+00:00,mem,sreclaimable,559378432.0,dbms,08-2026,couchbase-802-vanilla-ce-large-large-aws,1,ip-172-31-19-161,ranking,benchANT
2026-08-12 11:27:00+00:00,mem,sreclaimable,561131520.0,dbms,08-2026,couchbase-802-vanilla-ce-large-large-aws,1,ip-172-31-19-161,ranking,benchANT
2026-08-12 11:27:10+00:00,mem,sreclaimable,561164288.0,dbms,08-2026,couchbase-802-vanilla-ce-large-large-aws,1,ip-172-31-19-161,ranking,benchANT
2026-08-12 11:27:20+00:00,mem,sreclaimable,562941952.0,dbms,08-2026,couchbase-802-vanilla-ce-large-large-aws,1,ip-172-31-19-161,ranking,benchANT
2026-08-12 11:27:30+00:00,mem,sreclaimable,564277248.0,dbms,08-2026,couchbase-802-vanilla-ce-large-large-aws,1,ip-172-31-19-161,ranking,benchANT
2026-08-12 11:27:40+00:00,mem,sreclaimable,564088832.0,dbms,08-2026,couchbase-802-vanilla-ce-large-large-aws,1,ip-172-31-19-161,ranking,benchANT
2026-08-12 11:27:50+00:00,mem,sreclaimable,564965376.0,dbms,08-2026,couchbase-802-vanilla-ce-large-large-aws,1,ip-172-31-19-161,ranking,benchANT
2026-08-12 11:28:00+00:00,mem,sreclaimable,565796864.0,dbms,08-2026,couchbase-802-vanilla-ce-large-large-aws,1,ip-172-31-19-161,ranking,benchANT
2026-08-12 11:28:10+00:00,mem,sreclaimable,566657024.0,dbms,08-2026,couchbase-802-vanilla-ce-large-large-aws,1,ip-172-31-19-161,ranking,benchANT
2026-08-12 11:28:20+00:00,mem,sreclaimable,567603200.0,dbms,08-2026,couchbase-802-vanilla-ce-large-large-aws,1,ip-172-31-19-161,ranking,benchANT
2026-08-12 11:28:30+00:00,mem,sreclaimable,567595008.0,dbms,08-2026,couchbase-802-vanilla-ce-large-large-aws,1,ip-172-31-19-161,ranking,benchANT
2026-08-12 11:28:40+00:00,mem,sreclaimable,554065920.0,dbms,08-2026,couchbase-802-vanilla-ce-large-large-aws,1,ip-172-31-19-161,ranking,benchANT
2026-08-12 11:28:50+00:00,mem,sreclaimable,551366656.0,dbms,08-2026,couchbase-802-vanilla-ce-large-large-aws,1,ip-172-31-19-161,ranking,benchANT
2026-08-12 11:29:00+00:00,mem,sreclaimable,551301120.0,dbms,08-2026,couchbase-802-vanilla-ce-large-large-aws,1,ip-172-31-19-161,ranking,benchANT
2026-08-12 11:29:10+00:00,mem,sreclaimable,547069952.0,dbms,08-2026,couchbase-802-vanilla-ce-large-large-aws,1,ip-172-31-19-161,ranking,benchANT
2026-08-12 11:29:20+00:00,mem,sreclaimable,546942976.0,dbms,08-2026,couchbase-802-vanilla-ce-large-large-aws,1,ip-172-31-19-161,ranking,benchANT
2026-08-12 11:29:30+00:00,mem,sreclaimable,547172352.0,dbms,08-2026,couchbase-802-vanilla-ce-large-large-aws,1,ip-172-31-19-161,ranking,benchANT
2026-08-12 11:29:40+00:00,mem,sreclaimable,547467264.0,dbms,08-2026,couchbase-802-vanilla-ce-large-large-aws,1,ip-172-31-19-161,ranking,benchANT
2026-08-12 11:29:50+00:00,mem,sreclaimable,547467264.0,dbms,08-2026,couchbase-802-vanilla-ce-large-large-aws,1,ip-172-31-19-161,ranking,benchANT
2026-08-12 11:20:00+00:00,mem,sunreclaim,100069376.0,dbms,08-2026,couchbase-802-vanilla-ce-large-large-aws,1,ip-172-31-19-161,ranking,benchANT
2026-08-12 11:20:10+00:00,mem,sunreclaim,100073472.0,dbms,08-2026,couchbase-802-vanilla-ce-large-large-aws,1,ip-172-31-19-161,ranking,benchANT
2026-08-12 11:20:20+00:00,mem,sunreclaim,100073472.0,dbms,08-2026,couchbase-802-vanilla-ce-large-large-aws,1,ip-172-31-19-161,ranking,benchANT
2026-08-12 11:20:30+00:00,mem,sunreclaim,100073472.0,dbms,08-2026,couchbase-802-vanilla-ce-large-large-aws,1,ip-172-31-19-161,ranking,benchANT
2026-08-12 11:20:40+00:00,mem,sunreclaim,100073472.0,dbms,08-2026,couchbase-802-vanilla-ce-large-large-aws,1,ip-172-31-19-161,ranking,benchANT
2026-08-12 11:20:50+00:00,mem,sunreclaim,100073472.0,dbms,08-2026,couchbase-802-vanilla-ce-large-large-aws,1,ip-172-31-19-161,ranking,benchANT
2026-08-12 11:21:00+00:00,mem,sunreclaim,100098048.0,dbms,08-2026,couchbase-802-vanilla-ce-large-large-aws,1,ip-172-31-19-161,ranking,benchANT
2026-08-12 11:21:10+00:00,mem,sunreclaim,100237312.0,dbms,08-2026,couchbase-802-vanilla-ce-large-large-aws,1,ip-172-31-19-161,ranking,benchANT
2026-08-12 11:21:20+00:00,mem,sunreclaim,100450304.0,dbms,08-2026,couchbase-802-vanilla-ce-large-large-aws,1,ip-172-31-19-161,ranking,benchANT
2026-08-12 11:21:30+00:00,mem,sunreclaim,100933632.0,dbms,08-2026,couchbase-802-vanilla-ce-large-large-aws,1,ip-172-31-19-161,ranking,benchANT
2026-08-12 11:21:40+00:00,mem,sunreclaim,102662144.0,dbms,08-2026,couchbase-802-vanilla-ce-large-large-aws,1,ip-172-31-19-161,ranking,benchANT
2026-08-12 11:21:50+00:00,mem,sunreclaim,104071168.0,dbms,08-2026,couchbase-802-vanilla-ce-large-large-aws,1,ip-172-31-19-161,ranking,benchANT
2026-08-12 11:22:00+00:00,mem,sunreclaim,105521152.0,dbms,08-2026,couchbase-802-vanilla-ce-large-large-aws,1,ip-172-31-19-161,ranking,benchANT
2026-08-12 11:22:10+00:00,mem,sunreclaim,106921984.0,dbms,08-2026,couchbase-802-vanilla-ce-large-large-aws,1,ip-172-31-19-161,ranking,benchANT
2026-08-12 11:22:20+00:00,mem,sunreclaim,108306432.0,dbms,08-2026,couchbase-802-vanilla-ce-large-large-aws,1,ip-172-31-19-161,ranking,benchANT
2026-08-12 11:22:30+00:00,mem,sunreclaim,109805568.0,dbms,08-2026,couchbase-802-vanilla-ce-large-large-aws,1,ip-172-31-19-161,ranking,benchANT
2026-08-12 11:22:40+00:00,mem,sunreclaim,111140864.0,dbms,08-2026,couchbase-802-vanilla-ce-large-large-aws,1,ip-172-31-19-161,ranking,benchANT
2026-08-12 11:22:50+00:00,mem,sunreclaim,112517120.0,dbms,08-2026,couchbase-802-vanilla-ce-large-large-aws,1,ip-172-31-19-161,ranking,benchANT
2026-08-12 11:23:00+00:00,mem,sunreclaim,113803264.0,dbms,08-2026,couchbase-802-vanilla-ce-large-large-aws,1,ip-172-31-19-161,ranking,benchANT
2026-08-12 11:23:10+00:00,mem,sunreclaim,115408896.0,dbms,08-2026,couchbase-802-vanilla-ce-large-large-aws,1,ip-172-31-19-161,ranking,benchANT
2026-08-12 11:23:20+00:00,mem,sunreclaim,116834304.0,dbms,08-2026,couchbase-802-vanilla-ce-large-large-aws,1,ip-172-31-19-161,ranking,benchANT
2026-08-12 11:23:30+00:00,mem,sunreclaim,118063104.0,dbms,08-2026,couchbase-802-vanilla-ce-large-large-aws,1,ip-172-31-19-161,ranking,benchANT
2026-08-12 11:23:40+00:00,mem,sunreclaim,119513088.0,dbms,08-2026,couchbase-802-vanilla-ce-large-large-aws,1,ip-172-31-19-161,ranking,benchANT
2026-08-12 11:23:50+00:00,mem,sunreclaim,120913920.0,dbms,08-2026,couchbase-802-vanilla-ce-large-large-aws,1,ip-172-31-19-161,ranking,benchANT
2026-08-12 11:24:00+00:00,mem,sunreclaim,122388480.0,dbms,08-2026,couchbase-802-vanilla-ce-large-large-aws,1,ip-172-31-19-161,ranking,benchANT
2026-08-12 11:24:10+00:00,mem,sunreclaim,123805696.0,dbms,08-2026,couchbase-802-vanilla-ce-large-large-aws,1,ip-172-31-19-161,ranking,benchANT
2026-08-12 11:24:20+00:00,mem,sunreclaim,125255680.0,dbms,08-2026,couchbase-802-vanilla-ce-large-large-aws,1,ip-172-31-19-161,ranking,benchANT
2026-08-12 11:24:30+00:00,mem,sunreclaim,126603264.0,dbms,08-2026,couchbase-802-vanilla-ce-large-large-aws,1,ip-172-31-19-161,ranking,benchANT
2026-08-12 11:24:40+00:00,mem,sunreclaim,127864832.0,dbms,08-2026,couchbase-802-vanilla-ce-large-large-aws,1,ip-172-31-19-161,ranking,benchANT
2026-08-12 11:24:50+00:00,mem,sunreclaim,129306624.0,dbms,08-2026,couchbase-802-vanilla-ce-large-large-aws,1,ip-172-31-19-161,ranking,benchANT
2026-08-12 11:25:00+00:00,mem,sunreclaim,130650112.0,dbms,08-2026,couchbase-802-vanilla-ce-large-large-aws,1,ip-172-31-19-161,ranking,benchANT
2026-08-12 11:25:10+00:00,mem,sunreclaim,132018176.0,dbms,08-2026,couchbase-802-vanilla-ce-large-large-aws,1,ip-172-31-19-161,ranking,benchANT
2026-08-12 11:25:20+00:00,mem,sunreclaim,133279744.0,dbms,08-2026,couchbase-802-vanilla-ce-large-large-aws,1,ip-172-31-19-161,ranking,benchANT
2026-08-12 11:25:30+00:00,mem,sunreclaim,134664192.0,dbms,08-2026,couchbase-802-vanilla-ce-large-large-aws,1,ip-172-31-19-161,ranking,benchANT
2026-08-12 11:25:40+00:00,mem,sunreclaim,136048640.0,dbms,08-2026,couchbase-802-vanilla-ce-large-large-aws,1,ip-172-31-19-161,ranking,benchANT
2026-08-12 11:25:50+00:00,mem,sunreclaim,136949760.0,dbms,08-2026,couchbase-802-vanilla-ce-large-large-aws,1,ip-172-31-19-161,ranking,benchANT
2026-08-12 11:26:00+00:00,mem,sunreclaim,138391552.0,dbms,08-2026,couchbase-802-vanilla-ce-large-large-aws,1,ip-172-31-19-161,ranking,benchANT
2026-08-12 11:26:10+00:00,mem,sunreclaim,138883072.0,dbms,08-2026,couchbase-802-vanilla-ce-large-large-aws,1,ip-172-31-19-161,ranking,benchANT
2026-08-12 11:26:20+00:00,mem,sunreclaim,139431936.0,dbms,08-2026,couchbase-802-vanilla-ce-large-large-aws,1,ip-172-31-19-161,ranking,benchANT
2026-08-12 11:26:30+00:00,mem,sunreclaim,139776000.0,dbms,08-2026,couchbase-802-vanilla-ce-large-large-aws,1,ip-172-31-19-161,ranking,benchANT
2026-08-12 11:26:40+00:00,mem,sunreclaim,139702272.0,dbms,08-2026,couchbase-802-vanilla-ce-large-large-aws,1,ip-172-31-19-161,ranking,benchANT
2026-08-12 11:26:50+00:00,mem,sunreclaim,139825152.0,dbms,08-2026,couchbase-802-vanilla-ce-large-large-aws,1,ip-172-31-19-161,ranking,benchANT
2026-08-12 11:27:00+00:00,mem,sunreclaim,139796480.0,dbms,08-2026,couchbase-802-vanilla-ce-large-large-aws,1,ip-172-31-19-161,ranking,benchANT
2026-08-12 11:27:10+00:00,mem,sunreclaim,139763712.0,dbms,08-2026,couchbase-802-vanilla-ce-large-large-aws,1,ip-172-31-19-161,ranking,benchANT
2026-08-12 11:27:20+00:00,mem,sunreclaim,139968512.0,dbms,08-2026,couchbase-802-vanilla-ce-large-large-aws,1,ip-172-31-19-161,ranking,benchANT
2026-08-12 11:27:30+00:00,mem,sunreclaim,140132352.0,dbms,08-2026,couchbase-802-vanilla-ce-large-large-aws,1,ip-172-31-19-161,ranking,benchANT
2026-08-12 11:27:40+00:00,mem,sunreclaim,139902976.0,dbms,08-2026,couchbase-802-vanilla-ce-large-large-aws,1,ip-172-31-19-161,ranking,benchANT
2026-08-12 11:27:50+00:00,mem,sunreclaim,139870208.0,dbms,08-2026,couchbase-802-vanilla-ce-large-large-aws,1,ip-172-31-19-161,ranking,benchANT
2026-08-12 11:28:00+00:00,mem,sunreclaim,140017664.0,dbms,08-2026,couchbase-802-vanilla-ce-large-large-aws,1,ip-172-31-19-161,ranking,benchANT
2026-08-12 11:28:10+00:00,mem,sunreclaim,140070912.0,dbms,08-2026,couchbase-802-vanilla-ce-large-large-aws,1,ip-172-31-19-161,ranking,benchANT
2026-08-12 11:28:20+00:00,mem,sunreclaim,139939840.0,dbms,08-2026,couchbase-802-vanilla-ce-large-large-aws,1,ip-172-31-19-161,ranking,benchANT
2026-08-12 11:28:30+00:00,mem,sunreclaim,139964416.0,dbms,08-2026,couchbase-802-vanilla-ce-large-large-aws,1,ip-172-31-19-161,ranking,benchANT
2026-08-12 11:28:40+00:00,mem,sunreclaim,138571776.0,dbms,08-2026,couchbase-802-vanilla-ce-large-large-aws,1,ip-172-31-19-161,ranking,benchANT
2026-08-12 11:28:50+00:00,mem,sunreclaim,137646080.0,dbms,08-2026,couchbase-802-vanilla-ce-large-large-aws,1,ip-172-31-19-161,ranking,benchANT
2026-08-12 11:29:00+00:00,mem,sunreclaim,137625600.0,dbms,08-2026,couchbase-802-vanilla-ce-large-large-aws,1,ip-172-31-19-161,ranking,benchANT
2026-08-12 11:29:10+00:00,mem,sunreclaim,137134080.0,dbms,08-2026,couchbase-802-vanilla-ce-large-large-aws,1,ip-172-31-19-161,ranking,benchANT
2026-08-12 11:29:20+00:00,mem,sunreclaim,136896512.0,dbms,08-2026,couchbase-802-vanilla-ce-large-large-aws,1,ip-172-31-19-161,ranking,benchANT
2026-08-12 11:29:30+00:00,mem,sunreclaim,136699904.0,dbms,08-2026,couchbase-802-vanilla-ce-large-large-aws,1,ip-172-31-19-161,ranking,benchANT
2026-08-12 11:29:40+00:00,mem,sunreclaim,136732672.0,dbms,08-2026,couchbase-802-vanilla-ce-large-large-aws,1,ip-172-31-19-161,ranking,benchANT
2026-08-12 11:29:50+00:00,mem,sunreclaim,136740864.0,dbms,08-2026,couchbase-802-vanilla-ce-large-large-aws,1,ip-172-31-19-161,ranking,benchANT
2026-08-12 11:20:00+00:00,mem,swap_cached,0.0,dbms,08-2026,couchbase-802-vanilla-ce-large-large-aws,1,ip-172-31-19-161,ranking,benchANT
2026-08-12 11:20:10+00:00,mem,swap_cached,0.0,dbms,08-2026,couchbase-802-vanilla-ce-large-large-aws,1,ip-172-31-19-161,ranking,benchANT
2026-08-12 11:20:20+00:00,mem,swap_cached,0.0,dbms,08-2026,couchbase-802-vanilla-ce-large-large-aws,1,ip-172-31-19-161,ranking,benchANT
2026-08-12 11:20:30+00:00,mem,swap_cached,0.0,dbms,08-2026,couchbase-802-vanilla-ce-large-large-aws,1,ip-172-31-19-161,ranking,benchANT
2026-08-12 11:20:40+00:00,mem,swap_cached,0.0,dbms,08-2026,couchbase-802-vanilla-ce-large-large-aws,1,ip-172-31-19-161,ranking,benchANT
2026-08-12 11:20:50+00:00,mem,swap_cached,0.0,dbms,08-2026,couchbase-802-vanilla-ce-large-large-aws,1,ip-172-31-19-161,ranking,benchANT
2026-08-12 11:21:00+00:00,mem,swap_cached,0.0,dbms,08-2026,couchbase-802-vanilla-ce-large-large-aws,1,ip-172-31-19-161,ranking,benchANT
2026-08-12 11:21:10+00:00,mem,swap_cached,0.0,dbms,08-2026,couchbase-802-vanilla-ce-large-large-aws,1,ip-172-31-19-161,ranking,benchANT
2026-08-12 11:21:20+00:00,mem,swap_cached,0.0,dbms,08-2026,couchbase-802-vanilla-ce-large-large-aws,1,ip-172-31-19-161,ranking,benchANT
2026-08-12 11:21:30+00:00,mem,swap_cached,0.0,dbms,08-2026,couchbase-802-vanilla-ce-large-large-aws,1,ip-172-31-19-161,ranking,benchANT
2026-08-12 11:21:40+00:00,mem,swap_cached,0.0,dbms,08-2026,couchbase-802-vanilla-ce-large-large-aws,1,ip-172-31-19-161,ranking,benchANT
2026-08-12 11:21:50+00:00,mem,swap_cached,0.0,dbms,08-2026,couchbase-802-vanilla-ce-large-large-aws,1,ip-172-31-19-161,ranking,benchANT
2026-08-12 11:22:00+00:00,mem,swap_cached,0.0,dbms,08-2026,couchbase-802-vanilla-ce-large-large-aws,1,ip-172-31-19-161,ranking,benchANT
2026-08-12 11:22:10+00:00,mem,swap_cached,0.0,dbms,08-2026,couchbase-802-vanilla-ce-large-large-aws,1,ip-172-31-19-161,ranking,benchANT
2026-08-12 11:22:20+00:00,mem,swap_cached,0.0,dbms,08-2026,couchbase-802-vanilla-ce-large-large-aws,1,ip-172-31-19-161,ranking,benchANT
2026-08-12 11:22:30+00:00,mem,swap_cached,0.0,dbms,08-2026,couchbase-802-vanilla-ce-large-large-aws,1,ip-172-31-19-161,ranking,benchANT
2026-08-12 11:22:40+00:00,mem,swap_cached,0.0,dbms,08-2026,couchbase-802-vanilla-ce-large-large-aws,1,ip-172-31-19-161,ranking,benchANT
2026-08-12 11:22:50+00:00,mem,swap_cached,0.0,dbms,08-2026,couchbase-802-vanilla-ce-large-large-aws,1,ip-172-31-19-161,ranking,benchANT
2026-08-12 11:23:00+00:00,mem,swap_cached,0.0,dbms,08-2026,couchbase-802-vanilla-ce-large-large-aws,1,ip-172-31-19-161,ranking,benchANT
2026-08-12 11:23:10+00:00,mem,swap_cached,0.0,dbms,08-2026,couchbase-802-vanilla-ce-large-large-aws,1,ip-172-31-19-161,ranking,benchANT
2026-08-12 11:23:20+00:00,mem,swap_cached,0.0,dbms,08-2026,couchbase-802-vanilla-ce-large-large-aws,1,ip-172-31-19-161,ranking,benchANT
2026-08-12 11:23:30+00:00,mem,swap_cached,0.0,dbms,08-2026,couchbase-802-vanilla-ce-large-large-aws,1,ip-172-31-19-161,ranking,benchANT
2026-08-12 11:23:40+00:00,mem,swap_cached,0.0,dbms,08-2026,couchbase-802-vanilla-ce-large-large-aws,1,ip-172-31-19-161,ranking,benchANT
2026-08-12 11:23:50+00:00,mem,swap_cached,0.0,dbms,08-2026,couchbase-802-vanilla-ce-large-large-aws,1,ip-172-31-19-161,ranking,benchANT
2026-08-12 11:24:00+00:00,mem,swap_cached,0.0,dbms,08-2026,couchbase-802-vanilla-ce-large-large-aws,1,ip-172-31-19-161,ranking,benchANT
2026-08-12 11:24:10+00:00,mem,swap_cached,0.0,dbms,08-2026,couchbase-802-vanilla-ce-large-large-aws,1,ip-172-31-19-161,ranking,benchANT
2026-08-12 11:24:20+00:00,mem,swap_cached,0.0,dbms,08-2026,couchbase-802-vanilla-ce-large-large-aws,1,ip-172-31-19-161,ranking,benchANT
2026-08-12 11:24:30+00:00,mem,swap_cached,0.0,dbms,08-2026,couchbase-802-vanilla-ce-large-large-aws,1,ip-172-31-19-161,ranking,benchANT
2026-08-12 11:24:40+00:00,mem,swap_cached,0.0,dbms,08-2026,couchbase-802-vanilla-ce-large-large-aws,1,ip-172-31-19-161,ranking,benchANT
2026-08-12 11:24:50+00:00,mem,swap_cached,0.0,dbms,08-2026,couchbase-802-vanilla-ce-large-large-aws,1,ip-172-31-19-161,ranking,benchANT
2026-08-12 11:25:00+00:00,mem,swap_cached,0.0,dbms,08-2026,couchbase-802-vanilla-ce-large-large-aws,1,ip-172-31-19-161,ranking,benchANT
2026-08-12 11:25:10+00:00,mem,swap_cached,0.0,dbms,08-2026,couchbase-802-vanilla-ce-large-large-aws,1,ip-172-31-19-161,ranking,benchANT
2026-08-12 11:25:20+00:00,mem,swap_cached,0.0,dbms,08-2026,couchbase-802-vanilla-ce-large-large-aws,1,ip-172-31-19-161,ranking,benchANT
2026-08-12 11:25:30+00:00,mem,swap_cached,0.0,dbms,08-2026,couchbase-802-vanilla-ce-large-large-aws,1,ip-172-31-19-161,ranking,benchANT
2026-08-12 11:25:40+00:00,mem,swap_cached,0.0,dbms,08-2026,couchbase-802-vanilla-ce-large-large-aws,1,ip-172-31-19-161,ranking,benchANT
2026-08-12 11:25:50+00:00,mem,swap_cached,0.0,dbms,08-2026,couchbase-802-vanilla-ce-large-large-aws,1,ip-172-31-19-161,ranking,benchANT
2026-08-12 11:26:00+00:00,mem,swap_cached,0.0,dbms,08-2026,couchbase-802-vanilla-ce-large-large-aws,1,ip-172-31-19-161,ranking,benchANT
2026-08-12 11:26:10+00:00,mem,swap_cached,0.0,dbms,08-2026,couchbase-802-vanilla-ce-large-large-aws,1,ip-172-31-19-161,ranking,benchANT
2026-08-12 11:26:20+00:00,mem,swap_cached,0.0,dbms,08-2026,couchbase-802-vanilla-ce-large-large-aws,1,ip-172-31-19-161,ranking,benchANT
2026-08-12 11:26:30+00:00,mem,swap_cached,0.0,dbms,08-2026,couchbase-802-vanilla-ce-large-large-aws,1,ip-172-31-19-161,ranking,benchANT
2026-08-12 11:26:40+00:00,mem,swap_cached,0.0,dbms,08-2026,couchbase-802-vanilla-ce-large-large-aws,1,ip-172-31-19-161,ranking,benchANT
2026-08-12 11:26:50+00:00,mem,swap_cached,0.0,dbms,08-2026,couchbase-802-vanilla-ce-large-large-aws,1,ip-172-31-19-161,ranking,benchANT
2026-08-12 11:27:00+00:00,mem,swap_cached,0.0,dbms,08-2026,couchbase-802-vanilla-ce-large-large-aws,1,ip-172-31-19-161,ranking,benchANT
2026-08-12 11:27:10+00:00,mem,swap_cached,0.0,dbms,08-2026,couchbase-802-vanilla-ce-large-large-aws,1,ip-172-31-19-161,ranking,benchANT
2026-08-12 11:27:20+00:00,mem,swap_cached,0.0,dbms,08-2026,couchbase-802-vanilla-ce-large-large-aws,1,ip-172-31-19-161,ranking,benchANT
2026-08-12 11:27:30+00:00,mem,swap_cached,0.0,dbms,08-2026,couchbase-802-vanilla-ce-large-large-aws,1,ip-172-31-19-161,ranking,benchANT
2026-08-12 11:27:40+00:00,mem,swap_cached,0.0,dbms,08-2026,couchbase-802-vanilla-ce-large-large-aws,1,ip-172-31-19-161,ranking,benchANT
2026-08-12 11:27:50+00:00,mem,swap_cached,0.0,dbms,08-2026,couchbase-802-vanilla-ce-large-large-aws,1,ip-172-31-19-161,ranking,benchANT
2026-08-12 11:28:00+00:00,mem,swap_cached,0.0,dbms,08-2026,couchbase-802-vanilla-ce-large-large-aws,1,ip-172-31-19-161,ranking,benchANT
2026-08-12 11:28:10+00:00,mem,swap_cached,0.0,dbms,08-2026,couchbase-802-vanilla-ce-large-large-aws,1,ip-172-31-19-161,ranking,benchANT
2026-08-12 11:28:20+00:00,mem,swap_cached,0.0,dbms,08-2026,couchbase-802-vanilla-ce-large-large-aws,1,ip-172-31-19-161,ranking,benchANT
2026-08-12 11:28:30+00:00,mem,swap_cached,0.0,dbms,08-2026,couchbase-802-vanilla-ce-large-large-aws,1,ip-172-31-19-161,ranking,benchANT
2026-08-12 11:28:40+00:00,mem,swap_cached,0.0,dbms,08-2026,couchbase-802-vanilla-ce-large-large-aws,1,ip-172-31-19-161,ranking,benchANT
2026-08-12 11:28:50+00:00,mem,swap_cached,0.0,dbms,08-2026,couchbase-802-vanilla-ce-large-large-aws,1,ip-172-31-19-161,ranking,benchANT
2026-08-12 11:29:00+00:00,mem,swap_cached,0.0,dbms,08-2026,couchbase-802-vanilla-ce-large-large-aws,1,ip-172-31-19-161,ranking,benchANT
2026-08-12 11:29:10+00:00,mem,swap_cached,0.0,dbms,08-2026,couchbase-802-vanilla-ce-large-large-aws,1,ip-172-31-19-161,ranking,benchANT
2026-08-12 11:29:20+00:00,mem,swap_cached,0.0,dbms,08-2026,couchbase-802-vanilla-ce-large-large-aws,1,ip-172-31-19-161,ranking,benchANT
2026-08-12 11:29:30+00:00,mem,swap_cached,0.0,dbms,08-2026,couchbase-802-vanilla-ce-large-large-aws,1,ip-172-31-19-161,ranking,benchANT
2026-08-12 11:29:40+00:00,mem,swap_cached,0.0,dbms,08-2026,couchbase-802-vanilla-ce-large-large-aws,1,ip-172-31-19-161,ranking,benchANT
2026-08-12 11:29:50+00:00,mem,swap_cached,0.0,dbms,08-2026,couchbase-802-vanilla-ce-large-large-aws,1,ip-172-31-19-161,ranking,benchANT
2026-08-12 11:20:00+00:00,mem,swap_free,0.0,dbms,08-2026,couchbase-802-vanilla-ce-large-large-aws,1,ip-172-31-19-161,ranking,benchANT
2026-08-12 11:20:10+00:00,mem,swap_free,0.0,dbms,08-2026,couchbase-802-vanilla-ce-large-large-aws,1,ip-172-31-19-161,ranking,benchANT
2026-08-12 11:20:20+00:00,mem,swap_free,0.0,dbms,08-2026,couchbase-802-vanilla-ce-large-large-aws,1,ip-172-31-19-161,ranking,benchANT
2026-08-12 11:20:30+00:00,mem,swap_free,0.0,dbms,08-2026,couchbase-802-vanilla-ce-large-large-aws,1,ip-172-31-19-161,ranking,benchANT
2026-08-12 11:20:40+00:00,mem,swap_free,0.0,dbms,08-2026,couchbase-802-vanilla-ce-large-large-aws,1,ip-172-31-19-161,ranking,benchANT
2026-08-12 11:20:50+00:00,mem,swap_free,0.0,dbms,08-2026,couchbase-802-vanilla-ce-large-large-aws,1,ip-172-31-19-161,ranking,benchANT
2026-08-12 11:21:00+00:00,mem,swap_free,0.0,dbms,08-2026,couchbase-802-vanilla-ce-large-large-aws,1,ip-172-31-19-161,ranking,benchANT
2026-08-12 11:21:10+00:00,mem,swap_free,0.0,dbms,08-2026,couchbase-802-vanilla-ce-large-large-aws,1,ip-172-31-19-161,ranking,benchANT
2026-08-12 11:21:20+00:00,mem,swap_free,0.0,dbms,08-2026,couchbase-802-vanilla-ce-large-large-aws,1,ip-172-31-19-161,ranking,benchANT
2026-08-12 11:21:30+00:00,mem,swap_free,0.0,dbms,08-2026,couchbase-802-vanilla-ce-large-large-aws,1,ip-172-31-19-161,ranking,benchANT
2026-08-12 11:21:40+00:00,mem,swap_free,0.0,dbms,08-2026,couchbase-802-vanilla-ce-large-large-aws,1,ip-172-31-19-161,ranking,benchANT
2026-08-12 11:21:50+00:00,mem,swap_free,0.0,dbms,08-2026,couchbase-802-vanilla-ce-large-large-aws,1,ip-172-31-19-161,ranking,benchANT
2026-08-12 11:22:00+00:00,mem,swap_free,0.0,dbms,08-2026,couchbase-802-vanilla-ce-large-large-aws,1,ip-172-31-19-161,ranking,benchANT
2026-08-12 11:22:10+00:00,mem,swap_free,0.0,dbms,08-2026,couchbase-802-vanilla-ce-large-large-aws,1,ip-172-31-19-161,ranking,benchANT
2026-08-12 11:22:20+00:00,mem,swap_free,0.0,dbms,08-2026,couchbase-802-vanilla-ce-large-large-aws,1,ip-172-31-19-161,ranking,benchANT
2026-08-12 11:22:30+00:00,mem,swap_free,0.0,dbms,08-2026,couchbase-802-vanilla-ce-large-large-aws,1,ip-172-31-19-161,ranking,benchANT
2026-08-12 11:22:40+00:00,mem,swap_free,0.0,dbms,08-2026,couchbase-802-vanilla-ce-large-large-aws,1,ip-172-31-19-161,ranking,benchANT
2026-08-12 11:22:50+00:00,mem,swap_free,0.0,dbms,08-2026,couchbase-802-vanilla-ce-large-large-aws,1,ip-172-31-19-161,ranking,benchANT
2026-08-12 11:23:00+00:00,mem,swap_free,0.0,dbms,08-2026,couchbase-802-vanilla-ce-large-large-aws,1,ip-172-31-19-161,ranking,benchANT
2026-08-12 11:23:10+00:00,mem,swap_free,0.0,dbms,08-2026,couchbase-802-vanilla-ce-large-large-aws,1,ip-172-31-19-161,ranking,benchANT
2026-08-12 11:23:20+00:00,mem,swap_free,0.0,dbms,08-2026,couchbase-802-vanilla-ce-large-large-aws,1,ip-172-31-19-161,ranking,benchANT
2026-08-12 11:23:30+00:00,mem,swap_free,0.0,dbms,08-2026,couchbase-802-vanilla-ce-large-large-aws,1,ip-172-31-19-161,ranking,benchANT
2026-08-12 11:23:40+00:00,mem,swap_free,0.0,dbms,08-2026,couchbase-802-vanilla-ce-large-large-aws,1,ip-172-31-19-161,ranking,benchANT
2026-08-12 11:23:50+00:00,mem,swap_free,0.0,dbms,08-2026,couchbase-802-vanilla-ce-large-large-aws,1,ip-172-31-19-161,ranking,benchANT
2026-08-12 11:24:00+00:00,mem,swap_free,0.0,dbms,08-2026,couchbase-802-vanilla-ce-large-large-aws,1,ip-172-31-19-161,ranking,benchANT
2026-08-12 11:24:10+00:00,mem,swap_free,0.0,dbms,08-2026,couchbase-802-vanilla-ce-large-large-aws,1,ip-172-31-19-161,ranking,benchANT
2026-08-12 11:24:20+00:00,mem,swap_free,0.0,dbms,08-2026,couchbase-802-vanilla-ce-large-large-aws,1,ip-172-31-19-161,ranking,benchANT
2026-08-12 11:24:30+00:00,mem,swap_free,0.0,dbms,08-2026,couchbase-802-vanilla-ce-large-large-aws,1,ip-172-31-19-161,ranking,benchANT
2026-08-12 11:24:40+00:00,mem,swap_free,0.0,dbms,08-2026,couchbase-802-vanilla-ce-large-large-aws,1,ip-172-31-19-161,ranking,benchANT
2026-08-12 11:24:50+00:00,mem,swap_free,0.0,dbms,08-2026,couchbase-802-vanilla-ce-large-large-aws,1,ip-172-31-19-161,ranking,benchANT
2026-08-12 11:25:00+00:00,mem,swap_free,0.0,dbms,08-2026,couchbase-802-vanilla-ce-large-large-aws,1,ip-172-31-19-161,ranking,benchANT
2026-08-12 11:25:10+00:00,mem,swap_free,0.0,dbms,08-2026,couchbase-802-vanilla-ce-large-large-aws,1,ip-172-31-19-161,ranking,benchANT
2026-08-12 11:25:20+00:00,mem,swap_free,0.0,dbms,08-2026,couchbase-802-vanilla-ce-large-large-aws,1,ip-172-31-19-161,ranking,benchANT
2026-08-12 11:25:30+00:00,mem,swap_free,0.0,dbms,08-2026,couchbase-802-vanilla-ce-large-large-aws,1,ip-172-31-19-161,ranking,benchANT
2026-08-12 11:25:40+00:00,mem,swap_free,0.0,dbms,08-2026,couchbase-802-vanilla-ce-large-large-aws,1,ip-172-31-19-161,ranking,benchANT
2026-08-12 11:25:50+00:00,mem,swap_free,0.0,dbms,08-2026,couchbase-802-vanilla-ce-large-large-aws,1,ip-172-31-19-161,ranking,benchANT
2026-08-12 11:26:00+00:00,mem,swap_free,0.0,dbms,08-2026,couchbase-802-vanilla-ce-large-large-aws,1,ip-172-31-19-161,ranking,benchANT
2026-08-12 11:26:10+00:00,mem,swap_free,0.0,dbms,08-2026,couchbase-802-vanilla-ce-large-large-aws,1,ip-172-31-19-161,ranking,benchANT
2026-08-12 11:26:20+00:00,mem,swap_free,0.0,dbms,08-2026,couchbase-802-vanilla-ce-large-large-aws,1,ip-172-31-19-161,ranking,benchANT
2026-08-12 11:26:30+00:00,mem,swap_free,0.0,dbms,08-2026,couchbase-802-vanilla-ce-large-large-aws,1,ip-172-31-19-161,ranking,benchANT
2026-08-12 11:26:40+00:00,mem,swap_free,0.0,dbms,08-2026,couchbase-802-vanilla-ce-large-large-aws,1,ip-172-31-19-161,ranking,benchANT
2026-08-12 11:26:50+00:00,mem,swap_free,0.0,dbms,08-2026,couchbase-802-vanilla-ce-large-large-aws,1,ip-172-31-19-161,ranking,benchANT
2026-08-12 11:27:00+00:00,mem,swap_free,0.0,dbms,08-2026,couchbase-802-vanilla-ce-large-large-aws,1,ip-172-31-19-161,ranking,benchANT
2026-08-12 11:27:10+00:00,mem,swap_free,0.0,dbms,08-2026,couchbase-802-vanilla-ce-large-large-aws,1,ip-172-31-19-161,ranking,benchANT
2026-08-12 11:27:20+00:00,mem,swap_free,0.0,dbms,08-2026,couchbase-802-vanilla-ce-large-large-aws,1,ip-172-31-19-161,ranking,benchANT
2026-08-12 11:27:30+00:00,mem,swap_free,0.0,dbms,08-2026,couchbase-802-vanilla-ce-large-large-aws,1,ip-172-31-19-161,ranking,benchANT
2026-08-12 11:27:40+00:00,mem,swap_free,0.0,dbms,08-2026,couchbase-802-vanilla-ce-large-large-aws,1,ip-172-31-19-161,ranking,benchANT
2026-08-12 11:27:50+00:00,mem,swap_free,0.0,dbms,08-2026,couchbase-802-vanilla-ce-large-large-aws,1,ip-172-31-19-161,ranking,benchANT
2026-08-12 11:28:00+00:00,mem,swap_free,0.0,dbms,08-2026,couchbase-802-vanilla-ce-large-large-aws,1,ip-172-31-19-161,ranking,benchANT
2026-08-12 11:28:10+00:00,mem,swap_free,0.0,dbms,08-2026,couchbase-802-vanilla-ce-large-large-aws,1,ip-172-31-19-161,ranking,benchANT
2026-08-12 11:28:20+00:00,mem,swap_free,0.0,dbms,08-2026,couchbase-802-vanilla-ce-large-large-aws,1,ip-172-31-19-161,ranking,benchANT
2026-08-12 11:28:30+00:00,mem,swap_free,0.0,dbms,08-2026,couchbase-802-vanilla-ce-large-large-aws,1,ip-172-31-19-161,ranking,benchANT
2026-08-12 11:28:40+00:00,mem,swap_free,0.0,dbms,08-2026,couchbase-802-vanilla-ce-large-large-aws,1,ip-172-31-19-161,ranking,benchANT
2026-08-12 11:28:50+00:00,mem,swap_free,0.0,dbms,08-2026,couchbase-802-vanilla-ce-large-large-aws,1,ip-172-31-19-161,ranking,benchANT
2026-08-12 11:29:00+00:00,mem,swap_free,0.0,dbms,08-2026,couchbase-802-vanilla-ce-large-large-aws,1,ip-172-31-19-161,ranking,benchANT
2026-08-12 11:29:10+00:00,mem,swap_free,0.0,dbms,08-2026,couchbase-802-vanilla-ce-large-large-aws,1,ip-172-31-19-161,ranking,benchANT
2026-08-12 11:29:20+00:00,mem,swap_free,0.0,dbms,08-2026,couchbase-802-vanilla-ce-large-large-aws,1,ip-172-31-19-161,ranking,benchANT
2026-08-12 11:29:30+00:00,mem,swap_free,0.0,dbms,08-2026,couchbase-802-vanilla-ce-large-large-aws,1,ip-172-31-19-161,ranking,benchANT
2026-08-12 11:29:40+00:00,mem,swap_free,0.0,dbms,08-2026,couchbase-802-vanilla-ce-large-large-aws,1,ip-172-31-19-161,ranking,benchANT
2026-08-12 11:29:50+00:00,mem,swap_free,0.0,dbms,08-2026,couchbase-802-vanilla-ce-large-large-aws,1,ip-172-31-19-161,ranking,benchANT
2026-08-12 11:20:00+00:00,mem,swap_total,0.0,dbms,08-2026,couchbase-802-vanilla-ce-large-large-aws,1,ip-172-31-19-161,ranking,benchANT
2026-08-12 11:20:10+00:00,mem,swap_total,0.0,dbms,08-2026,couchbase-802-vanilla-ce-large-large-aws,1,ip-172-31-19-161,ranking,benchANT
2026-08-12 11:20:20+00:00,mem,swap_total,0.0,dbms,08-2026,couchbase-802-vanilla-ce-large-large-aws,1,ip-172-31-19-161,ranking,benchANT
2026-08-12 11:20:30+00:00,mem,swap_total,0.0,dbms,08-2026,couchbase-802-vanilla-ce-large-large-aws,1,ip-172-31-19-161,ranking,benchANT
2026-08-12 11:20:40+00:00,mem,swap_total,0.0,dbms,08-2026,couchbase-802-vanilla-ce-large-large-aws,1,ip-172-31-19-161,ranking,benchANT
2026-08-12 11:20:50+00:00,mem,swap_total,0.0,dbms,08-2026,couchbase-802-vanilla-ce-large-large-aws,1,ip-172-31-19-161,ranking,benchANT
2026-08-12 11:21:00+00:00,mem,swap_total,0.0,dbms,08-2026,couchbase-802-vanilla-ce-large-large-aws,1,ip-172-31-19-161,ranking,benchANT
2026-08-12 11:21:10+00:00,mem,swap_total,0.0,dbms,08-2026,couchbase-802-vanilla-ce-large-large-aws,1,ip-172-31-19-161,ranking,benchANT
2026-08-12 11:21:20+00:00,mem,swap_total,0.0,dbms,08-2026,couchbase-802-vanilla-ce-large-large-aws,1,ip-172-31-19-161,ranking,benchANT
2026-08-12 11:21:30+00:00,mem,swap_total,0.0,dbms,08-2026,couchbase-802-vanilla-ce-large-large-aws,1,ip-172-31-19-161,ranking,benchANT
2026-08-12 11:21:40+00:00,mem,swap_total,0.0,dbms,08-2026,couchbase-802-vanilla-ce-large-large-aws,1,ip-172-31-19-161,ranking,benchANT
2026-08-12 11:21:50+00:00,mem,swap_total,0.0,dbms,08-2026,couchbase-802-vanilla-ce-large-large-aws,1,ip-172-31-19-161,ranking,benchANT
2026-08-12 11:22:00+00:00,mem,swap_total,0.0,dbms,08-2026,couchbase-802-vanilla-ce-large-large-aws,1,ip-172-31-19-161,ranking,benchANT
2026-08-12 11:22:10+00:00,mem,swap_total,0.0,dbms,08-2026,couchbase-802-vanilla-ce-large-large-aws,1,ip-172-31-19-161,ranking,benchANT
2026-08-12 11:22:20+00:00,mem,swap_total,0.0,dbms,08-2026,couchbase-802-vanilla-ce-large-large-aws,1,ip-172-31-19-161,ranking,benchANT
2026-08-12 11:22:30+00:00,mem,swap_total,0.0,dbms,08-2026,couchbase-802-vanilla-ce-large-large-aws,1,ip-172-31-19-161,ranking,benchANT
2026-08-12 11:22:40+00:00,mem,swap_total,0.0,dbms,08-2026,couchbase-802-vanilla-ce-large-large-aws,1,ip-172-31-19-161,ranking,benchANT
2026-08-12 11:22:50+00:00,mem,swap_total,0.0,dbms,08-2026,couchbase-802-vanilla-ce-large-large-aws,1,ip-172-31-19-161,ranking,benchANT
2026-08-12 11:23:00+00:00,mem,swap_total,0.0,dbms,08-2026,couchbase-802-vanilla-ce-large-large-aws,1,ip-172-31-19-161,ranking,benchANT
2026-08-12 11:23:10+00:00,mem,swap_total,0.0,dbms,08-2026,couchbase-802-vanilla-ce-large-large-aws,1,ip-172-31-19-161,ranking,benchANT
2026-08-12 11:23:20+00:00,mem,swap_total,0.0,dbms,08-2026,couchbase-802-vanilla-ce-large-large-aws,1,ip-172-31-19-161,ranking,benchANT
2026-08-12 11:23:30+00:00,mem,swap_total,0.0,dbms,08-2026,couchbase-802-vanilla-ce-large-large-aws,1,ip-172-31-19-161,ranking,benchANT
2026-08-12 11:23:40+00:00,mem,swap_total,0.0,dbms,08-2026,couchbase-802-vanilla-ce-large-large-aws,1,ip-172-31-19-161,ranking,benchANT
2026-08-12 11:23:50+00:00,mem,swap_total,0.0,dbms,08-2026,couchbase-802-vanilla-ce-large-large-aws,1,ip-172-31-19-161,ranking,benchANT
2026-08-12 11:24:00+00:00,mem,swap_total,0.0,dbms,08-2026,couchbase-802-vanilla-ce-large-large-aws,1,ip-172-31-19-161,ranking,benchANT
2026-08-12 11:24:10+00:00,mem,swap_total,0.0,dbms,08-2026,couchbase-802-vanilla-ce-large-large-aws,1,ip-172-31-19-161,ranking,benchANT
2026-08-12 11:24:20+00:00,mem,swap_total,0.0,dbms,08-2026,couchbase-802-vanilla-ce-large-large-aws,1,ip-172-31-19-161,ranking,benchANT
2026-08-12 11:24:30+00:00,mem,swap_total,0.0,dbms,08-2026,couchbase-802-vanilla-ce-large-large-aws,1,ip-172-31-19-161,ranking,benchANT
2026-08-12 11:24:40+00:00,mem,swap_total,0.0,dbms,08-2026,couchbase-802-vanilla-ce-large-large-aws,1,ip-172-31-19-161,ranking,benchANT
2026-08-12 11:24:50+00:00,mem,swap_total,0.0,dbms,08-2026,couchbase-802-vanilla-ce-large-large-aws,1,ip-172-31-19-161,ranking,benchANT
2026-08-12 11:25:00+00:00,mem,swap_total,0.0,dbms,08-2026,couchbase-802-vanilla-ce-large-large-aws,1,ip-172-31-19-161,ranking,benchANT
2026-08-12 11:25:10+00:00,mem,swap_total,0.0,dbms,08-2026,couchbase-802-vanilla-ce-large-large-aws,1,ip-172-31-19-161,ranking,benchANT
2026-08-12 11:25:20+00:00,mem,swap_total,0.0,dbms,08-2026,couchbase-802-vanilla-ce-large-large-aws,1,ip-172-31-19-161,ranking,benchANT
2026-08-12 11:25:30+00:00,mem,swap_total,0.0,dbms,08-2026,couchbase-802-vanilla-ce-large-large-aws,1,ip-172-31-19-161,ranking,benchANT
2026-08-12 11:25:40+00:00,mem,swap_total,0.0,dbms,08-2026,couchbase-802-vanilla-ce-large-large-aws,1,ip-172-31-19-161,ranking,benchANT
2026-08-12 11:25:50+00:00,mem,swap_total,0.0,dbms,08-2026,couchbase-802-vanilla-ce-large-large-aws,1,ip-172-31-19-161,ranking,benchANT
2026-08-12 11:26:00+00:00,mem,swap_total,0.0,dbms,08-2026,couchbase-802-vanilla-ce-large-large-aws,1,ip-172-31-19-161,ranking,benchANT
2026-08-12 11:26:10+00:00,mem,swap_total,0.0,dbms,08-2026,couchbase-802-vanilla-ce-large-large-aws,1,ip-172-31-19-161,ranking,benchANT
2026-08-12 11:26:20+00:00,mem,swap_total,0.0,dbms,08-2026,couchbase-802-vanilla-ce-large-large-aws,1,ip-172-31-19-161,ranking,benchANT
2026-08-12 11:26:30+00:00,mem,swap_total,0.0,dbms,08-2026,couchbase-802-vanilla-ce-large-large-aws,1,ip-172-31-19-161,ranking,benchANT
2026-08-12 11:26:40+00:00,mem,swap_total,0.0,dbms,08-2026,couchbase-802-vanilla-ce-large-large-aws,1,ip-172-31-19-161,ranking,benchANT
2026-08-12 11:26:50+00:00,mem,swap_total,0.0,dbms,08-2026,couchbase-802-vanilla-ce-large-large-aws,1,ip-172-31-19-161,ranking,benchANT
2026-08-12 11:27:00+00:00,mem,swap_total,0.0,dbms,08-2026,couchbase-802-vanilla-ce-large-large-aws,1,ip-172-31-19-161,ranking,benchANT
2026-08-12 11:27:10+00:00,mem,swap_total,0.0,dbms,08-2026,couchbase-802-vanilla-ce-large-large-aws,1,ip-172-31-19-161,ranking,benchANT
2026-08-12 11:27:20+00:00,mem,swap_total,0.0,dbms,08-2026,couchbase-802-vanilla-ce-large-large-aws,1,ip-172-31-19-161,ranking,benchANT
2026-08-12 11:27:30+00:00,mem,swap_total,0.0,dbms,08-2026,couchbase-802-vanilla-ce-large-large-aws,1,ip-172-31-19-161,ranking,benchANT
2026-08-12 11:27:40+00:00,mem,swap_total,0.0,dbms,08-2026,couchbase-802-vanilla-ce-large-large-aws,1,ip-172-31-19-161,ranking,benchANT
2026-08-12 11:27:50+00:00,mem,swap_total,0.0,dbms,08-2026,couchbase-802-vanilla-ce-large-large-aws,1,ip-172-31-19-161,ranking,benchANT
2026-08-12 11:28:00+00:00,mem,swap_total,0.0,dbms,08-2026,couchbase-802-vanilla-ce-large-large-aws,1,ip-172-31-19-161,ranking,benchANT
2026-08-12 11:28:10+00:00,mem,swap_total,0.0,dbms,08-2026,couchbase-802-vanilla-ce-large-large-aws,1,ip-172-31-19-161,ranking,benchANT
2026-08-12 11:28:20+00:00,mem,swap_total,0.0,dbms,08-2026,couchbase-802-vanilla-ce-large-large-aws,1,ip-172-31-19-161,ranking,benchANT
2026-08-12 11:28:30+00:00,mem,swap_total,0.0,dbms,08-2026,couchbase-802-vanilla-ce-large-large-aws,1,ip-172-31-19-161,ranking,benchANT
2026-08-12 11:28:40+00:00,mem,swap_total,0.0,dbms,08-2026,couchbase-802-vanilla-ce-large-large-aws,1,ip-172-31-19-161,ranking,benchANT
2026-08-12 11:28:50+00:00,mem,swap_total,0.0,dbms,08-2026,couchbase-802-vanilla-ce-large-large-aws,1,ip-172-31-19-161,ranking,benchANT
2026-08-12 11:29:00+00:00,mem,swap_total,0.0,dbms,08-2026,couchbase-802-vanilla-ce-large-large-aws,1,ip-172-31-19-161,ranking,benchANT
2026-08-12 11:29:10+00:00,mem,swap_total,0.0,dbms,08-2026,couchbase-802-vanilla-ce-large-large-aws,1,ip-172-31-19-161,ranking,benchANT
2026-08-12 11:29:20+00:00,mem,swap_total,0.0,dbms,08-2026,couchbase-802-vanilla-ce-large-large-aws,1,ip-172-31-19-161,ranking,benchANT
2026-08-12 11:29:30+00:00,mem,swap_total,0.0,dbms,08-2026,couchbase-802-vanilla-ce-large-large-aws,1,ip-172-31-19-161,ranking,benchANT
2026-08-12 11:29:40+00:00,mem,swap_total,0.0,dbms,08-2026,couchbase-802-vanilla-ce-large-large-aws,1,ip-172-31-19-161,ranking,benchANT
2026-08-12 11:29:50+00:00,mem,swap_total,0.0,dbms,08-2026,couchbase-802-vanilla-ce-large-large-aws,1,ip-172-31-19-161,ranking,benchANT
2026-08-12 11:20:00+00:00,mem,total,32908484608.0,dbms,08-2026,couchbase-802-vanilla-ce-large-large-aws,1,ip-172-31-19-161,ranking,benchANT
2026-08-12 11:20:10+00:00,mem,total,32908484608.0,dbms,08-2026,couchbase-802-vanilla-ce-large-large-aws,1,ip-172-31-19-161,ranking,benchANT
2026-08-12 11:20:20+00:00,mem,total,32908484608.0,dbms,08-2026,couchbase-802-vanilla-ce-large-large-aws,1,ip-172-31-19-161,ranking,benchANT
2026-08-12 11:20:30+00:00,mem,total,32908484608.0,dbms,08-2026,couchbase-802-vanilla-ce-large-large-aws,1,ip-172-31-19-161,ranking,benchANT
2026-08-12 11:20:40+00:00,mem,total,32908484608.0,dbms,08-2026,couchbase-802-vanilla-ce-large-large-aws,1,ip-172-31-19-161,ranking,benchANT
2026-08-12 11:20:50+00:00,mem,total,32908484608.0,dbms,08-2026,couchbase-802-vanilla-ce-large-large-aws,1,ip-172-31-19-161,ranking,benchANT
2026-08-12 11:21:00+00:00,mem,total,32908484608.0,dbms,08-2026,couchbase-802-vanilla-ce-large-large-aws,1,ip-172-31-19-161,ranking,benchANT
2026-08-12 11:21:10+00:00,mem,total,32908484608.0,dbms,08-2026,couchbase-802-vanilla-ce-large-large-aws,1,ip-172-31-19-161,ranking,benchANT
2026-08-12 11:21:20+00:00,mem,total,32908484608.0,dbms,08-2026,couchbase-802-vanilla-ce-large-large-aws,1,ip-172-31-19-161,ranking,benchANT
2026-08-12 11:21:30+00:00,mem,total,32908484608.0,dbms,08-2026,couchbase-802-vanilla-ce-large-large-aws,1,ip-172-31-19-161,ranking,benchANT
2026-08-12 11:21:40+00:00,mem,total,32908484608.0,dbms,08-2026,couchbase-802-vanilla-ce-large-large-aws,1,ip-172-31-19-161,ranking,benchANT
2026-08-12 11:21:50+00:00,mem,total,32908484608.0,dbms,08-2026,couchbase-802-vanilla-ce-large-large-aws,1,ip-172-31-19-161,ranking,benchANT
2026-08-12 11:22:00+00:00,mem,total,32908484608.0,dbms,08-2026,couchbase-802-vanilla-ce-large-large-aws,1,ip-172-31-19-161,ranking,benchANT
2026-08-12 11:22:10+00:00,mem,total,32908484608.0,dbms,08-2026,couchbase-802-vanilla-ce-large-large-aws,1,ip-172-31-19-161,ranking,benchANT
2026-08-12 11:22:20+00:00,mem,total,32908484608.0,dbms,08-2026,couchbase-802-vanilla-ce-large-large-aws,1,ip-172-31-19-161,ranking,benchANT
2026-08-12 11:22:30+00:00,mem,total,32908484608.0,dbms,08-2026,couchbase-802-vanilla-ce-large-large-aws,1,ip-172-31-19-161,ranking,benchANT
2026-08-12 11:22:40+00:00,mem,total,32908484608.0,dbms,08-2026,couchbase-802-vanilla-ce-large-large-aws,1,ip-172-31-19-161,ranking,benchANT
2026-08-12 11:22:50+00:00,mem,total,32908484608.0,dbms,08-2026,couchbase-802-vanilla-ce-large-large-aws,1,ip-172-31-19-161,ranking,benchANT
2026-08-12 11:23:00+00:00,mem,total,32908484608.0,dbms,08-2026,couchbase-802-vanilla-ce-large-large-aws,1,ip-172-31-19-161,ranking,benchANT
2026-08-12 11:23:10+00:00,mem,total,32908484608.0,dbms,08-2026,couchbase-802-vanilla-ce-large-large-aws,1,ip-172-31-19-161,ranking,benchANT
2026-08-12 11:23:20+00:00,mem,total,32908484608.0,dbms,08-2026,couchbase-802-vanilla-ce-large-large-aws,1,ip-172-31-19-161,ranking,benchANT
2026-08-12 11:23:30+00:00,mem,total,32908484608.0,dbms,08-2026,couchbase-802-vanilla-ce-large-large-aws,1,ip-172-31-19-161,ranking,benchANT
2026-08-12 11:23:40+00:00,mem,total,32908484608.0,dbms,08-2026,couchbase-802-vanilla-ce-large-large-aws,1,ip-172-31-19-161,ranking,benchANT
2026-08-12 11:23:50+00:00,mem,total,32908484608.0,dbms,08-2026,couchbase-802-vanilla-ce-large-large-aws,1,ip-172-31-19-161,ranking,benchANT
2026-08-12 11:24:00+00:00,mem,total,32908484608.0,dbms,08-2026,couchbase-802-vanilla-ce-large-large-aws,1,ip-172-31-19-161,ranking,benchANT
2026-08-12 11:24:10+00:00,mem,total,32908484608.0,dbms,08-2026,couchbase-802-vanilla-ce-large-large-aws,1,ip-172-31-19-161,ranking,benchANT
2026-08-12 11:24:20+00:00,mem,total,32908484608.0,dbms,08-2026,couchbase-802-vanilla-ce-large-large-aws,1,ip-172-31-19-161,ranking,benchANT
2026-08-12 11:24:30+00:00,mem,total,32908484608.0,dbms,08-2026,couchbase-802-vanilla-ce-large-large-aws,1,ip-172-31-19-161,ranking,benchANT
2026-08-12 11:24:40+00:00,mem,total,32908484608.0,dbms,08-2026,couchbase-802-vanilla-ce-large-large-aws,1,ip-172-31-19-161,ranking,benchANT
2026-08-12 11:24:50+00:00,mem,total,32908484608.0,dbms,08-2026,couchbase-802-vanilla-ce-large-large-aws,1,ip-172-31-19-161,ranking,benchANT
2026-08-12 11:25:00+00:00,mem,total,32908484608.0,dbms,08-2026,couchbase-802-vanilla-ce-large-large-aws,1,ip-172-31-19-161,ranking,benchANT
2026-08-12 11:25:10+00:00,mem,total,32908484608.0,dbms,08-2026,couchbase-802-vanilla-ce-large-large-aws,1,ip-172-31-19-161,ranking,benchANT
2026-08-12 11:25:20+00:00,mem,total,32908484608.0,dbms,08-2026,couchbase-802-vanilla-ce-large-large-aws,1,ip-172-31-19-161,ranking,benchANT
2026-08-12 11:25:30+00:00,mem,total,32908484608.0,dbms,08-2026,couchbase-802-vanilla-ce-large-large-aws,1,ip-172-31-19-161,ranking,benchANT
2026-08-12 11:25:40+00:00,mem,total,32908484608.0,dbms,08-2026,couchbase-802-vanilla-ce-large-large-aws,1,ip-172-31-19-161,ranking,benchANT
2026-08-12 11:25:50+00:00,mem,total,32908484608.0,dbms,08-2026,couchbase-802-vanilla-ce-large-large-aws,1,ip-172-31-19-161,ranking,benchANT
2026-08-12 11:26:00+00:00,mem,total,32908484608.0,dbms,08-2026,couchbase-802-vanilla-ce-large-large-aws,1,ip-172-31-19-161,ranking,benchANT
2026-08-12 11:26:10+00:00,mem,total,32908484608.0,dbms,08-2026,couchbase-802-vanilla-ce-large-large-aws,1,ip-172-31-19-161,ranking,benchANT
2026-08-12 11:26:20+00:00,mem,total,32908484608.0,dbms,08-2026,couchbase-802-vanilla-ce-large-large-aws,1,ip-172-31-19-161,ranking,benchANT
2026-08-12 11:26:30+00:00,mem,total,32908484608.0,dbms,08-2026,couchbase-802-vanilla-ce-large-large-aws,1,ip-172-31-19-161,ranking,benchANT
2026-08-12 11:26:40+00:00,mem,total,32908484608.0,dbms,08-2026,couchbase-802-vanilla-ce-large-large-aws,1,ip-172-31-19-161,ranking,benchANT
2026-08-12 11:26:50+00:00,mem,total,32908484608.0,dbms,08-2026,couchbase-802-vanilla-ce-large-large-aws,1,ip-172-31-19-161,ranking,benchANT
2026-08-12 11:27:00+00:00,mem,total,32908484608.0,dbms,08-2026,couchbase-802-vanilla-ce-large-large-aws,1,ip-172-31-19-161,ranking,benchANT
2026-08-12 11:27:10+00:00,mem,total,32908484608.0,dbms,08-2026,couchbase-802-vanilla-ce-large-large-aws,1,ip-172-31-19-161,ranking,benchANT
2026-08-12 11:27:20+00:00,mem,total,32908484608.0,dbms,08-2026,couchbase-802-vanilla-ce-large-large-aws,1,ip-172-31-19-161,ranking,benchANT
2026-08-12 11:27:30+00:00,mem,total,32908484608.0,dbms,08-2026,couchbase-802-vanilla-ce-large-large-aws,1,ip-172-31-19-161,ranking,benchANT
2026-08-12 11:27:40+00:00,mem,total,32908484608.0,dbms,08-2026,couchbase-802-vanilla-ce-large-large-aws,1,ip-172-31-19-161,ranking,benchANT
2026-08-12 11:27:50+00:00,mem,total,32908484608.0,dbms,08-2026,couchbase-802-vanilla-ce-large-large-aws,1,ip-172-31-19-161,ranking,benchANT
2026-08-12 11:28:00+00:00,mem,total,32908484608.0,dbms,08-2026,couchbase-802-vanilla-ce-large-large-aws,1,ip-172-31-19-161,ranking,benchANT
2026-08-12 11:28:10+00:00,mem,total,32908484608.0,dbms,08-2026,couchbase-802-vanilla-ce-large-large-aws,1,ip-172-31-19-161,ranking,benchANT
2026-08-12 11:28:20+00:00,mem,total,32908484608.0,dbms,08-2026,couchbase-802-vanilla-ce-large-large-aws,1,ip-172-31-19-161,ranking,benchANT
2026-08-12 11:28:30+00:00,mem,total,32908484608.0,dbms,08-2026,couchbase-802-vanilla-ce-large-large-aws,1,ip-172-31-19-161,ranking,benchANT
2026-08-12 11:28:40+00:00,mem,total,32908484608.0,dbms,08-2026,couchbase-802-vanilla-ce-large-large-aws,1,ip-172-31-19-161,ranking,benchANT
2026-08-12 11:28:50+00:00,mem,total,32908484608.0,dbms,08-2026,couchbase-802-vanilla-ce-large-large-aws,1,ip-172-31-19-161,ranking,benchANT
2026-08-12 11:29:00+00:00,mem,total,32908484608.0,dbms,08-2026,couchbase-802-vanilla-ce-large-large-aws,1,ip-172-31-19-161,ranking,benchANT
2026-08-12 11:29:10+00:00,mem,total,32908484608.0,dbms,08-2026,couchbase-802-vanilla-ce-large-large-aws,1,ip-172-31-19-161,ranking,benchANT
2026-08-12 11:29:20+00:00,mem,total,32908484608.0,dbms,08-2026,couchbase-802-vanilla-ce-large-large-aws,1,ip-172-31-19-161,ranking,benchANT
2026-08-12 11:29:30+00:00,mem,total,32908484608.0,dbms,08-2026,couchbase-802-vanilla-ce-large-large-aws,1,ip-172-31-19-161,ranking,benchANT
2026-08-12 11:29:40+00:00,mem,total,32908484608.0,dbms,08-2026,couchbase-802-vanilla-ce-large-large-aws,1,ip-172-31-19-161,ranking,benchANT
2026-08-12 11:29:50+00:00,mem,total,32908484608.0,dbms,08-2026,couchbase-802-vanilla-ce-large-large-aws,1,ip-172-31-19-161,ranking,benchANT
2026-08-12 11:20:00+00:00,mem,used,5214064640.0,dbms,08-2026,couchbase-802-vanilla-ce-large-large-aws,1,ip-172-31-19-161,ranking,benchANT
2026-08-12 11:20:10+00:00,mem,used,5212422144.0,dbms,08-2026,couchbase-802-vanilla-ce-large-large-aws,1,ip-172-31-19-161,ranking,benchANT
2026-08-12 11:20:20+00:00,mem,used,5210247168.0,dbms,08-2026,couchbase-802-vanilla-ce-large-large-aws,1,ip-172-31-19-161,ranking,benchANT
2026-08-12 11:20:30+00:00,mem,used,5206605824.0,dbms,08-2026,couchbase-802-vanilla-ce-large-large-aws,1,ip-172-31-19-161,ranking,benchANT
2026-08-12 11:20:40+00:00,mem,used,5206122496.0,dbms,08-2026,couchbase-802-vanilla-ce-large-large-aws,1,ip-172-31-19-161,ranking,benchANT
2026-08-12 11:20:50+00:00,mem,used,5201002496.0,dbms,08-2026,couchbase-802-vanilla-ce-large-large-aws,1,ip-172-31-19-161,ranking,benchANT
2026-08-12 11:21:00+00:00,mem,used,5192560640.0,dbms,08-2026,couchbase-802-vanilla-ce-large-large-aws,1,ip-172-31-19-161,ranking,benchANT
2026-08-12 11:21:10+00:00,mem,used,5192994816.0,dbms,08-2026,couchbase-802-vanilla-ce-large-large-aws,1,ip-172-31-19-161,ranking,benchANT
2026-08-12 11:21:20+00:00,mem,used,5228032000.0,dbms,08-2026,couchbase-802-vanilla-ce-large-large-aws,1,ip-172-31-19-161,ranking,benchANT
2026-08-12 11:21:30+00:00,mem,used,5425573888.0,dbms,08-2026,couchbase-802-vanilla-ce-large-large-aws,1,ip-172-31-19-161,ranking,benchANT
2026-08-12 11:21:40+00:00,mem,used,5990584320.0,dbms,08-2026,couchbase-802-vanilla-ce-large-large-aws,1,ip-172-31-19-161,ranking,benchANT
2026-08-12 11:21:50+00:00,mem,used,6516187136.0,dbms,08-2026,couchbase-802-vanilla-ce-large-large-aws,1,ip-172-31-19-161,ranking,benchANT
2026-08-12 11:22:00+00:00,mem,used,7069069312.0,dbms,08-2026,couchbase-802-vanilla-ce-large-large-aws,1,ip-172-31-19-161,ranking,benchANT
2026-08-12 11:22:10+00:00,mem,used,7545188352.0,dbms,08-2026,couchbase-802-vanilla-ce-large-large-aws,1,ip-172-31-19-161,ranking,benchANT
2026-08-12 11:22:20+00:00,mem,used,8008998912.0,dbms,08-2026,couchbase-802-vanilla-ce-large-large-aws,1,ip-172-31-19-161,ranking,benchANT
2026-08-12 11:22:30+00:00,mem,used,8533716992.0,dbms,08-2026,couchbase-802-vanilla-ce-large-large-aws,1,ip-172-31-19-161,ranking,benchANT
2026-08-12 11:22:40+00:00,mem,used,9004449792.0,dbms,08-2026,couchbase-802-vanilla-ce-large-large-aws,1,ip-172-31-19-161,ranking,benchANT
2026-08-12 11:22:50+00:00,mem,used,9497509888.0,dbms,08-2026,couchbase-802-vanilla-ce-large-large-aws,1,ip-172-31-19-161,ranking,benchANT
2026-08-12 11:23:00+00:00,mem,used,9999343616.0,dbms,08-2026,couchbase-802-vanilla-ce-large-large-aws,1,ip-172-31-19-161,ranking,benchANT
2026-08-12 11:23:10+00:00,mem,used,10466181120.0,dbms,08-2026,couchbase-802-vanilla-ce-large-large-aws,1,ip-172-31-19-161,ranking,benchANT
2026-08-12 11:23:20+00:00,mem,used,11001888768.0,dbms,08-2026,couchbase-802-vanilla-ce-large-large-aws,1,ip-172-31-19-161,ranking,benchANT
2026-08-12 11:23:30+00:00,mem,used,11482308608.0,dbms,08-2026,couchbase-802-vanilla-ce-large-large-aws,1,ip-172-31-19-161,ranking,benchANT
2026-08-12 11:23:40+00:00,mem,used,11970666496.0,dbms,08-2026,couchbase-802-vanilla-ce-large-large-aws,1,ip-172-31-19-161,ranking,benchANT
2026-08-12 11:23:50+00:00,mem,used,12519096320.0,dbms,08-2026,couchbase-802-vanilla-ce-large-large-aws,1,ip-172-31-19-161,ranking,benchANT
2026-08-12 11:24:00+00:00,mem,used,13044948992.0,dbms,08-2026,couchbase-802-vanilla-ce-large-large-aws,1,ip-172-31-19-161,ranking,benchANT
2026-08-12 11:24:10+00:00,mem,used,13526917120.0,dbms,08-2026,couchbase-802-vanilla-ce-large-large-aws,1,ip-172-31-19-161,ranking,benchANT
2026-08-12 11:24:20+00:00,mem,used,14058496000.0,dbms,08-2026,couchbase-802-vanilla-ce-large-large-aws,1,ip-172-31-19-161,ranking,benchANT
2026-08-12 11:24:30+00:00,mem,used,14501552128.0,dbms,08-2026,couchbase-802-vanilla-ce-large-large-aws,1,ip-172-31-19-161,ranking,benchANT
2026-08-12 11:24:40+00:00,mem,used,15065149440.0,dbms,08-2026,couchbase-802-vanilla-ce-large-large-aws,1,ip-172-31-19-161,ranking,benchANT
2026-08-12 11:24:50+00:00,mem,used,15127560192.0,dbms,08-2026,couchbase-802-vanilla-ce-large-large-aws,1,ip-172-31-19-161,ranking,benchANT
2026-08-12 11:25:00+00:00,mem,used,15170629632.0,dbms,08-2026,couchbase-802-vanilla-ce-large-large-aws,1,ip-172-31-19-161,ranking,benchANT
2026-08-12 11:25:10+00:00,mem,used,15184560128.0,dbms,08-2026,couchbase-802-vanilla-ce-large-large-aws,1,ip-172-31-19-161,ranking,benchANT
2026-08-12 11:25:20+00:00,mem,used,15172169728.0,dbms,08-2026,couchbase-802-vanilla-ce-large-large-aws,1,ip-172-31-19-161,ranking,benchANT
2026-08-12 11:25:30+00:00,mem,used,15083511808.0,dbms,08-2026,couchbase-802-vanilla-ce-large-large-aws,1,ip-172-31-19-161,ranking,benchANT
2026-08-12 11:25:40+00:00,mem,used,14933991424.0,dbms,08-2026,couchbase-802-vanilla-ce-large-large-aws,1,ip-172-31-19-161,ranking,benchANT
2026-08-12 11:25:50+00:00,mem,used,14200004608.0,dbms,08-2026,couchbase-802-vanilla-ce-large-large-aws,1,ip-172-31-19-161,ranking,benchANT
2026-08-12 11:26:00+00:00,mem,used,14095581184.0,dbms,08-2026,couchbase-802-vanilla-ce-large-large-aws,1,ip-172-31-19-161,ranking,benchANT
2026-08-12 11:26:10+00:00,mem,used,14061506560.0,dbms,08-2026,couchbase-802-vanilla-ce-large-large-aws,1,ip-172-31-19-161,ranking,benchANT
2026-08-12 11:26:20+00:00,mem,used,13857222656.0,dbms,08-2026,couchbase-802-vanilla-ce-large-large-aws,1,ip-172-31-19-161,ranking,benchANT
2026-08-12 11:26:30+00:00,mem,used,13716189184.0,dbms,08-2026,couchbase-802-vanilla-ce-large-large-aws,1,ip-172-31-19-161,ranking,benchANT
2026-08-12 11:26:40+00:00,mem,used,13700055040.0,dbms,08-2026,couchbase-802-vanilla-ce-large-large-aws,1,ip-172-31-19-161,ranking,benchANT
2026-08-12 11:26:50+00:00,mem,used,13719527424.0,dbms,08-2026,couchbase-802-vanilla-ce-large-large-aws,1,ip-172-31-19-161,ranking,benchANT
2026-08-12 11:27:00+00:00,mem,used,13741813760.0,dbms,08-2026,couchbase-802-vanilla-ce-large-large-aws,1,ip-172-31-19-161,ranking,benchANT
2026-08-12 11:27:10+00:00,mem,used,13785427968.0,dbms,08-2026,couchbase-802-vanilla-ce-large-large-aws,1,ip-172-31-19-161,ranking,benchANT
2026-08-12 11:27:20+00:00,mem,used,13721280512.0,dbms,08-2026,couchbase-802-vanilla-ce-large-large-aws,1,ip-172-31-19-161,ranking,benchANT
2026-08-12 11:27:30+00:00,mem,used,13831278592.0,dbms,08-2026,couchbase-802-vanilla-ce-large-large-aws,1,ip-172-31-19-161,ranking,benchANT
2026-08-12 11:27:40+00:00,mem,used,13890547712.0,dbms,08-2026,couchbase-802-vanilla-ce-large-large-aws,1,ip-172-31-19-161,ranking,benchANT
2026-08-12 11:27:50+00:00,mem,used,13928726528.0,dbms,08-2026,couchbase-802-vanilla-ce-large-large-aws,1,ip-172-31-19-161,ranking,benchANT
2026-08-12 11:28:00+00:00,mem,used,13970411520.0,dbms,08-2026,couchbase-802-vanilla-ce-large-large-aws,1,ip-172-31-19-161,ranking,benchANT
2026-08-12 11:28:10+00:00,mem,used,14024380416.0,dbms,08-2026,couchbase-802-vanilla-ce-large-large-aws,1,ip-172-31-19-161,ranking,benchANT
2026-08-12 11:28:20+00:00,mem,used,14066315264.0,dbms,08-2026,couchbase-802-vanilla-ce-large-large-aws,1,ip-172-31-19-161,ranking,benchANT
2026-08-12 11:28:30+00:00,mem,used,14115508224.0,dbms,08-2026,couchbase-802-vanilla-ce-large-large-aws,1,ip-172-31-19-161,ranking,benchANT
2026-08-12 11:28:40+00:00,mem,used,14170275840.0,dbms,08-2026,couchbase-802-vanilla-ce-large-large-aws,1,ip-172-31-19-161,ranking,benchANT
2026-08-12 11:28:50+00:00,mem,used,14184333312.0,dbms,08-2026,couchbase-802-vanilla-ce-large-large-aws,1,ip-172-31-19-161,ranking,benchANT
2026-08-12 11:29:00+00:00,mem,used,14229491712.0,dbms,08-2026,couchbase-802-vanilla-ce-large-large-aws,1,ip-172-31-19-161,ranking,benchANT
2026-08-12 11:29:10+00:00,mem,used,14262681600.0,dbms,08-2026,couchbase-802-vanilla-ce-large-large-aws,1,ip-172-31-19-161,ranking,benchANT
2026-08-12 11:29:20+00:00,mem,used,14309085184.0,dbms,08-2026,couchbase-802-vanilla-ce-large-large-aws,1,ip-172-31-19-161,ranking,benchANT
2026-08-12 11:29:30+00:00,mem,used,14357663744.0,dbms,08-2026,couchbase-802-vanilla-ce-large-large-aws,1,ip-172-31-19-161,ranking,benchANT
2026-08-12 11:29:40+00:00,mem,used,14363860992.0,dbms,08-2026,couchbase-802-vanilla-ce-large-large-aws,1,ip-172-31-19-161,ranking,benchANT
2026-08-12 11:29:50+00:00,mem,used,14370721792.0,dbms,08-2026,couchbase-802-vanilla-ce-large-large-aws,1,ip-172-31-19-161,ranking,benchANT
2026-08-12 11:20:00+00:00,mem,used_percent,15.844134733364383,dbms,08-2026,couchbase-802-vanilla-ce-large-large-aws,1,ip-172-31-19-161,ranking,benchANT
2026-08-12 11:20:10+00:00,mem,used_percent,15.839143631465998,dbms,08-2026,couchbase-802-vanilla-ce-large-large-aws,1,ip-172-31-19-161,ranking,benchANT
2026-08-12 11:20:20+00:00,mem,used_percent,15.832534466608035,dbms,08-2026,couchbase-802-vanilla-ce-large-large-aws,1,ip-172-31-19-161,ranking,benchANT
2026-08-12 11:20:30+00:00,mem,used_percent,15.821469405292161,dbms,08-2026,couchbase-802-vanilla-ce-large-large-aws,1,ip-172-31-19-161,ranking,benchANT
2026-08-12 11:20:40+00:00,mem,used_percent,15.820000701990391,dbms,08-2026,couchbase-802-vanilla-ce-large-large-aws,1,ip-172-31-19-161,ranking,benchANT
2026-08-12 11:20:50+00:00,mem,used_percent,15.804442404302156,dbms,08-2026,couchbase-802-vanilla-ce-large-large-aws,1,ip-172-31-19-161,ranking,benchANT
2026-08-12 11:21:00+00:00,mem,used_percent,15.778789883073792,dbms,08-2026,couchbase-802-vanilla-ce-large-large-aws,1,ip-172-31-19-161,ranking,benchANT
2026-08-12 11:21:10+00:00,mem,used_percent,15.780109226717755,dbms,08-2026,couchbase-802-vanilla-ce-large-large-aws,1,ip-172-31-19-161,ranking,benchANT
2026-08-12 11:21:20+00:00,mem,used_percent,15.886577769457892,dbms,08-2026,couchbase-802-vanilla-ce-large-large-aws,1,ip-172-31-19-161,ranking,benchANT
2026-08-12 11:21:30+00:00,mem,used_percent,16.48685423418449,dbms,08-2026,couchbase-802-vanilla-ce-large-large-aws,1,ip-172-31-19-161,ranking,benchANT
2026-08-12 11:21:40+00:00,mem,used_percent,18.203768393953023,dbms,08-2026,couchbase-802-vanilla-ce-large-large-aws,1,ip-172-31-19-161,ranking,benchANT
2026-08-12 11:21:50+00:00,mem,used_percent,19.80093344807474,dbms,08-2026,couchbase-802-vanilla-ce-large-large-aws,1,ip-172-31-19-161,ranking,benchANT
2026-08-12 11:22:00+00:00,mem,used_percent,21.48099311227938,dbms,08-2026,couchbase-802-vanilla-ce-large-large-aws,1,ip-172-31-19-161,ranking,benchANT
2026-08-12 11:22:10+00:00,mem,used_percent,22.927790330903832,dbms,08-2026,couchbase-802-vanilla-ce-large-large-aws,1,ip-172-31-19-161,ranking,benchANT
2026-08-12 11:22:20+00:00,mem,used_percent,24.337185401885765,dbms,08-2026,couchbase-802-vanilla-ce-large-large-aws,1,ip-172-31-19-161,ranking,benchANT
2026-08-12 11:22:30+00:00,mem,used_percent,25.931661982166954,dbms,08-2026,couchbase-802-vanilla-ce-large-large-aws,1,ip-172-31-19-161,ranking,benchANT
2026-08-12 11:22:40+00:00,mem,used_percent,27.36209187162338,dbms,08-2026,couchbase-802-vanilla-ce-large-large-aws,1,ip-172-31-19-161,ranking,benchANT
2026-08-12 11:22:50+00:00,mem,used_percent,28.860368385638672,dbms,08-2026,couchbase-802-vanilla-ce-large-large-aws,1,ip-172-31-19-161,ranking,benchANT
2026-08-12 11:23:00+00:00,mem,used_percent,30.38530559857252,dbms,08-2026,couchbase-802-vanilla-ce-large-large-aws,1,ip-172-31-19-161,ranking,benchANT
2026-08-12 11:23:10+00:00,mem,used_percent,31.803898735147737,dbms,08-2026,couchbase-802-vanilla-ce-large-large-aws,1,ip-172-31-19-161,ranking,benchANT
2026-08-12 11:23:20+00:00,mem,used_percent,33.43176964558696,dbms,08-2026,couchbase-802-vanilla-ce-large-large-aws,1,ip-172-31-19-161,ranking,benchANT
2026-08-12 11:23:30+00:00,mem,used_percent,34.89163583426953,dbms,08-2026,couchbase-802-vanilla-ce-large-large-aws,1,ip-172-31-19-161,ranking,benchANT
2026-08-12 11:23:40+00:00,mem,used_percent,36.37562360768794,dbms,08-2026,couchbase-802-vanilla-ce-large-large-aws,1,ip-172-31-19-161,ranking,benchANT
2026-08-12 11:23:50+00:00,mem,used_percent,38.04215377622289,dbms,08-2026,couchbase-802-vanilla-ce-large-large-aws,1,ip-172-31-19-161,ranking,benchANT
2026-08-12 11:24:00+00:00,mem,used_percent,39.64007807527179,dbms,08-2026,couchbase-802-vanilla-ce-large-large-aws,1,ip-172-31-19-161,ranking,benchANT
2026-08-12 11:24:10+00:00,mem,used_percent,41.10464909317528,dbms,08-2026,couchbase-802-vanilla-ce-large-large-aws,1,ip-172-31-19-161,ranking,benchANT
2026-08-12 11:24:20+00:00,mem,used_percent,42.71997379235871,dbms,08-2026,couchbase-802-vanilla-ce-large-large-aws,1,ip-172-31-19-161,ranking,benchANT
2026-08-12 11:24:30+00:00,mem,used_percent,44.06630174783161,dbms,08-2026,couchbase-802-vanilla-ce-large-large-aws,1,ip-172-31-19-161,ranking,benchANT
2026-08-12 11:24:40+00:00,mem,used_percent,45.77892181743819,dbms,08-2026,couchbase-802-vanilla-ce-large-large-aws,1,ip-172-31-19-161,ranking,benchANT
2026-08-12 11:24:50+00:00,mem,used_percent,45.96857124293871,dbms,08-2026,couchbase-802-vanilla-ce-large-large-aws,1,ip-172-31-19-161,ranking,benchANT
2026-08-12 11:25:00+00:00,mem,used_percent,46.099447643092155,dbms,08-2026,couchbase-802-vanilla-ce-large-large-aws,1,ip-172-31-19-161,ranking,benchANT
2026-08-12 11:25:10+00:00,mem,used_percent,46.14177865944231,dbms,08-2026,couchbase-802-vanilla-ce-large-large-aws,1,ip-172-31-19-161,ranking,benchANT
2026-08-12 11:25:20+00:00,mem,used_percent,46.10412757903678,dbms,08-2026,couchbase-802-vanilla-ce-large-large-aws,1,ip-172-31-19-161,ranking,benchANT
2026-08-12 11:25:30+00:00,mem,used_percent,45.834720096267276,dbms,08-2026,couchbase-802-vanilla-ce-large-large-aws,1,ip-172-31-19-161,ranking,benchANT
2026-08-12 11:25:40+00:00,mem,used_percent,45.38036801721818,dbms,08-2026,couchbase-802-vanilla-ce-large-large-aws,1,ip-172-31-19-161,ranking,benchANT
2026-08-12 11:25:50+00:00,mem,used_percent,43.149980247185255,dbms,08-2026,couchbase-802-vanilla-ce-large-large-aws,1,ip-172-31-19-161,ranking,benchANT
2026-08-12 11:26:00+00:00,mem,used_percent,42.83266565417414,dbms,08-2026,couchbase-802-vanilla-ce-large-large-aws,1,ip-172-31-19-161,ranking,benchANT
2026-08-12 11:26:10+00:00,mem,used_percent,42.729122071399395,dbms,08-2026,couchbase-802-vanilla-ce-large-large-aws,1,ip-172-31-19-161,ranking,benchANT
2026-08-12 11:26:20+00:00,mem,used_percent,42.10835844027692,dbms,08-2026,couchbase-802-vanilla-ce-large-large-aws,1,ip-172-31-19-161,ranking,benchANT
2026-08-12 11:26:30+00:00,mem,used_percent,41.67979579547585,dbms,08-2026,couchbase-802-vanilla-ce-large-large-aws,1,ip-172-31-19-161,ranking,benchANT
2026-08-12 11:26:40+00:00,mem,used_percent,41.63076848780068,dbms,08-2026,couchbase-802-vanilla-ce-large-large-aws,1,ip-172-31-19-161,ranking,benchANT
2026-08-12 11:26:50+00:00,mem,used_percent,41.68993980556858,dbms,08-2026,couchbase-802-vanilla-ce-large-large-aws,1,ip-172-31-19-161,ranking,benchANT
2026-08-12 11:27:00+00:00,mem,used_percent,41.75766196374593,dbms,08-2026,couchbase-802-vanilla-ce-large-large-aws,1,ip-172-31-19-161,ranking,benchANT
2026-08-12 11:27:10+00:00,mem,used_percent,41.8901937667734,dbms,08-2026,couchbase-802-vanilla-ce-large-large-aws,1,ip-172-31-19-161,ranking,benchANT
2026-08-12 11:27:20+00:00,mem,used_percent,41.69526696669703,dbms,08-2026,couchbase-802-vanilla-ce-large-large-aws,1,ip-172-31-19-161,ranking,benchANT
2026-08-12 11:27:30+00:00,mem,used_percent,42.02952143423109,dbms,08-2026,couchbase-802-vanilla-ce-large-large-aws,1,ip-172-31-19-161,ranking,benchANT
2026-08-12 11:27:40+00:00,mem,used_percent,42.20962428827011,dbms,08-2026,couchbase-802-vanilla-ce-large-large-aws,1,ip-172-31-19-161,ranking,benchANT
2026-08-12 11:27:50+00:00,mem,used_percent,42.32563940247175,dbms,08-2026,couchbase-802-vanilla-ce-large-large-aws,1,ip-172-31-19-161,ranking,benchANT
2026-08-12 11:28:00+00:00,mem,used_percent,42.45230883893029,dbms,08-2026,couchbase-802-vanilla-ce-large-large-aws,1,ip-172-31-19-161,ranking,benchANT
2026-08-12 11:28:10+00:00,mem,used_percent,42.61630574320245,dbms,08-2026,couchbase-802-vanilla-ce-large-large-aws,1,ip-172-31-19-161,ranking,benchANT
2026-08-12 11:28:20+00:00,mem,used_percent,42.74373442458818,dbms,08-2026,couchbase-802-vanilla-ce-large-large-aws,1,ip-172-31-19-161,ranking,benchANT
2026-08-12 11:28:30+00:00,mem,used_percent,42.89321854877676,dbms,08-2026,couchbase-802-vanilla-ce-large-large-aws,1,ip-172-31-19-161,ranking,benchANT
2026-08-12 11:28:40+00:00,mem,used_percent,43.05964254748828,dbms,08-2026,couchbase-802-vanilla-ce-large-large-aws,1,ip-172-31-19-161,ranking,benchANT
2026-08-12 11:28:50+00:00,mem,used_percent,43.1023594096211,dbms,08-2026,couchbase-802-vanilla-ce-large-large-aws,1,ip-172-31-19-161,ranking,benchANT
2026-08-12 11:29:00+00:00,mem,used_percent,43.239583595231345,dbms,08-2026,couchbase-802-vanilla-ce-large-large-aws,1,ip-172-31-19-161,ranking,benchANT
2026-08-12 11:29:10+00:00,mem,used_percent,43.340438704165564,dbms,08-2026,couchbase-802-vanilla-ce-large-large-aws,1,ip-172-31-19-161,ranking,benchANT
2026-08-12 11:29:20+00:00,mem,used_percent,43.48144666777359,dbms,08-2026,couchbase-802-vanilla-ce-large-large-aws,1,ip-172-31-19-161,ranking,benchANT
2026-08-12 11:29:30+00:00,mem,used_percent,43.62906379623957,dbms,08-2026,couchbase-802-vanilla-ce-large-large-aws,1,ip-172-31-19-161,ranking,benchANT
2026-08-12 11:29:40+00:00,mem,used_percent,43.647895559761416,dbms,08-2026,couchbase-802-vanilla-ce-large-large-aws,1,ip-172-31-19-161,ranking,benchANT
2026-08-12 11:29:50+00:00,mem,used_percent,43.66874367866365,dbms,08-2026,couchbase-802-vanilla-ce-large-large-aws,1,ip-172-31-19-161,ranking,benchANT
2026-08-12 11:20:00+00:00,mem,vmalloc_chunk,0.0,dbms,08-2026,couchbase-802-vanilla-ce-large-large-aws,1,ip-172-31-19-161,ranking,benchANT
2026-08-12 11:20:10+00:00,mem,vmalloc_chunk,0.0,dbms,08-2026,couchbase-802-vanilla-ce-large-large-aws,1,ip-172-31-19-161,ranking,benchANT
2026-08-12 11:20:20+00:00,mem,vmalloc_chunk,0.0,dbms,08-2026,couchbase-802-vanilla-ce-large-large-aws,1,ip-172-31-19-161,ranking,benchANT
2026-08-12 11:20:30+00:00,mem,vmalloc_chunk,0.0,dbms,08-2026,couchbase-802-vanilla-ce-large-large-aws,1,ip-172-31-19-161,ranking,benchANT
2026-08-12 11:20:40+00:00,mem,vmalloc_chunk,0.0,dbms,08-2026,couchbase-802-vanilla-ce-large-large-aws,1,ip-172-31-19-161,ranking,benchANT
2026-08-12 11:20:50+00:00,mem,vmalloc_chunk,0.0,dbms,08-2026,couchbase-802-vanilla-ce-large-large-aws,1,ip-172-31-19-161,ranking,benchANT
2026-08-12 11:21:00+00:00,mem,vmalloc_chunk,0.0,dbms,08-2026,couchbase-802-vanilla-ce-large-large-aws,1,ip-172-31-19-161,ranking,benchANT
2026-08-12 11:21:10+00:00,mem,vmalloc_chunk,0.0,dbms,08-2026,couchbase-802-vanilla-ce-large-large-aws,1,ip-172-31-19-161,ranking,benchANT
2026-08-12 11:21:20+00:00,mem,vmalloc_chunk,0.0,dbms,08-2026,couchbase-802-vanilla-ce-large-large-aws,1,ip-172-31-19-161,ranking,benchANT
2026-08-12 11:21:30+00:00,mem,vmalloc_chunk,0.0,dbms,08-2026,couchbase-802-vanilla-ce-large-large-aws,1,ip-172-31-19-161,ranking,benchANT
2026-08-12 11:21:40+00:00,mem,vmalloc_chunk,0.0,dbms,08-2026,couchbase-802-vanilla-ce-large-large-aws,1,ip-172-31-19-161,ranking,benchANT
2026-08-12 11:21:50+00:00,mem,vmalloc_chunk,0.0,dbms,08-2026,couchbase-802-vanilla-ce-large-large-aws,1,ip-172-31-19-161,ranking,benchANT
2026-08-12 11:22:00+00:00,mem,vmalloc_chunk,0.0,dbms,08-2026,couchbase-802-vanilla-ce-large-large-aws,1,ip-172-31-19-161,ranking,benchANT
2026-08-12 11:22:10+00:00,mem,vmalloc_chunk,0.0,dbms,08-2026,couchbase-802-vanilla-ce-large-large-aws,1,ip-172-31-19-161,ranking,benchANT
2026-08-12 11:22:20+00:00,mem,vmalloc_chunk,0.0,dbms,08-2026,couchbase-802-vanilla-ce-large-large-aws,1,ip-172-31-19-161,ranking,benchANT
2026-08-12 11:22:30+00:00,mem,vmalloc_chunk,0.0,dbms,08-2026,couchbase-802-vanilla-ce-large-large-aws,1,ip-172-31-19-161,ranking,benchANT
2026-08-12 11:22:40+00:00,mem,vmalloc_chunk,0.0,dbms,08-2026,couchbase-802-vanilla-ce-large-large-aws,1,ip-172-31-19-161,ranking,benchANT
2026-08-12 11:22:50+00:00,mem,vmalloc_chunk,0.0,dbms,08-2026,couchbase-802-vanilla-ce-large-large-aws,1,ip-172-31-19-161,ranking,benchANT
2026-08-12 11:23:00+00:00,mem,vmalloc_chunk,0.0,dbms,08-2026,couchbase-802-vanilla-ce-large-large-aws,1,ip-172-31-19-161,ranking,benchANT
2026-08-12 11:23:10+00:00,mem,vmalloc_chunk,0.0,dbms,08-2026,couchbase-802-vanilla-ce-large-large-aws,1,ip-172-31-19-161,ranking,benchANT
2026-08-12 11:23:20+00:00,mem,vmalloc_chunk,0.0,dbms,08-2026,couchbase-802-vanilla-ce-large-large-aws,1,ip-172-31-19-161,ranking,benchANT
2026-08-12 11:23:30+00:00,mem,vmalloc_chunk,0.0,dbms,08-2026,couchbase-802-vanilla-ce-large-large-aws,1,ip-172-31-19-161,ranking,benchANT
2026-08-12 11:23:40+00:00,mem,vmalloc_chunk,0.0,dbms,08-2026,couchbase-802-vanilla-ce-large-large-aws,1,ip-172-31-19-161,ranking,benchANT
2026-08-12 11:23:50+00:00,mem,vmalloc_chunk,0.0,dbms,08-2026,couchbase-802-vanilla-ce-large-large-aws,1,ip-172-31-19-161,ranking,benchANT
2026-08-12 11:24:00+00:00,mem,vmalloc_chunk,0.0,dbms,08-2026,couchbase-802-vanilla-ce-large-large-aws,1,ip-172-31-19-161,ranking,benchANT
2026-08-12 11:24:10+00:00,mem,vmalloc_chunk,0.0,dbms,08-2026,couchbase-802-vanilla-ce-large-large-aws,1,ip-172-31-19-161,ranking,benchANT
2026-08-12 11:24:20+00:00,mem,vmalloc_chunk,0.0,dbms,08-2026,couchbase-802-vanilla-ce-large-large-aws,1,ip-172-31-19-161,ranking,benchANT
2026-08-12 11:24:30+00:00,mem,vmalloc_chunk,0.0,dbms,08-2026,couchbase-802-vanilla-ce-large-large-aws,1,ip-172-31-19-161,ranking,benchANT
2026-08-12 11:24:40+00:00,mem,vmalloc_chunk,0.0,dbms,08-2026,couchbase-802-vanilla-ce-large-large-aws,1,ip-172-31-19-161,ranking,benchANT
2026-08-12 11:24:50+00:00,mem,vmalloc_chunk,0.0,dbms,08-2026,couchbase-802-vanilla-ce-large-large-aws,1,ip-172-31-19-161,ranking,benchANT
2026-08-12 11:25:00+00:00,mem,vmalloc_chunk,0.0,dbms,08-2026,couchbase-802-vanilla-ce-large-large-aws,1,ip-172-31-19-161,ranking,benchANT
2026-08-12 11:25:10+00:00,mem,vmalloc_chunk,0.0,dbms,08-2026,couchbase-802-vanilla-ce-large-large-aws,1,ip-172-31-19-161,ranking,benchANT
2026-08-12 11:25:20+00:00,mem,vmalloc_chunk,0.0,dbms,08-2026,couchbase-802-vanilla-ce-large-large-aws,1,ip-172-31-19-161,ranking,benchANT
2026-08-12 11:25:30+00:00,mem,vmalloc_chunk,0.0,dbms,08-2026,couchbase-802-vanilla-ce-large-large-aws,1,ip-172-31-19-161,ranking,benchANT
2026-08-12 11:25:40+00:00,mem,vmalloc_chunk,0.0,dbms,08-2026,couchbase-802-vanilla-ce-large-large-aws,1,ip-172-31-19-161,ranking,benchANT
2026-08-12 11:25:50+00:00,mem,vmalloc_chunk,0.0,dbms,08-2026,couchbase-802-vanilla-ce-large-large-aws,1,ip-172-31-19-161,ranking,benchANT
2026-08-12 11:26:00+00:00,mem,vmalloc_chunk,0.0,dbms,08-2026,couchbase-802-vanilla-ce-large-large-aws,1,ip-172-31-19-161,ranking,benchANT
2026-08-12 11:26:10+00:00,mem,vmalloc_chunk,0.0,dbms,08-2026,couchbase-802-vanilla-ce-large-large-aws,1,ip-172-31-19-161,ranking,benchANT
2026-08-12 11:26:20+00:00,mem,vmalloc_chunk,0.0,dbms,08-2026,couchbase-802-vanilla-ce-large-large-aws,1,ip-172-31-19-161,ranking,benchANT
2026-08-12 11:26:30+00:00,mem,vmalloc_chunk,0.0,dbms,08-2026,couchbase-802-vanilla-ce-large-large-aws,1,ip-172-31-19-161,ranking,benchANT
2026-08-12 11:26:40+00:00,mem,vmalloc_chunk,0.0,dbms,08-2026,couchbase-802-vanilla-ce-large-large-aws,1,ip-172-31-19-161,ranking,benchANT
2026-08-12 11:26:50+00:00,mem,vmalloc_chunk,0.0,dbms,08-2026,couchbase-802-vanilla-ce-large-large-aws,1,ip-172-31-19-161,ranking,benchANT
2026-08-12 11:27:00+00:00,mem,vmalloc_chunk,0.0,dbms,08-2026,couchbase-802-vanilla-ce-large-large-aws,1,ip-172-31-19-161,ranking,benchANT
2026-08-12 11:27:10+00:00,mem,vmalloc_chunk,0.0,dbms,08-2026,couchbase-802-vanilla-ce-large-large-aws,1,ip-172-31-19-161,ranking,benchANT
2026-08-12 11:27:20+00:00,mem,vmalloc_chunk,0.0,dbms,08-2026,couchbase-802-vanilla-ce-large-large-aws,1,ip-172-31-19-161,ranking,benchANT
2026-08-12 11:27:30+00:00,mem,vmalloc_chunk,0.0,dbms,08-2026,couchbase-802-vanilla-ce-large-large-aws,1,ip-172-31-19-161,ranking,benchANT
2026-08-12 11:27:40+00:00,mem,vmalloc_chunk,0.0,dbms,08-2026,couchbase-802-vanilla-ce-large-large-aws,1,ip-172-31-19-161,ranking,benchANT
2026-08-12 11:27:50+00:00,mem,vmalloc_chunk,0.0,dbms,08-2026,couchbase-802-vanilla-ce-large-large-aws,1,ip-172-31-19-161,ranking,benchANT
2026-08-12 11:28:00+00:00,mem,vmalloc_chunk,0.0,dbms,08-2026,couchbase-802-vanilla-ce-large-large-aws,1,ip-172-31-19-161,ranking,benchANT
2026-08-12 11:28:10+00:00,mem,vmalloc_chunk,0.0,dbms,08-2026,couchbase-802-vanilla-ce-large-large-aws,1,ip-172-31-19-161,ranking,benchANT
2026-08-12 11:28:20+00:00,mem,vmalloc_chunk,0.0,dbms,08-2026,couchbase-802-vanilla-ce-large-large-aws,1,ip-172-31-19-161,ranking,benchANT
2026-08-12 11:28:30+00:00,mem,vmalloc_chunk,0.0,dbms,08-2026,couchbase-802-vanilla-ce-large-large-aws,1,ip-172-31-19-161,ranking,benchANT
2026-08-12 11:28:40+00:00,mem,vmalloc_chunk,0.0,dbms,08-2026,couchbase-802-vanilla-ce-large-large-aws,1,ip-172-31-19-161,ranking,benchANT
2026-08-12 11:28:50+00:00,mem,vmalloc_chunk,0.0,dbms,08-2026,couchbase-802-vanilla-ce-large-large-aws,1,ip-172-31-19-161,ranking,benchANT
2026-08-12 11:29:00+00:00,mem,vmalloc_chunk,0.0,dbms,08-2026,couchbase-802-vanilla-ce-large-large-aws,1,ip-172-31-19-161,ranking,benchANT
2026-08-12 11:29:10+00:00,mem,vmalloc_chunk,0.0,dbms,08-2026,couchbase-802-vanilla-ce-large-large-aws,1,ip-172-31-19-161,ranking,benchANT
2026-08-12 11:29:20+00:00,mem,vmalloc_chunk,0.0,dbms,08-2026,couchbase-802-vanilla-ce-large-large-aws,1,ip-172-31-19-161,ranking,benchANT
2026-08-12 11:29:30+00:00,mem,vmalloc_chunk,0.0,dbms,08-2026,couchbase-802-vanilla-ce-large-large-aws,1,ip-172-31-19-161,ranking,benchANT
2026-08-12 11:29:40+00:00,mem,vmalloc_chunk,0.0,dbms,08-2026,couchbase-802-vanilla-ce-large-large-aws,1,ip-172-31-19-161,ranking,benchANT
2026-08-12 11:29:50+00:00,mem,vmalloc_chunk,0.0,dbms,08-2026,couchbase-802-vanilla-ce-large-large-aws,1,ip-172-31-19-161,ranking,benchANT
2026-08-12 11:20:00+00:00,mem,vmalloc_total,35184372087808.0,dbms,08-2026,couchbase-802-vanilla-ce-large-large-aws,1,ip-172-31-19-161,ranking,benchANT
2026-08-12 11:20:10+00:00,mem,vmalloc_total,35184372087808.0,dbms,08-2026,couchbase-802-vanilla-ce-large-large-aws,1,ip-172-31-19-161,ranking,benchANT
2026-08-12 11:20:20+00:00,mem,vmalloc_total,35184372087808.0,dbms,08-2026,couchbase-802-vanilla-ce-large-large-aws,1,ip-172-31-19-161,ranking,benchANT
2026-08-12 11:20:30+00:00,mem,vmalloc_total,35184372087808.0,dbms,08-2026,couchbase-802-vanilla-ce-large-large-aws,1,ip-172-31-19-161,ranking,benchANT
2026-08-12 11:20:40+00:00,mem,vmalloc_total,35184372087808.0,dbms,08-2026,couchbase-802-vanilla-ce-large-large-aws,1,ip-172-31-19-161,ranking,benchANT
2026-08-12 11:20:50+00:00,mem,vmalloc_total,35184372087808.0,dbms,08-2026,couchbase-802-vanilla-ce-large-large-aws,1,ip-172-31-19-161,ranking,benchANT
2026-08-12 11:21:00+00:00,mem,vmalloc_total,35184372087808.0,dbms,08-2026,couchbase-802-vanilla-ce-large-large-aws,1,ip-172-31-19-161,ranking,benchANT
2026-08-12 11:21:10+00:00,mem,vmalloc_total,35184372087808.0,dbms,08-2026,couchbase-802-vanilla-ce-large-large-aws,1,ip-172-31-19-161,ranking,benchANT
2026-08-12 11:21:20+00:00,mem,vmalloc_total,35184372087808.0,dbms,08-2026,couchbase-802-vanilla-ce-large-large-aws,1,ip-172-31-19-161,ranking,benchANT
2026-08-12 11:21:30+00:00,mem,vmalloc_total,35184372087808.0,dbms,08-2026,couchbase-802-vanilla-ce-large-large-aws,1,ip-172-31-19-161,ranking,benchANT
2026-08-12 11:21:40+00:00,mem,vmalloc_total,35184372087808.0,dbms,08-2026,couchbase-802-vanilla-ce-large-large-aws,1,ip-172-31-19-161,ranking,benchANT
2026-08-12 11:21:50+00:00,mem,vmalloc_total,35184372087808.0,dbms,08-2026,couchbase-802-vanilla-ce-large-large-aws,1,ip-172-31-19-161,ranking,benchANT
2026-08-12 11:22:00+00:00,mem,vmalloc_total,35184372087808.0,dbms,08-2026,couchbase-802-vanilla-ce-large-large-aws,1,ip-172-31-19-161,ranking,benchANT
2026-08-12 11:22:10+00:00,mem,vmalloc_total,35184372087808.0,dbms,08-2026,couchbase-802-vanilla-ce-large-large-aws,1,ip-172-31-19-161,ranking,benchANT
2026-08-12 11:22:20+00:00,mem,vmalloc_total,35184372087808.0,dbms,08-2026,couchbase-802-vanilla-ce-large-large-aws,1,ip-172-31-19-161,ranking,benchANT
2026-08-12 11:22:30+00:00,mem,vmalloc_total,35184372087808.0,dbms,08-2026,couchbase-802-vanilla-ce-large-large-aws,1,ip-172-31-19-161,ranking,benchANT
2026-08-12 11:22:40+00:00,mem,vmalloc_total,35184372087808.0,dbms,08-2026,couchbase-802-vanilla-ce-large-large-aws,1,ip-172-31-19-161,ranking,benchANT
2026-08-12 11:22:50+00:00,mem,vmalloc_total,35184372087808.0,dbms,08-2026,couchbase-802-vanilla-ce-large-large-aws,1,ip-172-31-19-161,ranking,benchANT
2026-08-12 11:23:00+00:00,mem,vmalloc_total,35184372087808.0,dbms,08-2026,couchbase-802-vanilla-ce-large-large-aws,1,ip-172-31-19-161,ranking,benchANT
2026-08-12 11:23:10+00:00,mem,vmalloc_total,35184372087808.0,dbms,08-2026,couchbase-802-vanilla-ce-large-large-aws,1,ip-172-31-19-161,ranking,benchANT
2026-08-12 11:23:20+00:00,mem,vmalloc_total,35184372087808.0,dbms,08-2026,couchbase-802-vanilla-ce-large-large-aws,1,ip-172-31-19-161,ranking,benchANT
2026-08-12 11:23:30+00:00,mem,vmalloc_total,35184372087808.0,dbms,08-2026,couchbase-802-vanilla-ce-large-large-aws,1,ip-172-31-19-161,ranking,benchANT
2026-08-12 11:23:40+00:00,mem,vmalloc_total,35184372087808.0,dbms,08-2026,couchbase-802-vanilla-ce-large-large-aws,1,ip-172-31-19-161,ranking,benchANT
2026-08-12 11:23:50+00:00,mem,vmalloc_total,35184372087808.0,dbms,08-2026,couchbase-802-vanilla-ce-large-large-aws,1,ip-172-31-19-161,ranking,benchANT
2026-08-12 11:24:00+00:00,mem,vmalloc_total,35184372087808.0,dbms,08-2026,couchbase-802-vanilla-ce-large-large-aws,1,ip-172-31-19-161,ranking,benchANT
2026-08-12 11:24:10+00:00,mem,vmalloc_total,35184372087808.0,dbms,08-2026,couchbase-802-vanilla-ce-large-large-aws,1,ip-172-31-19-161,ranking,benchANT
2026-08-12 11:24:20+00:00,mem,vmalloc_total,35184372087808.0,dbms,08-2026,couchbase-802-vanilla-ce-large-large-aws,1,ip-172-31-19-161,ranking,benchANT
2026-08-12 11:24:30+00:00,mem,vmalloc_total,35184372087808.0,dbms,08-2026,couchbase-802-vanilla-ce-large-large-aws,1,ip-172-31-19-161,ranking,benchANT
2026-08-12 11:24:40+00:00,mem,vmalloc_total,35184372087808.0,dbms,08-2026,couchbase-802-vanilla-ce-large-large-aws,1,ip-172-31-19-161,ranking,benchANT
2026-08-12 11:24:50+00:00,mem,vmalloc_total,35184372087808.0,dbms,08-2026,couchbase-802-vanilla-ce-large-large-aws,1,ip-172-31-19-161,ranking,benchANT
2026-08-12 11:25:00+00:00,mem,vmalloc_total,35184372087808.0,dbms,08-2026,couchbase-802-vanilla-ce-large-large-aws,1,ip-172-31-19-161,ranking,benchANT
2026-08-12 11:25:10+00:00,mem,vmalloc_total,35184372087808.0,dbms,08-2026,couchbase-802-vanilla-ce-large-large-aws,1,ip-172-31-19-161,ranking,benchANT
2026-08-12 11:25:20+00:00,mem,vmalloc_total,35184372087808.0,dbms,08-2026,couchbase-802-vanilla-ce-large-large-aws,1,ip-172-31-19-161,ranking,benchANT
2026-08-12 11:25:30+00:00,mem,vmalloc_total,35184372087808.0,dbms,08-2026,couchbase-802-vanilla-ce-large-large-aws,1,ip-172-31-19-161,ranking,benchANT
2026-08-12 11:25:40+00:00,mem,vmalloc_total,35184372087808.0,dbms,08-2026,couchbase-802-vanilla-ce-large-large-aws,1,ip-172-31-19-161,ranking,benchANT
2026-08-12 11:25:50+00:00,mem,vmalloc_total,35184372087808.0,dbms,08-2026,couchbase-802-vanilla-ce-large-large-aws,1,ip-172-31-19-161,ranking,benchANT
2026-08-12 11:26:00+00:00,mem,vmalloc_total,35184372087808.0,dbms,08-2026,couchbase-802-vanilla-ce-large-large-aws,1,ip-172-31-19-161,ranking,benchANT
2026-08-12 11:26:10+00:00,mem,vmalloc_total,35184372087808.0,dbms,08-2026,couchbase-802-vanilla-ce-large-large-aws,1,ip-172-31-19-161,ranking,benchANT
2026-08-12 11:26:20+00:00,mem,vmalloc_total,35184372087808.0,dbms,08-2026,couchbase-802-vanilla-ce-large-large-aws,1,ip-172-31-19-161,ranking,benchANT
2026-08-12 11:26:30+00:00,mem,vmalloc_total,35184372087808.0,dbms,08-2026,couchbase-802-vanilla-ce-large-large-aws,1,ip-172-31-19-161,ranking,benchANT
2026-08-12 11:26:40+00:00,mem,vmalloc_total,35184372087808.0,dbms,08-2026,couchbase-802-vanilla-ce-large-large-aws,1,ip-172-31-19-161,ranking,benchANT
2026-08-12 11:26:50+00:00,mem,vmalloc_total,35184372087808.0,dbms,08-2026,couchbase-802-vanilla-ce-large-large-aws,1,ip-172-31-19-161,ranking,benchANT
2026-08-12 11:27:00+00:00,mem,vmalloc_total,35184372087808.0,dbms,08-2026,couchbase-802-vanilla-ce-large-large-aws,1,ip-172-31-19-161,ranking,benchANT
2026-08-12 11:27:10+00:00,mem,vmalloc_total,35184372087808.0,dbms,08-2026,couchbase-802-vanilla-ce-large-large-aws,1,ip-172-31-19-161,ranking,benchANT
2026-08-12 11:27:20+00:00,mem,vmalloc_total,35184372087808.0,dbms,08-2026,couchbase-802-vanilla-ce-large-large-aws,1,ip-172-31-19-161,ranking,benchANT
2026-08-12 11:27:30+00:00,mem,vmalloc_total,35184372087808.0,dbms,08-2026,couchbase-802-vanilla-ce-large-large-aws,1,ip-172-31-19-161,ranking,benchANT
2026-08-12 11:27:40+00:00,mem,vmalloc_total,35184372087808.0,dbms,08-2026,couchbase-802-vanilla-ce-large-large-aws,1,ip-172-31-19-161,ranking,benchANT
2026-08-12 11:27:50+00:00,mem,vmalloc_total,35184372087808.0,dbms,08-2026,couchbase-802-vanilla-ce-large-large-aws,1,ip-172-31-19-161,ranking,benchANT
2026-08-12 11:28:00+00:00,mem,vmalloc_total,35184372087808.0,dbms,08-2026,couchbase-802-vanilla-ce-large-large-aws,1,ip-172-31-19-161,ranking,benchANT
2026-08-12 11:28:10+00:00,mem,vmalloc_total,35184372087808.0,dbms,08-2026,couchbase-802-vanilla-ce-large-large-aws,1,ip-172-31-19-161,ranking,benchANT
2026-08-12 11:28:20+00:00,mem,vmalloc_total,35184372087808.0,dbms,08-2026,couchbase-802-vanilla-ce-large-large-aws,1,ip-172-31-19-161,ranking,benchANT
2026-08-12 11:28:30+00:00,mem,vmalloc_total,35184372087808.0,dbms,08-2026,couchbase-802-vanilla-ce-large-large-aws,1,ip-172-31-19-161,ranking,benchANT
2026-08-12 11:28:40+00:00,mem,vmalloc_total,35184372087808.0,dbms,08-2026,couchbase-802-vanilla-ce-large-large-aws,1,ip-172-31-19-161,ranking,benchANT
2026-08-12 11:28:50+00:00,mem,vmalloc_total,35184372087808.0,dbms,08-2026,couchbase-802-vanilla-ce-large-large-aws,1,ip-172-31-19-161,ranking,benchANT
2026-08-12 11:29:00+00:00,mem,vmalloc_total,35184372087808.0,dbms,08-2026,couchbase-802-vanilla-ce-large-large-aws,1,ip-172-31-19-161,ranking,benchANT
2026-08-12 11:29:10+00:00,mem,vmalloc_total,35184372087808.0,dbms,08-2026,couchbase-802-vanilla-ce-large-large-aws,1,ip-172-31-19-161,ranking,benchANT
2026-08-12 11:29:20+00:00,mem,vmalloc_total,35184372087808.0,dbms,08-2026,couchbase-802-vanilla-ce-large-large-aws,1,ip-172-31-19-161,ranking,benchANT
2026-08-12 11:29:30+00:00,mem,vmalloc_total,35184372087808.0,dbms,08-2026,couchbase-802-vanilla-ce-large-large-aws,1,ip-172-31-19-161,ranking,benchANT
2026-08-12 11:29:40+00:00,mem,vmalloc_total,35184372087808.0,dbms,08-2026,couchbase-802-vanilla-ce-large-large-aws,1,ip-172-31-19-161,ranking,benchANT
2026-08-12 11:29:50+00:00,mem,vmalloc_total,35184372087808.0,dbms,08-2026,couchbase-802-vanilla-ce-large-large-aws,1,ip-172-31-19-161,ranking,benchANT
2026-08-12 11:20:00+00:00,mem,vmalloc_used,19763200.0,dbms,08-2026,couchbase-802-vanilla-ce-large-large-aws,1,ip-172-31-19-161,ranking,benchANT
2026-08-12 11:20:10+00:00,mem,vmalloc_used,19779584.0,dbms,08-2026,couchbase-802-vanilla-ce-large-large-aws,1,ip-172-31-19-161,ranking,benchANT
2026-08-12 11:20:20+00:00,mem,vmalloc_used,19779584.0,dbms,08-2026,couchbase-802-vanilla-ce-large-large-aws,1,ip-172-31-19-161,ranking,benchANT
2026-08-12 11:20:30+00:00,mem,vmalloc_used,19779584.0,dbms,08-2026,couchbase-802-vanilla-ce-large-large-aws,1,ip-172-31-19-161,ranking,benchANT
2026-08-12 11:20:40+00:00,mem,vmalloc_used,19779584.0,dbms,08-2026,couchbase-802-vanilla-ce-large-large-aws,1,ip-172-31-19-161,ranking,benchANT
2026-08-12 11:20:50+00:00,mem,vmalloc_used,19746816.0,dbms,08-2026,couchbase-802-vanilla-ce-large-large-aws,1,ip-172-31-19-161,ranking,benchANT
2026-08-12 11:21:00+00:00,mem,vmalloc_used,19746816.0,dbms,08-2026,couchbase-802-vanilla-ce-large-large-aws,1,ip-172-31-19-161,ranking,benchANT
2026-08-12 11:21:10+00:00,mem,vmalloc_used,19779584.0,dbms,08-2026,couchbase-802-vanilla-ce-large-large-aws,1,ip-172-31-19-161,ranking,benchANT
2026-08-12 11:21:20+00:00,mem,vmalloc_used,19779584.0,dbms,08-2026,couchbase-802-vanilla-ce-large-large-aws,1,ip-172-31-19-161,ranking,benchANT
2026-08-12 11:21:30+00:00,mem,vmalloc_used,19779584.0,dbms,08-2026,couchbase-802-vanilla-ce-large-large-aws,1,ip-172-31-19-161,ranking,benchANT
2026-08-12 11:21:40+00:00,mem,vmalloc_used,19779584.0,dbms,08-2026,couchbase-802-vanilla-ce-large-large-aws,1,ip-172-31-19-161,ranking,benchANT
2026-08-12 11:21:50+00:00,mem,vmalloc_used,19779584.0,dbms,08-2026,couchbase-802-vanilla-ce-large-large-aws,1,ip-172-31-19-161,ranking,benchANT
2026-08-12 11:22:00+00:00,mem,vmalloc_used,19763200.0,dbms,08-2026,couchbase-802-vanilla-ce-large-large-aws,1,ip-172-31-19-161,ranking,benchANT
2026-08-12 11:22:10+00:00,mem,vmalloc_used,19746816.0,dbms,08-2026,couchbase-802-vanilla-ce-large-large-aws,1,ip-172-31-19-161,ranking,benchANT
2026-08-12 11:22:20+00:00,mem,vmalloc_used,19746816.0,dbms,08-2026,couchbase-802-vanilla-ce-large-large-aws,1,ip-172-31-19-161,ranking,benchANT
2026-08-12 11:22:30+00:00,mem,vmalloc_used,19746816.0,dbms,08-2026,couchbase-802-vanilla-ce-large-large-aws,1,ip-172-31-19-161,ranking,benchANT
2026-08-12 11:22:40+00:00,mem,vmalloc_used,19746816.0,dbms,08-2026,couchbase-802-vanilla-ce-large-large-aws,1,ip-172-31-19-161,ranking,benchANT
2026-08-12 11:22:50+00:00,mem,vmalloc_used,19746816.0,dbms,08-2026,couchbase-802-vanilla-ce-large-large-aws,1,ip-172-31-19-161,ranking,benchANT
2026-08-12 11:23:00+00:00,mem,vmalloc_used,19746816.0,dbms,08-2026,couchbase-802-vanilla-ce-large-large-aws,1,ip-172-31-19-161,ranking,benchANT
2026-08-12 11:23:10+00:00,mem,vmalloc_used,19746816.0,dbms,08-2026,couchbase-802-vanilla-ce-large-large-aws,1,ip-172-31-19-161,ranking,benchANT
2026-08-12 11:23:20+00:00,mem,vmalloc_used,19746816.0,dbms,08-2026,couchbase-802-vanilla-ce-large-large-aws,1,ip-172-31-19-161,ranking,benchANT
2026-08-12 11:23:30+00:00,mem,vmalloc_used,19746816.0,dbms,08-2026,couchbase-802-vanilla-ce-large-large-aws,1,ip-172-31-19-161,ranking,benchANT
2026-08-12 11:23:40+00:00,mem,vmalloc_used,19746816.0,dbms,08-2026,couchbase-802-vanilla-ce-large-large-aws,1,ip-172-31-19-161,ranking,benchANT
2026-08-12 11:23:50+00:00,mem,vmalloc_used,19746816.0,dbms,08-2026,couchbase-802-vanilla-ce-large-large-aws,1,ip-172-31-19-161,ranking,benchANT
2026-08-12 11:24:00+00:00,mem,vmalloc_used,19730432.0,dbms,08-2026,couchbase-802-vanilla-ce-large-large-aws,1,ip-172-31-19-161,ranking,benchANT
2026-08-12 11:24:10+00:00,mem,vmalloc_used,19730432.0,dbms,08-2026,couchbase-802-vanilla-ce-large-large-aws,1,ip-172-31-19-161,ranking,benchANT
2026-08-12 11:24:20+00:00,mem,vmalloc_used,19730432.0,dbms,08-2026,couchbase-802-vanilla-ce-large-large-aws,1,ip-172-31-19-161,ranking,benchANT
2026-08-12 11:24:30+00:00,mem,vmalloc_used,19746816.0,dbms,08-2026,couchbase-802-vanilla-ce-large-large-aws,1,ip-172-31-19-161,ranking,benchANT
2026-08-12 11:24:40+00:00,mem,vmalloc_used,19746816.0,dbms,08-2026,couchbase-802-vanilla-ce-large-large-aws,1,ip-172-31-19-161,ranking,benchANT
2026-08-12 11:24:50+00:00,mem,vmalloc_used,19746816.0,dbms,08-2026,couchbase-802-vanilla-ce-large-large-aws,1,ip-172-31-19-161,ranking,benchANT
2026-08-12 11:25:00+00:00,mem,vmalloc_used,19746816.0,dbms,08-2026,couchbase-802-vanilla-ce-large-large-aws,1,ip-172-31-19-161,ranking,benchANT
2026-08-12 11:25:10+00:00,mem,vmalloc_used,19746816.0,dbms,08-2026,couchbase-802-vanilla-ce-large-large-aws,1,ip-172-31-19-161,ranking,benchANT
2026-08-12 11:25:20+00:00,mem,vmalloc_used,19746816.0,dbms,08-2026,couchbase-802-vanilla-ce-large-large-aws,1,ip-172-31-19-161,ranking,benchANT
2026-08-12 11:25:30+00:00,mem,vmalloc_used,19746816.0,dbms,08-2026,couchbase-802-vanilla-ce-large-large-aws,1,ip-172-31-19-161,ranking,benchANT
2026-08-12 11:25:40+00:00,mem,vmalloc_used,19746816.0,dbms,08-2026,couchbase-802-vanilla-ce-large-large-aws,1,ip-172-31-19-161,ranking,benchANT
2026-08-12 11:25:50+00:00,mem,vmalloc_used,19746816.0,dbms,08-2026,couchbase-802-vanilla-ce-large-large-aws,1,ip-172-31-19-161,ranking,benchANT
2026-08-12 11:26:00+00:00,mem,vmalloc_used,19730432.0,dbms,08-2026,couchbase-802-vanilla-ce-large-large-aws,1,ip-172-31-19-161,ranking,benchANT
2026-08-12 11:26:10+00:00,mem,vmalloc_used,19730432.0,dbms,08-2026,couchbase-802-vanilla-ce-large-large-aws,1,ip-172-31-19-161,ranking,benchANT
2026-08-12 11:26:20+00:00,mem,vmalloc_used,19730432.0,dbms,08-2026,couchbase-802-vanilla-ce-large-large-aws,1,ip-172-31-19-161,ranking,benchANT
2026-08-12 11:26:30+00:00,mem,vmalloc_used,19730432.0,dbms,08-2026,couchbase-802-vanilla-ce-large-large-aws,1,ip-172-31-19-161,ranking,benchANT
2026-08-12 11:26:40+00:00,mem,vmalloc_used,19714048.0,dbms,08-2026,couchbase-802-vanilla-ce-large-large-aws,1,ip-172-31-19-161,ranking,benchANT
2026-08-12 11:26:50+00:00,mem,vmalloc_used,19730432.0,dbms,08-2026,couchbase-802-vanilla-ce-large-large-aws,1,ip-172-31-19-161,ranking,benchANT
2026-08-12 11:27:00+00:00,mem,vmalloc_used,19730432.0,dbms,08-2026,couchbase-802-vanilla-ce-large-large-aws,1,ip-172-31-19-161,ranking,benchANT
2026-08-12 11:27:10+00:00,mem,vmalloc_used,19714048.0,dbms,08-2026,couchbase-802-vanilla-ce-large-large-aws,1,ip-172-31-19-161,ranking,benchANT
2026-08-12 11:27:20+00:00,mem,vmalloc_used,19714048.0,dbms,08-2026,couchbase-802-vanilla-ce-large-large-aws,1,ip-172-31-19-161,ranking,benchANT
2026-08-12 11:27:30+00:00,mem,vmalloc_used,19714048.0,dbms,08-2026,couchbase-802-vanilla-ce-large-large-aws,1,ip-172-31-19-161,ranking,benchANT
2026-08-12 11:27:40+00:00,mem,vmalloc_used,19714048.0,dbms,08-2026,couchbase-802-vanilla-ce-large-large-aws,1,ip-172-31-19-161,ranking,benchANT
2026-08-12 11:27:50+00:00,mem,vmalloc_used,19714048.0,dbms,08-2026,couchbase-802-vanilla-ce-large-large-aws,1,ip-172-31-19-161,ranking,benchANT
2026-08-12 11:28:00+00:00,mem,vmalloc_used,19714048.0,dbms,08-2026,couchbase-802-vanilla-ce-large-large-aws,1,ip-172-31-19-161,ranking,benchANT
2026-08-12 11:28:10+00:00,mem,vmalloc_used,19714048.0,dbms,08-2026,couchbase-802-vanilla-ce-large-large-aws,1,ip-172-31-19-161,ranking,benchANT
2026-08-12 11:28:20+00:00,mem,vmalloc_used,19714048.0,dbms,08-2026,couchbase-802-vanilla-ce-large-large-aws,1,ip-172-31-19-161,ranking,benchANT
2026-08-12 11:28:30+00:00,mem,vmalloc_used,19714048.0,dbms,08-2026,couchbase-802-vanilla-ce-large-large-aws,1,ip-172-31-19-161,ranking,benchANT
2026-08-12 11:28:40+00:00,mem,vmalloc_used,19714048.0,dbms,08-2026,couchbase-802-vanilla-ce-large-large-aws,1,ip-172-31-19-161,ranking,benchANT
2026-08-12 11:28:50+00:00,mem,vmalloc_used,19714048.0,dbms,08-2026,couchbase-802-vanilla-ce-large-large-aws,1,ip-172-31-19-161,ranking,benchANT
2026-08-12 11:29:00+00:00,mem,vmalloc_used,19697664.0,dbms,08-2026,couchbase-802-vanilla-ce-large-large-aws,1,ip-172-31-19-161,ranking,benchANT
2026-08-12 11:29:10+00:00,mem,vmalloc_used,19714048.0,dbms,08-2026,couchbase-802-vanilla-ce-large-large-aws,1,ip-172-31-19-161,ranking,benchANT
2026-08-12 11:29:20+00:00,mem,vmalloc_used,19714048.0,dbms,08-2026,couchbase-802-vanilla-ce-large-large-aws,1,ip-172-31-19-161,ranking,benchANT
2026-08-12 11:29:30+00:00,mem,vmalloc_used,19730432.0,dbms,08-2026,couchbase-802-vanilla-ce-large-large-aws,1,ip-172-31-19-161,ranking,benchANT
2026-08-12 11:29:40+00:00,mem,vmalloc_used,19730432.0,dbms,08-2026,couchbase-802-vanilla-ce-large-large-aws,1,ip-172-31-19-161,ranking,benchANT
2026-08-12 11:29:50+00:00,mem,vmalloc_used,19730432.0,dbms,08-2026,couchbase-802-vanilla-ce-large-large-aws,1,ip-172-31-19-161,ranking,benchANT
2026-08-12 11:20:00+00:00,mem,write_back,0.0,dbms,08-2026,couchbase-802-vanilla-ce-large-large-aws,1,ip-172-31-19-161,ranking,benchANT
2026-08-12 11:20:10+00:00,mem,write_back,0.0,dbms,08-2026,couchbase-802-vanilla-ce-large-large-aws,1,ip-172-31-19-161,ranking,benchANT
2026-08-12 11:20:20+00:00,mem,write_back,0.0,dbms,08-2026,couchbase-802-vanilla-ce-large-large-aws,1,ip-172-31-19-161,ranking,benchANT
2026-08-12 11:20:30+00:00,mem,write_back,0.0,dbms,08-2026,couchbase-802-vanilla-ce-large-large-aws,1,ip-172-31-19-161,ranking,benchANT
2026-08-12 11:20:40+00:00,mem,write_back,253952.0,dbms,08-2026,couchbase-802-vanilla-ce-large-large-aws,1,ip-172-31-19-161,ranking,benchANT
2026-08-12 11:20:50+00:00,mem,write_back,4096.0,dbms,08-2026,couchbase-802-vanilla-ce-large-large-aws,1,ip-172-31-19-161,ranking,benchANT
2026-08-12 11:21:00+00:00,mem,write_back,0.0,dbms,08-2026,couchbase-802-vanilla-ce-large-large-aws,1,ip-172-31-19-161,ranking,benchANT
2026-08-12 11:21:10+00:00,mem,write_back,0.0,dbms,08-2026,couchbase-802-vanilla-ce-large-large-aws,1,ip-172-31-19-161,ranking,benchANT
2026-08-12 11:21:20+00:00,mem,write_back,28672.0,dbms,08-2026,couchbase-802-vanilla-ce-large-large-aws,1,ip-172-31-19-161,ranking,benchANT
2026-08-12 11:21:30+00:00,mem,write_back,147456.0,dbms,08-2026,couchbase-802-vanilla-ce-large-large-aws,1,ip-172-31-19-161,ranking,benchANT
2026-08-12 11:21:40+00:00,mem,write_back,4096.0,dbms,08-2026,couchbase-802-vanilla-ce-large-large-aws,1,ip-172-31-19-161,ranking,benchANT
2026-08-12 11:21:50+00:00,mem,write_back,188416.0,dbms,08-2026,couchbase-802-vanilla-ce-large-large-aws,1,ip-172-31-19-161,ranking,benchANT
2026-08-12 11:22:00+00:00,mem,write_back,94208.0,dbms,08-2026,couchbase-802-vanilla-ce-large-large-aws,1,ip-172-31-19-161,ranking,benchANT
2026-08-12 11:22:10+00:00,mem,write_back,77824.0,dbms,08-2026,couchbase-802-vanilla-ce-large-large-aws,1,ip-172-31-19-161,ranking,benchANT
2026-08-12 11:22:20+00:00,mem,write_back,208896.0,dbms,08-2026,couchbase-802-vanilla-ce-large-large-aws,1,ip-172-31-19-161,ranking,benchANT
2026-08-12 11:22:30+00:00,mem,write_back,278528.0,dbms,08-2026,couchbase-802-vanilla-ce-large-large-aws,1,ip-172-31-19-161,ranking,benchANT
2026-08-12 11:22:40+00:00,mem,write_back,167936.0,dbms,08-2026,couchbase-802-vanilla-ce-large-large-aws,1,ip-172-31-19-161,ranking,benchANT
2026-08-12 11:22:50+00:00,mem,write_back,163840.0,dbms,08-2026,couchbase-802-vanilla-ce-large-large-aws,1,ip-172-31-19-161,ranking,benchANT
2026-08-12 11:23:00+00:00,mem,write_back,364544.0,dbms,08-2026,couchbase-802-vanilla-ce-large-large-aws,1,ip-172-31-19-161,ranking,benchANT
2026-08-12 11:23:10+00:00,mem,write_back,385024.0,dbms,08-2026,couchbase-802-vanilla-ce-large-large-aws,1,ip-172-31-19-161,ranking,benchANT
2026-08-12 11:23:20+00:00,mem,write_back,4096.0,dbms,08-2026,couchbase-802-vanilla-ce-large-large-aws,1,ip-172-31-19-161,ranking,benchANT
2026-08-12 11:23:30+00:00,mem,write_back,155648.0,dbms,08-2026,couchbase-802-vanilla-ce-large-large-aws,1,ip-172-31-19-161,ranking,benchANT
2026-08-12 11:23:40+00:00,mem,write_back,77824.0,dbms,08-2026,couchbase-802-vanilla-ce-large-large-aws,1,ip-172-31-19-161,ranking,benchANT
2026-08-12 11:23:50+00:00,mem,write_back,135168.0,dbms,08-2026,couchbase-802-vanilla-ce-large-large-aws,1,ip-172-31-19-161,ranking,benchANT
2026-08-12 11:24:00+00:00,mem,write_back,0.0,dbms,08-2026,couchbase-802-vanilla-ce-large-large-aws,1,ip-172-31-19-161,ranking,benchANT
2026-08-12 11:24:10+00:00,mem,write_back,90112.0,dbms,08-2026,couchbase-802-vanilla-ce-large-large-aws,1,ip-172-31-19-161,ranking,benchANT
2026-08-12 11:24:20+00:00,mem,write_back,167936.0,dbms,08-2026,couchbase-802-vanilla-ce-large-large-aws,1,ip-172-31-19-161,ranking,benchANT
2026-08-12 11:24:30+00:00,mem,write_back,94208.0,dbms,08-2026,couchbase-802-vanilla-ce-large-large-aws,1,ip-172-31-19-161,ranking,benchANT
2026-08-12 11:24:40+00:00,mem,write_back,0.0,dbms,08-2026,couchbase-802-vanilla-ce-large-large-aws,1,ip-172-31-19-161,ranking,benchANT
2026-08-12 11:24:50+00:00,mem,write_back,94208.0,dbms,08-2026,couchbase-802-vanilla-ce-large-large-aws,1,ip-172-31-19-161,ranking,benchANT
2026-08-12 11:25:00+00:00,mem,write_back,81920.0,dbms,08-2026,couchbase-802-vanilla-ce-large-large-aws,1,ip-172-31-19-161,ranking,benchANT
2026-08-12 11:25:10+00:00,mem,write_back,86016.0,dbms,08-2026,couchbase-802-vanilla-ce-large-large-aws,1,ip-172-31-19-161,ranking,benchANT
2026-08-12 11:25:20+00:00,mem,write_back,172032.0,dbms,08-2026,couchbase-802-vanilla-ce-large-large-aws,1,ip-172-31-19-161,ranking,benchANT
2026-08-12 11:25:30+00:00,mem,write_back,81920.0,dbms,08-2026,couchbase-802-vanilla-ce-large-large-aws,1,ip-172-31-19-161,ranking,benchANT
2026-08-12 11:25:40+00:00,mem,write_back,81920.0,dbms,08-2026,couchbase-802-vanilla-ce-large-large-aws,1,ip-172-31-19-161,ranking,benchANT
2026-08-12 11:25:50+00:00,mem,write_back,86016.0,dbms,08-2026,couchbase-802-vanilla-ce-large-large-aws,1,ip-172-31-19-161,ranking,benchANT
2026-08-12 11:26:00+00:00,mem,write_back,163840.0,dbms,08-2026,couchbase-802-vanilla-ce-large-large-aws,1,ip-172-31-19-161,ranking,benchANT
2026-08-12 11:26:10+00:00,mem,write_back,102400.0,dbms,08-2026,couchbase-802-vanilla-ce-large-large-aws,1,ip-172-31-19-161,ranking,benchANT
2026-08-12 11:26:20+00:00,mem,write_back,4096.0,dbms,08-2026,couchbase-802-vanilla-ce-large-large-aws,1,ip-172-31-19-161,ranking,benchANT
2026-08-12 11:26:30+00:00,mem,write_back,69632.0,dbms,08-2026,couchbase-802-vanilla-ce-large-large-aws,1,ip-172-31-19-161,ranking,benchANT
2026-08-12 11:26:40+00:00,mem,write_back,0.0,dbms,08-2026,couchbase-802-vanilla-ce-large-large-aws,1,ip-172-31-19-161,ranking,benchANT
2026-08-12 11:26:50+00:00,mem,write_back,167936.0,dbms,08-2026,couchbase-802-vanilla-ce-large-large-aws,1,ip-172-31-19-161,ranking,benchANT
2026-08-12 11:27:00+00:00,mem,write_back,331776.0,dbms,08-2026,couchbase-802-vanilla-ce-large-large-aws,1,ip-172-31-19-161,ranking,benchANT
2026-08-12 11:27:10+00:00,mem,write_back,102400.0,dbms,08-2026,couchbase-802-vanilla-ce-large-large-aws,1,ip-172-31-19-161,ranking,benchANT
2026-08-12 11:27:20+00:00,mem,write_back,618496.0,dbms,08-2026,couchbase-802-vanilla-ce-large-large-aws,1,ip-172-31-19-161,ranking,benchANT
2026-08-12 11:27:30+00:00,mem,write_back,8192.0,dbms,08-2026,couchbase-802-vanilla-ce-large-large-aws,1,ip-172-31-19-161,ranking,benchANT
2026-08-12 11:27:40+00:00,mem,write_back,233472.0,dbms,08-2026,couchbase-802-vanilla-ce-large-large-aws,1,ip-172-31-19-161,ranking,benchANT
2026-08-12 11:27:50+00:00,mem,write_back,0.0,dbms,08-2026,couchbase-802-vanilla-ce-large-large-aws,1,ip-172-31-19-161,ranking,benchANT
2026-08-12 11:28:00+00:00,mem,write_back,86016.0,dbms,08-2026,couchbase-802-vanilla-ce-large-large-aws,1,ip-172-31-19-161,ranking,benchANT
2026-08-12 11:28:10+00:00,mem,write_back,217088.0,dbms,08-2026,couchbase-802-vanilla-ce-large-large-aws,1,ip-172-31-19-161,ranking,benchANT
2026-08-12 11:28:20+00:00,mem,write_back,0.0,dbms,08-2026,couchbase-802-vanilla-ce-large-large-aws,1,ip-172-31-19-161,ranking,benchANT
2026-08-12 11:28:30+00:00,mem,write_back,135168.0,dbms,08-2026,couchbase-802-vanilla-ce-large-large-aws,1,ip-172-31-19-161,ranking,benchANT
2026-08-12 11:28:40+00:00,mem,write_back,86016.0,dbms,08-2026,couchbase-802-vanilla-ce-large-large-aws,1,ip-172-31-19-161,ranking,benchANT
2026-08-12 11:28:50+00:00,mem,write_back,0.0,dbms,08-2026,couchbase-802-vanilla-ce-large-large-aws,1,ip-172-31-19-161,ranking,benchANT
2026-08-12 11:29:00+00:00,mem,write_back,4096.0,dbms,08-2026,couchbase-802-vanilla-ce-large-large-aws,1,ip-172-31-19-161,ranking,benchANT
2026-08-12 11:29:10+00:00,mem,write_back,0.0,dbms,08-2026,couchbase-802-vanilla-ce-large-large-aws,1,ip-172-31-19-161,ranking,benchANT
2026-08-12 11:29:20+00:00,mem,write_back,94208.0,dbms,08-2026,couchbase-802-vanilla-ce-large-large-aws,1,ip-172-31-19-161,ranking,benchANT
2026-08-12 11:29:30+00:00,mem,write_back,53248.0,dbms,08-2026,couchbase-802-vanilla-ce-large-large-aws,1,ip-172-31-19-161,ranking,benchANT
2026-08-12 11:29:40+00:00,mem,write_back,0.0,dbms,08-2026,couchbase-802-vanilla-ce-large-large-aws,1,ip-172-31-19-161,ranking,benchANT
2026-08-12 11:29:50+00:00,mem,write_back,0.0,dbms,08-2026,couchbase-802-vanilla-ce-large-large-aws,1,ip-172-31-19-161,ranking,benchANT
2026-08-12 11:20:00+00:00,mem,write_back_tmp,0.0,dbms,08-2026,couchbase-802-vanilla-ce-large-large-aws,1,ip-172-31-19-161,ranking,benchANT
2026-08-12 11:20:10+00:00,mem,write_back_tmp,0.0,dbms,08-2026,couchbase-802-vanilla-ce-large-large-aws,1,ip-172-31-19-161,ranking,benchANT
2026-08-12 11:20:20+00:00,mem,write_back_tmp,0.0,dbms,08-2026,couchbase-802-vanilla-ce-large-large-aws,1,ip-172-31-19-161,ranking,benchANT
2026-08-12 11:20:30+00:00,mem,write_back_tmp,0.0,dbms,08-2026,couchbase-802-vanilla-ce-large-large-aws,1,ip-172-31-19-161,ranking,benchANT
2026-08-12 11:20:40+00:00,mem,write_back_tmp,0.0,dbms,08-2026,couchbase-802-vanilla-ce-large-large-aws,1,ip-172-31-19-161,ranking,benchANT
2026-08-12 11:20:50+00:00,mem,write_back_tmp,0.0,dbms,08-2026,couchbase-802-vanilla-ce-large-large-aws,1,ip-172-31-19-161,ranking,benchANT
2026-08-12 11:21:00+00:00,mem,write_back_tmp,0.0,dbms,08-2026,couchbase-802-vanilla-ce-large-large-aws,1,ip-172-31-19-161,ranking,benchANT
2026-08-12 11:21:10+00:00,mem,write_back_tmp,0.0,dbms,08-2026,couchbase-802-vanilla-ce-large-large-aws,1,ip-172-31-19-161,ranking,benchANT
2026-08-12 11:21:20+00:00,mem,write_back_tmp,0.0,dbms,08-2026,couchbase-802-vanilla-ce-large-large-aws,1,ip-172-31-19-161,ranking,benchANT
2026-08-12 11:21:30+00:00,mem,write_back_tmp,0.0,dbms,08-2026,couchbase-802-vanilla-ce-large-large-aws,1,ip-172-31-19-161,ranking,benchANT
2026-08-12 11:21:40+00:00,mem,write_back_tmp,0.0,dbms,08-2026,couchbase-802-vanilla-ce-large-large-aws,1,ip-172-31-19-161,ranking,benchANT
2026-08-12 11:21:50+00:00,mem,write_back_tmp,0.0,dbms,08-2026,couchbase-802-vanilla-ce-large-large-aws,1,ip-172-31-19-161,ranking,benchANT
2026-08-12 11:22:00+00:00,mem,write_back_tmp,0.0,dbms,08-2026,couchbase-802-vanilla-ce-large-large-aws,1,ip-172-31-19-161,ranking,benchANT
2026-08-12 11:22:10+00:00,mem,write_back_tmp,0.0,dbms,08-2026,couchbase-802-vanilla-ce-large-large-aws,1,ip-172-31-19-161,ranking,benchANT
2026-08-12 11:22:20+00:00,mem,write_back_tmp,0.0,dbms,08-2026,couchbase-802-vanilla-ce-large-large-aws,1,ip-172-31-19-161,ranking,benchANT
2026-08-12 11:22:30+00:00,mem,write_back_tmp,0.0,dbms,08-2026,couchbase-802-vanilla-ce-large-large-aws,1,ip-172-31-19-161,ranking,benchANT
2026-08-12 11:22:40+00:00,mem,write_back_tmp,0.0,dbms,08-2026,couchbase-802-vanilla-ce-large-large-aws,1,ip-172-31-19-161,ranking,benchANT
2026-08-12 11:22:50+00:00,mem,write_back_tmp,0.0,dbms,08-2026,couchbase-802-vanilla-ce-large-large-aws,1,ip-172-31-19-161,ranking,benchANT
2026-08-12 11:23:00+00:00,mem,write_back_tmp,0.0,dbms,08-2026,couchbase-802-vanilla-ce-large-large-aws,1,ip-172-31-19-161,ranking,benchANT
2026-08-12 11:23:10+00:00,mem,write_back_tmp,0.0,dbms,08-2026,couchbase-802-vanilla-ce-large-large-aws,1,ip-172-31-19-161,ranking,benchANT
2026-08-12 11:23:20+00:00,mem,write_back_tmp,0.0,dbms,08-2026,couchbase-802-vanilla-ce-large-large-aws,1,ip-172-31-19-161,ranking,benchANT
2026-08-12 11:23:30+00:00,mem,write_back_tmp,0.0,dbms,08-2026,couchbase-802-vanilla-ce-large-large-aws,1,ip-172-31-19-161,ranking,benchANT
2026-08-12 11:23:40+00:00,mem,write_back_tmp,0.0,dbms,08-2026,couchbase-802-vanilla-ce-large-large-aws,1,ip-172-31-19-161,ranking,benchANT
2026-08-12 11:23:50+00:00,mem,write_back_tmp,0.0,dbms,08-2026,couchbase-802-vanilla-ce-large-large-aws,1,ip-172-31-19-161,ranking,benchANT
2026-08-12 11:24:00+00:00,mem,write_back_tmp,0.0,dbms,08-2026,couchbase-802-vanilla-ce-large-large-aws,1,ip-172-31-19-161,ranking,benchANT
2026-08-12 11:24:10+00:00,mem,write_back_tmp,0.0,dbms,08-2026,couchbase-802-vanilla-ce-large-large-aws,1,ip-172-31-19-161,ranking,benchANT
2026-08-12 11:24:20+00:00,mem,write_back_tmp,0.0,dbms,08-2026,couchbase-802-vanilla-ce-large-large-aws,1,ip-172-31-19-161,ranking,benchANT
2026-08-12 11:24:30+00:00,mem,write_back_tmp,0.0,dbms,08-2026,couchbase-802-vanilla-ce-large-large-aws,1,ip-172-31-19-161,ranking,benchANT
2026-08-12 11:24:40+00:00,mem,write_back_tmp,0.0,dbms,08-2026,couchbase-802-vanilla-ce-large-large-aws,1,ip-172-31-19-161,ranking,benchANT
2026-08-12 11:24:50+00:00,mem,write_back_tmp,0.0,dbms,08-2026,couchbase-802-vanilla-ce-large-large-aws,1,ip-172-31-19-161,ranking,benchANT
2026-08-12 11:25:00+00:00,mem,write_back_tmp,0.0,dbms,08-2026,couchbase-802-vanilla-ce-large-large-aws,1,ip-172-31-19-161,ranking,benchANT
2026-08-12 11:25:10+00:00,mem,write_back_tmp,0.0,dbms,08-2026,couchbase-802-vanilla-ce-large-large-aws,1,ip-172-31-19-161,ranking,benchANT
2026-08-12 11:25:20+00:00,mem,write_back_tmp,0.0,dbms,08-2026,couchbase-802-vanilla-ce-large-large-aws,1,ip-172-31-19-161,ranking,benchANT
2026-08-12 11:25:30+00:00,mem,write_back_tmp,0.0,dbms,08-2026,couchbase-802-vanilla-ce-large-large-aws,1,ip-172-31-19-161,ranking,benchANT
2026-08-12 11:25:40+00:00,mem,write_back_tmp,0.0,dbms,08-2026,couchbase-802-vanilla-ce-large-large-aws,1,ip-172-31-19-161,ranking,benchANT
2026-08-12 11:25:50+00:00,mem,write_back_tmp,0.0,dbms,08-2026,couchbase-802-vanilla-ce-large-large-aws,1,ip-172-31-19-161,ranking,benchANT
2026-08-12 11:26:00+00:00,mem,write_back_tmp,0.0,dbms,08-2026,couchbase-802-vanilla-ce-large-large-aws,1,ip-172-31-19-161,ranking,benchANT
2026-08-12 11:26:10+00:00,mem,write_back_tmp,0.0,dbms,08-2026,couchbase-802-vanilla-ce-large-large-aws,1,ip-172-31-19-161,ranking,benchANT
2026-08-12 11:26:20+00:00,mem,write_back_tmp,0.0,dbms,08-2026,couchbase-802-vanilla-ce-large-large-aws,1,ip-172-31-19-161,ranking,benchANT
2026-08-12 11:26:30+00:00,mem,write_back_tmp,0.0,dbms,08-2026,couchbase-802-vanilla-ce-large-large-aws,1,ip-172-31-19-161,ranking,benchANT
2026-08-12 11:26:40+00:00,mem,write_back_tmp,0.0,dbms,08-2026,couchbase-802-vanilla-ce-large-large-aws,1,ip-172-31-19-161,ranking,benchANT
2026-08-12 11:26:50+00:00,mem,write_back_tmp,0.0,dbms,08-2026,couchbase-802-vanilla-ce-large-large-aws,1,ip-172-31-19-161,ranking,benchANT
2026-08-12 11:27:00+00:00,mem,write_back_tmp,0.0,dbms,08-2026,couchbase-802-vanilla-ce-large-large-aws,1,ip-172-31-19-161,ranking,benchANT
2026-08-12 11:27:10+00:00,mem,write_back_tmp,0.0,dbms,08-2026,couchbase-802-vanilla-ce-large-large-aws,1,ip-172-31-19-161,ranking,benchANT
2026-08-12 11:27:20+00:00,mem,write_back_tmp,0.0,dbms,08-2026,couchbase-802-vanilla-ce-large-large-aws,1,ip-172-31-19-161,ranking,benchANT
2026-08-12 11:27:30+00:00,mem,write_back_tmp,0.0,dbms,08-2026,couchbase-802-vanilla-ce-large-large-aws,1,ip-172-31-19-161,ranking,benchANT
2026-08-12 11:27:40+00:00,mem,write_back_tmp,0.0,dbms,08-2026,couchbase-802-vanilla-ce-large-large-aws,1,ip-172-31-19-161,ranking,benchANT
2026-08-12 11:27:50+00:00,mem,write_back_tmp,0.0,dbms,08-2026,couchbase-802-vanilla-ce-large-large-aws,1,ip-172-31-19-161,ranking,benchANT
2026-08-12 11:28:00+00:00,mem,write_back_tmp,0.0,dbms,08-2026,couchbase-802-vanilla-ce-large-large-aws,1,ip-172-31-19-161,ranking,benchANT
2026-08-12 11:28:10+00:00,mem,write_back_tmp,0.0,dbms,08-2026,couchbase-802-vanilla-ce-large-large-aws,1,ip-172-31-19-161,ranking,benchANT
2026-08-12 11:28:20+00:00,mem,write_back_tmp,0.0,dbms,08-2026,couchbase-802-vanilla-ce-large-large-aws,1,ip-172-31-19-161,ranking,benchANT
2026-08-12 11:28:30+00:00,mem,write_back_tmp,0.0,dbms,08-2026,couchbase-802-vanilla-ce-large-large-aws,1,ip-172-31-19-161,ranking,benchANT
2026-08-12 11:28:40+00:00,mem,write_back_tmp,0.0,dbms,08-2026,couchbase-802-vanilla-ce-large-large-aws,1,ip-172-31-19-161,ranking,benchANT
2026-08-12 11:28:50+00:00,mem,write_back_tmp,0.0,dbms,08-2026,couchbase-802-vanilla-ce-large-large-aws,1,ip-172-31-19-161,ranking,benchANT
2026-08-12 11:29:00+00:00,mem,write_back_tmp,0.0,dbms,08-2026,couchbase-802-vanilla-ce-large-large-aws,1,ip-172-31-19-161,ranking,benchANT
2026-08-12 11:29:10+00:00,mem,write_back_tmp,0.0,dbms,08-2026,couchbase-802-vanilla-ce-large-large-aws,1,ip-172-31-19-161,ranking,benchANT
2026-08-12 11:29:20+00:00,mem,write_back_tmp,0.0,dbms,08-2026,couchbase-802-vanilla-ce-large-large-aws,1,ip-172-31-19-161,ranking,benchANT
2026-08-12 11:29:30+00:00,mem,write_back_tmp,0.0,dbms,08-2026,couchbase-802-vanilla-ce-large-large-aws,1,ip-172-31-19-161,ranking,benchANT
2026-08-12 11:29:40+00:00,mem,write_back_tmp,0.0,dbms,08-2026,couchbase-802-vanilla-ce-large-large-aws,1,ip-172-31-19-161,ranking,benchANT
2026-08-12 11:29:50+00:00,mem,write_back_tmp,0.0,dbms,08-2026,couchbase-802-vanilla-ce-large-large-aws,1,ip-172-31-19-161,ranking,benchANT
2026-08-12 11:20:00+00:00,mem,active,5224804352.0,dbms,08-2026,couchbase-802-vanilla-ce-large-large-aws,1,ip-172-31-22-20,ranking,benchANT
2026-08-12 11:20:10+00:00,mem,active,5221310464.0,dbms,08-2026,couchbase-802-vanilla-ce-large-large-aws,1,ip-172-31-22-20,ranking,benchANT
2026-08-12 11:20:20+00:00,mem,active,5221138432.0,dbms,08-2026,couchbase-802-vanilla-ce-large-large-aws,1,ip-172-31-22-20,ranking,benchANT
2026-08-12 11:20:30+00:00,mem,active,5223124992.0,dbms,08-2026,couchbase-802-vanilla-ce-large-large-aws,1,ip-172-31-22-20,ranking,benchANT
2026-08-12 11:20:40+00:00,mem,active,5222174720.0,dbms,08-2026,couchbase-802-vanilla-ce-large-large-aws,1,ip-172-31-22-20,ranking,benchANT
2026-08-12 11:20:50+00:00,mem,active,5222363136.0,dbms,08-2026,couchbase-802-vanilla-ce-large-large-aws,1,ip-172-31-22-20,ranking,benchANT
2026-08-12 11:21:00+00:00,mem,active,5224144896.0,dbms,08-2026,couchbase-802-vanilla-ce-large-large-aws,1,ip-172-31-22-20,ranking,benchANT
2026-08-12 11:21:10+00:00,mem,active,5237428224.0,dbms,08-2026,couchbase-802-vanilla-ce-large-large-aws,1,ip-172-31-22-20,ranking,benchANT
2026-08-12 11:21:20+00:00,mem,active,5265539072.0,dbms,08-2026,couchbase-802-vanilla-ce-large-large-aws,1,ip-172-31-22-20,ranking,benchANT
2026-08-12 11:21:30+00:00,mem,active,5449445376.0,dbms,08-2026,couchbase-802-vanilla-ce-large-large-aws,1,ip-172-31-22-20,ranking,benchANT
2026-08-12 11:21:40+00:00,mem,active,5949612032.0,dbms,08-2026,couchbase-802-vanilla-ce-large-large-aws,1,ip-172-31-22-20,ranking,benchANT
2026-08-12 11:21:50+00:00,mem,active,6409949184.0,dbms,08-2026,couchbase-802-vanilla-ce-large-large-aws,1,ip-172-31-22-20,ranking,benchANT
2026-08-12 11:22:00+00:00,mem,active,6917439488.0,dbms,08-2026,couchbase-802-vanilla-ce-large-large-aws,1,ip-172-31-22-20,ranking,benchANT
2026-08-12 11:22:10+00:00,mem,active,7405191168.0,dbms,08-2026,couchbase-802-vanilla-ce-large-large-aws,1,ip-172-31-22-20,ranking,benchANT
2026-08-12 11:22:20+00:00,mem,active,7898079232.0,dbms,08-2026,couchbase-802-vanilla-ce-large-large-aws,1,ip-172-31-22-20,ranking,benchANT
2026-08-12 11:22:30+00:00,mem,active,8394219520.0,dbms,08-2026,couchbase-802-vanilla-ce-large-large-aws,1,ip-172-31-22-20,ranking,benchANT
2026-08-12 11:22:40+00:00,mem,active,8868610048.0,dbms,08-2026,couchbase-802-vanilla-ce-large-large-aws,1,ip-172-31-22-20,ranking,benchANT
2026-08-12 11:22:50+00:00,mem,active,9368711168.0,dbms,08-2026,couchbase-802-vanilla-ce-large-large-aws,1,ip-172-31-22-20,ranking,benchANT
2026-08-12 11:23:00+00:00,mem,active,9856389120.0,dbms,08-2026,couchbase-802-vanilla-ce-large-large-aws,1,ip-172-31-22-20,ranking,benchANT
2026-08-12 11:23:10+00:00,mem,active,10349199360.0,dbms,08-2026,couchbase-802-vanilla-ce-large-large-aws,1,ip-172-31-22-20,ranking,benchANT
2026-08-12 11:23:20+00:00,mem,active,10849185792.0,dbms,08-2026,couchbase-802-vanilla-ce-large-large-aws,1,ip-172-31-22-20,ranking,benchANT
2026-08-12 11:23:30+00:00,mem,active,11296034816.0,dbms,08-2026,couchbase-802-vanilla-ce-large-large-aws,1,ip-172-31-22-20,ranking,benchANT
2026-08-12 11:23:40+00:00,mem,active,11793473536.0,dbms,08-2026,couchbase-802-vanilla-ce-large-large-aws,1,ip-172-31-22-20,ranking,benchANT
2026-08-12 11:23:50+00:00,mem,active,12337745920.0,dbms,08-2026,couchbase-802-vanilla-ce-large-large-aws,1,ip-172-31-22-20,ranking,benchANT
2026-08-12 11:24:00+00:00,mem,active,12849655808.0,dbms,08-2026,couchbase-802-vanilla-ce-large-large-aws,1,ip-172-31-22-20,ranking,benchANT
2026-08-12 11:24:10+00:00,mem,active,13322850304.0,dbms,08-2026,couchbase-802-vanilla-ce-large-large-aws,1,ip-172-31-22-20,ranking,benchANT
2026-08-12 11:24:20+00:00,mem,active,13820497920.0,dbms,08-2026,couchbase-802-vanilla-ce-large-large-aws,1,ip-172-31-22-20,ranking,benchANT
2026-08-12 11:24:30+00:00,mem,active,14314373120.0,dbms,08-2026,couchbase-802-vanilla-ce-large-large-aws,1,ip-172-31-22-20,ranking,benchANT
2026-08-12 11:24:40+00:00,mem,active,14785245184.0,dbms,08-2026,couchbase-802-vanilla-ce-large-large-aws,1,ip-172-31-22-20,ranking,benchANT
2026-08-12 11:24:50+00:00,mem,active,14922039296.0,dbms,08-2026,couchbase-802-vanilla-ce-large-large-aws,1,ip-172-31-22-20,ranking,benchANT
2026-08-12 11:25:00+00:00,mem,active,14968086528.0,dbms,08-2026,couchbase-802-vanilla-ce-large-large-aws,1,ip-172-31-22-20,ranking,benchANT
2026-08-12 11:25:10+00:00,mem,active,15005609984.0,dbms,08-2026,couchbase-802-vanilla-ce-large-large-aws,1,ip-172-31-22-20,ranking,benchANT
2026-08-12 11:25:20+00:00,mem,active,15028088832.0,dbms,08-2026,couchbase-802-vanilla-ce-large-large-aws,1,ip-172-31-22-20,ranking,benchANT
2026-08-12 11:25:30+00:00,mem,active,15002947584.0,dbms,08-2026,couchbase-802-vanilla-ce-large-large-aws,1,ip-172-31-22-20,ranking,benchANT
2026-08-12 11:25:40+00:00,mem,active,14473752576.0,dbms,08-2026,couchbase-802-vanilla-ce-large-large-aws,1,ip-172-31-22-20,ranking,benchANT
2026-08-12 11:25:50+00:00,mem,active,14288805888.0,dbms,08-2026,couchbase-802-vanilla-ce-large-large-aws,1,ip-172-31-22-20,ranking,benchANT
2026-08-12 11:26:00+00:00,mem,active,13464854528.0,dbms,08-2026,couchbase-802-vanilla-ce-large-large-aws,1,ip-172-31-22-20,ranking,benchANT
2026-08-12 11:26:10+00:00,mem,active,13474947072.0,dbms,08-2026,couchbase-802-vanilla-ce-large-large-aws,1,ip-172-31-22-20,ranking,benchANT
2026-08-12 11:26:20+00:00,mem,active,13537050624.0,dbms,08-2026,couchbase-802-vanilla-ce-large-large-aws,1,ip-172-31-22-20,ranking,benchANT
2026-08-12 11:26:30+00:00,mem,active,13392842752.0,dbms,08-2026,couchbase-802-vanilla-ce-large-large-aws,1,ip-172-31-22-20,ranking,benchANT
2026-08-12 11:26:40+00:00,mem,active,13411528704.0,dbms,08-2026,couchbase-802-vanilla-ce-large-large-aws,1,ip-172-31-22-20,ranking,benchANT
2026-08-12 11:26:50+00:00,mem,active,13388189696.0,dbms,08-2026,couchbase-802-vanilla-ce-large-large-aws,1,ip-172-31-22-20,ranking,benchANT
2026-08-12 11:27:00+00:00,mem,active,13419974656.0,dbms,08-2026,couchbase-802-vanilla-ce-large-large-aws,1,ip-172-31-22-20,ranking,benchANT
2026-08-12 11:27:10+00:00,mem,active,13347328000.0,dbms,08-2026,couchbase-802-vanilla-ce-large-large-aws,1,ip-172-31-22-20,ranking,benchANT
2026-08-12 11:27:20+00:00,mem,active,13369143296.0,dbms,08-2026,couchbase-802-vanilla-ce-large-large-aws,1,ip-172-31-22-20,ranking,benchANT
2026-08-12 11:27:30+00:00,mem,active,13337251840.0,dbms,08-2026,couchbase-802-vanilla-ce-large-large-aws,1,ip-172-31-22-20,ranking,benchANT
2026-08-12 11:27:40+00:00,mem,active,13411192832.0,dbms,08-2026,couchbase-802-vanilla-ce-large-large-aws,1,ip-172-31-22-20,ranking,benchANT
2026-08-12 11:27:50+00:00,mem,active,13451104256.0,dbms,08-2026,couchbase-802-vanilla-ce-large-large-aws,1,ip-172-31-22-20,ranking,benchANT
2026-08-12 11:28:00+00:00,mem,active,13472055296.0,dbms,08-2026,couchbase-802-vanilla-ce-large-large-aws,1,ip-172-31-22-20,ranking,benchANT
2026-08-12 11:28:10+00:00,mem,active,13593649152.0,dbms,08-2026,couchbase-802-vanilla-ce-large-large-aws,1,ip-172-31-22-20,ranking,benchANT
2026-08-12 11:28:20+00:00,mem,active,13633191936.0,dbms,08-2026,couchbase-802-vanilla-ce-large-large-aws,1,ip-172-31-22-20,ranking,benchANT
2026-08-12 11:28:30+00:00,mem,active,13669703680.0,dbms,08-2026,couchbase-802-vanilla-ce-large-large-aws,1,ip-172-31-22-20,ranking,benchANT
2026-08-12 11:28:40+00:00,mem,active,13709197312.0,dbms,08-2026,couchbase-802-vanilla-ce-large-large-aws,1,ip-172-31-22-20,ranking,benchANT
2026-08-12 11:28:50+00:00,mem,active,13782175744.0,dbms,08-2026,couchbase-802-vanilla-ce-large-large-aws,1,ip-172-31-22-20,ranking,benchANT
2026-08-12 11:29:00+00:00,mem,active,13822476288.0,dbms,08-2026,couchbase-802-vanilla-ce-large-large-aws,1,ip-172-31-22-20,ranking,benchANT
2026-08-12 11:29:10+00:00,mem,active,13820854272.0,dbms,08-2026,couchbase-802-vanilla-ce-large-large-aws,1,ip-172-31-22-20,ranking,benchANT
2026-08-12 11:29:20+00:00,mem,active,13860966400.0,dbms,08-2026,couchbase-802-vanilla-ce-large-large-aws,1,ip-172-31-22-20,ranking,benchANT
2026-08-12 11:29:30+00:00,mem,active,13907165184.0,dbms,08-2026,couchbase-802-vanilla-ce-large-large-aws,1,ip-172-31-22-20,ranking,benchANT
2026-08-12 11:29:40+00:00,mem,active,13888548864.0,dbms,08-2026,couchbase-802-vanilla-ce-large-large-aws,1,ip-172-31-22-20,ranking,benchANT
2026-08-12 11:29:50+00:00,mem,active,13885345792.0,dbms,08-2026,couchbase-802-vanilla-ce-large-large-aws,1,ip-172-31-22-20,ranking,benchANT
2026-08-12 11:20:00+00:00,mem,available,27152506880.0,dbms,08-2026,couchbase-802-vanilla-ce-large-large-aws,1,ip-172-31-22-20,ranking,benchANT
2026-08-12 11:20:10+00:00,mem,available,27156119552.0,dbms,08-2026,couchbase-802-vanilla-ce-large-large-aws,1,ip-172-31-22-20,ranking,benchANT
2026-08-12 11:20:20+00:00,mem,available,27156967424.0,dbms,08-2026,couchbase-802-vanilla-ce-large-large-aws,1,ip-172-31-22-20,ranking,benchANT
2026-08-12 11:20:30+00:00,mem,available,27156353024.0,dbms,08-2026,couchbase-802-vanilla-ce-large-large-aws,1,ip-172-31-22-20,ranking,benchANT
2026-08-12 11:20:40+00:00,mem,available,27154325504.0,dbms,08-2026,couchbase-802-vanilla-ce-large-large-aws,1,ip-172-31-22-20,ranking,benchANT
2026-08-12 11:20:50+00:00,mem,available,27160596480.0,dbms,08-2026,couchbase-802-vanilla-ce-large-large-aws,1,ip-172-31-22-20,ranking,benchANT
2026-08-12 11:21:00+00:00,mem,available,27162566656.0,dbms,08-2026,couchbase-802-vanilla-ce-large-large-aws,1,ip-172-31-22-20,ranking,benchANT
2026-08-12 11:21:10+00:00,mem,available,27154800640.0,dbms,08-2026,couchbase-802-vanilla-ce-large-large-aws,1,ip-172-31-22-20,ranking,benchANT
2026-08-12 11:21:20+00:00,mem,available,27127951360.0,dbms,08-2026,couchbase-802-vanilla-ce-large-large-aws,1,ip-172-31-22-20,ranking,benchANT
2026-08-12 11:21:30+00:00,mem,available,26905915392.0,dbms,08-2026,couchbase-802-vanilla-ce-large-large-aws,1,ip-172-31-22-20,ranking,benchANT
2026-08-12 11:21:40+00:00,mem,available,26318041088.0,dbms,08-2026,couchbase-802-vanilla-ce-large-large-aws,1,ip-172-31-22-20,ranking,benchANT
2026-08-12 11:21:50+00:00,mem,available,25821880320.0,dbms,08-2026,couchbase-802-vanilla-ce-large-large-aws,1,ip-172-31-22-20,ranking,benchANT
2026-08-12 11:22:00+00:00,mem,available,25267163136.0,dbms,08-2026,couchbase-802-vanilla-ce-large-large-aws,1,ip-172-31-22-20,ranking,benchANT
2026-08-12 11:22:10+00:00,mem,available,24799907840.0,dbms,08-2026,couchbase-802-vanilla-ce-large-large-aws,1,ip-172-31-22-20,ranking,benchANT
2026-08-12 11:22:20+00:00,mem,available,24307765248.0,dbms,08-2026,couchbase-802-vanilla-ce-large-large-aws,1,ip-172-31-22-20,ranking,benchANT
2026-08-12 11:22:30+00:00,mem,available,23796174848.0,dbms,08-2026,couchbase-802-vanilla-ce-large-large-aws,1,ip-172-31-22-20,ranking,benchANT
2026-08-12 11:22:40+00:00,mem,available,23342063616.0,dbms,08-2026,couchbase-802-vanilla-ce-large-large-aws,1,ip-172-31-22-20,ranking,benchANT
2026-08-12 11:22:50+00:00,mem,available,22829834240.0,dbms,08-2026,couchbase-802-vanilla-ce-large-large-aws,1,ip-172-31-22-20,ranking,benchANT
2026-08-12 11:23:00+00:00,mem,available,22347624448.0,dbms,08-2026,couchbase-802-vanilla-ce-large-large-aws,1,ip-172-31-22-20,ranking,benchANT
2026-08-12 11:23:10+00:00,mem,available,21841129472.0,dbms,08-2026,couchbase-802-vanilla-ce-large-large-aws,1,ip-172-31-22-20,ranking,benchANT
2026-08-12 11:23:20+00:00,mem,available,21350539264.0,dbms,08-2026,couchbase-802-vanilla-ce-large-large-aws,1,ip-172-31-22-20,ranking,benchANT
2026-08-12 11:23:30+00:00,mem,available,20907556864.0,dbms,08-2026,couchbase-802-vanilla-ce-large-large-aws,1,ip-172-31-22-20,ranking,benchANT
2026-08-12 11:23:40+00:00,mem,available,20394037248.0,dbms,08-2026,couchbase-802-vanilla-ce-large-large-aws,1,ip-172-31-22-20,ranking,benchANT
2026-08-12 11:23:50+00:00,mem,available,19828674560.0,dbms,08-2026,couchbase-802-vanilla-ce-large-large-aws,1,ip-172-31-22-20,ranking,benchANT
2026-08-12 11:24:00+00:00,mem,available,19322372096.0,dbms,08-2026,couchbase-802-vanilla-ce-large-large-aws,1,ip-172-31-22-20,ranking,benchANT
2026-08-12 11:24:10+00:00,mem,available,18853462016.0,dbms,08-2026,couchbase-802-vanilla-ce-large-large-aws,1,ip-172-31-22-20,ranking,benchANT
2026-08-12 11:24:20+00:00,mem,available,18367234048.0,dbms,08-2026,couchbase-802-vanilla-ce-large-large-aws,1,ip-172-31-22-20,ranking,benchANT
2026-08-12 11:24:30+00:00,mem,available,17864577024.0,dbms,08-2026,couchbase-802-vanilla-ce-large-large-aws,1,ip-172-31-22-20,ranking,benchANT
2026-08-12 11:24:40+00:00,mem,available,17387884544.0,dbms,08-2026,couchbase-802-vanilla-ce-large-large-aws,1,ip-172-31-22-20,ranking,benchANT
2026-08-12 11:24:50+00:00,mem,available,17278709760.0,dbms,08-2026,couchbase-802-vanilla-ce-large-large-aws,1,ip-172-31-22-20,ranking,benchANT
2026-08-12 11:25:00+00:00,mem,available,17243258880.0,dbms,08-2026,couchbase-802-vanilla-ce-large-large-aws,1,ip-172-31-22-20,ranking,benchANT
2026-08-12 11:25:10+00:00,mem,available,17207267328.0,dbms,08-2026,couchbase-802-vanilla-ce-large-large-aws,1,ip-172-31-22-20,ranking,benchANT
2026-08-12 11:25:20+00:00,mem,available,17172930560.0,dbms,08-2026,couchbase-802-vanilla-ce-large-large-aws,1,ip-172-31-22-20,ranking,benchANT
2026-08-12 11:25:30+00:00,mem,available,17158381568.0,dbms,08-2026,couchbase-802-vanilla-ce-large-large-aws,1,ip-172-31-22-20,ranking,benchANT
2026-08-12 11:25:40+00:00,mem,available,17230864384.0,dbms,08-2026,couchbase-802-vanilla-ce-large-large-aws,1,ip-172-31-22-20,ranking,benchANT
2026-08-12 11:25:50+00:00,mem,available,17669816320.0,dbms,08-2026,couchbase-802-vanilla-ce-large-large-aws,1,ip-172-31-22-20,ranking,benchANT
2026-08-12 11:26:00+00:00,mem,available,18284871680.0,dbms,08-2026,couchbase-802-vanilla-ce-large-large-aws,1,ip-172-31-22-20,ranking,benchANT
2026-08-12 11:26:10+00:00,mem,available,18465271808.0,dbms,08-2026,couchbase-802-vanilla-ce-large-large-aws,1,ip-172-31-22-20,ranking,benchANT
2026-08-12 11:26:20+00:00,mem,available,18770436096.0,dbms,08-2026,couchbase-802-vanilla-ce-large-large-aws,1,ip-172-31-22-20,ranking,benchANT
2026-08-12 11:26:30+00:00,mem,available,18877345792.0,dbms,08-2026,couchbase-802-vanilla-ce-large-large-aws,1,ip-172-31-22-20,ranking,benchANT
2026-08-12 11:26:40+00:00,mem,available,18852175872.0,dbms,08-2026,couchbase-802-vanilla-ce-large-large-aws,1,ip-172-31-22-20,ranking,benchANT
2026-08-12 11:26:50+00:00,mem,available,18816548864.0,dbms,08-2026,couchbase-802-vanilla-ce-large-large-aws,1,ip-172-31-22-20,ranking,benchANT
2026-08-12 11:27:00+00:00,mem,available,18780524544.0,dbms,08-2026,couchbase-802-vanilla-ce-large-large-aws,1,ip-172-31-22-20,ranking,benchANT
2026-08-12 11:27:10+00:00,mem,available,18799661056.0,dbms,08-2026,couchbase-802-vanilla-ce-large-large-aws,1,ip-172-31-22-20,ranking,benchANT
2026-08-12 11:27:20+00:00,mem,available,18783649792.0,dbms,08-2026,couchbase-802-vanilla-ce-large-large-aws,1,ip-172-31-22-20,ranking,benchANT
2026-08-12 11:27:30+00:00,mem,available,18821705728.0,dbms,08-2026,couchbase-802-vanilla-ce-large-large-aws,1,ip-172-31-22-20,ranking,benchANT
2026-08-12 11:27:40+00:00,mem,available,18725527552.0,dbms,08-2026,couchbase-802-vanilla-ce-large-large-aws,1,ip-172-31-22-20,ranking,benchANT
2026-08-12 11:27:50+00:00,mem,available,18709135360.0,dbms,08-2026,couchbase-802-vanilla-ce-large-large-aws,1,ip-172-31-22-20,ranking,benchANT
2026-08-12 11:28:00+00:00,mem,available,18662461440.0,dbms,08-2026,couchbase-802-vanilla-ce-large-large-aws,1,ip-172-31-22-20,ranking,benchANT
2026-08-12 11:28:10+00:00,mem,available,18631802880.0,dbms,08-2026,couchbase-802-vanilla-ce-large-large-aws,1,ip-172-31-22-20,ranking,benchANT
2026-08-12 11:28:20+00:00,mem,available,18602754048.0,dbms,08-2026,couchbase-802-vanilla-ce-large-large-aws,1,ip-172-31-22-20,ranking,benchANT
2026-08-12 11:28:30+00:00,mem,available,18555052032.0,dbms,08-2026,couchbase-802-vanilla-ce-large-large-aws,1,ip-172-31-22-20,ranking,benchANT
2026-08-12 11:28:40+00:00,mem,available,18533838848.0,dbms,08-2026,couchbase-802-vanilla-ce-large-large-aws,1,ip-172-31-22-20,ranking,benchANT
2026-08-12 11:28:50+00:00,mem,available,18488680448.0,dbms,08-2026,couchbase-802-vanilla-ce-large-large-aws,1,ip-172-31-22-20,ranking,benchANT
2026-08-12 11:29:00+00:00,mem,available,18436497408.0,dbms,08-2026,couchbase-802-vanilla-ce-large-large-aws,1,ip-172-31-22-20,ranking,benchANT
2026-08-12 11:29:10+00:00,mem,available,18471972864.0,dbms,08-2026,couchbase-802-vanilla-ce-large-large-aws,1,ip-172-31-22-20,ranking,benchANT
2026-08-12 11:29:20+00:00,mem,available,18409304064.0,dbms,08-2026,couchbase-802-vanilla-ce-large-large-aws,1,ip-172-31-22-20,ranking,benchANT
2026-08-12 11:29:30+00:00,mem,available,18363932672.0,dbms,08-2026,couchbase-802-vanilla-ce-large-large-aws,1,ip-172-31-22-20,ranking,benchANT
2026-08-12 11:29:40+00:00,mem,available,18367217664.0,dbms,08-2026,couchbase-802-vanilla-ce-large-large-aws,1,ip-172-31-22-20,ranking,benchANT
2026-08-12 11:29:50+00:00,mem,available,18368122880.0,dbms,08-2026,couchbase-802-vanilla-ce-large-large-aws,1,ip-172-31-22-20,ranking,benchANT
2026-08-12 11:20:00+00:00,mem,available_percent,82.50914796901334,dbms,08-2026,couchbase-802-vanilla-ce-large-large-aws,1,ip-172-31-22-20,ranking,benchANT
2026-08-12 11:20:10+00:00,mem,available_percent,82.52012590522855,dbms,08-2026,couchbase-802-vanilla-ce-large-large-aws,1,ip-172-31-22-20,ranking,benchANT
2026-08-12 11:20:20+00:00,mem,available_percent,82.5227023596464,dbms,08-2026,couchbase-802-vanilla-ce-large-large-aws,1,ip-172-31-22-20,ranking,benchANT
2026-08-12 11:20:30+00:00,mem,available_percent,82.52083536369143,dbms,08-2026,couchbase-802-vanilla-ce-large-large-aws,1,ip-172-31-22-20,ranking,benchANT
2026-08-12 11:20:40+00:00,mem,available_percent,82.51467427704004,dbms,08-2026,couchbase-802-vanilla-ce-large-large-aws,1,ip-172-31-22-20,ranking,benchANT
2026-08-12 11:20:50+00:00,mem,available_percent,82.5337300824204,dbms,08-2026,couchbase-802-vanilla-ce-large-large-aws,1,ip-172-31-22-20,ranking,benchANT
2026-08-12 11:21:00+00:00,mem,available_percent,82.53971691611599,dbms,08-2026,couchbase-802-vanilla-ce-large-large-aws,1,ip-172-31-22-20,ranking,benchANT
2026-08-12 11:21:10+00:00,mem,available_percent,82.51611808724522,dbms,08-2026,couchbase-802-vanilla-ce-large-large-aws,1,ip-172-31-22-20,ranking,benchANT
2026-08-12 11:21:20+00:00,mem,available_percent,82.43453036401318,dbms,08-2026,couchbase-802-vanilla-ce-large-large-aws,1,ip-172-31-22-20,ranking,benchANT
2026-08-12 11:21:30+00:00,mem,available_percent,81.75982291916766,dbms,08-2026,couchbase-802-vanilla-ce-large-large-aws,1,ip-172-31-22-20,ranking,benchANT
2026-08-12 11:21:40+00:00,mem,available_percent,79.97343140289685,dbms,08-2026,couchbase-802-vanilla-ce-large-large-aws,1,ip-172-31-22-20,ranking,benchANT
2026-08-12 11:21:50+00:00,mem,available_percent,78.46573259614375,dbms,08-2026,couchbase-802-vanilla-ce-large-large-aws,1,ip-172-31-22-20,ranking,benchANT
2026-08-12 11:22:00+00:00,mem,available_percent,76.78009662824265,dbms,08-2026,couchbase-802-vanilla-ce-large-large-aws,1,ip-172-31-22-20,ranking,benchANT
2026-08-12 11:22:10+00:00,mem,available_percent,75.36023375785088,dbms,08-2026,couchbase-802-vanilla-ce-large-large-aws,1,ip-172-31-22-20,ranking,benchANT
2026-08-12 11:22:20+00:00,mem,available_percent,73.86474510464326,dbms,08-2026,couchbase-802-vanilla-ce-large-large-aws,1,ip-172-31-22-20,ranking,benchANT
2026-08-12 11:22:30+00:00,mem,available_percent,72.3101598061411,dbms,08-2026,couchbase-802-vanilla-ce-large-large-aws,1,ip-172-31-22-20,ranking,benchANT
2026-08-12 11:22:40+00:00,mem,available_percent,70.93023820254591,dbms,08-2026,couchbase-802-vanilla-ce-large-large-aws,1,ip-172-31-22-20,ranking,benchANT
2026-08-12 11:22:50+00:00,mem,available_percent,69.37371122825058,dbms,08-2026,couchbase-802-vanilla-ce-large-large-aws,1,ip-172-31-22-20,ranking,benchANT
2026-08-12 11:23:00+00:00,mem,available_percent,67.90840567631493,dbms,08-2026,couchbase-802-vanilla-ce-large-large-aws,1,ip-172-31-22-20,ranking,benchANT
2026-08-12 11:23:10+00:00,mem,available_percent,66.36930399759929,dbms,08-2026,couchbase-802-vanilla-ce-large-large-aws,1,ip-172-31-22-20,ranking,benchANT
2026-08-12 11:23:20+00:00,mem,available_percent,64.87853262083789,dbms,08-2026,couchbase-802-vanilla-ce-large-large-aws,1,ip-172-31-22-20,ranking,benchANT
2026-08-12 11:23:30+00:00,mem,available_percent,63.532428537307,dbms,08-2026,couchbase-802-vanilla-ce-large-large-aws,1,ip-172-31-22-20,ranking,benchANT
2026-08-12 11:23:40+00:00,mem,available_percent,61.97198087150625,dbms,08-2026,couchbase-802-vanilla-ce-large-large-aws,1,ip-172-31-22-20,ranking,benchANT
2026-08-12 11:23:50+00:00,mem,available_percent,60.25399608702541,dbms,08-2026,couchbase-802-vanilla-ce-large-large-aws,1,ip-172-31-22-20,ranking,benchANT
2026-08-12 11:24:00+00:00,mem,available_percent,58.71547940037566,dbms,08-2026,couchbase-802-vanilla-ce-large-large-aws,1,ip-172-31-22-20,ranking,benchANT
2026-08-12 11:24:10+00:00,mem,available_percent,57.29058808754518,dbms,08-2026,couchbase-802-vanilla-ce-large-large-aws,1,ip-172-31-22-20,ranking,benchANT
2026-08-12 11:24:20+00:00,mem,available_percent,55.81307238206404,dbms,08-2026,couchbase-802-vanilla-ce-large-large-aws,1,ip-172-31-22-20,ranking,benchANT
2026-08-12 11:24:30+00:00,mem,available_percent,54.2856332047471,dbms,08-2026,couchbase-802-vanilla-ce-large-large-aws,1,ip-172-31-22-20,ranking,benchANT
2026-08-12 11:24:40+00:00,mem,available_percent,52.83709327648704,dbms,08-2026,couchbase-802-vanilla-ce-large-large-aws,1,ip-172-31-22-20,ranking,benchANT
2026-08-12 11:24:50+00:00,mem,available_percent,52.50534054192918,dbms,08-2026,couchbase-802-vanilla-ce-large-large-aws,1,ip-172-31-22-20,ranking,benchANT
2026-08-12 11:25:00+00:00,mem,available_percent,52.39761487532761,dbms,08-2026,couchbase-802-vanilla-ce-large-large-aws,1,ip-172-31-22-20,ranking,benchANT
2026-08-12 11:25:10+00:00,mem,available_percent,52.28824625228567,dbms,08-2026,couchbase-802-vanilla-ce-large-large-aws,1,ip-172-31-22-20,ranking,benchANT
2026-08-12 11:25:20+00:00,mem,available_percent,52.183906071682436,dbms,08-2026,couchbase-802-vanilla-ce-large-large-aws,1,ip-172-31-22-20,ranking,benchANT
2026-08-12 11:25:30+00:00,mem,available_percent,52.13969560746883,dbms,08-2026,couchbase-802-vanilla-ce-large-large-aws,1,ip-172-31-22-20,ranking,benchANT
2026-08-12 11:25:40+00:00,mem,available_percent,52.35995134359609,dbms,08-2026,couchbase-802-vanilla-ce-large-large-aws,1,ip-172-31-22-20,ranking,benchANT
2026-08-12 11:25:50+00:00,mem,available_percent,53.6938079336624,dbms,08-2026,couchbase-802-vanilla-ce-large-large-aws,1,ip-172-31-22-20,ranking,benchANT
2026-08-12 11:26:00+00:00,mem,available_percent,55.56279535098093,dbms,08-2026,couchbase-802-vanilla-ce-large-large-aws,1,ip-172-31-22-20,ranking,benchANT
2026-08-12 11:26:10+00:00,mem,available_percent,56.11098270327821,dbms,08-2026,couchbase-802-vanilla-ce-large-large-aws,1,ip-172-31-22-20,ranking,benchANT
2026-08-12 11:26:20+00:00,mem,available_percent,57.038294700830704,dbms,08-2026,couchbase-802-vanilla-ce-large-large-aws,1,ip-172-31-22-20,ranking,benchANT
2026-08-12 11:26:30+00:00,mem,available_percent,57.36316444363458,dbms,08-2026,couchbase-802-vanilla-ce-large-large-aws,1,ip-172-31-22-20,ranking,benchANT
2026-08-12 11:26:40+00:00,mem,available_percent,57.286679842679455,dbms,08-2026,couchbase-802-vanilla-ce-large-large-aws,1,ip-172-31-22-20,ranking,benchANT
2026-08-12 11:26:50+00:00,mem,available_percent,57.17841897057079,dbms,08-2026,couchbase-802-vanilla-ce-large-large-aws,1,ip-172-31-22-20,ranking,benchANT
2026-08-12 11:27:00+00:00,mem,available_percent,57.06895077441125,dbms,08-2026,couchbase-802-vanilla-ce-large-large-aws,1,ip-172-31-22-20,ranking,benchANT
2026-08-12 11:27:10+00:00,mem,available_percent,57.12710147508861,dbms,08-2026,couchbase-802-vanilla-ce-large-large-aws,1,ip-172-31-22-20,ranking,benchANT
2026-08-12 11:27:20+00:00,mem,available_percent,57.078447560502184,dbms,08-2026,couchbase-802-vanilla-ce-large-large-aws,1,ip-172-31-22-20,ranking,benchANT
2026-08-12 11:27:30+00:00,mem,available_percent,57.194089289952814,dbms,08-2026,couchbase-802-vanilla-ce-large-large-aws,1,ip-172-31-22-20,ranking,benchANT
2026-08-12 11:27:40+00:00,mem,available_percent,56.901829743162345,dbms,08-2026,couchbase-802-vanilla-ce-large-large-aws,1,ip-172-31-22-20,ranking,benchANT
2026-08-12 11:27:50+00:00,mem,available_percent,56.85201829108384,dbms,08-2026,couchbase-802-vanilla-ce-large-large-aws,1,ip-172-31-22-20,ranking,benchANT
2026-08-12 11:28:00+00:00,mem,available_percent,56.710188831704876,dbms,08-2026,couchbase-802-vanilla-ce-large-large-aws,1,ip-172-31-22-20,ranking,benchANT
2026-08-12 11:28:10+00:00,mem,available_percent,56.61702573355205,dbms,08-2026,couchbase-802-vanilla-ce-large-large-aws,1,ip-172-31-22-20,ranking,benchANT
2026-08-12 11:28:20+00:00,mem,available_percent,56.52875416480123,dbms,08-2026,couchbase-802-vanilla-ce-large-large-aws,1,ip-172-31-22-20,ranking,benchANT
2026-08-12 11:28:30+00:00,mem,available_percent,56.383800598857626,dbms,08-2026,couchbase-802-vanilla-ce-large-large-aws,1,ip-172-31-22-20,ranking,benchANT
2026-08-12 11:28:40+00:00,mem,available_percent,56.31933945185248,dbms,08-2026,couchbase-802-vanilla-ce-large-large-aws,1,ip-172-31-22-20,ranking,benchANT
2026-08-12 11:28:50+00:00,mem,available_percent,56.182115249162436,dbms,08-2026,couchbase-802-vanilla-ce-large-large-aws,1,ip-172-31-22-20,ranking,benchANT
2026-08-12 11:29:00+00:00,mem,available_percent,56.023545059387274,dbms,08-2026,couchbase-802-vanilla-ce-large-large-aws,1,ip-172-31-22-20,ranking,benchANT
2026-08-12 11:29:10+00:00,mem,available_percent,56.13134540582704,dbms,08-2026,couchbase-802-vanilla-ce-large-large-aws,1,ip-172-31-22-20,ranking,benchANT
2026-08-12 11:29:20+00:00,mem,available_percent,55.94091181842045,dbms,08-2026,couchbase-802-vanilla-ce-large-large-aws,1,ip-172-31-22-20,ranking,benchANT
2026-08-12 11:29:30+00:00,mem,available_percent,55.80304039046602,dbms,08-2026,couchbase-802-vanilla-ce-large-large-aws,1,ip-172-31-22-20,ranking,benchANT
2026-08-12 11:29:40+00:00,mem,available_percent,55.813022595505245,dbms,08-2026,couchbase-802-vanilla-ce-large-large-aws,1,ip-172-31-22-20,ranking,benchANT
2026-08-12 11:29:50+00:00,mem,available_percent,55.815773302878895,dbms,08-2026,couchbase-802-vanilla-ce-large-large-aws,1,ip-172-31-22-20,ranking,benchANT
2026-08-12 11:20:00+00:00,mem,buffered,106725376.0,dbms,08-2026,couchbase-802-vanilla-ce-large-large-aws,1,ip-172-31-22-20,ranking,benchANT
2026-08-12 11:20:10+00:00,mem,buffered,106725376.0,dbms,08-2026,couchbase-802-vanilla-ce-large-large-aws,1,ip-172-31-22-20,ranking,benchANT
2026-08-12 11:20:20+00:00,mem,buffered,106725376.0,dbms,08-2026,couchbase-802-vanilla-ce-large-large-aws,1,ip-172-31-22-20,ranking,benchANT
2026-08-12 11:20:30+00:00,mem,buffered,106725376.0,dbms,08-2026,couchbase-802-vanilla-ce-large-large-aws,1,ip-172-31-22-20,ranking,benchANT
2026-08-12 11:20:40+00:00,mem,buffered,106741760.0,dbms,08-2026,couchbase-802-vanilla-ce-large-large-aws,1,ip-172-31-22-20,ranking,benchANT
2026-08-12 11:20:50+00:00,mem,buffered,106770432.0,dbms,08-2026,couchbase-802-vanilla-ce-large-large-aws,1,ip-172-31-22-20,ranking,benchANT
2026-08-12 11:21:00+00:00,mem,buffered,106803200.0,dbms,08-2026,couchbase-802-vanilla-ce-large-large-aws,1,ip-172-31-22-20,ranking,benchANT
2026-08-12 11:21:10+00:00,mem,buffered,106905600.0,dbms,08-2026,couchbase-802-vanilla-ce-large-large-aws,1,ip-172-31-22-20,ranking,benchANT
2026-08-12 11:21:20+00:00,mem,buffered,107012096.0,dbms,08-2026,couchbase-802-vanilla-ce-large-large-aws,1,ip-172-31-22-20,ranking,benchANT
2026-08-12 11:21:30+00:00,mem,buffered,107053056.0,dbms,08-2026,couchbase-802-vanilla-ce-large-large-aws,1,ip-172-31-22-20,ranking,benchANT
2026-08-12 11:21:40+00:00,mem,buffered,107069440.0,dbms,08-2026,couchbase-802-vanilla-ce-large-large-aws,1,ip-172-31-22-20,ranking,benchANT
2026-08-12 11:21:50+00:00,mem,buffered,107073536.0,dbms,08-2026,couchbase-802-vanilla-ce-large-large-aws,1,ip-172-31-22-20,ranking,benchANT
2026-08-12 11:22:00+00:00,mem,buffered,107081728.0,dbms,08-2026,couchbase-802-vanilla-ce-large-large-aws,1,ip-172-31-22-20,ranking,benchANT
2026-08-12 11:22:10+00:00,mem,buffered,107081728.0,dbms,08-2026,couchbase-802-vanilla-ce-large-large-aws,1,ip-172-31-22-20,ranking,benchANT
2026-08-12 11:22:20+00:00,mem,buffered,107081728.0,dbms,08-2026,couchbase-802-vanilla-ce-large-large-aws,1,ip-172-31-22-20,ranking,benchANT
2026-08-12 11:22:30+00:00,mem,buffered,107085824.0,dbms,08-2026,couchbase-802-vanilla-ce-large-large-aws,1,ip-172-31-22-20,ranking,benchANT
2026-08-12 11:22:40+00:00,mem,buffered,107085824.0,dbms,08-2026,couchbase-802-vanilla-ce-large-large-aws,1,ip-172-31-22-20,ranking,benchANT
2026-08-12 11:22:50+00:00,mem,buffered,107085824.0,dbms,08-2026,couchbase-802-vanilla-ce-large-large-aws,1,ip-172-31-22-20,ranking,benchANT
2026-08-12 11:23:00+00:00,mem,buffered,107085824.0,dbms,08-2026,couchbase-802-vanilla-ce-large-large-aws,1,ip-172-31-22-20,ranking,benchANT
2026-08-12 11:23:10+00:00,mem,buffered,107085824.0,dbms,08-2026,couchbase-802-vanilla-ce-large-large-aws,1,ip-172-31-22-20,ranking,benchANT
2026-08-12 11:23:20+00:00,mem,buffered,107098112.0,dbms,08-2026,couchbase-802-vanilla-ce-large-large-aws,1,ip-172-31-22-20,ranking,benchANT
2026-08-12 11:23:30+00:00,mem,buffered,107098112.0,dbms,08-2026,couchbase-802-vanilla-ce-large-large-aws,1,ip-172-31-22-20,ranking,benchANT
2026-08-12 11:23:40+00:00,mem,buffered,107098112.0,dbms,08-2026,couchbase-802-vanilla-ce-large-large-aws,1,ip-172-31-22-20,ranking,benchANT
2026-08-12 11:23:50+00:00,mem,buffered,107098112.0,dbms,08-2026,couchbase-802-vanilla-ce-large-large-aws,1,ip-172-31-22-20,ranking,benchANT
2026-08-12 11:24:00+00:00,mem,buffered,107098112.0,dbms,08-2026,couchbase-802-vanilla-ce-large-large-aws,1,ip-172-31-22-20,ranking,benchANT
2026-08-12 11:24:10+00:00,mem,buffered,107098112.0,dbms,08-2026,couchbase-802-vanilla-ce-large-large-aws,1,ip-172-31-22-20,ranking,benchANT
2026-08-12 11:24:20+00:00,mem,buffered,107098112.0,dbms,08-2026,couchbase-802-vanilla-ce-large-large-aws,1,ip-172-31-22-20,ranking,benchANT
2026-08-12 11:24:30+00:00,mem,buffered,107098112.0,dbms,08-2026,couchbase-802-vanilla-ce-large-large-aws,1,ip-172-31-22-20,ranking,benchANT
2026-08-12 11:24:40+00:00,mem,buffered,107098112.0,dbms,08-2026,couchbase-802-vanilla-ce-large-large-aws,1,ip-172-31-22-20,ranking,benchANT
2026-08-12 11:24:50+00:00,mem,buffered,107098112.0,dbms,08-2026,couchbase-802-vanilla-ce-large-large-aws,1,ip-172-31-22-20,ranking,benchANT
2026-08-12 11:25:00+00:00,mem,buffered,107098112.0,dbms,08-2026,couchbase-802-vanilla-ce-large-large-aws,1,ip-172-31-22-20,ranking,benchANT
2026-08-12 11:25:10+00:00,mem,buffered,107098112.0,dbms,08-2026,couchbase-802-vanilla-ce-large-large-aws,1,ip-172-31-22-20,ranking,benchANT
2026-08-12 11:25:20+00:00,mem,buffered,107098112.0,dbms,08-2026,couchbase-802-vanilla-ce-large-large-aws,1,ip-172-31-22-20,ranking,benchANT
2026-08-12 11:25:30+00:00,mem,buffered,107098112.0,dbms,08-2026,couchbase-802-vanilla-ce-large-large-aws,1,ip-172-31-22-20,ranking,benchANT
2026-08-12 11:25:40+00:00,mem,buffered,107098112.0,dbms,08-2026,couchbase-802-vanilla-ce-large-large-aws,1,ip-172-31-22-20,ranking,benchANT
2026-08-12 11:25:50+00:00,mem,buffered,107098112.0,dbms,08-2026,couchbase-802-vanilla-ce-large-large-aws,1,ip-172-31-22-20,ranking,benchANT
2026-08-12 11:26:00+00:00,mem,buffered,107098112.0,dbms,08-2026,couchbase-802-vanilla-ce-large-large-aws,1,ip-172-31-22-20,ranking,benchANT
2026-08-12 11:26:10+00:00,mem,buffered,107098112.0,dbms,08-2026,couchbase-802-vanilla-ce-large-large-aws,1,ip-172-31-22-20,ranking,benchANT
2026-08-12 11:26:20+00:00,mem,buffered,106356736.0,dbms,08-2026,couchbase-802-vanilla-ce-large-large-aws,1,ip-172-31-22-20,ranking,benchANT
2026-08-12 11:26:30+00:00,mem,buffered,105123840.0,dbms,08-2026,couchbase-802-vanilla-ce-large-large-aws,1,ip-172-31-22-20,ranking,benchANT
2026-08-12 11:26:40+00:00,mem,buffered,98246656.0,dbms,08-2026,couchbase-802-vanilla-ce-large-large-aws,1,ip-172-31-22-20,ranking,benchANT
2026-08-12 11:26:50+00:00,mem,buffered,96436224.0,dbms,08-2026,couchbase-802-vanilla-ce-large-large-aws,1,ip-172-31-22-20,ranking,benchANT
2026-08-12 11:27:00+00:00,mem,buffered,96374784.0,dbms,08-2026,couchbase-802-vanilla-ce-large-large-aws,1,ip-172-31-22-20,ranking,benchANT
2026-08-12 11:27:10+00:00,mem,buffered,93052928.0,dbms,08-2026,couchbase-802-vanilla-ce-large-large-aws,1,ip-172-31-22-20,ranking,benchANT
2026-08-12 11:27:20+00:00,mem,buffered,91971584.0,dbms,08-2026,couchbase-802-vanilla-ce-large-large-aws,1,ip-172-31-22-20,ranking,benchANT
2026-08-12 11:27:30+00:00,mem,buffered,91906048.0,dbms,08-2026,couchbase-802-vanilla-ce-large-large-aws,1,ip-172-31-22-20,ranking,benchANT
2026-08-12 11:27:40+00:00,mem,buffered,91860992.0,dbms,08-2026,couchbase-802-vanilla-ce-large-large-aws,1,ip-172-31-22-20,ranking,benchANT
2026-08-12 11:27:50+00:00,mem,buffered,91820032.0,dbms,08-2026,couchbase-802-vanilla-ce-large-large-aws,1,ip-172-31-22-20,ranking,benchANT
2026-08-12 11:28:00+00:00,mem,buffered,91787264.0,dbms,08-2026,couchbase-802-vanilla-ce-large-large-aws,1,ip-172-31-22-20,ranking,benchANT
2026-08-12 11:28:10+00:00,mem,buffered,91762688.0,dbms,08-2026,couchbase-802-vanilla-ce-large-large-aws,1,ip-172-31-22-20,ranking,benchANT
2026-08-12 11:28:20+00:00,mem,buffered,91734016.0,dbms,08-2026,couchbase-802-vanilla-ce-large-large-aws,1,ip-172-31-22-20,ranking,benchANT
2026-08-12 11:28:30+00:00,mem,buffered,91688960.0,dbms,08-2026,couchbase-802-vanilla-ce-large-large-aws,1,ip-172-31-22-20,ranking,benchANT
2026-08-12 11:28:40+00:00,mem,buffered,91676672.0,dbms,08-2026,couchbase-802-vanilla-ce-large-large-aws,1,ip-172-31-22-20,ranking,benchANT
2026-08-12 11:28:50+00:00,mem,buffered,91668480.0,dbms,08-2026,couchbase-802-vanilla-ce-large-large-aws,1,ip-172-31-22-20,ranking,benchANT
2026-08-12 11:29:00+00:00,mem,buffered,91656192.0,dbms,08-2026,couchbase-802-vanilla-ce-large-large-aws,1,ip-172-31-22-20,ranking,benchANT
2026-08-12 11:29:10+00:00,mem,buffered,91635712.0,dbms,08-2026,couchbase-802-vanilla-ce-large-large-aws,1,ip-172-31-22-20,ranking,benchANT
2026-08-12 11:29:20+00:00,mem,buffered,91619328.0,dbms,08-2026,couchbase-802-vanilla-ce-large-large-aws,1,ip-172-31-22-20,ranking,benchANT
2026-08-12 11:29:30+00:00,mem,buffered,91099136.0,dbms,08-2026,couchbase-802-vanilla-ce-large-large-aws,1,ip-172-31-22-20,ranking,benchANT
2026-08-12 11:29:40+00:00,mem,buffered,91099136.0,dbms,08-2026,couchbase-802-vanilla-ce-large-large-aws,1,ip-172-31-22-20,ranking,benchANT
2026-08-12 11:29:50+00:00,mem,buffered,91099136.0,dbms,08-2026,couchbase-802-vanilla-ce-large-large-aws,1,ip-172-31-22-20,ranking,benchANT
2026-08-12 11:20:00+00:00,mem,cached,6285328384.0,dbms,08-2026,couchbase-802-vanilla-ce-large-large-aws,1,ip-172-31-22-20,ranking,benchANT
2026-08-12 11:20:10+00:00,mem,cached,6286077952.0,dbms,08-2026,couchbase-802-vanilla-ce-large-large-aws,1,ip-172-31-22-20,ranking,benchANT
2026-08-12 11:20:20+00:00,mem,cached,6286102528.0,dbms,08-2026,couchbase-802-vanilla-ce-large-large-aws,1,ip-172-31-22-20,ranking,benchANT
2026-08-12 11:20:30+00:00,mem,cached,6286372864.0,dbms,08-2026,couchbase-802-vanilla-ce-large-large-aws,1,ip-172-31-22-20,ranking,benchANT
2026-08-12 11:20:40+00:00,mem,cached,6288097280.0,dbms,08-2026,couchbase-802-vanilla-ce-large-large-aws,1,ip-172-31-22-20,ranking,benchANT
2026-08-12 11:20:50+00:00,mem,cached,6292635648.0,dbms,08-2026,couchbase-802-vanilla-ce-large-large-aws,1,ip-172-31-22-20,ranking,benchANT
2026-08-12 11:21:00+00:00,mem,cached,6306971648.0,dbms,08-2026,couchbase-802-vanilla-ce-large-large-aws,1,ip-172-31-22-20,ranking,benchANT
2026-08-12 11:21:10+00:00,mem,cached,6344495104.0,dbms,08-2026,couchbase-802-vanilla-ce-large-large-aws,1,ip-172-31-22-20,ranking,benchANT
2026-08-12 11:21:20+00:00,mem,cached,6408204288.0,dbms,08-2026,couchbase-802-vanilla-ce-large-large-aws,1,ip-172-31-22-20,ranking,benchANT
2026-08-12 11:21:30+00:00,mem,cached,6557147136.0,dbms,08-2026,couchbase-802-vanilla-ce-large-large-aws,1,ip-172-31-22-20,ranking,benchANT
2026-08-12 11:21:40+00:00,mem,cached,6987943936.0,dbms,08-2026,couchbase-802-vanilla-ce-large-large-aws,1,ip-172-31-22-20,ranking,benchANT
2026-08-12 11:21:50+00:00,mem,cached,7402557440.0,dbms,08-2026,couchbase-802-vanilla-ce-large-large-aws,1,ip-172-31-22-20,ranking,benchANT
2026-08-12 11:22:00+00:00,mem,cached,7841603584.0,dbms,08-2026,couchbase-802-vanilla-ce-large-large-aws,1,ip-172-31-22-20,ranking,benchANT
2026-08-12 11:22:10+00:00,mem,cached,8279830528.0,dbms,08-2026,couchbase-802-vanilla-ce-large-large-aws,1,ip-172-31-22-20,ranking,benchANT
2026-08-12 11:22:20+00:00,mem,cached,8722767872.0,dbms,08-2026,couchbase-802-vanilla-ce-large-large-aws,1,ip-172-31-22-20,ranking,benchANT
2026-08-12 11:22:30+00:00,mem,cached,9178587136.0,dbms,08-2026,couchbase-802-vanilla-ce-large-large-aws,1,ip-172-31-22-20,ranking,benchANT
2026-08-12 11:22:40+00:00,mem,cached,9600679936.0,dbms,08-2026,couchbase-802-vanilla-ce-large-large-aws,1,ip-172-31-22-20,ranking,benchANT
2026-08-12 11:22:50+00:00,mem,cached,10048020480.0,dbms,08-2026,couchbase-802-vanilla-ce-large-large-aws,1,ip-172-31-22-20,ranking,benchANT
2026-08-12 11:23:00+00:00,mem,cached,10491330560.0,dbms,08-2026,couchbase-802-vanilla-ce-large-large-aws,1,ip-172-31-22-20,ranking,benchANT
2026-08-12 11:23:10+00:00,mem,cached,10937577472.0,dbms,08-2026,couchbase-802-vanilla-ce-large-large-aws,1,ip-172-31-22-20,ranking,benchANT
2026-08-12 11:23:20+00:00,mem,cached,11388878848.0,dbms,08-2026,couchbase-802-vanilla-ce-large-large-aws,1,ip-172-31-22-20,ranking,benchANT
2026-08-12 11:23:30+00:00,mem,cached,11800408064.0,dbms,08-2026,couchbase-802-vanilla-ce-large-large-aws,1,ip-172-31-22-20,ranking,benchANT
2026-08-12 11:23:40+00:00,mem,cached,12242358272.0,dbms,08-2026,couchbase-802-vanilla-ce-large-large-aws,1,ip-172-31-22-20,ranking,benchANT
2026-08-12 11:23:50+00:00,mem,cached,12688240640.0,dbms,08-2026,couchbase-802-vanilla-ce-large-large-aws,1,ip-172-31-22-20,ranking,benchANT
2026-08-12 11:24:00+00:00,mem,cached,13149872128.0,dbms,08-2026,couchbase-802-vanilla-ce-large-large-aws,1,ip-172-31-22-20,ranking,benchANT
2026-08-12 11:24:10+00:00,mem,cached,13577940992.0,dbms,08-2026,couchbase-802-vanilla-ce-large-large-aws,1,ip-172-31-22-20,ranking,benchANT
2026-08-12 11:24:20+00:00,mem,cached,14027485184.0,dbms,08-2026,couchbase-802-vanilla-ce-large-large-aws,1,ip-172-31-22-20,ranking,benchANT
2026-08-12 11:24:30+00:00,mem,cached,14469951488.0,dbms,08-2026,couchbase-802-vanilla-ce-large-large-aws,1,ip-172-31-22-20,ranking,benchANT
2026-08-12 11:24:40+00:00,mem,cached,14910173184.0,dbms,08-2026,couchbase-802-vanilla-ce-large-large-aws,1,ip-172-31-22-20,ranking,benchANT
2026-08-12 11:24:50+00:00,mem,cached,15349215232.0,dbms,08-2026,couchbase-802-vanilla-ce-large-large-aws,1,ip-172-31-22-20,ranking,benchANT
2026-08-12 11:25:00+00:00,mem,cached,15771844608.0,dbms,08-2026,couchbase-802-vanilla-ce-large-large-aws,1,ip-172-31-22-20,ranking,benchANT
2026-08-12 11:25:10+00:00,mem,cached,16204632064.0,dbms,08-2026,couchbase-802-vanilla-ce-large-large-aws,1,ip-172-31-22-20,ranking,benchANT
2026-08-12 11:25:20+00:00,mem,cached,16620941312.0,dbms,08-2026,couchbase-802-vanilla-ce-large-large-aws,1,ip-172-31-22-20,ranking,benchANT
2026-08-12 11:25:30+00:00,mem,cached,17047994368.0,dbms,08-2026,couchbase-802-vanilla-ce-large-large-aws,1,ip-172-31-22-20,ranking,benchANT
2026-08-12 11:25:40+00:00,mem,cached,17486663680.0,dbms,08-2026,couchbase-802-vanilla-ce-large-large-aws,1,ip-172-31-22-20,ranking,benchANT
2026-08-12 11:25:50+00:00,mem,cached,17917165568.0,dbms,08-2026,couchbase-802-vanilla-ce-large-large-aws,1,ip-172-31-22-20,ranking,benchANT
2026-08-12 11:26:00+00:00,mem,cached,18360836096.0,dbms,08-2026,couchbase-802-vanilla-ce-large-large-aws,1,ip-172-31-22-20,ranking,benchANT
2026-08-12 11:26:10+00:00,mem,cached,18790219776.0,dbms,08-2026,couchbase-802-vanilla-ce-large-large-aws,1,ip-172-31-22-20,ranking,benchANT
2026-08-12 11:26:20+00:00,mem,cached,18908225536.0,dbms,08-2026,couchbase-802-vanilla-ce-large-large-aws,1,ip-172-31-22-20,ranking,benchANT
2026-08-12 11:26:30+00:00,mem,cached,18928238592.0,dbms,08-2026,couchbase-802-vanilla-ce-large-large-aws,1,ip-172-31-22-20,ranking,benchANT
2026-08-12 11:26:40+00:00,mem,cached,18927570944.0,dbms,08-2026,couchbase-802-vanilla-ce-large-large-aws,1,ip-172-31-22-20,ranking,benchANT
2026-08-12 11:26:50+00:00,mem,cached,18938716160.0,dbms,08-2026,couchbase-802-vanilla-ce-large-large-aws,1,ip-172-31-22-20,ranking,benchANT
2026-08-12 11:27:00+00:00,mem,cached,18938613760.0,dbms,08-2026,couchbase-802-vanilla-ce-large-large-aws,1,ip-172-31-22-20,ranking,benchANT
2026-08-12 11:27:10+00:00,mem,cached,18935152640.0,dbms,08-2026,couchbase-802-vanilla-ce-large-large-aws,1,ip-172-31-22-20,ranking,benchANT
2026-08-12 11:27:20+00:00,mem,cached,18955038720.0,dbms,08-2026,couchbase-802-vanilla-ce-large-large-aws,1,ip-172-31-22-20,ranking,benchANT
2026-08-12 11:27:30+00:00,mem,cached,18861731840.0,dbms,08-2026,couchbase-802-vanilla-ce-large-large-aws,1,ip-172-31-22-20,ranking,benchANT
2026-08-12 11:27:40+00:00,mem,cached,18912079872.0,dbms,08-2026,couchbase-802-vanilla-ce-large-large-aws,1,ip-172-31-22-20,ranking,benchANT
2026-08-12 11:27:50+00:00,mem,cached,18790199296.0,dbms,08-2026,couchbase-802-vanilla-ce-large-large-aws,1,ip-172-31-22-20,ranking,benchANT
2026-08-12 11:28:00+00:00,mem,cached,18788413440.0,dbms,08-2026,couchbase-802-vanilla-ce-large-large-aws,1,ip-172-31-22-20,ranking,benchANT
2026-08-12 11:28:10+00:00,mem,cached,18827628544.0,dbms,08-2026,couchbase-802-vanilla-ce-large-large-aws,1,ip-172-31-22-20,ranking,benchANT
2026-08-12 11:28:20+00:00,mem,cached,18687459328.0,dbms,08-2026,couchbase-802-vanilla-ce-large-large-aws,1,ip-172-31-22-20,ranking,benchANT
2026-08-12 11:28:30+00:00,mem,cached,18711891968.0,dbms,08-2026,couchbase-802-vanilla-ce-large-large-aws,1,ip-172-31-22-20,ranking,benchANT
2026-08-12 11:28:40+00:00,mem,cached,18645540864.0,dbms,08-2026,couchbase-802-vanilla-ce-large-large-aws,1,ip-172-31-22-20,ranking,benchANT
2026-08-12 11:28:50+00:00,mem,cached,18614595584.0,dbms,08-2026,couchbase-802-vanilla-ce-large-large-aws,1,ip-172-31-22-20,ranking,benchANT
2026-08-12 11:29:00+00:00,mem,cached,18642489344.0,dbms,08-2026,couchbase-802-vanilla-ce-large-large-aws,1,ip-172-31-22-20,ranking,benchANT
2026-08-12 11:29:10+00:00,mem,cached,18521157632.0,dbms,08-2026,couchbase-802-vanilla-ce-large-large-aws,1,ip-172-31-22-20,ranking,benchANT
2026-08-12 11:29:20+00:00,mem,cached,18542419968.0,dbms,08-2026,couchbase-802-vanilla-ce-large-large-aws,1,ip-172-31-22-20,ranking,benchANT
2026-08-12 11:29:30+00:00,mem,cached,18443083776.0,dbms,08-2026,couchbase-802-vanilla-ce-large-large-aws,1,ip-172-31-22-20,ranking,benchANT
2026-08-12 11:29:40+00:00,mem,cached,18454208512.0,dbms,08-2026,couchbase-802-vanilla-ce-large-large-aws,1,ip-172-31-22-20,ranking,benchANT
2026-08-12 11:29:50+00:00,mem,cached,18454327296.0,dbms,08-2026,couchbase-802-vanilla-ce-large-large-aws,1,ip-172-31-22-20,ranking,benchANT
2026-08-12 11:20:00+00:00,mem,commit_limit,16454238208.0,dbms,08-2026,couchbase-802-vanilla-ce-large-large-aws,1,ip-172-31-22-20,ranking,benchANT
2026-08-12 11:20:10+00:00,mem,commit_limit,16454238208.0,dbms,08-2026,couchbase-802-vanilla-ce-large-large-aws,1,ip-172-31-22-20,ranking,benchANT
2026-08-12 11:20:20+00:00,mem,commit_limit,16454238208.0,dbms,08-2026,couchbase-802-vanilla-ce-large-large-aws,1,ip-172-31-22-20,ranking,benchANT
2026-08-12 11:20:30+00:00,mem,commit_limit,16454238208.0,dbms,08-2026,couchbase-802-vanilla-ce-large-large-aws,1,ip-172-31-22-20,ranking,benchANT
2026-08-12 11:20:40+00:00,mem,commit_limit,16454238208.0,dbms,08-2026,couchbase-802-vanilla-ce-large-large-aws,1,ip-172-31-22-20,ranking,benchANT
2026-08-12 11:20:50+00:00,mem,commit_limit,16454238208.0,dbms,08-2026,couchbase-802-vanilla-ce-large-large-aws,1,ip-172-31-22-20,ranking,benchANT
2026-08-12 11:21:00+00:00,mem,commit_limit,16454238208.0,dbms,08-2026,couchbase-802-vanilla-ce-large-large-aws,1,ip-172-31-22-20,ranking,benchANT
2026-08-12 11:21:10+00:00,mem,commit_limit,16454238208.0,dbms,08-2026,couchbase-802-vanilla-ce-large-large-aws,1,ip-172-31-22-20,ranking,benchANT
2026-08-12 11:21:20+00:00,mem,commit_limit,16454238208.0,dbms,08-2026,couchbase-802-vanilla-ce-large-large-aws,1,ip-172-31-22-20,ranking,benchANT
2026-08-12 11:21:30+00:00,mem,commit_limit,16454238208.0,dbms,08-2026,couchbase-802-vanilla-ce-large-large-aws,1,ip-172-31-22-20,ranking,benchANT
2026-08-12 11:21:40+00:00,mem,commit_limit,16454238208.0,dbms,08-2026,couchbase-802-vanilla-ce-large-large-aws,1,ip-172-31-22-20,ranking,benchANT
2026-08-12 11:21:50+00:00,mem,commit_limit,16454238208.0,dbms,08-2026,couchbase-802-vanilla-ce-large-large-aws,1,ip-172-31-22-20,ranking,benchANT
2026-08-12 11:22:00+00:00,mem,commit_limit,16454238208.0,dbms,08-2026,couchbase-802-vanilla-ce-large-large-aws,1,ip-172-31-22-20,ranking,benchANT
2026-08-12 11:22:10+00:00,mem,commit_limit,16454238208.0,dbms,08-2026,couchbase-802-vanilla-ce-large-large-aws,1,ip-172-31-22-20,ranking,benchANT
2026-08-12 11:22:20+00:00,mem,commit_limit,16454238208.0,dbms,08-2026,couchbase-802-vanilla-ce-large-large-aws,1,ip-172-31-22-20,ranking,benchANT
2026-08-12 11:22:30+00:00,mem,commit_limit,16454238208.0,dbms,08-2026,couchbase-802-vanilla-ce-large-large-aws,1,ip-172-31-22-20,ranking,benchANT
2026-08-12 11:22:40+00:00,mem,commit_limit,16454238208.0,dbms,08-2026,couchbase-802-vanilla-ce-large-large-aws,1,ip-172-31-22-20,ranking,benchANT
2026-08-12 11:22:50+00:00,mem,commit_limit,16454238208.0,dbms,08-2026,couchbase-802-vanilla-ce-large-large-aws,1,ip-172-31-22-20,ranking,benchANT
2026-08-12 11:23:00+00:00,mem,commit_limit,16454238208.0,dbms,08-2026,couchbase-802-vanilla-ce-large-large-aws,1,ip-172-31-22-20,ranking,benchANT
2026-08-12 11:23:10+00:00,mem,commit_limit,16454238208.0,dbms,08-2026,couchbase-802-vanilla-ce-large-large-aws,1,ip-172-31-22-20,ranking,benchANT
2026-08-12 11:23:20+00:00,mem,commit_limit,16454238208.0,dbms,08-2026,couchbase-802-vanilla-ce-large-large-aws,1,ip-172-31-22-20,ranking,benchANT
2026-08-12 11:23:30+00:00,mem,commit_limit,16454238208.0,dbms,08-2026,couchbase-802-vanilla-ce-large-large-aws,1,ip-172-31-22-20,ranking,benchANT
2026-08-12 11:23:40+00:00,mem,commit_limit,16454238208.0,dbms,08-2026,couchbase-802-vanilla-ce-large-large-aws,1,ip-172-31-22-20,ranking,benchANT
2026-08-12 11:23:50+00:00,mem,commit_limit,16454238208.0,dbms,08-2026,couchbase-802-vanilla-ce-large-large-aws,1,ip-172-31-22-20,ranking,benchANT
2026-08-12 11:24:00+00:00,mem,commit_limit,16454238208.0,dbms,08-2026,couchbase-802-vanilla-ce-large-large-aws,1,ip-172-31-22-20,ranking,benchANT
2026-08-12 11:24:10+00:00,mem,commit_limit,16454238208.0,dbms,08-2026,couchbase-802-vanilla-ce-large-large-aws,1,ip-172-31-22-20,ranking,benchANT
2026-08-12 11:24:20+00:00,mem,commit_limit,16454238208.0,dbms,08-2026,couchbase-802-vanilla-ce-large-large-aws,1,ip-172-31-22-20,ranking,benchANT
2026-08-12 11:24:30+00:00,mem,commit_limit,16454238208.0,dbms,08-2026,couchbase-802-vanilla-ce-large-large-aws,1,ip-172-31-22-20,ranking,benchANT
2026-08-12 11:24:40+00:00,mem,commit_limit,16454238208.0,dbms,08-2026,couchbase-802-vanilla-ce-large-large-aws,1,ip-172-31-22-20,ranking,benchANT
2026-08-12 11:24:50+00:00,mem,commit_limit,16454238208.0,dbms,08-2026,couchbase-802-vanilla-ce-large-large-aws,1,ip-172-31-22-20,ranking,benchANT
2026-08-12 11:25:00+00:00,mem,commit_limit,16454238208.0,dbms,08-2026,couchbase-802-vanilla-ce-large-large-aws,1,ip-172-31-22-20,ranking,benchANT
2026-08-12 11:25:10+00:00,mem,commit_limit,16454238208.0,dbms,08-2026,couchbase-802-vanilla-ce-large-large-aws,1,ip-172-31-22-20,ranking,benchANT
2026-08-12 11:25:20+00:00,mem,commit_limit,16454238208.0,dbms,08-2026,couchbase-802-vanilla-ce-large-large-aws,1,ip-172-31-22-20,ranking,benchANT
2026-08-12 11:25:30+00:00,mem,commit_limit,16454238208.0,dbms,08-2026,couchbase-802-vanilla-ce-large-large-aws,1,ip-172-31-22-20,ranking,benchANT
2026-08-12 11:25:40+00:00,mem,commit_limit,16454238208.0,dbms,08-2026,couchbase-802-vanilla-ce-large-large-aws,1,ip-172-31-22-20,ranking,benchANT
2026-08-12 11:25:50+00:00,mem,commit_limit,16454238208.0,dbms,08-2026,couchbase-802-vanilla-ce-large-large-aws,1,ip-172-31-22-20,ranking,benchANT
2026-08-12 11:26:00+00:00,mem,commit_limit,16454238208.0,dbms,08-2026,couchbase-802-vanilla-ce-large-large-aws,1,ip-172-31-22-20,ranking,benchANT
2026-08-12 11:26:10+00:00,mem,commit_limit,16454238208.0,dbms,08-2026,couchbase-802-vanilla-ce-large-large-aws,1,ip-172-31-22-20,ranking,benchANT
2026-08-12 11:26:20+00:00,mem,commit_limit,16454238208.0,dbms,08-2026,couchbase-802-vanilla-ce-large-large-aws,1,ip-172-31-22-20,ranking,benchANT
2026-08-12 11:26:30+00:00,mem,commit_limit,16454238208.0,dbms,08-2026,couchbase-802-vanilla-ce-large-large-aws,1,ip-172-31-22-20,ranking,benchANT
2026-08-12 11:26:40+00:00,mem,commit_limit,16454238208.0,dbms,08-2026,couchbase-802-vanilla-ce-large-large-aws,1,ip-172-31-22-20,ranking,benchANT
2026-08-12 11:26:50+00:00,mem,commit_limit,16454238208.0,dbms,08-2026,couchbase-802-vanilla-ce-large-large-aws,1,ip-172-31-22-20,ranking,benchANT
2026-08-12 11:27:00+00:00,mem,commit_limit,16454238208.0,dbms,08-2026,couchbase-802-vanilla-ce-large-large-aws,1,ip-172-31-22-20,ranking,benchANT
2026-08-12 11:27:10+00:00,mem,commit_limit,16454238208.0,dbms,08-2026,couchbase-802-vanilla-ce-large-large-aws,1,ip-172-31-22-20,ranking,benchANT
2026-08-12 11:27:20+00:00,mem,commit_limit,16454238208.0,dbms,08-2026,couchbase-802-vanilla-ce-large-large-aws,1,ip-172-31-22-20,ranking,benchANT
2026-08-12 11:27:30+00:00,mem,commit_limit,16454238208.0,dbms,08-2026,couchbase-802-vanilla-ce-large-large-aws,1,ip-172-31-22-20,ranking,benchANT
2026-08-12 11:27:40+00:00,mem,commit_limit,16454238208.0,dbms,08-2026,couchbase-802-vanilla-ce-large-large-aws,1,ip-172-31-22-20,ranking,benchANT
2026-08-12 11:27:50+00:00,mem,commit_limit,16454238208.0,dbms,08-2026,couchbase-802-vanilla-ce-large-large-aws,1,ip-172-31-22-20,ranking,benchANT
2026-08-12 11:28:00+00:00,mem,commit_limit,16454238208.0,dbms,08-2026,couchbase-802-vanilla-ce-large-large-aws,1,ip-172-31-22-20,ranking,benchANT
2026-08-12 11:28:10+00:00,mem,commit_limit,16454238208.0,dbms,08-2026,couchbase-802-vanilla-ce-large-large-aws,1,ip-172-31-22-20,ranking,benchANT
2026-08-12 11:28:20+00:00,mem,commit_limit,16454238208.0,dbms,08-2026,couchbase-802-vanilla-ce-large-large-aws,1,ip-172-31-22-20,ranking,benchANT
2026-08-12 11:28:30+00:00,mem,commit_limit,16454238208.0,dbms,08-2026,couchbase-802-vanilla-ce-large-large-aws,1,ip-172-31-22-20,ranking,benchANT
2026-08-12 11:28:40+00:00,mem,commit_limit,16454238208.0,dbms,08-2026,couchbase-802-vanilla-ce-large-large-aws,1,ip-172-31-22-20,ranking,benchANT
2026-08-12 11:28:50+00:00,mem,commit_limit,16454238208.0,dbms,08-2026,couchbase-802-vanilla-ce-large-large-aws,1,ip-172-31-22-20,ranking,benchANT
2026-08-12 11:29:00+00:00,mem,commit_limit,16454238208.0,dbms,08-2026,couchbase-802-vanilla-ce-large-large-aws,1,ip-172-31-22-20,ranking,benchANT
2026-08-12 11:29:10+00:00,mem,commit_limit,16454238208.0,dbms,08-2026,couchbase-802-vanilla-ce-large-large-aws,1,ip-172-31-22-20,ranking,benchANT
2026-08-12 11:29:20+00:00,mem,commit_limit,16454238208.0,dbms,08-2026,couchbase-802-vanilla-ce-large-large-aws,1,ip-172-31-22-20,ranking,benchANT
2026-08-12 11:29:30+00:00,mem,commit_limit,16454238208.0,dbms,08-2026,couchbase-802-vanilla-ce-large-large-aws,1,ip-172-31-22-20,ranking,benchANT
2026-08-12 11:29:40+00:00,mem,commit_limit,16454238208.0,dbms,08-2026,couchbase-802-vanilla-ce-large-large-aws,1,ip-172-31-22-20,ranking,benchANT
2026-08-12 11:29:50+00:00,mem,commit_limit,16454238208.0,dbms,08-2026,couchbase-802-vanilla-ce-large-large-aws,1,ip-172-31-22-20,ranking,benchANT
2026-08-12 11:20:00+00:00,mem,committed_as,2525241344.0,dbms,08-2026,couchbase-802-vanilla-ce-large-large-aws,1,ip-172-31-22-20,ranking,benchANT
2026-08-12 11:20:10+00:00,mem,committed_as,2521559040.0,dbms,08-2026,couchbase-802-vanilla-ce-large-large-aws,1,ip-172-31-22-20,ranking,benchANT
2026-08-12 11:20:20+00:00,mem,committed_as,2518040576.0,dbms,08-2026,couchbase-802-vanilla-ce-large-large-aws,1,ip-172-31-22-20,ranking,benchANT
2026-08-12 11:20:30+00:00,mem,committed_as,2523250688.0,dbms,08-2026,couchbase-802-vanilla-ce-large-large-aws,1,ip-172-31-22-20,ranking,benchANT
2026-08-12 11:20:40+00:00,mem,committed_as,2521436160.0,dbms,08-2026,couchbase-802-vanilla-ce-large-large-aws,1,ip-172-31-22-20,ranking,benchANT
2026-08-12 11:20:50+00:00,mem,committed_as,2522259456.0,dbms,08-2026,couchbase-802-vanilla-ce-large-large-aws,1,ip-172-31-22-20,ranking,benchANT
2026-08-12 11:21:00+00:00,mem,committed_as,2515099648.0,dbms,08-2026,couchbase-802-vanilla-ce-large-large-aws,1,ip-172-31-22-20,ranking,benchANT
2026-08-12 11:21:10+00:00,mem,committed_as,2520424448.0,dbms,08-2026,couchbase-802-vanilla-ce-large-large-aws,1,ip-172-31-22-20,ranking,benchANT
2026-08-12 11:21:20+00:00,mem,committed_as,2513326080.0,dbms,08-2026,couchbase-802-vanilla-ce-large-large-aws,1,ip-172-31-22-20,ranking,benchANT
2026-08-12 11:21:30+00:00,mem,committed_as,2514771968.0,dbms,08-2026,couchbase-802-vanilla-ce-large-large-aws,1,ip-172-31-22-20,ranking,benchANT
2026-08-12 11:21:40+00:00,mem,committed_as,2511159296.0,dbms,08-2026,couchbase-802-vanilla-ce-large-large-aws,1,ip-172-31-22-20,ranking,benchANT
2026-08-12 11:21:50+00:00,mem,committed_as,2509852672.0,dbms,08-2026,couchbase-802-vanilla-ce-large-large-aws,1,ip-172-31-22-20,ranking,benchANT
2026-08-12 11:22:00+00:00,mem,committed_as,2517598208.0,dbms,08-2026,couchbase-802-vanilla-ce-large-large-aws,1,ip-172-31-22-20,ranking,benchANT
2026-08-12 11:22:10+00:00,mem,committed_as,2512576512.0,dbms,08-2026,couchbase-802-vanilla-ce-large-large-aws,1,ip-172-31-22-20,ranking,benchANT
2026-08-12 11:22:20+00:00,mem,committed_as,2513797120.0,dbms,08-2026,couchbase-802-vanilla-ce-large-large-aws,1,ip-172-31-22-20,ranking,benchANT
2026-08-12 11:22:30+00:00,mem,committed_as,2508767232.0,dbms,08-2026,couchbase-802-vanilla-ce-large-large-aws,1,ip-172-31-22-20,ranking,benchANT
2026-08-12 11:22:40+00:00,mem,committed_as,2509737984.0,dbms,08-2026,couchbase-802-vanilla-ce-large-large-aws,1,ip-172-31-22-20,ranking,benchANT
2026-08-12 11:22:50+00:00,mem,committed_as,2509885440.0,dbms,08-2026,couchbase-802-vanilla-ce-large-large-aws,1,ip-172-31-22-20,ranking,benchANT
2026-08-12 11:23:00+00:00,mem,committed_as,2509111296.0,dbms,08-2026,couchbase-802-vanilla-ce-large-large-aws,1,ip-172-31-22-20,ranking,benchANT
2026-08-12 11:23:10+00:00,mem,committed_as,2509205504.0,dbms,08-2026,couchbase-802-vanilla-ce-large-large-aws,1,ip-172-31-22-20,ranking,benchANT
2026-08-12 11:23:20+00:00,mem,committed_as,2512371712.0,dbms,08-2026,couchbase-802-vanilla-ce-large-large-aws,1,ip-172-31-22-20,ranking,benchANT
2026-08-12 11:23:30+00:00,mem,committed_as,2504839168.0,dbms,08-2026,couchbase-802-vanilla-ce-large-large-aws,1,ip-172-31-22-20,ranking,benchANT
2026-08-12 11:23:40+00:00,mem,committed_as,2509873152.0,dbms,08-2026,couchbase-802-vanilla-ce-large-large-aws,1,ip-172-31-22-20,ranking,benchANT
2026-08-12 11:23:50+00:00,mem,committed_as,2511450112.0,dbms,08-2026,couchbase-802-vanilla-ce-large-large-aws,1,ip-172-31-22-20,ranking,benchANT
2026-08-12 11:24:00+00:00,mem,committed_as,2513362944.0,dbms,08-2026,couchbase-802-vanilla-ce-large-large-aws,1,ip-172-31-22-20,ranking,benchANT
2026-08-12 11:24:10+00:00,mem,committed_as,2511806464.0,dbms,08-2026,couchbase-802-vanilla-ce-large-large-aws,1,ip-172-31-22-20,ranking,benchANT
2026-08-12 11:24:20+00:00,mem,committed_as,2511806464.0,dbms,08-2026,couchbase-802-vanilla-ce-large-large-aws,1,ip-172-31-22-20,ranking,benchANT
2026-08-12 11:24:30+00:00,mem,committed_as,2512797696.0,dbms,08-2026,couchbase-802-vanilla-ce-large-large-aws,1,ip-172-31-22-20,ranking,benchANT
2026-08-12 11:24:40+00:00,mem,committed_as,2507931648.0,dbms,08-2026,couchbase-802-vanilla-ce-large-large-aws,1,ip-172-31-22-20,ranking,benchANT
2026-08-12 11:24:50+00:00,mem,committed_as,2508288000.0,dbms,08-2026,couchbase-802-vanilla-ce-large-large-aws,1,ip-172-31-22-20,ranking,benchANT
2026-08-12 11:25:00+00:00,mem,committed_as,2507931648.0,dbms,08-2026,couchbase-802-vanilla-ce-large-large-aws,1,ip-172-31-22-20,ranking,benchANT
2026-08-12 11:25:10+00:00,mem,committed_as,2508062720.0,dbms,08-2026,couchbase-802-vanilla-ce-large-large-aws,1,ip-172-31-22-20,ranking,benchANT
2026-08-12 11:25:20+00:00,mem,committed_as,2510864384.0,dbms,08-2026,couchbase-802-vanilla-ce-large-large-aws,1,ip-172-31-22-20,ranking,benchANT
2026-08-12 11:25:30+00:00,mem,committed_as,2506731520.0,dbms,08-2026,couchbase-802-vanilla-ce-large-large-aws,1,ip-172-31-22-20,ranking,benchANT
2026-08-12 11:25:40+00:00,mem,committed_as,2512175104.0,dbms,08-2026,couchbase-802-vanilla-ce-large-large-aws,1,ip-172-31-22-20,ranking,benchANT
2026-08-12 11:25:50+00:00,mem,committed_as,2511200256.0,dbms,08-2026,couchbase-802-vanilla-ce-large-large-aws,1,ip-172-31-22-20,ranking,benchANT
2026-08-12 11:26:00+00:00,mem,committed_as,2511200256.0,dbms,08-2026,couchbase-802-vanilla-ce-large-large-aws,1,ip-172-31-22-20,ranking,benchANT
2026-08-12 11:26:10+00:00,mem,committed_as,2508677120.0,dbms,08-2026,couchbase-802-vanilla-ce-large-large-aws,1,ip-172-31-22-20,ranking,benchANT
2026-08-12 11:26:20+00:00,mem,committed_as,2509471744.0,dbms,08-2026,couchbase-802-vanilla-ce-large-large-aws,1,ip-172-31-22-20,ranking,benchANT
2026-08-12 11:26:30+00:00,mem,committed_as,2507698176.0,dbms,08-2026,couchbase-802-vanilla-ce-large-large-aws,1,ip-172-31-22-20,ranking,benchANT
2026-08-12 11:26:40+00:00,mem,committed_as,2508054528.0,dbms,08-2026,couchbase-802-vanilla-ce-large-large-aws,1,ip-172-31-22-20,ranking,benchANT
2026-08-12 11:26:50+00:00,mem,committed_as,2508300288.0,dbms,08-2026,couchbase-802-vanilla-ce-large-large-aws,1,ip-172-31-22-20,ranking,benchANT
2026-08-12 11:27:00+00:00,mem,committed_as,2507366400.0,dbms,08-2026,couchbase-802-vanilla-ce-large-large-aws,1,ip-172-31-22-20,ranking,benchANT
2026-08-12 11:27:10+00:00,mem,committed_as,2510262272.0,dbms,08-2026,couchbase-802-vanilla-ce-large-large-aws,1,ip-172-31-22-20,ranking,benchANT
2026-08-12 11:27:20+00:00,mem,committed_as,2516033536.0,dbms,08-2026,couchbase-802-vanilla-ce-large-large-aws,1,ip-172-31-22-20,ranking,benchANT
2026-08-12 11:27:30+00:00,mem,committed_as,2508902400.0,dbms,08-2026,couchbase-802-vanilla-ce-large-large-aws,1,ip-172-31-22-20,ranking,benchANT
2026-08-12 11:27:40+00:00,mem,committed_as,2506358784.0,dbms,08-2026,couchbase-802-vanilla-ce-large-large-aws,1,ip-172-31-22-20,ranking,benchANT
2026-08-12 11:27:50+00:00,mem,committed_as,2518720512.0,dbms,08-2026,couchbase-802-vanilla-ce-large-large-aws,1,ip-172-31-22-20,ranking,benchANT
2026-08-12 11:28:00+00:00,mem,committed_as,2507702272.0,dbms,08-2026,couchbase-802-vanilla-ce-large-large-aws,1,ip-172-31-22-20,ranking,benchANT
2026-08-12 11:28:10+00:00,mem,committed_as,2512740352.0,dbms,08-2026,couchbase-802-vanilla-ce-large-large-aws,1,ip-172-31-22-20,ranking,benchANT
2026-08-12 11:28:20+00:00,mem,committed_as,2506948608.0,dbms,08-2026,couchbase-802-vanilla-ce-large-large-aws,1,ip-172-31-22-20,ranking,benchANT
2026-08-12 11:28:30+00:00,mem,committed_as,2506715136.0,dbms,08-2026,couchbase-802-vanilla-ce-large-large-aws,1,ip-172-31-22-20,ranking,benchANT
2026-08-12 11:28:40+00:00,mem,committed_as,2510098432.0,dbms,08-2026,couchbase-802-vanilla-ce-large-large-aws,1,ip-172-31-22-20,ranking,benchANT
2026-08-12 11:28:50+00:00,mem,committed_as,2514870272.0,dbms,08-2026,couchbase-802-vanilla-ce-large-large-aws,1,ip-172-31-22-20,ranking,benchANT
2026-08-12 11:29:00+00:00,mem,committed_as,2514268160.0,dbms,08-2026,couchbase-802-vanilla-ce-large-large-aws,1,ip-172-31-22-20,ranking,benchANT
2026-08-12 11:29:10+00:00,mem,committed_as,2517979136.0,dbms,08-2026,couchbase-802-vanilla-ce-large-large-aws,1,ip-172-31-22-20,ranking,benchANT
2026-08-12 11:29:20+00:00,mem,committed_as,2512134144.0,dbms,08-2026,couchbase-802-vanilla-ce-large-large-aws,1,ip-172-31-22-20,ranking,benchANT
2026-08-12 11:29:30+00:00,mem,committed_as,2515652608.0,dbms,08-2026,couchbase-802-vanilla-ce-large-large-aws,1,ip-172-31-22-20,ranking,benchANT
2026-08-12 11:29:40+00:00,mem,committed_as,2506948608.0,dbms,08-2026,couchbase-802-vanilla-ce-large-large-aws,1,ip-172-31-22-20,ranking,benchANT
2026-08-12 11:29:50+00:00,mem,committed_as,2502680576.0,dbms,08-2026,couchbase-802-vanilla-ce-large-large-aws,1,ip-172-31-22-20,ranking,benchANT
2026-08-12 11:20:00+00:00,mem,dirty,135168.0,dbms,08-2026,couchbase-802-vanilla-ce-large-large-aws,1,ip-172-31-22-20,ranking,benchANT
2026-08-12 11:20:10+00:00,mem,dirty,3338240.0,dbms,08-2026,couchbase-802-vanilla-ce-large-large-aws,1,ip-172-31-22-20,ranking,benchANT
2026-08-12 11:20:20+00:00,mem,dirty,3313664.0,dbms,08-2026,couchbase-802-vanilla-ce-large-large-aws,1,ip-172-31-22-20,ranking,benchANT
2026-08-12 11:20:30+00:00,mem,dirty,3395584.0,dbms,08-2026,couchbase-802-vanilla-ce-large-large-aws,1,ip-172-31-22-20,ranking,benchANT
2026-08-12 11:20:40+00:00,mem,dirty,3579904.0,dbms,08-2026,couchbase-802-vanilla-ce-large-large-aws,1,ip-172-31-22-20,ranking,benchANT
2026-08-12 11:20:50+00:00,mem,dirty,3624960.0,dbms,08-2026,couchbase-802-vanilla-ce-large-large-aws,1,ip-172-31-22-20,ranking,benchANT
2026-08-12 11:21:00+00:00,mem,dirty,4345856.0,dbms,08-2026,couchbase-802-vanilla-ce-large-large-aws,1,ip-172-31-22-20,ranking,benchANT
2026-08-12 11:21:10+00:00,mem,dirty,4894720.0,dbms,08-2026,couchbase-802-vanilla-ce-large-large-aws,1,ip-172-31-22-20,ranking,benchANT
2026-08-12 11:21:20+00:00,mem,dirty,7446528.0,dbms,08-2026,couchbase-802-vanilla-ce-large-large-aws,1,ip-172-31-22-20,ranking,benchANT
2026-08-12 11:21:30+00:00,mem,dirty,7438336.0,dbms,08-2026,couchbase-802-vanilla-ce-large-large-aws,1,ip-172-31-22-20,ranking,benchANT
2026-08-12 11:21:40+00:00,mem,dirty,7589888.0,dbms,08-2026,couchbase-802-vanilla-ce-large-large-aws,1,ip-172-31-22-20,ranking,benchANT
2026-08-12 11:21:50+00:00,mem,dirty,5054464.0,dbms,08-2026,couchbase-802-vanilla-ce-large-large-aws,1,ip-172-31-22-20,ranking,benchANT
2026-08-12 11:22:00+00:00,mem,dirty,5029888.0,dbms,08-2026,couchbase-802-vanilla-ce-large-large-aws,1,ip-172-31-22-20,ranking,benchANT
2026-08-12 11:22:10+00:00,mem,dirty,4898816.0,dbms,08-2026,couchbase-802-vanilla-ce-large-large-aws,1,ip-172-31-22-20,ranking,benchANT
2026-08-12 11:22:20+00:00,mem,dirty,4911104.0,dbms,08-2026,couchbase-802-vanilla-ce-large-large-aws,1,ip-172-31-22-20,ranking,benchANT
2026-08-12 11:22:30+00:00,mem,dirty,4849664.0,dbms,08-2026,couchbase-802-vanilla-ce-large-large-aws,1,ip-172-31-22-20,ranking,benchANT
2026-08-12 11:22:40+00:00,mem,dirty,4952064.0,dbms,08-2026,couchbase-802-vanilla-ce-large-large-aws,1,ip-172-31-22-20,ranking,benchANT
2026-08-12 11:22:50+00:00,mem,dirty,4964352.0,dbms,08-2026,couchbase-802-vanilla-ce-large-large-aws,1,ip-172-31-22-20,ranking,benchANT
2026-08-12 11:23:00+00:00,mem,dirty,5021696.0,dbms,08-2026,couchbase-802-vanilla-ce-large-large-aws,1,ip-172-31-22-20,ranking,benchANT
2026-08-12 11:23:10+00:00,mem,dirty,4907008.0,dbms,08-2026,couchbase-802-vanilla-ce-large-large-aws,1,ip-172-31-22-20,ranking,benchANT
2026-08-12 11:23:20+00:00,mem,dirty,5148672.0,dbms,08-2026,couchbase-802-vanilla-ce-large-large-aws,1,ip-172-31-22-20,ranking,benchANT
2026-08-12 11:23:30+00:00,mem,dirty,5160960.0,dbms,08-2026,couchbase-802-vanilla-ce-large-large-aws,1,ip-172-31-22-20,ranking,benchANT
2026-08-12 11:23:40+00:00,mem,dirty,5013504.0,dbms,08-2026,couchbase-802-vanilla-ce-large-large-aws,1,ip-172-31-22-20,ranking,benchANT
2026-08-12 11:23:50+00:00,mem,dirty,5062656.0,dbms,08-2026,couchbase-802-vanilla-ce-large-large-aws,1,ip-172-31-22-20,ranking,benchANT
2026-08-12 11:24:00+00:00,mem,dirty,5095424.0,dbms,08-2026,couchbase-802-vanilla-ce-large-large-aws,1,ip-172-31-22-20,ranking,benchANT
2026-08-12 11:24:10+00:00,mem,dirty,5087232.0,dbms,08-2026,couchbase-802-vanilla-ce-large-large-aws,1,ip-172-31-22-20,ranking,benchANT
2026-08-12 11:24:20+00:00,mem,dirty,5013504.0,dbms,08-2026,couchbase-802-vanilla-ce-large-large-aws,1,ip-172-31-22-20,ranking,benchANT
2026-08-12 11:24:30+00:00,mem,dirty,5017600.0,dbms,08-2026,couchbase-802-vanilla-ce-large-large-aws,1,ip-172-31-22-20,ranking,benchANT
2026-08-12 11:24:40+00:00,mem,dirty,4988928.0,dbms,08-2026,couchbase-802-vanilla-ce-large-large-aws,1,ip-172-31-22-20,ranking,benchANT
2026-08-12 11:24:50+00:00,mem,dirty,5054464.0,dbms,08-2026,couchbase-802-vanilla-ce-large-large-aws,1,ip-172-31-22-20,ranking,benchANT
2026-08-12 11:25:00+00:00,mem,dirty,5083136.0,dbms,08-2026,couchbase-802-vanilla-ce-large-large-aws,1,ip-172-31-22-20,ranking,benchANT
2026-08-12 11:25:10+00:00,mem,dirty,7405568.0,dbms,08-2026,couchbase-802-vanilla-ce-large-large-aws,1,ip-172-31-22-20,ranking,benchANT
2026-08-12 11:25:20+00:00,mem,dirty,7430144.0,dbms,08-2026,couchbase-802-vanilla-ce-large-large-aws,1,ip-172-31-22-20,ranking,benchANT
2026-08-12 11:25:30+00:00,mem,dirty,7409664.0,dbms,08-2026,couchbase-802-vanilla-ce-large-large-aws,1,ip-172-31-22-20,ranking,benchANT
2026-08-12 11:25:40+00:00,mem,dirty,3358720.0,dbms,08-2026,couchbase-802-vanilla-ce-large-large-aws,1,ip-172-31-22-20,ranking,benchANT
2026-08-12 11:25:50+00:00,mem,dirty,5070848.0,dbms,08-2026,couchbase-802-vanilla-ce-large-large-aws,1,ip-172-31-22-20,ranking,benchANT
2026-08-12 11:26:00+00:00,mem,dirty,5095424.0,dbms,08-2026,couchbase-802-vanilla-ce-large-large-aws,1,ip-172-31-22-20,ranking,benchANT
2026-08-12 11:26:10+00:00,mem,dirty,1728512.0,dbms,08-2026,couchbase-802-vanilla-ce-large-large-aws,1,ip-172-31-22-20,ranking,benchANT
2026-08-12 11:26:20+00:00,mem,dirty,5013504.0,dbms,08-2026,couchbase-802-vanilla-ce-large-large-aws,1,ip-172-31-22-20,ranking,benchANT
2026-08-12 11:26:30+00:00,mem,dirty,5431296.0,dbms,08-2026,couchbase-802-vanilla-ce-large-large-aws,1,ip-172-31-22-20,ranking,benchANT
2026-08-12 11:26:40+00:00,mem,dirty,5328896.0,dbms,08-2026,couchbase-802-vanilla-ce-large-large-aws,1,ip-172-31-22-20,ranking,benchANT
2026-08-12 11:26:50+00:00,mem,dirty,5271552.0,dbms,08-2026,couchbase-802-vanilla-ce-large-large-aws,1,ip-172-31-22-20,ranking,benchANT
2026-08-12 11:27:00+00:00,mem,dirty,5308416.0,dbms,08-2026,couchbase-802-vanilla-ce-large-large-aws,1,ip-172-31-22-20,ranking,benchANT
2026-08-12 11:27:10+00:00,mem,dirty,5365760.0,dbms,08-2026,couchbase-802-vanilla-ce-large-large-aws,1,ip-172-31-22-20,ranking,benchANT
2026-08-12 11:27:20+00:00,mem,dirty,4984832.0,dbms,08-2026,couchbase-802-vanilla-ce-large-large-aws,1,ip-172-31-22-20,ranking,benchANT
2026-08-12 11:27:30+00:00,mem,dirty,4993024.0,dbms,08-2026,couchbase-802-vanilla-ce-large-large-aws,1,ip-172-31-22-20,ranking,benchANT
2026-08-12 11:27:40+00:00,mem,dirty,5058560.0,dbms,08-2026,couchbase-802-vanilla-ce-large-large-aws,1,ip-172-31-22-20,ranking,benchANT
2026-08-12 11:27:50+00:00,mem,dirty,5316608.0,dbms,08-2026,couchbase-802-vanilla-ce-large-large-aws,1,ip-172-31-22-20,ranking,benchANT
2026-08-12 11:28:00+00:00,mem,dirty,5021696.0,dbms,08-2026,couchbase-802-vanilla-ce-large-large-aws,1,ip-172-31-22-20,ranking,benchANT
2026-08-12 11:28:10+00:00,mem,dirty,5005312.0,dbms,08-2026,couchbase-802-vanilla-ce-large-large-aws,1,ip-172-31-22-20,ranking,benchANT
2026-08-12 11:28:20+00:00,mem,dirty,4902912.0,dbms,08-2026,couchbase-802-vanilla-ce-large-large-aws,1,ip-172-31-22-20,ranking,benchANT
2026-08-12 11:28:30+00:00,mem,dirty,4956160.0,dbms,08-2026,couchbase-802-vanilla-ce-large-large-aws,1,ip-172-31-22-20,ranking,benchANT
2026-08-12 11:28:40+00:00,mem,dirty,5632000.0,dbms,08-2026,couchbase-802-vanilla-ce-large-large-aws,1,ip-172-31-22-20,ranking,benchANT
2026-08-12 11:28:50+00:00,mem,dirty,5017600.0,dbms,08-2026,couchbase-802-vanilla-ce-large-large-aws,1,ip-172-31-22-20,ranking,benchANT
2026-08-12 11:29:00+00:00,mem,dirty,5083136.0,dbms,08-2026,couchbase-802-vanilla-ce-large-large-aws,1,ip-172-31-22-20,ranking,benchANT
2026-08-12 11:29:10+00:00,mem,dirty,4907008.0,dbms,08-2026,couchbase-802-vanilla-ce-large-large-aws,1,ip-172-31-22-20,ranking,benchANT
2026-08-12 11:29:20+00:00,mem,dirty,4943872.0,dbms,08-2026,couchbase-802-vanilla-ce-large-large-aws,1,ip-172-31-22-20,ranking,benchANT
2026-08-12 11:29:30+00:00,mem,dirty,4915200.0,dbms,08-2026,couchbase-802-vanilla-ce-large-large-aws,1,ip-172-31-22-20,ranking,benchANT
2026-08-12 11:29:40+00:00,mem,dirty,4964352.0,dbms,08-2026,couchbase-802-vanilla-ce-large-large-aws,1,ip-172-31-22-20,ranking,benchANT
2026-08-12 11:29:50+00:00,mem,dirty,106496.0,dbms,08-2026,couchbase-802-vanilla-ce-large-large-aws,1,ip-172-31-22-20,ranking,benchANT
2026-08-12 11:20:00+00:00,mem,free,21293772800.0,dbms,08-2026,couchbase-802-vanilla-ce-large-large-aws,1,ip-172-31-22-20,ranking,benchANT
2026-08-12 11:20:10+00:00,mem,free,21296619520.0,dbms,08-2026,couchbase-802-vanilla-ce-large-large-aws,1,ip-172-31-22-20,ranking,benchANT
2026-08-12 11:20:20+00:00,mem,free,21297463296.0,dbms,08-2026,couchbase-802-vanilla-ce-large-large-aws,1,ip-172-31-22-20,ranking,benchANT
2026-08-12 11:20:30+00:00,mem,free,21296558080.0,dbms,08-2026,couchbase-802-vanilla-ce-large-large-aws,1,ip-172-31-22-20,ranking,benchANT
2026-08-12 11:20:40+00:00,mem,free,21292740608.0,dbms,08-2026,couchbase-802-vanilla-ce-large-large-aws,1,ip-172-31-22-20,ranking,benchANT
2026-08-12 11:20:50+00:00,mem,free,21294444544.0,dbms,08-2026,couchbase-802-vanilla-ce-large-large-aws,1,ip-172-31-22-20,ranking,benchANT
2026-08-12 11:21:00+00:00,mem,free,21281808384.0,dbms,08-2026,couchbase-802-vanilla-ce-large-large-aws,1,ip-172-31-22-20,ranking,benchANT
2026-08-12 11:21:10+00:00,mem,free,21236301824.0,dbms,08-2026,couchbase-802-vanilla-ce-large-large-aws,1,ip-172-31-22-20,ranking,benchANT
2026-08-12 11:21:20+00:00,mem,free,21145636864.0,dbms,08-2026,couchbase-802-vanilla-ce-large-large-aws,1,ip-172-31-22-20,ranking,benchANT
2026-08-12 11:21:30+00:00,mem,free,20774617088.0,dbms,08-2026,couchbase-802-vanilla-ce-large-large-aws,1,ip-172-31-22-20,ranking,benchANT
2026-08-12 11:21:40+00:00,mem,free,19755929600.0,dbms,08-2026,couchbase-802-vanilla-ce-large-large-aws,1,ip-172-31-22-20,ranking,benchANT
2026-08-12 11:21:50+00:00,mem,free,18845151232.0,dbms,08-2026,couchbase-802-vanilla-ce-large-large-aws,1,ip-172-31-22-20,ranking,benchANT
2026-08-12 11:22:00+00:00,mem,free,17851371520.0,dbms,08-2026,couchbase-802-vanilla-ce-large-large-aws,1,ip-172-31-22-20,ranking,benchANT
2026-08-12 11:22:10+00:00,mem,free,16945889280.0,dbms,08-2026,couchbase-802-vanilla-ce-large-large-aws,1,ip-172-31-22-20,ranking,benchANT
2026-08-12 11:22:20+00:00,mem,free,16010809344.0,dbms,08-2026,couchbase-802-vanilla-ce-large-large-aws,1,ip-172-31-22-20,ranking,benchANT
2026-08-12 11:22:30+00:00,mem,free,15043395584.0,dbms,08-2026,couchbase-802-vanilla-ce-large-large-aws,1,ip-172-31-22-20,ranking,benchANT
2026-08-12 11:22:40+00:00,mem,free,14167195648.0,dbms,08-2026,couchbase-802-vanilla-ce-large-large-aws,1,ip-172-31-22-20,ranking,benchANT
2026-08-12 11:22:50+00:00,mem,free,13207621632.0,dbms,08-2026,couchbase-802-vanilla-ce-large-large-aws,1,ip-172-31-22-20,ranking,benchANT
2026-08-12 11:23:00+00:00,mem,free,12282101760.0,dbms,08-2026,couchbase-802-vanilla-ce-large-large-aws,1,ip-172-31-22-20,ranking,benchANT
2026-08-12 11:23:10+00:00,mem,free,11329359872.0,dbms,08-2026,couchbase-802-vanilla-ce-large-large-aws,1,ip-172-31-22-20,ranking,benchANT
2026-08-12 11:23:20+00:00,mem,free,10387456000.0,dbms,08-2026,couchbase-802-vanilla-ce-large-large-aws,1,ip-172-31-22-20,ranking,benchANT
2026-08-12 11:23:30+00:00,mem,free,9532944384.0,dbms,08-2026,couchbase-802-vanilla-ce-large-large-aws,1,ip-172-31-22-20,ranking,benchANT
2026-08-12 11:23:40+00:00,mem,free,8577474560.0,dbms,08-2026,couchbase-802-vanilla-ce-large-large-aws,1,ip-172-31-22-20,ranking,benchANT
2026-08-12 11:23:50+00:00,mem,free,7566229504.0,dbms,08-2026,couchbase-802-vanilla-ce-large-large-aws,1,ip-172-31-22-20,ranking,benchANT
2026-08-12 11:24:00+00:00,mem,free,6598295552.0,dbms,08-2026,couchbase-802-vanilla-ce-large-large-aws,1,ip-172-31-22-20,ranking,benchANT
2026-08-12 11:24:10+00:00,mem,free,5700915200.0,dbms,08-2026,couchbase-802-vanilla-ce-large-large-aws,1,ip-172-31-22-20,ranking,benchANT
2026-08-12 11:24:20+00:00,mem,free,4765134848.0,dbms,08-2026,couchbase-802-vanilla-ce-large-large-aws,1,ip-172-31-22-20,ranking,benchANT
2026-08-12 11:24:30+00:00,mem,free,3820011520.0,dbms,08-2026,couchbase-802-vanilla-ce-large-large-aws,1,ip-172-31-22-20,ranking,benchANT
2026-08-12 11:24:40+00:00,mem,free,2902986752.0,dbms,08-2026,couchbase-802-vanilla-ce-large-large-aws,1,ip-172-31-22-20,ranking,benchANT
2026-08-12 11:24:50+00:00,mem,free,2354749440.0,dbms,08-2026,couchbase-802-vanilla-ce-large-large-aws,1,ip-172-31-22-20,ranking,benchANT
2026-08-12 11:25:00+00:00,mem,free,1896669184.0,dbms,08-2026,couchbase-802-vanilla-ce-large-large-aws,1,ip-172-31-22-20,ranking,benchANT
2026-08-12 11:25:10+00:00,mem,free,1427898368.0,dbms,08-2026,couchbase-802-vanilla-ce-large-large-aws,1,ip-172-31-22-20,ranking,benchANT
2026-08-12 11:25:20+00:00,mem,free,977244160.0,dbms,08-2026,couchbase-802-vanilla-ce-large-large-aws,1,ip-172-31-22-20,ranking,benchANT
2026-08-12 11:25:30+00:00,mem,free,535633920.0,dbms,08-2026,couchbase-802-vanilla-ce-large-large-aws,1,ip-172-31-22-20,ranking,benchANT
2026-08-12 11:25:40+00:00,mem,free,333025280.0,dbms,08-2026,couchbase-802-vanilla-ce-large-large-aws,1,ip-172-31-22-20,ranking,benchANT
2026-08-12 11:25:50+00:00,mem,free,525979648.0,dbms,08-2026,couchbase-802-vanilla-ce-large-large-aws,1,ip-172-31-22-20,ranking,benchANT
2026-08-12 11:26:00+00:00,mem,free,702287872.0,dbms,08-2026,couchbase-802-vanilla-ce-large-large-aws,1,ip-172-31-22-20,ranking,benchANT
2026-08-12 11:26:10+00:00,mem,free,457392128.0,dbms,08-2026,couchbase-802-vanilla-ce-large-large-aws,1,ip-172-31-22-20,ranking,benchANT
2026-08-12 11:26:20+00:00,mem,free,287940608.0,dbms,08-2026,couchbase-802-vanilla-ce-large-large-aws,1,ip-172-31-22-20,ranking,benchANT
2026-08-12 11:26:30+00:00,mem,free,376037376.0,dbms,08-2026,couchbase-802-vanilla-ce-large-large-aws,1,ip-172-31-22-20,ranking,benchANT
2026-08-12 11:26:40+00:00,mem,free,358612992.0,dbms,08-2026,couchbase-802-vanilla-ce-large-large-aws,1,ip-172-31-22-20,ranking,benchANT
2026-08-12 11:26:50+00:00,mem,free,313729024.0,dbms,08-2026,couchbase-802-vanilla-ce-large-large-aws,1,ip-172-31-22-20,ranking,benchANT
2026-08-12 11:27:00+00:00,mem,free,277868544.0,dbms,08-2026,couchbase-802-vanilla-ce-large-large-aws,1,ip-172-31-22-20,ranking,benchANT
2026-08-12 11:27:10+00:00,mem,free,303886336.0,dbms,08-2026,couchbase-802-vanilla-ce-large-large-aws,1,ip-172-31-22-20,ranking,benchANT
2026-08-12 11:27:20+00:00,mem,free,269119488.0,dbms,08-2026,couchbase-802-vanilla-ce-large-large-aws,1,ip-172-31-22-20,ranking,benchANT
2026-08-12 11:27:30+00:00,mem,free,400482304.0,dbms,08-2026,couchbase-802-vanilla-ce-large-large-aws,1,ip-172-31-22-20,ranking,benchANT
2026-08-12 11:27:40+00:00,mem,free,254074880.0,dbms,08-2026,couchbase-802-vanilla-ce-large-large-aws,1,ip-172-31-22-20,ranking,benchANT
2026-08-12 11:27:50+00:00,mem,free,359481344.0,dbms,08-2026,couchbase-802-vanilla-ce-large-large-aws,1,ip-172-31-22-20,ranking,benchANT
2026-08-12 11:28:00+00:00,mem,free,314720256.0,dbms,08-2026,couchbase-802-vanilla-ce-large-large-aws,1,ip-172-31-22-20,ranking,benchANT
2026-08-12 11:28:10+00:00,mem,free,244875264.0,dbms,08-2026,couchbase-802-vanilla-ce-large-large-aws,1,ip-172-31-22-20,ranking,benchANT
2026-08-12 11:28:20+00:00,mem,free,355979264.0,dbms,08-2026,couchbase-802-vanilla-ce-large-large-aws,1,ip-172-31-22-20,ranking,benchANT
2026-08-12 11:28:30+00:00,mem,free,283934720.0,dbms,08-2026,couchbase-802-vanilla-ce-large-large-aws,1,ip-172-31-22-20,ranking,benchANT
2026-08-12 11:28:40+00:00,mem,free,329080832.0,dbms,08-2026,couchbase-802-vanilla-ce-large-large-aws,1,ip-172-31-22-20,ranking,benchANT
2026-08-12 11:28:50+00:00,mem,free,314892288.0,dbms,08-2026,couchbase-802-vanilla-ce-large-large-aws,1,ip-172-31-22-20,ranking,benchANT
2026-08-12 11:29:00+00:00,mem,free,234749952.0,dbms,08-2026,couchbase-802-vanilla-ce-large-large-aws,1,ip-172-31-22-20,ranking,benchANT
2026-08-12 11:29:10+00:00,mem,free,391471104.0,dbms,08-2026,couchbase-802-vanilla-ce-large-large-aws,1,ip-172-31-22-20,ranking,benchANT
2026-08-12 11:29:20+00:00,mem,free,307544064.0,dbms,08-2026,couchbase-802-vanilla-ce-large-large-aws,1,ip-172-31-22-20,ranking,benchANT
2026-08-12 11:29:30+00:00,mem,free,362016768.0,dbms,08-2026,couchbase-802-vanilla-ce-large-large-aws,1,ip-172-31-22-20,ranking,benchANT
2026-08-12 11:29:40+00:00,mem,free,354181120.0,dbms,08-2026,couchbase-802-vanilla-ce-large-large-aws,1,ip-172-31-22-20,ranking,benchANT
2026-08-12 11:29:50+00:00,mem,free,354947072.0,dbms,08-2026,couchbase-802-vanilla-ce-large-large-aws,1,ip-172-31-22-20,ranking,benchANT
2026-08-12 11:20:00+00:00,mem,high_free,0.0,dbms,08-2026,couchbase-802-vanilla-ce-large-large-aws,1,ip-172-31-22-20,ranking,benchANT
2026-08-12 11:20:10+00:00,mem,high_free,0.0,dbms,08-2026,couchbase-802-vanilla-ce-large-large-aws,1,ip-172-31-22-20,ranking,benchANT
2026-08-12 11:20:20+00:00,mem,high_free,0.0,dbms,08-2026,couchbase-802-vanilla-ce-large-large-aws,1,ip-172-31-22-20,ranking,benchANT
2026-08-12 11:20:30+00:00,mem,high_free,0.0,dbms,08-2026,couchbase-802-vanilla-ce-large-large-aws,1,ip-172-31-22-20,ranking,benchANT
2026-08-12 11:20:40+00:00,mem,high_free,0.0,dbms,08-2026,couchbase-802-vanilla-ce-large-large-aws,1,ip-172-31-22-20,ranking,benchANT
2026-08-12 11:20:50+00:00,mem,high_free,0.0,dbms,08-2026,couchbase-802-vanilla-ce-large-large-aws,1,ip-172-31-22-20,ranking,benchANT
2026-08-12 11:21:00+00:00,mem,high_free,0.0,dbms,08-2026,couchbase-802-vanilla-ce-large-large-aws,1,ip-172-31-22-20,ranking,benchANT
2026-08-12 11:21:10+00:00,mem,high_free,0.0,dbms,08-2026,couchbase-802-vanilla-ce-large-large-aws,1,ip-172-31-22-20,ranking,benchANT
2026-08-12 11:21:20+00:00,mem,high_free,0.0,dbms,08-2026,couchbase-802-vanilla-ce-large-large-aws,1,ip-172-31-22-20,ranking,benchANT
2026-08-12 11:21:30+00:00,mem,high_free,0.0,dbms,08-2026,couchbase-802-vanilla-ce-large-large-aws,1,ip-172-31-22-20,ranking,benchANT
2026-08-12 11:21:40+00:00,mem,high_free,0.0,dbms,08-2026,couchbase-802-vanilla-ce-large-large-aws,1,ip-172-31-22-20,ranking,benchANT
2026-08-12 11:21:50+00:00,mem,high_free,0.0,dbms,08-2026,couchbase-802-vanilla-ce-large-large-aws,1,ip-172-31-22-20,ranking,benchANT
2026-08-12 11:22:00+00:00,mem,high_free,0.0,dbms,08-2026,couchbase-802-vanilla-ce-large-large-aws,1,ip-172-31-22-20,ranking,benchANT
2026-08-12 11:22:10+00:00,mem,high_free,0.0,dbms,08-2026,couchbase-802-vanilla-ce-large-large-aws,1,ip-172-31-22-20,ranking,benchANT
2026-08-12 11:22:20+00:00,mem,high_free,0.0,dbms,08-2026,couchbase-802-vanilla-ce-large-large-aws,1,ip-172-31-22-20,ranking,benchANT
2026-08-12 11:22:30+00:00,mem,high_free,0.0,dbms,08-2026,couchbase-802-vanilla-ce-large-large-aws,1,ip-172-31-22-20,ranking,benchANT
2026-08-12 11:22:40+00:00,mem,high_free,0.0,dbms,08-2026,couchbase-802-vanilla-ce-large-large-aws,1,ip-172-31-22-20,ranking,benchANT
2026-08-12 11:22:50+00:00,mem,high_free,0.0,dbms,08-2026,couchbase-802-vanilla-ce-large-large-aws,1,ip-172-31-22-20,ranking,benchANT
2026-08-12 11:23:00+00:00,mem,high_free,0.0,dbms,08-2026,couchbase-802-vanilla-ce-large-large-aws,1,ip-172-31-22-20,ranking,benchANT
2026-08-12 11:23:10+00:00,mem,high_free,0.0,dbms,08-2026,couchbase-802-vanilla-ce-large-large-aws,1,ip-172-31-22-20,ranking,benchANT
2026-08-12 11:23:20+00:00,mem,high_free,0.0,dbms,08-2026,couchbase-802-vanilla-ce-large-large-aws,1,ip-172-31-22-20,ranking,benchANT
2026-08-12 11:23:30+00:00,mem,high_free,0.0,dbms,08-2026,couchbase-802-vanilla-ce-large-large-aws,1,ip-172-31-22-20,ranking,benchANT
2026-08-12 11:23:40+00:00,mem,high_free,0.0,dbms,08-2026,couchbase-802-vanilla-ce-large-large-aws,1,ip-172-31-22-20,ranking,benchANT
2026-08-12 11:23:50+00:00,mem,high_free,0.0,dbms,08-2026,couchbase-802-vanilla-ce-large-large-aws,1,ip-172-31-22-20,ranking,benchANT
2026-08-12 11:24:00+00:00,mem,high_free,0.0,dbms,08-2026,couchbase-802-vanilla-ce-large-large-aws,1,ip-172-31-22-20,ranking,benchANT
2026-08-12 11:24:10+00:00,mem,high_free,0.0,dbms,08-2026,couchbase-802-vanilla-ce-large-large-aws,1,ip-172-31-22-20,ranking,benchANT
2026-08-12 11:24:20+00:00,mem,high_free,0.0,dbms,08-2026,couchbase-802-vanilla-ce-large-large-aws,1,ip-172-31-22-20,ranking,benchANT
2026-08-12 11:24:30+00:00,mem,high_free,0.0,dbms,08-2026,couchbase-802-vanilla-ce-large-large-aws,1,ip-172-31-22-20,ranking,benchANT
2026-08-12 11:24:40+00:00,mem,high_free,0.0,dbms,08-2026,couchbase-802-vanilla-ce-large-large-aws,1,ip-172-31-22-20,ranking,benchANT
2026-08-12 11:24:50+00:00,mem,high_free,0.0,dbms,08-2026,couchbase-802-vanilla-ce-large-large-aws,1,ip-172-31-22-20,ranking,benchANT
2026-08-12 11:25:00+00:00,mem,high_free,0.0,dbms,08-2026,couchbase-802-vanilla-ce-large-large-aws,1,ip-172-31-22-20,ranking,benchANT
2026-08-12 11:25:10+00:00,mem,high_free,0.0,dbms,08-2026,couchbase-802-vanilla-ce-large-large-aws,1,ip-172-31-22-20,ranking,benchANT
2026-08-12 11:25:20+00:00,mem,high_free,0.0,dbms,08-2026,couchbase-802-vanilla-ce-large-large-aws,1,ip-172-31-22-20,ranking,benchANT
2026-08-12 11:25:30+00:00,mem,high_free,0.0,dbms,08-2026,couchbase-802-vanilla-ce-large-large-aws,1,ip-172-31-22-20,ranking,benchANT
2026-08-12 11:25:40+00:00,mem,high_free,0.0,dbms,08-2026,couchbase-802-vanilla-ce-large-large-aws,1,ip-172-31-22-20,ranking,benchANT
2026-08-12 11:25:50+00:00,mem,high_free,0.0,dbms,08-2026,couchbase-802-vanilla-ce-large-large-aws,1,ip-172-31-22-20,ranking,benchANT
2026-08-12 11:26:00+00:00,mem,high_free,0.0,dbms,08-2026,couchbase-802-vanilla-ce-large-large-aws,1,ip-172-31-22-20,ranking,benchANT
2026-08-12 11:26:10+00:00,mem,high_free,0.0,dbms,08-2026,couchbase-802-vanilla-ce-large-large-aws,1,ip-172-31-22-20,ranking,benchANT
2026-08-12 11:26:20+00:00,mem,high_free,0.0,dbms,08-2026,couchbase-802-vanilla-ce-large-large-aws,1,ip-172-31-22-20,ranking,benchANT
2026-08-12 11:26:30+00:00,mem,high_free,0.0,dbms,08-2026,couchbase-802-vanilla-ce-large-large-aws,1,ip-172-31-22-20,ranking,benchANT
2026-08-12 11:26:40+00:00,mem,high_free,0.0,dbms,08-2026,couchbase-802-vanilla-ce-large-large-aws,1,ip-172-31-22-20,ranking,benchANT
2026-08-12 11:26:50+00:00,mem,high_free,0.0,dbms,08-2026,couchbase-802-vanilla-ce-large-large-aws,1,ip-172-31-22-20,ranking,benchANT
2026-08-12 11:27:00+00:00,mem,high_free,0.0,dbms,08-2026,couchbase-802-vanilla-ce-large-large-aws,1,ip-172-31-22-20,ranking,benchANT
2026-08-12 11:27:10+00:00,mem,high_free,0.0,dbms,08-2026,couchbase-802-vanilla-ce-large-large-aws,1,ip-172-31-22-20,ranking,benchANT
2026-08-12 11:27:20+00:00,mem,high_free,0.0,dbms,08-2026,couchbase-802-vanilla-ce-large-large-aws,1,ip-172-31-22-20,ranking,benchANT
2026-08-12 11:27:30+00:00,mem,high_free,0.0,dbms,08-2026,couchbase-802-vanilla-ce-large-large-aws,1,ip-172-31-22-20,ranking,benchANT
2026-08-12 11:27:40+00:00,mem,high_free,0.0,dbms,08-2026,couchbase-802-vanilla-ce-large-large-aws,1,ip-172-31-22-20,ranking,benchANT
2026-08-12 11:27:50+00:00,mem,high_free,0.0,dbms,08-2026,couchbase-802-vanilla-ce-large-large-aws,1,ip-172-31-22-20,ranking,benchANT
2026-08-12 11:28:00+00:00,mem,high_free,0.0,dbms,08-2026,couchbase-802-vanilla-ce-large-large-aws,1,ip-172-31-22-20,ranking,benchANT
2026-08-12 11:28:10+00:00,mem,high_free,0.0,dbms,08-2026,couchbase-802-vanilla-ce-large-large-aws,1,ip-172-31-22-20,ranking,benchANT
2026-08-12 11:28:20+00:00,mem,high_free,0.0,dbms,08-2026,couchbase-802-vanilla-ce-large-large-aws,1,ip-172-31-22-20,ranking,benchANT
2026-08-12 11:28:30+00:00,mem,high_free,0.0,dbms,08-2026,couchbase-802-vanilla-ce-large-large-aws,1,ip-172-31-22-20,ranking,benchANT
2026-08-12 11:28:40+00:00,mem,high_free,0.0,dbms,08-2026,couchbase-802-vanilla-ce-large-large-aws,1,ip-172-31-22-20,ranking,benchANT
2026-08-12 11:28:50+00:00,mem,high_free,0.0,dbms,08-2026,couchbase-802-vanilla-ce-large-large-aws,1,ip-172-31-22-20,ranking,benchANT
2026-08-12 11:29:00+00:00,mem,high_free,0.0,dbms,08-2026,couchbase-802-vanilla-ce-large-large-aws,1,ip-172-31-22-20,ranking,benchANT
2026-08-12 11:29:10+00:00,mem,high_free,0.0,dbms,08-2026,couchbase-802-vanilla-ce-large-large-aws,1,ip-172-31-22-20,ranking,benchANT
2026-08-12 11:29:20+00:00,mem,high_free,0.0,dbms,08-2026,couchbase-802-vanilla-ce-large-large-aws,1,ip-172-31-22-20,ranking,benchANT
2026-08-12 11:29:30+00:00,mem,high_free,0.0,dbms,08-2026,couchbase-802-vanilla-ce-large-large-aws,1,ip-172-31-22-20,ranking,benchANT
2026-08-12 11:29:40+00:00,mem,high_free,0.0,dbms,08-2026,couchbase-802-vanilla-ce-large-large-aws,1,ip-172-31-22-20,ranking,benchANT
2026-08-12 11:29:50+00:00,mem,high_free,0.0,dbms,08-2026,couchbase-802-vanilla-ce-large-large-aws,1,ip-172-31-22-20,ranking,benchANT
2026-08-12 11:20:00+00:00,mem,high_total,0.0,dbms,08-2026,couchbase-802-vanilla-ce-large-large-aws,1,ip-172-31-22-20,ranking,benchANT
2026-08-12 11:20:10+00:00,mem,high_total,0.0,dbms,08-2026,couchbase-802-vanilla-ce-large-large-aws,1,ip-172-31-22-20,ranking,benchANT
2026-08-12 11:20:20+00:00,mem,high_total,0.0,dbms,08-2026,couchbase-802-vanilla-ce-large-large-aws,1,ip-172-31-22-20,ranking,benchANT
2026-08-12 11:20:30+00:00,mem,high_total,0.0,dbms,08-2026,couchbase-802-vanilla-ce-large-large-aws,1,ip-172-31-22-20,ranking,benchANT
2026-08-12 11:20:40+00:00,mem,high_total,0.0,dbms,08-2026,couchbase-802-vanilla-ce-large-large-aws,1,ip-172-31-22-20,ranking,benchANT
2026-08-12 11:20:50+00:00,mem,high_total,0.0,dbms,08-2026,couchbase-802-vanilla-ce-large-large-aws,1,ip-172-31-22-20,ranking,benchANT
2026-08-12 11:21:00+00:00,mem,high_total,0.0,dbms,08-2026,couchbase-802-vanilla-ce-large-large-aws,1,ip-172-31-22-20,ranking,benchANT
2026-08-12 11:21:10+00:00,mem,high_total,0.0,dbms,08-2026,couchbase-802-vanilla-ce-large-large-aws,1,ip-172-31-22-20,ranking,benchANT
2026-08-12 11:21:20+00:00,mem,high_total,0.0,dbms,08-2026,couchbase-802-vanilla-ce-large-large-aws,1,ip-172-31-22-20,ranking,benchANT
2026-08-12 11:21:30+00:00,mem,high_total,0.0,dbms,08-2026,couchbase-802-vanilla-ce-large-large-aws,1,ip-172-31-22-20,ranking,benchANT
2026-08-12 11:21:40+00:00,mem,high_total,0.0,dbms,08-2026,couchbase-802-vanilla-ce-large-large-aws,1,ip-172-31-22-20,ranking,benchANT
2026-08-12 11:21:50+00:00,mem,high_total,0.0,dbms,08-2026,couchbase-802-vanilla-ce-large-large-aws,1,ip-172-31-22-20,ranking,benchANT
2026-08-12 11:22:00+00:00,mem,high_total,0.0,dbms,08-2026,couchbase-802-vanilla-ce-large-large-aws,1,ip-172-31-22-20,ranking,benchANT
2026-08-12 11:22:10+00:00,mem,high_total,0.0,dbms,08-2026,couchbase-802-vanilla-ce-large-large-aws,1,ip-172-31-22-20,ranking,benchANT
2026-08-12 11:22:20+00:00,mem,high_total,0.0,dbms,08-2026,couchbase-802-vanilla-ce-large-large-aws,1,ip-172-31-22-20,ranking,benchANT
2026-08-12 11:22:30+00:00,mem,high_total,0.0,dbms,08-2026,couchbase-802-vanilla-ce-large-large-aws,1,ip-172-31-22-20,ranking,benchANT
2026-08-12 11:22:40+00:00,mem,high_total,0.0,dbms,08-2026,couchbase-802-vanilla-ce-large-large-aws,1,ip-172-31-22-20,ranking,benchANT
2026-08-12 11:22:50+00:00,mem,high_total,0.0,dbms,08-2026,couchbase-802-vanilla-ce-large-large-aws,1,ip-172-31-22-20,ranking,benchANT
2026-08-12 11:23:00+00:00,mem,high_total,0.0,dbms,08-2026,couchbase-802-vanilla-ce-large-large-aws,1,ip-172-31-22-20,ranking,benchANT
2026-08-12 11:23:10+00:00,mem,high_total,0.0,dbms,08-2026,couchbase-802-vanilla-ce-large-large-aws,1,ip-172-31-22-20,ranking,benchANT
2026-08-12 11:23:20+00:00,mem,high_total,0.0,dbms,08-2026,couchbase-802-vanilla-ce-large-large-aws,1,ip-172-31-22-20,ranking,benchANT
2026-08-12 11:23:30+00:00,mem,high_total,0.0,dbms,08-2026,couchbase-802-vanilla-ce-large-large-aws,1,ip-172-31-22-20,ranking,benchANT
2026-08-12 11:23:40+00:00,mem,high_total,0.0,dbms,08-2026,couchbase-802-vanilla-ce-large-large-aws,1,ip-172-31-22-20,ranking,benchANT
2026-08-12 11:23:50+00:00,mem,high_total,0.0,dbms,08-2026,couchbase-802-vanilla-ce-large-large-aws,1,ip-172-31-22-20,ranking,benchANT
2026-08-12 11:24:00+00:00,mem,high_total,0.0,dbms,08-2026,couchbase-802-vanilla-ce-large-large-aws,1,ip-172-31-22-20,ranking,benchANT
2026-08-12 11:24:10+00:00,mem,high_total,0.0,dbms,08-2026,couchbase-802-vanilla-ce-large-large-aws,1,ip-172-31-22-20,ranking,benchANT
2026-08-12 11:24:20+00:00,mem,high_total,0.0,dbms,08-2026,couchbase-802-vanilla-ce-large-large-aws,1,ip-172-31-22-20,ranking,benchANT
2026-08-12 11:24:30+00:00,mem,high_total,0.0,dbms,08-2026,couchbase-802-vanilla-ce-large-large-aws,1,ip-172-31-22-20,ranking,benchANT
2026-08-12 11:24:40+00:00,mem,high_total,0.0,dbms,08-2026,couchbase-802-vanilla-ce-large-large-aws,1,ip-172-31-22-20,ranking,benchANT
2026-08-12 11:24:50+00:00,mem,high_total,0.0,dbms,08-2026,couchbase-802-vanilla-ce-large-large-aws,1,ip-172-31-22-20,ranking,benchANT
2026-08-12 11:25:00+00:00,mem,high_total,0.0,dbms,08-2026,couchbase-802-vanilla-ce-large-large-aws,1,ip-172-31-22-20,ranking,benchANT
2026-08-12 11:25:10+00:00,mem,high_total,0.0,dbms,08-2026,couchbase-802-vanilla-ce-large-large-aws,1,ip-172-31-22-20,ranking,benchANT
2026-08-12 11:25:20+00:00,mem,high_total,0.0,dbms,08-2026,couchbase-802-vanilla-ce-large-large-aws,1,ip-172-31-22-20,ranking,benchANT
2026-08-12 11:25:30+00:00,mem,high_total,0.0,dbms,08-2026,couchbase-802-vanilla-ce-large-large-aws,1,ip-172-31-22-20,ranking,benchANT
2026-08-12 11:25:40+00:00,mem,high_total,0.0,dbms,08-2026,couchbase-802-vanilla-ce-large-large-aws,1,ip-172-31-22-20,ranking,benchANT
2026-08-12 11:25:50+00:00,mem,high_total,0.0,dbms,08-2026,couchbase-802-vanilla-ce-large-large-aws,1,ip-172-31-22-20,ranking,benchANT
2026-08-12 11:26:00+00:00,mem,high_total,0.0,dbms,08-2026,couchbase-802-vanilla-ce-large-large-aws,1,ip-172-31-22-20,ranking,benchANT
2026-08-12 11:26:10+00:00,mem,high_total,0.0,dbms,08-2026,couchbase-802-vanilla-ce-large-large-aws,1,ip-172-31-22-20,ranking,benchANT
2026-08-12 11:26:20+00:00,mem,high_total,0.0,dbms,08-2026,couchbase-802-vanilla-ce-large-large-aws,1,ip-172-31-22-20,ranking,benchANT
2026-08-12 11:26:30+00:00,mem,high_total,0.0,dbms,08-2026,couchbase-802-vanilla-ce-large-large-aws,1,ip-172-31-22-20,ranking,benchANT
2026-08-12 11:26:40+00:00,mem,high_total,0.0,dbms,08-2026,couchbase-802-vanilla-ce-large-large-aws,1,ip-172-31-22-20,ranking,benchANT
2026-08-12 11:26:50+00:00,mem,high_total,0.0,dbms,08-2026,couchbase-802-vanilla-ce-large-large-aws,1,ip-172-31-22-20,ranking,benchANT
2026-08-12 11:27:00+00:00,mem,high_total,0.0,dbms,08-2026,couchbase-802-vanilla-ce-large-large-aws,1,ip-172-31-22-20,ranking,benchANT
2026-08-12 11:27:10+00:00,mem,high_total,0.0,dbms,08-2026,couchbase-802-vanilla-ce-large-large-aws,1,ip-172-31-22-20,ranking,benchANT
2026-08-12 11:27:20+00:00,mem,high_total,0.0,dbms,08-2026,couchbase-802-vanilla-ce-large-large-aws,1,ip-172-31-22-20,ranking,benchANT
2026-08-12 11:27:30+00:00,mem,high_total,0.0,dbms,08-2026,couchbase-802-vanilla-ce-large-large-aws,1,ip-172-31-22-20,ranking,benchANT
2026-08-12 11:27:40+00:00,mem,high_total,0.0,dbms,08-2026,couchbase-802-vanilla-ce-large-large-aws,1,ip-172-31-22-20,ranking,benchANT
2026-08-12 11:27:50+00:00,mem,high_total,0.0,dbms,08-2026,couchbase-802-vanilla-ce-large-large-aws,1,ip-172-31-22-20,ranking,benchANT
2026-08-12 11:28:00+00:00,mem,high_total,0.0,dbms,08-2026,couchbase-802-vanilla-ce-large-large-aws,1,ip-172-31-22-20,ranking,benchANT
2026-08-12 11:28:10+00:00,mem,high_total,0.0,dbms,08-2026,couchbase-802-vanilla-ce-large-large-aws,1,ip-172-31-22-20,ranking,benchANT
2026-08-12 11:28:20+00:00,mem,high_total,0.0,dbms,08-2026,couchbase-802-vanilla-ce-large-large-aws,1,ip-172-31-22-20,ranking,benchANT
2026-08-12 11:28:30+00:00,mem,high_total,0.0,dbms,08-2026,couchbase-802-vanilla-ce-large-large-aws,1,ip-172-31-22-20,ranking,benchANT
2026-08-12 11:28:40+00:00,mem,high_total,0.0,dbms,08-2026,couchbase-802-vanilla-ce-large-large-aws,1,ip-172-31-22-20,ranking,benchANT
2026-08-12 11:28:50+00:00,mem,high_total,0.0,dbms,08-2026,couchbase-802-vanilla-ce-large-large-aws,1,ip-172-31-22-20,ranking,benchANT
2026-08-12 11:29:00+00:00,mem,high_total,0.0,dbms,08-2026,couchbase-802-vanilla-ce-large-large-aws,1,ip-172-31-22-20,ranking,benchANT
2026-08-12 11:29:10+00:00,mem,high_total,0.0,dbms,08-2026,couchbase-802-vanilla-ce-large-large-aws,1,ip-172-31-22-20,ranking,benchANT
2026-08-12 11:29:20+00:00,mem,high_total,0.0,dbms,08-2026,couchbase-802-vanilla-ce-large-large-aws,1,ip-172-31-22-20,ranking,benchANT
2026-08-12 11:29:30+00:00,mem,high_total,0.0,dbms,08-2026,couchbase-802-vanilla-ce-large-large-aws,1,ip-172-31-22-20,ranking,benchANT
2026-08-12 11:29:40+00:00,mem,high_total,0.0,dbms,08-2026,couchbase-802-vanilla-ce-large-large-aws,1,ip-172-31-22-20,ranking,benchANT
2026-08-12 11:29:50+00:00,mem,high_total,0.0,dbms,08-2026,couchbase-802-vanilla-ce-large-large-aws,1,ip-172-31-22-20,ranking,benchANT
2026-08-12 11:20:00+00:00,mem,huge_page_size,2097152.0,dbms,08-2026,couchbase-802-vanilla-ce-large-large-aws,1,ip-172-31-22-20,ranking,benchANT
2026-08-12 11:20:10+00:00,mem,huge_page_size,2097152.0,dbms,08-2026,couchbase-802-vanilla-ce-large-large-aws,1,ip-172-31-22-20,ranking,benchANT
2026-08-12 11:20:20+00:00,mem,huge_page_size,2097152.0,dbms,08-2026,couchbase-802-vanilla-ce-large-large-aws,1,ip-172-31-22-20,ranking,benchANT
2026-08-12 11:20:30+00:00,mem,huge_page_size,2097152.0,dbms,08-2026,couchbase-802-vanilla-ce-large-large-aws,1,ip-172-31-22-20,ranking,benchANT
2026-08-12 11:20:40+00:00,mem,huge_page_size,2097152.0,dbms,08-2026,couchbase-802-vanilla-ce-large-large-aws,1,ip-172-31-22-20,ranking,benchANT
2026-08-12 11:20:50+00:00,mem,huge_page_size,2097152.0,dbms,08-2026,couchbase-802-vanilla-ce-large-large-aws,1,ip-172-31-22-20,ranking,benchANT
2026-08-12 11:21:00+00:00,mem,huge_page_size,2097152.0,dbms,08-2026,couchbase-802-vanilla-ce-large-large-aws,1,ip-172-31-22-20,ranking,benchANT
2026-08-12 11:21:10+00:00,mem,huge_page_size,2097152.0,dbms,08-2026,couchbase-802-vanilla-ce-large-large-aws,1,ip-172-31-22-20,ranking,benchANT
2026-08-12 11:21:20+00:00,mem,huge_page_size,2097152.0,dbms,08-2026,couchbase-802-vanilla-ce-large-large-aws,1,ip-172-31-22-20,ranking,benchANT
2026-08-12 11:21:30+00:00,mem,huge_page_size,2097152.0,dbms,08-2026,couchbase-802-vanilla-ce-large-large-aws,1,ip-172-31-22-20,ranking,benchANT
2026-08-12 11:21:40+00:00,mem,huge_page_size,2097152.0,dbms,08-2026,couchbase-802-vanilla-ce-large-large-aws,1,ip-172-31-22-20,ranking,benchANT
2026-08-12 11:21:50+00:00,mem,huge_page_size,2097152.0,dbms,08-2026,couchbase-802-vanilla-ce-large-large-aws,1,ip-172-31-22-20,ranking,benchANT
2026-08-12 11:22:00+00:00,mem,huge_page_size,2097152.0,dbms,08-2026,couchbase-802-vanilla-ce-large-large-aws,1,ip-172-31-22-20,ranking,benchANT
2026-08-12 11:22:10+00:00,mem,huge_page_size,2097152.0,dbms,08-2026,couchbase-802-vanilla-ce-large-large-aws,1,ip-172-31-22-20,ranking,benchANT
2026-08-12 11:22:20+00:00,mem,huge_page_size,2097152.0,dbms,08-2026,couchbase-802-vanilla-ce-large-large-aws,1,ip-172-31-22-20,ranking,benchANT
2026-08-12 11:22:30+00:00,mem,huge_page_size,2097152.0,dbms,08-2026,couchbase-802-vanilla-ce-large-large-aws,1,ip-172-31-22-20,ranking,benchANT
2026-08-12 11:22:40+00:00,mem,huge_page_size,2097152.0,dbms,08-2026,couchbase-802-vanilla-ce-large-large-aws,1,ip-172-31-22-20,ranking,benchANT
2026-08-12 11:22:50+00:00,mem,huge_page_size,2097152.0,dbms,08-2026,couchbase-802-vanilla-ce-large-large-aws,1,ip-172-31-22-20,ranking,benchANT
2026-08-12 11:23:00+00:00,mem,huge_page_size,2097152.0,dbms,08-2026,couchbase-802-vanilla-ce-large-large-aws,1,ip-172-31-22-20,ranking,benchANT
2026-08-12 11:23:10+00:00,mem,huge_page_size,2097152.0,dbms,08-2026,couchbase-802-vanilla-ce-large-large-aws,1,ip-172-31-22-20,ranking,benchANT
2026-08-12 11:23:20+00:00,mem,huge_page_size,2097152.0,dbms,08-2026,couchbase-802-vanilla-ce-large-large-aws,1,ip-172-31-22-20,ranking,benchANT
2026-08-12 11:23:30+00:00,mem,huge_page_size,2097152.0,dbms,08-2026,couchbase-802-vanilla-ce-large-large-aws,1,ip-172-31-22-20,ranking,benchANT
2026-08-12 11:23:40+00:00,mem,huge_page_size,2097152.0,dbms,08-2026,couchbase-802-vanilla-ce-large-large-aws,1,ip-172-31-22-20,ranking,benchANT
2026-08-12 11:23:50+00:00,mem,huge_page_size,2097152.0,dbms,08-2026,couchbase-802-vanilla-ce-large-large-aws,1,ip-172-31-22-20,ranking,benchANT
2026-08-12 11:24:00+00:00,mem,huge_page_size,2097152.0,dbms,08-2026,couchbase-802-vanilla-ce-large-large-aws,1,ip-172-31-22-20,ranking,benchANT
2026-08-12 11:24:10+00:00,mem,huge_page_size,2097152.0,dbms,08-2026,couchbase-802-vanilla-ce-large-large-aws,1,ip-172-31-22-20,ranking,benchANT
2026-08-12 11:24:20+00:00,mem,huge_page_size,2097152.0,dbms,08-2026,couchbase-802-vanilla-ce-large-large-aws,1,ip-172-31-22-20,ranking,benchANT
2026-08-12 11:24:30+00:00,mem,huge_page_size,2097152.0,dbms,08-2026,couchbase-802-vanilla-ce-large-large-aws,1,ip-172-31-22-20,ranking,benchANT
2026-08-12 11:24:40+00:00,mem,huge_page_size,2097152.0,dbms,08-2026,couchbase-802-vanilla-ce-large-large-aws,1,ip-172-31-22-20,ranking,benchANT
2026-08-12 11:24:50+00:00,mem,huge_page_size,2097152.0,dbms,08-2026,couchbase-802-vanilla-ce-large-large-aws,1,ip-172-31-22-20,ranking,benchANT
2026-08-12 11:25:00+00:00,mem,huge_page_size,2097152.0,dbms,08-2026,couchbase-802-vanilla-ce-large-large-aws,1,ip-172-31-22-20,ranking,benchANT
2026-08-12 11:25:10+00:00,mem,huge_page_size,2097152.0,dbms,08-2026,couchbase-802-vanilla-ce-large-large-aws,1,ip-172-31-22-20,ranking,benchANT
2026-08-12 11:25:20+00:00,mem,huge_page_size,2097152.0,dbms,08-2026,couchbase-802-vanilla-ce-large-large-aws,1,ip-172-31-22-20,ranking,benchANT
2026-08-12 11:25:30+00:00,mem,huge_page_size,2097152.0,dbms,08-2026,couchbase-802-vanilla-ce-large-large-aws,1,ip-172-31-22-20,ranking,benchANT
2026-08-12 11:25:40+00:00,mem,huge_page_size,2097152.0,dbms,08-2026,couchbase-802-vanilla-ce-large-large-aws,1,ip-172-31-22-20,ranking,benchANT
2026-08-12 11:25:50+00:00,mem,huge_page_size,2097152.0,dbms,08-2026,couchbase-802-vanilla-ce-large-large-aws,1,ip-172-31-22-20,ranking,benchANT
2026-08-12 11:26:00+00:00,mem,huge_page_size,2097152.0,dbms,08-2026,couchbase-802-vanilla-ce-large-large-aws,1,ip-172-31-22-20,ranking,benchANT
2026-08-12 11:26:10+00:00,mem,huge_page_size,2097152.0,dbms,08-2026,couchbase-802-vanilla-ce-large-large-aws,1,ip-172-31-22-20,ranking,benchANT
2026-08-12 11:26:20+00:00,mem,huge_page_size,2097152.0,dbms,08-2026,couchbase-802-vanilla-ce-large-large-aws,1,ip-172-31-22-20,ranking,benchANT
2026-08-12 11:26:30+00:00,mem,huge_page_size,2097152.0,dbms,08-2026,couchbase-802-vanilla-ce-large-large-aws,1,ip-172-31-22-20,ranking,benchANT
2026-08-12 11:26:40+00:00,mem,huge_page_size,2097152.0,dbms,08-2026,couchbase-802-vanilla-ce-large-large-aws,1,ip-172-31-22-20,ranking,benchANT
2026-08-12 11:26:50+00:00,mem,huge_page_size,2097152.0,dbms,08-2026,couchbase-802-vanilla-ce-large-large-aws,1,ip-172-31-22-20,ranking,benchANT
2026-08-12 11:27:00+00:00,mem,huge_page_size,2097152.0,dbms,08-2026,couchbase-802-vanilla-ce-large-large-aws,1,ip-172-31-22-20,ranking,benchANT
2026-08-12 11:27:10+00:00,mem,huge_page_size,2097152.0,dbms,08-2026,couchbase-802-vanilla-ce-large-large-aws,1,ip-172-31-22-20,ranking,benchANT
2026-08-12 11:27:20+00:00,mem,huge_page_size,2097152.0,dbms,08-2026,couchbase-802-vanilla-ce-large-large-aws,1,ip-172-31-22-20,ranking,benchANT
2026-08-12 11:27:30+00:00,mem,huge_page_size,2097152.0,dbms,08-2026,couchbase-802-vanilla-ce-large-large-aws,1,ip-172-31-22-20,ranking,benchANT
2026-08-12 11:27:40+00:00,mem,huge_page_size,2097152.0,dbms,08-2026,couchbase-802-vanilla-ce-large-large-aws,1,ip-172-31-22-20,ranking,benchANT
2026-08-12 11:27:50+00:00,mem,huge_page_size,2097152.0,dbms,08-2026,couchbase-802-vanilla-ce-large-large-aws,1,ip-172-31-22-20,ranking,benchANT
2026-08-12 11:28:00+00:00,mem,huge_page_size,2097152.0,dbms,08-2026,couchbase-802-vanilla-ce-large-large-aws,1,ip-172-31-22-20,ranking,benchANT
2026-08-12 11:28:10+00:00,mem,huge_page_size,2097152.0,dbms,08-2026,couchbase-802-vanilla-ce-large-large-aws,1,ip-172-31-22-20,ranking,benchANT
2026-08-12 11:28:20+00:00,mem,huge_page_size,2097152.0,dbms,08-2026,couchbase-802-vanilla-ce-large-large-aws,1,ip-172-31-22-20,ranking,benchANT
2026-08-12 11:28:30+00:00,mem,huge_page_size,2097152.0,dbms,08-2026,couchbase-802-vanilla-ce-large-large-aws,1,ip-172-31-22-20,ranking,benchANT
2026-08-12 11:28:40+00:00,mem,huge_page_size,2097152.0,dbms,08-2026,couchbase-802-vanilla-ce-large-large-aws,1,ip-172-31-22-20,ranking,benchANT
2026-08-12 11:28:50+00:00,mem,huge_page_size,2097152.0,dbms,08-2026,couchbase-802-vanilla-ce-large-large-aws,1,ip-172-31-22-20,ranking,benchANT
2026-08-12 11:29:00+00:00,mem,huge_page_size,2097152.0,dbms,08-2026,couchbase-802-vanilla-ce-large-large-aws,1,ip-172-31-22-20,ranking,benchANT
2026-08-12 11:29:10+00:00,mem,huge_page_size,2097152.0,dbms,08-2026,couchbase-802-vanilla-ce-large-large-aws,1,ip-172-31-22-20,ranking,benchANT
2026-08-12 11:29:20+00:00,mem,huge_page_size,2097152.0,dbms,08-2026,couchbase-802-vanilla-ce-large-large-aws,1,ip-172-31-22-20,ranking,benchANT
2026-08-12 11:29:30+00:00,mem,huge_page_size,2097152.0,dbms,08-2026,couchbase-802-vanilla-ce-large-large-aws,1,ip-172-31-22-20,ranking,benchANT
2026-08-12 11:29:40+00:00,mem,huge_page_size,2097152.0,dbms,08-2026,couchbase-802-vanilla-ce-large-large-aws,1,ip-172-31-22-20,ranking,benchANT
2026-08-12 11:29:50+00:00,mem,huge_page_size,2097152.0,dbms,08-2026,couchbase-802-vanilla-ce-large-large-aws,1,ip-172-31-22-20,ranking,benchANT
2026-08-12 11:20:00+00:00,mem,huge_pages_free,0.0,dbms,08-2026,couchbase-802-vanilla-ce-large-large-aws,1,ip-172-31-22-20,ranking,benchANT
2026-08-12 11:20:10+00:00,mem,huge_pages_free,0.0,dbms,08-2026,couchbase-802-vanilla-ce-large-large-aws,1,ip-172-31-22-20,ranking,benchANT
2026-08-12 11:20:20+00:00,mem,huge_pages_free,0.0,dbms,08-2026,couchbase-802-vanilla-ce-large-large-aws,1,ip-172-31-22-20,ranking,benchANT
2026-08-12 11:20:30+00:00,mem,huge_pages_free,0.0,dbms,08-2026,couchbase-802-vanilla-ce-large-large-aws,1,ip-172-31-22-20,ranking,benchANT
2026-08-12 11:20:40+00:00,mem,huge_pages_free,0.0,dbms,08-2026,couchbase-802-vanilla-ce-large-large-aws,1,ip-172-31-22-20,ranking,benchANT
2026-08-12 11:20:50+00:00,mem,huge_pages_free,0.0,dbms,08-2026,couchbase-802-vanilla-ce-large-large-aws,1,ip-172-31-22-20,ranking,benchANT
2026-08-12 11:21:00+00:00,mem,huge_pages_free,0.0,dbms,08-2026,couchbase-802-vanilla-ce-large-large-aws,1,ip-172-31-22-20,ranking,benchANT
2026-08-12 11:21:10+00:00,mem,huge_pages_free,0.0,dbms,08-2026,couchbase-802-vanilla-ce-large-large-aws,1,ip-172-31-22-20,ranking,benchANT
2026-08-12 11:21:20+00:00,mem,huge_pages_free,0.0,dbms,08-2026,couchbase-802-vanilla-ce-large-large-aws,1,ip-172-31-22-20,ranking,benchANT
2026-08-12 11:21:30+00:00,mem,huge_pages_free,0.0,dbms,08-2026,couchbase-802-vanilla-ce-large-large-aws,1,ip-172-31-22-20,ranking,benchANT
2026-08-12 11:21:40+00:00,mem,huge_pages_free,0.0,dbms,08-2026,couchbase-802-vanilla-ce-large-large-aws,1,ip-172-31-22-20,ranking,benchANT
2026-08-12 11:21:50+00:00,mem,huge_pages_free,0.0,dbms,08-2026,couchbase-802-vanilla-ce-large-large-aws,1,ip-172-31-22-20,ranking,benchANT
2026-08-12 11:22:00+00:00,mem,huge_pages_free,0.0,dbms,08-2026,couchbase-802-vanilla-ce-large-large-aws,1,ip-172-31-22-20,ranking,benchANT
2026-08-12 11:22:10+00:00,mem,huge_pages_free,0.0,dbms,08-2026,couchbase-802-vanilla-ce-large-large-aws,1,ip-172-31-22-20,ranking,benchANT
2026-08-12 11:22:20+00:00,mem,huge_pages_free,0.0,dbms,08-2026,couchbase-802-vanilla-ce-large-large-aws,1,ip-172-31-22-20,ranking,benchANT
2026-08-12 11:22:30+00:00,mem,huge_pages_free,0.0,dbms,08-2026,couchbase-802-vanilla-ce-large-large-aws,1,ip-172-31-22-20,ranking,benchANT
2026-08-12 11:22:40+00:00,mem,huge_pages_free,0.0,dbms,08-2026,couchbase-802-vanilla-ce-large-large-aws,1,ip-172-31-22-20,ranking,benchANT
2026-08-12 11:22:50+00:00,mem,huge_pages_free,0.0,dbms,08-2026,couchbase-802-vanilla-ce-large-large-aws,1,ip-172-31-22-20,ranking,benchANT
2026-08-12 11:23:00+00:00,mem,huge_pages_free,0.0,dbms,08-2026,couchbase-802-vanilla-ce-large-large-aws,1,ip-172-31-22-20,ranking,benchANT
2026-08-12 11:23:10+00:00,mem,huge_pages_free,0.0,dbms,08-2026,couchbase-802-vanilla-ce-large-large-aws,1,ip-172-31-22-20,ranking,benchANT
2026-08-12 11:23:20+00:00,mem,huge_pages_free,0.0,dbms,08-2026,couchbase-802-vanilla-ce-large-large-aws,1,ip-172-31-22-20,ranking,benchANT
2026-08-12 11:23:30+00:00,mem,huge_pages_free,0.0,dbms,08-2026,couchbase-802-vanilla-ce-large-large-aws,1,ip-172-31-22-20,ranking,benchANT
2026-08-12 11:23:40+00:00,mem,huge_pages_free,0.0,dbms,08-2026,couchbase-802-vanilla-ce-large-large-aws,1,ip-172-31-22-20,ranking,benchANT
2026-08-12 11:23:50+00:00,mem,huge_pages_free,0.0,dbms,08-2026,couchbase-802-vanilla-ce-large-large-aws,1,ip-172-31-22-20,ranking,benchANT
2026-08-12 11:24:00+00:00,mem,huge_pages_free,0.0,dbms,08-2026,couchbase-802-vanilla-ce-large-large-aws,1,ip-172-31-22-20,ranking,benchANT
2026-08-12 11:24:10+00:00,mem,huge_pages_free,0.0,dbms,08-2026,couchbase-802-vanilla-ce-large-large-aws,1,ip-172-31-22-20,ranking,benchANT
2026-08-12 11:24:20+00:00,mem,huge_pages_free,0.0,dbms,08-2026,couchbase-802-vanilla-ce-large-large-aws,1,ip-172-31-22-20,ranking,benchANT
2026-08-12 11:24:30+00:00,mem,huge_pages_free,0.0,dbms,08-2026,couchbase-802-vanilla-ce-large-large-aws,1,ip-172-31-22-20,ranking,benchANT
2026-08-12 11:24:40+00:00,mem,huge_pages_free,0.0,dbms,08-2026,couchbase-802-vanilla-ce-large-large-aws,1,ip-172-31-22-20,ranking,benchANT
2026-08-12 11:24:50+00:00,mem,huge_pages_free,0.0,dbms,08-2026,couchbase-802-vanilla-ce-large-large-aws,1,ip-172-31-22-20,ranking,benchANT
2026-08-12 11:25:00+00:00,mem,huge_pages_free,0.0,dbms,08-2026,couchbase-802-vanilla-ce-large-large-aws,1,ip-172-31-22-20,ranking,benchANT
2026-08-12 11:25:10+00:00,mem,huge_pages_free,0.0,dbms,08-2026,couchbase-802-vanilla-ce-large-large-aws,1,ip-172-31-22-20,ranking,benchANT
2026-08-12 11:25:20+00:00,mem,huge_pages_free,0.0,dbms,08-2026,couchbase-802-vanilla-ce-large-large-aws,1,ip-172-31-22-20,ranking,benchANT
2026-08-12 11:25:30+00:00,mem,huge_pages_free,0.0,dbms,08-2026,couchbase-802-vanilla-ce-large-large-aws,1,ip-172-31-22-20,ranking,benchANT
2026-08-12 11:25:40+00:00,mem,huge_pages_free,0.0,dbms,08-2026,couchbase-802-vanilla-ce-large-large-aws,1,ip-172-31-22-20,ranking,benchANT
2026-08-12 11:25:50+00:00,mem,huge_pages_free,0.0,dbms,08-2026,couchbase-802-vanilla-ce-large-large-aws,1,ip-172-31-22-20,ranking,benchANT
2026-08-12 11:26:00+00:00,mem,huge_pages_free,0.0,dbms,08-2026,couchbase-802-vanilla-ce-large-large-aws,1,ip-172-31-22-20,ranking,benchANT
2026-08-12 11:26:10+00:00,mem,huge_pages_free,0.0,dbms,08-2026,couchbase-802-vanilla-ce-large-large-aws,1,ip-172-31-22-20,ranking,benchANT
2026-08-12 11:26:20+00:00,mem,huge_pages_free,0.0,dbms,08-2026,couchbase-802-vanilla-ce-large-large-aws,1,ip-172-31-22-20,ranking,benchANT
2026-08-12 11:26:30+00:00,mem,huge_pages_free,0.0,dbms,08-2026,couchbase-802-vanilla-ce-large-large-aws,1,ip-172-31-22-20,ranking,benchANT
2026-08-12 11:26:40+00:00,mem,huge_pages_free,0.0,dbms,08-2026,couchbase-802-vanilla-ce-large-large-aws,1,ip-172-31-22-20,ranking,benchANT
2026-08-12 11:26:50+00:00,mem,huge_pages_free,0.0,dbms,08-2026,couchbase-802-vanilla-ce-large-large-aws,1,ip-172-31-22-20,ranking,benchANT
2026-08-12 11:27:00+00:00,mem,huge_pages_free,0.0,dbms,08-2026,couchbase-802-vanilla-ce-large-large-aws,1,ip-172-31-22-20,ranking,benchANT
2026-08-12 11:27:10+00:00,mem,huge_pages_free,0.0,dbms,08-2026,couchbase-802-vanilla-ce-large-large-aws,1,ip-172-31-22-20,ranking,benchANT
2026-08-12 11:27:20+00:00,mem,huge_pages_free,0.0,dbms,08-2026,couchbase-802-vanilla-ce-large-large-aws,1,ip-172-31-22-20,ranking,benchANT
2026-08-12 11:27:30+00:00,mem,huge_pages_free,0.0,dbms,08-2026,couchbase-802-vanilla-ce-large-large-aws,1,ip-172-31-22-20,ranking,benchANT
2026-08-12 11:27:40+00:00,mem,huge_pages_free,0.0,dbms,08-2026,couchbase-802-vanilla-ce-large-large-aws,1,ip-172-31-22-20,ranking,benchANT
2026-08-12 11:27:50+00:00,mem,huge_pages_free,0.0,dbms,08-2026,couchbase-802-vanilla-ce-large-large-aws,1,ip-172-31-22-20,ranking,benchANT
2026-08-12 11:28:00+00:00,mem,huge_pages_free,0.0,dbms,08-2026,couchbase-802-vanilla-ce-large-large-aws,1,ip-172-31-22-20,ranking,benchANT
2026-08-12 11:28:10+00:00,mem,huge_pages_free,0.0,dbms,08-2026,couchbase-802-vanilla-ce-large-large-aws,1,ip-172-31-22-20,ranking,benchANT
2026-08-12 11:28:20+00:00,mem,huge_pages_free,0.0,dbms,08-2026,couchbase-802-vanilla-ce-large-large-aws,1,ip-172-31-22-20,ranking,benchANT
2026-08-12 11:28:30+00:00,mem,huge_pages_free,0.0,dbms,08-2026,couchbase-802-vanilla-ce-large-large-aws,1,ip-172-31-22-20,ranking,benchANT
2026-08-12 11:28:40+00:00,mem,huge_pages_free,0.0,dbms,08-2026,couchbase-802-vanilla-ce-large-large-aws,1,ip-172-31-22-20,ranking,benchANT
2026-08-12 11:28:50+00:00,mem,huge_pages_free,0.0,dbms,08-2026,couchbase-802-vanilla-ce-large-large-aws,1,ip-172-31-22-20,ranking,benchANT
2026-08-12 11:29:00+00:00,mem,huge_pages_free,0.0,dbms,08-2026,couchbase-802-vanilla-ce-large-large-aws,1,ip-172-31-22-20,ranking,benchANT
2026-08-12 11:29:10+00:00,mem,huge_pages_free,0.0,dbms,08-2026,couchbase-802-vanilla-ce-large-large-aws,1,ip-172-31-22-20,ranking,benchANT
2026-08-12 11:29:20+00:00,mem,huge_pages_free,0.0,dbms,08-2026,couchbase-802-vanilla-ce-large-large-aws,1,ip-172-31-22-20,ranking,benchANT
2026-08-12 11:29:30+00:00,mem,huge_pages_free,0.0,dbms,08-2026,couchbase-802-vanilla-ce-large-large-aws,1,ip-172-31-22-20,ranking,benchANT
2026-08-12 11:29:40+00:00,mem,huge_pages_free,0.0,dbms,08-2026,couchbase-802-vanilla-ce-large-large-aws,1,ip-172-31-22-20,ranking,benchANT
2026-08-12 11:29:50+00:00,mem,huge_pages_free,0.0,dbms,08-2026,couchbase-802-vanilla-ce-large-large-aws,1,ip-172-31-22-20,ranking,benchANT
2026-08-12 11:20:00+00:00,mem,huge_pages_total,0.0,dbms,08-2026,couchbase-802-vanilla-ce-large-large-aws,1,ip-172-31-22-20,ranking,benchANT
2026-08-12 11:20:10+00:00,mem,huge_pages_total,0.0,dbms,08-2026,couchbase-802-vanilla-ce-large-large-aws,1,ip-172-31-22-20,ranking,benchANT
2026-08-12 11:20:20+00:00,mem,huge_pages_total,0.0,dbms,08-2026,couchbase-802-vanilla-ce-large-large-aws,1,ip-172-31-22-20,ranking,benchANT
2026-08-12 11:20:30+00:00,mem,huge_pages_total,0.0,dbms,08-2026,couchbase-802-vanilla-ce-large-large-aws,1,ip-172-31-22-20,ranking,benchANT
2026-08-12 11:20:40+00:00,mem,huge_pages_total,0.0,dbms,08-2026,couchbase-802-vanilla-ce-large-large-aws,1,ip-172-31-22-20,ranking,benchANT
2026-08-12 11:20:50+00:00,mem,huge_pages_total,0.0,dbms,08-2026,couchbase-802-vanilla-ce-large-large-aws,1,ip-172-31-22-20,ranking,benchANT
2026-08-12 11:21:00+00:00,mem,huge_pages_total,0.0,dbms,08-2026,couchbase-802-vanilla-ce-large-large-aws,1,ip-172-31-22-20,ranking,benchANT
2026-08-12 11:21:10+00:00,mem,huge_pages_total,0.0,dbms,08-2026,couchbase-802-vanilla-ce-large-large-aws,1,ip-172-31-22-20,ranking,benchANT
2026-08-12 11:21:20+00:00,mem,huge_pages_total,0.0,dbms,08-2026,couchbase-802-vanilla-ce-large-large-aws,1,ip-172-31-22-20,ranking,benchANT
2026-08-12 11:21:30+00:00,mem,huge_pages_total,0.0,dbms,08-2026,couchbase-802-vanilla-ce-large-large-aws,1,ip-172-31-22-20,ranking,benchANT
2026-08-12 11:21:40+00:00,mem,huge_pages_total,0.0,dbms,08-2026,couchbase-802-vanilla-ce-large-large-aws,1,ip-172-31-22-20,ranking,benchANT
2026-08-12 11:21:50+00:00,mem,huge_pages_total,0.0,dbms,08-2026,couchbase-802-vanilla-ce-large-large-aws,1,ip-172-31-22-20,ranking,benchANT
2026-08-12 11:22:00+00:00,mem,huge_pages_total,0.0,dbms,08-2026,couchbase-802-vanilla-ce-large-large-aws,1,ip-172-31-22-20,ranking,benchANT
2026-08-12 11:22:10+00:00,mem,huge_pages_total,0.0,dbms,08-2026,couchbase-802-vanilla-ce-large-large-aws,1,ip-172-31-22-20,ranking,benchANT
2026-08-12 11:22:20+00:00,mem,huge_pages_total,0.0,dbms,08-2026,couchbase-802-vanilla-ce-large-large-aws,1,ip-172-31-22-20,ranking,benchANT
2026-08-12 11:22:30+00:00,mem,huge_pages_total,0.0,dbms,08-2026,couchbase-802-vanilla-ce-large-large-aws,1,ip-172-31-22-20,ranking,benchANT
2026-08-12 11:22:40+00:00,mem,huge_pages_total,0.0,dbms,08-2026,couchbase-802-vanilla-ce-large-large-aws,1,ip-172-31-22-20,ranking,benchANT
2026-08-12 11:22:50+00:00,mem,huge_pages_total,0.0,dbms,08-2026,couchbase-802-vanilla-ce-large-large-aws,1,ip-172-31-22-20,ranking,benchANT
2026-08-12 11:23:00+00:00,mem,huge_pages_total,0.0,dbms,08-2026,couchbase-802-vanilla-ce-large-large-aws,1,ip-172-31-22-20,ranking,benchANT
2026-08-12 11:23:10+00:00,mem,huge_pages_total,0.0,dbms,08-2026,couchbase-802-vanilla-ce-large-large-aws,1,ip-172-31-22-20,ranking,benchANT
2026-08-12 11:23:20+00:00,mem,huge_pages_total,0.0,dbms,08-2026,couchbase-802-vanilla-ce-large-large-aws,1,ip-172-31-22-20,ranking,benchANT
2026-08-12 11:23:30+00:00,mem,huge_pages_total,0.0,dbms,08-2026,couchbase-802-vanilla-ce-large-large-aws,1,ip-172-31-22-20,ranking,benchANT
2026-08-12 11:23:40+00:00,mem,huge_pages_total,0.0,dbms,08-2026,couchbase-802-vanilla-ce-large-large-aws,1,ip-172-31-22-20,ranking,benchANT
2026-08-12 11:23:50+00:00,mem,huge_pages_total,0.0,dbms,08-2026,couchbase-802-vanilla-ce-large-large-aws,1,ip-172-31-22-20,ranking,benchANT
2026-08-12 11:24:00+00:00,mem,huge_pages_total,0.0,dbms,08-2026,couchbase-802-vanilla-ce-large-large-aws,1,ip-172-31-22-20,ranking,benchANT
2026-08-12 11:24:10+00:00,mem,huge_pages_total,0.0,dbms,08-2026,couchbase-802-vanilla-ce-large-large-aws,1,ip-172-31-22-20,ranking,benchANT
2026-08-12 11:24:20+00:00,mem,huge_pages_total,0.0,dbms,08-2026,couchbase-802-vanilla-ce-large-large-aws,1,ip-172-31-22-20,ranking,benchANT
2026-08-12 11:24:30+00:00,mem,huge_pages_total,0.0,dbms,08-2026,couchbase-802-vanilla-ce-large-large-aws,1,ip-172-31-22-20,ranking,benchANT
2026-08-12 11:24:40+00:00,mem,huge_pages_total,0.0,dbms,08-2026,couchbase-802-vanilla-ce-large-large-aws,1,ip-172-31-22-20,ranking,benchANT
2026-08-12 11:24:50+00:00,mem,huge_pages_total,0.0,dbms,08-2026,couchbase-802-vanilla-ce-large-large-aws,1,ip-172-31-22-20,ranking,benchANT
2026-08-12 11:25:00+00:00,mem,huge_pages_total,0.0,dbms,08-2026,couchbase-802-vanilla-ce-large-large-aws,1,ip-172-31-22-20,ranking,benchANT
2026-08-12 11:25:10+00:00,mem,huge_pages_total,0.0,dbms,08-2026,couchbase-802-vanilla-ce-large-large-aws,1,ip-172-31-22-20,ranking,benchANT
2026-08-12 11:25:20+00:00,mem,huge_pages_total,0.0,dbms,08-2026,couchbase-802-vanilla-ce-large-large-aws,1,ip-172-31-22-20,ranking,benchANT
2026-08-12 11:25:30+00:00,mem,huge_pages_total,0.0,dbms,08-2026,couchbase-802-vanilla-ce-large-large-aws,1,ip-172-31-22-20,ranking,benchANT
2026-08-12 11:25:40+00:00,mem,huge_pages_total,0.0,dbms,08-2026,couchbase-802-vanilla-ce-large-large-aws,1,ip-172-31-22-20,ranking,benchANT
2026-08-12 11:25:50+00:00,mem,huge_pages_total,0.0,dbms,08-2026,couchbase-802-vanilla-ce-large-large-aws,1,ip-172-31-22-20,ranking,benchANT
2026-08-12 11:26:00+00:00,mem,huge_pages_total,0.0,dbms,08-2026,couchbase-802-vanilla-ce-large-large-aws,1,ip-172-31-22-20,ranking,benchANT
2026-08-12 11:26:10+00:00,mem,huge_pages_total,0.0,dbms,08-2026,couchbase-802-vanilla-ce-large-large-aws,1,ip-172-31-22-20,ranking,benchANT
2026-08-12 11:26:20+00:00,mem,huge_pages_total,0.0,dbms,08-2026,couchbase-802-vanilla-ce-large-large-aws,1,ip-172-31-22-20,ranking,benchANT
2026-08-12 11:26:30+00:00,mem,huge_pages_total,0.0,dbms,08-2026,couchbase-802-vanilla-ce-large-large-aws,1,ip-172-31-22-20,ranking,benchANT
2026-08-12 11:26:40+00:00,mem,huge_pages_total,0.0,dbms,08-2026,couchbase-802-vanilla-ce-large-large-aws,1,ip-172-31-22-20,ranking,benchANT
2026-08-12 11:26:50+00:00,mem,huge_pages_total,0.0,dbms,08-2026,couchbase-802-vanilla-ce-large-large-aws,1,ip-172-31-22-20,ranking,benchANT
2026-08-12 11:27:00+00:00,mem,huge_pages_total,0.0,dbms,08-2026,couchbase-802-vanilla-ce-large-large-aws,1,ip-172-31-22-20,ranking,benchANT
2026-08-12 11:27:10+00:00,mem,huge_pages_total,0.0,dbms,08-2026,couchbase-802-vanilla-ce-large-large-aws,1,ip-172-31-22-20,ranking,benchANT
2026-08-12 11:27:20+00:00,mem,huge_pages_total,0.0,dbms,08-2026,couchbase-802-vanilla-ce-large-large-aws,1,ip-172-31-22-20,ranking,benchANT
2026-08-12 11:27:30+00:00,mem,huge_pages_total,0.0,dbms,08-2026,couchbase-802-vanilla-ce-large-large-aws,1,ip-172-31-22-20,ranking,benchANT
2026-08-12 11:27:40+00:00,mem,huge_pages_total,0.0,dbms,08-2026,couchbase-802-vanilla-ce-large-large-aws,1,ip-172-31-22-20,ranking,benchANT
2026-08-12 11:27:50+00:00,mem,huge_pages_total,0.0,dbms,08-2026,couchbase-802-vanilla-ce-large-large-aws,1,ip-172-31-22-20,ranking,benchANT
2026-08-12 11:28:00+00:00,mem,huge_pages_total,0.0,dbms,08-2026,couchbase-802-vanilla-ce-large-large-aws,1,ip-172-31-22-20,ranking,benchANT
2026-08-12 11:28:10+00:00,mem,huge_pages_total,0.0,dbms,08-2026,couchbase-802-vanilla-ce-large-large-aws,1,ip-172-31-22-20,ranking,benchANT
2026-08-12 11:28:20+00:00,mem,huge_pages_total,0.0,dbms,08-2026,couchbase-802-vanilla-ce-large-large-aws,1,ip-172-31-22-20,ranking,benchANT
2026-08-12 11:28:30+00:00,mem,huge_pages_total,0.0,dbms,08-2026,couchbase-802-vanilla-ce-large-large-aws,1,ip-172-31-22-20,ranking,benchANT
2026-08-12 11:28:40+00:00,mem,huge_pages_total,0.0,dbms,08-2026,couchbase-802-vanilla-ce-large-large-aws,1,ip-172-31-22-20,ranking,benchANT
2026-08-12 11:28:50+00:00,mem,huge_pages_total,0.0,dbms,08-2026,couchbase-802-vanilla-ce-large-large-aws,1,ip-172-31-22-20,ranking,benchANT
2026-08-12 11:29:00+00:00,mem,huge_pages_total,0.0,dbms,08-2026,couchbase-802-vanilla-ce-large-large-aws,1,ip-172-31-22-20,ranking,benchANT
2026-08-12 11:29:10+00:00,mem,huge_pages_total,0.0,dbms,08-2026,couchbase-802-vanilla-ce-large-large-aws,1,ip-172-31-22-20,ranking,benchANT
2026-08-12 11:29:20+00:00,mem,huge_pages_total,0.0,dbms,08-2026,couchbase-802-vanilla-ce-large-large-aws,1,ip-172-31-22-20,ranking,benchANT
2026-08-12 11:29:30+00:00,mem,huge_pages_total,0.0,dbms,08-2026,couchbase-802-vanilla-ce-large-large-aws,1,ip-172-31-22-20,ranking,benchANT
2026-08-12 11:29:40+00:00,mem,huge_pages_total,0.0,dbms,08-2026,couchbase-802-vanilla-ce-large-large-aws,1,ip-172-31-22-20,ranking,benchANT
2026-08-12 11:29:50+00:00,mem,huge_pages_total,0.0,dbms,08-2026,couchbase-802-vanilla-ce-large-large-aws,1,ip-172-31-22-20,ranking,benchANT
2026-08-12 11:20:00+00:00,mem,inactive,5844410368.0,dbms,08-2026,couchbase-802-vanilla-ce-large-large-aws,1,ip-172-31-22-20,ranking,benchANT
2026-08-12 11:20:10+00:00,mem,inactive,5845131264.0,dbms,08-2026,couchbase-802-vanilla-ce-large-large-aws,1,ip-172-31-22-20,ranking,benchANT
2026-08-12 11:20:20+00:00,mem,inactive,5845135360.0,dbms,08-2026,couchbase-802-vanilla-ce-large-large-aws,1,ip-172-31-22-20,ranking,benchANT
2026-08-12 11:20:30+00:00,mem,inactive,5845422080.0,dbms,08-2026,couchbase-802-vanilla-ce-large-large-aws,1,ip-172-31-22-20,ranking,benchANT
2026-08-12 11:20:40+00:00,mem,inactive,5847166976.0,dbms,08-2026,couchbase-802-vanilla-ce-large-large-aws,1,ip-172-31-22-20,ranking,benchANT
2026-08-12 11:20:50+00:00,mem,inactive,5851516928.0,dbms,08-2026,couchbase-802-vanilla-ce-large-large-aws,1,ip-172-31-22-20,ranking,benchANT
2026-08-12 11:21:00+00:00,mem,inactive,5865562112.0,dbms,08-2026,couchbase-802-vanilla-ce-large-large-aws,1,ip-172-31-22-20,ranking,benchANT
2026-08-12 11:21:10+00:00,mem,inactive,5902098432.0,dbms,08-2026,couchbase-802-vanilla-ce-large-large-aws,1,ip-172-31-22-20,ranking,benchANT
2026-08-12 11:21:20+00:00,mem,inactive,5964181504.0,dbms,08-2026,couchbase-802-vanilla-ce-large-large-aws,1,ip-172-31-22-20,ranking,benchANT
2026-08-12 11:21:30+00:00,mem,inactive,6109302784.0,dbms,08-2026,couchbase-802-vanilla-ce-large-large-aws,1,ip-172-31-22-20,ranking,benchANT
2026-08-12 11:21:40+00:00,mem,inactive,6528258048.0,dbms,08-2026,couchbase-802-vanilla-ce-large-large-aws,1,ip-172-31-22-20,ranking,benchANT
2026-08-12 11:21:50+00:00,mem,inactive,6931693568.0,dbms,08-2026,couchbase-802-vanilla-ce-large-large-aws,1,ip-172-31-22-20,ranking,benchANT
2026-08-12 11:22:00+00:00,mem,inactive,7358828544.0,dbms,08-2026,couchbase-802-vanilla-ce-large-large-aws,1,ip-172-31-22-20,ranking,benchANT
2026-08-12 11:22:10+00:00,mem,inactive,7785082880.0,dbms,08-2026,couchbase-802-vanilla-ce-large-large-aws,1,ip-172-31-22-20,ranking,benchANT
2026-08-12 11:22:20+00:00,mem,inactive,8216236032.0,dbms,08-2026,couchbase-802-vanilla-ce-large-large-aws,1,ip-172-31-22-20,ranking,benchANT
2026-08-12 11:22:30+00:00,mem,inactive,8659472384.0,dbms,08-2026,couchbase-802-vanilla-ce-large-large-aws,1,ip-172-31-22-20,ranking,benchANT
2026-08-12 11:22:40+00:00,mem,inactive,9070297088.0,dbms,08-2026,couchbase-802-vanilla-ce-large-large-aws,1,ip-172-31-22-20,ranking,benchANT
2026-08-12 11:22:50+00:00,mem,inactive,9505390592.0,dbms,08-2026,couchbase-802-vanilla-ce-large-large-aws,1,ip-172-31-22-20,ranking,benchANT
2026-08-12 11:23:00+00:00,mem,inactive,9936637952.0,dbms,08-2026,couchbase-802-vanilla-ce-large-large-aws,1,ip-172-31-22-20,ranking,benchANT
2026-08-12 11:23:10+00:00,mem,inactive,10371006464.0,dbms,08-2026,couchbase-802-vanilla-ce-large-large-aws,1,ip-172-31-22-20,ranking,benchANT
2026-08-12 11:23:20+00:00,mem,inactive,10809872384.0,dbms,08-2026,couchbase-802-vanilla-ce-large-large-aws,1,ip-172-31-22-20,ranking,benchANT
2026-08-12 11:23:30+00:00,mem,inactive,11210313728.0,dbms,08-2026,couchbase-802-vanilla-ce-large-large-aws,1,ip-172-31-22-20,ranking,benchANT
2026-08-12 11:23:40+00:00,mem,inactive,11640225792.0,dbms,08-2026,couchbase-802-vanilla-ce-large-large-aws,1,ip-172-31-22-20,ranking,benchANT
2026-08-12 11:23:50+00:00,mem,inactive,12073938944.0,dbms,08-2026,couchbase-802-vanilla-ce-large-large-aws,1,ip-172-31-22-20,ranking,benchANT
2026-08-12 11:24:00+00:00,mem,inactive,12523225088.0,dbms,08-2026,couchbase-802-vanilla-ce-large-large-aws,1,ip-172-31-22-20,ranking,benchANT
2026-08-12 11:24:10+00:00,mem,inactive,12939943936.0,dbms,08-2026,couchbase-802-vanilla-ce-large-large-aws,1,ip-172-31-22-20,ranking,benchANT
2026-08-12 11:24:20+00:00,mem,inactive,13377384448.0,dbms,08-2026,couchbase-802-vanilla-ce-large-large-aws,1,ip-172-31-22-20,ranking,benchANT
2026-08-12 11:24:30+00:00,mem,inactive,13807861760.0,dbms,08-2026,couchbase-802-vanilla-ce-large-large-aws,1,ip-172-31-22-20,ranking,benchANT
2026-08-12 11:24:40+00:00,mem,inactive,14236164096.0,dbms,08-2026,couchbase-802-vanilla-ce-large-large-aws,1,ip-172-31-22-20,ranking,benchANT
2026-08-12 11:24:50+00:00,mem,inactive,14663471104.0,dbms,08-2026,couchbase-802-vanilla-ce-large-large-aws,1,ip-172-31-22-20,ranking,benchANT
2026-08-12 11:25:00+00:00,mem,inactive,15074414592.0,dbms,08-2026,couchbase-802-vanilla-ce-large-large-aws,1,ip-172-31-22-20,ranking,benchANT
2026-08-12 11:25:10+00:00,mem,inactive,15495716864.0,dbms,08-2026,couchbase-802-vanilla-ce-large-large-aws,1,ip-172-31-22-20,ranking,benchANT
2026-08-12 11:25:20+00:00,mem,inactive,15900549120.0,dbms,08-2026,couchbase-802-vanilla-ce-large-large-aws,1,ip-172-31-22-20,ranking,benchANT
2026-08-12 11:25:30+00:00,mem,inactive,16316121088.0,dbms,08-2026,couchbase-802-vanilla-ce-large-large-aws,1,ip-172-31-22-20,ranking,benchANT
2026-08-12 11:25:40+00:00,mem,inactive,16743043072.0,dbms,08-2026,couchbase-802-vanilla-ce-large-large-aws,1,ip-172-31-22-20,ranking,benchANT
2026-08-12 11:25:50+00:00,mem,inactive,17162219520.0,dbms,08-2026,couchbase-802-vanilla-ce-large-large-aws,1,ip-172-31-22-20,ranking,benchANT
2026-08-12 11:26:00+00:00,mem,inactive,17596043264.0,dbms,08-2026,couchbase-802-vanilla-ce-large-large-aws,1,ip-172-31-22-20,ranking,benchANT
2026-08-12 11:26:10+00:00,mem,inactive,18017255424.0,dbms,08-2026,couchbase-802-vanilla-ce-large-large-aws,1,ip-172-31-22-20,ranking,benchANT
2026-08-12 11:26:20+00:00,mem,inactive,18121695232.0,dbms,08-2026,couchbase-802-vanilla-ce-large-large-aws,1,ip-172-31-22-20,ranking,benchANT
2026-08-12 11:26:30+00:00,mem,inactive,18235252736.0,dbms,08-2026,couchbase-802-vanilla-ce-large-large-aws,1,ip-172-31-22-20,ranking,benchANT
2026-08-12 11:26:40+00:00,mem,inactive,18235244544.0,dbms,08-2026,couchbase-802-vanilla-ce-large-large-aws,1,ip-172-31-22-20,ranking,benchANT
2026-08-12 11:26:50+00:00,mem,inactive,18291924992.0,dbms,08-2026,couchbase-802-vanilla-ce-large-large-aws,1,ip-172-31-22-20,ranking,benchANT
2026-08-12 11:27:00+00:00,mem,inactive,18291269632.0,dbms,08-2026,couchbase-802-vanilla-ce-large-large-aws,1,ip-172-31-22-20,ranking,benchANT
2026-08-12 11:27:10+00:00,mem,inactive,18323865600.0,dbms,08-2026,couchbase-802-vanilla-ce-large-large-aws,1,ip-172-31-22-20,ranking,benchANT
2026-08-12 11:27:20+00:00,mem,inactive,18348273664.0,dbms,08-2026,couchbase-802-vanilla-ce-large-large-aws,1,ip-172-31-22-20,ranking,benchANT
2026-08-12 11:27:30+00:00,mem,inactive,18268778496.0,dbms,08-2026,couchbase-802-vanilla-ce-large-large-aws,1,ip-172-31-22-20,ranking,benchANT
2026-08-12 11:27:40+00:00,mem,inactive,18317869056.0,dbms,08-2026,couchbase-802-vanilla-ce-large-large-aws,1,ip-172-31-22-20,ranking,benchANT
2026-08-12 11:27:50+00:00,mem,inactive,18195496960.0,dbms,08-2026,couchbase-802-vanilla-ce-large-large-aws,1,ip-172-31-22-20,ranking,benchANT
2026-08-12 11:28:00+00:00,mem,inactive,18207559680.0,dbms,08-2026,couchbase-802-vanilla-ce-large-large-aws,1,ip-172-31-22-20,ranking,benchANT
2026-08-12 11:28:10+00:00,mem,inactive,18151108608.0,dbms,08-2026,couchbase-802-vanilla-ce-large-large-aws,1,ip-172-31-22-20,ranking,benchANT
2026-08-12 11:28:20+00:00,mem,inactive,18013769728.0,dbms,08-2026,couchbase-802-vanilla-ce-large-large-aws,1,ip-172-31-22-20,ranking,benchANT
2026-08-12 11:28:30+00:00,mem,inactive,18036539392.0,dbms,08-2026,couchbase-802-vanilla-ce-large-large-aws,1,ip-172-31-22-20,ranking,benchANT
2026-08-12 11:28:40+00:00,mem,inactive,17974288384.0,dbms,08-2026,couchbase-802-vanilla-ce-large-large-aws,1,ip-172-31-22-20,ranking,benchANT
2026-08-12 11:28:50+00:00,mem,inactive,17901821952.0,dbms,08-2026,couchbase-802-vanilla-ce-large-large-aws,1,ip-172-31-22-20,ranking,benchANT
2026-08-12 11:29:00+00:00,mem,inactive,17928491008.0,dbms,08-2026,couchbase-802-vanilla-ce-large-large-aws,1,ip-172-31-22-20,ranking,benchANT
2026-08-12 11:29:10+00:00,mem,inactive,17807753216.0,dbms,08-2026,couchbase-802-vanilla-ce-large-large-aws,1,ip-172-31-22-20,ranking,benchANT
2026-08-12 11:29:20+00:00,mem,inactive,17828175872.0,dbms,08-2026,couchbase-802-vanilla-ce-large-large-aws,1,ip-172-31-22-20,ranking,benchANT
2026-08-12 11:29:30+00:00,mem,inactive,17723695104.0,dbms,08-2026,couchbase-802-vanilla-ce-large-large-aws,1,ip-172-31-22-20,ranking,benchANT
2026-08-12 11:29:40+00:00,mem,inactive,17734803456.0,dbms,08-2026,couchbase-802-vanilla-ce-large-large-aws,1,ip-172-31-22-20,ranking,benchANT
2026-08-12 11:29:50+00:00,mem,inactive,17734877184.0,dbms,08-2026,couchbase-802-vanilla-ce-large-large-aws,1,ip-172-31-22-20,ranking,benchANT
2026-08-12 11:20:00+00:00,mem,low_free,0.0,dbms,08-2026,couchbase-802-vanilla-ce-large-large-aws,1,ip-172-31-22-20,ranking,benchANT
2026-08-12 11:20:10+00:00,mem,low_free,0.0,dbms,08-2026,couchbase-802-vanilla-ce-large-large-aws,1,ip-172-31-22-20,ranking,benchANT
2026-08-12 11:20:20+00:00,mem,low_free,0.0,dbms,08-2026,couchbase-802-vanilla-ce-large-large-aws,1,ip-172-31-22-20,ranking,benchANT
2026-08-12 11:20:30+00:00,mem,low_free,0.0,dbms,08-2026,couchbase-802-vanilla-ce-large-large-aws,1,ip-172-31-22-20,ranking,benchANT
2026-08-12 11:20:40+00:00,mem,low_free,0.0,dbms,08-2026,couchbase-802-vanilla-ce-large-large-aws,1,ip-172-31-22-20,ranking,benchANT
2026-08-12 11:20:50+00:00,mem,low_free,0.0,dbms,08-2026,couchbase-802-vanilla-ce-large-large-aws,1,ip-172-31-22-20,ranking,benchANT
2026-08-12 11:21:00+00:00,mem,low_free,0.0,dbms,08-2026,couchbase-802-vanilla-ce-large-large-aws,1,ip-172-31-22-20,ranking,benchANT
2026-08-12 11:21:10+00:00,mem,low_free,0.0,dbms,08-2026,couchbase-802-vanilla-ce-large-large-aws,1,ip-172-31-22-20,ranking,benchANT
2026-08-12 11:21:20+00:00,mem,low_free,0.0,dbms,08-2026,couchbase-802-vanilla-ce-large-large-aws,1,ip-172-31-22-20,ranking,benchANT
2026-08-12 11:21:30+00:00,mem,low_free,0.0,dbms,08-2026,couchbase-802-vanilla-ce-large-large-aws,1,ip-172-31-22-20,ranking,benchANT
2026-08-12 11:21:40+00:00,mem,low_free,0.0,dbms,08-2026,couchbase-802-vanilla-ce-large-large-aws,1,ip-172-31-22-20,ranking,benchANT
2026-08-12 11:21:50+00:00,mem,low_free,0.0,dbms,08-2026,couchbase-802-vanilla-ce-large-large-aws,1,ip-172-31-22-20,ranking,benchANT
2026-08-12 11:22:00+00:00,mem,low_free,0.0,dbms,08-2026,couchbase-802-vanilla-ce-large-large-aws,1,ip-172-31-22-20,ranking,benchANT
2026-08-12 11:22:10+00:00,mem,low_free,0.0,dbms,08-2026,couchbase-802-vanilla-ce-large-large-aws,1,ip-172-31-22-20,ranking,benchANT
2026-08-12 11:22:20+00:00,mem,low_free,0.0,dbms,08-2026,couchbase-802-vanilla-ce-large-large-aws,1,ip-172-31-22-20,ranking,benchANT
2026-08-12 11:22:30+00:00,mem,low_free,0.0,dbms,08-2026,couchbase-802-vanilla-ce-large-large-aws,1,ip-172-31-22-20,ranking,benchANT
2026-08-12 11:22:40+00:00,mem,low_free,0.0,dbms,08-2026,couchbase-802-vanilla-ce-large-large-aws,1,ip-172-31-22-20,ranking,benchANT
2026-08-12 11:22:50+00:00,mem,low_free,0.0,dbms,08-2026,couchbase-802-vanilla-ce-large-large-aws,1,ip-172-31-22-20,ranking,benchANT
2026-08-12 11:23:00+00:00,mem,low_free,0.0,dbms,08-2026,couchbase-802-vanilla-ce-large-large-aws,1,ip-172-31-22-20,ranking,benchANT
2026-08-12 11:23:10+00:00,mem,low_free,0.0,dbms,08-2026,couchbase-802-vanilla-ce-large-large-aws,1,ip-172-31-22-20,ranking,benchANT
2026-08-12 11:23:20+00:00,mem,low_free,0.0,dbms,08-2026,couchbase-802-vanilla-ce-large-large-aws,1,ip-172-31-22-20,ranking,benchANT
2026-08-12 11:23:30+00:00,mem,low_free,0.0,dbms,08-2026,couchbase-802-vanilla-ce-large-large-aws,1,ip-172-31-22-20,ranking,benchANT
2026-08-12 11:23:40+00:00,mem,low_free,0.0,dbms,08-2026,couchbase-802-vanilla-ce-large-large-aws,1,ip-172-31-22-20,ranking,benchANT
2026-08-12 11:23:50+00:00,mem,low_free,0.0,dbms,08-2026,couchbase-802-vanilla-ce-large-large-aws,1,ip-172-31-22-20,ranking,benchANT
2026-08-12 11:24:00+00:00,mem,low_free,0.0,dbms,08-2026,couchbase-802-vanilla-ce-large-large-aws,1,ip-172-31-22-20,ranking,benchANT
2026-08-12 11:24:10+00:00,mem,low_free,0.0,dbms,08-2026,couchbase-802-vanilla-ce-large-large-aws,1,ip-172-31-22-20,ranking,benchANT
2026-08-12 11:24:20+00:00,mem,low_free,0.0,dbms,08-2026,couchbase-802-vanilla-ce-large-large-aws,1,ip-172-31-22-20,ranking,benchANT
2026-08-12 11:24:30+00:00,mem,low_free,0.0,dbms,08-2026,couchbase-802-vanilla-ce-large-large-aws,1,ip-172-31-22-20,ranking,benchANT
2026-08-12 11:24:40+00:00,mem,low_free,0.0,dbms,08-2026,couchbase-802-vanilla-ce-large-large-aws,1,ip-172-31-22-20,ranking,benchANT
2026-08-12 11:24:50+00:00,mem,low_free,0.0,dbms,08-2026,couchbase-802-vanilla-ce-large-large-aws,1,ip-172-31-22-20,ranking,benchANT
2026-08-12 11:25:00+00:00,mem,low_free,0.0,dbms,08-2026,couchbase-802-vanilla-ce-large-large-aws,1,ip-172-31-22-20,ranking,benchANT
2026-08-12 11:25:10+00:00,mem,low_free,0.0,dbms,08-2026,couchbase-802-vanilla-ce-large-large-aws,1,ip-172-31-22-20,ranking,benchANT
2026-08-12 11:25:20+00:00,mem,low_free,0.0,dbms,08-2026,couchbase-802-vanilla-ce-large-large-aws,1,ip-172-31-22-20,ranking,benchANT
2026-08-12 11:25:30+00:00,mem,low_free,0.0,dbms,08-2026,couchbase-802-vanilla-ce-large-large-aws,1,ip-172-31-22-20,ranking,benchANT
2026-08-12 11:25:40+00:00,mem,low_free,0.0,dbms,08-2026,couchbase-802-vanilla-ce-large-large-aws,1,ip-172-31-22-20,ranking,benchANT
2026-08-12 11:25:50+00:00,mem,low_free,0.0,dbms,08-2026,couchbase-802-vanilla-ce-large-large-aws,1,ip-172-31-22-20,ranking,benchANT
2026-08-12 11:26:00+00:00,mem,low_free,0.0,dbms,08-2026,couchbase-802-vanilla-ce-large-large-aws,1,ip-172-31-22-20,ranking,benchANT
2026-08-12 11:26:10+00:00,mem,low_free,0.0,dbms,08-2026,couchbase-802-vanilla-ce-large-large-aws,1,ip-172-31-22-20,ranking,benchANT
2026-08-12 11:26:20+00:00,mem,low_free,0.0,dbms,08-2026,couchbase-802-vanilla-ce-large-large-aws,1,ip-172-31-22-20,ranking,benchANT
2026-08-12 11:26:30+00:00,mem,low_free,0.0,dbms,08-2026,couchbase-802-vanilla-ce-large-large-aws,1,ip-172-31-22-20,ranking,benchANT
2026-08-12 11:26:40+00:00,mem,low_free,0.0,dbms,08-2026,couchbase-802-vanilla-ce-large-large-aws,1,ip-172-31-22-20,ranking,benchANT
2026-08-12 11:26:50+00:00,mem,low_free,0.0,dbms,08-2026,couchbase-802-vanilla-ce-large-large-aws,1,ip-172-31-22-20,ranking,benchANT
2026-08-12 11:27:00+00:00,mem,low_free,0.0,dbms,08-2026,couchbase-802-vanilla-ce-large-large-aws,1,ip-172-31-22-20,ranking,benchANT
2026-08-12 11:27:10+00:00,mem,low_free,0.0,dbms,08-2026,couchbase-802-vanilla-ce-large-large-aws,1,ip-172-31-22-20,ranking,benchANT
2026-08-12 11:27:20+00:00,mem,low_free,0.0,dbms,08-2026,couchbase-802-vanilla-ce-large-large-aws,1,ip-172-31-22-20,ranking,benchANT
2026-08-12 11:27:30+00:00,mem,low_free,0.0,dbms,08-2026,couchbase-802-vanilla-ce-large-large-aws,1,ip-172-31-22-20,ranking,benchANT
2026-08-12 11:27:40+00:00,mem,low_free,0.0,dbms,08-2026,couchbase-802-vanilla-ce-large-large-aws,1,ip-172-31-22-20,ranking,benchANT
2026-08-12 11:27:50+00:00,mem,low_free,0.0,dbms,08-2026,couchbase-802-vanilla-ce-large-large-aws,1,ip-172-31-22-20,ranking,benchANT
2026-08-12 11:28:00+00:00,mem,low_free,0.0,dbms,08-2026,couchbase-802-vanilla-ce-large-large-aws,1,ip-172-31-22-20,ranking,benchANT
2026-08-12 11:28:10+00:00,mem,low_free,0.0,dbms,08-2026,couchbase-802-vanilla-ce-large-large-aws,1,ip-172-31-22-20,ranking,benchANT
2026-08-12 11:28:20+00:00,mem,low_free,0.0,dbms,08-2026,couchbase-802-vanilla-ce-large-large-aws,1,ip-172-31-22-20,ranking,benchANT
2026-08-12 11:28:30+00:00,mem,low_free,0.0,dbms,08-2026,couchbase-802-vanilla-ce-large-large-aws,1,ip-172-31-22-20,ranking,benchANT
2026-08-12 11:28:40+00:00,mem,low_free,0.0,dbms,08-2026,couchbase-802-vanilla-ce-large-large-aws,1,ip-172-31-22-20,ranking,benchANT
2026-08-12 11:28:50+00:00,mem,low_free,0.0,dbms,08-2026,couchbase-802-vanilla-ce-large-large-aws,1,ip-172-31-22-20,ranking,benchANT
2026-08-12 11:29:00+00:00,mem,low_free,0.0,dbms,08-2026,couchbase-802-vanilla-ce-large-large-aws,1,ip-172-31-22-20,ranking,benchANT
2026-08-12 11:29:10+00:00,mem,low_free,0.0,dbms,08-2026,couchbase-802-vanilla-ce-large-large-aws,1,ip-172-31-22-20,ranking,benchANT
2026-08-12 11:29:20+00:00,mem,low_free,0.0,dbms,08-2026,couchbase-802-vanilla-ce-large-large-aws,1,ip-172-31-22-20,ranking,benchANT
2026-08-12 11:29:30+00:00,mem,low_free,0.0,dbms,08-2026,couchbase-802-vanilla-ce-large-large-aws,1,ip-172-31-22-20,ranking,benchANT
2026-08-12 11:29:40+00:00,mem,low_free,0.0,dbms,08-2026,couchbase-802-vanilla-ce-large-large-aws,1,ip-172-31-22-20,ranking,benchANT
2026-08-12 11:29:50+00:00,mem,low_free,0.0,dbms,08-2026,couchbase-802-vanilla-ce-large-large-aws,1,ip-172-31-22-20,ranking,benchANT
2026-08-12 11:20:00+00:00,mem,low_total,0.0,dbms,08-2026,couchbase-802-vanilla-ce-large-large-aws,1,ip-172-31-22-20,ranking,benchANT
2026-08-12 11:20:10+00:00,mem,low_total,0.0,dbms,08-2026,couchbase-802-vanilla-ce-large-large-aws,1,ip-172-31-22-20,ranking,benchANT
2026-08-12 11:20:20+00:00,mem,low_total,0.0,dbms,08-2026,couchbase-802-vanilla-ce-large-large-aws,1,ip-172-31-22-20,ranking,benchANT
2026-08-12 11:20:30+00:00,mem,low_total,0.0,dbms,08-2026,couchbase-802-vanilla-ce-large-large-aws,1,ip-172-31-22-20,ranking,benchANT
2026-08-12 11:20:40+00:00,mem,low_total,0.0,dbms,08-2026,couchbase-802-vanilla-ce-large-large-aws,1,ip-172-31-22-20,ranking,benchANT
2026-08-12 11:20:50+00:00,mem,low_total,0.0,dbms,08-2026,couchbase-802-vanilla-ce-large-large-aws,1,ip-172-31-22-20,ranking,benchANT
2026-08-12 11:21:00+00:00,mem,low_total,0.0,dbms,08-2026,couchbase-802-vanilla-ce-large-large-aws,1,ip-172-31-22-20,ranking,benchANT
2026-08-12 11:21:10+00:00,mem,low_total,0.0,dbms,08-2026,couchbase-802-vanilla-ce-large-large-aws,1,ip-172-31-22-20,ranking,benchANT
2026-08-12 11:21:20+00:00,mem,low_total,0.0,dbms,08-2026,couchbase-802-vanilla-ce-large-large-aws,1,ip-172-31-22-20,ranking,benchANT
2026-08-12 11:21:30+00:00,mem,low_total,0.0,dbms,08-2026,couchbase-802-vanilla-ce-large-large-aws,1,ip-172-31-22-20,ranking,benchANT
2026-08-12 11:21:40+00:00,mem,low_total,0.0,dbms,08-2026,couchbase-802-vanilla-ce-large-large-aws,1,ip-172-31-22-20,ranking,benchANT
2026-08-12 11:21:50+00:00,mem,low_total,0.0,dbms,08-2026,couchbase-802-vanilla-ce-large-large-aws,1,ip-172-31-22-20,ranking,benchANT
2026-08-12 11:22:00+00:00,mem,low_total,0.0,dbms,08-2026,couchbase-802-vanilla-ce-large-large-aws,1,ip-172-31-22-20,ranking,benchANT
2026-08-12 11:22:10+00:00,mem,low_total,0.0,dbms,08-2026,couchbase-802-vanilla-ce-large-large-aws,1,ip-172-31-22-20,ranking,benchANT
2026-08-12 11:22:20+00:00,mem,low_total,0.0,dbms,08-2026,couchbase-802-vanilla-ce-large-large-aws,1,ip-172-31-22-20,ranking,benchANT
2026-08-12 11:22:30+00:00,mem,low_total,0.0,dbms,08-2026,couchbase-802-vanilla-ce-large-large-aws,1,ip-172-31-22-20,ranking,benchANT
2026-08-12 11:22:40+00:00,mem,low_total,0.0,dbms,08-2026,couchbase-802-vanilla-ce-large-large-aws,1,ip-172-31-22-20,ranking,benchANT
2026-08-12 11:22:50+00:00,mem,low_total,0.0,dbms,08-2026,couchbase-802-vanilla-ce-large-large-aws,1,ip-172-31-22-20,ranking,benchANT
2026-08-12 11:23:00+00:00,mem,low_total,0.0,dbms,08-2026,couchbase-802-vanilla-ce-large-large-aws,1,ip-172-31-22-20,ranking,benchANT
2026-08-12 11:23:10+00:00,mem,low_total,0.0,dbms,08-2026,couchbase-802-vanilla-ce-large-large-aws,1,ip-172-31-22-20,ranking,benchANT
2026-08-12 11:23:20+00:00,mem,low_total,0.0,dbms,08-2026,couchbase-802-vanilla-ce-large-large-aws,1,ip-172-31-22-20,ranking,benchANT
2026-08-12 11:23:30+00:00,mem,low_total,0.0,dbms,08-2026,couchbase-802-vanilla-ce-large-large-aws,1,ip-172-31-22-20,ranking,benchANT
2026-08-12 11:23:40+00:00,mem,low_total,0.0,dbms,08-2026,couchbase-802-vanilla-ce-large-large-aws,1,ip-172-31-22-20,ranking,benchANT
2026-08-12 11:23:50+00:00,mem,low_total,0.0,dbms,08-2026,couchbase-802-vanilla-ce-large-large-aws,1,ip-172-31-22-20,ranking,benchANT
2026-08-12 11:24:00+00:00,mem,low_total,0.0,dbms,08-2026,couchbase-802-vanilla-ce-large-large-aws,1,ip-172-31-22-20,ranking,benchANT
2026-08-12 11:24:10+00:00,mem,low_total,0.0,dbms,08-2026,couchbase-802-vanilla-ce-large-large-aws,1,ip-172-31-22-20,ranking,benchANT
2026-08-12 11:24:20+00:00,mem,low_total,0.0,dbms,08-2026,couchbase-802-vanilla-ce-large-large-aws,1,ip-172-31-22-20,ranking,benchANT
2026-08-12 11:24:30+00:00,mem,low_total,0.0,dbms,08-2026,couchbase-802-vanilla-ce-large-large-aws,1,ip-172-31-22-20,ranking,benchANT
2026-08-12 11:24:40+00:00,mem,low_total,0.0,dbms,08-2026,couchbase-802-vanilla-ce-large-large-aws,1,ip-172-31-22-20,ranking,benchANT
2026-08-12 11:24:50+00:00,mem,low_total,0.0,dbms,08-2026,couchbase-802-vanilla-ce-large-large-aws,1,ip-172-31-22-20,ranking,benchANT
2026-08-12 11:25:00+00:00,mem,low_total,0.0,dbms,08-2026,couchbase-802-vanilla-ce-large-large-aws,1,ip-172-31-22-20,ranking,benchANT
2026-08-12 11:25:10+00:00,mem,low_total,0.0,dbms,08-2026,couchbase-802-vanilla-ce-large-large-aws,1,ip-172-31-22-20,ranking,benchANT
2026-08-12 11:25:20+00:00,mem,low_total,0.0,dbms,08-2026,couchbase-802-vanilla-ce-large-large-aws,1,ip-172-31-22-20,ranking,benchANT
2026-08-12 11:25:30+00:00,mem,low_total,0.0,dbms,08-2026,couchbase-802-vanilla-ce-large-large-aws,1,ip-172-31-22-20,ranking,benchANT
2026-08-12 11:25:40+00:00,mem,low_total,0.0,dbms,08-2026,couchbase-802-vanilla-ce-large-large-aws,1,ip-172-31-22-20,ranking,benchANT
2026-08-12 11:25:50+00:00,mem,low_total,0.0,dbms,08-2026,couchbase-802-vanilla-ce-large-large-aws,1,ip-172-31-22-20,ranking,benchANT
2026-08-12 11:26:00+00:00,mem,low_total,0.0,dbms,08-2026,couchbase-802-vanilla-ce-large-large-aws,1,ip-172-31-22-20,ranking,benchANT
2026-08-12 11:26:10+00:00,mem,low_total,0.0,dbms,08-2026,couchbase-802-vanilla-ce-large-large-aws,1,ip-172-31-22-20,ranking,benchANT
2026-08-12 11:26:20+00:00,mem,low_total,0.0,dbms,08-2026,couchbase-802-vanilla-ce-large-large-aws,1,ip-172-31-22-20,ranking,benchANT
2026-08-12 11:26:30+00:00,mem,low_total,0.0,dbms,08-2026,couchbase-802-vanilla-ce-large-large-aws,1,ip-172-31-22-20,ranking,benchANT
2026-08-12 11:26:40+00:00,mem,low_total,0.0,dbms,08-2026,couchbase-802-vanilla-ce-large-large-aws,1,ip-172-31-22-20,ranking,benchANT
2026-08-12 11:26:50+00:00,mem,low_total,0.0,dbms,08-2026,couchbase-802-vanilla-ce-large-large-aws,1,ip-172-31-22-20,ranking,benchANT
2026-08-12 11:27:00+00:00,mem,low_total,0.0,dbms,08-2026,couchbase-802-vanilla-ce-large-large-aws,1,ip-172-31-22-20,ranking,benchANT
2026-08-12 11:27:10+00:00,mem,low_total,0.0,dbms,08-2026,couchbase-802-vanilla-ce-large-large-aws,1,ip-172-31-22-20,ranking,benchANT
2026-08-12 11:27:20+00:00,mem,low_total,0.0,dbms,08-2026,couchbase-802-vanilla-ce-large-large-aws,1,ip-172-31-22-20,ranking,benchANT
2026-08-12 11:27:30+00:00,mem,low_total,0.0,dbms,08-2026,couchbase-802-vanilla-ce-large-large-aws,1,ip-172-31-22-20,ranking,benchANT
2026-08-12 11:27:40+00:00,mem,low_total,0.0,dbms,08-2026,couchbase-802-vanilla-ce-large-large-aws,1,ip-172-31-22-20,ranking,benchANT
2026-08-12 11:27:50+00:00,mem,low_total,0.0,dbms,08-2026,couchbase-802-vanilla-ce-large-large-aws,1,ip-172-31-22-20,ranking,benchANT
2026-08-12 11:28:00+00:00,mem,low_total,0.0,dbms,08-2026,couchbase-802-vanilla-ce-large-large-aws,1,ip-172-31-22-20,ranking,benchANT
2026-08-12 11:28:10+00:00,mem,low_total,0.0,dbms,08-2026,couchbase-802-vanilla-ce-large-large-aws,1,ip-172-31-22-20,ranking,benchANT
2026-08-12 11:28:20+00:00,mem,low_total,0.0,dbms,08-2026,couchbase-802-vanilla-ce-large-large-aws,1,ip-172-31-22-20,ranking,benchANT
2026-08-12 11:28:30+00:00,mem,low_total,0.0,dbms,08-2026,couchbase-802-vanilla-ce-large-large-aws,1,ip-172-31-22-20,ranking,benchANT
2026-08-12 11:28:40+00:00,mem,low_total,0.0,dbms,08-2026,couchbase-802-vanilla-ce-large-large-aws,1,ip-172-31-22-20,ranking,benchANT
2026-08-12 11:28:50+00:00,mem,low_total,0.0,dbms,08-2026,couchbase-802-vanilla-ce-large-large-aws,1,ip-172-31-22-20,ranking,benchANT
2026-08-12 11:29:00+00:00,mem,low_total,0.0,dbms,08-2026,couchbase-802-vanilla-ce-large-large-aws,1,ip-172-31-22-20,ranking,benchANT
2026-08-12 11:29:10+00:00,mem,low_total,0.0,dbms,08-2026,couchbase-802-vanilla-ce-large-large-aws,1,ip-172-31-22-20,ranking,benchANT
2026-08-12 11:29:20+00:00,mem,low_total,0.0,dbms,08-2026,couchbase-802-vanilla-ce-large-large-aws,1,ip-172-31-22-20,ranking,benchANT
2026-08-12 11:29:30+00:00,mem,low_total,0.0,dbms,08-2026,couchbase-802-vanilla-ce-large-large-aws,1,ip-172-31-22-20,ranking,benchANT
2026-08-12 11:29:40+00:00,mem,low_total,0.0,dbms,08-2026,couchbase-802-vanilla-ce-large-large-aws,1,ip-172-31-22-20,ranking,benchANT
2026-08-12 11:29:50+00:00,mem,low_total,0.0,dbms,08-2026,couchbase-802-vanilla-ce-large-large-aws,1,ip-172-31-22-20,ranking,benchANT
2026-08-12 11:20:00+00:00,mem,mapped,322015232.0,dbms,08-2026,couchbase-802-vanilla-ce-large-large-aws,1,ip-172-31-22-20,ranking,benchANT
2026-08-12 11:20:10+00:00,mem,mapped,322215936.0,dbms,08-2026,couchbase-802-vanilla-ce-large-large-aws,1,ip-172-31-22-20,ranking,benchANT
2026-08-12 11:20:20+00:00,mem,mapped,322080768.0,dbms,08-2026,couchbase-802-vanilla-ce-large-large-aws,1,ip-172-31-22-20,ranking,benchANT
2026-08-12 11:20:30+00:00,mem,mapped,322080768.0,dbms,08-2026,couchbase-802-vanilla-ce-large-large-aws,1,ip-172-31-22-20,ranking,benchANT
2026-08-12 11:20:40+00:00,mem,mapped,322080768.0,dbms,08-2026,couchbase-802-vanilla-ce-large-large-aws,1,ip-172-31-22-20,ranking,benchANT
2026-08-12 11:20:50+00:00,mem,mapped,322080768.0,dbms,08-2026,couchbase-802-vanilla-ce-large-large-aws,1,ip-172-31-22-20,ranking,benchANT
2026-08-12 11:21:00+00:00,mem,mapped,322080768.0,dbms,08-2026,couchbase-802-vanilla-ce-large-large-aws,1,ip-172-31-22-20,ranking,benchANT
2026-08-12 11:21:10+00:00,mem,mapped,322080768.0,dbms,08-2026,couchbase-802-vanilla-ce-large-large-aws,1,ip-172-31-22-20,ranking,benchANT
2026-08-12 11:21:20+00:00,mem,mapped,322084864.0,dbms,08-2026,couchbase-802-vanilla-ce-large-large-aws,1,ip-172-31-22-20,ranking,benchANT
2026-08-12 11:21:30+00:00,mem,mapped,322084864.0,dbms,08-2026,couchbase-802-vanilla-ce-large-large-aws,1,ip-172-31-22-20,ranking,benchANT
2026-08-12 11:21:40+00:00,mem,mapped,322084864.0,dbms,08-2026,couchbase-802-vanilla-ce-large-large-aws,1,ip-172-31-22-20,ranking,benchANT
2026-08-12 11:21:50+00:00,mem,mapped,322084864.0,dbms,08-2026,couchbase-802-vanilla-ce-large-large-aws,1,ip-172-31-22-20,ranking,benchANT
2026-08-12 11:22:00+00:00,mem,mapped,322084864.0,dbms,08-2026,couchbase-802-vanilla-ce-large-large-aws,1,ip-172-31-22-20,ranking,benchANT
2026-08-12 11:22:10+00:00,mem,mapped,322084864.0,dbms,08-2026,couchbase-802-vanilla-ce-large-large-aws,1,ip-172-31-22-20,ranking,benchANT
2026-08-12 11:22:20+00:00,mem,mapped,322084864.0,dbms,08-2026,couchbase-802-vanilla-ce-large-large-aws,1,ip-172-31-22-20,ranking,benchANT
2026-08-12 11:22:30+00:00,mem,mapped,322084864.0,dbms,08-2026,couchbase-802-vanilla-ce-large-large-aws,1,ip-172-31-22-20,ranking,benchANT
2026-08-12 11:22:40+00:00,mem,mapped,322084864.0,dbms,08-2026,couchbase-802-vanilla-ce-large-large-aws,1,ip-172-31-22-20,ranking,benchANT
2026-08-12 11:22:50+00:00,mem,mapped,322084864.0,dbms,08-2026,couchbase-802-vanilla-ce-large-large-aws,1,ip-172-31-22-20,ranking,benchANT
2026-08-12 11:23:00+00:00,mem,mapped,322084864.0,dbms,08-2026,couchbase-802-vanilla-ce-large-large-aws,1,ip-172-31-22-20,ranking,benchANT
2026-08-12 11:23:10+00:00,mem,mapped,322084864.0,dbms,08-2026,couchbase-802-vanilla-ce-large-large-aws,1,ip-172-31-22-20,ranking,benchANT
2026-08-12 11:23:20+00:00,mem,mapped,322084864.0,dbms,08-2026,couchbase-802-vanilla-ce-large-large-aws,1,ip-172-31-22-20,ranking,benchANT
2026-08-12 11:23:30+00:00,mem,mapped,322084864.0,dbms,08-2026,couchbase-802-vanilla-ce-large-large-aws,1,ip-172-31-22-20,ranking,benchANT
2026-08-12 11:23:40+00:00,mem,mapped,322084864.0,dbms,08-2026,couchbase-802-vanilla-ce-large-large-aws,1,ip-172-31-22-20,ranking,benchANT
2026-08-12 11:23:50+00:00,mem,mapped,322084864.0,dbms,08-2026,couchbase-802-vanilla-ce-large-large-aws,1,ip-172-31-22-20,ranking,benchANT
2026-08-12 11:24:00+00:00,mem,mapped,322084864.0,dbms,08-2026,couchbase-802-vanilla-ce-large-large-aws,1,ip-172-31-22-20,ranking,benchANT
2026-08-12 11:24:10+00:00,mem,mapped,322084864.0,dbms,08-2026,couchbase-802-vanilla-ce-large-large-aws,1,ip-172-31-22-20,ranking,benchANT
2026-08-12 11:24:20+00:00,mem,mapped,322150400.0,dbms,08-2026,couchbase-802-vanilla-ce-large-large-aws,1,ip-172-31-22-20,ranking,benchANT
2026-08-12 11:24:30+00:00,mem,mapped,322150400.0,dbms,08-2026,couchbase-802-vanilla-ce-large-large-aws,1,ip-172-31-22-20,ranking,benchANT
2026-08-12 11:24:40+00:00,mem,mapped,322150400.0,dbms,08-2026,couchbase-802-vanilla-ce-large-large-aws,1,ip-172-31-22-20,ranking,benchANT
2026-08-12 11:24:50+00:00,mem,mapped,322150400.0,dbms,08-2026,couchbase-802-vanilla-ce-large-large-aws,1,ip-172-31-22-20,ranking,benchANT
2026-08-12 11:25:00+00:00,mem,mapped,322150400.0,dbms,08-2026,couchbase-802-vanilla-ce-large-large-aws,1,ip-172-31-22-20,ranking,benchANT
2026-08-12 11:25:10+00:00,mem,mapped,322150400.0,dbms,08-2026,couchbase-802-vanilla-ce-large-large-aws,1,ip-172-31-22-20,ranking,benchANT
2026-08-12 11:25:20+00:00,mem,mapped,322150400.0,dbms,08-2026,couchbase-802-vanilla-ce-large-large-aws,1,ip-172-31-22-20,ranking,benchANT
2026-08-12 11:25:30+00:00,mem,mapped,322150400.0,dbms,08-2026,couchbase-802-vanilla-ce-large-large-aws,1,ip-172-31-22-20,ranking,benchANT
2026-08-12 11:25:40+00:00,mem,mapped,322150400.0,dbms,08-2026,couchbase-802-vanilla-ce-large-large-aws,1,ip-172-31-22-20,ranking,benchANT
2026-08-12 11:25:50+00:00,mem,mapped,315424768.0,dbms,08-2026,couchbase-802-vanilla-ce-large-large-aws,1,ip-172-31-22-20,ranking,benchANT
2026-08-12 11:26:00+00:00,mem,mapped,315031552.0,dbms,08-2026,couchbase-802-vanilla-ce-large-large-aws,1,ip-172-31-22-20,ranking,benchANT
2026-08-12 11:26:10+00:00,mem,mapped,313647104.0,dbms,08-2026,couchbase-802-vanilla-ce-large-large-aws,1,ip-172-31-22-20,ranking,benchANT
2026-08-12 11:26:20+00:00,mem,mapped,314327040.0,dbms,08-2026,couchbase-802-vanilla-ce-large-large-aws,1,ip-172-31-22-20,ranking,benchANT
2026-08-12 11:26:30+00:00,mem,mapped,314212352.0,dbms,08-2026,couchbase-802-vanilla-ce-large-large-aws,1,ip-172-31-22-20,ranking,benchANT
2026-08-12 11:26:40+00:00,mem,mapped,313245696.0,dbms,08-2026,couchbase-802-vanilla-ce-large-large-aws,1,ip-172-31-22-20,ranking,benchANT
2026-08-12 11:26:50+00:00,mem,mapped,313311232.0,dbms,08-2026,couchbase-802-vanilla-ce-large-large-aws,1,ip-172-31-22-20,ranking,benchANT
2026-08-12 11:27:00+00:00,mem,mapped,313372672.0,dbms,08-2026,couchbase-802-vanilla-ce-large-large-aws,1,ip-172-31-22-20,ranking,benchANT
2026-08-12 11:27:10+00:00,mem,mapped,313159680.0,dbms,08-2026,couchbase-802-vanilla-ce-large-large-aws,1,ip-172-31-22-20,ranking,benchANT
2026-08-12 11:27:20+00:00,mem,mapped,313102336.0,dbms,08-2026,couchbase-802-vanilla-ce-large-large-aws,1,ip-172-31-22-20,ranking,benchANT
2026-08-12 11:27:30+00:00,mem,mapped,313077760.0,dbms,08-2026,couchbase-802-vanilla-ce-large-large-aws,1,ip-172-31-22-20,ranking,benchANT
2026-08-12 11:27:40+00:00,mem,mapped,313131008.0,dbms,08-2026,couchbase-802-vanilla-ce-large-large-aws,1,ip-172-31-22-20,ranking,benchANT
2026-08-12 11:27:50+00:00,mem,mapped,313131008.0,dbms,08-2026,couchbase-802-vanilla-ce-large-large-aws,1,ip-172-31-22-20,ranking,benchANT
2026-08-12 11:28:00+00:00,mem,mapped,313131008.0,dbms,08-2026,couchbase-802-vanilla-ce-large-large-aws,1,ip-172-31-22-20,ranking,benchANT
2026-08-12 11:28:10+00:00,mem,mapped,311771136.0,dbms,08-2026,couchbase-802-vanilla-ce-large-large-aws,1,ip-172-31-22-20,ranking,benchANT
2026-08-12 11:28:20+00:00,mem,mapped,311930880.0,dbms,08-2026,couchbase-802-vanilla-ce-large-large-aws,1,ip-172-31-22-20,ranking,benchANT
2026-08-12 11:28:30+00:00,mem,mapped,311930880.0,dbms,08-2026,couchbase-802-vanilla-ce-large-large-aws,1,ip-172-31-22-20,ranking,benchANT
2026-08-12 11:28:40+00:00,mem,mapped,311992320.0,dbms,08-2026,couchbase-802-vanilla-ce-large-large-aws,1,ip-172-31-22-20,ranking,benchANT
2026-08-12 11:28:50+00:00,mem,mapped,311689216.0,dbms,08-2026,couchbase-802-vanilla-ce-large-large-aws,1,ip-172-31-22-20,ranking,benchANT
2026-08-12 11:29:00+00:00,mem,mapped,311689216.0,dbms,08-2026,couchbase-802-vanilla-ce-large-large-aws,1,ip-172-31-22-20,ranking,benchANT
2026-08-12 11:29:10+00:00,mem,mapped,311689216.0,dbms,08-2026,couchbase-802-vanilla-ce-large-large-aws,1,ip-172-31-22-20,ranking,benchANT
2026-08-12 11:29:20+00:00,mem,mapped,311689216.0,dbms,08-2026,couchbase-802-vanilla-ce-large-large-aws,1,ip-172-31-22-20,ranking,benchANT
2026-08-12 11:29:30+00:00,mem,mapped,311848960.0,dbms,08-2026,couchbase-802-vanilla-ce-large-large-aws,1,ip-172-31-22-20,ranking,benchANT
2026-08-12 11:29:40+00:00,mem,mapped,311848960.0,dbms,08-2026,couchbase-802-vanilla-ce-large-large-aws,1,ip-172-31-22-20,ranking,benchANT
2026-08-12 11:29:50+00:00,mem,mapped,311910400.0,dbms,08-2026,couchbase-802-vanilla-ce-large-large-aws,1,ip-172-31-22-20,ranking,benchANT
2026-08-12 11:20:00+00:00,mem,page_tables,17915904.0,dbms,08-2026,couchbase-802-vanilla-ce-large-large-aws,1,ip-172-31-22-20,ranking,benchANT
2026-08-12 11:20:10+00:00,mem,page_tables,17932288.0,dbms,08-2026,couchbase-802-vanilla-ce-large-large-aws,1,ip-172-31-22-20,ranking,benchANT
2026-08-12 11:20:20+00:00,mem,page_tables,17891328.0,dbms,08-2026,couchbase-802-vanilla-ce-large-large-aws,1,ip-172-31-22-20,ranking,benchANT
2026-08-12 11:20:30+00:00,mem,page_tables,17903616.0,dbms,08-2026,couchbase-802-vanilla-ce-large-large-aws,1,ip-172-31-22-20,ranking,benchANT
2026-08-12 11:20:40+00:00,mem,page_tables,17891328.0,dbms,08-2026,couchbase-802-vanilla-ce-large-large-aws,1,ip-172-31-22-20,ranking,benchANT
2026-08-12 11:20:50+00:00,mem,page_tables,17891328.0,dbms,08-2026,couchbase-802-vanilla-ce-large-large-aws,1,ip-172-31-22-20,ranking,benchANT
2026-08-12 11:21:00+00:00,mem,page_tables,17891328.0,dbms,08-2026,couchbase-802-vanilla-ce-large-large-aws,1,ip-172-31-22-20,ranking,benchANT
2026-08-12 11:21:10+00:00,mem,page_tables,17915904.0,dbms,08-2026,couchbase-802-vanilla-ce-large-large-aws,1,ip-172-31-22-20,ranking,benchANT
2026-08-12 11:21:20+00:00,mem,page_tables,17956864.0,dbms,08-2026,couchbase-802-vanilla-ce-large-large-aws,1,ip-172-31-22-20,ranking,benchANT
2026-08-12 11:21:30+00:00,mem,page_tables,18317312.0,dbms,08-2026,couchbase-802-vanilla-ce-large-large-aws,1,ip-172-31-22-20,ranking,benchANT
2026-08-12 11:21:40+00:00,mem,page_tables,19296256.0,dbms,08-2026,couchbase-802-vanilla-ce-large-large-aws,1,ip-172-31-22-20,ranking,benchANT
2026-08-12 11:21:50+00:00,mem,page_tables,20221952.0,dbms,08-2026,couchbase-802-vanilla-ce-large-large-aws,1,ip-172-31-22-20,ranking,benchANT
2026-08-12 11:22:00+00:00,mem,page_tables,21245952.0,dbms,08-2026,couchbase-802-vanilla-ce-large-large-aws,1,ip-172-31-22-20,ranking,benchANT
2026-08-12 11:22:10+00:00,mem,page_tables,22216704.0,dbms,08-2026,couchbase-802-vanilla-ce-large-large-aws,1,ip-172-31-22-20,ranking,benchANT
2026-08-12 11:22:20+00:00,mem,page_tables,23212032.0,dbms,08-2026,couchbase-802-vanilla-ce-large-large-aws,1,ip-172-31-22-20,ranking,benchANT
2026-08-12 11:22:30+00:00,mem,page_tables,24195072.0,dbms,08-2026,couchbase-802-vanilla-ce-large-large-aws,1,ip-172-31-22-20,ranking,benchANT
2026-08-12 11:22:40+00:00,mem,page_tables,25141248.0,dbms,08-2026,couchbase-802-vanilla-ce-large-large-aws,1,ip-172-31-22-20,ranking,benchANT
2026-08-12 11:22:50+00:00,mem,page_tables,26144768.0,dbms,08-2026,couchbase-802-vanilla-ce-large-large-aws,1,ip-172-31-22-20,ranking,benchANT
2026-08-12 11:23:00+00:00,mem,page_tables,27131904.0,dbms,08-2026,couchbase-802-vanilla-ce-large-large-aws,1,ip-172-31-22-20,ranking,benchANT
2026-08-12 11:23:10+00:00,mem,page_tables,28102656.0,dbms,08-2026,couchbase-802-vanilla-ce-large-large-aws,1,ip-172-31-22-20,ranking,benchANT
2026-08-12 11:23:20+00:00,mem,page_tables,29114368.0,dbms,08-2026,couchbase-802-vanilla-ce-large-large-aws,1,ip-172-31-22-20,ranking,benchANT
2026-08-12 11:23:30+00:00,mem,page_tables,30003200.0,dbms,08-2026,couchbase-802-vanilla-ce-large-large-aws,1,ip-172-31-22-20,ranking,benchANT
2026-08-12 11:23:40+00:00,mem,page_tables,31010816.0,dbms,08-2026,couchbase-802-vanilla-ce-large-large-aws,1,ip-172-31-22-20,ranking,benchANT
2026-08-12 11:23:50+00:00,mem,page_tables,32112640.0,dbms,08-2026,couchbase-802-vanilla-ce-large-large-aws,1,ip-172-31-22-20,ranking,benchANT
2026-08-12 11:24:00+00:00,mem,page_tables,33140736.0,dbms,08-2026,couchbase-802-vanilla-ce-large-large-aws,1,ip-172-31-22-20,ranking,benchANT
2026-08-12 11:24:10+00:00,mem,page_tables,34082816.0,dbms,08-2026,couchbase-802-vanilla-ce-large-large-aws,1,ip-172-31-22-20,ranking,benchANT
2026-08-12 11:24:20+00:00,mem,page_tables,35078144.0,dbms,08-2026,couchbase-802-vanilla-ce-large-large-aws,1,ip-172-31-22-20,ranking,benchANT
2026-08-12 11:24:30+00:00,mem,page_tables,36057088.0,dbms,08-2026,couchbase-802-vanilla-ce-large-large-aws,1,ip-172-31-22-20,ranking,benchANT
2026-08-12 11:24:40+00:00,mem,page_tables,36990976.0,dbms,08-2026,couchbase-802-vanilla-ce-large-large-aws,1,ip-172-31-22-20,ranking,benchANT
2026-08-12 11:24:50+00:00,mem,page_tables,37269504.0,dbms,08-2026,couchbase-802-vanilla-ce-large-large-aws,1,ip-172-31-22-20,ranking,benchANT
2026-08-12 11:25:00+00:00,mem,page_tables,37376000.0,dbms,08-2026,couchbase-802-vanilla-ce-large-large-aws,1,ip-172-31-22-20,ranking,benchANT
2026-08-12 11:25:10+00:00,mem,page_tables,37470208.0,dbms,08-2026,couchbase-802-vanilla-ce-large-large-aws,1,ip-172-31-22-20,ranking,benchANT
2026-08-12 11:25:20+00:00,mem,page_tables,37548032.0,dbms,08-2026,couchbase-802-vanilla-ce-large-large-aws,1,ip-172-31-22-20,ranking,benchANT
2026-08-12 11:25:30+00:00,mem,page_tables,37617664.0,dbms,08-2026,couchbase-802-vanilla-ce-large-large-aws,1,ip-172-31-22-20,ranking,benchANT
2026-08-12 11:25:40+00:00,mem,page_tables,37707776.0,dbms,08-2026,couchbase-802-vanilla-ce-large-large-aws,1,ip-172-31-22-20,ranking,benchANT
2026-08-12 11:25:50+00:00,mem,page_tables,37769216.0,dbms,08-2026,couchbase-802-vanilla-ce-large-large-aws,1,ip-172-31-22-20,ranking,benchANT
2026-08-12 11:26:00+00:00,mem,page_tables,37777408.0,dbms,08-2026,couchbase-802-vanilla-ce-large-large-aws,1,ip-172-31-22-20,ranking,benchANT
2026-08-12 11:26:10+00:00,mem,page_tables,37842944.0,dbms,08-2026,couchbase-802-vanilla-ce-large-large-aws,1,ip-172-31-22-20,ranking,benchANT
2026-08-12 11:26:20+00:00,mem,page_tables,37912576.0,dbms,08-2026,couchbase-802-vanilla-ce-large-large-aws,1,ip-172-31-22-20,ranking,benchANT
2026-08-12 11:26:30+00:00,mem,page_tables,37969920.0,dbms,08-2026,couchbase-802-vanilla-ce-large-large-aws,1,ip-172-31-22-20,ranking,benchANT
2026-08-12 11:26:40+00:00,mem,page_tables,38055936.0,dbms,08-2026,couchbase-802-vanilla-ce-large-large-aws,1,ip-172-31-22-20,ranking,benchANT
2026-08-12 11:26:50+00:00,mem,page_tables,38137856.0,dbms,08-2026,couchbase-802-vanilla-ce-large-large-aws,1,ip-172-31-22-20,ranking,benchANT
2026-08-12 11:27:00+00:00,mem,page_tables,38182912.0,dbms,08-2026,couchbase-802-vanilla-ce-large-large-aws,1,ip-172-31-22-20,ranking,benchANT
2026-08-12 11:27:10+00:00,mem,page_tables,38244352.0,dbms,08-2026,couchbase-802-vanilla-ce-large-large-aws,1,ip-172-31-22-20,ranking,benchANT
2026-08-12 11:27:20+00:00,mem,page_tables,38322176.0,dbms,08-2026,couchbase-802-vanilla-ce-large-large-aws,1,ip-172-31-22-20,ranking,benchANT
2026-08-12 11:27:30+00:00,mem,page_tables,38486016.0,dbms,08-2026,couchbase-802-vanilla-ce-large-large-aws,1,ip-172-31-22-20,ranking,benchANT
2026-08-12 11:27:40+00:00,mem,page_tables,38645760.0,dbms,08-2026,couchbase-802-vanilla-ce-large-large-aws,1,ip-172-31-22-20,ranking,benchANT
2026-08-12 11:27:50+00:00,mem,page_tables,38719488.0,dbms,08-2026,couchbase-802-vanilla-ce-large-large-aws,1,ip-172-31-22-20,ranking,benchANT
2026-08-12 11:28:00+00:00,mem,page_tables,38776832.0,dbms,08-2026,couchbase-802-vanilla-ce-large-large-aws,1,ip-172-31-22-20,ranking,benchANT
2026-08-12 11:28:10+00:00,mem,page_tables,38850560.0,dbms,08-2026,couchbase-802-vanilla-ce-large-large-aws,1,ip-172-31-22-20,ranking,benchANT
2026-08-12 11:28:20+00:00,mem,page_tables,38924288.0,dbms,08-2026,couchbase-802-vanilla-ce-large-large-aws,1,ip-172-31-22-20,ranking,benchANT
2026-08-12 11:28:30+00:00,mem,page_tables,38989824.0,dbms,08-2026,couchbase-802-vanilla-ce-large-large-aws,1,ip-172-31-22-20,ranking,benchANT
2026-08-12 11:28:40+00:00,mem,page_tables,39043072.0,dbms,08-2026,couchbase-802-vanilla-ce-large-large-aws,1,ip-172-31-22-20,ranking,benchANT
2026-08-12 11:28:50+00:00,mem,page_tables,39137280.0,dbms,08-2026,couchbase-802-vanilla-ce-large-large-aws,1,ip-172-31-22-20,ranking,benchANT
2026-08-12 11:29:00+00:00,mem,page_tables,39198720.0,dbms,08-2026,couchbase-802-vanilla-ce-large-large-aws,1,ip-172-31-22-20,ranking,benchANT
2026-08-12 11:29:10+00:00,mem,page_tables,39264256.0,dbms,08-2026,couchbase-802-vanilla-ce-large-large-aws,1,ip-172-31-22-20,ranking,benchANT
2026-08-12 11:29:20+00:00,mem,page_tables,39350272.0,dbms,08-2026,couchbase-802-vanilla-ce-large-large-aws,1,ip-172-31-22-20,ranking,benchANT
2026-08-12 11:29:30+00:00,mem,page_tables,39419904.0,dbms,08-2026,couchbase-802-vanilla-ce-large-large-aws,1,ip-172-31-22-20,ranking,benchANT
2026-08-12 11:29:40+00:00,mem,page_tables,39403520.0,dbms,08-2026,couchbase-802-vanilla-ce-large-large-aws,1,ip-172-31-22-20,ranking,benchANT
2026-08-12 11:29:50+00:00,mem,page_tables,39391232.0,dbms,08-2026,couchbase-802-vanilla-ce-large-large-aws,1,ip-172-31-22-20,ranking,benchANT
2026-08-12 11:20:00+00:00,mem,shared,43810816.0,dbms,08-2026,couchbase-802-vanilla-ce-large-large-aws,1,ip-172-31-22-20,ranking,benchANT
2026-08-12 11:20:10+00:00,mem,shared,43810816.0,dbms,08-2026,couchbase-802-vanilla-ce-large-large-aws,1,ip-172-31-22-20,ranking,benchANT
2026-08-12 11:20:20+00:00,mem,shared,43810816.0,dbms,08-2026,couchbase-802-vanilla-ce-large-large-aws,1,ip-172-31-22-20,ranking,benchANT
2026-08-12 11:20:30+00:00,mem,shared,43810816.0,dbms,08-2026,couchbase-802-vanilla-ce-large-large-aws,1,ip-172-31-22-20,ranking,benchANT
2026-08-12 11:20:40+00:00,mem,shared,43810816.0,dbms,08-2026,couchbase-802-vanilla-ce-large-large-aws,1,ip-172-31-22-20,ranking,benchANT
2026-08-12 11:20:50+00:00,mem,shared,43810816.0,dbms,08-2026,couchbase-802-vanilla-ce-large-large-aws,1,ip-172-31-22-20,ranking,benchANT
2026-08-12 11:21:00+00:00,mem,shared,43810816.0,dbms,08-2026,couchbase-802-vanilla-ce-large-large-aws,1,ip-172-31-22-20,ranking,benchANT
2026-08-12 11:21:10+00:00,mem,shared,43810816.0,dbms,08-2026,couchbase-802-vanilla-ce-large-large-aws,1,ip-172-31-22-20,ranking,benchANT
2026-08-12 11:21:20+00:00,mem,shared,43810816.0,dbms,08-2026,couchbase-802-vanilla-ce-large-large-aws,1,ip-172-31-22-20,ranking,benchANT
2026-08-12 11:21:30+00:00,mem,shared,43810816.0,dbms,08-2026,couchbase-802-vanilla-ce-large-large-aws,1,ip-172-31-22-20,ranking,benchANT
2026-08-12 11:21:40+00:00,mem,shared,43810816.0,dbms,08-2026,couchbase-802-vanilla-ce-large-large-aws,1,ip-172-31-22-20,ranking,benchANT
2026-08-12 11:21:50+00:00,mem,shared,43810816.0,dbms,08-2026,couchbase-802-vanilla-ce-large-large-aws,1,ip-172-31-22-20,ranking,benchANT
2026-08-12 11:22:00+00:00,mem,shared,43810816.0,dbms,08-2026,couchbase-802-vanilla-ce-large-large-aws,1,ip-172-31-22-20,ranking,benchANT
2026-08-12 11:22:10+00:00,mem,shared,43810816.0,dbms,08-2026,couchbase-802-vanilla-ce-large-large-aws,1,ip-172-31-22-20,ranking,benchANT
2026-08-12 11:22:20+00:00,mem,shared,43810816.0,dbms,08-2026,couchbase-802-vanilla-ce-large-large-aws,1,ip-172-31-22-20,ranking,benchANT
2026-08-12 11:22:30+00:00,mem,shared,43810816.0,dbms,08-2026,couchbase-802-vanilla-ce-large-large-aws,1,ip-172-31-22-20,ranking,benchANT
2026-08-12 11:22:40+00:00,mem,shared,43810816.0,dbms,08-2026,couchbase-802-vanilla-ce-large-large-aws,1,ip-172-31-22-20,ranking,benchANT
2026-08-12 11:22:50+00:00,mem,shared,43810816.0,dbms,08-2026,couchbase-802-vanilla-ce-large-large-aws,1,ip-172-31-22-20,ranking,benchANT
2026-08-12 11:23:00+00:00,mem,shared,43810816.0,dbms,08-2026,couchbase-802-vanilla-ce-large-large-aws,1,ip-172-31-22-20,ranking,benchANT
2026-08-12 11:23:10+00:00,mem,shared,43810816.0,dbms,08-2026,couchbase-802-vanilla-ce-large-large-aws,1,ip-172-31-22-20,ranking,benchANT
2026-08-12 11:23:20+00:00,mem,shared,43810816.0,dbms,08-2026,couchbase-802-vanilla-ce-large-large-aws,1,ip-172-31-22-20,ranking,benchANT
2026-08-12 11:23:30+00:00,mem,shared,43810816.0,dbms,08-2026,couchbase-802-vanilla-ce-large-large-aws,1,ip-172-31-22-20,ranking,benchANT
2026-08-12 11:23:40+00:00,mem,shared,43810816.0,dbms,08-2026,couchbase-802-vanilla-ce-large-large-aws,1,ip-172-31-22-20,ranking,benchANT
2026-08-12 11:23:50+00:00,mem,shared,43810816.0,dbms,08-2026,couchbase-802-vanilla-ce-large-large-aws,1,ip-172-31-22-20,ranking,benchANT
2026-08-12 11:24:00+00:00,mem,shared,43810816.0,dbms,08-2026,couchbase-802-vanilla-ce-large-large-aws,1,ip-172-31-22-20,ranking,benchANT
2026-08-12 11:24:10+00:00,mem,shared,43810816.0,dbms,08-2026,couchbase-802-vanilla-ce-large-large-aws,1,ip-172-31-22-20,ranking,benchANT
2026-08-12 11:24:20+00:00,mem,shared,43810816.0,dbms,08-2026,couchbase-802-vanilla-ce-large-large-aws,1,ip-172-31-22-20,ranking,benchANT
2026-08-12 11:24:30+00:00,mem,shared,43810816.0,dbms,08-2026,couchbase-802-vanilla-ce-large-large-aws,1,ip-172-31-22-20,ranking,benchANT
2026-08-12 11:24:40+00:00,mem,shared,43810816.0,dbms,08-2026,couchbase-802-vanilla-ce-large-large-aws,1,ip-172-31-22-20,ranking,benchANT
2026-08-12 11:24:50+00:00,mem,shared,43810816.0,dbms,08-2026,couchbase-802-vanilla-ce-large-large-aws,1,ip-172-31-22-20,ranking,benchANT
2026-08-12 11:25:00+00:00,mem,shared,43810816.0,dbms,08-2026,couchbase-802-vanilla-ce-large-large-aws,1,ip-172-31-22-20,ranking,benchANT
2026-08-12 11:25:10+00:00,mem,shared,43810816.0,dbms,08-2026,couchbase-802-vanilla-ce-large-large-aws,1,ip-172-31-22-20,ranking,benchANT
2026-08-12 11:25:20+00:00,mem,shared,43810816.0,dbms,08-2026,couchbase-802-vanilla-ce-large-large-aws,1,ip-172-31-22-20,ranking,benchANT
2026-08-12 11:25:30+00:00,mem,shared,43810816.0,dbms,08-2026,couchbase-802-vanilla-ce-large-large-aws,1,ip-172-31-22-20,ranking,benchANT
2026-08-12 11:25:40+00:00,mem,shared,43810816.0,dbms,08-2026,couchbase-802-vanilla-ce-large-large-aws,1,ip-172-31-22-20,ranking,benchANT
2026-08-12 11:25:50+00:00,mem,shared,43810816.0,dbms,08-2026,couchbase-802-vanilla-ce-large-large-aws,1,ip-172-31-22-20,ranking,benchANT
2026-08-12 11:26:00+00:00,mem,shared,43810816.0,dbms,08-2026,couchbase-802-vanilla-ce-large-large-aws,1,ip-172-31-22-20,ranking,benchANT
2026-08-12 11:26:10+00:00,mem,shared,43810816.0,dbms,08-2026,couchbase-802-vanilla-ce-large-large-aws,1,ip-172-31-22-20,ranking,benchANT
2026-08-12 11:26:20+00:00,mem,shared,43810816.0,dbms,08-2026,couchbase-802-vanilla-ce-large-large-aws,1,ip-172-31-22-20,ranking,benchANT
2026-08-12 11:26:30+00:00,mem,shared,43810816.0,dbms,08-2026,couchbase-802-vanilla-ce-large-large-aws,1,ip-172-31-22-20,ranking,benchANT
2026-08-12 11:26:40+00:00,mem,shared,43810816.0,dbms,08-2026,couchbase-802-vanilla-ce-large-large-aws,1,ip-172-31-22-20,ranking,benchANT
2026-08-12 11:26:50+00:00,mem,shared,43810816.0,dbms,08-2026,couchbase-802-vanilla-ce-large-large-aws,1,ip-172-31-22-20,ranking,benchANT
2026-08-12 11:27:00+00:00,mem,shared,43810816.0,dbms,08-2026,couchbase-802-vanilla-ce-large-large-aws,1,ip-172-31-22-20,ranking,benchANT
2026-08-12 11:27:10+00:00,mem,shared,43810816.0,dbms,08-2026,couchbase-802-vanilla-ce-large-large-aws,1,ip-172-31-22-20,ranking,benchANT
2026-08-12 11:27:20+00:00,mem,shared,43810816.0,dbms,08-2026,couchbase-802-vanilla-ce-large-large-aws,1,ip-172-31-22-20,ranking,benchANT
2026-08-12 11:27:30+00:00,mem,shared,43810816.0,dbms,08-2026,couchbase-802-vanilla-ce-large-large-aws,1,ip-172-31-22-20,ranking,benchANT
2026-08-12 11:27:40+00:00,mem,shared,43810816.0,dbms,08-2026,couchbase-802-vanilla-ce-large-large-aws,1,ip-172-31-22-20,ranking,benchANT
2026-08-12 11:27:50+00:00,mem,shared,43810816.0,dbms,08-2026,couchbase-802-vanilla-ce-large-large-aws,1,ip-172-31-22-20,ranking,benchANT
2026-08-12 11:28:00+00:00,mem,shared,43810816.0,dbms,08-2026,couchbase-802-vanilla-ce-large-large-aws,1,ip-172-31-22-20,ranking,benchANT
2026-08-12 11:28:10+00:00,mem,shared,43810816.0,dbms,08-2026,couchbase-802-vanilla-ce-large-large-aws,1,ip-172-31-22-20,ranking,benchANT
2026-08-12 11:28:20+00:00,mem,shared,43810816.0,dbms,08-2026,couchbase-802-vanilla-ce-large-large-aws,1,ip-172-31-22-20,ranking,benchANT
2026-08-12 11:28:30+00:00,mem,shared,43810816.0,dbms,08-2026,couchbase-802-vanilla-ce-large-large-aws,1,ip-172-31-22-20,ranking,benchANT
2026-08-12 11:28:40+00:00,mem,shared,43810816.0,dbms,08-2026,couchbase-802-vanilla-ce-large-large-aws,1,ip-172-31-22-20,ranking,benchANT
2026-08-12 11:28:50+00:00,mem,shared,43810816.0,dbms,08-2026,couchbase-802-vanilla-ce-large-large-aws,1,ip-172-31-22-20,ranking,benchANT
2026-08-12 11:29:00+00:00,mem,shared,43810816.0,dbms,08-2026,couchbase-802-vanilla-ce-large-large-aws,1,ip-172-31-22-20,ranking,benchANT
2026-08-12 11:29:10+00:00,mem,shared,43810816.0,dbms,08-2026,couchbase-802-vanilla-ce-large-large-aws,1,ip-172-31-22-20,ranking,benchANT
2026-08-12 11:29:20+00:00,mem,shared,43810816.0,dbms,08-2026,couchbase-802-vanilla-ce-large-large-aws,1,ip-172-31-22-20,ranking,benchANT
2026-08-12 11:29:30+00:00,mem,shared,43810816.0,dbms,08-2026,couchbase-802-vanilla-ce-large-large-aws,1,ip-172-31-22-20,ranking,benchANT
2026-08-12 11:29:40+00:00,mem,shared,43810816.0,dbms,08-2026,couchbase-802-vanilla-ce-large-large-aws,1,ip-172-31-22-20,ranking,benchANT
2026-08-12 11:29:50+00:00,mem,shared,43810816.0,dbms,08-2026,couchbase-802-vanilla-ce-large-large-aws,1,ip-172-31-22-20,ranking,benchANT
2026-08-12 11:20:00+00:00,mem,slab,318865408.0,dbms,08-2026,couchbase-802-vanilla-ce-large-large-aws,1,ip-172-31-22-20,ranking,benchANT
2026-08-12 11:20:10+00:00,mem,slab,318910464.0,dbms,08-2026,couchbase-802-vanilla-ce-large-large-aws,1,ip-172-31-22-20,ranking,benchANT
2026-08-12 11:20:20+00:00,mem,slab,318918656.0,dbms,08-2026,couchbase-802-vanilla-ce-large-large-aws,1,ip-172-31-22-20,ranking,benchANT
2026-08-12 11:20:30+00:00,mem,slab,318922752.0,dbms,08-2026,couchbase-802-vanilla-ce-large-large-aws,1,ip-172-31-22-20,ranking,benchANT
2026-08-12 11:20:40+00:00,mem,slab,318967808.0,dbms,08-2026,couchbase-802-vanilla-ce-large-large-aws,1,ip-172-31-22-20,ranking,benchANT
2026-08-12 11:20:50+00:00,mem,slab,319184896.0,dbms,08-2026,couchbase-802-vanilla-ce-large-large-aws,1,ip-172-31-22-20,ranking,benchANT
2026-08-12 11:21:00+00:00,mem,slab,319795200.0,dbms,08-2026,couchbase-802-vanilla-ce-large-large-aws,1,ip-172-31-22-20,ranking,benchANT
2026-08-12 11:21:10+00:00,mem,slab,321130496.0,dbms,08-2026,couchbase-802-vanilla-ce-large-large-aws,1,ip-172-31-22-20,ranking,benchANT
2026-08-12 11:21:20+00:00,mem,slab,323067904.0,dbms,08-2026,couchbase-802-vanilla-ce-large-large-aws,1,ip-172-31-22-20,ranking,benchANT
2026-08-12 11:21:30+00:00,mem,slab,327413760.0,dbms,08-2026,couchbase-802-vanilla-ce-large-large-aws,1,ip-172-31-22-20,ranking,benchANT
2026-08-12 11:21:40+00:00,mem,slab,340647936.0,dbms,08-2026,couchbase-802-vanilla-ce-large-large-aws,1,ip-172-31-22-20,ranking,benchANT
2026-08-12 11:21:50+00:00,mem,slab,353140736.0,dbms,08-2026,couchbase-802-vanilla-ce-large-large-aws,1,ip-172-31-22-20,ranking,benchANT
2026-08-12 11:22:00+00:00,mem,slab,366428160.0,dbms,08-2026,couchbase-802-vanilla-ce-large-large-aws,1,ip-172-31-22-20,ranking,benchANT
2026-08-12 11:22:10+00:00,mem,slab,379764736.0,dbms,08-2026,couchbase-802-vanilla-ce-large-large-aws,1,ip-172-31-22-20,ranking,benchANT
2026-08-12 11:22:20+00:00,mem,slab,392966144.0,dbms,08-2026,couchbase-802-vanilla-ce-large-large-aws,1,ip-172-31-22-20,ranking,benchANT
2026-08-12 11:22:30+00:00,mem,slab,406962176.0,dbms,08-2026,couchbase-802-vanilla-ce-large-large-aws,1,ip-172-31-22-20,ranking,benchANT
2026-08-12 11:22:40+00:00,mem,slab,419577856.0,dbms,08-2026,couchbase-802-vanilla-ce-large-large-aws,1,ip-172-31-22-20,ranking,benchANT
2026-08-12 11:22:50+00:00,mem,slab,433229824.0,dbms,08-2026,couchbase-802-vanilla-ce-large-large-aws,1,ip-172-31-22-20,ranking,benchANT
2026-08-12 11:23:00+00:00,mem,slab,446668800.0,dbms,08-2026,couchbase-802-vanilla-ce-large-large-aws,1,ip-172-31-22-20,ranking,benchANT
2026-08-12 11:23:10+00:00,mem,slab,459980800.0,dbms,08-2026,couchbase-802-vanilla-ce-large-large-aws,1,ip-172-31-22-20,ranking,benchANT
2026-08-12 11:23:20+00:00,mem,slab,473812992.0,dbms,08-2026,couchbase-802-vanilla-ce-large-large-aws,1,ip-172-31-22-20,ranking,benchANT
2026-08-12 11:23:30+00:00,mem,slab,486219776.0,dbms,08-2026,couchbase-802-vanilla-ce-large-large-aws,1,ip-172-31-22-20,ranking,benchANT
2026-08-12 11:23:40+00:00,mem,slab,499675136.0,dbms,08-2026,couchbase-802-vanilla-ce-large-large-aws,1,ip-172-31-22-20,ranking,benchANT
2026-08-12 11:23:50+00:00,mem,slab,513228800.0,dbms,08-2026,couchbase-802-vanilla-ce-large-large-aws,1,ip-172-31-22-20,ranking,benchANT
2026-08-12 11:24:00+00:00,mem,slab,527007744.0,dbms,08-2026,couchbase-802-vanilla-ce-large-large-aws,1,ip-172-31-22-20,ranking,benchANT
2026-08-12 11:24:10+00:00,mem,slab,540135424.0,dbms,08-2026,couchbase-802-vanilla-ce-large-large-aws,1,ip-172-31-22-20,ranking,benchANT
2026-08-12 11:24:20+00:00,mem,slab,553713664.0,dbms,08-2026,couchbase-802-vanilla-ce-large-large-aws,1,ip-172-31-22-20,ranking,benchANT
2026-08-12 11:24:30+00:00,mem,slab,567054336.0,dbms,08-2026,couchbase-802-vanilla-ce-large-large-aws,1,ip-172-31-22-20,ranking,benchANT
2026-08-12 11:24:40+00:00,mem,slab,580448256.0,dbms,08-2026,couchbase-802-vanilla-ce-large-large-aws,1,ip-172-31-22-20,ranking,benchANT
2026-08-12 11:24:50+00:00,mem,slab,593653760.0,dbms,08-2026,couchbase-802-vanilla-ce-large-large-aws,1,ip-172-31-22-20,ranking,benchANT
2026-08-12 11:25:00+00:00,mem,slab,606633984.0,dbms,08-2026,couchbase-802-vanilla-ce-large-large-aws,1,ip-172-31-22-20,ranking,benchANT
2026-08-12 11:25:10+00:00,mem,slab,619466752.0,dbms,08-2026,couchbase-802-vanilla-ce-large-large-aws,1,ip-172-31-22-20,ranking,benchANT
2026-08-12 11:25:20+00:00,mem,slab,632205312.0,dbms,08-2026,couchbase-802-vanilla-ce-large-large-aws,1,ip-172-31-22-20,ranking,benchANT
2026-08-12 11:25:30+00:00,mem,slab,645054464.0,dbms,08-2026,couchbase-802-vanilla-ce-large-large-aws,1,ip-172-31-22-20,ranking,benchANT
2026-08-12 11:25:40+00:00,mem,slab,658169856.0,dbms,08-2026,couchbase-802-vanilla-ce-large-large-aws,1,ip-172-31-22-20,ranking,benchANT
2026-08-12 11:25:50+00:00,mem,slab,671277056.0,dbms,08-2026,couchbase-802-vanilla-ce-large-large-aws,1,ip-172-31-22-20,ranking,benchANT
2026-08-12 11:26:00+00:00,mem,slab,682270720.0,dbms,08-2026,couchbase-802-vanilla-ce-large-large-aws,1,ip-172-31-22-20,ranking,benchANT
2026-08-12 11:26:10+00:00,mem,slab,691351552.0,dbms,08-2026,couchbase-802-vanilla-ce-large-large-aws,1,ip-172-31-22-20,ranking,benchANT
2026-08-12 11:26:20+00:00,mem,slab,693915648.0,dbms,08-2026,couchbase-802-vanilla-ce-large-large-aws,1,ip-172-31-22-20,ranking,benchANT
2026-08-12 11:26:30+00:00,mem,slab,696193024.0,dbms,08-2026,couchbase-802-vanilla-ce-large-large-aws,1,ip-172-31-22-20,ranking,benchANT
2026-08-12 11:26:40+00:00,mem,slab,699662336.0,dbms,08-2026,couchbase-802-vanilla-ce-large-large-aws,1,ip-172-31-22-20,ranking,benchANT
2026-08-12 11:26:50+00:00,mem,slab,702148608.0,dbms,08-2026,couchbase-802-vanilla-ce-large-large-aws,1,ip-172-31-22-20,ranking,benchANT
2026-08-12 11:27:00+00:00,mem,slab,702435328.0,dbms,08-2026,couchbase-802-vanilla-ce-large-large-aws,1,ip-172-31-22-20,ranking,benchANT
2026-08-12 11:27:10+00:00,mem,slab,703746048.0,dbms,08-2026,couchbase-802-vanilla-ce-large-large-aws,1,ip-172-31-22-20,ranking,benchANT
2026-08-12 11:27:20+00:00,mem,slab,704049152.0,dbms,08-2026,couchbase-802-vanilla-ce-large-large-aws,1,ip-172-31-22-20,ranking,benchANT
2026-08-12 11:27:30+00:00,mem,slab,707317760.0,dbms,08-2026,couchbase-802-vanilla-ce-large-large-aws,1,ip-172-31-22-20,ranking,benchANT
2026-08-12 11:27:40+00:00,mem,slab,708333568.0,dbms,08-2026,couchbase-802-vanilla-ce-large-large-aws,1,ip-172-31-22-20,ranking,benchANT
2026-08-12 11:27:50+00:00,mem,slab,708923392.0,dbms,08-2026,couchbase-802-vanilla-ce-large-large-aws,1,ip-172-31-22-20,ranking,benchANT
2026-08-12 11:28:00+00:00,mem,slab,703049728.0,dbms,08-2026,couchbase-802-vanilla-ce-large-large-aws,1,ip-172-31-22-20,ranking,benchANT
2026-08-12 11:28:10+00:00,mem,slab,704585728.0,dbms,08-2026,couchbase-802-vanilla-ce-large-large-aws,1,ip-172-31-22-20,ranking,benchANT
2026-08-12 11:28:20+00:00,mem,slab,701353984.0,dbms,08-2026,couchbase-802-vanilla-ce-large-large-aws,1,ip-172-31-22-20,ranking,benchANT
2026-08-12 11:28:30+00:00,mem,slab,702730240.0,dbms,08-2026,couchbase-802-vanilla-ce-large-large-aws,1,ip-172-31-22-20,ranking,benchANT
2026-08-12 11:28:40+00:00,mem,slab,701644800.0,dbms,08-2026,couchbase-802-vanilla-ce-large-large-aws,1,ip-172-31-22-20,ranking,benchANT
2026-08-12 11:28:50+00:00,mem,slab,701677568.0,dbms,08-2026,couchbase-802-vanilla-ce-large-large-aws,1,ip-172-31-22-20,ranking,benchANT
2026-08-12 11:29:00+00:00,mem,slab,702877696.0,dbms,08-2026,couchbase-802-vanilla-ce-large-large-aws,1,ip-172-31-22-20,ranking,benchANT
2026-08-12 11:29:10+00:00,mem,slab,701145088.0,dbms,08-2026,couchbase-802-vanilla-ce-large-large-aws,1,ip-172-31-22-20,ranking,benchANT
2026-08-12 11:29:20+00:00,mem,slab,701775872.0,dbms,08-2026,couchbase-802-vanilla-ce-large-large-aws,1,ip-172-31-22-20,ranking,benchANT
2026-08-12 11:29:30+00:00,mem,slab,700428288.0,dbms,08-2026,couchbase-802-vanilla-ce-large-large-aws,1,ip-172-31-22-20,ranking,benchANT
2026-08-12 11:29:40+00:00,mem,slab,700416000.0,dbms,08-2026,couchbase-802-vanilla-ce-large-large-aws,1,ip-172-31-22-20,ranking,benchANT
2026-08-12 11:29:50+00:00,mem,slab,700416000.0,dbms,08-2026,couchbase-802-vanilla-ce-large-large-aws,1,ip-172-31-22-20,ranking,benchANT
2026-08-12 11:20:00+00:00,mem,sreclaimable,219258880.0,dbms,08-2026,couchbase-802-vanilla-ce-large-large-aws,1,ip-172-31-22-20,ranking,benchANT
2026-08-12 11:20:10+00:00,mem,sreclaimable,219303936.0,dbms,08-2026,couchbase-802-vanilla-ce-large-large-aws,1,ip-172-31-22-20,ranking,benchANT
2026-08-12 11:20:20+00:00,mem,sreclaimable,219303936.0,dbms,08-2026,couchbase-802-vanilla-ce-large-large-aws,1,ip-172-31-22-20,ranking,benchANT
2026-08-12 11:20:30+00:00,mem,sreclaimable,219308032.0,dbms,08-2026,couchbase-802-vanilla-ce-large-large-aws,1,ip-172-31-22-20,ranking,benchANT
2026-08-12 11:20:40+00:00,mem,sreclaimable,219353088.0,dbms,08-2026,couchbase-802-vanilla-ce-large-large-aws,1,ip-172-31-22-20,ranking,benchANT
2026-08-12 11:20:50+00:00,mem,sreclaimable,219570176.0,dbms,08-2026,couchbase-802-vanilla-ce-large-large-aws,1,ip-172-31-22-20,ranking,benchANT
2026-08-12 11:21:00+00:00,mem,sreclaimable,220131328.0,dbms,08-2026,couchbase-802-vanilla-ce-large-large-aws,1,ip-172-31-22-20,ranking,benchANT
2026-08-12 11:21:10+00:00,mem,sreclaimable,221335552.0,dbms,08-2026,couchbase-802-vanilla-ce-large-large-aws,1,ip-172-31-22-20,ranking,benchANT
2026-08-12 11:21:20+00:00,mem,sreclaimable,223068160.0,dbms,08-2026,couchbase-802-vanilla-ce-large-large-aws,1,ip-172-31-22-20,ranking,benchANT
2026-08-12 11:21:30+00:00,mem,sreclaimable,226930688.0,dbms,08-2026,couchbase-802-vanilla-ce-large-large-aws,1,ip-172-31-22-20,ranking,benchANT
2026-08-12 11:21:40+00:00,mem,sreclaimable,238788608.0,dbms,08-2026,couchbase-802-vanilla-ce-large-large-aws,1,ip-172-31-22-20,ranking,benchANT
2026-08-12 11:21:50+00:00,mem,sreclaimable,249970688.0,dbms,08-2026,couchbase-802-vanilla-ce-large-large-aws,1,ip-172-31-22-20,ranking,benchANT
2026-08-12 11:22:00+00:00,mem,sreclaimable,261898240.0,dbms,08-2026,couchbase-802-vanilla-ce-large-large-aws,1,ip-172-31-22-20,ranking,benchANT
2026-08-12 11:22:10+00:00,mem,sreclaimable,273870848.0,dbms,08-2026,couchbase-802-vanilla-ce-large-large-aws,1,ip-172-31-22-20,ranking,benchANT
2026-08-12 11:22:20+00:00,mem,sreclaimable,285655040.0,dbms,08-2026,couchbase-802-vanilla-ce-large-large-aws,1,ip-172-31-22-20,ranking,benchANT
2026-08-12 11:22:30+00:00,mem,sreclaimable,298242048.0,dbms,08-2026,couchbase-802-vanilla-ce-large-large-aws,1,ip-172-31-22-20,ranking,benchANT
2026-08-12 11:22:40+00:00,mem,sreclaimable,309506048.0,dbms,08-2026,couchbase-802-vanilla-ce-large-large-aws,1,ip-172-31-22-20,ranking,benchANT
2026-08-12 11:22:50+00:00,mem,sreclaimable,321757184.0,dbms,08-2026,couchbase-802-vanilla-ce-large-large-aws,1,ip-172-31-22-20,ranking,benchANT
2026-08-12 11:23:00+00:00,mem,sreclaimable,333819904.0,dbms,08-2026,couchbase-802-vanilla-ce-large-large-aws,1,ip-172-31-22-20,ranking,benchANT
2026-08-12 11:23:10+00:00,mem,sreclaimable,345698304.0,dbms,08-2026,couchbase-802-vanilla-ce-large-large-aws,1,ip-172-31-22-20,ranking,benchANT
2026-08-12 11:23:20+00:00,mem,sreclaimable,358146048.0,dbms,08-2026,couchbase-802-vanilla-ce-large-large-aws,1,ip-172-31-22-20,ranking,benchANT
2026-08-12 11:23:30+00:00,mem,sreclaimable,369233920.0,dbms,08-2026,couchbase-802-vanilla-ce-large-large-aws,1,ip-172-31-22-20,ranking,benchANT
2026-08-12 11:23:40+00:00,mem,sreclaimable,381272064.0,dbms,08-2026,couchbase-802-vanilla-ce-large-large-aws,1,ip-172-31-22-20,ranking,benchANT
2026-08-12 11:23:50+00:00,mem,sreclaimable,393441280.0,dbms,08-2026,couchbase-802-vanilla-ce-large-large-aws,1,ip-172-31-22-20,ranking,benchANT
2026-08-12 11:24:00+00:00,mem,sreclaimable,405786624.0,dbms,08-2026,couchbase-802-vanilla-ce-large-large-aws,1,ip-172-31-22-20,ranking,benchANT
2026-08-12 11:24:10+00:00,mem,sreclaimable,417538048.0,dbms,08-2026,couchbase-802-vanilla-ce-large-large-aws,1,ip-172-31-22-20,ranking,benchANT
2026-08-12 11:24:20+00:00,mem,sreclaimable,429649920.0,dbms,08-2026,couchbase-802-vanilla-ce-large-large-aws,1,ip-172-31-22-20,ranking,benchANT
2026-08-12 11:24:30+00:00,mem,sreclaimable,441638912.0,dbms,08-2026,couchbase-802-vanilla-ce-large-large-aws,1,ip-172-31-22-20,ranking,benchANT
2026-08-12 11:24:40+00:00,mem,sreclaimable,453668864.0,dbms,08-2026,couchbase-802-vanilla-ce-large-large-aws,1,ip-172-31-22-20,ranking,benchANT
2026-08-12 11:24:50+00:00,mem,sreclaimable,465424384.0,dbms,08-2026,couchbase-802-vanilla-ce-large-large-aws,1,ip-172-31-22-20,ranking,benchANT
2026-08-12 11:25:00+00:00,mem,sreclaimable,477110272.0,dbms,08-2026,couchbase-802-vanilla-ce-large-large-aws,1,ip-172-31-22-20,ranking,benchANT
2026-08-12 11:25:10+00:00,mem,sreclaimable,488587264.0,dbms,08-2026,couchbase-802-vanilla-ce-large-large-aws,1,ip-172-31-22-20,ranking,benchANT
2026-08-12 11:25:20+00:00,mem,sreclaimable,500072448.0,dbms,08-2026,couchbase-802-vanilla-ce-large-large-aws,1,ip-172-31-22-20,ranking,benchANT
2026-08-12 11:25:30+00:00,mem,sreclaimable,511561728.0,dbms,08-2026,couchbase-802-vanilla-ce-large-large-aws,1,ip-172-31-22-20,ranking,benchANT
2026-08-12 11:25:40+00:00,mem,sreclaimable,523309056.0,dbms,08-2026,couchbase-802-vanilla-ce-large-large-aws,1,ip-172-31-22-20,ranking,benchANT
2026-08-12 11:25:50+00:00,mem,sreclaimable,534990848.0,dbms,08-2026,couchbase-802-vanilla-ce-large-large-aws,1,ip-172-31-22-20,ranking,benchANT
2026-08-12 11:26:00+00:00,mem,sreclaimable,544837632.0,dbms,08-2026,couchbase-802-vanilla-ce-large-large-aws,1,ip-172-31-22-20,ranking,benchANT
2026-08-12 11:26:10+00:00,mem,sreclaimable,553009152.0,dbms,08-2026,couchbase-802-vanilla-ce-large-large-aws,1,ip-172-31-22-20,ranking,benchANT
2026-08-12 11:26:20+00:00,mem,sreclaimable,555364352.0,dbms,08-2026,couchbase-802-vanilla-ce-large-large-aws,1,ip-172-31-22-20,ranking,benchANT
2026-08-12 11:26:30+00:00,mem,sreclaimable,557125632.0,dbms,08-2026,couchbase-802-vanilla-ce-large-large-aws,1,ip-172-31-22-20,ranking,benchANT
2026-08-12 11:26:40+00:00,mem,sreclaimable,560513024.0,dbms,08-2026,couchbase-802-vanilla-ce-large-large-aws,1,ip-172-31-22-20,ranking,benchANT
2026-08-12 11:26:50+00:00,mem,sreclaimable,562860032.0,dbms,08-2026,couchbase-802-vanilla-ce-large-large-aws,1,ip-172-31-22-20,ranking,benchANT
2026-08-12 11:27:00+00:00,mem,sreclaimable,563269632.0,dbms,08-2026,couchbase-802-vanilla-ce-large-large-aws,1,ip-172-31-22-20,ranking,benchANT
2026-08-12 11:27:10+00:00,mem,sreclaimable,564559872.0,dbms,08-2026,couchbase-802-vanilla-ce-large-large-aws,1,ip-172-31-22-20,ranking,benchANT
2026-08-12 11:27:20+00:00,mem,sreclaimable,564912128.0,dbms,08-2026,couchbase-802-vanilla-ce-large-large-aws,1,ip-172-31-22-20,ranking,benchANT
2026-08-12 11:27:30+00:00,mem,sreclaimable,567885824.0,dbms,08-2026,couchbase-802-vanilla-ce-large-large-aws,1,ip-172-31-22-20,ranking,benchANT
2026-08-12 11:27:40+00:00,mem,sreclaimable,568950784.0,dbms,08-2026,couchbase-802-vanilla-ce-large-large-aws,1,ip-172-31-22-20,ranking,benchANT
2026-08-12 11:27:50+00:00,mem,sreclaimable,569507840.0,dbms,08-2026,couchbase-802-vanilla-ce-large-large-aws,1,ip-172-31-22-20,ranking,benchANT
2026-08-12 11:28:00+00:00,mem,sreclaimable,564084736.0,dbms,08-2026,couchbase-802-vanilla-ce-large-large-aws,1,ip-172-31-22-20,ranking,benchANT
2026-08-12 11:28:10+00:00,mem,sreclaimable,565760000.0,dbms,08-2026,couchbase-802-vanilla-ce-large-large-aws,1,ip-172-31-22-20,ranking,benchANT
2026-08-12 11:28:20+00:00,mem,sreclaimable,562814976.0,dbms,08-2026,couchbase-802-vanilla-ce-large-large-aws,1,ip-172-31-22-20,ranking,benchANT
2026-08-12 11:28:30+00:00,mem,sreclaimable,564387840.0,dbms,08-2026,couchbase-802-vanilla-ce-large-large-aws,1,ip-172-31-22-20,ranking,benchANT
2026-08-12 11:28:40+00:00,mem,sreclaimable,563277824.0,dbms,08-2026,couchbase-802-vanilla-ce-large-large-aws,1,ip-172-31-22-20,ranking,benchANT
2026-08-12 11:28:50+00:00,mem,sreclaimable,563507200.0,dbms,08-2026,couchbase-802-vanilla-ce-large-large-aws,1,ip-172-31-22-20,ranking,benchANT
2026-08-12 11:29:00+00:00,mem,sreclaimable,564797440.0,dbms,08-2026,couchbase-802-vanilla-ce-large-large-aws,1,ip-172-31-22-20,ranking,benchANT
2026-08-12 11:29:10+00:00,mem,sreclaimable,563073024.0,dbms,08-2026,couchbase-802-vanilla-ce-large-large-aws,1,ip-172-31-22-20,ranking,benchANT
2026-08-12 11:29:20+00:00,mem,sreclaimable,563908608.0,dbms,08-2026,couchbase-802-vanilla-ce-large-large-aws,1,ip-172-31-22-20,ranking,benchANT
2026-08-12 11:29:30+00:00,mem,sreclaimable,562765824.0,dbms,08-2026,couchbase-802-vanilla-ce-large-large-aws,1,ip-172-31-22-20,ranking,benchANT
2026-08-12 11:29:40+00:00,mem,sreclaimable,562753536.0,dbms,08-2026,couchbase-802-vanilla-ce-large-large-aws,1,ip-172-31-22-20,ranking,benchANT
2026-08-12 11:29:50+00:00,mem,sreclaimable,562753536.0,dbms,08-2026,couchbase-802-vanilla-ce-large-large-aws,1,ip-172-31-22-20,ranking,benchANT
2026-08-12 11:20:00+00:00,mem,sunreclaim,99606528.0,dbms,08-2026,couchbase-802-vanilla-ce-large-large-aws,1,ip-172-31-22-20,ranking,benchANT
2026-08-12 11:20:10+00:00,mem,sunreclaim,99606528.0,dbms,08-2026,couchbase-802-vanilla-ce-large-large-aws,1,ip-172-31-22-20,ranking,benchANT
2026-08-12 11:20:20+00:00,mem,sunreclaim,99614720.0,dbms,08-2026,couchbase-802-vanilla-ce-large-large-aws,1,ip-172-31-22-20,ranking,benchANT
2026-08-12 11:20:30+00:00,mem,sunreclaim,99614720.0,dbms,08-2026,couchbase-802-vanilla-ce-large-large-aws,1,ip-172-31-22-20,ranking,benchANT
2026-08-12 11:20:40+00:00,mem,sunreclaim,99614720.0,dbms,08-2026,couchbase-802-vanilla-ce-large-large-aws,1,ip-172-31-22-20,ranking,benchANT
2026-08-12 11:20:50+00:00,mem,sunreclaim,99614720.0,dbms,08-2026,couchbase-802-vanilla-ce-large-large-aws,1,ip-172-31-22-20,ranking,benchANT
2026-08-12 11:21:00+00:00,mem,sunreclaim,99663872.0,dbms,08-2026,couchbase-802-vanilla-ce-large-large-aws,1,ip-172-31-22-20,ranking,benchANT
2026-08-12 11:21:10+00:00,mem,sunreclaim,99794944.0,dbms,08-2026,couchbase-802-vanilla-ce-large-large-aws,1,ip-172-31-22-20,ranking,benchANT
2026-08-12 11:21:20+00:00,mem,sunreclaim,99999744.0,dbms,08-2026,couchbase-802-vanilla-ce-large-large-aws,1,ip-172-31-22-20,ranking,benchANT
2026-08-12 11:21:30+00:00,mem,sunreclaim,100483072.0,dbms,08-2026,couchbase-802-vanilla-ce-large-large-aws,1,ip-172-31-22-20,ranking,benchANT
2026-08-12 11:21:40+00:00,mem,sunreclaim,101859328.0,dbms,08-2026,couchbase-802-vanilla-ce-large-large-aws,1,ip-172-31-22-20,ranking,benchANT
2026-08-12 11:21:50+00:00,mem,sunreclaim,103170048.0,dbms,08-2026,couchbase-802-vanilla-ce-large-large-aws,1,ip-172-31-22-20,ranking,benchANT
2026-08-12 11:22:00+00:00,mem,sunreclaim,104529920.0,dbms,08-2026,couchbase-802-vanilla-ce-large-large-aws,1,ip-172-31-22-20,ranking,benchANT
2026-08-12 11:22:10+00:00,mem,sunreclaim,105893888.0,dbms,08-2026,couchbase-802-vanilla-ce-large-large-aws,1,ip-172-31-22-20,ranking,benchANT
2026-08-12 11:22:20+00:00,mem,sunreclaim,107311104.0,dbms,08-2026,couchbase-802-vanilla-ce-large-large-aws,1,ip-172-31-22-20,ranking,benchANT
2026-08-12 11:22:30+00:00,mem,sunreclaim,108720128.0,dbms,08-2026,couchbase-802-vanilla-ce-large-large-aws,1,ip-172-31-22-20,ranking,benchANT
2026-08-12 11:22:40+00:00,mem,sunreclaim,110071808.0,dbms,08-2026,couchbase-802-vanilla-ce-large-large-aws,1,ip-172-31-22-20,ranking,benchANT
2026-08-12 11:22:50+00:00,mem,sunreclaim,111472640.0,dbms,08-2026,couchbase-802-vanilla-ce-large-large-aws,1,ip-172-31-22-20,ranking,benchANT
2026-08-12 11:23:00+00:00,mem,sunreclaim,112848896.0,dbms,08-2026,couchbase-802-vanilla-ce-large-large-aws,1,ip-172-31-22-20,ranking,benchANT
2026-08-12 11:23:10+00:00,mem,sunreclaim,114282496.0,dbms,08-2026,couchbase-802-vanilla-ce-large-large-aws,1,ip-172-31-22-20,ranking,benchANT
2026-08-12 11:23:20+00:00,mem,sunreclaim,115666944.0,dbms,08-2026,couchbase-802-vanilla-ce-large-large-aws,1,ip-172-31-22-20,ranking,benchANT
2026-08-12 11:23:30+00:00,mem,sunreclaim,116985856.0,dbms,08-2026,couchbase-802-vanilla-ce-large-large-aws,1,ip-172-31-22-20,ranking,benchANT
2026-08-12 11:23:40+00:00,mem,sunreclaim,118403072.0,dbms,08-2026,couchbase-802-vanilla-ce-large-large-aws,1,ip-172-31-22-20,ranking,benchANT
2026-08-12 11:23:50+00:00,mem,sunreclaim,119787520.0,dbms,08-2026,couchbase-802-vanilla-ce-large-large-aws,1,ip-172-31-22-20,ranking,benchANT
2026-08-12 11:24:00+00:00,mem,sunreclaim,121221120.0,dbms,08-2026,couchbase-802-vanilla-ce-large-large-aws,1,ip-172-31-22-20,ranking,benchANT
2026-08-12 11:24:10+00:00,mem,sunreclaim,122597376.0,dbms,08-2026,couchbase-802-vanilla-ce-large-large-aws,1,ip-172-31-22-20,ranking,benchANT
2026-08-12 11:24:20+00:00,mem,sunreclaim,124063744.0,dbms,08-2026,couchbase-802-vanilla-ce-large-large-aws,1,ip-172-31-22-20,ranking,benchANT
2026-08-12 11:24:30+00:00,mem,sunreclaim,125415424.0,dbms,08-2026,couchbase-802-vanilla-ce-large-large-aws,1,ip-172-31-22-20,ranking,benchANT
2026-08-12 11:24:40+00:00,mem,sunreclaim,126779392.0,dbms,08-2026,couchbase-802-vanilla-ce-large-large-aws,1,ip-172-31-22-20,ranking,benchANT
2026-08-12 11:24:50+00:00,mem,sunreclaim,128229376.0,dbms,08-2026,couchbase-802-vanilla-ce-large-large-aws,1,ip-172-31-22-20,ranking,benchANT
2026-08-12 11:25:00+00:00,mem,sunreclaim,129523712.0,dbms,08-2026,couchbase-802-vanilla-ce-large-large-aws,1,ip-172-31-22-20,ranking,benchANT
2026-08-12 11:25:10+00:00,mem,sunreclaim,130879488.0,dbms,08-2026,couchbase-802-vanilla-ce-large-large-aws,1,ip-172-31-22-20,ranking,benchANT
2026-08-12 11:25:20+00:00,mem,sunreclaim,132132864.0,dbms,08-2026,couchbase-802-vanilla-ce-large-large-aws,1,ip-172-31-22-20,ranking,benchANT
2026-08-12 11:25:30+00:00,mem,sunreclaim,133492736.0,dbms,08-2026,couchbase-802-vanilla-ce-large-large-aws,1,ip-172-31-22-20,ranking,benchANT
2026-08-12 11:25:40+00:00,mem,sunreclaim,134860800.0,dbms,08-2026,couchbase-802-vanilla-ce-large-large-aws,1,ip-172-31-22-20,ranking,benchANT
2026-08-12 11:25:50+00:00,mem,sunreclaim,136286208.0,dbms,08-2026,couchbase-802-vanilla-ce-large-large-aws,1,ip-172-31-22-20,ranking,benchANT
2026-08-12 11:26:00+00:00,mem,sunreclaim,137433088.0,dbms,08-2026,couchbase-802-vanilla-ce-large-large-aws,1,ip-172-31-22-20,ranking,benchANT
2026-08-12 11:26:10+00:00,mem,sunreclaim,138342400.0,dbms,08-2026,couchbase-802-vanilla-ce-large-large-aws,1,ip-172-31-22-20,ranking,benchANT
2026-08-12 11:26:20+00:00,mem,sunreclaim,138551296.0,dbms,08-2026,couchbase-802-vanilla-ce-large-large-aws,1,ip-172-31-22-20,ranking,benchANT
2026-08-12 11:26:30+00:00,mem,sunreclaim,139067392.0,dbms,08-2026,couchbase-802-vanilla-ce-large-large-aws,1,ip-172-31-22-20,ranking,benchANT
2026-08-12 11:26:40+00:00,mem,sunreclaim,139149312.0,dbms,08-2026,couchbase-802-vanilla-ce-large-large-aws,1,ip-172-31-22-20,ranking,benchANT
2026-08-12 11:26:50+00:00,mem,sunreclaim,139288576.0,dbms,08-2026,couchbase-802-vanilla-ce-large-large-aws,1,ip-172-31-22-20,ranking,benchANT
2026-08-12 11:27:00+00:00,mem,sunreclaim,139165696.0,dbms,08-2026,couchbase-802-vanilla-ce-large-large-aws,1,ip-172-31-22-20,ranking,benchANT
2026-08-12 11:27:10+00:00,mem,sunreclaim,139186176.0,dbms,08-2026,couchbase-802-vanilla-ce-large-large-aws,1,ip-172-31-22-20,ranking,benchANT
2026-08-12 11:27:20+00:00,mem,sunreclaim,139137024.0,dbms,08-2026,couchbase-802-vanilla-ce-large-large-aws,1,ip-172-31-22-20,ranking,benchANT
2026-08-12 11:27:30+00:00,mem,sunreclaim,139431936.0,dbms,08-2026,couchbase-802-vanilla-ce-large-large-aws,1,ip-172-31-22-20,ranking,benchANT
2026-08-12 11:27:40+00:00,mem,sunreclaim,139382784.0,dbms,08-2026,couchbase-802-vanilla-ce-large-large-aws,1,ip-172-31-22-20,ranking,benchANT
2026-08-12 11:27:50+00:00,mem,sunreclaim,139415552.0,dbms,08-2026,couchbase-802-vanilla-ce-large-large-aws,1,ip-172-31-22-20,ranking,benchANT
2026-08-12 11:28:00+00:00,mem,sunreclaim,138964992.0,dbms,08-2026,couchbase-802-vanilla-ce-large-large-aws,1,ip-172-31-22-20,ranking,benchANT
2026-08-12 11:28:10+00:00,mem,sunreclaim,138825728.0,dbms,08-2026,couchbase-802-vanilla-ce-large-large-aws,1,ip-172-31-22-20,ranking,benchANT
2026-08-12 11:28:20+00:00,mem,sunreclaim,138539008.0,dbms,08-2026,couchbase-802-vanilla-ce-large-large-aws,1,ip-172-31-22-20,ranking,benchANT
2026-08-12 11:28:30+00:00,mem,sunreclaim,138342400.0,dbms,08-2026,couchbase-802-vanilla-ce-large-large-aws,1,ip-172-31-22-20,ranking,benchANT
2026-08-12 11:28:40+00:00,mem,sunreclaim,138366976.0,dbms,08-2026,couchbase-802-vanilla-ce-large-large-aws,1,ip-172-31-22-20,ranking,benchANT
2026-08-12 11:28:50+00:00,mem,sunreclaim,138170368.0,dbms,08-2026,couchbase-802-vanilla-ce-large-large-aws,1,ip-172-31-22-20,ranking,benchANT
2026-08-12 11:29:00+00:00,mem,sunreclaim,138080256.0,dbms,08-2026,couchbase-802-vanilla-ce-large-large-aws,1,ip-172-31-22-20,ranking,benchANT
2026-08-12 11:29:10+00:00,mem,sunreclaim,138072064.0,dbms,08-2026,couchbase-802-vanilla-ce-large-large-aws,1,ip-172-31-22-20,ranking,benchANT
2026-08-12 11:29:20+00:00,mem,sunreclaim,137867264.0,dbms,08-2026,couchbase-802-vanilla-ce-large-large-aws,1,ip-172-31-22-20,ranking,benchANT
2026-08-12 11:29:30+00:00,mem,sunreclaim,137662464.0,dbms,08-2026,couchbase-802-vanilla-ce-large-large-aws,1,ip-172-31-22-20,ranking,benchANT
2026-08-12 11:29:40+00:00,mem,sunreclaim,137662464.0,dbms,08-2026,couchbase-802-vanilla-ce-large-large-aws,1,ip-172-31-22-20,ranking,benchANT
2026-08-12 11:29:50+00:00,mem,sunreclaim,137662464.0,dbms,08-2026,couchbase-802-vanilla-ce-large-large-aws,1,ip-172-31-22-20,ranking,benchANT
2026-08-12 11:20:00+00:00,mem,swap_cached,0.0,dbms,08-2026,couchbase-802-vanilla-ce-large-large-aws,1,ip-172-31-22-20,ranking,benchANT
2026-08-12 11:20:10+00:00,mem,swap_cached,0.0,dbms,08-2026,couchbase-802-vanilla-ce-large-large-aws,1,ip-172-31-22-20,ranking,benchANT
2026-08-12 11:20:20+00:00,mem,swap_cached,0.0,dbms,08-2026,couchbase-802-vanilla-ce-large-large-aws,1,ip-172-31-22-20,ranking,benchANT
2026-08-12 11:20:30+00:00,mem,swap_cached,0.0,dbms,08-2026,couchbase-802-vanilla-ce-large-large-aws,1,ip-172-31-22-20,ranking,benchANT
2026-08-12 11:20:40+00:00,mem,swap_cached,0.0,dbms,08-2026,couchbase-802-vanilla-ce-large-large-aws,1,ip-172-31-22-20,ranking,benchANT
2026-08-12 11:20:50+00:00,mem,swap_cached,0.0,dbms,08-2026,couchbase-802-vanilla-ce-large-large-aws,1,ip-172-31-22-20,ranking,benchANT
2026-08-12 11:21:00+00:00,mem,swap_cached,0.0,dbms,08-2026,couchbase-802-vanilla-ce-large-large-aws,1,ip-172-31-22-20,ranking,benchANT
2026-08-12 11:21:10+00:00,mem,swap_cached,0.0,dbms,08-2026,couchbase-802-vanilla-ce-large-large-aws,1,ip-172-31-22-20,ranking,benchANT
2026-08-12 11:21:20+00:00,mem,swap_cached,0.0,dbms,08-2026,couchbase-802-vanilla-ce-large-large-aws,1,ip-172-31-22-20,ranking,benchANT
2026-08-12 11:21:30+00:00,mem,swap_cached,0.0,dbms,08-2026,couchbase-802-vanilla-ce-large-large-aws,1,ip-172-31-22-20,ranking,benchANT
2026-08-12 11:21:40+00:00,mem,swap_cached,0.0,dbms,08-2026,couchbase-802-vanilla-ce-large-large-aws,1,ip-172-31-22-20,ranking,benchANT
2026-08-12 11:21:50+00:00,mem,swap_cached,0.0,dbms,08-2026,couchbase-802-vanilla-ce-large-large-aws,1,ip-172-31-22-20,ranking,benchANT
2026-08-12 11:22:00+00:00,mem,swap_cached,0.0,dbms,08-2026,couchbase-802-vanilla-ce-large-large-aws,1,ip-172-31-22-20,ranking,benchANT
2026-08-12 11:22:10+00:00,mem,swap_cached,0.0,dbms,08-2026,couchbase-802-vanilla-ce-large-large-aws,1,ip-172-31-22-20,ranking,benchANT
2026-08-12 11:22:20+00:00,mem,swap_cached,0.0,dbms,08-2026,couchbase-802-vanilla-ce-large-large-aws,1,ip-172-31-22-20,ranking,benchANT
2026-08-12 11:22:30+00:00,mem,swap_cached,0.0,dbms,08-2026,couchbase-802-vanilla-ce-large-large-aws,1,ip-172-31-22-20,ranking,benchANT
2026-08-12 11:22:40+00:00,mem,swap_cached,0.0,dbms,08-2026,couchbase-802-vanilla-ce-large-large-aws,1,ip-172-31-22-20,ranking,benchANT
2026-08-12 11:22:50+00:00,mem,swap_cached,0.0,dbms,08-2026,couchbase-802-vanilla-ce-large-large-aws,1,ip-172-31-22-20,ranking,benchANT
2026-08-12 11:23:00+00:00,mem,swap_cached,0.0,dbms,08-2026,couchbase-802-vanilla-ce-large-large-aws,1,ip-172-31-22-20,ranking,benchANT
2026-08-12 11:23:10+00:00,mem,swap_cached,0.0,dbms,08-2026,couchbase-802-vanilla-ce-large-large-aws,1,ip-172-31-22-20,ranking,benchANT
2026-08-12 11:23:20+00:00,mem,swap_cached,0.0,dbms,08-2026,couchbase-802-vanilla-ce-large-large-aws,1,ip-172-31-22-20,ranking,benchANT
2026-08-12 11:23:30+00:00,mem,swap_cached,0.0,dbms,08-2026,couchbase-802-vanilla-ce-large-large-aws,1,ip-172-31-22-20,ranking,benchANT
2026-08-12 11:23:40+00:00,mem,swap_cached,0.0,dbms,08-2026,couchbase-802-vanilla-ce-large-large-aws,1,ip-172-31-22-20,ranking,benchANT
2026-08-12 11:23:50+00:00,mem,swap_cached,0.0,dbms,08-2026,couchbase-802-vanilla-ce-large-large-aws,1,ip-172-31-22-20,ranking,benchANT
2026-08-12 11:24:00+00:00,mem,swap_cached,0.0,dbms,08-2026,couchbase-802-vanilla-ce-large-large-aws,1,ip-172-31-22-20,ranking,benchANT
2026-08-12 11:24:10+00:00,mem,swap_cached,0.0,dbms,08-2026,couchbase-802-vanilla-ce-large-large-aws,1,ip-172-31-22-20,ranking,benchANT
2026-08-12 11:24:20+00:00,mem,swap_cached,0.0,dbms,08-2026,couchbase-802-vanilla-ce-large-large-aws,1,ip-172-31-22-20,ranking,benchANT
2026-08-12 11:24:30+00:00,mem,swap_cached,0.0,dbms,08-2026,couchbase-802-vanilla-ce-large-large-aws,1,ip-172-31-22-20,ranking,benchANT
2026-08-12 11:24:40+00:00,mem,swap_cached,0.0,dbms,08-2026,couchbase-802-vanilla-ce-large-large-aws,1,ip-172-31-22-20,ranking,benchANT
2026-08-12 11:24:50+00:00,mem,swap_cached,0.0,dbms,08-2026,couchbase-802-vanilla-ce-large-large-aws,1,ip-172-31-22-20,ranking,benchANT
2026-08-12 11:25:00+00:00,mem,swap_cached,0.0,dbms,08-2026,couchbase-802-vanilla-ce-large-large-aws,1,ip-172-31-22-20,ranking,benchANT
2026-08-12 11:25:10+00:00,mem,swap_cached,0.0,dbms,08-2026,couchbase-802-vanilla-ce-large-large-aws,1,ip-172-31-22-20,ranking,benchANT
2026-08-12 11:25:20+00:00,mem,swap_cached,0.0,dbms,08-2026,couchbase-802-vanilla-ce-large-large-aws,1,ip-172-31-22-20,ranking,benchANT
2026-08-12 11:25:30+00:00,mem,swap_cached,0.0,dbms,08-2026,couchbase-802-vanilla-ce-large-large-aws,1,ip-172-31-22-20,ranking,benchANT
2026-08-12 11:25:40+00:00,mem,swap_cached,0.0,dbms,08-2026,couchbase-802-vanilla-ce-large-large-aws,1,ip-172-31-22-20,ranking,benchANT
2026-08-12 11:25:50+00:00,mem,swap_cached,0.0,dbms,08-2026,couchbase-802-vanilla-ce-large-large-aws,1,ip-172-31-22-20,ranking,benchANT
2026-08-12 11:26:00+00:00,mem,swap_cached,0.0,dbms,08-2026,couchbase-802-vanilla-ce-large-large-aws,1,ip-172-31-22-20,ranking,benchANT
2026-08-12 11:26:10+00:00,mem,swap_cached,0.0,dbms,08-2026,couchbase-802-vanilla-ce-large-large-aws,1,ip-172-31-22-20,ranking,benchANT
2026-08-12 11:26:20+00:00,mem,swap_cached,0.0,dbms,08-2026,couchbase-802-vanilla-ce-large-large-aws,1,ip-172-31-22-20,ranking,benchANT
2026-08-12 11:26:30+00:00,mem,swap_cached,0.0,dbms,08-2026,couchbase-802-vanilla-ce-large-large-aws,1,ip-172-31-22-20,ranking,benchANT
2026-08-12 11:26:40+00:00,mem,swap_cached,0.0,dbms,08-2026,couchbase-802-vanilla-ce-large-large-aws,1,ip-172-31-22-20,ranking,benchANT
2026-08-12 11:26:50+00:00,mem,swap_cached,0.0,dbms,08-2026,couchbase-802-vanilla-ce-large-large-aws,1,ip-172-31-22-20,ranking,benchANT
2026-08-12 11:27:00+00:00,mem,swap_cached,0.0,dbms,08-2026,couchbase-802-vanilla-ce-large-large-aws,1,ip-172-31-22-20,ranking,benchANT
2026-08-12 11:27:10+00:00,mem,swap_cached,0.0,dbms,08-2026,couchbase-802-vanilla-ce-large-large-aws,1,ip-172-31-22-20,ranking,benchANT
2026-08-12 11:27:20+00:00,mem,swap_cached,0.0,dbms,08-2026,couchbase-802-vanilla-ce-large-large-aws,1,ip-172-31-22-20,ranking,benchANT
2026-08-12 11:27:30+00:00,mem,swap_cached,0.0,dbms,08-2026,couchbase-802-vanilla-ce-large-large-aws,1,ip-172-31-22-20,ranking,benchANT
2026-08-12 11:27:40+00:00,mem,swap_cached,0.0,dbms,08-2026,couchbase-802-vanilla-ce-large-large-aws,1,ip-172-31-22-20,ranking,benchANT
2026-08-12 11:27:50+00:00,mem,swap_cached,0.0,dbms,08-2026,couchbase-802-vanilla-ce-large-large-aws,1,ip-172-31-22-20,ranking,benchANT
2026-08-12 11:28:00+00:00,mem,swap_cached,0.0,dbms,08-2026,couchbase-802-vanilla-ce-large-large-aws,1,ip-172-31-22-20,ranking,benchANT
2026-08-12 11:28:10+00:00,mem,swap_cached,0.0,dbms,08-2026,couchbase-802-vanilla-ce-large-large-aws,1,ip-172-31-22-20,ranking,benchANT
2026-08-12 11:28:20+00:00,mem,swap_cached,0.0,dbms,08-2026,couchbase-802-vanilla-ce-large-large-aws,1,ip-172-31-22-20,ranking,benchANT
2026-08-12 11:28:30+00:00,mem,swap_cached,0.0,dbms,08-2026,couchbase-802-vanilla-ce-large-large-aws,1,ip-172-31-22-20,ranking,benchANT
2026-08-12 11:28:40+00:00,mem,swap_cached,0.0,dbms,08-2026,couchbase-802-vanilla-ce-large-large-aws,1,ip-172-31-22-20,ranking,benchANT
2026-08-12 11:28:50+00:00,mem,swap_cached,0.0,dbms,08-2026,couchbase-802-vanilla-ce-large-large-aws,1,ip-172-31-22-20,ranking,benchANT
2026-08-12 11:29:00+00:00,mem,swap_cached,0.0,dbms,08-2026,couchbase-802-vanilla-ce-large-large-aws,1,ip-172-31-22-20,ranking,benchANT
2026-08-12 11:29:10+00:00,mem,swap_cached,0.0,dbms,08-2026,couchbase-802-vanilla-ce-large-large-aws,1,ip-172-31-22-20,ranking,benchANT
2026-08-12 11:29:20+00:00,mem,swap_cached,0.0,dbms,08-2026,couchbase-802-vanilla-ce-large-large-aws,1,ip-172-31-22-20,ranking,benchANT
2026-08-12 11:29:30+00:00,mem,swap_cached,0.0,dbms,08-2026,couchbase-802-vanilla-ce-large-large-aws,1,ip-172-31-22-20,ranking,benchANT
2026-08-12 11:29:40+00:00,mem,swap_cached,0.0,dbms,08-2026,couchbase-802-vanilla-ce-large-large-aws,1,ip-172-31-22-20,ranking,benchANT
2026-08-12 11:29:50+00:00,mem,swap_cached,0.0,dbms,08-2026,couchbase-802-vanilla-ce-large-large-aws,1,ip-172-31-22-20,ranking,benchANT
2026-08-12 11:20:00+00:00,mem,swap_free,0.0,dbms,08-2026,couchbase-802-vanilla-ce-large-large-aws,1,ip-172-31-22-20,ranking,benchANT
2026-08-12 11:20:10+00:00,mem,swap_free,0.0,dbms,08-2026,couchbase-802-vanilla-ce-large-large-aws,1,ip-172-31-22-20,ranking,benchANT
2026-08-12 11:20:20+00:00,mem,swap_free,0.0,dbms,08-2026,couchbase-802-vanilla-ce-large-large-aws,1,ip-172-31-22-20,ranking,benchANT
2026-08-12 11:20:30+00:00,mem,swap_free,0.0,dbms,08-2026,couchbase-802-vanilla-ce-large-large-aws,1,ip-172-31-22-20,ranking,benchANT
2026-08-12 11:20:40+00:00,mem,swap_free,0.0,dbms,08-2026,couchbase-802-vanilla-ce-large-large-aws,1,ip-172-31-22-20,ranking,benchANT
2026-08-12 11:20:50+00:00,mem,swap_free,0.0,dbms,08-2026,couchbase-802-vanilla-ce-large-large-aws,1,ip-172-31-22-20,ranking,benchANT
2026-08-12 11:21:00+00:00,mem,swap_free,0.0,dbms,08-2026,couchbase-802-vanilla-ce-large-large-aws,1,ip-172-31-22-20,ranking,benchANT
2026-08-12 11:21:10+00:00,mem,swap_free,0.0,dbms,08-2026,couchbase-802-vanilla-ce-large-large-aws,1,ip-172-31-22-20,ranking,benchANT
2026-08-12 11:21:20+00:00,mem,swap_free,0.0,dbms,08-2026,couchbase-802-vanilla-ce-large-large-aws,1,ip-172-31-22-20,ranking,benchANT
2026-08-12 11:21:30+00:00,mem,swap_free,0.0,dbms,08-2026,couchbase-802-vanilla-ce-large-large-aws,1,ip-172-31-22-20,ranking,benchANT
2026-08-12 11:21:40+00:00,mem,swap_free,0.0,dbms,08-2026,couchbase-802-vanilla-ce-large-large-aws,1,ip-172-31-22-20,ranking,benchANT
2026-08-12 11:21:50+00:00,mem,swap_free,0.0,dbms,08-2026,couchbase-802-vanilla-ce-large-large-aws,1,ip-172-31-22-20,ranking,benchANT
2026-08-12 11:22:00+00:00,mem,swap_free,0.0,dbms,08-2026,couchbase-802-vanilla-ce-large-large-aws,1,ip-172-31-22-20,ranking,benchANT
2026-08-12 11:22:10+00:00,mem,swap_free,0.0,dbms,08-2026,couchbase-802-vanilla-ce-large-large-aws,1,ip-172-31-22-20,ranking,benchANT
2026-08-12 11:22:20+00:00,mem,swap_free,0.0,dbms,08-2026,couchbase-802-vanilla-ce-large-large-aws,1,ip-172-31-22-20,ranking,benchANT
2026-08-12 11:22:30+00:00,mem,swap_free,0.0,dbms,08-2026,couchbase-802-vanilla-ce-large-large-aws,1,ip-172-31-22-20,ranking,benchANT
2026-08-12 11:22:40+00:00,mem,swap_free,0.0,dbms,08-2026,couchbase-802-vanilla-ce-large-large-aws,1,ip-172-31-22-20,ranking,benchANT
2026-08-12 11:22:50+00:00,mem,swap_free,0.0,dbms,08-2026,couchbase-802-vanilla-ce-large-large-aws,1,ip-172-31-22-20,ranking,benchANT
2026-08-12 11:23:00+00:00,mem,swap_free,0.0,dbms,08-2026,couchbase-802-vanilla-ce-large-large-aws,1,ip-172-31-22-20,ranking,benchANT
2026-08-12 11:23:10+00:00,mem,swap_free,0.0,dbms,08-2026,couchbase-802-vanilla-ce-large-large-aws,1,ip-172-31-22-20,ranking,benchANT
2026-08-12 11:23:20+00:00,mem,swap_free,0.0,dbms,08-2026,couchbase-802-vanilla-ce-large-large-aws,1,ip-172-31-22-20,ranking,benchANT
2026-08-12 11:23:30+00:00,mem,swap_free,0.0,dbms,08-2026,couchbase-802-vanilla-ce-large-large-aws,1,ip-172-31-22-20,ranking,benchANT
2026-08-12 11:23:40+00:00,mem,swap_free,0.0,dbms,08-2026,couchbase-802-vanilla-ce-large-large-aws,1,ip-172-31-22-20,ranking,benchANT
2026-08-12 11:23:50+00:00,mem,swap_free,0.0,dbms,08-2026,couchbase-802-vanilla-ce-large-large-aws,1,ip-172-31-22-20,ranking,benchANT
2026-08-12 11:24:00+00:00,mem,swap_free,0.0,dbms,08-2026,couchbase-802-vanilla-ce-large-large-aws,1,ip-172-31-22-20,ranking,benchANT
2026-08-12 11:24:10+00:00,mem,swap_free,0.0,dbms,08-2026,couchbase-802-vanilla-ce-large-large-aws,1,ip-172-31-22-20,ranking,benchANT
2026-08-12 11:24:20+00:00,mem,swap_free,0.0,dbms,08-2026,couchbase-802-vanilla-ce-large-large-aws,1,ip-172-31-22-20,ranking,benchANT
2026-08-12 11:24:30+00:00,mem,swap_free,0.0,dbms,08-2026,couchbase-802-vanilla-ce-large-large-aws,1,ip-172-31-22-20,ranking,benchANT
2026-08-12 11:24:40+00:00,mem,swap_free,0.0,dbms,08-2026,couchbase-802-vanilla-ce-large-large-aws,1,ip-172-31-22-20,ranking,benchANT
2026-08-12 11:24:50+00:00,mem,swap_free,0.0,dbms,08-2026,couchbase-802-vanilla-ce-large-large-aws,1,ip-172-31-22-20,ranking,benchANT
2026-08-12 11:25:00+00:00,mem,swap_free,0.0,dbms,08-2026,couchbase-802-vanilla-ce-large-large-aws,1,ip-172-31-22-20,ranking,benchANT
2026-08-12 11:25:10+00:00,mem,swap_free,0.0,dbms,08-2026,couchbase-802-vanilla-ce-large-large-aws,1,ip-172-31-22-20,ranking,benchANT
2026-08-12 11:25:20+00:00,mem,swap_free,0.0,dbms,08-2026,couchbase-802-vanilla-ce-large-large-aws,1,ip-172-31-22-20,ranking,benchANT
2026-08-12 11:25:30+00:00,mem,swap_free,0.0,dbms,08-2026,couchbase-802-vanilla-ce-large-large-aws,1,ip-172-31-22-20,ranking,benchANT
2026-08-12 11:25:40+00:00,mem,swap_free,0.0,dbms,08-2026,couchbase-802-vanilla-ce-large-large-aws,1,ip-172-31-22-20,ranking,benchANT
2026-08-12 11:25:50+00:00,mem,swap_free,0.0,dbms,08-2026,couchbase-802-vanilla-ce-large-large-aws,1,ip-172-31-22-20,ranking,benchANT
2026-08-12 11:26:00+00:00,mem,swap_free,0.0,dbms,08-2026,couchbase-802-vanilla-ce-large-large-aws,1,ip-172-31-22-20,ranking,benchANT
2026-08-12 11:26:10+00:00,mem,swap_free,0.0,dbms,08-2026,couchbase-802-vanilla-ce-large-large-aws,1,ip-172-31-22-20,ranking,benchANT
2026-08-12 11:26:20+00:00,mem,swap_free,0.0,dbms,08-2026,couchbase-802-vanilla-ce-large-large-aws,1,ip-172-31-22-20,ranking,benchANT
2026-08-12 11:26:30+00:00,mem,swap_free,0.0,dbms,08-2026,couchbase-802-vanilla-ce-large-large-aws,1,ip-172-31-22-20,ranking,benchANT
2026-08-12 11:26:40+00:00,mem,swap_free,0.0,dbms,08-2026,couchbase-802-vanilla-ce-large-large-aws,1,ip-172-31-22-20,ranking,benchANT
2026-08-12 11:26:50+00:00,mem,swap_free,0.0,dbms,08-2026,couchbase-802-vanilla-ce-large-large-aws,1,ip-172-31-22-20,ranking,benchANT
2026-08-12 11:27:00+00:00,mem,swap_free,0.0,dbms,08-2026,couchbase-802-vanilla-ce-large-large-aws,1,ip-172-31-22-20,ranking,benchANT
2026-08-12 11:27:10+00:00,mem,swap_free,0.0,dbms,08-2026,couchbase-802-vanilla-ce-large-large-aws,1,ip-172-31-22-20,ranking,benchANT
2026-08-12 11:27:20+00:00,mem,swap_free,0.0,dbms,08-2026,couchbase-802-vanilla-ce-large-large-aws,1,ip-172-31-22-20,ranking,benchANT
2026-08-12 11:27:30+00:00,mem,swap_free,0.0,dbms,08-2026,couchbase-802-vanilla-ce-large-large-aws,1,ip-172-31-22-20,ranking,benchANT
2026-08-12 11:27:40+00:00,mem,swap_free,0.0,dbms,08-2026,couchbase-802-vanilla-ce-large-large-aws,1,ip-172-31-22-20,ranking,benchANT
2026-08-12 11:27:50+00:00,mem,swap_free,0.0,dbms,08-2026,couchbase-802-vanilla-ce-large-large-aws,1,ip-172-31-22-20,ranking,benchANT
2026-08-12 11:28:00+00:00,mem,swap_free,0.0,dbms,08-2026,couchbase-802-vanilla-ce-large-large-aws,1,ip-172-31-22-20,ranking,benchANT
2026-08-12 11:28:10+00:00,mem,swap_free,0.0,dbms,08-2026,couchbase-802-vanilla-ce-large-large-aws,1,ip-172-31-22-20,ranking,benchANT
2026-08-12 11:28:20+00:00,mem,swap_free,0.0,dbms,08-2026,couchbase-802-vanilla-ce-large-large-aws,1,ip-172-31-22-20,ranking,benchANT
2026-08-12 11:28:30+00:00,mem,swap_free,0.0,dbms,08-2026,couchbase-802-vanilla-ce-large-large-aws,1,ip-172-31-22-20,ranking,benchANT
2026-08-12 11:28:40+00:00,mem,swap_free,0.0,dbms,08-2026,couchbase-802-vanilla-ce-large-large-aws,1,ip-172-31-22-20,ranking,benchANT
2026-08-12 11:28:50+00:00,mem,swap_free,0.0,dbms,08-2026,couchbase-802-vanilla-ce-large-large-aws,1,ip-172-31-22-20,ranking,benchANT
2026-08-12 11:29:00+00:00,mem,swap_free,0.0,dbms,08-2026,couchbase-802-vanilla-ce-large-large-aws,1,ip-172-31-22-20,ranking,benchANT
2026-08-12 11:29:10+00:00,mem,swap_free,0.0,dbms,08-2026,couchbase-802-vanilla-ce-large-large-aws,1,ip-172-31-22-20,ranking,benchANT
2026-08-12 11:29:20+00:00,mem,swap_free,0.0,dbms,08-2026,couchbase-802-vanilla-ce-large-large-aws,1,ip-172-31-22-20,ranking,benchANT
2026-08-12 11:29:30+00:00,mem,swap_free,0.0,dbms,08-2026,couchbase-802-vanilla-ce-large-large-aws,1,ip-172-31-22-20,ranking,benchANT
2026-08-12 11:29:40+00:00,mem,swap_free,0.0,dbms,08-2026,couchbase-802-vanilla-ce-large-large-aws,1,ip-172-31-22-20,ranking,benchANT
2026-08-12 11:29:50+00:00,mem,swap_free,0.0,dbms,08-2026,couchbase-802-vanilla-ce-large-large-aws,1,ip-172-31-22-20,ranking,benchANT
2026-08-12 11:20:00+00:00,mem,swap_total,0.0,dbms,08-2026,couchbase-802-vanilla-ce-large-large-aws,1,ip-172-31-22-20,ranking,benchANT
2026-08-12 11:20:10+00:00,mem,swap_total,0.0,dbms,08-2026,couchbase-802-vanilla-ce-large-large-aws,1,ip-172-31-22-20,ranking,benchANT
2026-08-12 11:20:20+00:00,mem,swap_total,0.0,dbms,08-2026,couchbase-802-vanilla-ce-large-large-aws,1,ip-172-31-22-20,ranking,benchANT
2026-08-12 11:20:30+00:00,mem,swap_total,0.0,dbms,08-2026,couchbase-802-vanilla-ce-large-large-aws,1,ip-172-31-22-20,ranking,benchANT
2026-08-12 11:20:40+00:00,mem,swap_total,0.0,dbms,08-2026,couchbase-802-vanilla-ce-large-large-aws,1,ip-172-31-22-20,ranking,benchANT
2026-08-12 11:20:50+00:00,mem,swap_total,0.0,dbms,08-2026,couchbase-802-vanilla-ce-large-large-aws,1,ip-172-31-22-20,ranking,benchANT
2026-08-12 11:21:00+00:00,mem,swap_total,0.0,dbms,08-2026,couchbase-802-vanilla-ce-large-large-aws,1,ip-172-31-22-20,ranking,benchANT
2026-08-12 11:21:10+00:00,mem,swap_total,0.0,dbms,08-2026,couchbase-802-vanilla-ce-large-large-aws,1,ip-172-31-22-20,ranking,benchANT
2026-08-12 11:21:20+00:00,mem,swap_total,0.0,dbms,08-2026,couchbase-802-vanilla-ce-large-large-aws,1,ip-172-31-22-20,ranking,benchANT
2026-08-12 11:21:30+00:00,mem,swap_total,0.0,dbms,08-2026,couchbase-802-vanilla-ce-large-large-aws,1,ip-172-31-22-20,ranking,benchANT
2026-08-12 11:21:40+00:00,mem,swap_total,0.0,dbms,08-2026,couchbase-802-vanilla-ce-large-large-aws,1,ip-172-31-22-20,ranking,benchANT
2026-08-12 11:21:50+00:00,mem,swap_total,0.0,dbms,08-2026,couchbase-802-vanilla-ce-large-large-aws,1,ip-172-31-22-20,ranking,benchANT
2026-08-12 11:22:00+00:00,mem,swap_total,0.0,dbms,08-2026,couchbase-802-vanilla-ce-large-large-aws,1,ip-172-31-22-20,ranking,benchANT
2026-08-12 11:22:10+00:00,mem,swap_total,0.0,dbms,08-2026,couchbase-802-vanilla-ce-large-large-aws,1,ip-172-31-22-20,ranking,benchANT
2026-08-12 11:22:20+00:00,mem,swap_total,0.0,dbms,08-2026,couchbase-802-vanilla-ce-large-large-aws,1,ip-172-31-22-20,ranking,benchANT
2026-08-12 11:22:30+00:00,mem,swap_total,0.0,dbms,08-2026,couchbase-802-vanilla-ce-large-large-aws,1,ip-172-31-22-20,ranking,benchANT
2026-08-12 11:22:40+00:00,mem,swap_total,0.0,dbms,08-2026,couchbase-802-vanilla-ce-large-large-aws,1,ip-172-31-22-20,ranking,benchANT
2026-08-12 11:22:50+00:00,mem,swap_total,0.0,dbms,08-2026,couchbase-802-vanilla-ce-large-large-aws,1,ip-172-31-22-20,ranking,benchANT
2026-08-12 11:23:00+00:00,mem,swap_total,0.0,dbms,08-2026,couchbase-802-vanilla-ce-large-large-aws,1,ip-172-31-22-20,ranking,benchANT
2026-08-12 11:23:10+00:00,mem,swap_total,0.0,dbms,08-2026,couchbase-802-vanilla-ce-large-large-aws,1,ip-172-31-22-20,ranking,benchANT
2026-08-12 11:23:20+00:00,mem,swap_total,0.0,dbms,08-2026,couchbase-802-vanilla-ce-large-large-aws,1,ip-172-31-22-20,ranking,benchANT
2026-08-12 11:23:30+00:00,mem,swap_total,0.0,dbms,08-2026,couchbase-802-vanilla-ce-large-large-aws,1,ip-172-31-22-20,ranking,benchANT
2026-08-12 11:23:40+00:00,mem,swap_total,0.0,dbms,08-2026,couchbase-802-vanilla-ce-large-large-aws,1,ip-172-31-22-20,ranking,benchANT
2026-08-12 11:23:50+00:00,mem,swap_total,0.0,dbms,08-2026,couchbase-802-vanilla-ce-large-large-aws,1,ip-172-31-22-20,ranking,benchANT
2026-08-12 11:24:00+00:00,mem,swap_total,0.0,dbms,08-2026,couchbase-802-vanilla-ce-large-large-aws,1,ip-172-31-22-20,ranking,benchANT
2026-08-12 11:24:10+00:00,mem,swap_total,0.0,dbms,08-2026,couchbase-802-vanilla-ce-large-large-aws,1,ip-172-31-22-20,ranking,benchANT
2026-08-12 11:24:20+00:00,mem,swap_total,0.0,dbms,08-2026,couchbase-802-vanilla-ce-large-large-aws,1,ip-172-31-22-20,ranking,benchANT
2026-08-12 11:24:30+00:00,mem,swap_total,0.0,dbms,08-2026,couchbase-802-vanilla-ce-large-large-aws,1,ip-172-31-22-20,ranking,benchANT
2026-08-12 11:24:40+00:00,mem,swap_total,0.0,dbms,08-2026,couchbase-802-vanilla-ce-large-large-aws,1,ip-172-31-22-20,ranking,benchANT
2026-08-12 11:24:50+00:00,mem,swap_total,0.0,dbms,08-2026,couchbase-802-vanilla-ce-large-large-aws,1,ip-172-31-22-20,ranking,benchANT
2026-08-12 11:25:00+00:00,mem,swap_total,0.0,dbms,08-2026,couchbase-802-vanilla-ce-large-large-aws,1,ip-172-31-22-20,ranking,benchANT
2026-08-12 11:25:10+00:00,mem,swap_total,0.0,dbms,08-2026,couchbase-802-vanilla-ce-large-large-aws,1,ip-172-31-22-20,ranking,benchANT
2026-08-12 11:25:20+00:00,mem,swap_total,0.0,dbms,08-2026,couchbase-802-vanilla-ce-large-large-aws,1,ip-172-31-22-20,ranking,benchANT
2026-08-12 11:25:30+00:00,mem,swap_total,0.0,dbms,08-2026,couchbase-802-vanilla-ce-large-large-aws,1,ip-172-31-22-20,ranking,benchANT
2026-08-12 11:25:40+00:00,mem,swap_total,0.0,dbms,08-2026,couchbase-802-vanilla-ce-large-large-aws,1,ip-172-31-22-20,ranking,benchANT
2026-08-12 11:25:50+00:00,mem,swap_total,0.0,dbms,08-2026,couchbase-802-vanilla-ce-large-large-aws,1,ip-172-31-22-20,ranking,benchANT
2026-08-12 11:26:00+00:00,mem,swap_total,0.0,dbms,08-2026,couchbase-802-vanilla-ce-large-large-aws,1,ip-172-31-22-20,ranking,benchANT
2026-08-12 11:26:10+00:00,mem,swap_total,0.0,dbms,08-2026,couchbase-802-vanilla-ce-large-large-aws,1,ip-172-31-22-20,ranking,benchANT
2026-08-12 11:26:20+00:00,mem,swap_total,0.0,dbms,08-2026,couchbase-802-vanilla-ce-large-large-aws,1,ip-172-31-22-20,ranking,benchANT
2026-08-12 11:26:30+00:00,mem,swap_total,0.0,dbms,08-2026,couchbase-802-vanilla-ce-large-large-aws,1,ip-172-31-22-20,ranking,benchANT
2026-08-12 11:26:40+00:00,mem,swap_total,0.0,dbms,08-2026,couchbase-802-vanilla-ce-large-large-aws,1,ip-172-31-22-20,ranking,benchANT
2026-08-12 11:26:50+00:00,mem,swap_total,0.0,dbms,08-2026,couchbase-802-vanilla-ce-large-large-aws,1,ip-172-31-22-20,ranking,benchANT
2026-08-12 11:27:00+00:00,mem,swap_total,0.0,dbms,08-2026,couchbase-802-vanilla-ce-large-large-aws,1,ip-172-31-22-20,ranking,benchANT
2026-08-12 11:27:10+00:00,mem,swap_total,0.0,dbms,08-2026,couchbase-802-vanilla-ce-large-large-aws,1,ip-172-31-22-20,ranking,benchANT
2026-08-12 11:27:20+00:00,mem,swap_total,0.0,dbms,08-2026,couchbase-802-vanilla-ce-large-large-aws,1,ip-172-31-22-20,ranking,benchANT
2026-08-12 11:27:30+00:00,mem,swap_total,0.0,dbms,08-2026,couchbase-802-vanilla-ce-large-large-aws,1,ip-172-31-22-20,ranking,benchANT
2026-08-12 11:27:40+00:00,mem,swap_total,0.0,dbms,08-2026,couchbase-802-vanilla-ce-large-large-aws,1,ip-172-31-22-20,ranking,benchANT
2026-08-12 11:27:50+00:00,mem,swap_total,0.0,dbms,08-2026,couchbase-802-vanilla-ce-large-large-aws,1,ip-172-31-22-20,ranking,benchANT
2026-08-12 11:28:00+00:00,mem,swap_total,0.0,dbms,08-2026,couchbase-802-vanilla-ce-large-large-aws,1,ip-172-31-22-20,ranking,benchANT
2026-08-12 11:28:10+00:00,mem,swap_total,0.0,dbms,08-2026,couchbase-802-vanilla-ce-large-large-aws,1,ip-172-31-22-20,ranking,benchANT
2026-08-12 11:28:20+00:00,mem,swap_total,0.0,dbms,08-2026,couchbase-802-vanilla-ce-large-large-aws,1,ip-172-31-22-20,ranking,benchANT
2026-08-12 11:28:30+00:00,mem,swap_total,0.0,dbms,08-2026,couchbase-802-vanilla-ce-large-large-aws,1,ip-172-31-22-20,ranking,benchANT
2026-08-12 11:28:40+00:00,mem,swap_total,0.0,dbms,08-2026,couchbase-802-vanilla-ce-large-large-aws,1,ip-172-31-22-20,ranking,benchANT
2026-08-12 11:28:50+00:00,mem,swap_total,0.0,dbms,08-2026,couchbase-802-vanilla-ce-large-large-aws,1,ip-172-31-22-20,ranking,benchANT
2026-08-12 11:29:00+00:00,mem,swap_total,0.0,dbms,08-2026,couchbase-802-vanilla-ce-large-large-aws,1,ip-172-31-22-20,ranking,benchANT
2026-08-12 11:29:10+00:00,mem,swap_total,0.0,dbms,08-2026,couchbase-802-vanilla-ce-large-large-aws,1,ip-172-31-22-20,ranking,benchANT
2026-08-12 11:29:20+00:00,mem,swap_total,0.0,dbms,08-2026,couchbase-802-vanilla-ce-large-large-aws,1,ip-172-31-22-20,ranking,benchANT
2026-08-12 11:29:30+00:00,mem,swap_total,0.0,dbms,08-2026,couchbase-802-vanilla-ce-large-large-aws,1,ip-172-31-22-20,ranking,benchANT
2026-08-12 11:29:40+00:00,mem,swap_total,0.0,dbms,08-2026,couchbase-802-vanilla-ce-large-large-aws,1,ip-172-31-22-20,ranking,benchANT
2026-08-12 11:29:50+00:00,mem,swap_total,0.0,dbms,08-2026,couchbase-802-vanilla-ce-large-large-aws,1,ip-172-31-22-20,ranking,benchANT
2026-08-12 11:20:00+00:00,mem,total,32908480512.0,dbms,08-2026,couchbase-802-vanilla-ce-large-large-aws,1,ip-172-31-22-20,ranking,benchANT
2026-08-12 11:20:10+00:00,mem,total,32908480512.0,dbms,08-2026,couchbase-802-vanilla-ce-large-large-aws,1,ip-172-31-22-20,ranking,benchANT
2026-08-12 11:20:20+00:00,mem,total,32908480512.0,dbms,08-2026,couchbase-802-vanilla-ce-large-large-aws,1,ip-172-31-22-20,ranking,benchANT
2026-08-12 11:20:30+00:00,mem,total,32908480512.0,dbms,08-2026,couchbase-802-vanilla-ce-large-large-aws,1,ip-172-31-22-20,ranking,benchANT
2026-08-12 11:20:40+00:00,mem,total,32908480512.0,dbms,08-2026,couchbase-802-vanilla-ce-large-large-aws,1,ip-172-31-22-20,ranking,benchANT
2026-08-12 11:20:50+00:00,mem,total,32908480512.0,dbms,08-2026,couchbase-802-vanilla-ce-large-large-aws,1,ip-172-31-22-20,ranking,benchANT
2026-08-12 11:21:00+00:00,mem,total,32908480512.0,dbms,08-2026,couchbase-802-vanilla-ce-large-large-aws,1,ip-172-31-22-20,ranking,benchANT
2026-08-12 11:21:10+00:00,mem,total,32908480512.0,dbms,08-2026,couchbase-802-vanilla-ce-large-large-aws,1,ip-172-31-22-20,ranking,benchANT
2026-08-12 11:21:20+00:00,mem,total,32908480512.0,dbms,08-2026,couchbase-802-vanilla-ce-large-large-aws,1,ip-172-31-22-20,ranking,benchANT
2026-08-12 11:21:30+00:00,mem,total,32908480512.0,dbms,08-2026,couchbase-802-vanilla-ce-large-large-aws,1,ip-172-31-22-20,ranking,benchANT
2026-08-12 11:21:40+00:00,mem,total,32908480512.0,dbms,08-2026,couchbase-802-vanilla-ce-large-large-aws,1,ip-172-31-22-20,ranking,benchANT
2026-08-12 11:21:50+00:00,mem,total,32908480512.0,dbms,08-2026,couchbase-802-vanilla-ce-large-large-aws,1,ip-172-31-22-20,ranking,benchANT
2026-08-12 11:22:00+00:00,mem,total,32908480512.0,dbms,08-2026,couchbase-802-vanilla-ce-large-large-aws,1,ip-172-31-22-20,ranking,benchANT
2026-08-12 11:22:10+00:00,mem,total,32908480512.0,dbms,08-2026,couchbase-802-vanilla-ce-large-large-aws,1,ip-172-31-22-20,ranking,benchANT
2026-08-12 11:22:20+00:00,mem,total,32908480512.0,dbms,08-2026,couchbase-802-vanilla-ce-large-large-aws,1,ip-172-31-22-20,ranking,benchANT
2026-08-12 11:22:30+00:00,mem,total,32908480512.0,dbms,08-2026,couchbase-802-vanilla-ce-large-large-aws,1,ip-172-31-22-20,ranking,benchANT
2026-08-12 11:22:40+00:00,mem,total,32908480512.0,dbms,08-2026,couchbase-802-vanilla-ce-large-large-aws,1,ip-172-31-22-20,ranking,benchANT
2026-08-12 11:22:50+00:00,mem,total,32908480512.0,dbms,08-2026,couchbase-802-vanilla-ce-large-large-aws,1,ip-172-31-22-20,ranking,benchANT
2026-08-12 11:23:00+00:00,mem,total,32908480512.0,dbms,08-2026,couchbase-802-vanilla-ce-large-large-aws,1,ip-172-31-22-20,ranking,benchANT
2026-08-12 11:23:10+00:00,mem,total,32908480512.0,dbms,08-2026,couchbase-802-vanilla-ce-large-large-aws,1,ip-172-31-22-20,ranking,benchANT
2026-08-12 11:23:20+00:00,mem,total,32908480512.0,dbms,08-2026,couchbase-802-vanilla-ce-large-large-aws,1,ip-172-31-22-20,ranking,benchANT
2026-08-12 11:23:30+00:00,mem,total,32908480512.0,dbms,08-2026,couchbase-802-vanilla-ce-large-large-aws,1,ip-172-31-22-20,ranking,benchANT
2026-08-12 11:23:40+00:00,mem,total,32908480512.0,dbms,08-2026,couchbase-802-vanilla-ce-large-large-aws,1,ip-172-31-22-20,ranking,benchANT
2026-08-12 11:23:50+00:00,mem,total,32908480512.0,dbms,08-2026,couchbase-802-vanilla-ce-large-large-aws,1,ip-172-31-22-20,ranking,benchANT
2026-08-12 11:24:00+00:00,mem,total,32908480512.0,dbms,08-2026,couchbase-802-vanilla-ce-large-large-aws,1,ip-172-31-22-20,ranking,benchANT
2026-08-12 11:24:10+00:00,mem,total,32908480512.0,dbms,08-2026,couchbase-802-vanilla-ce-large-large-aws,1,ip-172-31-22-20,ranking,benchANT
2026-08-12 11:24:20+00:00,mem,total,32908480512.0,dbms,08-2026,couchbase-802-vanilla-ce-large-large-aws,1,ip-172-31-22-20,ranking,benchANT
2026-08-12 11:24:30+00:00,mem,total,32908480512.0,dbms,08-2026,couchbase-802-vanilla-ce-large-large-aws,1,ip-172-31-22-20,ranking,benchANT
2026-08-12 11:24:40+00:00,mem,total,32908480512.0,dbms,08-2026,couchbase-802-vanilla-ce-large-large-aws,1,ip-172-31-22-20,ranking,benchANT
2026-08-12 11:24:50+00:00,mem,total,32908480512.0,dbms,08-2026,couchbase-802-vanilla-ce-large-large-aws,1,ip-172-31-22-20,ranking,benchANT
2026-08-12 11:25:00+00:00,mem,total,32908480512.0,dbms,08-2026,couchbase-802-vanilla-ce-large-large-aws,1,ip-172-31-22-20,ranking,benchANT
2026-08-12 11:25:10+00:00,mem,total,32908480512.0,dbms,08-2026,couchbase-802-vanilla-ce-large-large-aws,1,ip-172-31-22-20,ranking,benchANT
2026-08-12 11:25:20+00:00,mem,total,32908480512.0,dbms,08-2026,couchbase-802-vanilla-ce-large-large-aws,1,ip-172-31-22-20,ranking,benchANT
2026-08-12 11:25:30+00:00,mem,total,32908480512.0,dbms,08-2026,couchbase-802-vanilla-ce-large-large-aws,1,ip-172-31-22-20,ranking,benchANT
2026-08-12 11:25:40+00:00,mem,total,32908480512.0,dbms,08-2026,couchbase-802-vanilla-ce-large-large-aws,1,ip-172-31-22-20,ranking,benchANT
2026-08-12 11:25:50+00:00,mem,total,32908480512.0,dbms,08-2026,couchbase-802-vanilla-ce-large-large-aws,1,ip-172-31-22-20,ranking,benchANT
2026-08-12 11:26:00+00:00,mem,total,32908480512.0,dbms,08-2026,couchbase-802-vanilla-ce-large-large-aws,1,ip-172-31-22-20,ranking,benchANT
2026-08-12 11:26:10+00:00,mem,total,32908480512.0,dbms,08-2026,couchbase-802-vanilla-ce-large-large-aws,1,ip-172-31-22-20,ranking,benchANT
2026-08-12 11:26:20+00:00,mem,total,32908480512.0,dbms,08-2026,couchbase-802-vanilla-ce-large-large-aws,1,ip-172-31-22-20,ranking,benchANT
2026-08-12 11:26:30+00:00,mem,total,32908480512.0,dbms,08-2026,couchbase-802-vanilla-ce-large-large-aws,1,ip-172-31-22-20,ranking,benchANT
2026-08-12 11:26:40+00:00,mem,total,32908480512.0,dbms,08-2026,couchbase-802-vanilla-ce-large-large-aws,1,ip-172-31-22-20,ranking,benchANT
2026-08-12 11:26:50+00:00,mem,total,32908480512.0,dbms,08-2026,couchbase-802-vanilla-ce-large-large-aws,1,ip-172-31-22-20,ranking,benchANT
2026-08-12 11:27:00+00:00,mem,total,32908480512.0,dbms,08-2026,couchbase-802-vanilla-ce-large-large-aws,1,ip-172-31-22-20,ranking,benchANT
2026-08-12 11:27:10+00:00,mem,total,32908480512.0,dbms,08-2026,couchbase-802-vanilla-ce-large-large-aws,1,ip-172-31-22-20,ranking,benchANT
2026-08-12 11:27:20+00:00,mem,total,32908480512.0,dbms,08-2026,couchbase-802-vanilla-ce-large-large-aws,1,ip-172-31-22-20,ranking,benchANT
2026-08-12 11:27:30+00:00,mem,total,32908480512.0,dbms,08-2026,couchbase-802-vanilla-ce-large-large-aws,1,ip-172-31-22-20,ranking,benchANT
2026-08-12 11:27:40+00:00,mem,total,32908480512.0,dbms,08-2026,couchbase-802-vanilla-ce-large-large-aws,1,ip-172-31-22-20,ranking,benchANT
2026-08-12 11:27:50+00:00,mem,total,32908480512.0,dbms,08-2026,couchbase-802-vanilla-ce-large-large-aws,1,ip-172-31-22-20,ranking,benchANT
2026-08-12 11:28:00+00:00,mem,total,32908480512.0,dbms,08-2026,couchbase-802-vanilla-ce-large-large-aws,1,ip-172-31-22-20,ranking,benchANT
2026-08-12 11:28:10+00:00,mem,total,32908480512.0,dbms,08-2026,couchbase-802-vanilla-ce-large-large-aws,1,ip-172-31-22-20,ranking,benchANT
2026-08-12 11:28:20+00:00,mem,total,32908480512.0,dbms,08-2026,couchbase-802-vanilla-ce-large-large-aws,1,ip-172-31-22-20,ranking,benchANT
2026-08-12 11:28:30+00:00,mem,total,32908480512.0,dbms,08-2026,couchbase-802-vanilla-ce-large-large-aws,1,ip-172-31-22-20,ranking,benchANT
2026-08-12 11:28:40+00:00,mem,total,32908480512.0,dbms,08-2026,couchbase-802-vanilla-ce-large-large-aws,1,ip-172-31-22-20,ranking,benchANT
2026-08-12 11:28:50+00:00,mem,total,32908480512.0,dbms,08-2026,couchbase-802-vanilla-ce-large-large-aws,1,ip-172-31-22-20,ranking,benchANT
2026-08-12 11:29:00+00:00,mem,total,32908480512.0,dbms,08-2026,couchbase-802-vanilla-ce-large-large-aws,1,ip-172-31-22-20,ranking,benchANT
2026-08-12 11:29:10+00:00,mem,total,32908480512.0,dbms,08-2026,couchbase-802-vanilla-ce-large-large-aws,1,ip-172-31-22-20,ranking,benchANT
2026-08-12 11:29:20+00:00,mem,total,32908480512.0,dbms,08-2026,couchbase-802-vanilla-ce-large-large-aws,1,ip-172-31-22-20,ranking,benchANT
2026-08-12 11:29:30+00:00,mem,total,32908480512.0,dbms,08-2026,couchbase-802-vanilla-ce-large-large-aws,1,ip-172-31-22-20,ranking,benchANT
2026-08-12 11:29:40+00:00,mem,total,32908480512.0,dbms,08-2026,couchbase-802-vanilla-ce-large-large-aws,1,ip-172-31-22-20,ranking,benchANT
2026-08-12 11:29:50+00:00,mem,total,32908480512.0,dbms,08-2026,couchbase-802-vanilla-ce-large-large-aws,1,ip-172-31-22-20,ranking,benchANT
2026-08-12 11:20:00+00:00,mem,used,5222653952.0,dbms,08-2026,couchbase-802-vanilla-ce-large-large-aws,1,ip-172-31-22-20,ranking,benchANT
2026-08-12 11:20:10+00:00,mem,used,5219057664.0,dbms,08-2026,couchbase-802-vanilla-ce-large-large-aws,1,ip-172-31-22-20,ranking,benchANT
2026-08-12 11:20:20+00:00,mem,used,5218189312.0,dbms,08-2026,couchbase-802-vanilla-ce-large-large-aws,1,ip-172-31-22-20,ranking,benchANT
2026-08-12 11:20:30+00:00,mem,used,5218824192.0,dbms,08-2026,couchbase-802-vanilla-ce-large-large-aws,1,ip-172-31-22-20,ranking,benchANT
2026-08-12 11:20:40+00:00,mem,used,5220900864.0,dbms,08-2026,couchbase-802-vanilla-ce-large-large-aws,1,ip-172-31-22-20,ranking,benchANT
2026-08-12 11:20:50+00:00,mem,used,5214629888.0,dbms,08-2026,couchbase-802-vanilla-ce-large-large-aws,1,ip-172-31-22-20,ranking,benchANT
2026-08-12 11:21:00+00:00,mem,used,5212897280.0,dbms,08-2026,couchbase-802-vanilla-ce-large-large-aws,1,ip-172-31-22-20,ranking,benchANT
2026-08-12 11:21:10+00:00,mem,used,5220777984.0,dbms,08-2026,couchbase-802-vanilla-ce-large-large-aws,1,ip-172-31-22-20,ranking,benchANT
2026-08-12 11:21:20+00:00,mem,used,5247627264.0,dbms,08-2026,couchbase-802-vanilla-ce-large-large-aws,1,ip-172-31-22-20,ranking,benchANT
2026-08-12 11:21:30+00:00,mem,used,5469663232.0,dbms,08-2026,couchbase-802-vanilla-ce-large-large-aws,1,ip-172-31-22-20,ranking,benchANT
2026-08-12 11:21:40+00:00,mem,used,6057537536.0,dbms,08-2026,couchbase-802-vanilla-ce-large-large-aws,1,ip-172-31-22-20,ranking,benchANT
2026-08-12 11:21:50+00:00,mem,used,6553698304.0,dbms,08-2026,couchbase-802-vanilla-ce-large-large-aws,1,ip-172-31-22-20,ranking,benchANT
2026-08-12 11:22:00+00:00,mem,used,7108423680.0,dbms,08-2026,couchbase-802-vanilla-ce-large-large-aws,1,ip-172-31-22-20,ranking,benchANT
2026-08-12 11:22:10+00:00,mem,used,7575678976.0,dbms,08-2026,couchbase-802-vanilla-ce-large-large-aws,1,ip-172-31-22-20,ranking,benchANT
2026-08-12 11:22:20+00:00,mem,used,8067821568.0,dbms,08-2026,couchbase-802-vanilla-ce-large-large-aws,1,ip-172-31-22-20,ranking,benchANT
2026-08-12 11:22:30+00:00,mem,used,8579411968.0,dbms,08-2026,couchbase-802-vanilla-ce-large-large-aws,1,ip-172-31-22-20,ranking,benchANT
2026-08-12 11:22:40+00:00,mem,used,9033519104.0,dbms,08-2026,couchbase-802-vanilla-ce-large-large-aws,1,ip-172-31-22-20,ranking,benchANT
2026-08-12 11:22:50+00:00,mem,used,9545752576.0,dbms,08-2026,couchbase-802-vanilla-ce-large-large-aws,1,ip-172-31-22-20,ranking,benchANT
2026-08-12 11:23:00+00:00,mem,used,10027962368.0,dbms,08-2026,couchbase-802-vanilla-ce-large-large-aws,1,ip-172-31-22-20,ranking,benchANT
2026-08-12 11:23:10+00:00,mem,used,10534457344.0,dbms,08-2026,couchbase-802-vanilla-ce-large-large-aws,1,ip-172-31-22-20,ranking,benchANT
2026-08-12 11:23:20+00:00,mem,used,11025047552.0,dbms,08-2026,couchbase-802-vanilla-ce-large-large-aws,1,ip-172-31-22-20,ranking,benchANT
2026-08-12 11:23:30+00:00,mem,used,11468029952.0,dbms,08-2026,couchbase-802-vanilla-ce-large-large-aws,1,ip-172-31-22-20,ranking,benchANT
2026-08-12 11:23:40+00:00,mem,used,11981549568.0,dbms,08-2026,couchbase-802-vanilla-ce-large-large-aws,1,ip-172-31-22-20,ranking,benchANT
2026-08-12 11:23:50+00:00,mem,used,12546912256.0,dbms,08-2026,couchbase-802-vanilla-ce-large-large-aws,1,ip-172-31-22-20,ranking,benchANT
2026-08-12 11:24:00+00:00,mem,used,13053214720.0,dbms,08-2026,couchbase-802-vanilla-ce-large-large-aws,1,ip-172-31-22-20,ranking,benchANT
2026-08-12 11:24:10+00:00,mem,used,13522526208.0,dbms,08-2026,couchbase-802-vanilla-ce-large-large-aws,1,ip-172-31-22-20,ranking,benchANT
2026-08-12 11:24:20+00:00,mem,used,14008762368.0,dbms,08-2026,couchbase-802-vanilla-ce-large-large-aws,1,ip-172-31-22-20,ranking,benchANT
2026-08-12 11:24:30+00:00,mem,used,14511419392.0,dbms,08-2026,couchbase-802-vanilla-ce-large-large-aws,1,ip-172-31-22-20,ranking,benchANT
2026-08-12 11:24:40+00:00,mem,used,14988222464.0,dbms,08-2026,couchbase-802-vanilla-ce-large-large-aws,1,ip-172-31-22-20,ranking,benchANT
2026-08-12 11:24:50+00:00,mem,used,15097417728.0,dbms,08-2026,couchbase-802-vanilla-ce-large-large-aws,1,ip-172-31-22-20,ranking,benchANT
2026-08-12 11:25:00+00:00,mem,used,15132868608.0,dbms,08-2026,couchbase-802-vanilla-ce-large-large-aws,1,ip-172-31-22-20,ranking,benchANT
2026-08-12 11:25:10+00:00,mem,used,15168851968.0,dbms,08-2026,couchbase-802-vanilla-ce-large-large-aws,1,ip-172-31-22-20,ranking,benchANT
2026-08-12 11:25:20+00:00,mem,used,15203196928.0,dbms,08-2026,couchbase-802-vanilla-ce-large-large-aws,1,ip-172-31-22-20,ranking,benchANT
2026-08-12 11:25:30+00:00,mem,used,15217754112.0,dbms,08-2026,couchbase-802-vanilla-ce-large-large-aws,1,ip-172-31-22-20,ranking,benchANT
2026-08-12 11:25:40+00:00,mem,used,14981693440.0,dbms,08-2026,couchbase-802-vanilla-ce-large-large-aws,1,ip-172-31-22-20,ranking,benchANT
2026-08-12 11:25:50+00:00,mem,used,14358237184.0,dbms,08-2026,couchbase-802-vanilla-ce-large-large-aws,1,ip-172-31-22-20,ranking,benchANT
2026-08-12 11:26:00+00:00,mem,used,13738258432.0,dbms,08-2026,couchbase-802-vanilla-ce-large-large-aws,1,ip-172-31-22-20,ranking,benchANT
2026-08-12 11:26:10+00:00,mem,used,13553770496.0,dbms,08-2026,couchbase-802-vanilla-ce-large-large-aws,1,ip-172-31-22-20,ranking,benchANT
2026-08-12 11:26:20+00:00,mem,used,13605957632.0,dbms,08-2026,couchbase-802-vanilla-ce-large-large-aws,1,ip-172-31-22-20,ranking,benchANT
2026-08-12 11:26:30+00:00,mem,used,13499080704.0,dbms,08-2026,couchbase-802-vanilla-ce-large-large-aws,1,ip-172-31-22-20,ranking,benchANT
2026-08-12 11:26:40+00:00,mem,used,13524049920.0,dbms,08-2026,couchbase-802-vanilla-ce-large-large-aws,1,ip-172-31-22-20,ranking,benchANT
2026-08-12 11:26:50+00:00,mem,used,13559599104.0,dbms,08-2026,couchbase-802-vanilla-ce-large-large-aws,1,ip-172-31-22-20,ranking,benchANT
2026-08-12 11:27:00+00:00,mem,used,13595623424.0,dbms,08-2026,couchbase-802-vanilla-ce-large-large-aws,1,ip-172-31-22-20,ranking,benchANT
2026-08-12 11:27:10+00:00,mem,used,13576388608.0,dbms,08-2026,couchbase-802-vanilla-ce-large-large-aws,1,ip-172-31-22-20,ranking,benchANT
2026-08-12 11:27:20+00:00,mem,used,13592350720.0,dbms,08-2026,couchbase-802-vanilla-ce-large-large-aws,1,ip-172-31-22-20,ranking,benchANT
2026-08-12 11:27:30+00:00,mem,used,13554360320.0,dbms,08-2026,couchbase-802-vanilla-ce-large-large-aws,1,ip-172-31-22-20,ranking,benchANT
2026-08-12 11:27:40+00:00,mem,used,13650464768.0,dbms,08-2026,couchbase-802-vanilla-ce-large-large-aws,1,ip-172-31-22-20,ranking,benchANT
2026-08-12 11:27:50+00:00,mem,used,13666979840.0,dbms,08-2026,couchbase-802-vanilla-ce-large-large-aws,1,ip-172-31-22-20,ranking,benchANT
2026-08-12 11:28:00+00:00,mem,used,13713559552.0,dbms,08-2026,couchbase-802-vanilla-ce-large-large-aws,1,ip-172-31-22-20,ranking,benchANT
2026-08-12 11:28:10+00:00,mem,used,13744214016.0,dbms,08-2026,couchbase-802-vanilla-ce-large-large-aws,1,ip-172-31-22-20,ranking,benchANT
2026-08-12 11:28:20+00:00,mem,used,13773307904.0,dbms,08-2026,couchbase-802-vanilla-ce-large-large-aws,1,ip-172-31-22-20,ranking,benchANT
2026-08-12 11:28:30+00:00,mem,used,13820964864.0,dbms,08-2026,couchbase-802-vanilla-ce-large-large-aws,1,ip-172-31-22-20,ranking,benchANT
2026-08-12 11:28:40+00:00,mem,used,13842182144.0,dbms,08-2026,couchbase-802-vanilla-ce-large-large-aws,1,ip-172-31-22-20,ranking,benchANT
2026-08-12 11:28:50+00:00,mem,used,13887324160.0,dbms,08-2026,couchbase-802-vanilla-ce-large-large-aws,1,ip-172-31-22-20,ranking,benchANT
2026-08-12 11:29:00+00:00,mem,used,13939585024.0,dbms,08-2026,couchbase-802-vanilla-ce-large-large-aws,1,ip-172-31-22-20,ranking,benchANT
2026-08-12 11:29:10+00:00,mem,used,13904216064.0,dbms,08-2026,couchbase-802-vanilla-ce-large-large-aws,1,ip-172-31-22-20,ranking,benchANT
2026-08-12 11:29:20+00:00,mem,used,13966897152.0,dbms,08-2026,couchbase-802-vanilla-ce-large-large-aws,1,ip-172-31-22-20,ranking,benchANT
2026-08-12 11:29:30+00:00,mem,used,14012280832.0,dbms,08-2026,couchbase-802-vanilla-ce-large-large-aws,1,ip-172-31-22-20,ranking,benchANT
2026-08-12 11:29:40+00:00,mem,used,14008991744.0,dbms,08-2026,couchbase-802-vanilla-ce-large-large-aws,1,ip-172-31-22-20,ranking,benchANT
2026-08-12 11:29:50+00:00,mem,used,14008107008.0,dbms,08-2026,couchbase-802-vanilla-ce-large-large-aws,1,ip-172-31-22-20,ranking,benchANT
2026-08-12 11:20:00+00:00,mem,used_percent,15.87023730887718,dbms,08-2026,couchbase-802-vanilla-ce-large-large-aws,1,ip-172-31-22-20,ranking,benchANT
2026-08-12 11:20:10+00:00,mem,used_percent,15.859309159220775,dbms,08-2026,couchbase-802-vanilla-ce-large-large-aws,1,ip-172-31-22-20,ranking,benchANT
2026-08-12 11:20:20+00:00,mem,used_percent,15.856670471604422,dbms,08-2026,couchbase-802-vanilla-ce-large-large-aws,1,ip-172-31-22-20,ranking,benchANT
2026-08-12 11:20:30+00:00,mem,used_percent,15.858599700757889,dbms,08-2026,couchbase-802-vanilla-ce-large-large-aws,1,ip-172-31-22-20,ranking,benchANT
2026-08-12 11:20:40+00:00,mem,used_percent,15.864910147085675,dbms,08-2026,couchbase-802-vanilla-ce-large-large-aws,1,ip-172-31-22-20,ranking,benchANT
2026-08-12 11:20:50+00:00,mem,used_percent,15.845854341705317,dbms,08-2026,couchbase-802-vanilla-ce-large-large-aws,1,ip-172-31-22-20,ranking,benchANT
2026-08-12 11:21:00+00:00,mem,used_percent,15.84058941311231,dbms,08-2026,couchbase-802-vanilla-ce-large-large-aws,1,ip-172-31-22-20,ranking,benchANT
2026-08-12 11:21:10+00:00,mem,used_percent,15.864536747894682,dbms,08-2026,couchbase-802-vanilla-ce-large-large-aws,1,ip-172-31-22-20,ranking,benchANT
2026-08-12 11:21:20+00:00,mem,used_percent,15.946124471126721,dbms,08-2026,couchbase-802-vanilla-ce-large-large-aws,1,ip-172-31-22-20,ranking,benchANT
2026-08-12 11:21:30+00:00,mem,used_percent,16.620831915972236,dbms,08-2026,couchbase-802-vanilla-ce-large-large-aws,1,ip-172-31-22-20,ranking,benchANT
2026-08-12 11:21:40+00:00,mem,used_percent,18.407223432243047,dbms,08-2026,couchbase-802-vanilla-ce-large-large-aws,1,ip-172-31-22-20,ranking,benchANT
2026-08-12 11:21:50+00:00,mem,used_percent,19.914922238996144,dbms,08-2026,couchbase-802-vanilla-ce-large-large-aws,1,ip-172-31-22-20,ranking,benchANT
2026-08-12 11:22:00+00:00,mem,used_percent,21.600583100176657,dbms,08-2026,couchbase-802-vanilla-ce-large-large-aws,1,ip-172-31-22-20,ranking,benchANT
2026-08-12 11:22:10+00:00,mem,used_percent,23.020445970568428,dbms,08-2026,couchbase-802-vanilla-ce-large-large-aws,1,ip-172-31-22-20,ranking,benchANT
2026-08-12 11:22:20+00:00,mem,used_percent,24.515934623776044,dbms,08-2026,couchbase-802-vanilla-ce-large-large-aws,1,ip-172-31-22-20,ranking,benchANT
2026-08-12 11:22:30+00:00,mem,used_percent,26.0705199222782,dbms,08-2026,couchbase-802-vanilla-ce-large-large-aws,1,ip-172-31-22-20,ranking,benchANT
2026-08-12 11:22:40+00:00,mem,used_percent,27.45042907923369,dbms,08-2026,couchbase-802-vanilla-ce-large-large-aws,1,ip-172-31-22-20,ranking,benchANT
2026-08-12 11:22:50+00:00,mem,used_percent,29.006968500168714,dbms,08-2026,couchbase-802-vanilla-ce-large-large-aws,1,ip-172-31-22-20,ranking,benchANT
2026-08-12 11:23:00+00:00,mem,used_percent,30.47227405210437,dbms,08-2026,couchbase-802-vanilla-ce-large-large-aws,1,ip-172-31-22-20,ranking,benchANT
2026-08-12 11:23:10+00:00,mem,used_percent,32.011375730820006,dbms,08-2026,couchbase-802-vanilla-ce-large-large-aws,1,ip-172-31-22-20,ranking,benchANT
2026-08-12 11:23:20+00:00,mem,used_percent,33.50214710758141,dbms,08-2026,couchbase-802-vanilla-ce-large-large-aws,1,ip-172-31-22-20,ranking,benchANT
2026-08-12 11:23:30+00:00,mem,used_percent,34.848251191112304,dbms,08-2026,couchbase-802-vanilla-ce-large-large-aws,1,ip-172-31-22-20,ranking,benchANT
2026-08-12 11:23:40+00:00,mem,used_percent,36.408698856913055,dbms,08-2026,couchbase-802-vanilla-ce-large-large-aws,1,ip-172-31-22-20,ranking,benchANT
2026-08-12 11:23:50+00:00,mem,used_percent,38.12668364139389,dbms,08-2026,couchbase-802-vanilla-ce-large-large-aws,1,ip-172-31-22-20,ranking,benchANT
2026-08-12 11:24:00+00:00,mem,used_percent,39.66520032804364,dbms,08-2026,couchbase-802-vanilla-ce-large-large-aws,1,ip-172-31-22-20,ranking,benchANT
2026-08-12 11:24:10+00:00,mem,used_percent,41.091311411564696,dbms,08-2026,couchbase-802-vanilla-ce-large-large-aws,1,ip-172-31-22-20,ranking,benchANT
2026-08-12 11:24:20+00:00,mem,used_percent,42.56885201032524,dbms,08-2026,couchbase-802-vanilla-ce-large-large-aws,1,ip-172-31-22-20,ranking,benchANT
2026-08-12 11:24:30+00:00,mem,used_percent,44.09629118764218,dbms,08-2026,couchbase-802-vanilla-ce-large-large-aws,1,ip-172-31-22-20,ranking,benchANT
2026-08-12 11:24:40+00:00,mem,used_percent,45.54516717517413,dbms,08-2026,couchbase-802-vanilla-ce-large-large-aws,1,ip-172-31-22-20,ranking,benchANT
2026-08-12 11:24:50+00:00,mem,used_percent,45.87698214293049,dbms,08-2026,couchbase-802-vanilla-ce-large-large-aws,1,ip-172-31-22-20,ranking,benchANT
2026-08-12 11:25:00+00:00,mem,used_percent,45.98470780953206,dbms,08-2026,couchbase-802-vanilla-ce-large-large-aws,1,ip-172-31-22-20,ranking,benchANT
2026-08-12 11:25:10+00:00,mem,used_percent,46.094051539294604,dbms,08-2026,couchbase-802-vanilla-ce-large-large-aws,1,ip-172-31-22-20,ranking,benchANT
2026-08-12 11:25:20+00:00,mem,used_percent,46.19841661317723,dbms,08-2026,couchbase-802-vanilla-ce-large-large-aws,1,ip-172-31-22-20,ranking,benchANT
2026-08-12 11:25:30+00:00,mem,used_percent,46.24265197067024,dbms,08-2026,couchbase-802-vanilla-ce-large-large-aws,1,ip-172-31-22-20,ranking,benchANT
2026-08-12 11:25:40+00:00,mem,used_percent,45.52532723149269,dbms,08-2026,couchbase-802-vanilla-ce-large-large-aws,1,ip-172-31-22-20,ranking,benchANT
2026-08-12 11:25:50+00:00,mem,used_percent,43.63081175614992,dbms,08-2026,couchbase-802-vanilla-ce-large-large-aws,1,ip-172-31-22-20,ranking,benchANT
2026-08-12 11:26:00+00:00,mem,used_percent,41.74686347791226,dbms,08-2026,couchbase-802-vanilla-ce-large-large-aws,1,ip-172-31-22-20,ranking,benchANT
2026-08-12 11:26:10+00:00,mem,used_percent,41.186254379194594,dbms,08-2026,couchbase-802-vanilla-ce-large-large-aws,1,ip-172-31-22-20,ranking,benchANT
2026-08-12 11:26:20+00:00,mem,used_percent,41.34483701560946,dbms,08-2026,couchbase-802-vanilla-ce-large-large-aws,1,ip-172-31-22-20,ranking,benchANT
2026-08-12 11:26:30+00:00,mem,used_percent,41.020066845923175,dbms,08-2026,couchbase-802-vanilla-ce-large-large-aws,1,ip-172-31-22-20,ranking,benchANT
2026-08-12 11:26:40+00:00,mem,used_percent,41.09594156153301,dbms,08-2026,couchbase-802-vanilla-ce-large-large-aws,1,ip-172-31-22-20,ranking,benchANT
2026-08-12 11:26:50+00:00,mem,used_percent,41.203965947487376,dbms,08-2026,couchbase-802-vanilla-ce-large-large-aws,1,ip-172-31-22-20,ranking,benchANT
2026-08-12 11:27:00+00:00,mem,used_percent,41.313434143646916,dbms,08-2026,couchbase-802-vanilla-ce-large-large-aws,1,ip-172-31-22-20,ranking,benchANT
2026-08-12 11:27:10+00:00,mem,used_percent,41.254984723616765,dbms,08-2026,couchbase-802-vanilla-ce-large-large-aws,1,ip-172-31-22-20,ranking,benchANT
2026-08-12 11:27:20+00:00,mem,used_percent,41.3034892785268,dbms,08-2026,couchbase-802-vanilla-ce-large-large-aws,1,ip-172-31-22-20,ranking,benchANT
2026-08-12 11:27:30+00:00,mem,used_percent,41.188046695311364,dbms,08-2026,couchbase-802-vanilla-ce-large-large-aws,1,ip-172-31-22-20,ranking,benchANT
2026-08-12 11:27:40+00:00,mem,used_percent,41.480082202587234,dbms,08-2026,couchbase-802-vanilla-ce-large-large-aws,1,ip-172-31-22-20,ranking,benchANT
2026-08-12 11:27:50+00:00,mem,used_percent,41.53026705385673,dbms,08-2026,couchbase-802-vanilla-ce-large-large-aws,1,ip-172-31-22-20,ranking,benchANT
2026-08-12 11:28:00+00:00,mem,used_percent,41.671810240522596,dbms,08-2026,couchbase-802-vanilla-ce-large-large-aws,1,ip-172-31-22-20,ranking,benchANT
2026-08-12 11:28:10+00:00,mem,used_percent,41.76496089203573,dbms,08-2026,couchbase-802-vanilla-ce-large-large-aws,1,ip-172-31-22-20,ranking,benchANT
2026-08-12 11:28:20+00:00,mem,used_percent,41.85336937382325,dbms,08-2026,couchbase-802-vanilla-ce-large-large-aws,1,ip-172-31-22-20,ranking,benchANT
2026-08-12 11:28:30+00:00,mem,used_percent,41.99818602673015,dbms,08-2026,couchbase-802-vanilla-ce-large-large-aws,1,ip-172-31-22-20,ranking,benchANT
2026-08-12 11:28:40+00:00,mem,used_percent,42.062659620375,dbms,08-2026,couchbase-802-vanilla-ce-large-large-aws,1,ip-172-31-22-20,ranking,benchANT
2026-08-12 11:28:50+00:00,mem,used_percent,42.199834036506246,dbms,08-2026,couchbase-802-vanilla-ce-large-large-aws,1,ip-172-31-22-20,ranking,benchANT
2026-08-12 11:29:00+00:00,mem,used_percent,42.3586407124357,dbms,08-2026,couchbase-802-vanilla-ce-large-large-aws,1,ip-172-31-22-20,ranking,benchANT
2026-08-12 11:29:10+00:00,mem,used_percent,42.25116397862812,dbms,08-2026,couchbase-802-vanilla-ce-large-large-aws,1,ip-172-31-22-20,ranking,benchANT
2026-08-12 11:29:20+00:00,mem,used_percent,42.44163490595381,dbms,08-2026,couchbase-802-vanilla-ce-large-large-aws,1,ip-172-31-22-20,ranking,benchANT
2026-08-12 11:29:30+00:00,mem,used_percent,42.579543673827345,dbms,08-2026,couchbase-802-vanilla-ce-large-large-aws,1,ip-172-31-22-20,ranking,benchANT
2026-08-12 11:29:40+00:00,mem,used_percent,42.56954902214842,dbms,08-2026,couchbase-802-vanilla-ce-large-large-aws,1,ip-172-31-22-20,ranking,benchANT
2026-08-12 11:29:50+00:00,mem,used_percent,42.56686054797327,dbms,08-2026,couchbase-802-vanilla-ce-large-large-aws,1,ip-172-31-22-20,ranking,benchANT
2026-08-12 11:20:00+00:00,mem,vmalloc_chunk,0.0,dbms,08-2026,couchbase-802-vanilla-ce-large-large-aws,1,ip-172-31-22-20,ranking,benchANT
2026-08-12 11:20:10+00:00,mem,vmalloc_chunk,0.0,dbms,08-2026,couchbase-802-vanilla-ce-large-large-aws,1,ip-172-31-22-20,ranking,benchANT
2026-08-12 11:20:20+00:00,mem,vmalloc_chunk,0.0,dbms,08-2026,couchbase-802-vanilla-ce-large-large-aws,1,ip-172-31-22-20,ranking,benchANT
2026-08-12 11:20:30+00:00,mem,vmalloc_chunk,0.0,dbms,08-2026,couchbase-802-vanilla-ce-large-large-aws,1,ip-172-31-22-20,ranking,benchANT
2026-08-12 11:20:40+00:00,mem,vmalloc_chunk,0.0,dbms,08-2026,couchbase-802-vanilla-ce-large-large-aws,1,ip-172-31-22-20,ranking,benchANT
2026-08-12 11:20:50+00:00,mem,vmalloc_chunk,0.0,dbms,08-2026,couchbase-802-vanilla-ce-large-large-aws,1,ip-172-31-22-20,ranking,benchANT
2026-08-12 11:21:00+00:00,mem,vmalloc_chunk,0.0,dbms,08-2026,couchbase-802-vanilla-ce-large-large-aws,1,ip-172-31-22-20,ranking,benchANT
2026-08-12 11:21:10+00:00,mem,vmalloc_chunk,0.0,dbms,08-2026,couchbase-802-vanilla-ce-large-large-aws,1,ip-172-31-22-20,ranking,benchANT
2026-08-12 11:21:20+00:00,mem,vmalloc_chunk,0.0,dbms,08-2026,couchbase-802-vanilla-ce-large-large-aws,1,ip-172-31-22-20,ranking,benchANT
2026-08-12 11:21:30+00:00,mem,vmalloc_chunk,0.0,dbms,08-2026,couchbase-802-vanilla-ce-large-large-aws,1,ip-172-31-22-20,ranking,benchANT
2026-08-12 11:21:40+00:00,mem,vmalloc_chunk,0.0,dbms,08-2026,couchbase-802-vanilla-ce-large-large-aws,1,ip-172-31-22-20,ranking,benchANT
2026-08-12 11:21:50+00:00,mem,vmalloc_chunk,0.0,dbms,08-2026,couchbase-802-vanilla-ce-large-large-aws,1,ip-172-31-22-20,ranking,benchANT
2026-08-12 11:22:00+00:00,mem,vmalloc_chunk,0.0,dbms,08-2026,couchbase-802-vanilla-ce-large-large-aws,1,ip-172-31-22-20,ranking,benchANT
2026-08-12 11:22:10+00:00,mem,vmalloc_chunk,0.0,dbms,08-2026,couchbase-802-vanilla-ce-large-large-aws,1,ip-172-31-22-20,ranking,benchANT
2026-08-12 11:22:20+00:00,mem,vmalloc_chunk,0.0,dbms,08-2026,couchbase-802-vanilla-ce-large-large-aws,1,ip-172-31-22-20,ranking,benchANT
2026-08-12 11:22:30+00:00,mem,vmalloc_chunk,0.0,dbms,08-2026,couchbase-802-vanilla-ce-large-large-aws,1,ip-172-31-22-20,ranking,benchANT
2026-08-12 11:22:40+00:00,mem,vmalloc_chunk,0.0,dbms,08-2026,couchbase-802-vanilla-ce-large-large-aws,1,ip-172-31-22-20,ranking,benchANT
2026-08-12 11:22:50+00:00,mem,vmalloc_chunk,0.0,dbms,08-2026,couchbase-802-vanilla-ce-large-large-aws,1,ip-172-31-22-20,ranking,benchANT
2026-08-12 11:23:00+00:00,mem,vmalloc_chunk,0.0,dbms,08-2026,couchbase-802-vanilla-ce-large-large-aws,1,ip-172-31-22-20,ranking,benchANT
2026-08-12 11:23:10+00:00,mem,vmalloc_chunk,0.0,dbms,08-2026,couchbase-802-vanilla-ce-large-large-aws,1,ip-172-31-22-20,ranking,benchANT
2026-08-12 11:23:20+00:00,mem,vmalloc_chunk,0.0,dbms,08-2026,couchbase-802-vanilla-ce-large-large-aws,1,ip-172-31-22-20,ranking,benchANT
2026-08-12 11:23:30+00:00,mem,vmalloc_chunk,0.0,dbms,08-2026,couchbase-802-vanilla-ce-large-large-aws,1,ip-172-31-22-20,ranking,benchANT
2026-08-12 11:23:40+00:00,mem,vmalloc_chunk,0.0,dbms,08-2026,couchbase-802-vanilla-ce-large-large-aws,1,ip-172-31-22-20,ranking,benchANT
2026-08-12 11:23:50+00:00,mem,vmalloc_chunk,0.0,dbms,08-2026,couchbase-802-vanilla-ce-large-large-aws,1,ip-172-31-22-20,ranking,benchANT
2026-08-12 11:24:00+00:00,mem,vmalloc_chunk,0.0,dbms,08-2026,couchbase-802-vanilla-ce-large-large-aws,1,ip-172-31-22-20,ranking,benchANT
2026-08-12 11:24:10+00:00,mem,vmalloc_chunk,0.0,dbms,08-2026,couchbase-802-vanilla-ce-large-large-aws,1,ip-172-31-22-20,ranking,benchANT
2026-08-12 11:24:20+00:00,mem,vmalloc_chunk,0.0,dbms,08-2026,couchbase-802-vanilla-ce-large-large-aws,1,ip-172-31-22-20,ranking,benchANT
2026-08-12 11:24:30+00:00,mem,vmalloc_chunk,0.0,dbms,08-2026,couchbase-802-vanilla-ce-large-large-aws,1,ip-172-31-22-20,ranking,benchANT
2026-08-12 11:24:40+00:00,mem,vmalloc_chunk,0.0,dbms,08-2026,couchbase-802-vanilla-ce-large-large-aws,1,ip-172-31-22-20,ranking,benchANT
2026-08-12 11:24:50+00:00,mem,vmalloc_chunk,0.0,dbms,08-2026,couchbase-802-vanilla-ce-large-large-aws,1,ip-172-31-22-20,ranking,benchANT
2026-08-12 11:25:00+00:00,mem,vmalloc_chunk,0.0,dbms,08-2026,couchbase-802-vanilla-ce-large-large-aws,1,ip-172-31-22-20,ranking,benchANT
2026-08-12 11:25:10+00:00,mem,vmalloc_chunk,0.0,dbms,08-2026,couchbase-802-vanilla-ce-large-large-aws,1,ip-172-31-22-20,ranking,benchANT
2026-08-12 11:25:20+00:00,mem,vmalloc_chunk,0.0,dbms,08-2026,couchbase-802-vanilla-ce-large-large-aws,1,ip-172-31-22-20,ranking,benchANT
2026-08-12 11:25:30+00:00,mem,vmalloc_chunk,0.0,dbms,08-2026,couchbase-802-vanilla-ce-large-large-aws,1,ip-172-31-22-20,ranking,benchANT
2026-08-12 11:25:40+00:00,mem,vmalloc_chunk,0.0,dbms,08-2026,couchbase-802-vanilla-ce-large-large-aws,1,ip-172-31-22-20,ranking,benchANT
2026-08-12 11:25:50+00:00,mem,vmalloc_chunk,0.0,dbms,08-2026,couchbase-802-vanilla-ce-large-large-aws,1,ip-172-31-22-20,ranking,benchANT
2026-08-12 11:26:00+00:00,mem,vmalloc_chunk,0.0,dbms,08-2026,couchbase-802-vanilla-ce-large-large-aws,1,ip-172-31-22-20,ranking,benchANT
2026-08-12 11:26:10+00:00,mem,vmalloc_chunk,0.0,dbms,08-2026,couchbase-802-vanilla-ce-large-large-aws,1,ip-172-31-22-20,ranking,benchANT
2026-08-12 11:26:20+00:00,mem,vmalloc_chunk,0.0,dbms,08-2026,couchbase-802-vanilla-ce-large-large-aws,1,ip-172-31-22-20,ranking,benchANT
2026-08-12 11:26:30+00:00,mem,vmalloc_chunk,0.0,dbms,08-2026,couchbase-802-vanilla-ce-large-large-aws,1,ip-172-31-22-20,ranking,benchANT
2026-08-12 11:26:40+00:00,mem,vmalloc_chunk,0.0,dbms,08-2026,couchbase-802-vanilla-ce-large-large-aws,1,ip-172-31-22-20,ranking,benchANT
2026-08-12 11:26:50+00:00,mem,vmalloc_chunk,0.0,dbms,08-2026,couchbase-802-vanilla-ce-large-large-aws,1,ip-172-31-22-20,ranking,benchANT
2026-08-12 11:27:00+00:00,mem,vmalloc_chunk,0.0,dbms,08-2026,couchbase-802-vanilla-ce-large-large-aws,1,ip-172-31-22-20,ranking,benchANT
2026-08-12 11:27:10+00:00,mem,vmalloc_chunk,0.0,dbms,08-2026,couchbase-802-vanilla-ce-large-large-aws,1,ip-172-31-22-20,ranking,benchANT
2026-08-12 11:27:20+00:00,mem,vmalloc_chunk,0.0,dbms,08-2026,couchbase-802-vanilla-ce-large-large-aws,1,ip-172-31-22-20,ranking,benchANT
2026-08-12 11:27:30+00:00,mem,vmalloc_chunk,0.0,dbms,08-2026,couchbase-802-vanilla-ce-large-large-aws,1,ip-172-31-22-20,ranking,benchANT
2026-08-12 11:27:40+00:00,mem,vmalloc_chunk,0.0,dbms,08-2026,couchbase-802-vanilla-ce-large-large-aws,1,ip-172-31-22-20,ranking,benchANT
2026-08-12 11:27:50+00:00,mem,vmalloc_chunk,0.0,dbms,08-2026,couchbase-802-vanilla-ce-large-large-aws,1,ip-172-31-22-20,ranking,benchANT
2026-08-12 11:28:00+00:00,mem,vmalloc_chunk,0.0,dbms,08-2026,couchbase-802-vanilla-ce-large-large-aws,1,ip-172-31-22-20,ranking,benchANT
2026-08-12 11:28:10+00:00,mem,vmalloc_chunk,0.0,dbms,08-2026,couchbase-802-vanilla-ce-large-large-aws,1,ip-172-31-22-20,ranking,benchANT
2026-08-12 11:28:20+00:00,mem,vmalloc_chunk,0.0,dbms,08-2026,couchbase-802-vanilla-ce-large-large-aws,1,ip-172-31-22-20,ranking,benchANT
2026-08-12 11:28:30+00:00,mem,vmalloc_chunk,0.0,dbms,08-2026,couchbase-802-vanilla-ce-large-large-aws,1,ip-172-31-22-20,ranking,benchANT
2026-08-12 11:28:40+00:00,mem,vmalloc_chunk,0.0,dbms,08-2026,couchbase-802-vanilla-ce-large-large-aws,1,ip-172-31-22-20,ranking,benchANT
2026-08-12 11:28:50+00:00,mem,vmalloc_chunk,0.0,dbms,08-2026,couchbase-802-vanilla-ce-large-large-aws,1,ip-172-31-22-20,ranking,benchANT
2026-08-12 11:29:00+00:00,mem,vmalloc_chunk,0.0,dbms,08-2026,couchbase-802-vanilla-ce-large-large-aws,1,ip-172-31-22-20,ranking,benchANT
2026-08-12 11:29:10+00:00,mem,vmalloc_chunk,0.0,dbms,08-2026,couchbase-802-vanilla-ce-large-large-aws,1,ip-172-31-22-20,ranking,benchANT
2026-08-12 11:29:20+00:00,mem,vmalloc_chunk,0.0,dbms,08-2026,couchbase-802-vanilla-ce-large-large-aws,1,ip-172-31-22-20,ranking,benchANT
2026-08-12 11:29:30+00:00,mem,vmalloc_chunk,0.0,dbms,08-2026,couchbase-802-vanilla-ce-large-large-aws,1,ip-172-31-22-20,ranking,benchANT
2026-08-12 11:29:40+00:00,mem,vmalloc_chunk,0.0,dbms,08-2026,couchbase-802-vanilla-ce-large-large-aws,1,ip-172-31-22-20,ranking,benchANT
2026-08-12 11:29:50+00:00,mem,vmalloc_chunk,0.0,dbms,08-2026,couchbase-802-vanilla-ce-large-large-aws,1,ip-172-31-22-20,ranking,benchANT
2026-08-12 11:20:00+00:00,mem,vmalloc_total,35184372087808.0,dbms,08-2026,couchbase-802-vanilla-ce-large-large-aws,1,ip-172-31-22-20,ranking,benchANT
2026-08-12 11:20:10+00:00,mem,vmalloc_total,35184372087808.0,dbms,08-2026,couchbase-802-vanilla-ce-large-large-aws,1,ip-172-31-22-20,ranking,benchANT
2026-08-12 11:20:20+00:00,mem,vmalloc_total,35184372087808.0,dbms,08-2026,couchbase-802-vanilla-ce-large-large-aws,1,ip-172-31-22-20,ranking,benchANT
2026-08-12 11:20:30+00:00,mem,vmalloc_total,35184372087808.0,dbms,08-2026,couchbase-802-vanilla-ce-large-large-aws,1,ip-172-31-22-20,ranking,benchANT
2026-08-12 11:20:40+00:00,mem,vmalloc_total,35184372087808.0,dbms,08-2026,couchbase-802-vanilla-ce-large-large-aws,1,ip-172-31-22-20,ranking,benchANT
2026-08-12 11:20:50+00:00,mem,vmalloc_total,35184372087808.0,dbms,08-2026,couchbase-802-vanilla-ce-large-large-aws,1,ip-172-31-22-20,ranking,benchANT
2026-08-12 11:21:00+00:00,mem,vmalloc_total,35184372087808.0,dbms,08-2026,couchbase-802-vanilla-ce-large-large-aws,1,ip-172-31-22-20,ranking,benchANT
2026-08-12 11:21:10+00:00,mem,vmalloc_total,35184372087808.0,dbms,08-2026,couchbase-802-vanilla-ce-large-large-aws,1,ip-172-31-22-20,ranking,benchANT
2026-08-12 11:21:20+00:00,mem,vmalloc_total,35184372087808.0,dbms,08-2026,couchbase-802-vanilla-ce-large-large-aws,1,ip-172-31-22-20,ranking,benchANT
2026-08-12 11:21:30+00:00,mem,vmalloc_total,35184372087808.0,dbms,08-2026,couchbase-802-vanilla-ce-large-large-aws,1,ip-172-31-22-20,ranking,benchANT
2026-08-12 11:21:40+00:00,mem,vmalloc_total,35184372087808.0,dbms,08-2026,couchbase-802-vanilla-ce-large-large-aws,1,ip-172-31-22-20,ranking,benchANT
2026-08-12 11:21:50+00:00,mem,vmalloc_total,35184372087808.0,dbms,08-2026,couchbase-802-vanilla-ce-large-large-aws,1,ip-172-31-22-20,ranking,benchANT
2026-08-12 11:22:00+00:00,mem,vmalloc_total,35184372087808.0,dbms,08-2026,couchbase-802-vanilla-ce-large-large-aws,1,ip-172-31-22-20,ranking,benchANT
2026-08-12 11:22:10+00:00,mem,vmalloc_total,35184372087808.0,dbms,08-2026,couchbase-802-vanilla-ce-large-large-aws,1,ip-172-31-22-20,ranking,benchANT
2026-08-12 11:22:20+00:00,mem,vmalloc_total,35184372087808.0,dbms,08-2026,couchbase-802-vanilla-ce-large-large-aws,1,ip-172-31-22-20,ranking,benchANT
2026-08-12 11:22:30+00:00,mem,vmalloc_total,35184372087808.0,dbms,08-2026,couchbase-802-vanilla-ce-large-large-aws,1,ip-172-31-22-20,ranking,benchANT
2026-08-12 11:22:40+00:00,mem,vmalloc_total,35184372087808.0,dbms,08-2026,couchbase-802-vanilla-ce-large-large-aws,1,ip-172-31-22-20,ranking,benchANT
2026-08-12 11:22:50+00:00,mem,vmalloc_total,35184372087808.0,dbms,08-2026,couchbase-802-vanilla-ce-large-large-aws,1,ip-172-31-22-20,ranking,benchANT
2026-08-12 11:23:00+00:00,mem,vmalloc_total,35184372087808.0,dbms,08-2026,couchbase-802-vanilla-ce-large-large-aws,1,ip-172-31-22-20,ranking,benchANT
2026-08-12 11:23:10+00:00,mem,vmalloc_total,35184372087808.0,dbms,08-2026,couchbase-802-vanilla-ce-large-large-aws,1,ip-172-31-22-20,ranking,benchANT
2026-08-12 11:23:20+00:00,mem,vmalloc_total,35184372087808.0,dbms,08-2026,couchbase-802-vanilla-ce-large-large-aws,1,ip-172-31-22-20,ranking,benchANT
2026-08-12 11:23:30+00:00,mem,vmalloc_total,35184372087808.0,dbms,08-2026,couchbase-802-vanilla-ce-large-large-aws,1,ip-172-31-22-20,ranking,benchANT
2026-08-12 11:23:40+00:00,mem,vmalloc_total,35184372087808.0,dbms,08-2026,couchbase-802-vanilla-ce-large-large-aws,1,ip-172-31-22-20,ranking,benchANT
2026-08-12 11:23:50+00:00,mem,vmalloc_total,35184372087808.0,dbms,08-2026,couchbase-802-vanilla-ce-large-large-aws,1,ip-172-31-22-20,ranking,benchANT
2026-08-12 11:24:00+00:00,mem,vmalloc_total,35184372087808.0,dbms,08-2026,couchbase-802-vanilla-ce-large-large-aws,1,ip-172-31-22-20,ranking,benchANT
2026-08-12 11:24:10+00:00,mem,vmalloc_total,35184372087808.0,dbms,08-2026,couchbase-802-vanilla-ce-large-large-aws,1,ip-172-31-22-20,ranking,benchANT
2026-08-12 11:24:20+00:00,mem,vmalloc_total,35184372087808.0,dbms,08-2026,couchbase-802-vanilla-ce-large-large-aws,1,ip-172-31-22-20,ranking,benchANT
2026-08-12 11:24:30+00:00,mem,vmalloc_total,35184372087808.0,dbms,08-2026,couchbase-802-vanilla-ce-large-large-aws,1,ip-172-31-22-20,ranking,benchANT
2026-08-12 11:24:40+00:00,mem,vmalloc_total,35184372087808.0,dbms,08-2026,couchbase-802-vanilla-ce-large-large-aws,1,ip-172-31-22-20,ranking,benchANT
2026-08-12 11:24:50+00:00,mem,vmalloc_total,35184372087808.0,dbms,08-2026,couchbase-802-vanilla-ce-large-large-aws,1,ip-172-31-22-20,ranking,benchANT
2026-08-12 11:25:00+00:00,mem,vmalloc_total,35184372087808.0,dbms,08-2026,couchbase-802-vanilla-ce-large-large-aws,1,ip-172-31-22-20,ranking,benchANT
2026-08-12 11:25:10+00:00,mem,vmalloc_total,35184372087808.0,dbms,08-2026,couchbase-802-vanilla-ce-large-large-aws,1,ip-172-31-22-20,ranking,benchANT
2026-08-12 11:25:20+00:00,mem,vmalloc_total,35184372087808.0,dbms,08-2026,couchbase-802-vanilla-ce-large-large-aws,1,ip-172-31-22-20,ranking,benchANT
2026-08-12 11:25:30+00:00,mem,vmalloc_total,35184372087808.0,dbms,08-2026,couchbase-802-vanilla-ce-large-large-aws,1,ip-172-31-22-20,ranking,benchANT
2026-08-12 11:25:40+00:00,mem,vmalloc_total,35184372087808.0,dbms,08-2026,couchbase-802-vanilla-ce-large-large-aws,1,ip-172-31-22-20,ranking,benchANT
2026-08-12 11:25:50+00:00,mem,vmalloc_total,35184372087808.0,dbms,08-2026,couchbase-802-vanilla-ce-large-large-aws,1,ip-172-31-22-20,ranking,benchANT
2026-08-12 11:26:00+00:00,mem,vmalloc_total,35184372087808.0,dbms,08-2026,couchbase-802-vanilla-ce-large-large-aws,1,ip-172-31-22-20,ranking,benchANT
2026-08-12 11:26:10+00:00,mem,vmalloc_total,35184372087808.0,dbms,08-2026,couchbase-802-vanilla-ce-large-large-aws,1,ip-172-31-22-20,ranking,benchANT
2026-08-12 11:26:20+00:00,mem,vmalloc_total,35184372087808.0,dbms,08-2026,couchbase-802-vanilla-ce-large-large-aws,1,ip-172-31-22-20,ranking,benchANT
2026-08-12 11:26:30+00:00,mem,vmalloc_total,35184372087808.0,dbms,08-2026,couchbase-802-vanilla-ce-large-large-aws,1,ip-172-31-22-20,ranking,benchANT
2026-08-12 11:26:40+00:00,mem,vmalloc_total,35184372087808.0,dbms,08-2026,couchbase-802-vanilla-ce-large-large-aws,1,ip-172-31-22-20,ranking,benchANT
2026-08-12 11:26:50+00:00,mem,vmalloc_total,35184372087808.0,dbms,08-2026,couchbase-802-vanilla-ce-large-large-aws,1,ip-172-31-22-20,ranking,benchANT
2026-08-12 11:27:00+00:00,mem,vmalloc_total,35184372087808.0,dbms,08-2026,couchbase-802-vanilla-ce-large-large-aws,1,ip-172-31-22-20,ranking,benchANT
2026-08-12 11:27:10+00:00,mem,vmalloc_total,35184372087808.0,dbms,08-2026,couchbase-802-vanilla-ce-large-large-aws,1,ip-172-31-22-20,ranking,benchANT
2026-08-12 11:27:20+00:00,mem,vmalloc_total,35184372087808.0,dbms,08-2026,couchbase-802-vanilla-ce-large-large-aws,1,ip-172-31-22-20,ranking,benchANT
2026-08-12 11:27:30+00:00,mem,vmalloc_total,35184372087808.0,dbms,08-2026,couchbase-802-vanilla-ce-large-large-aws,1,ip-172-31-22-20,ranking,benchANT
2026-08-12 11:27:40+00:00,mem,vmalloc_total,35184372087808.0,dbms,08-2026,couchbase-802-vanilla-ce-large-large-aws,1,ip-172-31-22-20,ranking,benchANT
2026-08-12 11:27:50+00:00,mem,vmalloc_total,35184372087808.0,dbms,08-2026,couchbase-802-vanilla-ce-large-large-aws,1,ip-172-31-22-20,ranking,benchANT
2026-08-12 11:28:00+00:00,mem,vmalloc_total,35184372087808.0,dbms,08-2026,couchbase-802-vanilla-ce-large-large-aws,1,ip-172-31-22-20,ranking,benchANT
2026-08-12 11:28:10+00:00,mem,vmalloc_total,35184372087808.0,dbms,08-2026,couchbase-802-vanilla-ce-large-large-aws,1,ip-172-31-22-20,ranking,benchANT
2026-08-12 11:28:20+00:00,mem,vmalloc_total,35184372087808.0,dbms,08-2026,couchbase-802-vanilla-ce-large-large-aws,1,ip-172-31-22-20,ranking,benchANT
2026-08-12 11:28:30+00:00,mem,vmalloc_total,35184372087808.0,dbms,08-2026,couchbase-802-vanilla-ce-large-large-aws,1,ip-172-31-22-20,ranking,benchANT
2026-08-12 11:28:40+00:00,mem,vmalloc_total,35184372087808.0,dbms,08-2026,couchbase-802-vanilla-ce-large-large-aws,1,ip-172-31-22-20,ranking,benchANT
2026-08-12 11:28:50+00:00,mem,vmalloc_total,35184372087808.0,dbms,08-2026,couchbase-802-vanilla-ce-large-large-aws,1,ip-172-31-22-20,ranking,benchANT
2026-08-12 11:29:00+00:00,mem,vmalloc_total,35184372087808.0,dbms,08-2026,couchbase-802-vanilla-ce-large-large-aws,1,ip-172-31-22-20,ranking,benchANT
2026-08-12 11:29:10+00:00,mem,vmalloc_total,35184372087808.0,dbms,08-2026,couchbase-802-vanilla-ce-large-large-aws,1,ip-172-31-22-20,ranking,benchANT
2026-08-12 11:29:20+00:00,mem,vmalloc_total,35184372087808.0,dbms,08-2026,couchbase-802-vanilla-ce-large-large-aws,1,ip-172-31-22-20,ranking,benchANT
2026-08-12 11:29:30+00:00,mem,vmalloc_total,35184372087808.0,dbms,08-2026,couchbase-802-vanilla-ce-large-large-aws,1,ip-172-31-22-20,ranking,benchANT
2026-08-12 11:29:40+00:00,mem,vmalloc_total,35184372087808.0,dbms,08-2026,couchbase-802-vanilla-ce-large-large-aws,1,ip-172-31-22-20,ranking,benchANT
2026-08-12 11:29:50+00:00,mem,vmalloc_total,35184372087808.0,dbms,08-2026,couchbase-802-vanilla-ce-large-large-aws,1,ip-172-31-22-20,ranking,benchANT
2026-08-12 11:20:00+00:00,mem,vmalloc_used,19779584.0,dbms,08-2026,couchbase-802-vanilla-ce-large-large-aws,1,ip-172-31-22-20,ranking,benchANT
2026-08-12 11:20:10+00:00,mem,vmalloc_used,19746816.0,dbms,08-2026,couchbase-802-vanilla-ce-large-large-aws,1,ip-172-31-22-20,ranking,benchANT
2026-08-12 11:20:20+00:00,mem,vmalloc_used,19746816.0,dbms,08-2026,couchbase-802-vanilla-ce-large-large-aws,1,ip-172-31-22-20,ranking,benchANT
2026-08-12 11:20:30+00:00,mem,vmalloc_used,19746816.0,dbms,08-2026,couchbase-802-vanilla-ce-large-large-aws,1,ip-172-31-22-20,ranking,benchANT
2026-08-12 11:20:40+00:00,mem,vmalloc_used,19746816.0,dbms,08-2026,couchbase-802-vanilla-ce-large-large-aws,1,ip-172-31-22-20,ranking,benchANT
2026-08-12 11:20:50+00:00,mem,vmalloc_used,19746816.0,dbms,08-2026,couchbase-802-vanilla-ce-large-large-aws,1,ip-172-31-22-20,ranking,benchANT
2026-08-12 11:21:00+00:00,mem,vmalloc_used,19763200.0,dbms,08-2026,couchbase-802-vanilla-ce-large-large-aws,1,ip-172-31-22-20,ranking,benchANT
2026-08-12 11:21:10+00:00,mem,vmalloc_used,19763200.0,dbms,08-2026,couchbase-802-vanilla-ce-large-large-aws,1,ip-172-31-22-20,ranking,benchANT
2026-08-12 11:21:20+00:00,mem,vmalloc_used,19763200.0,dbms,08-2026,couchbase-802-vanilla-ce-large-large-aws,1,ip-172-31-22-20,ranking,benchANT
2026-08-12 11:21:30+00:00,mem,vmalloc_used,19763200.0,dbms,08-2026,couchbase-802-vanilla-ce-large-large-aws,1,ip-172-31-22-20,ranking,benchANT
2026-08-12 11:21:40+00:00,mem,vmalloc_used,19746816.0,dbms,08-2026,couchbase-802-vanilla-ce-large-large-aws,1,ip-172-31-22-20,ranking,benchANT
2026-08-12 11:21:50+00:00,mem,vmalloc_used,19746816.0,dbms,08-2026,couchbase-802-vanilla-ce-large-large-aws,1,ip-172-31-22-20,ranking,benchANT
2026-08-12 11:22:00+00:00,mem,vmalloc_used,19746816.0,dbms,08-2026,couchbase-802-vanilla-ce-large-large-aws,1,ip-172-31-22-20,ranking,benchANT
2026-08-12 11:22:10+00:00,mem,vmalloc_used,19746816.0,dbms,08-2026,couchbase-802-vanilla-ce-large-large-aws,1,ip-172-31-22-20,ranking,benchANT
2026-08-12 11:22:20+00:00,mem,vmalloc_used,19746816.0,dbms,08-2026,couchbase-802-vanilla-ce-large-large-aws,1,ip-172-31-22-20,ranking,benchANT
2026-08-12 11:22:30+00:00,mem,vmalloc_used,19746816.0,dbms,08-2026,couchbase-802-vanilla-ce-large-large-aws,1,ip-172-31-22-20,ranking,benchANT
2026-08-12 11:22:40+00:00,mem,vmalloc_used,19730432.0,dbms,08-2026,couchbase-802-vanilla-ce-large-large-aws,1,ip-172-31-22-20,ranking,benchANT
2026-08-12 11:22:50+00:00,mem,vmalloc_used,19730432.0,dbms,08-2026,couchbase-802-vanilla-ce-large-large-aws,1,ip-172-31-22-20,ranking,benchANT
2026-08-12 11:23:00+00:00,mem,vmalloc_used,19730432.0,dbms,08-2026,couchbase-802-vanilla-ce-large-large-aws,1,ip-172-31-22-20,ranking,benchANT
2026-08-12 11:23:10+00:00,mem,vmalloc_used,19730432.0,dbms,08-2026,couchbase-802-vanilla-ce-large-large-aws,1,ip-172-31-22-20,ranking,benchANT
2026-08-12 11:23:20+00:00,mem,vmalloc_used,19730432.0,dbms,08-2026,couchbase-802-vanilla-ce-large-large-aws,1,ip-172-31-22-20,ranking,benchANT
2026-08-12 11:23:30+00:00,mem,vmalloc_used,19730432.0,dbms,08-2026,couchbase-802-vanilla-ce-large-large-aws,1,ip-172-31-22-20,ranking,benchANT
2026-08-12 11:23:40+00:00,mem,vmalloc_used,19730432.0,dbms,08-2026,couchbase-802-vanilla-ce-large-large-aws,1,ip-172-31-22-20,ranking,benchANT
2026-08-12 11:23:50+00:00,mem,vmalloc_used,19730432.0,dbms,08-2026,couchbase-802-vanilla-ce-large-large-aws,1,ip-172-31-22-20,ranking,benchANT
2026-08-12 11:24:00+00:00,mem,vmalloc_used,19714048.0,dbms,08-2026,couchbase-802-vanilla-ce-large-large-aws,1,ip-172-31-22-20,ranking,benchANT
2026-08-12 11:24:10+00:00,mem,vmalloc_used,19714048.0,dbms,08-2026,couchbase-802-vanilla-ce-large-large-aws,1,ip-172-31-22-20,ranking,benchANT
2026-08-12 11:24:20+00:00,mem,vmalloc_used,19714048.0,dbms,08-2026,couchbase-802-vanilla-ce-large-large-aws,1,ip-172-31-22-20,ranking,benchANT
2026-08-12 11:24:30+00:00,mem,vmalloc_used,19714048.0,dbms,08-2026,couchbase-802-vanilla-ce-large-large-aws,1,ip-172-31-22-20,ranking,benchANT
2026-08-12 11:24:40+00:00,mem,vmalloc_used,19714048.0,dbms,08-2026,couchbase-802-vanilla-ce-large-large-aws,1,ip-172-31-22-20,ranking,benchANT
2026-08-12 11:24:50+00:00,mem,vmalloc_used,19714048.0,dbms,08-2026,couchbase-802-vanilla-ce-large-large-aws,1,ip-172-31-22-20,ranking,benchANT
2026-08-12 11:25:00+00:00,mem,vmalloc_used,19714048.0,dbms,08-2026,couchbase-802-vanilla-ce-large-large-aws,1,ip-172-31-22-20,ranking,benchANT
2026-08-12 11:25:10+00:00,mem,vmalloc_used,19714048.0,dbms,08-2026,couchbase-802-vanilla-ce-large-large-aws,1,ip-172-31-22-20,ranking,benchANT
2026-08-12 11:25:20+00:00,mem,vmalloc_used,19714048.0,dbms,08-2026,couchbase-802-vanilla-ce-large-large-aws,1,ip-172-31-22-20,ranking,benchANT
2026-08-12 11:25:30+00:00,mem,vmalloc_used,19714048.0,dbms,08-2026,couchbase-802-vanilla-ce-large-large-aws,1,ip-172-31-22-20,ranking,benchANT
2026-08-12 11:25:40+00:00,mem,vmalloc_used,19697664.0,dbms,08-2026,couchbase-802-vanilla-ce-large-large-aws,1,ip-172-31-22-20,ranking,benchANT
2026-08-12 11:25:50+00:00,mem,vmalloc_used,19697664.0,dbms,08-2026,couchbase-802-vanilla-ce-large-large-aws,1,ip-172-31-22-20,ranking,benchANT
2026-08-12 11:26:00+00:00,mem,vmalloc_used,19697664.0,dbms,08-2026,couchbase-802-vanilla-ce-large-large-aws,1,ip-172-31-22-20,ranking,benchANT
2026-08-12 11:26:10+00:00,mem,vmalloc_used,19697664.0,dbms,08-2026,couchbase-802-vanilla-ce-large-large-aws,1,ip-172-31-22-20,ranking,benchANT
2026-08-12 11:26:20+00:00,mem,vmalloc_used,19714048.0,dbms,08-2026,couchbase-802-vanilla-ce-large-large-aws,1,ip-172-31-22-20,ranking,benchANT
2026-08-12 11:26:30+00:00,mem,vmalloc_used,19714048.0,dbms,08-2026,couchbase-802-vanilla-ce-large-large-aws,1,ip-172-31-22-20,ranking,benchANT
2026-08-12 11:26:40+00:00,mem,vmalloc_used,19730432.0,dbms,08-2026,couchbase-802-vanilla-ce-large-large-aws,1,ip-172-31-22-20,ranking,benchANT
2026-08-12 11:26:50+00:00,mem,vmalloc_used,19730432.0,dbms,08-2026,couchbase-802-vanilla-ce-large-large-aws,1,ip-172-31-22-20,ranking,benchANT
2026-08-12 11:27:00+00:00,mem,vmalloc_used,19730432.0,dbms,08-2026,couchbase-802-vanilla-ce-large-large-aws,1,ip-172-31-22-20,ranking,benchANT
2026-08-12 11:27:10+00:00,mem,vmalloc_used,19730432.0,dbms,08-2026,couchbase-802-vanilla-ce-large-large-aws,1,ip-172-31-22-20,ranking,benchANT
2026-08-12 11:27:20+00:00,mem,vmalloc_used,19730432.0,dbms,08-2026,couchbase-802-vanilla-ce-large-large-aws,1,ip-172-31-22-20,ranking,benchANT
2026-08-12 11:27:30+00:00,mem,vmalloc_used,19730432.0,dbms,08-2026,couchbase-802-vanilla-ce-large-large-aws,1,ip-172-31-22-20,ranking,benchANT
2026-08-12 11:27:40+00:00,mem,vmalloc_used,19730432.0,dbms,08-2026,couchbase-802-vanilla-ce-large-large-aws,1,ip-172-31-22-20,ranking,benchANT
2026-08-12 11:27:50+00:00,mem,vmalloc_used,19730432.0,dbms,08-2026,couchbase-802-vanilla-ce-large-large-aws,1,ip-172-31-22-20,ranking,benchANT
2026-08-12 11:28:00+00:00,mem,vmalloc_used,19714048.0,dbms,08-2026,couchbase-802-vanilla-ce-large-large-aws,1,ip-172-31-22-20,ranking,benchANT
2026-08-12 11:28:10+00:00,mem,vmalloc_used,19714048.0,dbms,08-2026,couchbase-802-vanilla-ce-large-large-aws,1,ip-172-31-22-20,ranking,benchANT
2026-08-12 11:28:20+00:00,mem,vmalloc_used,19714048.0,dbms,08-2026,couchbase-802-vanilla-ce-large-large-aws,1,ip-172-31-22-20,ranking,benchANT
2026-08-12 11:28:30+00:00,mem,vmalloc_used,19714048.0,dbms,08-2026,couchbase-802-vanilla-ce-large-large-aws,1,ip-172-31-22-20,ranking,benchANT
2026-08-12 11:28:40+00:00,mem,vmalloc_used,19714048.0,dbms,08-2026,couchbase-802-vanilla-ce-large-large-aws,1,ip-172-31-22-20,ranking,benchANT
2026-08-12 11:28:50+00:00,mem,vmalloc_used,19714048.0,dbms,08-2026,couchbase-802-vanilla-ce-large-large-aws,1,ip-172-31-22-20,ranking,benchANT
2026-08-12 11:29:00+00:00,mem,vmalloc_used,19714048.0,dbms,08-2026,couchbase-802-vanilla-ce-large-large-aws,1,ip-172-31-22-20,ranking,benchANT
2026-08-12 11:29:10+00:00,mem,vmalloc_used,19714048.0,dbms,08-2026,couchbase-802-vanilla-ce-large-large-aws,1,ip-172-31-22-20,ranking,benchANT
2026-08-12 11:29:20+00:00,mem,vmalloc_used,19714048.0,dbms,08-2026,couchbase-802-vanilla-ce-large-large-aws,1,ip-172-31-22-20,ranking,benchANT
2026-08-12 11:29:30+00:00,mem,vmalloc_used,19714048.0,dbms,08-2026,couchbase-802-vanilla-ce-large-large-aws,1,ip-172-31-22-20,ranking,benchANT
2026-08-12 11:29:40+00:00,mem,vmalloc_used,19714048.0,dbms,08-2026,couchbase-802-vanilla-ce-large-large-aws,1,ip-172-31-22-20,ranking,benchANT
2026-08-12 11:29:50+00:00,mem,vmalloc_used,19714048.0,dbms,08-2026,couchbase-802-vanilla-ce-large-large-aws,1,ip-172-31-22-20,ranking,benchANT
2026-08-12 11:20:00+00:00,mem,write_back,0.0,dbms,08-2026,couchbase-802-vanilla-ce-large-large-aws,1,ip-172-31-22-20,ranking,benchANT
2026-08-12 11:20:10+00:00,mem,write_back,0.0,dbms,08-2026,couchbase-802-vanilla-ce-large-large-aws,1,ip-172-31-22-20,ranking,benchANT
2026-08-12 11:20:20+00:00,mem,write_back,4096.0,dbms,08-2026,couchbase-802-vanilla-ce-large-large-aws,1,ip-172-31-22-20,ranking,benchANT
2026-08-12 11:20:30+00:00,mem,write_back,0.0,dbms,08-2026,couchbase-802-vanilla-ce-large-large-aws,1,ip-172-31-22-20,ranking,benchANT
2026-08-12 11:20:40+00:00,mem,write_back,40960.0,dbms,08-2026,couchbase-802-vanilla-ce-large-large-aws,1,ip-172-31-22-20,ranking,benchANT
2026-08-12 11:20:50+00:00,mem,write_back,0.0,dbms,08-2026,couchbase-802-vanilla-ce-large-large-aws,1,ip-172-31-22-20,ranking,benchANT
2026-08-12 11:21:00+00:00,mem,write_back,0.0,dbms,08-2026,couchbase-802-vanilla-ce-large-large-aws,1,ip-172-31-22-20,ranking,benchANT
2026-08-12 11:21:10+00:00,mem,write_back,0.0,dbms,08-2026,couchbase-802-vanilla-ce-large-large-aws,1,ip-172-31-22-20,ranking,benchANT
2026-08-12 11:21:20+00:00,mem,write_back,282624.0,dbms,08-2026,couchbase-802-vanilla-ce-large-large-aws,1,ip-172-31-22-20,ranking,benchANT
2026-08-12 11:21:30+00:00,mem,write_back,0.0,dbms,08-2026,couchbase-802-vanilla-ce-large-large-aws,1,ip-172-31-22-20,ranking,benchANT
2026-08-12 11:21:40+00:00,mem,write_back,151552.0,dbms,08-2026,couchbase-802-vanilla-ce-large-large-aws,1,ip-172-31-22-20,ranking,benchANT
2026-08-12 11:21:50+00:00,mem,write_back,90112.0,dbms,08-2026,couchbase-802-vanilla-ce-large-large-aws,1,ip-172-31-22-20,ranking,benchANT
2026-08-12 11:22:00+00:00,mem,write_back,98304.0,dbms,08-2026,couchbase-802-vanilla-ce-large-large-aws,1,ip-172-31-22-20,ranking,benchANT
2026-08-12 11:22:10+00:00,mem,write_back,86016.0,dbms,08-2026,couchbase-802-vanilla-ce-large-large-aws,1,ip-172-31-22-20,ranking,benchANT
2026-08-12 11:22:20+00:00,mem,write_back,94208.0,dbms,08-2026,couchbase-802-vanilla-ce-large-large-aws,1,ip-172-31-22-20,ranking,benchANT
2026-08-12 11:22:30+00:00,mem,write_back,86016.0,dbms,08-2026,couchbase-802-vanilla-ce-large-large-aws,1,ip-172-31-22-20,ranking,benchANT
2026-08-12 11:22:40+00:00,mem,write_back,176128.0,dbms,08-2026,couchbase-802-vanilla-ce-large-large-aws,1,ip-172-31-22-20,ranking,benchANT
2026-08-12 11:22:50+00:00,mem,write_back,81920.0,dbms,08-2026,couchbase-802-vanilla-ce-large-large-aws,1,ip-172-31-22-20,ranking,benchANT
2026-08-12 11:23:00+00:00,mem,write_back,4096.0,dbms,08-2026,couchbase-802-vanilla-ce-large-large-aws,1,ip-172-31-22-20,ranking,benchANT
2026-08-12 11:23:10+00:00,mem,write_back,188416.0,dbms,08-2026,couchbase-802-vanilla-ce-large-large-aws,1,ip-172-31-22-20,ranking,benchANT
2026-08-12 11:23:20+00:00,mem,write_back,81920.0,dbms,08-2026,couchbase-802-vanilla-ce-large-large-aws,1,ip-172-31-22-20,ranking,benchANT
2026-08-12 11:23:30+00:00,mem,write_back,176128.0,dbms,08-2026,couchbase-802-vanilla-ce-large-large-aws,1,ip-172-31-22-20,ranking,benchANT
2026-08-12 11:23:40+00:00,mem,write_back,98304.0,dbms,08-2026,couchbase-802-vanilla-ce-large-large-aws,1,ip-172-31-22-20,ranking,benchANT
2026-08-12 11:23:50+00:00,mem,write_back,0.0,dbms,08-2026,couchbase-802-vanilla-ce-large-large-aws,1,ip-172-31-22-20,ranking,benchANT
2026-08-12 11:24:00+00:00,mem,write_back,94208.0,dbms,08-2026,couchbase-802-vanilla-ce-large-large-aws,1,ip-172-31-22-20,ranking,benchANT
2026-08-12 11:24:10+00:00,mem,write_back,98304.0,dbms,08-2026,couchbase-802-vanilla-ce-large-large-aws,1,ip-172-31-22-20,ranking,benchANT
2026-08-12 11:24:20+00:00,mem,write_back,4096.0,dbms,08-2026,couchbase-802-vanilla-ce-large-large-aws,1,ip-172-31-22-20,ranking,benchANT
2026-08-12 11:24:30+00:00,mem,write_back,180224.0,dbms,08-2026,couchbase-802-vanilla-ce-large-large-aws,1,ip-172-31-22-20,ranking,benchANT
2026-08-12 11:24:40+00:00,mem,write_back,86016.0,dbms,08-2026,couchbase-802-vanilla-ce-large-large-aws,1,ip-172-31-22-20,ranking,benchANT
2026-08-12 11:24:50+00:00,mem,write_back,77824.0,dbms,08-2026,couchbase-802-vanilla-ce-large-large-aws,1,ip-172-31-22-20,ranking,benchANT
2026-08-12 11:25:00+00:00,mem,write_back,86016.0,dbms,08-2026,couchbase-802-vanilla-ce-large-large-aws,1,ip-172-31-22-20,ranking,benchANT
2026-08-12 11:25:10+00:00,mem,write_back,155648.0,dbms,08-2026,couchbase-802-vanilla-ce-large-large-aws,1,ip-172-31-22-20,ranking,benchANT
2026-08-12 11:25:20+00:00,mem,write_back,172032.0,dbms,08-2026,couchbase-802-vanilla-ce-large-large-aws,1,ip-172-31-22-20,ranking,benchANT
2026-08-12 11:25:30+00:00,mem,write_back,0.0,dbms,08-2026,couchbase-802-vanilla-ce-large-large-aws,1,ip-172-31-22-20,ranking,benchANT
2026-08-12 11:25:40+00:00,mem,write_back,94208.0,dbms,08-2026,couchbase-802-vanilla-ce-large-large-aws,1,ip-172-31-22-20,ranking,benchANT
2026-08-12 11:25:50+00:00,mem,write_back,180224.0,dbms,08-2026,couchbase-802-vanilla-ce-large-large-aws,1,ip-172-31-22-20,ranking,benchANT
2026-08-12 11:26:00+00:00,mem,write_back,81920.0,dbms,08-2026,couchbase-802-vanilla-ce-large-large-aws,1,ip-172-31-22-20,ranking,benchANT
2026-08-12 11:26:10+00:00,mem,write_back,180224.0,dbms,08-2026,couchbase-802-vanilla-ce-large-large-aws,1,ip-172-31-22-20,ranking,benchANT
2026-08-12 11:26:20+00:00,mem,write_back,81920.0,dbms,08-2026,couchbase-802-vanilla-ce-large-large-aws,1,ip-172-31-22-20,ranking,benchANT
2026-08-12 11:26:30+00:00,mem,write_back,0.0,dbms,08-2026,couchbase-802-vanilla-ce-large-large-aws,1,ip-172-31-22-20,ranking,benchANT
2026-08-12 11:26:40+00:00,mem,write_back,495616.0,dbms,08-2026,couchbase-802-vanilla-ce-large-large-aws,1,ip-172-31-22-20,ranking,benchANT
2026-08-12 11:26:50+00:00,mem,write_back,98304.0,dbms,08-2026,couchbase-802-vanilla-ce-large-large-aws,1,ip-172-31-22-20,ranking,benchANT
2026-08-12 11:27:00+00:00,mem,write_back,81920.0,dbms,08-2026,couchbase-802-vanilla-ce-large-large-aws,1,ip-172-31-22-20,ranking,benchANT
2026-08-12 11:27:10+00:00,mem,write_back,8192.0,dbms,08-2026,couchbase-802-vanilla-ce-large-large-aws,1,ip-172-31-22-20,ranking,benchANT
2026-08-12 11:27:20+00:00,mem,write_back,90112.0,dbms,08-2026,couchbase-802-vanilla-ce-large-large-aws,1,ip-172-31-22-20,ranking,benchANT
2026-08-12 11:27:30+00:00,mem,write_back,0.0,dbms,08-2026,couchbase-802-vanilla-ce-large-large-aws,1,ip-172-31-22-20,ranking,benchANT
2026-08-12 11:27:40+00:00,mem,write_back,86016.0,dbms,08-2026,couchbase-802-vanilla-ce-large-large-aws,1,ip-172-31-22-20,ranking,benchANT
2026-08-12 11:27:50+00:00,mem,write_back,692224.0,dbms,08-2026,couchbase-802-vanilla-ce-large-large-aws,1,ip-172-31-22-20,ranking,benchANT
2026-08-12 11:28:00+00:00,mem,write_back,90112.0,dbms,08-2026,couchbase-802-vanilla-ce-large-large-aws,1,ip-172-31-22-20,ranking,benchANT
2026-08-12 11:28:10+00:00,mem,write_back,163840.0,dbms,08-2026,couchbase-802-vanilla-ce-large-large-aws,1,ip-172-31-22-20,ranking,benchANT
2026-08-12 11:28:20+00:00,mem,write_back,581632.0,dbms,08-2026,couchbase-802-vanilla-ce-large-large-aws,1,ip-172-31-22-20,ranking,benchANT
2026-08-12 11:28:30+00:00,mem,write_back,167936.0,dbms,08-2026,couchbase-802-vanilla-ce-large-large-aws,1,ip-172-31-22-20,ranking,benchANT
2026-08-12 11:28:40+00:00,mem,write_back,90112.0,dbms,08-2026,couchbase-802-vanilla-ce-large-large-aws,1,ip-172-31-22-20,ranking,benchANT
2026-08-12 11:28:50+00:00,mem,write_back,258048.0,dbms,08-2026,couchbase-802-vanilla-ce-large-large-aws,1,ip-172-31-22-20,ranking,benchANT
2026-08-12 11:29:00+00:00,mem,write_back,172032.0,dbms,08-2026,couchbase-802-vanilla-ce-large-large-aws,1,ip-172-31-22-20,ranking,benchANT
2026-08-12 11:29:10+00:00,mem,write_back,0.0,dbms,08-2026,couchbase-802-vanilla-ce-large-large-aws,1,ip-172-31-22-20,ranking,benchANT
2026-08-12 11:29:20+00:00,mem,write_back,184320.0,dbms,08-2026,couchbase-802-vanilla-ce-large-large-aws,1,ip-172-31-22-20,ranking,benchANT
2026-08-12 11:29:30+00:00,mem,write_back,200704.0,dbms,08-2026,couchbase-802-vanilla-ce-large-large-aws,1,ip-172-31-22-20,ranking,benchANT
2026-08-12 11:29:40+00:00,mem,write_back,0.0,dbms,08-2026,couchbase-802-vanilla-ce-large-large-aws,1,ip-172-31-22-20,ranking,benchANT
2026-08-12 11:29:50+00:00,mem,write_back,0.0,dbms,08-2026,couchbase-802-vanilla-ce-large-large-aws,1,ip-172-31-22-20,ranking,benchANT
2026-08-12 11:20:00+00:00,mem,write_back_tmp,0.0,dbms,08-2026,couchbase-802-vanilla-ce-large-large-aws,1,ip-172-31-22-20,ranking,benchANT
2026-08-12 11:20:10+00:00,mem,write_back_tmp,0.0,dbms,08-2026,couchbase-802-vanilla-ce-large-large-aws,1,ip-172-31-22-20,ranking,benchANT
2026-08-12 11:20:20+00:00,mem,write_back_tmp,0.0,dbms,08-2026,couchbase-802-vanilla-ce-large-large-aws,1,ip-172-31-22-20,ranking,benchANT
2026-08-12 11:20:30+00:00,mem,write_back_tmp,0.0,dbms,08-2026,couchbase-802-vanilla-ce-large-large-aws,1,ip-172-31-22-20,ranking,benchANT
2026-08-12 11:20:40+00:00,mem,write_back_tmp,0.0,dbms,08-2026,couchbase-802-vanilla-ce-large-large-aws,1,ip-172-31-22-20,ranking,benchANT
2026-08-12 11:20:50+00:00,mem,write_back_tmp,0.0,dbms,08-2026,couchbase-802-vanilla-ce-large-large-aws,1,ip-172-31-22-20,ranking,benchANT
2026-08-12 11:21:00+00:00,mem,write_back_tmp,0.0,dbms,08-2026,couchbase-802-vanilla-ce-large-large-aws,1,ip-172-31-22-20,ranking,benchANT
2026-08-12 11:21:10+00:00,mem,write_back_tmp,0.0,dbms,08-2026,couchbase-802-vanilla-ce-large-large-aws,1,ip-172-31-22-20,ranking,benchANT
2026-08-12 11:21:20+00:00,mem,write_back_tmp,0.0,dbms,08-2026,couchbase-802-vanilla-ce-large-large-aws,1,ip-172-31-22-20,ranking,benchANT
2026-08-12 11:21:30+00:00,mem,write_back_tmp,0.0,dbms,08-2026,couchbase-802-vanilla-ce-large-large-aws,1,ip-172-31-22-20,ranking,benchANT
2026-08-12 11:21:40+00:00,mem,write_back_tmp,0.0,dbms,08-2026,couchbase-802-vanilla-ce-large-large-aws,1,ip-172-31-22-20,ranking,benchANT
2026-08-12 11:21:50+00:00,mem,write_back_tmp,0.0,dbms,08-2026,couchbase-802-vanilla-ce-large-large-aws,1,ip-172-31-22-20,ranking,benchANT
2026-08-12 11:22:00+00:00,mem,write_back_tmp,0.0,dbms,08-2026,couchbase-802-vanilla-ce-large-large-aws,1,ip-172-31-22-20,ranking,benchANT
2026-08-12 11:22:10+00:00,mem,write_back_tmp,0.0,dbms,08-2026,couchbase-802-vanilla-ce-large-large-aws,1,ip-172-31-22-20,ranking,benchANT
2026-08-12 11:22:20+00:00,mem,write_back_tmp,0.0,dbms,08-2026,couchbase-802-vanilla-ce-large-large-aws,1,ip-172-31-22-20,ranking,benchANT
2026-08-12 11:22:30+00:00,mem,write_back_tmp,0.0,dbms,08-2026,couchbase-802-vanilla-ce-large-large-aws,1,ip-172-31-22-20,ranking,benchANT
2026-08-12 11:22:40+00:00,mem,write_back_tmp,0.0,dbms,08-2026,couchbase-802-vanilla-ce-large-large-aws,1,ip-172-31-22-20,ranking,benchANT
2026-08-12 11:22:50+00:00,mem,write_back_tmp,0.0,dbms,08-2026,couchbase-802-vanilla-ce-large-large-aws,1,ip-172-31-22-20,ranking,benchANT
2026-08-12 11:23:00+00:00,mem,write_back_tmp,0.0,dbms,08-2026,couchbase-802-vanilla-ce-large-large-aws,1,ip-172-31-22-20,ranking,benchANT
2026-08-12 11:23:10+00:00,mem,write_back_tmp,0.0,dbms,08-2026,couchbase-802-vanilla-ce-large-large-aws,1,ip-172-31-22-20,ranking,benchANT
2026-08-12 11:23:20+00:00,mem,write_back_tmp,0.0,dbms,08-2026,couchbase-802-vanilla-ce-large-large-aws,1,ip-172-31-22-20,ranking,benchANT
2026-08-12 11:23:30+00:00,mem,write_back_tmp,0.0,dbms,08-2026,couchbase-802-vanilla-ce-large-large-aws,1,ip-172-31-22-20,ranking,benchANT
2026-08-12 11:23:40+00:00,mem,write_back_tmp,0.0,dbms,08-2026,couchbase-802-vanilla-ce-large-large-aws,1,ip-172-31-22-20,ranking,benchANT
2026-08-12 11:23:50+00:00,mem,write_back_tmp,0.0,dbms,08-2026,couchbase-802-vanilla-ce-large-large-aws,1,ip-172-31-22-20,ranking,benchANT
2026-08-12 11:24:00+00:00,mem,write_back_tmp,0.0,dbms,08-2026,couchbase-802-vanilla-ce-large-large-aws,1,ip-172-31-22-20,ranking,benchANT
2026-08-12 11:24:10+00:00,mem,write_back_tmp,0.0,dbms,08-2026,couchbase-802-vanilla-ce-large-large-aws,1,ip-172-31-22-20,ranking,benchANT
2026-08-12 11:24:20+00:00,mem,write_back_tmp,0.0,dbms,08-2026,couchbase-802-vanilla-ce-large-large-aws,1,ip-172-31-22-20,ranking,benchANT
2026-08-12 11:24:30+00:00,mem,write_back_tmp,0.0,dbms,08-2026,couchbase-802-vanilla-ce-large-large-aws,1,ip-172-31-22-20,ranking,benchANT
2026-08-12 11:24:40+00:00,mem,write_back_tmp,0.0,dbms,08-2026,couchbase-802-vanilla-ce-large-large-aws,1,ip-172-31-22-20,ranking,benchANT
2026-08-12 11:24:50+00:00,mem,write_back_tmp,0.0,dbms,08-2026,couchbase-802-vanilla-ce-large-large-aws,1,ip-172-31-22-20,ranking,benchANT
2026-08-12 11:25:00+00:00,mem,write_back_tmp,0.0,dbms,08-2026,couchbase-802-vanilla-ce-large-large-aws,1,ip-172-31-22-20,ranking,benchANT
2026-08-12 11:25:10+00:00,mem,write_back_tmp,0.0,dbms,08-2026,couchbase-802-vanilla-ce-large-large-aws,1,ip-172-31-22-20,ranking,benchANT
2026-08-12 11:25:20+00:00,mem,write_back_tmp,0.0,dbms,08-2026,couchbase-802-vanilla-ce-large-large-aws,1,ip-172-31-22-20,ranking,benchANT
2026-08-12 11:25:30+00:00,mem,write_back_tmp,0.0,dbms,08-2026,couchbase-802-vanilla-ce-large-large-aws,1,ip-172-31-22-20,ranking,benchANT
2026-08-12 11:25:40+00:00,mem,write_back_tmp,0.0,dbms,08-2026,couchbase-802-vanilla-ce-large-large-aws,1,ip-172-31-22-20,ranking,benchANT
2026-08-12 11:25:50+00:00,mem,write_back_tmp,0.0,dbms,08-2026,couchbase-802-vanilla-ce-large-large-aws,1,ip-172-31-22-20,ranking,benchANT
2026-08-12 11:26:00+00:00,mem,write_back_tmp,0.0,dbms,08-2026,couchbase-802-vanilla-ce-large-large-aws,1,ip-172-31-22-20,ranking,benchANT
2026-08-12 11:26:10+00:00,mem,write_back_tmp,0.0,dbms,08-2026,couchbase-802-vanilla-ce-large-large-aws,1,ip-172-31-22-20,ranking,benchANT
2026-08-12 11:26:20+00:00,mem,write_back_tmp,0.0,dbms,08-2026,couchbase-802-vanilla-ce-large-large-aws,1,ip-172-31-22-20,ranking,benchANT
2026-08-12 11:26:30+00:00,mem,write_back_tmp,0.0,dbms,08-2026,couchbase-802-vanilla-ce-large-large-aws,1,ip-172-31-22-20,ranking,benchANT
2026-08-12 11:26:40+00:00,mem,write_back_tmp,0.0,dbms,08-2026,couchbase-802-vanilla-ce-large-large-aws,1,ip-172-31-22-20,ranking,benchANT
2026-08-12 11:26:50+00:00,mem,write_back_tmp,0.0,dbms,08-2026,couchbase-802-vanilla-ce-large-large-aws,1,ip-172-31-22-20,ranking,benchANT
2026-08-12 11:27:00+00:00,mem,write_back_tmp,0.0,dbms,08-2026,couchbase-802-vanilla-ce-large-large-aws,1,ip-172-31-22-20,ranking,benchANT
2026-08-12 11:27:10+00:00,mem,write_back_tmp,0.0,dbms,08-2026,couchbase-802-vanilla-ce-large-large-aws,1,ip-172-31-22-20,ranking,benchANT
2026-08-12 11:27:20+00:00,mem,write_back_tmp,0.0,dbms,08-2026,couchbase-802-vanilla-ce-large-large-aws,1,ip-172-31-22-20,ranking,benchANT
2026-08-12 11:27:30+00:00,mem,write_back_tmp,0.0,dbms,08-2026,couchbase-802-vanilla-ce-large-large-aws,1,ip-172-31-22-20,ranking,benchANT
2026-08-12 11:27:40+00:00,mem,write_back_tmp,0.0,dbms,08-2026,couchbase-802-vanilla-ce-large-large-aws,1,ip-172-31-22-20,ranking,benchANT
2026-08-12 11:27:50+00:00,mem,write_back_tmp,0.0,dbms,08-2026,couchbase-802-vanilla-ce-large-large-aws,1,ip-172-31-22-20,ranking,benchANT
2026-08-12 11:28:00+00:00,mem,write_back_tmp,0.0,dbms,08-2026,couchbase-802-vanilla-ce-large-large-aws,1,ip-172-31-22-20,ranking,benchANT
2026-08-12 11:28:10+00:00,mem,write_back_tmp,0.0,dbms,08-2026,couchbase-802-vanilla-ce-large-large-aws,1,ip-172-31-22-20,ranking,benchANT
2026-08-12 11:28:20+00:00,mem,write_back_tmp,0.0,dbms,08-2026,couchbase-802-vanilla-ce-large-large-aws,1,ip-172-31-22-20,ranking,benchANT
2026-08-12 11:28:30+00:00,mem,write_back_tmp,0.0,dbms,08-2026,couchbase-802-vanilla-ce-large-large-aws,1,ip-172-31-22-20,ranking,benchANT
2026-08-12 11:28:40+00:00,mem,write_back_tmp,0.0,dbms,08-2026,couchbase-802-vanilla-ce-large-large-aws,1,ip-172-31-22-20,ranking,benchANT
2026-08-12 11:28:50+00:00,mem,write_back_tmp,0.0,dbms,08-2026,couchbase-802-vanilla-ce-large-large-aws,1,ip-172-31-22-20,ranking,benchANT
2026-08-12 11:29:00+00:00,mem,write_back_tmp,0.0,dbms,08-2026,couchbase-802-vanilla-ce-large-large-aws,1,ip-172-31-22-20,ranking,benchANT
2026-08-12 11:29:10+00:00,mem,write_back_tmp,0.0,dbms,08-2026,couchbase-802-vanilla-ce-large-large-aws,1,ip-172-31-22-20,ranking,benchANT
2026-08-12 11:29:20+00:00,mem,write_back_tmp,0.0,dbms,08-2026,couchbase-802-vanilla-ce-large-large-aws,1,ip-172-31-22-20,ranking,benchANT
2026-08-12 11:29:30+00:00,mem,write_back_tmp,0.0,dbms,08-2026,couchbase-802-vanilla-ce-large-large-aws,1,ip-172-31-22-20,ranking,benchANT
2026-08-12 11:29:40+00:00,mem,write_back_tmp,0.0,dbms,08-2026,couchbase-802-vanilla-ce-large-large-aws,1,ip-172-31-22-20,ranking,benchANT
2026-08-12 11:29:50+00:00,mem,write_back_tmp,0.0,dbms,08-2026,couchbase-802-vanilla-ce-large-large-aws,1,ip-172-31-22-20,ranking,benchANT
2026-08-12 11:20:00+00:00,mem,active,5266747392.0,dbms,08-2026,couchbase-802-vanilla-ce-large-large-aws,1,ip-172-31-26-207,ranking,benchANT
2026-08-12 11:20:10+00:00,mem,active,5265330176.0,dbms,08-2026,couchbase-802-vanilla-ce-large-large-aws,1,ip-172-31-26-207,ranking,benchANT
2026-08-12 11:20:20+00:00,mem,active,5266501632.0,dbms,08-2026,couchbase-802-vanilla-ce-large-large-aws,1,ip-172-31-26-207,ranking,benchANT
2026-08-12 11:20:30+00:00,mem,active,5268131840.0,dbms,08-2026,couchbase-802-vanilla-ce-large-large-aws,1,ip-172-31-26-207,ranking,benchANT
2026-08-12 11:20:40+00:00,mem,active,5269540864.0,dbms,08-2026,couchbase-802-vanilla-ce-large-large-aws,1,ip-172-31-26-207,ranking,benchANT
2026-08-12 11:20:50+00:00,mem,active,5267714048.0,dbms,08-2026,couchbase-802-vanilla-ce-large-large-aws,1,ip-172-31-26-207,ranking,benchANT
2026-08-12 11:21:00+00:00,mem,active,5271089152.0,dbms,08-2026,couchbase-802-vanilla-ce-large-large-aws,1,ip-172-31-26-207,ranking,benchANT
2026-08-12 11:21:10+00:00,mem,active,5281644544.0,dbms,08-2026,couchbase-802-vanilla-ce-large-large-aws,1,ip-172-31-26-207,ranking,benchANT
2026-08-12 11:21:20+00:00,mem,active,5310038016.0,dbms,08-2026,couchbase-802-vanilla-ce-large-large-aws,1,ip-172-31-26-207,ranking,benchANT
2026-08-12 11:21:30+00:00,mem,active,5493321728.0,dbms,08-2026,couchbase-802-vanilla-ce-large-large-aws,1,ip-172-31-26-207,ranking,benchANT
2026-08-12 11:21:40+00:00,mem,active,5993881600.0,dbms,08-2026,couchbase-802-vanilla-ce-large-large-aws,1,ip-172-31-26-207,ranking,benchANT
2026-08-12 11:21:50+00:00,mem,active,6457765888.0,dbms,08-2026,couchbase-802-vanilla-ce-large-large-aws,1,ip-172-31-26-207,ranking,benchANT
2026-08-12 11:22:00+00:00,mem,active,6960623616.0,dbms,08-2026,couchbase-802-vanilla-ce-large-large-aws,1,ip-172-31-26-207,ranking,benchANT
2026-08-12 11:22:10+00:00,mem,active,7441494016.0,dbms,08-2026,couchbase-802-vanilla-ce-large-large-aws,1,ip-172-31-26-207,ranking,benchANT
2026-08-12 11:22:20+00:00,mem,active,7940456448.0,dbms,08-2026,couchbase-802-vanilla-ce-large-large-aws,1,ip-172-31-26-207,ranking,benchANT
2026-08-12 11:22:30+00:00,mem,active,8442384384.0,dbms,08-2026,couchbase-802-vanilla-ce-large-large-aws,1,ip-172-31-26-207,ranking,benchANT
2026-08-12 11:22:40+00:00,mem,active,8907415552.0,dbms,08-2026,couchbase-802-vanilla-ce-large-large-aws,1,ip-172-31-26-207,ranking,benchANT
2026-08-12 11:22:50+00:00,mem,active,9403043840.0,dbms,08-2026,couchbase-802-vanilla-ce-large-large-aws,1,ip-172-31-26-207,ranking,benchANT
2026-08-12 11:23:00+00:00,mem,active,9892618240.0,dbms,08-2026,couchbase-802-vanilla-ce-large-large-aws,1,ip-172-31-26-207,ranking,benchANT
2026-08-12 11:23:10+00:00,mem,active,10390581248.0,dbms,08-2026,couchbase-802-vanilla-ce-large-large-aws,1,ip-172-31-26-207,ranking,benchANT
2026-08-12 11:23:20+00:00,mem,active,10884096000.0,dbms,08-2026,couchbase-802-vanilla-ce-large-large-aws,1,ip-172-31-26-207,ranking,benchANT
2026-08-12 11:23:30+00:00,mem,active,11338620928.0,dbms,08-2026,couchbase-802-vanilla-ce-large-large-aws,1,ip-172-31-26-207,ranking,benchANT
2026-08-12 11:23:40+00:00,mem,active,11832524800.0,dbms,08-2026,couchbase-802-vanilla-ce-large-large-aws,1,ip-172-31-26-207,ranking,benchANT
2026-08-12 11:23:50+00:00,mem,active,12376281088.0,dbms,08-2026,couchbase-802-vanilla-ce-large-large-aws,1,ip-172-31-26-207,ranking,benchANT
2026-08-12 11:24:00+00:00,mem,active,12879941632.0,dbms,08-2026,couchbase-802-vanilla-ce-large-large-aws,1,ip-172-31-26-207,ranking,benchANT
2026-08-12 11:24:10+00:00,mem,active,13361930240.0,dbms,08-2026,couchbase-802-vanilla-ce-large-large-aws,1,ip-172-31-26-207,ranking,benchANT
2026-08-12 11:24:20+00:00,mem,active,13857255424.0,dbms,08-2026,couchbase-802-vanilla-ce-large-large-aws,1,ip-172-31-26-207,ranking,benchANT
2026-08-12 11:24:30+00:00,mem,active,14347792384.0,dbms,08-2026,couchbase-802-vanilla-ce-large-large-aws,1,ip-172-31-26-207,ranking,benchANT
2026-08-12 11:24:40+00:00,mem,active,14824050688.0,dbms,08-2026,couchbase-802-vanilla-ce-large-large-aws,1,ip-172-31-26-207,ranking,benchANT
2026-08-12 11:24:50+00:00,mem,active,14963212288.0,dbms,08-2026,couchbase-802-vanilla-ce-large-large-aws,1,ip-172-31-26-207,ranking,benchANT
2026-08-12 11:25:00+00:00,mem,active,14999969792.0,dbms,08-2026,couchbase-802-vanilla-ce-large-large-aws,1,ip-172-31-26-207,ranking,benchANT
2026-08-12 11:25:10+00:00,mem,active,15043141632.0,dbms,08-2026,couchbase-802-vanilla-ce-large-large-aws,1,ip-172-31-26-207,ranking,benchANT
2026-08-12 11:25:20+00:00,mem,active,15074476032.0,dbms,08-2026,couchbase-802-vanilla-ce-large-large-aws,1,ip-172-31-26-207,ranking,benchANT
2026-08-12 11:25:30+00:00,mem,active,15111692288.0,dbms,08-2026,couchbase-802-vanilla-ce-large-large-aws,1,ip-172-31-26-207,ranking,benchANT
2026-08-12 11:25:40+00:00,mem,active,14870360064.0,dbms,08-2026,couchbase-802-vanilla-ce-large-large-aws,1,ip-172-31-26-207,ranking,benchANT
2026-08-12 11:25:50+00:00,mem,active,14420373504.0,dbms,08-2026,couchbase-802-vanilla-ce-large-large-aws,1,ip-172-31-26-207,ranking,benchANT
2026-08-12 11:26:00+00:00,mem,active,14068813824.0,dbms,08-2026,couchbase-802-vanilla-ce-large-large-aws,1,ip-172-31-26-207,ranking,benchANT
2026-08-12 11:26:10+00:00,mem,active,13887574016.0,dbms,08-2026,couchbase-802-vanilla-ce-large-large-aws,1,ip-172-31-26-207,ranking,benchANT
2026-08-12 11:26:20+00:00,mem,active,13797289984.0,dbms,08-2026,couchbase-802-vanilla-ce-large-large-aws,1,ip-172-31-26-207,ranking,benchANT
2026-08-12 11:26:30+00:00,mem,active,13951770624.0,dbms,08-2026,couchbase-802-vanilla-ce-large-large-aws,1,ip-172-31-26-207,ranking,benchANT
2026-08-12 11:26:40+00:00,mem,active,14019031040.0,dbms,08-2026,couchbase-802-vanilla-ce-large-large-aws,1,ip-172-31-26-207,ranking,benchANT
2026-08-12 11:26:50+00:00,mem,active,13967806464.0,dbms,08-2026,couchbase-802-vanilla-ce-large-large-aws,1,ip-172-31-26-207,ranking,benchANT
2026-08-12 11:27:00+00:00,mem,active,13991534592.0,dbms,08-2026,couchbase-802-vanilla-ce-large-large-aws,1,ip-172-31-26-207,ranking,benchANT
2026-08-12 11:27:10+00:00,mem,active,13842563072.0,dbms,08-2026,couchbase-802-vanilla-ce-large-large-aws,1,ip-172-31-26-207,ranking,benchANT
2026-08-12 11:27:20+00:00,mem,active,13669146624.0,dbms,08-2026,couchbase-802-vanilla-ce-large-large-aws,1,ip-172-31-26-207,ranking,benchANT
2026-08-12 11:27:30+00:00,mem,active,13546504192.0,dbms,08-2026,couchbase-802-vanilla-ce-large-large-aws,1,ip-172-31-26-207,ranking,benchANT
2026-08-12 11:27:40+00:00,mem,active,13508567040.0,dbms,08-2026,couchbase-802-vanilla-ce-large-large-aws,1,ip-172-31-26-207,ranking,benchANT
2026-08-12 11:27:50+00:00,mem,active,13517565952.0,dbms,08-2026,couchbase-802-vanilla-ce-large-large-aws,1,ip-172-31-26-207,ranking,benchANT
2026-08-12 11:28:00+00:00,mem,active,13546606592.0,dbms,08-2026,couchbase-802-vanilla-ce-large-large-aws,1,ip-172-31-26-207,ranking,benchANT
2026-08-12 11:28:10+00:00,mem,active,13584740352.0,dbms,08-2026,couchbase-802-vanilla-ce-large-large-aws,1,ip-172-31-26-207,ranking,benchANT
2026-08-12 11:28:20+00:00,mem,active,13632856064.0,dbms,08-2026,couchbase-802-vanilla-ce-large-large-aws,1,ip-172-31-26-207,ranking,benchANT
2026-08-12 11:28:30+00:00,mem,active,13577572352.0,dbms,08-2026,couchbase-802-vanilla-ce-large-large-aws,1,ip-172-31-26-207,ranking,benchANT
2026-08-12 11:28:40+00:00,mem,active,13623599104.0,dbms,08-2026,couchbase-802-vanilla-ce-large-large-aws,1,ip-172-31-26-207,ranking,benchANT
2026-08-12 11:28:50+00:00,mem,active,13628837888.0,dbms,08-2026,couchbase-802-vanilla-ce-large-large-aws,1,ip-172-31-26-207,ranking,benchANT
2026-08-12 11:29:00+00:00,mem,active,13580804096.0,dbms,08-2026,couchbase-802-vanilla-ce-large-large-aws,1,ip-172-31-26-207,ranking,benchANT
2026-08-12 11:29:10+00:00,mem,active,13621248000.0,dbms,08-2026,couchbase-802-vanilla-ce-large-large-aws,1,ip-172-31-26-207,ranking,benchANT
2026-08-12 11:29:20+00:00,mem,active,13667061760.0,dbms,08-2026,couchbase-802-vanilla-ce-large-large-aws,1,ip-172-31-26-207,ranking,benchANT
2026-08-12 11:29:30+00:00,mem,active,13710704640.0,dbms,08-2026,couchbase-802-vanilla-ce-large-large-aws,1,ip-172-31-26-207,ranking,benchANT
2026-08-12 11:29:40+00:00,mem,active,13702848512.0,dbms,08-2026,couchbase-802-vanilla-ce-large-large-aws,1,ip-172-31-26-207,ranking,benchANT
2026-08-12 11:29:50+00:00,mem,active,13697269760.0,dbms,08-2026,couchbase-802-vanilla-ce-large-large-aws,1,ip-172-31-26-207,ranking,benchANT
2026-08-12 11:20:00+00:00,mem,available,27125772288.0,dbms,08-2026,couchbase-802-vanilla-ce-large-large-aws,1,ip-172-31-26-207,ranking,benchANT
2026-08-12 11:20:10+00:00,mem,available,27125645312.0,dbms,08-2026,couchbase-802-vanilla-ce-large-large-aws,1,ip-172-31-26-207,ranking,benchANT
2026-08-12 11:20:20+00:00,mem,available,27123560448.0,dbms,08-2026,couchbase-802-vanilla-ce-large-large-aws,1,ip-172-31-26-207,ranking,benchANT
2026-08-12 11:20:30+00:00,mem,available,27121790976.0,dbms,08-2026,couchbase-802-vanilla-ce-large-large-aws,1,ip-172-31-26-207,ranking,benchANT
2026-08-12 11:20:40+00:00,mem,available,27118661632.0,dbms,08-2026,couchbase-802-vanilla-ce-large-large-aws,1,ip-172-31-26-207,ranking,benchANT
2026-08-12 11:20:50+00:00,mem,available,27122323456.0,dbms,08-2026,couchbase-802-vanilla-ce-large-large-aws,1,ip-172-31-26-207,ranking,benchANT
2026-08-12 11:21:00+00:00,mem,available,27128741888.0,dbms,08-2026,couchbase-802-vanilla-ce-large-large-aws,1,ip-172-31-26-207,ranking,benchANT
2026-08-12 11:21:10+00:00,mem,available,27129016320.0,dbms,08-2026,couchbase-802-vanilla-ce-large-large-aws,1,ip-172-31-26-207,ranking,benchANT
2026-08-12 11:21:20+00:00,mem,available,27098402816.0,dbms,08-2026,couchbase-802-vanilla-ce-large-large-aws,1,ip-172-31-26-207,ranking,benchANT
2026-08-12 11:21:30+00:00,mem,available,26885980160.0,dbms,08-2026,couchbase-802-vanilla-ce-large-large-aws,1,ip-172-31-26-207,ranking,benchANT
2026-08-12 11:21:40+00:00,mem,available,26263207936.0,dbms,08-2026,couchbase-802-vanilla-ce-large-large-aws,1,ip-172-31-26-207,ranking,benchANT
2026-08-12 11:21:50+00:00,mem,available,25732022272.0,dbms,08-2026,couchbase-802-vanilla-ce-large-large-aws,1,ip-172-31-26-207,ranking,benchANT
2026-08-12 11:22:00+00:00,mem,available,25170944000.0,dbms,08-2026,couchbase-802-vanilla-ce-large-large-aws,1,ip-172-31-26-207,ranking,benchANT
2026-08-12 11:22:10+00:00,mem,available,24635125760.0,dbms,08-2026,couchbase-802-vanilla-ce-large-large-aws,1,ip-172-31-26-207,ranking,benchANT
2026-08-12 11:22:20+00:00,mem,available,24072933376.0,dbms,08-2026,couchbase-802-vanilla-ce-large-large-aws,1,ip-172-31-26-207,ranking,benchANT
2026-08-12 11:22:30+00:00,mem,available,23523196928.0,dbms,08-2026,couchbase-802-vanilla-ce-large-large-aws,1,ip-172-31-26-207,ranking,benchANT
2026-08-12 11:22:40+00:00,mem,available,23018881024.0,dbms,08-2026,couchbase-802-vanilla-ce-large-large-aws,1,ip-172-31-26-207,ranking,benchANT
2026-08-12 11:22:50+00:00,mem,available,22457806848.0,dbms,08-2026,couchbase-802-vanilla-ce-large-large-aws,1,ip-172-31-26-207,ranking,benchANT
2026-08-12 11:23:00+00:00,mem,available,21962608640.0,dbms,08-2026,couchbase-802-vanilla-ce-large-large-aws,1,ip-172-31-26-207,ranking,benchANT
2026-08-12 11:23:10+00:00,mem,available,21478891520.0,dbms,08-2026,couchbase-802-vanilla-ce-large-large-aws,1,ip-172-31-26-207,ranking,benchANT
2026-08-12 11:23:20+00:00,mem,available,20970336256.0,dbms,08-2026,couchbase-802-vanilla-ce-large-large-aws,1,ip-172-31-26-207,ranking,benchANT
2026-08-12 11:23:30+00:00,mem,available,20518174720.0,dbms,08-2026,couchbase-802-vanilla-ce-large-large-aws,1,ip-172-31-26-207,ranking,benchANT
2026-08-12 11:23:40+00:00,mem,available,20007669760.0,dbms,08-2026,couchbase-802-vanilla-ce-large-large-aws,1,ip-172-31-26-207,ranking,benchANT
2026-08-12 11:23:50+00:00,mem,available,19472941056.0,dbms,08-2026,couchbase-802-vanilla-ce-large-large-aws,1,ip-172-31-26-207,ranking,benchANT
2026-08-12 11:24:00+00:00,mem,available,18955337728.0,dbms,08-2026,couchbase-802-vanilla-ce-large-large-aws,1,ip-172-31-26-207,ranking,benchANT
2026-08-12 11:24:10+00:00,mem,available,18480754688.0,dbms,08-2026,couchbase-802-vanilla-ce-large-large-aws,1,ip-172-31-26-207,ranking,benchANT
2026-08-12 11:24:20+00:00,mem,available,17977765888.0,dbms,08-2026,couchbase-802-vanilla-ce-large-large-aws,1,ip-172-31-26-207,ranking,benchANT
2026-08-12 11:24:30+00:00,mem,available,17493274624.0,dbms,08-2026,couchbase-802-vanilla-ce-large-large-aws,1,ip-172-31-26-207,ranking,benchANT
2026-08-12 11:24:40+00:00,mem,available,17058631680.0,dbms,08-2026,couchbase-802-vanilla-ce-large-large-aws,1,ip-172-31-26-207,ranking,benchANT
2026-08-12 11:24:50+00:00,mem,available,16920457216.0,dbms,08-2026,couchbase-802-vanilla-ce-large-large-aws,1,ip-172-31-26-207,ranking,benchANT
2026-08-12 11:25:00+00:00,mem,available,16903892992.0,dbms,08-2026,couchbase-802-vanilla-ce-large-large-aws,1,ip-172-31-26-207,ranking,benchANT
2026-08-12 11:25:10+00:00,mem,available,16865456128.0,dbms,08-2026,couchbase-802-vanilla-ce-large-large-aws,1,ip-172-31-26-207,ranking,benchANT
2026-08-12 11:25:20+00:00,mem,available,16825024512.0,dbms,08-2026,couchbase-802-vanilla-ce-large-large-aws,1,ip-172-31-26-207,ranking,benchANT
2026-08-12 11:25:30+00:00,mem,available,16870514688.0,dbms,08-2026,couchbase-802-vanilla-ce-large-large-aws,1,ip-172-31-26-207,ranking,benchANT
2026-08-12 11:25:40+00:00,mem,available,17128927232.0,dbms,08-2026,couchbase-802-vanilla-ce-large-large-aws,1,ip-172-31-26-207,ranking,benchANT
2026-08-12 11:25:50+00:00,mem,available,17430093824.0,dbms,08-2026,couchbase-802-vanilla-ce-large-large-aws,1,ip-172-31-26-207,ranking,benchANT
2026-08-12 11:26:00+00:00,mem,available,17685803008.0,dbms,08-2026,couchbase-802-vanilla-ce-large-large-aws,1,ip-172-31-26-207,ranking,benchANT
2026-08-12 11:26:10+00:00,mem,available,17961721856.0,dbms,08-2026,couchbase-802-vanilla-ce-large-large-aws,1,ip-172-31-26-207,ranking,benchANT
2026-08-12 11:26:20+00:00,mem,available,18427985920.0,dbms,08-2026,couchbase-802-vanilla-ce-large-large-aws,1,ip-172-31-26-207,ranking,benchANT
2026-08-12 11:26:30+00:00,mem,available,18414882816.0,dbms,08-2026,couchbase-802-vanilla-ce-large-large-aws,1,ip-172-31-26-207,ranking,benchANT
2026-08-12 11:26:40+00:00,mem,available,18371719168.0,dbms,08-2026,couchbase-802-vanilla-ce-large-large-aws,1,ip-172-31-26-207,ranking,benchANT
2026-08-12 11:26:50+00:00,mem,available,18331545600.0,dbms,08-2026,couchbase-802-vanilla-ce-large-large-aws,1,ip-172-31-26-207,ranking,benchANT
2026-08-12 11:27:00+00:00,mem,available,18287443968.0,dbms,08-2026,couchbase-802-vanilla-ce-large-large-aws,1,ip-172-31-26-207,ranking,benchANT
2026-08-12 11:27:10+00:00,mem,available,18346496000.0,dbms,08-2026,couchbase-802-vanilla-ce-large-large-aws,1,ip-172-31-26-207,ranking,benchANT
2026-08-12 11:27:20+00:00,mem,available,18555768832.0,dbms,08-2026,couchbase-802-vanilla-ce-large-large-aws,1,ip-172-31-26-207,ranking,benchANT
2026-08-12 11:27:30+00:00,mem,available,18638639104.0,dbms,08-2026,couchbase-802-vanilla-ce-large-large-aws,1,ip-172-31-26-207,ranking,benchANT
2026-08-12 11:27:40+00:00,mem,available,18756603904.0,dbms,08-2026,couchbase-802-vanilla-ce-large-large-aws,1,ip-172-31-26-207,ranking,benchANT
2026-08-12 11:27:50+00:00,mem,available,18718531584.0,dbms,08-2026,couchbase-802-vanilla-ce-large-large-aws,1,ip-172-31-26-207,ranking,benchANT
2026-08-12 11:28:00+00:00,mem,available,18694594560.0,dbms,08-2026,couchbase-802-vanilla-ce-large-large-aws,1,ip-172-31-26-207,ranking,benchANT
2026-08-12 11:28:10+00:00,mem,available,18678927360.0,dbms,08-2026,couchbase-802-vanilla-ce-large-large-aws,1,ip-172-31-26-207,ranking,benchANT
2026-08-12 11:28:20+00:00,mem,available,18610139136.0,dbms,08-2026,couchbase-802-vanilla-ce-large-large-aws,1,ip-172-31-26-207,ranking,benchANT
2026-08-12 11:28:30+00:00,mem,available,18577195008.0,dbms,08-2026,couchbase-802-vanilla-ce-large-large-aws,1,ip-172-31-26-207,ranking,benchANT
2026-08-12 11:28:40+00:00,mem,available,18526801920.0,dbms,08-2026,couchbase-802-vanilla-ce-large-large-aws,1,ip-172-31-26-207,ranking,benchANT
2026-08-12 11:28:50+00:00,mem,available,18512990208.0,dbms,08-2026,couchbase-802-vanilla-ce-large-large-aws,1,ip-172-31-26-207,ranking,benchANT
2026-08-12 11:29:00+00:00,mem,available,18579783680.0,dbms,08-2026,couchbase-802-vanilla-ce-large-large-aws,1,ip-172-31-26-207,ranking,benchANT
2026-08-12 11:29:10+00:00,mem,available,18515554304.0,dbms,08-2026,couchbase-802-vanilla-ce-large-large-aws,1,ip-172-31-26-207,ranking,benchANT
2026-08-12 11:29:20+00:00,mem,available,18479722496.0,dbms,08-2026,couchbase-802-vanilla-ce-large-large-aws,1,ip-172-31-26-207,ranking,benchANT
2026-08-12 11:29:30+00:00,mem,available,18468331520.0,dbms,08-2026,couchbase-802-vanilla-ce-large-large-aws,1,ip-172-31-26-207,ranking,benchANT
2026-08-12 11:29:40+00:00,mem,available,18458152960.0,dbms,08-2026,couchbase-802-vanilla-ce-large-large-aws,1,ip-172-31-26-207,ranking,benchANT
2026-08-12 11:29:50+00:00,mem,available,18461409280.0,dbms,08-2026,couchbase-802-vanilla-ce-large-large-aws,1,ip-172-31-26-207,ranking,benchANT
2026-08-12 11:20:00+00:00,mem,available_percent,82.427919011199,dbms,08-2026,couchbase-802-vanilla-ce-large-large-aws,1,ip-172-31-26-207,ranking,benchANT
2026-08-12 11:20:10+00:00,mem,available_percent,82.42753316532027,dbms,08-2026,couchbase-802-vanilla-ce-large-large-aws,1,ip-172-31-26-207,ranking,benchANT
2026-08-12 11:20:20+00:00,mem,available_percent,82.42119782492455,dbms,08-2026,couchbase-802-vanilla-ce-large-large-aws,1,ip-172-31-26-207,ranking,benchANT
2026-08-12 11:20:30+00:00,mem,available_percent,82.415820875905,dbms,08-2026,couchbase-802-vanilla-ce-large-large-aws,1,ip-172-31-26-207,ranking,benchANT
2026-08-12 11:20:40+00:00,mem,available_percent,82.40631164199078,dbms,08-2026,couchbase-802-vanilla-ce-large-large-aws,1,ip-172-31-26-207,ranking,benchANT
2026-08-12 11:20:50+00:00,mem,available_percent,82.41743893926736,dbms,08-2026,couchbase-802-vanilla-ce-large-large-aws,1,ip-172-31-26-207,ranking,benchANT
2026-08-12 11:21:00+00:00,mem,available_percent,82.43694282610448,dbms,08-2026,couchbase-802-vanilla-ce-large-large-aws,1,ip-172-31-26-207,ranking,benchANT
2026-08-12 11:21:10+00:00,mem,available_percent,82.43777675106817,dbms,08-2026,couchbase-802-vanilla-ce-large-large-aws,1,ip-172-31-26-207,ranking,benchANT
2026-08-12 11:21:20+00:00,mem,available_percent,82.3447505543734,dbms,08-2026,couchbase-802-vanilla-ce-large-large-aws,1,ip-172-31-26-207,ranking,benchANT
2026-08-12 11:21:30+00:00,mem,available_percent,81.69925529256079,dbms,08-2026,couchbase-802-vanilla-ce-large-large-aws,1,ip-172-31-26-207,ranking,benchANT
2026-08-12 11:21:40+00:00,mem,available_percent,79.80681817050305,dbms,08-2026,couchbase-802-vanilla-ce-large-large-aws,1,ip-172-31-26-207,ranking,benchANT
2026-08-12 11:21:50+00:00,mem,available_percent,78.19268794677218,dbms,08-2026,couchbase-802-vanilla-ce-large-large-aws,1,ip-172-31-26-207,ranking,benchANT
2026-08-12 11:22:00+00:00,mem,available_percent,76.48772213520637,dbms,08-2026,couchbase-802-vanilla-ce-large-large-aws,1,ip-172-31-26-207,ranking,benchANT
2026-08-12 11:22:10+00:00,mem,available_percent,74.85951476022292,dbms,08-2026,couchbase-802-vanilla-ce-large-large-aws,1,ip-172-31-26-207,ranking,benchANT
2026-08-12 11:22:20+00:00,mem,available_percent,73.15116346223739,dbms,08-2026,couchbase-802-vanilla-ce-large-large-aws,1,ip-172-31-26-207,ranking,benchANT
2026-08-12 11:22:30+00:00,mem,available_percent,71.48066240028996,dbms,08-2026,couchbase-802-vanilla-ce-large-large-aws,1,ip-172-31-26-207,ranking,benchANT
2026-08-12 11:22:40+00:00,mem,available_percent,69.94818214315231,dbms,08-2026,couchbase-802-vanilla-ce-large-large-aws,1,ip-172-31-26-207,ranking,benchANT
2026-08-12 11:22:50+00:00,mem,available_percent,68.24322877822773,dbms,08-2026,couchbase-802-vanilla-ce-large-large-aws,1,ip-172-31-26-207,ranking,benchANT
2026-08-12 11:23:00+00:00,mem,available_percent,66.73845474451028,dbms,08-2026,couchbase-802-vanilla-ce-large-large-aws,1,ip-172-31-26-207,ranking,benchANT
2026-08-12 11:23:10+00:00,mem,available_percent,65.26856864621368,dbms,08-2026,couchbase-802-vanilla-ce-large-large-aws,1,ip-172-31-26-207,ranking,benchANT
2026-08-12 11:23:20+00:00,mem,available_percent,63.72320611538335,dbms,08-2026,couchbase-802-vanilla-ce-large-large-aws,1,ip-172-31-26-207,ranking,benchANT
2026-08-12 11:23:30+00:00,mem,available_percent,62.34920894126878,dbms,08-2026,couchbase-802-vanilla-ce-large-large-aws,1,ip-172-31-26-207,ranking,benchANT
2026-08-12 11:23:40+00:00,mem,available_percent,60.79792180920394,dbms,08-2026,couchbase-802-vanilla-ce-large-large-aws,1,ip-172-31-26-207,ranking,benchANT
2026-08-12 11:23:50+00:00,mem,available_percent,59.17302524079272,dbms,08-2026,couchbase-802-vanilla-ce-large-large-aws,1,ip-172-31-26-207,ranking,benchANT
2026-08-12 11:24:00+00:00,mem,available_percent,57.60016807944343,dbms,08-2026,couchbase-802-vanilla-ce-large-large-aws,1,ip-172-31-26-207,ranking,benchANT
2026-08-12 11:24:10+00:00,mem,available_percent,56.15803799113202,dbms,08-2026,couchbase-802-vanilla-ce-large-large-aws,1,ip-172-31-26-207,ranking,benchANT
2026-08-12 11:24:20+00:00,mem,available_percent,54.62959044575903,dbms,08-2026,couchbase-802-vanilla-ce-large-large-aws,1,ip-172-31-26-207,ranking,benchANT
2026-08-12 11:24:30+00:00,mem,available_percent,53.15735193226637,dbms,08-2026,couchbase-802-vanilla-ce-large-large-aws,1,ip-172-31-26-207,ranking,benchANT
2026-08-12 11:24:40+00:00,mem,available_percent,51.83658904277363,dbms,08-2026,couchbase-802-vanilla-ce-large-large-aws,1,ip-172-31-26-207,ranking,benchANT
2026-08-12 11:24:50+00:00,mem,available_percent,51.41671404688102,dbms,08-2026,couchbase-802-vanilla-ce-large-large-aws,1,ip-172-31-26-207,ranking,benchANT
2026-08-12 11:25:00+00:00,mem,available_percent,51.3663798296702,dbms,08-2026,couchbase-802-vanilla-ce-large-large-aws,1,ip-172-31-26-207,ranking,benchANT
2026-08-12 11:25:10+00:00,mem,available_percent,51.24958054818991,dbms,08-2026,couchbase-802-vanilla-ce-large-large-aws,1,ip-172-31-26-207,ranking,benchANT
2026-08-12 11:25:20+00:00,mem,available_percent,51.12671975242137,dbms,08-2026,couchbase-802-vanilla-ce-large-large-aws,1,ip-172-31-26-207,ranking,benchANT
2026-08-12 11:25:30+00:00,mem,available_percent,51.26495215013238,dbms,08-2026,couchbase-802-vanilla-ce-large-large-aws,1,ip-172-31-26-207,ranking,benchANT
2026-08-12 11:25:40+00:00,mem,available_percent,52.05019829988838,dbms,08-2026,couchbase-802-vanilla-ce-large-large-aws,1,ip-172-31-26-207,ranking,benchANT
2026-08-12 11:25:50+00:00,mem,available_percent,52.96536249100108,dbms,08-2026,couchbase-802-vanilla-ce-large-large-aws,1,ip-172-31-26-207,ranking,benchANT
2026-08-12 11:26:00+00:00,mem,available_percent,53.742393857532754,dbms,08-2026,couchbase-802-vanilla-ce-large-large-aws,1,ip-172-31-26-207,ranking,benchANT
2026-08-12 11:26:10+00:00,mem,available_percent,54.58083695198683,dbms,08-2026,couchbase-802-vanilla-ce-large-large-aws,1,ip-172-31-26-207,ranking,benchANT
2026-08-12 11:26:20+00:00,mem,available_percent,55.997687911921595,dbms,08-2026,couchbase-802-vanilla-ce-large-large-aws,1,ip-172-31-26-207,ranking,benchANT
2026-08-12 11:26:30+00:00,mem,available_percent,55.95787110656615,dbms,08-2026,couchbase-802-vanilla-ce-large-large-aws,1,ip-172-31-26-207,ranking,benchANT
2026-08-12 11:26:40+00:00,mem,available_percent,55.82670840108455,dbms,08-2026,couchbase-802-vanilla-ce-large-large-aws,1,ip-172-31-26-207,ranking,benchANT
2026-08-12 11:26:50+00:00,mem,available_percent,55.70463174371469,dbms,08-2026,couchbase-802-vanilla-ce-large-large-aws,1,ip-172-31-26-207,ranking,benchANT
2026-08-12 11:27:00+00:00,mem,available_percent,55.57061875738708,dbms,08-2026,couchbase-802-vanilla-ce-large-large-aws,1,ip-172-31-26-207,ranking,benchANT
2026-08-12 11:27:10+00:00,mem,available_percent,55.75006198427342,dbms,08-2026,couchbase-802-vanilla-ce-large-large-aws,1,ip-172-31-26-207,ranking,benchANT
2026-08-12 11:27:20+00:00,mem,available_percent,56.385985778965576,dbms,08-2026,couchbase-802-vanilla-ce-large-large-aws,1,ip-172-31-26-207,ranking,benchANT
2026-08-12 11:27:30+00:00,mem,available_percent,56.63780622471465,dbms,08-2026,couchbase-802-vanilla-ce-large-large-aws,1,ip-172-31-26-207,ranking,benchANT
2026-08-12 11:27:40+00:00,mem,available_percent,56.99626949268486,dbms,08-2026,couchbase-802-vanilla-ce-large-large-aws,1,ip-172-31-26-207,ranking,benchANT
2026-08-12 11:27:50+00:00,mem,available_percent,56.88057796227572,dbms,08-2026,couchbase-802-vanilla-ce-large-large-aws,1,ip-172-31-26-207,ranking,benchANT
2026-08-12 11:28:00+00:00,mem,available_percent,56.80783979081677,dbms,08-2026,couchbase-802-vanilla-ce-large-large-aws,1,ip-172-31-26-207,ranking,benchANT
2026-08-12 11:28:10+00:00,mem,available_percent,56.76023138803947,dbms,08-2026,couchbase-802-vanilla-ce-large-large-aws,1,ip-172-31-26-207,ranking,benchANT
2026-08-12 11:28:20+00:00,mem,available_percent,56.551202494904345,dbms,08-2026,couchbase-802-vanilla-ce-large-large-aws,1,ip-172-31-26-207,ranking,benchANT
2026-08-12 11:28:30+00:00,mem,available_percent,56.451094159338915,dbms,08-2026,couchbase-802-vanilla-ce-large-large-aws,1,ip-172-31-26-207,ranking,benchANT
2026-08-12 11:28:40+00:00,mem,available_percent,56.29796313205289,dbms,08-2026,couchbase-802-vanilla-ce-large-large-aws,1,ip-172-31-26-207,ranking,benchANT
2026-08-12 11:28:50+00:00,mem,available_percent,56.25599305776138,dbms,08-2026,couchbase-802-vanilla-ce-large-large-aws,1,ip-172-31-26-207,ranking,benchANT
2026-08-12 11:29:00+00:00,mem,available_percent,56.45896043660826,dbms,08-2026,couchbase-802-vanilla-ce-large-large-aws,1,ip-172-31-26-207,ranking,benchANT
2026-08-12 11:29:10+00:00,mem,available_percent,56.26378465518323,dbms,08-2026,couchbase-802-vanilla-ce-large-large-aws,1,ip-172-31-26-207,ranking,benchANT
2026-08-12 11:29:20+00:00,mem,available_percent,56.154901437537276,dbms,08-2026,couchbase-802-vanilla-ce-large-large-aws,1,ip-172-31-26-207,ranking,benchANT
2026-08-12 11:29:30+00:00,mem,available_percent,56.1202873282239,dbms,08-2026,couchbase-802-vanilla-ce-large-large-aws,1,ip-172-31-26-207,ranking,benchANT
2026-08-12 11:29:40+00:00,mem,available_percent,56.08935742472023,dbms,08-2026,couchbase-802-vanilla-ce-large-large-aws,1,ip-172-31-26-207,ranking,benchANT
2026-08-12 11:29:50+00:00,mem,available_percent,56.09925250451315,dbms,08-2026,couchbase-802-vanilla-ce-large-large-aws,1,ip-172-31-26-207,ranking,benchANT
2026-08-12 11:20:00+00:00,mem,buffered,106864640.0,dbms,08-2026,couchbase-802-vanilla-ce-large-large-aws,1,ip-172-31-26-207,ranking,benchANT
2026-08-12 11:20:10+00:00,mem,buffered,106872832.0,dbms,08-2026,couchbase-802-vanilla-ce-large-large-aws,1,ip-172-31-26-207,ranking,benchANT
2026-08-12 11:20:20+00:00,mem,buffered,106872832.0,dbms,08-2026,couchbase-802-vanilla-ce-large-large-aws,1,ip-172-31-26-207,ranking,benchANT
2026-08-12 11:20:30+00:00,mem,buffered,106872832.0,dbms,08-2026,couchbase-802-vanilla-ce-large-large-aws,1,ip-172-31-26-207,ranking,benchANT
2026-08-12 11:20:40+00:00,mem,buffered,106893312.0,dbms,08-2026,couchbase-802-vanilla-ce-large-large-aws,1,ip-172-31-26-207,ranking,benchANT
2026-08-12 11:20:50+00:00,mem,buffered,106905600.0,dbms,08-2026,couchbase-802-vanilla-ce-large-large-aws,1,ip-172-31-26-207,ranking,benchANT
2026-08-12 11:21:00+00:00,mem,buffered,106999808.0,dbms,08-2026,couchbase-802-vanilla-ce-large-large-aws,1,ip-172-31-26-207,ranking,benchANT
2026-08-12 11:21:10+00:00,mem,buffered,107069440.0,dbms,08-2026,couchbase-802-vanilla-ce-large-large-aws,1,ip-172-31-26-207,ranking,benchANT
2026-08-12 11:21:20+00:00,mem,buffered,107114496.0,dbms,08-2026,couchbase-802-vanilla-ce-large-large-aws,1,ip-172-31-26-207,ranking,benchANT
2026-08-12 11:21:30+00:00,mem,buffered,107143168.0,dbms,08-2026,couchbase-802-vanilla-ce-large-large-aws,1,ip-172-31-26-207,ranking,benchANT
2026-08-12 11:21:40+00:00,mem,buffered,107155456.0,dbms,08-2026,couchbase-802-vanilla-ce-large-large-aws,1,ip-172-31-26-207,ranking,benchANT
2026-08-12 11:21:50+00:00,mem,buffered,107163648.0,dbms,08-2026,couchbase-802-vanilla-ce-large-large-aws,1,ip-172-31-26-207,ranking,benchANT
2026-08-12 11:22:00+00:00,mem,buffered,107163648.0,dbms,08-2026,couchbase-802-vanilla-ce-large-large-aws,1,ip-172-31-26-207,ranking,benchANT
2026-08-12 11:22:10+00:00,mem,buffered,107167744.0,dbms,08-2026,couchbase-802-vanilla-ce-large-large-aws,1,ip-172-31-26-207,ranking,benchANT
2026-08-12 11:22:20+00:00,mem,buffered,107171840.0,dbms,08-2026,couchbase-802-vanilla-ce-large-large-aws,1,ip-172-31-26-207,ranking,benchANT
2026-08-12 11:22:30+00:00,mem,buffered,107171840.0,dbms,08-2026,couchbase-802-vanilla-ce-large-large-aws,1,ip-172-31-26-207,ranking,benchANT
2026-08-12 11:22:40+00:00,mem,buffered,107171840.0,dbms,08-2026,couchbase-802-vanilla-ce-large-large-aws,1,ip-172-31-26-207,ranking,benchANT
2026-08-12 11:22:50+00:00,mem,buffered,107171840.0,dbms,08-2026,couchbase-802-vanilla-ce-large-large-aws,1,ip-172-31-26-207,ranking,benchANT
2026-08-12 11:23:00+00:00,mem,buffered,107171840.0,dbms,08-2026,couchbase-802-vanilla-ce-large-large-aws,1,ip-172-31-26-207,ranking,benchANT
2026-08-12 11:23:10+00:00,mem,buffered,107171840.0,dbms,08-2026,couchbase-802-vanilla-ce-large-large-aws,1,ip-172-31-26-207,ranking,benchANT
2026-08-12 11:23:20+00:00,mem,buffered,107171840.0,dbms,08-2026,couchbase-802-vanilla-ce-large-large-aws,1,ip-172-31-26-207,ranking,benchANT
2026-08-12 11:23:30+00:00,mem,buffered,107171840.0,dbms,08-2026,couchbase-802-vanilla-ce-large-large-aws,1,ip-172-31-26-207,ranking,benchANT
2026-08-12 11:23:40+00:00,mem,buffered,107171840.0,dbms,08-2026,couchbase-802-vanilla-ce-large-large-aws,1,ip-172-31-26-207,ranking,benchANT
2026-08-12 11:23:50+00:00,mem,buffered,107171840.0,dbms,08-2026,couchbase-802-vanilla-ce-large-large-aws,1,ip-172-31-26-207,ranking,benchANT
2026-08-12 11:24:00+00:00,mem,buffered,107171840.0,dbms,08-2026,couchbase-802-vanilla-ce-large-large-aws,1,ip-172-31-26-207,ranking,benchANT
2026-08-12 11:24:10+00:00,mem,buffered,107171840.0,dbms,08-2026,couchbase-802-vanilla-ce-large-large-aws,1,ip-172-31-26-207,ranking,benchANT
2026-08-12 11:24:20+00:00,mem,buffered,107171840.0,dbms,08-2026,couchbase-802-vanilla-ce-large-large-aws,1,ip-172-31-26-207,ranking,benchANT
2026-08-12 11:24:30+00:00,mem,buffered,107171840.0,dbms,08-2026,couchbase-802-vanilla-ce-large-large-aws,1,ip-172-31-26-207,ranking,benchANT
2026-08-12 11:24:40+00:00,mem,buffered,107171840.0,dbms,08-2026,couchbase-802-vanilla-ce-large-large-aws,1,ip-172-31-26-207,ranking,benchANT
2026-08-12 11:24:50+00:00,mem,buffered,107171840.0,dbms,08-2026,couchbase-802-vanilla-ce-large-large-aws,1,ip-172-31-26-207,ranking,benchANT
2026-08-12 11:25:00+00:00,mem,buffered,107171840.0,dbms,08-2026,couchbase-802-vanilla-ce-large-large-aws,1,ip-172-31-26-207,ranking,benchANT
2026-08-12 11:25:10+00:00,mem,buffered,107171840.0,dbms,08-2026,couchbase-802-vanilla-ce-large-large-aws,1,ip-172-31-26-207,ranking,benchANT
2026-08-12 11:25:20+00:00,mem,buffered,107171840.0,dbms,08-2026,couchbase-802-vanilla-ce-large-large-aws,1,ip-172-31-26-207,ranking,benchANT
2026-08-12 11:25:30+00:00,mem,buffered,105738240.0,dbms,08-2026,couchbase-802-vanilla-ce-large-large-aws,1,ip-172-31-26-207,ranking,benchANT
2026-08-12 11:25:40+00:00,mem,buffered,103997440.0,dbms,08-2026,couchbase-802-vanilla-ce-large-large-aws,1,ip-172-31-26-207,ranking,benchANT
2026-08-12 11:25:50+00:00,mem,buffered,103997440.0,dbms,08-2026,couchbase-802-vanilla-ce-large-large-aws,1,ip-172-31-26-207,ranking,benchANT
2026-08-12 11:26:00+00:00,mem,buffered,103997440.0,dbms,08-2026,couchbase-802-vanilla-ce-large-large-aws,1,ip-172-31-26-207,ranking,benchANT
2026-08-12 11:26:10+00:00,mem,buffered,103997440.0,dbms,08-2026,couchbase-802-vanilla-ce-large-large-aws,1,ip-172-31-26-207,ranking,benchANT
2026-08-12 11:26:20+00:00,mem,buffered,103882752.0,dbms,08-2026,couchbase-802-vanilla-ce-large-large-aws,1,ip-172-31-26-207,ranking,benchANT
2026-08-12 11:26:30+00:00,mem,buffered,103845888.0,dbms,08-2026,couchbase-802-vanilla-ce-large-large-aws,1,ip-172-31-26-207,ranking,benchANT
2026-08-12 11:26:40+00:00,mem,buffered,103366656.0,dbms,08-2026,couchbase-802-vanilla-ce-large-large-aws,1,ip-172-31-26-207,ranking,benchANT
2026-08-12 11:26:50+00:00,mem,buffered,102023168.0,dbms,08-2026,couchbase-802-vanilla-ce-large-large-aws,1,ip-172-31-26-207,ranking,benchANT
2026-08-12 11:27:00+00:00,mem,buffered,101756928.0,dbms,08-2026,couchbase-802-vanilla-ce-large-large-aws,1,ip-172-31-26-207,ranking,benchANT
2026-08-12 11:27:10+00:00,mem,buffered,100892672.0,dbms,08-2026,couchbase-802-vanilla-ce-large-large-aws,1,ip-172-31-26-207,ranking,benchANT
2026-08-12 11:27:20+00:00,mem,buffered,98623488.0,dbms,08-2026,couchbase-802-vanilla-ce-large-large-aws,1,ip-172-31-26-207,ranking,benchANT
2026-08-12 11:27:30+00:00,mem,buffered,96645120.0,dbms,08-2026,couchbase-802-vanilla-ce-large-large-aws,1,ip-172-31-26-207,ranking,benchANT
2026-08-12 11:27:40+00:00,mem,buffered,96620544.0,dbms,08-2026,couchbase-802-vanilla-ce-large-large-aws,1,ip-172-31-26-207,ranking,benchANT
2026-08-12 11:27:50+00:00,mem,buffered,96522240.0,dbms,08-2026,couchbase-802-vanilla-ce-large-large-aws,1,ip-172-31-26-207,ranking,benchANT
2026-08-12 11:28:00+00:00,mem,buffered,96505856.0,dbms,08-2026,couchbase-802-vanilla-ce-large-large-aws,1,ip-172-31-26-207,ranking,benchANT
2026-08-12 11:28:10+00:00,mem,buffered,95764480.0,dbms,08-2026,couchbase-802-vanilla-ce-large-large-aws,1,ip-172-31-26-207,ranking,benchANT
2026-08-12 11:28:20+00:00,mem,buffered,90443776.0,dbms,08-2026,couchbase-802-vanilla-ce-large-large-aws,1,ip-172-31-26-207,ranking,benchANT
2026-08-12 11:28:30+00:00,mem,buffered,90099712.0,dbms,08-2026,couchbase-802-vanilla-ce-large-large-aws,1,ip-172-31-26-207,ranking,benchANT
2026-08-12 11:28:40+00:00,mem,buffered,90009600.0,dbms,08-2026,couchbase-802-vanilla-ce-large-large-aws,1,ip-172-31-26-207,ranking,benchANT
2026-08-12 11:28:50+00:00,mem,buffered,89571328.0,dbms,08-2026,couchbase-802-vanilla-ce-large-large-aws,1,ip-172-31-26-207,ranking,benchANT
2026-08-12 11:29:00+00:00,mem,buffered,89288704.0,dbms,08-2026,couchbase-802-vanilla-ce-large-large-aws,1,ip-172-31-26-207,ranking,benchANT
2026-08-12 11:29:10+00:00,mem,buffered,89034752.0,dbms,08-2026,couchbase-802-vanilla-ce-large-large-aws,1,ip-172-31-26-207,ranking,benchANT
2026-08-12 11:29:20+00:00,mem,buffered,88768512.0,dbms,08-2026,couchbase-802-vanilla-ce-large-large-aws,1,ip-172-31-26-207,ranking,benchANT
2026-08-12 11:29:30+00:00,mem,buffered,88592384.0,dbms,08-2026,couchbase-802-vanilla-ce-large-large-aws,1,ip-172-31-26-207,ranking,benchANT
2026-08-12 11:29:40+00:00,mem,buffered,88592384.0,dbms,08-2026,couchbase-802-vanilla-ce-large-large-aws,1,ip-172-31-26-207,ranking,benchANT
2026-08-12 11:29:50+00:00,mem,buffered,88592384.0,dbms,08-2026,couchbase-802-vanilla-ce-large-large-aws,1,ip-172-31-26-207,ranking,benchANT
2026-08-12 11:20:00+00:00,mem,cached,6325571584.0,dbms,08-2026,couchbase-802-vanilla-ce-large-large-aws,1,ip-172-31-26-207,ranking,benchANT
2026-08-12 11:20:10+00:00,mem,cached,6326284288.0,dbms,08-2026,couchbase-802-vanilla-ce-large-large-aws,1,ip-172-31-26-207,ranking,benchANT
2026-08-12 11:20:20+00:00,mem,cached,6326312960.0,dbms,08-2026,couchbase-802-vanilla-ce-large-large-aws,1,ip-172-31-26-207,ranking,benchANT
2026-08-12 11:20:30+00:00,mem,cached,6326448128.0,dbms,08-2026,couchbase-802-vanilla-ce-large-large-aws,1,ip-172-31-26-207,ranking,benchANT
2026-08-12 11:20:40+00:00,mem,cached,6328455168.0,dbms,08-2026,couchbase-802-vanilla-ce-large-large-aws,1,ip-172-31-26-207,ranking,benchANT
2026-08-12 11:20:50+00:00,mem,cached,6332891136.0,dbms,08-2026,couchbase-802-vanilla-ce-large-large-aws,1,ip-172-31-26-207,ranking,benchANT
2026-08-12 11:21:00+00:00,mem,cached,6347063296.0,dbms,08-2026,couchbase-802-vanilla-ce-large-large-aws,1,ip-172-31-26-207,ranking,benchANT
2026-08-12 11:21:10+00:00,mem,cached,6384939008.0,dbms,08-2026,couchbase-802-vanilla-ce-large-large-aws,1,ip-172-31-26-207,ranking,benchANT
2026-08-12 11:21:20+00:00,mem,cached,6449582080.0,dbms,08-2026,couchbase-802-vanilla-ce-large-large-aws,1,ip-172-31-26-207,ranking,benchANT
2026-08-12 11:21:30+00:00,mem,cached,6598893568.0,dbms,08-2026,couchbase-802-vanilla-ce-large-large-aws,1,ip-172-31-26-207,ranking,benchANT
2026-08-12 11:21:40+00:00,mem,cached,7033384960.0,dbms,08-2026,couchbase-802-vanilla-ce-large-large-aws,1,ip-172-31-26-207,ranking,benchANT
2026-08-12 11:21:50+00:00,mem,cached,7451750400.0,dbms,08-2026,couchbase-802-vanilla-ce-large-large-aws,1,ip-172-31-26-207,ranking,benchANT
2026-08-12 11:22:00+00:00,mem,cached,7891517440.0,dbms,08-2026,couchbase-802-vanilla-ce-large-large-aws,1,ip-172-31-26-207,ranking,benchANT
2026-08-12 11:22:10+00:00,mem,cached,8331726848.0,dbms,08-2026,couchbase-802-vanilla-ce-large-large-aws,1,ip-172-31-26-207,ranking,benchANT
2026-08-12 11:22:20+00:00,mem,cached,8775647232.0,dbms,08-2026,couchbase-802-vanilla-ce-large-large-aws,1,ip-172-31-26-207,ranking,benchANT
2026-08-12 11:22:30+00:00,mem,cached,9234681856.0,dbms,08-2026,couchbase-802-vanilla-ce-large-large-aws,1,ip-172-31-26-207,ranking,benchANT
2026-08-12 11:22:40+00:00,mem,cached,9659539456.0,dbms,08-2026,couchbase-802-vanilla-ce-large-large-aws,1,ip-172-31-26-207,ranking,benchANT
2026-08-12 11:22:50+00:00,mem,cached,10109652992.0,dbms,08-2026,couchbase-802-vanilla-ce-large-large-aws,1,ip-172-31-26-207,ranking,benchANT
2026-08-12 11:23:00+00:00,mem,cached,10553663488.0,dbms,08-2026,couchbase-802-vanilla-ce-large-large-aws,1,ip-172-31-26-207,ranking,benchANT
2026-08-12 11:23:10+00:00,mem,cached,11003125760.0,dbms,08-2026,couchbase-802-vanilla-ce-large-large-aws,1,ip-172-31-26-207,ranking,benchANT
2026-08-12 11:23:20+00:00,mem,cached,11456225280.0,dbms,08-2026,couchbase-802-vanilla-ce-large-large-aws,1,ip-172-31-26-207,ranking,benchANT
2026-08-12 11:23:30+00:00,mem,cached,11868872704.0,dbms,08-2026,couchbase-802-vanilla-ce-large-large-aws,1,ip-172-31-26-207,ranking,benchANT
2026-08-12 11:23:40+00:00,mem,cached,12314341376.0,dbms,08-2026,couchbase-802-vanilla-ce-large-large-aws,1,ip-172-31-26-207,ranking,benchANT
2026-08-12 11:23:50+00:00,mem,cached,12762218496.0,dbms,08-2026,couchbase-802-vanilla-ce-large-large-aws,1,ip-172-31-26-207,ranking,benchANT
2026-08-12 11:24:00+00:00,mem,cached,13224554496.0,dbms,08-2026,couchbase-802-vanilla-ce-large-large-aws,1,ip-172-31-26-207,ranking,benchANT
2026-08-12 11:24:10+00:00,mem,cached,13656334336.0,dbms,08-2026,couchbase-802-vanilla-ce-large-large-aws,1,ip-172-31-26-207,ranking,benchANT
2026-08-12 11:24:20+00:00,mem,cached,14108454912.0,dbms,08-2026,couchbase-802-vanilla-ce-large-large-aws,1,ip-172-31-26-207,ranking,benchANT
2026-08-12 11:24:30+00:00,mem,cached,14553776128.0,dbms,08-2026,couchbase-802-vanilla-ce-large-large-aws,1,ip-172-31-26-207,ranking,benchANT
2026-08-12 11:24:40+00:00,mem,cached,14994026496.0,dbms,08-2026,couchbase-802-vanilla-ce-large-large-aws,1,ip-172-31-26-207,ranking,benchANT
2026-08-12 11:24:50+00:00,mem,cached,15435431936.0,dbms,08-2026,couchbase-802-vanilla-ce-large-large-aws,1,ip-172-31-26-207,ranking,benchANT
2026-08-12 11:25:00+00:00,mem,cached,15859347456.0,dbms,08-2026,couchbase-802-vanilla-ce-large-large-aws,1,ip-172-31-26-207,ranking,benchANT
2026-08-12 11:25:10+00:00,mem,cached,16296136704.0,dbms,08-2026,couchbase-802-vanilla-ce-large-large-aws,1,ip-172-31-26-207,ranking,benchANT
2026-08-12 11:25:20+00:00,mem,cached,16713224192.0,dbms,08-2026,couchbase-802-vanilla-ce-large-large-aws,1,ip-172-31-26-207,ranking,benchANT
2026-08-12 11:25:30+00:00,mem,cached,16839933952.0,dbms,08-2026,couchbase-802-vanilla-ce-large-large-aws,1,ip-172-31-26-207,ranking,benchANT
2026-08-12 11:25:40+00:00,mem,cached,16981663744.0,dbms,08-2026,couchbase-802-vanilla-ce-large-large-aws,1,ip-172-31-26-207,ranking,benchANT
2026-08-12 11:25:50+00:00,mem,cached,17415454720.0,dbms,08-2026,couchbase-802-vanilla-ce-large-large-aws,1,ip-172-31-26-207,ranking,benchANT
2026-08-12 11:26:00+00:00,mem,cached,17859813376.0,dbms,08-2026,couchbase-802-vanilla-ce-large-large-aws,1,ip-172-31-26-207,ranking,benchANT
2026-08-12 11:26:10+00:00,mem,cached,18290589696.0,dbms,08-2026,couchbase-802-vanilla-ce-large-large-aws,1,ip-172-31-26-207,ranking,benchANT
2026-08-12 11:26:20+00:00,mem,cached,18405658624.0,dbms,08-2026,couchbase-802-vanilla-ce-large-large-aws,1,ip-172-31-26-207,ranking,benchANT
2026-08-12 11:26:30+00:00,mem,cached,18391035904.0,dbms,08-2026,couchbase-802-vanilla-ce-large-large-aws,1,ip-172-31-26-207,ranking,benchANT
2026-08-12 11:26:40+00:00,mem,cached,18411544576.0,dbms,08-2026,couchbase-802-vanilla-ce-large-large-aws,1,ip-172-31-26-207,ranking,benchANT
2026-08-12 11:26:50+00:00,mem,cached,18412359680.0,dbms,08-2026,couchbase-802-vanilla-ce-large-large-aws,1,ip-172-31-26-207,ranking,benchANT
2026-08-12 11:27:00+00:00,mem,cached,18394050560.0,dbms,08-2026,couchbase-802-vanilla-ce-large-large-aws,1,ip-172-31-26-207,ranking,benchANT
2026-08-12 11:27:10+00:00,mem,cached,18517413888.0,dbms,08-2026,couchbase-802-vanilla-ce-large-large-aws,1,ip-172-31-26-207,ranking,benchANT
2026-08-12 11:27:20+00:00,mem,cached,18673094656.0,dbms,08-2026,couchbase-802-vanilla-ce-large-large-aws,1,ip-172-31-26-207,ranking,benchANT
2026-08-12 11:27:30+00:00,mem,cached,18813382656.0,dbms,08-2026,couchbase-802-vanilla-ce-large-large-aws,1,ip-172-31-26-207,ranking,benchANT
2026-08-12 11:27:40+00:00,mem,cached,18783236096.0,dbms,08-2026,couchbase-802-vanilla-ce-large-large-aws,1,ip-172-31-26-207,ranking,benchANT
2026-08-12 11:27:50+00:00,mem,cached,18867482624.0,dbms,08-2026,couchbase-802-vanilla-ce-large-large-aws,1,ip-172-31-26-207,ranking,benchANT
2026-08-12 11:28:00+00:00,mem,cached,18853912576.0,dbms,08-2026,couchbase-802-vanilla-ce-large-large-aws,1,ip-172-31-26-207,ranking,benchANT
2026-08-12 11:28:10+00:00,mem,cached,18735263744.0,dbms,08-2026,couchbase-802-vanilla-ce-large-large-aws,1,ip-172-31-26-207,ranking,benchANT
2026-08-12 11:28:20+00:00,mem,cached,18719809536.0,dbms,08-2026,couchbase-802-vanilla-ce-large-large-aws,1,ip-172-31-26-207,ranking,benchANT
2026-08-12 11:28:30+00:00,mem,cached,18699063296.0,dbms,08-2026,couchbase-802-vanilla-ce-large-large-aws,1,ip-172-31-26-207,ranking,benchANT
2026-08-12 11:28:40+00:00,mem,cached,18671108096.0,dbms,08-2026,couchbase-802-vanilla-ce-large-large-aws,1,ip-172-31-26-207,ranking,benchANT
2026-08-12 11:28:50+00:00,mem,cached,18678706176.0,dbms,08-2026,couchbase-802-vanilla-ce-large-large-aws,1,ip-172-31-26-207,ranking,benchANT
2026-08-12 11:29:00+00:00,mem,cached,18682400768.0,dbms,08-2026,couchbase-802-vanilla-ce-large-large-aws,1,ip-172-31-26-207,ranking,benchANT
2026-08-12 11:29:10+00:00,mem,cached,18667577344.0,dbms,08-2026,couchbase-802-vanilla-ce-large-large-aws,1,ip-172-31-26-207,ranking,benchANT
2026-08-12 11:29:20+00:00,mem,cached,18663858176.0,dbms,08-2026,couchbase-802-vanilla-ce-large-large-aws,1,ip-172-31-26-207,ranking,benchANT
2026-08-12 11:29:30+00:00,mem,cached,18507759616.0,dbms,08-2026,couchbase-802-vanilla-ce-large-large-aws,1,ip-172-31-26-207,ranking,benchANT
2026-08-12 11:29:40+00:00,mem,cached,18516963328.0,dbms,08-2026,couchbase-802-vanilla-ce-large-large-aws,1,ip-172-31-26-207,ranking,benchANT
2026-08-12 11:29:50+00:00,mem,cached,18516987904.0,dbms,08-2026,couchbase-802-vanilla-ce-large-large-aws,1,ip-172-31-26-207,ranking,benchANT
2026-08-12 11:20:00+00:00,mem,commit_limit,16454238208.0,dbms,08-2026,couchbase-802-vanilla-ce-large-large-aws,1,ip-172-31-26-207,ranking,benchANT
2026-08-12 11:20:10+00:00,mem,commit_limit,16454238208.0,dbms,08-2026,couchbase-802-vanilla-ce-large-large-aws,1,ip-172-31-26-207,ranking,benchANT
2026-08-12 11:20:20+00:00,mem,commit_limit,16454238208.0,dbms,08-2026,couchbase-802-vanilla-ce-large-large-aws,1,ip-172-31-26-207,ranking,benchANT
2026-08-12 11:20:30+00:00,mem,commit_limit,16454238208.0,dbms,08-2026,couchbase-802-vanilla-ce-large-large-aws,1,ip-172-31-26-207,ranking,benchANT
2026-08-12 11:20:40+00:00,mem,commit_limit,16454238208.0,dbms,08-2026,couchbase-802-vanilla-ce-large-large-aws,1,ip-172-31-26-207,ranking,benchANT
2026-08-12 11:20:50+00:00,mem,commit_limit,16454238208.0,dbms,08-2026,couchbase-802-vanilla-ce-large-large-aws,1,ip-172-31-26-207,ranking,benchANT
2026-08-12 11:21:00+00:00,mem,commit_limit,16454238208.0,dbms,08-2026,couchbase-802-vanilla-ce-large-large-aws,1,ip-172-31-26-207,ranking,benchANT
2026-08-12 11:21:10+00:00,mem,commit_limit,16454238208.0,dbms,08-2026,couchbase-802-vanilla-ce-large-large-aws,1,ip-172-31-26-207,ranking,benchANT
2026-08-12 11:21:20+00:00,mem,commit_limit,16454238208.0,dbms,08-2026,couchbase-802-vanilla-ce-large-large-aws,1,ip-172-31-26-207,ranking,benchANT
2026-08-12 11:21:30+00:00,mem,commit_limit,16454238208.0,dbms,08-2026,couchbase-802-vanilla-ce-large-large-aws,1,ip-172-31-26-207,ranking,benchANT
2026-08-12 11:21:40+00:00,mem,commit_limit,16454238208.0,dbms,08-2026,couchbase-802-vanilla-ce-large-large-aws,1,ip-172-31-26-207,ranking,benchANT
2026-08-12 11:21:50+00:00,mem,commit_limit,16454238208.0,dbms,08-2026,couchbase-802-vanilla-ce-large-large-aws,1,ip-172-31-26-207,ranking,benchANT
2026-08-12 11:22:00+00:00,mem,commit_limit,16454238208.0,dbms,08-2026,couchbase-802-vanilla-ce-large-large-aws,1,ip-172-31-26-207,ranking,benchANT
2026-08-12 11:22:10+00:00,mem,commit_limit,16454238208.0,dbms,08-2026,couchbase-802-vanilla-ce-large-large-aws,1,ip-172-31-26-207,ranking,benchANT
2026-08-12 11:22:20+00:00,mem,commit_limit,16454238208.0,dbms,08-2026,couchbase-802-vanilla-ce-large-large-aws,1,ip-172-31-26-207,ranking,benchANT
2026-08-12 11:22:30+00:00,mem,commit_limit,16454238208.0,dbms,08-2026,couchbase-802-vanilla-ce-large-large-aws,1,ip-172-31-26-207,ranking,benchANT
2026-08-12 11:22:40+00:00,mem,commit_limit,16454238208.0,dbms,08-2026,couchbase-802-vanilla-ce-large-large-aws,1,ip-172-31-26-207,ranking,benchANT
2026-08-12 11:22:50+00:00,mem,commit_limit,16454238208.0,dbms,08-2026,couchbase-802-vanilla-ce-large-large-aws,1,ip-172-31-26-207,ranking,benchANT
2026-08-12 11:23:00+00:00,mem,commit_limit,16454238208.0,dbms,08-2026,couchbase-802-vanilla-ce-large-large-aws,1,ip-172-31-26-207,ranking,benchANT
2026-08-12 11:23:10+00:00,mem,commit_limit,16454238208.0,dbms,08-2026,couchbase-802-vanilla-ce-large-large-aws,1,ip-172-31-26-207,ranking,benchANT
2026-08-12 11:23:20+00:00,mem,commit_limit,16454238208.0,dbms,08-2026,couchbase-802-vanilla-ce-large-large-aws,1,ip-172-31-26-207,ranking,benchANT
2026-08-12 11:23:30+00:00,mem,commit_limit,16454238208.0,dbms,08-2026,couchbase-802-vanilla-ce-large-large-aws,1,ip-172-31-26-207,ranking,benchANT
2026-08-12 11:23:40+00:00,mem,commit_limit,16454238208.0,dbms,08-2026,couchbase-802-vanilla-ce-large-large-aws,1,ip-172-31-26-207,ranking,benchANT
2026-08-12 11:23:50+00:00,mem,commit_limit,16454238208.0,dbms,08-2026,couchbase-802-vanilla-ce-large-large-aws,1,ip-172-31-26-207,ranking,benchANT
2026-08-12 11:24:00+00:00,mem,commit_limit,16454238208.0,dbms,08-2026,couchbase-802-vanilla-ce-large-large-aws,1,ip-172-31-26-207,ranking,benchANT
2026-08-12 11:24:10+00:00,mem,commit_limit,16454238208.0,dbms,08-2026,couchbase-802-vanilla-ce-large-large-aws,1,ip-172-31-26-207,ranking,benchANT
2026-08-12 11:24:20+00:00,mem,commit_limit,16454238208.0,dbms,08-2026,couchbase-802-vanilla-ce-large-large-aws,1,ip-172-31-26-207,ranking,benchANT
2026-08-12 11:24:30+00:00,mem,commit_limit,16454238208.0,dbms,08-2026,couchbase-802-vanilla-ce-large-large-aws,1,ip-172-31-26-207,ranking,benchANT
2026-08-12 11:24:40+00:00,mem,commit_limit,16454238208.0,dbms,08-2026,couchbase-802-vanilla-ce-large-large-aws,1,ip-172-31-26-207,ranking,benchANT
2026-08-12 11:24:50+00:00,mem,commit_limit,16454238208.0,dbms,08-2026,couchbase-802-vanilla-ce-large-large-aws,1,ip-172-31-26-207,ranking,benchANT
2026-08-12 11:25:00+00:00,mem,commit_limit,16454238208.0,dbms,08-2026,couchbase-802-vanilla-ce-large-large-aws,1,ip-172-31-26-207,ranking,benchANT
2026-08-12 11:25:10+00:00,mem,commit_limit,16454238208.0,dbms,08-2026,couchbase-802-vanilla-ce-large-large-aws,1,ip-172-31-26-207,ranking,benchANT
2026-08-12 11:25:20+00:00,mem,commit_limit,16454238208.0,dbms,08-2026,couchbase-802-vanilla-ce-large-large-aws,1,ip-172-31-26-207,ranking,benchANT
2026-08-12 11:25:30+00:00,mem,commit_limit,16454238208.0,dbms,08-2026,couchbase-802-vanilla-ce-large-large-aws,1,ip-172-31-26-207,ranking,benchANT
2026-08-12 11:25:40+00:00,mem,commit_limit,16454238208.0,dbms,08-2026,couchbase-802-vanilla-ce-large-large-aws,1,ip-172-31-26-207,ranking,benchANT
2026-08-12 11:25:50+00:00,mem,commit_limit,16454238208.0,dbms,08-2026,couchbase-802-vanilla-ce-large-large-aws,1,ip-172-31-26-207,ranking,benchANT
2026-08-12 11:26:00+00:00,mem,commit_limit,16454238208.0,dbms,08-2026,couchbase-802-vanilla-ce-large-large-aws,1,ip-172-31-26-207,ranking,benchANT
2026-08-12 11:26:10+00:00,mem,commit_limit,16454238208.0,dbms,08-2026,couchbase-802-vanilla-ce-large-large-aws,1,ip-172-31-26-207,ranking,benchANT
2026-08-12 11:26:20+00:00,mem,commit_limit,16454238208.0,dbms,08-2026,couchbase-802-vanilla-ce-large-large-aws,1,ip-172-31-26-207,ranking,benchANT
2026-08-12 11:26:30+00:00,mem,commit_limit,16454238208.0,dbms,08-2026,couchbase-802-vanilla-ce-large-large-aws,1,ip-172-31-26-207,ranking,benchANT
2026-08-12 11:26:40+00:00,mem,commit_limit,16454238208.0,dbms,08-2026,couchbase-802-vanilla-ce-large-large-aws,1,ip-172-31-26-207,ranking,benchANT
2026-08-12 11:26:50+00:00,mem,commit_limit,16454238208.0,dbms,08-2026,couchbase-802-vanilla-ce-large-large-aws,1,ip-172-31-26-207,ranking,benchANT
2026-08-12 11:27:00+00:00,mem,commit_limit,16454238208.0,dbms,08-2026,couchbase-802-vanilla-ce-large-large-aws,1,ip-172-31-26-207,ranking,benchANT
2026-08-12 11:27:10+00:00,mem,commit_limit,16454238208.0,dbms,08-2026,couchbase-802-vanilla-ce-large-large-aws,1,ip-172-31-26-207,ranking,benchANT
2026-08-12 11:27:20+00:00,mem,commit_limit,16454238208.0,dbms,08-2026,couchbase-802-vanilla-ce-large-large-aws,1,ip-172-31-26-207,ranking,benchANT
2026-08-12 11:27:30+00:00,mem,commit_limit,16454238208.0,dbms,08-2026,couchbase-802-vanilla-ce-large-large-aws,1,ip-172-31-26-207,ranking,benchANT
2026-08-12 11:27:40+00:00,mem,commit_limit,16454238208.0,dbms,08-2026,couchbase-802-vanilla-ce-large-large-aws,1,ip-172-31-26-207,ranking,benchANT
2026-08-12 11:27:50+00:00,mem,commit_limit,16454238208.0,dbms,08-2026,couchbase-802-vanilla-ce-large-large-aws,1,ip-172-31-26-207,ranking,benchANT
2026-08-12 11:28:00+00:00,mem,commit_limit,16454238208.0,dbms,08-2026,couchbase-802-vanilla-ce-large-large-aws,1,ip-172-31-26-207,ranking,benchANT
2026-08-12 11:28:10+00:00,mem,commit_limit,16454238208.0,dbms,08-2026,couchbase-802-vanilla-ce-large-large-aws,1,ip-172-31-26-207,ranking,benchANT
2026-08-12 11:28:20+00:00,mem,commit_limit,16454238208.0,dbms,08-2026,couchbase-802-vanilla-ce-large-large-aws,1,ip-172-31-26-207,ranking,benchANT
2026-08-12 11:28:30+00:00,mem,commit_limit,16454238208.0,dbms,08-2026,couchbase-802-vanilla-ce-large-large-aws,1,ip-172-31-26-207,ranking,benchANT
2026-08-12 11:28:40+00:00,mem,commit_limit,16454238208.0,dbms,08-2026,couchbase-802-vanilla-ce-large-large-aws,1,ip-172-31-26-207,ranking,benchANT
2026-08-12 11:28:50+00:00,mem,commit_limit,16454238208.0,dbms,08-2026,couchbase-802-vanilla-ce-large-large-aws,1,ip-172-31-26-207,ranking,benchANT
2026-08-12 11:29:00+00:00,mem,commit_limit,16454238208.0,dbms,08-2026,couchbase-802-vanilla-ce-large-large-aws,1,ip-172-31-26-207,ranking,benchANT
2026-08-12 11:29:10+00:00,mem,commit_limit,16454238208.0,dbms,08-2026,couchbase-802-vanilla-ce-large-large-aws,1,ip-172-31-26-207,ranking,benchANT
2026-08-12 11:29:20+00:00,mem,commit_limit,16454238208.0,dbms,08-2026,couchbase-802-vanilla-ce-large-large-aws,1,ip-172-31-26-207,ranking,benchANT
2026-08-12 11:29:30+00:00,mem,commit_limit,16454238208.0,dbms,08-2026,couchbase-802-vanilla-ce-large-large-aws,1,ip-172-31-26-207,ranking,benchANT
2026-08-12 11:29:40+00:00,mem,commit_limit,16454238208.0,dbms,08-2026,couchbase-802-vanilla-ce-large-large-aws,1,ip-172-31-26-207,ranking,benchANT
2026-08-12 11:29:50+00:00,mem,commit_limit,16454238208.0,dbms,08-2026,couchbase-802-vanilla-ce-large-large-aws,1,ip-172-31-26-207,ranking,benchANT
2026-08-12 11:20:00+00:00,mem,committed_as,2585440256.0,dbms,08-2026,couchbase-802-vanilla-ce-large-large-aws,1,ip-172-31-26-207,ranking,benchANT
2026-08-12 11:20:10+00:00,mem,committed_as,2585440256.0,dbms,08-2026,couchbase-802-vanilla-ce-large-large-aws,1,ip-172-31-26-207,ranking,benchANT
2026-08-12 11:20:20+00:00,mem,committed_as,2584608768.0,dbms,08-2026,couchbase-802-vanilla-ce-large-large-aws,1,ip-172-31-26-207,ranking,benchANT
2026-08-12 11:20:30+00:00,mem,committed_as,2588717056.0,dbms,08-2026,couchbase-802-vanilla-ce-large-large-aws,1,ip-172-31-26-207,ranking,benchANT
2026-08-12 11:20:40+00:00,mem,committed_as,2589483008.0,dbms,08-2026,couchbase-802-vanilla-ce-large-large-aws,1,ip-172-31-26-207,ranking,benchANT
2026-08-12 11:20:50+00:00,mem,committed_as,2585251840.0,dbms,08-2026,couchbase-802-vanilla-ce-large-large-aws,1,ip-172-31-26-207,ranking,benchANT
2026-08-12 11:21:00+00:00,mem,committed_as,2584039424.0,dbms,08-2026,couchbase-802-vanilla-ce-large-large-aws,1,ip-172-31-26-207,ranking,benchANT
2026-08-12 11:21:10+00:00,mem,committed_as,2584551424.0,dbms,08-2026,couchbase-802-vanilla-ce-large-large-aws,1,ip-172-31-26-207,ranking,benchANT
2026-08-12 11:21:20+00:00,mem,committed_as,2581213184.0,dbms,08-2026,couchbase-802-vanilla-ce-large-large-aws,1,ip-172-31-26-207,ranking,benchANT
2026-08-12 11:21:30+00:00,mem,committed_as,2582261760.0,dbms,08-2026,couchbase-802-vanilla-ce-large-large-aws,1,ip-172-31-26-207,ranking,benchANT
2026-08-12 11:21:40+00:00,mem,committed_as,2581696512.0,dbms,08-2026,couchbase-802-vanilla-ce-large-large-aws,1,ip-172-31-26-207,ranking,benchANT
2026-08-12 11:21:50+00:00,mem,committed_as,2582265856.0,dbms,08-2026,couchbase-802-vanilla-ce-large-large-aws,1,ip-172-31-26-207,ranking,benchANT
2026-08-12 11:22:00+00:00,mem,committed_as,2584956928.0,dbms,08-2026,couchbase-802-vanilla-ce-large-large-aws,1,ip-172-31-26-207,ranking,benchANT
2026-08-12 11:22:10+00:00,mem,committed_as,2584510464.0,dbms,08-2026,couchbase-802-vanilla-ce-large-large-aws,1,ip-172-31-26-207,ranking,benchANT
2026-08-12 11:22:20+00:00,mem,committed_as,2586763264.0,dbms,08-2026,couchbase-802-vanilla-ce-large-large-aws,1,ip-172-31-26-207,ranking,benchANT
2026-08-12 11:22:30+00:00,mem,committed_as,2591162368.0,dbms,08-2026,couchbase-802-vanilla-ce-large-large-aws,1,ip-172-31-26-207,ranking,benchANT
2026-08-12 11:22:40+00:00,mem,committed_as,2573258752.0,dbms,08-2026,couchbase-802-vanilla-ce-large-large-aws,1,ip-172-31-26-207,ranking,benchANT
2026-08-12 11:22:50+00:00,mem,committed_as,2573697024.0,dbms,08-2026,couchbase-802-vanilla-ce-large-large-aws,1,ip-172-31-26-207,ranking,benchANT
2026-08-12 11:23:00+00:00,mem,committed_as,2573901824.0,dbms,08-2026,couchbase-802-vanilla-ce-large-large-aws,1,ip-172-31-26-207,ranking,benchANT
2026-08-12 11:23:10+00:00,mem,committed_as,2566529024.0,dbms,08-2026,couchbase-802-vanilla-ce-large-large-aws,1,ip-172-31-26-207,ranking,benchANT
2026-08-12 11:23:20+00:00,mem,committed_as,2568556544.0,dbms,08-2026,couchbase-802-vanilla-ce-large-large-aws,1,ip-172-31-26-207,ranking,benchANT
2026-08-12 11:23:30+00:00,mem,committed_as,2567872512.0,dbms,08-2026,couchbase-802-vanilla-ce-large-large-aws,1,ip-172-31-26-207,ranking,benchANT
2026-08-12 11:23:40+00:00,mem,committed_as,2564710400.0,dbms,08-2026,couchbase-802-vanilla-ce-large-large-aws,1,ip-172-31-26-207,ranking,benchANT
2026-08-12 11:23:50+00:00,mem,committed_as,2564255744.0,dbms,08-2026,couchbase-802-vanilla-ce-large-large-aws,1,ip-172-31-26-207,ranking,benchANT
2026-08-12 11:24:00+00:00,mem,committed_as,2564710400.0,dbms,08-2026,couchbase-802-vanilla-ce-large-large-aws,1,ip-172-31-26-207,ranking,benchANT
2026-08-12 11:24:10+00:00,mem,committed_as,2564014080.0,dbms,08-2026,couchbase-802-vanilla-ce-large-large-aws,1,ip-172-31-26-207,ranking,benchANT
2026-08-12 11:24:20+00:00,mem,committed_as,2568757248.0,dbms,08-2026,couchbase-802-vanilla-ce-large-large-aws,1,ip-172-31-26-207,ranking,benchANT
2026-08-12 11:24:30+00:00,mem,committed_as,2570616832.0,dbms,08-2026,couchbase-802-vanilla-ce-large-large-aws,1,ip-172-31-26-207,ranking,benchANT
2026-08-12 11:24:40+00:00,mem,committed_as,2568372224.0,dbms,08-2026,couchbase-802-vanilla-ce-large-large-aws,1,ip-172-31-26-207,ranking,benchANT
2026-08-12 11:24:50+00:00,mem,committed_as,2564423680.0,dbms,08-2026,couchbase-802-vanilla-ce-large-large-aws,1,ip-172-31-26-207,ranking,benchANT
2026-08-12 11:25:00+00:00,mem,committed_as,2565849088.0,dbms,08-2026,couchbase-802-vanilla-ce-large-large-aws,1,ip-172-31-26-207,ranking,benchANT
2026-08-12 11:25:10+00:00,mem,committed_as,2564128768.0,dbms,08-2026,couchbase-802-vanilla-ce-large-large-aws,1,ip-172-31-26-207,ranking,benchANT
2026-08-12 11:25:20+00:00,mem,committed_as,2566356992.0,dbms,08-2026,couchbase-802-vanilla-ce-large-large-aws,1,ip-172-31-26-207,ranking,benchANT
2026-08-12 11:25:30+00:00,mem,committed_as,2564968448.0,dbms,08-2026,couchbase-802-vanilla-ce-large-large-aws,1,ip-172-31-26-207,ranking,benchANT
2026-08-12 11:25:40+00:00,mem,committed_as,2565947392.0,dbms,08-2026,couchbase-802-vanilla-ce-large-large-aws,1,ip-172-31-26-207,ranking,benchANT
2026-08-12 11:25:50+00:00,mem,committed_as,2566434816.0,dbms,08-2026,couchbase-802-vanilla-ce-large-large-aws,1,ip-172-31-26-207,ranking,benchANT
2026-08-12 11:26:00+00:00,mem,committed_as,2567024640.0,dbms,08-2026,couchbase-802-vanilla-ce-large-large-aws,1,ip-172-31-26-207,ranking,benchANT
2026-08-12 11:26:10+00:00,mem,committed_as,2567659520.0,dbms,08-2026,couchbase-802-vanilla-ce-large-large-aws,1,ip-172-31-26-207,ranking,benchANT
2026-08-12 11:26:20+00:00,mem,committed_as,2565963776.0,dbms,08-2026,couchbase-802-vanilla-ce-large-large-aws,1,ip-172-31-26-207,ranking,benchANT
2026-08-12 11:26:30+00:00,mem,committed_as,2563768320.0,dbms,08-2026,couchbase-802-vanilla-ce-large-large-aws,1,ip-172-31-26-207,ranking,benchANT
2026-08-12 11:26:40+00:00,mem,committed_as,2565218304.0,dbms,08-2026,couchbase-802-vanilla-ce-large-large-aws,1,ip-172-31-26-207,ranking,benchANT
2026-08-12 11:26:50+00:00,mem,committed_as,2567995392.0,dbms,08-2026,couchbase-802-vanilla-ce-large-large-aws,1,ip-172-31-26-207,ranking,benchANT
2026-08-12 11:27:00+00:00,mem,committed_as,2568015872.0,dbms,08-2026,couchbase-802-vanilla-ce-large-large-aws,1,ip-172-31-26-207,ranking,benchANT
2026-08-12 11:27:10+00:00,mem,committed_as,2568122368.0,dbms,08-2026,couchbase-802-vanilla-ce-large-large-aws,1,ip-172-31-26-207,ranking,benchANT
2026-08-12 11:27:20+00:00,mem,committed_as,2568953856.0,dbms,08-2026,couchbase-802-vanilla-ce-large-large-aws,1,ip-172-31-26-207,ranking,benchANT
2026-08-12 11:27:30+00:00,mem,committed_as,2569109504.0,dbms,08-2026,couchbase-802-vanilla-ce-large-large-aws,1,ip-172-31-26-207,ranking,benchANT
2026-08-12 11:27:40+00:00,mem,committed_as,2567823360.0,dbms,08-2026,couchbase-802-vanilla-ce-large-large-aws,1,ip-172-31-26-207,ranking,benchANT
2026-08-12 11:27:50+00:00,mem,committed_as,2566791168.0,dbms,08-2026,couchbase-802-vanilla-ce-large-large-aws,1,ip-172-31-26-207,ranking,benchANT
2026-08-12 11:28:00+00:00,mem,committed_as,2565799936.0,dbms,08-2026,couchbase-802-vanilla-ce-large-large-aws,1,ip-172-31-26-207,ranking,benchANT
2026-08-12 11:28:10+00:00,mem,committed_as,2571603968.0,dbms,08-2026,couchbase-802-vanilla-ce-large-large-aws,1,ip-172-31-26-207,ranking,benchANT
2026-08-12 11:28:20+00:00,mem,committed_as,2567512064.0,dbms,08-2026,couchbase-802-vanilla-ce-large-large-aws,1,ip-172-31-26-207,ranking,benchANT
2026-08-12 11:28:30+00:00,mem,committed_as,2569641984.0,dbms,08-2026,couchbase-802-vanilla-ce-large-large-aws,1,ip-172-31-26-207,ranking,benchANT
2026-08-12 11:28:40+00:00,mem,committed_as,2570031104.0,dbms,08-2026,couchbase-802-vanilla-ce-large-large-aws,1,ip-172-31-26-207,ranking,benchANT
2026-08-12 11:28:50+00:00,mem,committed_as,2567417856.0,dbms,08-2026,couchbase-802-vanilla-ce-large-large-aws,1,ip-172-31-26-207,ranking,benchANT
2026-08-12 11:29:00+00:00,mem,committed_as,2565533696.0,dbms,08-2026,couchbase-802-vanilla-ce-large-large-aws,1,ip-172-31-26-207,ranking,benchANT
2026-08-12 11:29:10+00:00,mem,committed_as,2566987776.0,dbms,08-2026,couchbase-802-vanilla-ce-large-large-aws,1,ip-172-31-26-207,ranking,benchANT
2026-08-12 11:29:20+00:00,mem,committed_as,2568560640.0,dbms,08-2026,couchbase-802-vanilla-ce-large-large-aws,1,ip-172-31-26-207,ranking,benchANT
2026-08-12 11:29:30+00:00,mem,committed_as,2568192000.0,dbms,08-2026,couchbase-802-vanilla-ce-large-large-aws,1,ip-172-31-26-207,ranking,benchANT
2026-08-12 11:29:40+00:00,mem,committed_as,2569469952.0,dbms,08-2026,couchbase-802-vanilla-ce-large-large-aws,1,ip-172-31-26-207,ranking,benchANT
2026-08-12 11:29:50+00:00,mem,committed_as,2568339456.0,dbms,08-2026,couchbase-802-vanilla-ce-large-large-aws,1,ip-172-31-26-207,ranking,benchANT
2026-08-12 11:20:00+00:00,mem,dirty,147456.0,dbms,08-2026,couchbase-802-vanilla-ce-large-large-aws,1,ip-172-31-26-207,ranking,benchANT
2026-08-12 11:20:10+00:00,mem,dirty,98304.0,dbms,08-2026,couchbase-802-vanilla-ce-large-large-aws,1,ip-172-31-26-207,ranking,benchANT
2026-08-12 11:20:20+00:00,mem,dirty,2605056.0,dbms,08-2026,couchbase-802-vanilla-ce-large-large-aws,1,ip-172-31-26-207,ranking,benchANT
2026-08-12 11:20:30+00:00,mem,dirty,3039232.0,dbms,08-2026,couchbase-802-vanilla-ce-large-large-aws,1,ip-172-31-26-207,ranking,benchANT
2026-08-12 11:20:40+00:00,mem,dirty,4153344.0,dbms,08-2026,couchbase-802-vanilla-ce-large-large-aws,1,ip-172-31-26-207,ranking,benchANT
2026-08-12 11:20:50+00:00,mem,dirty,3706880.0,dbms,08-2026,couchbase-802-vanilla-ce-large-large-aws,1,ip-172-31-26-207,ranking,benchANT
2026-08-12 11:21:00+00:00,mem,dirty,1986560.0,dbms,08-2026,couchbase-802-vanilla-ce-large-large-aws,1,ip-172-31-26-207,ranking,benchANT
2026-08-12 11:21:10+00:00,mem,dirty,4837376.0,dbms,08-2026,couchbase-802-vanilla-ce-large-large-aws,1,ip-172-31-26-207,ranking,benchANT
2026-08-12 11:21:20+00:00,mem,dirty,7790592.0,dbms,08-2026,couchbase-802-vanilla-ce-large-large-aws,1,ip-172-31-26-207,ranking,benchANT
2026-08-12 11:21:30+00:00,mem,dirty,5275648.0,dbms,08-2026,couchbase-802-vanilla-ce-large-large-aws,1,ip-172-31-26-207,ranking,benchANT
2026-08-12 11:21:40+00:00,mem,dirty,7892992.0,dbms,08-2026,couchbase-802-vanilla-ce-large-large-aws,1,ip-172-31-26-207,ranking,benchANT
2026-08-12 11:21:50+00:00,mem,dirty,5001216.0,dbms,08-2026,couchbase-802-vanilla-ce-large-large-aws,1,ip-172-31-26-207,ranking,benchANT
2026-08-12 11:22:00+00:00,mem,dirty,434176.0,dbms,08-2026,couchbase-802-vanilla-ce-large-large-aws,1,ip-172-31-26-207,ranking,benchANT
2026-08-12 11:22:10+00:00,mem,dirty,4915200.0,dbms,08-2026,couchbase-802-vanilla-ce-large-large-aws,1,ip-172-31-26-207,ranking,benchANT
2026-08-12 11:22:20+00:00,mem,dirty,4915200.0,dbms,08-2026,couchbase-802-vanilla-ce-large-large-aws,1,ip-172-31-26-207,ranking,benchANT
2026-08-12 11:22:30+00:00,mem,dirty,4931584.0,dbms,08-2026,couchbase-802-vanilla-ce-large-large-aws,1,ip-172-31-26-207,ranking,benchANT
2026-08-12 11:22:40+00:00,mem,dirty,4911104.0,dbms,08-2026,couchbase-802-vanilla-ce-large-large-aws,1,ip-172-31-26-207,ranking,benchANT
2026-08-12 11:22:50+00:00,mem,dirty,4886528.0,dbms,08-2026,couchbase-802-vanilla-ce-large-large-aws,1,ip-172-31-26-207,ranking,benchANT
2026-08-12 11:23:00+00:00,mem,dirty,4907008.0,dbms,08-2026,couchbase-802-vanilla-ce-large-large-aws,1,ip-172-31-26-207,ranking,benchANT
2026-08-12 11:23:10+00:00,mem,dirty,4861952.0,dbms,08-2026,couchbase-802-vanilla-ce-large-large-aws,1,ip-172-31-26-207,ranking,benchANT
2026-08-12 11:23:20+00:00,mem,dirty,5128192.0,dbms,08-2026,couchbase-802-vanilla-ce-large-large-aws,1,ip-172-31-26-207,ranking,benchANT
2026-08-12 11:23:30+00:00,mem,dirty,5136384.0,dbms,08-2026,couchbase-802-vanilla-ce-large-large-aws,1,ip-172-31-26-207,ranking,benchANT
2026-08-12 11:23:40+00:00,mem,dirty,5042176.0,dbms,08-2026,couchbase-802-vanilla-ce-large-large-aws,1,ip-172-31-26-207,ranking,benchANT
2026-08-12 11:23:50+00:00,mem,dirty,5017600.0,dbms,08-2026,couchbase-802-vanilla-ce-large-large-aws,1,ip-172-31-26-207,ranking,benchANT
2026-08-12 11:24:00+00:00,mem,dirty,5021696.0,dbms,08-2026,couchbase-802-vanilla-ce-large-large-aws,1,ip-172-31-26-207,ranking,benchANT
2026-08-12 11:24:10+00:00,mem,dirty,5042176.0,dbms,08-2026,couchbase-802-vanilla-ce-large-large-aws,1,ip-172-31-26-207,ranking,benchANT
2026-08-12 11:24:20+00:00,mem,dirty,4997120.0,dbms,08-2026,couchbase-802-vanilla-ce-large-large-aws,1,ip-172-31-26-207,ranking,benchANT
2026-08-12 11:24:30+00:00,mem,dirty,5021696.0,dbms,08-2026,couchbase-802-vanilla-ce-large-large-aws,1,ip-172-31-26-207,ranking,benchANT
2026-08-12 11:24:40+00:00,mem,dirty,5029888.0,dbms,08-2026,couchbase-802-vanilla-ce-large-large-aws,1,ip-172-31-26-207,ranking,benchANT
2026-08-12 11:24:50+00:00,mem,dirty,5001216.0,dbms,08-2026,couchbase-802-vanilla-ce-large-large-aws,1,ip-172-31-26-207,ranking,benchANT
2026-08-12 11:25:00+00:00,mem,dirty,5017600.0,dbms,08-2026,couchbase-802-vanilla-ce-large-large-aws,1,ip-172-31-26-207,ranking,benchANT
2026-08-12 11:25:10+00:00,mem,dirty,7475200.0,dbms,08-2026,couchbase-802-vanilla-ce-large-large-aws,1,ip-172-31-26-207,ranking,benchANT
2026-08-12 11:25:20+00:00,mem,dirty,7495680.0,dbms,08-2026,couchbase-802-vanilla-ce-large-large-aws,1,ip-172-31-26-207,ranking,benchANT
2026-08-12 11:25:30+00:00,mem,dirty,7532544.0,dbms,08-2026,couchbase-802-vanilla-ce-large-large-aws,1,ip-172-31-26-207,ranking,benchANT
2026-08-12 11:25:40+00:00,mem,dirty,5050368.0,dbms,08-2026,couchbase-802-vanilla-ce-large-large-aws,1,ip-172-31-26-207,ranking,benchANT
2026-08-12 11:25:50+00:00,mem,dirty,5029888.0,dbms,08-2026,couchbase-802-vanilla-ce-large-large-aws,1,ip-172-31-26-207,ranking,benchANT
2026-08-12 11:26:00+00:00,mem,dirty,4988928.0,dbms,08-2026,couchbase-802-vanilla-ce-large-large-aws,1,ip-172-31-26-207,ranking,benchANT
2026-08-12 11:26:10+00:00,mem,dirty,5001216.0,dbms,08-2026,couchbase-802-vanilla-ce-large-large-aws,1,ip-172-31-26-207,ranking,benchANT
2026-08-12 11:26:20+00:00,mem,dirty,5013504.0,dbms,08-2026,couchbase-802-vanilla-ce-large-large-aws,1,ip-172-31-26-207,ranking,benchANT
2026-08-12 11:26:30+00:00,mem,dirty,5042176.0,dbms,08-2026,couchbase-802-vanilla-ce-large-large-aws,1,ip-172-31-26-207,ranking,benchANT
2026-08-12 11:26:40+00:00,mem,dirty,5210112.0,dbms,08-2026,couchbase-802-vanilla-ce-large-large-aws,1,ip-172-31-26-207,ranking,benchANT
2026-08-12 11:26:50+00:00,mem,dirty,5300224.0,dbms,08-2026,couchbase-802-vanilla-ce-large-large-aws,1,ip-172-31-26-207,ranking,benchANT
2026-08-12 11:27:00+00:00,mem,dirty,5316608.0,dbms,08-2026,couchbase-802-vanilla-ce-large-large-aws,1,ip-172-31-26-207,ranking,benchANT
2026-08-12 11:27:10+00:00,mem,dirty,4943872.0,dbms,08-2026,couchbase-802-vanilla-ce-large-large-aws,1,ip-172-31-26-207,ranking,benchANT
2026-08-12 11:27:20+00:00,mem,dirty,4960256.0,dbms,08-2026,couchbase-802-vanilla-ce-large-large-aws,1,ip-172-31-26-207,ranking,benchANT
2026-08-12 11:27:30+00:00,mem,dirty,4988928.0,dbms,08-2026,couchbase-802-vanilla-ce-large-large-aws,1,ip-172-31-26-207,ranking,benchANT
2026-08-12 11:27:40+00:00,mem,dirty,1314816.0,dbms,08-2026,couchbase-802-vanilla-ce-large-large-aws,1,ip-172-31-26-207,ranking,benchANT
2026-08-12 11:27:50+00:00,mem,dirty,5009408.0,dbms,08-2026,couchbase-802-vanilla-ce-large-large-aws,1,ip-172-31-26-207,ranking,benchANT
2026-08-12 11:28:00+00:00,mem,dirty,4956160.0,dbms,08-2026,couchbase-802-vanilla-ce-large-large-aws,1,ip-172-31-26-207,ranking,benchANT
2026-08-12 11:28:10+00:00,mem,dirty,5025792.0,dbms,08-2026,couchbase-802-vanilla-ce-large-large-aws,1,ip-172-31-26-207,ranking,benchANT
2026-08-12 11:28:20+00:00,mem,dirty,4976640.0,dbms,08-2026,couchbase-802-vanilla-ce-large-large-aws,1,ip-172-31-26-207,ranking,benchANT
2026-08-12 11:28:30+00:00,mem,dirty,5005312.0,dbms,08-2026,couchbase-802-vanilla-ce-large-large-aws,1,ip-172-31-26-207,ranking,benchANT
2026-08-12 11:28:40+00:00,mem,dirty,5054464.0,dbms,08-2026,couchbase-802-vanilla-ce-large-large-aws,1,ip-172-31-26-207,ranking,benchANT
2026-08-12 11:28:50+00:00,mem,dirty,4947968.0,dbms,08-2026,couchbase-802-vanilla-ce-large-large-aws,1,ip-172-31-26-207,ranking,benchANT
2026-08-12 11:29:00+00:00,mem,dirty,4980736.0,dbms,08-2026,couchbase-802-vanilla-ce-large-large-aws,1,ip-172-31-26-207,ranking,benchANT
2026-08-12 11:29:10+00:00,mem,dirty,5033984.0,dbms,08-2026,couchbase-802-vanilla-ce-large-large-aws,1,ip-172-31-26-207,ranking,benchANT
2026-08-12 11:29:20+00:00,mem,dirty,4988928.0,dbms,08-2026,couchbase-802-vanilla-ce-large-large-aws,1,ip-172-31-26-207,ranking,benchANT
2026-08-12 11:29:30+00:00,mem,dirty,4943872.0,dbms,08-2026,couchbase-802-vanilla-ce-large-large-aws,1,ip-172-31-26-207,ranking,benchANT
2026-08-12 11:29:40+00:00,mem,dirty,4997120.0,dbms,08-2026,couchbase-802-vanilla-ce-large-large-aws,1,ip-172-31-26-207,ranking,benchANT
2026-08-12 11:29:50+00:00,mem,dirty,118784.0,dbms,08-2026,couchbase-802-vanilla-ce-large-large-aws,1,ip-172-31-26-207,ranking,benchANT
2026-08-12 11:20:00+00:00,mem,free,21226336256.0,dbms,08-2026,couchbase-802-vanilla-ce-large-large-aws,1,ip-172-31-26-207,ranking,benchANT
2026-08-12 11:20:10+00:00,mem,free,21225484288.0,dbms,08-2026,couchbase-802-vanilla-ce-large-large-aws,1,ip-172-31-26-207,ranking,benchANT
2026-08-12 11:20:20+00:00,mem,free,21223378944.0,dbms,08-2026,couchbase-802-vanilla-ce-large-large-aws,1,ip-172-31-26-207,ranking,benchANT
2026-08-12 11:20:30+00:00,mem,free,21221449728.0,dbms,08-2026,couchbase-802-vanilla-ce-large-large-aws,1,ip-172-31-26-207,ranking,benchANT
2026-08-12 11:20:40+00:00,mem,free,21216292864.0,dbms,08-2026,couchbase-802-vanilla-ce-large-large-aws,1,ip-172-31-26-207,ranking,benchANT
2026-08-12 11:20:50+00:00,mem,free,21215506432.0,dbms,08-2026,couchbase-802-vanilla-ce-large-large-aws,1,ip-172-31-26-207,ranking,benchANT
2026-08-12 11:21:00+00:00,mem,free,21207650304.0,dbms,08-2026,couchbase-802-vanilla-ce-large-large-aws,1,ip-172-31-26-207,ranking,benchANT
2026-08-12 11:21:10+00:00,mem,free,21169979392.0,dbms,08-2026,couchbase-802-vanilla-ce-large-large-aws,1,ip-172-31-26-207,ranking,benchANT
2026-08-12 11:21:20+00:00,mem,free,21074677760.0,dbms,08-2026,couchbase-802-vanilla-ce-large-large-aws,1,ip-172-31-26-207,ranking,benchANT
2026-08-12 11:21:30+00:00,mem,free,20712914944.0,dbms,08-2026,couchbase-802-vanilla-ce-large-large-aws,1,ip-172-31-26-207,ranking,benchANT
2026-08-12 11:21:40+00:00,mem,free,19655639040.0,dbms,08-2026,couchbase-802-vanilla-ce-large-large-aws,1,ip-172-31-26-207,ranking,benchANT
2026-08-12 11:21:50+00:00,mem,free,18706079744.0,dbms,08-2026,couchbase-802-vanilla-ce-large-large-aws,1,ip-172-31-26-207,ranking,benchANT
2026-08-12 11:22:00+00:00,mem,free,17705234432.0,dbms,08-2026,couchbase-802-vanilla-ce-large-large-aws,1,ip-172-31-26-207,ranking,benchANT
2026-08-12 11:22:10+00:00,mem,free,16729202688.0,dbms,08-2026,couchbase-802-vanilla-ce-large-large-aws,1,ip-172-31-26-207,ranking,benchANT
2026-08-12 11:22:20+00:00,mem,free,15723085824.0,dbms,08-2026,couchbase-802-vanilla-ce-large-large-aws,1,ip-172-31-26-207,ranking,benchANT
2026-08-12 11:22:30+00:00,mem,free,14714314752.0,dbms,08-2026,couchbase-802-vanilla-ce-large-large-aws,1,ip-172-31-26-207,ranking,benchANT
2026-08-12 11:22:40+00:00,mem,free,13785141248.0,dbms,08-2026,couchbase-802-vanilla-ce-large-large-aws,1,ip-172-31-26-207,ranking,benchANT
2026-08-12 11:22:50+00:00,mem,free,12773953536.0,dbms,08-2026,couchbase-802-vanilla-ce-large-large-aws,1,ip-172-31-26-207,ranking,benchANT
2026-08-12 11:23:00+00:00,mem,free,11834744832.0,dbms,08-2026,couchbase-802-vanilla-ce-large-large-aws,1,ip-172-31-26-207,ranking,benchANT
2026-08-12 11:23:10+00:00,mem,free,10901565440.0,dbms,08-2026,couchbase-802-vanilla-ce-large-large-aws,1,ip-172-31-26-207,ranking,benchANT
2026-08-12 11:23:20+00:00,mem,free,9939910656.0,dbms,08-2026,couchbase-802-vanilla-ce-large-large-aws,1,ip-172-31-26-207,ranking,benchANT
2026-08-12 11:23:30+00:00,mem,free,9075101696.0,dbms,08-2026,couchbase-802-vanilla-ce-large-large-aws,1,ip-172-31-26-207,ranking,benchANT
2026-08-12 11:23:40+00:00,mem,free,8119128064.0,dbms,08-2026,couchbase-802-vanilla-ce-large-large-aws,1,ip-172-31-26-207,ranking,benchANT
2026-08-12 11:23:50+00:00,mem,free,7136522240.0,dbms,08-2026,couchbase-802-vanilla-ce-large-large-aws,1,ip-172-31-26-207,ranking,benchANT
2026-08-12 11:24:00+00:00,mem,free,6156582912.0,dbms,08-2026,couchbase-802-vanilla-ce-large-large-aws,1,ip-172-31-26-207,ranking,benchANT
2026-08-12 11:24:10+00:00,mem,free,5250220032.0,dbms,08-2026,couchbase-802-vanilla-ce-large-large-aws,1,ip-172-31-26-207,ranking,benchANT
2026-08-12 11:24:20+00:00,mem,free,4295110656.0,dbms,08-2026,couchbase-802-vanilla-ce-large-large-aws,1,ip-172-31-26-207,ranking,benchANT
2026-08-12 11:24:30+00:00,mem,free,3365298176.0,dbms,08-2026,couchbase-802-vanilla-ce-large-large-aws,1,ip-172-31-26-207,ranking,benchANT
2026-08-12 11:24:40+00:00,mem,free,2490404864.0,dbms,08-2026,couchbase-802-vanilla-ce-large-large-aws,1,ip-172-31-26-207,ranking,benchANT
2026-08-12 11:24:50+00:00,mem,free,1910824960.0,dbms,08-2026,couchbase-802-vanilla-ce-large-large-aws,1,ip-172-31-26-207,ranking,benchANT
2026-08-12 11:25:00+00:00,mem,free,1470345216.0,dbms,08-2026,couchbase-802-vanilla-ce-large-large-aws,1,ip-172-31-26-207,ranking,benchANT
2026-08-12 11:25:10+00:00,mem,free,995119104.0,dbms,08-2026,couchbase-802-vanilla-ce-large-large-aws,1,ip-172-31-26-207,ranking,benchANT
2026-08-12 11:25:20+00:00,mem,free,537600000.0,dbms,08-2026,couchbase-802-vanilla-ce-large-large-aws,1,ip-172-31-26-207,ranking,benchANT
2026-08-12 11:25:30+00:00,mem,free,474591232.0,dbms,08-2026,couchbase-802-vanilla-ce-large-large-aws,1,ip-172-31-26-207,ranking,benchANT
2026-08-12 11:25:40+00:00,mem,free,576282624.0,dbms,08-2026,couchbase-802-vanilla-ce-large-large-aws,1,ip-172-31-26-207,ranking,benchANT
2026-08-12 11:25:50+00:00,mem,free,769945600.0,dbms,08-2026,couchbase-802-vanilla-ce-large-large-aws,1,ip-172-31-26-207,ranking,benchANT
2026-08-12 11:26:00+00:00,mem,free,585715712.0,dbms,08-2026,couchbase-802-vanilla-ce-large-large-aws,1,ip-172-31-26-207,ranking,benchANT
2026-08-12 11:26:10+00:00,mem,free,450412544.0,dbms,08-2026,couchbase-802-vanilla-ce-large-large-aws,1,ip-172-31-26-207,ranking,benchANT
2026-08-12 11:26:20+00:00,mem,free,451018752.0,dbms,08-2026,couchbase-802-vanilla-ce-large-large-aws,1,ip-172-31-26-207,ranking,benchANT
2026-08-12 11:26:30+00:00,mem,free,452800512.0,dbms,08-2026,couchbase-802-vanilla-ce-large-large-aws,1,ip-172-31-26-207,ranking,benchANT
2026-08-12 11:26:40+00:00,mem,free,389607424.0,dbms,08-2026,couchbase-802-vanilla-ce-large-large-aws,1,ip-172-31-26-207,ranking,benchANT
2026-08-12 11:26:50+00:00,mem,free,349966336.0,dbms,08-2026,couchbase-802-vanilla-ce-large-large-aws,1,ip-172-31-26-207,ranking,benchANT
2026-08-12 11:27:00+00:00,mem,free,324366336.0,dbms,08-2026,couchbase-802-vanilla-ce-large-large-aws,1,ip-172-31-26-207,ranking,benchANT
2026-08-12 11:27:10+00:00,mem,free,260943872.0,dbms,08-2026,couchbase-802-vanilla-ce-large-large-aws,1,ip-172-31-26-207,ranking,benchANT
2026-08-12 11:27:20+00:00,mem,free,316882944.0,dbms,08-2026,couchbase-802-vanilla-ce-large-large-aws,1,ip-172-31-26-207,ranking,benchANT
2026-08-12 11:27:30+00:00,mem,free,278241280.0,dbms,08-2026,couchbase-802-vanilla-ce-large-large-aws,1,ip-172-31-26-207,ranking,benchANT
2026-08-12 11:27:40+00:00,mem,free,409600000.0,dbms,08-2026,couchbase-802-vanilla-ce-large-large-aws,1,ip-172-31-26-207,ranking,benchANT
2026-08-12 11:27:50+00:00,mem,free,287453184.0,dbms,08-2026,couchbase-802-vanilla-ce-large-large-aws,1,ip-172-31-26-207,ranking,benchANT
2026-08-12 11:28:00+00:00,mem,free,277159936.0,dbms,08-2026,couchbase-802-vanilla-ce-large-large-aws,1,ip-172-31-26-207,ranking,benchANT
2026-08-12 11:28:10+00:00,mem,free,382210048.0,dbms,08-2026,couchbase-802-vanilla-ce-large-large-aws,1,ip-172-31-26-207,ranking,benchANT
2026-08-12 11:28:20+00:00,mem,free,349818880.0,dbms,08-2026,couchbase-802-vanilla-ce-large-large-aws,1,ip-172-31-26-207,ranking,benchANT
2026-08-12 11:28:30+00:00,mem,free,321097728.0,dbms,08-2026,couchbase-802-vanilla-ce-large-large-aws,1,ip-172-31-26-207,ranking,benchANT
2026-08-12 11:28:40+00:00,mem,free,298610688.0,dbms,08-2026,couchbase-802-vanilla-ce-large-large-aws,1,ip-172-31-26-207,ranking,benchANT
2026-08-12 11:28:50+00:00,mem,free,277671936.0,dbms,08-2026,couchbase-802-vanilla-ce-large-large-aws,1,ip-172-31-26-207,ranking,benchANT
2026-08-12 11:29:00+00:00,mem,free,341180416.0,dbms,08-2026,couchbase-802-vanilla-ce-large-large-aws,1,ip-172-31-26-207,ranking,benchANT
2026-08-12 11:29:10+00:00,mem,free,308834304.0,dbms,08-2026,couchbase-802-vanilla-ce-large-large-aws,1,ip-172-31-26-207,ranking,benchANT
2026-08-12 11:29:20+00:00,mem,free,260259840.0,dbms,08-2026,couchbase-802-vanilla-ce-large-large-aws,1,ip-172-31-26-207,ranking,benchANT
2026-08-12 11:29:30+00:00,mem,free,405336064.0,dbms,08-2026,couchbase-802-vanilla-ce-large-large-aws,1,ip-172-31-26-207,ranking,benchANT
2026-08-12 11:29:40+00:00,mem,free,385978368.0,dbms,08-2026,couchbase-802-vanilla-ce-large-large-aws,1,ip-172-31-26-207,ranking,benchANT
2026-08-12 11:29:50+00:00,mem,free,389054464.0,dbms,08-2026,couchbase-802-vanilla-ce-large-large-aws,1,ip-172-31-26-207,ranking,benchANT
2026-08-12 11:20:00+00:00,mem,high_free,0.0,dbms,08-2026,couchbase-802-vanilla-ce-large-large-aws,1,ip-172-31-26-207,ranking,benchANT
2026-08-12 11:20:10+00:00,mem,high_free,0.0,dbms,08-2026,couchbase-802-vanilla-ce-large-large-aws,1,ip-172-31-26-207,ranking,benchANT
2026-08-12 11:20:20+00:00,mem,high_free,0.0,dbms,08-2026,couchbase-802-vanilla-ce-large-large-aws,1,ip-172-31-26-207,ranking,benchANT
2026-08-12 11:20:30+00:00,mem,high_free,0.0,dbms,08-2026,couchbase-802-vanilla-ce-large-large-aws,1,ip-172-31-26-207,ranking,benchANT
2026-08-12 11:20:40+00:00,mem,high_free,0.0,dbms,08-2026,couchbase-802-vanilla-ce-large-large-aws,1,ip-172-31-26-207,ranking,benchANT
2026-08-12 11:20:50+00:00,mem,high_free,0.0,dbms,08-2026,couchbase-802-vanilla-ce-large-large-aws,1,ip-172-31-26-207,ranking,benchANT
2026-08-12 11:21:00+00:00,mem,high_free,0.0,dbms,08-2026,couchbase-802-vanilla-ce-large-large-aws,1,ip-172-31-26-207,ranking,benchANT
2026-08-12 11:21:10+00:00,mem,high_free,0.0,dbms,08-2026,couchbase-802-vanilla-ce-large-large-aws,1,ip-172-31-26-207,ranking,benchANT
2026-08-12 11:21:20+00:00,mem,high_free,0.0,dbms,08-2026,couchbase-802-vanilla-ce-large-large-aws,1,ip-172-31-26-207,ranking,benchANT
2026-08-12 11:21:30+00:00,mem,high_free,0.0,dbms,08-2026,couchbase-802-vanilla-ce-large-large-aws,1,ip-172-31-26-207,ranking,benchANT
2026-08-12 11:21:40+00:00,mem,high_free,0.0,dbms,08-2026,couchbase-802-vanilla-ce-large-large-aws,1,ip-172-31-26-207,ranking,benchANT
2026-08-12 11:21:50+00:00,mem,high_free,0.0,dbms,08-2026,couchbase-802-vanilla-ce-large-large-aws,1,ip-172-31-26-207,ranking,benchANT
2026-08-12 11:22:00+00:00,mem,high_free,0.0,dbms,08-2026,couchbase-802-vanilla-ce-large-large-aws,1,ip-172-31-26-207,ranking,benchANT
2026-08-12 11:22:10+00:00,mem,high_free,0.0,dbms,08-2026,couchbase-802-vanilla-ce-large-large-aws,1,ip-172-31-26-207,ranking,benchANT
2026-08-12 11:22:20+00:00,mem,high_free,0.0,dbms,08-2026,couchbase-802-vanilla-ce-large-large-aws,1,ip-172-31-26-207,ranking,benchANT
2026-08-12 11:22:30+00:00,mem,high_free,0.0,dbms,08-2026,couchbase-802-vanilla-ce-large-large-aws,1,ip-172-31-26-207,ranking,benchANT
2026-08-12 11:22:40+00:00,mem,high_free,0.0,dbms,08-2026,couchbase-802-vanilla-ce-large-large-aws,1,ip-172-31-26-207,ranking,benchANT
2026-08-12 11:22:50+00:00,mem,high_free,0.0,dbms,08-2026,couchbase-802-vanilla-ce-large-large-aws,1,ip-172-31-26-207,ranking,benchANT
2026-08-12 11:23:00+00:00,mem,high_free,0.0,dbms,08-2026,couchbase-802-vanilla-ce-large-large-aws,1,ip-172-31-26-207,ranking,benchANT
2026-08-12 11:23:10+00:00,mem,high_free,0.0,dbms,08-2026,couchbase-802-vanilla-ce-large-large-aws,1,ip-172-31-26-207,ranking,benchANT
2026-08-12 11:23:20+00:00,mem,high_free,0.0,dbms,08-2026,couchbase-802-vanilla-ce-large-large-aws,1,ip-172-31-26-207,ranking,benchANT
2026-08-12 11:23:30+00:00,mem,high_free,0.0,dbms,08-2026,couchbase-802-vanilla-ce-large-large-aws,1,ip-172-31-26-207,ranking,benchANT
2026-08-12 11:23:40+00:00,mem,high_free,0.0,dbms,08-2026,couchbase-802-vanilla-ce-large-large-aws,1,ip-172-31-26-207,ranking,benchANT
2026-08-12 11:23:50+00:00,mem,high_free,0.0,dbms,08-2026,couchbase-802-vanilla-ce-large-large-aws,1,ip-172-31-26-207,ranking,benchANT
2026-08-12 11:24:00+00:00,mem,high_free,0.0,dbms,08-2026,couchbase-802-vanilla-ce-large-large-aws,1,ip-172-31-26-207,ranking,benchANT
2026-08-12 11:24:10+00:00,mem,high_free,0.0,dbms,08-2026,couchbase-802-vanilla-ce-large-large-aws,1,ip-172-31-26-207,ranking,benchANT
2026-08-12 11:24:20+00:00,mem,high_free,0.0,dbms,08-2026,couchbase-802-vanilla-ce-large-large-aws,1,ip-172-31-26-207,ranking,benchANT
2026-08-12 11:24:30+00:00,mem,high_free,0.0,dbms,08-2026,couchbase-802-vanilla-ce-large-large-aws,1,ip-172-31-26-207,ranking,benchANT
2026-08-12 11:24:40+00:00,mem,high_free,0.0,dbms,08-2026,couchbase-802-vanilla-ce-large-large-aws,1,ip-172-31-26-207,ranking,benchANT
2026-08-12 11:24:50+00:00,mem,high_free,0.0,dbms,08-2026,couchbase-802-vanilla-ce-large-large-aws,1,ip-172-31-26-207,ranking,benchANT
2026-08-12 11:25:00+00:00,mem,high_free,0.0,dbms,08-2026,couchbase-802-vanilla-ce-large-large-aws,1,ip-172-31-26-207,ranking,benchANT
2026-08-12 11:25:10+00:00,mem,high_free,0.0,dbms,08-2026,couchbase-802-vanilla-ce-large-large-aws,1,ip-172-31-26-207,ranking,benchANT
2026-08-12 11:25:20+00:00,mem,high_free,0.0,dbms,08-2026,couchbase-802-vanilla-ce-large-large-aws,1,ip-172-31-26-207,ranking,benchANT
2026-08-12 11:25:30+00:00,mem,high_free,0.0,dbms,08-2026,couchbase-802-vanilla-ce-large-large-aws,1,ip-172-31-26-207,ranking,benchANT
2026-08-12 11:25:40+00:00,mem,high_free,0.0,dbms,08-2026,couchbase-802-vanilla-ce-large-large-aws,1,ip-172-31-26-207,ranking,benchANT
2026-08-12 11:25:50+00:00,mem,high_free,0.0,dbms,08-2026,couchbase-802-vanilla-ce-large-large-aws,1,ip-172-31-26-207,ranking,benchANT
2026-08-12 11:26:00+00:00,mem,high_free,0.0,dbms,08-2026,couchbase-802-vanilla-ce-large-large-aws,1,ip-172-31-26-207,ranking,benchANT
2026-08-12 11:26:10+00:00,mem,high_free,0.0,dbms,08-2026,couchbase-802-vanilla-ce-large-large-aws,1,ip-172-31-26-207,ranking,benchANT
2026-08-12 11:26:20+00:00,mem,high_free,0.0,dbms,08-2026,couchbase-802-vanilla-ce-large-large-aws,1,ip-172-31-26-207,ranking,benchANT
2026-08-12 11:26:30+00:00,mem,high_free,0.0,dbms,08-2026,couchbase-802-vanilla-ce-large-large-aws,1,ip-172-31-26-207,ranking,benchANT
2026-08-12 11:26:40+00:00,mem,high_free,0.0,dbms,08-2026,couchbase-802-vanilla-ce-large-large-aws,1,ip-172-31-26-207,ranking,benchANT
2026-08-12 11:26:50+00:00,mem,high_free,0.0,dbms,08-2026,couchbase-802-vanilla-ce-large-large-aws,1,ip-172-31-26-207,ranking,benchANT
2026-08-12 11:27:00+00:00,mem,high_free,0.0,dbms,08-2026,couchbase-802-vanilla-ce-large-large-aws,1,ip-172-31-26-207,ranking,benchANT
2026-08-12 11:27:10+00:00,mem,high_free,0.0,dbms,08-2026,couchbase-802-vanilla-ce-large-large-aws,1,ip-172-31-26-207,ranking,benchANT
2026-08-12 11:27:20+00:00,mem,high_free,0.0,dbms,08-2026,couchbase-802-vanilla-ce-large-large-aws,1,ip-172-31-26-207,ranking,benchANT
2026-08-12 11:27:30+00:00,mem,high_free,0.0,dbms,08-2026,couchbase-802-vanilla-ce-large-large-aws,1,ip-172-31-26-207,ranking,benchANT
2026-08-12 11:27:40+00:00,mem,high_free,0.0,dbms,08-2026,couchbase-802-vanilla-ce-large-large-aws,1,ip-172-31-26-207,ranking,benchANT
2026-08-12 11:27:50+00:00,mem,high_free,0.0,dbms,08-2026,couchbase-802-vanilla-ce-large-large-aws,1,ip-172-31-26-207,ranking,benchANT
2026-08-12 11:28:00+00:00,mem,high_free,0.0,dbms,08-2026,couchbase-802-vanilla-ce-large-large-aws,1,ip-172-31-26-207,ranking,benchANT
2026-08-12 11:28:10+00:00,mem,high_free,0.0,dbms,08-2026,couchbase-802-vanilla-ce-large-large-aws,1,ip-172-31-26-207,ranking,benchANT
2026-08-12 11:28:20+00:00,mem,high_free,0.0,dbms,08-2026,couchbase-802-vanilla-ce-large-large-aws,1,ip-172-31-26-207,ranking,benchANT
2026-08-12 11:28:30+00:00,mem,high_free,0.0,dbms,08-2026,couchbase-802-vanilla-ce-large-large-aws,1,ip-172-31-26-207,ranking,benchANT
2026-08-12 11:28:40+00:00,mem,high_free,0.0,dbms,08-2026,couchbase-802-vanilla-ce-large-large-aws,1,ip-172-31-26-207,ranking,benchANT
2026-08-12 11:28:50+00:00,mem,high_free,0.0,dbms,08-2026,couchbase-802-vanilla-ce-large-large-aws,1,ip-172-31-26-207,ranking,benchANT
2026-08-12 11:29:00+00:00,mem,high_free,0.0,dbms,08-2026,couchbase-802-vanilla-ce-large-large-aws,1,ip-172-31-26-207,ranking,benchANT
2026-08-12 11:29:10+00:00,mem,high_free,0.0,dbms,08-2026,couchbase-802-vanilla-ce-large-large-aws,1,ip-172-31-26-207,ranking,benchANT
2026-08-12 11:29:20+00:00,mem,high_free,0.0,dbms,08-2026,couchbase-802-vanilla-ce-large-large-aws,1,ip-172-31-26-207,ranking,benchANT
2026-08-12 11:29:30+00:00,mem,high_free,0.0,dbms,08-2026,couchbase-802-vanilla-ce-large-large-aws,1,ip-172-31-26-207,ranking,benchANT
2026-08-12 11:29:40+00:00,mem,high_free,0.0,dbms,08-2026,couchbase-802-vanilla-ce-large-large-aws,1,ip-172-31-26-207,ranking,benchANT
2026-08-12 11:29:50+00:00,mem,high_free,0.0,dbms,08-2026,couchbase-802-vanilla-ce-large-large-aws,1,ip-172-31-26-207,ranking,benchANT
2026-08-12 11:20:00+00:00,mem,high_total,0.0,dbms,08-2026,couchbase-802-vanilla-ce-large-large-aws,1,ip-172-31-26-207,ranking,benchANT
2026-08-12 11:20:10+00:00,mem,high_total,0.0,dbms,08-2026,couchbase-802-vanilla-ce-large-large-aws,1,ip-172-31-26-207,ranking,benchANT
2026-08-12 11:20:20+00:00,mem,high_total,0.0,dbms,08-2026,couchbase-802-vanilla-ce-large-large-aws,1,ip-172-31-26-207,ranking,benchANT
2026-08-12 11:20:30+00:00,mem,high_total,0.0,dbms,08-2026,couchbase-802-vanilla-ce-large-large-aws,1,ip-172-31-26-207,ranking,benchANT
2026-08-12 11:20:40+00:00,mem,high_total,0.0,dbms,08-2026,couchbase-802-vanilla-ce-large-large-aws,1,ip-172-31-26-207,ranking,benchANT
2026-08-12 11:20:50+00:00,mem,high_total,0.0,dbms,08-2026,couchbase-802-vanilla-ce-large-large-aws,1,ip-172-31-26-207,ranking,benchANT
2026-08-12 11:21:00+00:00,mem,high_total,0.0,dbms,08-2026,couchbase-802-vanilla-ce-large-large-aws,1,ip-172-31-26-207,ranking,benchANT
2026-08-12 11:21:10+00:00,mem,high_total,0.0,dbms,08-2026,couchbase-802-vanilla-ce-large-large-aws,1,ip-172-31-26-207,ranking,benchANT
2026-08-12 11:21:20+00:00,mem,high_total,0.0,dbms,08-2026,couchbase-802-vanilla-ce-large-large-aws,1,ip-172-31-26-207,ranking,benchANT
2026-08-12 11:21:30+00:00,mem,high_total,0.0,dbms,08-2026,couchbase-802-vanilla-ce-large-large-aws,1,ip-172-31-26-207,ranking,benchANT
2026-08-12 11:21:40+00:00,mem,high_total,0.0,dbms,08-2026,couchbase-802-vanilla-ce-large-large-aws,1,ip-172-31-26-207,ranking,benchANT
2026-08-12 11:21:50+00:00,mem,high_total,0.0,dbms,08-2026,couchbase-802-vanilla-ce-large-large-aws,1,ip-172-31-26-207,ranking,benchANT
2026-08-12 11:22:00+00:00,mem,high_total,0.0,dbms,08-2026,couchbase-802-vanilla-ce-large-large-aws,1,ip-172-31-26-207,ranking,benchANT
2026-08-12 11:22:10+00:00,mem,high_total,0.0,dbms,08-2026,couchbase-802-vanilla-ce-large-large-aws,1,ip-172-31-26-207,ranking,benchANT
2026-08-12 11:22:20+00:00,mem,high_total,0.0,dbms,08-2026,couchbase-802-vanilla-ce-large-large-aws,1,ip-172-31-26-207,ranking,benchANT
2026-08-12 11:22:30+00:00,mem,high_total,0.0,dbms,08-2026,couchbase-802-vanilla-ce-large-large-aws,1,ip-172-31-26-207,ranking,benchANT
2026-08-12 11:22:40+00:00,mem,high_total,0.0,dbms,08-2026,couchbase-802-vanilla-ce-large-large-aws,1,ip-172-31-26-207,ranking,benchANT
2026-08-12 11:22:50+00:00,mem,high_total,0.0,dbms,08-2026,couchbase-802-vanilla-ce-large-large-aws,1,ip-172-31-26-207,ranking,benchANT
2026-08-12 11:23:00+00:00,mem,high_total,0.0,dbms,08-2026,couchbase-802-vanilla-ce-large-large-aws,1,ip-172-31-26-207,ranking,benchANT
2026-08-12 11:23:10+00:00,mem,high_total,0.0,dbms,08-2026,couchbase-802-vanilla-ce-large-large-aws,1,ip-172-31-26-207,ranking,benchANT
2026-08-12 11:23:20+00:00,mem,high_total,0.0,dbms,08-2026,couchbase-802-vanilla-ce-large-large-aws,1,ip-172-31-26-207,ranking,benchANT
2026-08-12 11:23:30+00:00,mem,high_total,0.0,dbms,08-2026,couchbase-802-vanilla-ce-large-large-aws,1,ip-172-31-26-207,ranking,benchANT
2026-08-12 11:23:40+00:00,mem,high_total,0.0,dbms,08-2026,couchbase-802-vanilla-ce-large-large-aws,1,ip-172-31-26-207,ranking,benchANT
2026-08-12 11:23:50+00:00,mem,high_total,0.0,dbms,08-2026,couchbase-802-vanilla-ce-large-large-aws,1,ip-172-31-26-207,ranking,benchANT
2026-08-12 11:24:00+00:00,mem,high_total,0.0,dbms,08-2026,couchbase-802-vanilla-ce-large-large-aws,1,ip-172-31-26-207,ranking,benchANT
2026-08-12 11:24:10+00:00,mem,high_total,0.0,dbms,08-2026,couchbase-802-vanilla-ce-large-large-aws,1,ip-172-31-26-207,ranking,benchANT
2026-08-12 11:24:20+00:00,mem,high_total,0.0,dbms,08-2026,couchbase-802-vanilla-ce-large-large-aws,1,ip-172-31-26-207,ranking,benchANT
2026-08-12 11:24:30+00:00,mem,high_total,0.0,dbms,08-2026,couchbase-802-vanilla-ce-large-large-aws,1,ip-172-31-26-207,ranking,benchANT
2026-08-12 11:24:40+00:00,mem,high_total,0.0,dbms,08-2026,couchbase-802-vanilla-ce-large-large-aws,1,ip-172-31-26-207,ranking,benchANT
2026-08-12 11:24:50+00:00,mem,high_total,0.0,dbms,08-2026,couchbase-802-vanilla-ce-large-large-aws,1,ip-172-31-26-207,ranking,benchANT
2026-08-12 11:25:00+00:00,mem,high_total,0.0,dbms,08-2026,couchbase-802-vanilla-ce-large-large-aws,1,ip-172-31-26-207,ranking,benchANT
2026-08-12 11:25:10+00:00,mem,high_total,0.0,dbms,08-2026,couchbase-802-vanilla-ce-large-large-aws,1,ip-172-31-26-207,ranking,benchANT
2026-08-12 11:25:20+00:00,mem,high_total,0.0,dbms,08-2026,couchbase-802-vanilla-ce-large-large-aws,1,ip-172-31-26-207,ranking,benchANT
2026-08-12 11:25:30+00:00,mem,high_total,0.0,dbms,08-2026,couchbase-802-vanilla-ce-large-large-aws,1,ip-172-31-26-207,ranking,benchANT
2026-08-12 11:25:40+00:00,mem,high_total,0.0,dbms,08-2026,couchbase-802-vanilla-ce-large-large-aws,1,ip-172-31-26-207,ranking,benchANT
2026-08-12 11:25:50+00:00,mem,high_total,0.0,dbms,08-2026,couchbase-802-vanilla-ce-large-large-aws,1,ip-172-31-26-207,ranking,benchANT
2026-08-12 11:26:00+00:00,mem,high_total,0.0,dbms,08-2026,couchbase-802-vanilla-ce-large-large-aws,1,ip-172-31-26-207,ranking,benchANT
2026-08-12 11:26:10+00:00,mem,high_total,0.0,dbms,08-2026,couchbase-802-vanilla-ce-large-large-aws,1,ip-172-31-26-207,ranking,benchANT
2026-08-12 11:26:20+00:00,mem,high_total,0.0,dbms,08-2026,couchbase-802-vanilla-ce-large-large-aws,1,ip-172-31-26-207,ranking,benchANT
2026-08-12 11:26:30+00:00,mem,high_total,0.0,dbms,08-2026,couchbase-802-vanilla-ce-large-large-aws,1,ip-172-31-26-207,ranking,benchANT
2026-08-12 11:26:40+00:00,mem,high_total,0.0,dbms,08-2026,couchbase-802-vanilla-ce-large-large-aws,1,ip-172-31-26-207,ranking,benchANT
2026-08-12 11:26:50+00:00,mem,high_total,0.0,dbms,08-2026,couchbase-802-vanilla-ce-large-large-aws,1,ip-172-31-26-207,ranking,benchANT
2026-08-12 11:27:00+00:00,mem,high_total,0.0,dbms,08-2026,couchbase-802-vanilla-ce-large-large-aws,1,ip-172-31-26-207,ranking,benchANT
2026-08-12 11:27:10+00:00,mem,high_total,0.0,dbms,08-2026,couchbase-802-vanilla-ce-large-large-aws,1,ip-172-31-26-207,ranking,benchANT
2026-08-12 11:27:20+00:00,mem,high_total,0.0,dbms,08-2026,couchbase-802-vanilla-ce-large-large-aws,1,ip-172-31-26-207,ranking,benchANT
2026-08-12 11:27:30+00:00,mem,high_total,0.0,dbms,08-2026,couchbase-802-vanilla-ce-large-large-aws,1,ip-172-31-26-207,ranking,benchANT
2026-08-12 11:27:40+00:00,mem,high_total,0.0,dbms,08-2026,couchbase-802-vanilla-ce-large-large-aws,1,ip-172-31-26-207,ranking,benchANT
2026-08-12 11:27:50+00:00,mem,high_total,0.0,dbms,08-2026,couchbase-802-vanilla-ce-large-large-aws,1,ip-172-31-26-207,ranking,benchANT
2026-08-12 11:28:00+00:00,mem,high_total,0.0,dbms,08-2026,couchbase-802-vanilla-ce-large-large-aws,1,ip-172-31-26-207,ranking,benchANT
2026-08-12 11:28:10+00:00,mem,high_total,0.0,dbms,08-2026,couchbase-802-vanilla-ce-large-large-aws,1,ip-172-31-26-207,ranking,benchANT
2026-08-12 11:28:20+00:00,mem,high_total,0.0,dbms,08-2026,couchbase-802-vanilla-ce-large-large-aws,1,ip-172-31-26-207,ranking,benchANT
2026-08-12 11:28:30+00:00,mem,high_total,0.0,dbms,08-2026,couchbase-802-vanilla-ce-large-large-aws,1,ip-172-31-26-207,ranking,benchANT
2026-08-12 11:28:40+00:00,mem,high_total,0.0,dbms,08-2026,couchbase-802-vanilla-ce-large-large-aws,1,ip-172-31-26-207,ranking,benchANT
2026-08-12 11:28:50+00:00,mem,high_total,0.0,dbms,08-2026,couchbase-802-vanilla-ce-large-large-aws,1,ip-172-31-26-207,ranking,benchANT
2026-08-12 11:29:00+00:00,mem,high_total,0.0,dbms,08-2026,couchbase-802-vanilla-ce-large-large-aws,1,ip-172-31-26-207,ranking,benchANT
2026-08-12 11:29:10+00:00,mem,high_total,0.0,dbms,08-2026,couchbase-802-vanilla-ce-large-large-aws,1,ip-172-31-26-207,ranking,benchANT
2026-08-12 11:29:20+00:00,mem,high_total,0.0,dbms,08-2026,couchbase-802-vanilla-ce-large-large-aws,1,ip-172-31-26-207,ranking,benchANT
2026-08-12 11:29:30+00:00,mem,high_total,0.0,dbms,08-2026,couchbase-802-vanilla-ce-large-large-aws,1,ip-172-31-26-207,ranking,benchANT
2026-08-12 11:29:40+00:00,mem,high_total,0.0,dbms,08-2026,couchbase-802-vanilla-ce-large-large-aws,1,ip-172-31-26-207,ranking,benchANT
2026-08-12 11:29:50+00:00,mem,high_total,0.0,dbms,08-2026,couchbase-802-vanilla-ce-large-large-aws,1,ip-172-31-26-207,ranking,benchANT
2026-08-12 11:20:00+00:00,mem,huge_page_size,2097152.0,dbms,08-2026,couchbase-802-vanilla-ce-large-large-aws,1,ip-172-31-26-207,ranking,benchANT
2026-08-12 11:20:10+00:00,mem,huge_page_size,2097152.0,dbms,08-2026,couchbase-802-vanilla-ce-large-large-aws,1,ip-172-31-26-207,ranking,benchANT
2026-08-12 11:20:20+00:00,mem,huge_page_size,2097152.0,dbms,08-2026,couchbase-802-vanilla-ce-large-large-aws,1,ip-172-31-26-207,ranking,benchANT
2026-08-12 11:20:30+00:00,mem,huge_page_size,2097152.0,dbms,08-2026,couchbase-802-vanilla-ce-large-large-aws,1,ip-172-31-26-207,ranking,benchANT
2026-08-12 11:20:40+00:00,mem,huge_page_size,2097152.0,dbms,08-2026,couchbase-802-vanilla-ce-large-large-aws,1,ip-172-31-26-207,ranking,benchANT
2026-08-12 11:20:50+00:00,mem,huge_page_size,2097152.0,dbms,08-2026,couchbase-802-vanilla-ce-large-large-aws,1,ip-172-31-26-207,ranking,benchANT
2026-08-12 11:21:00+00:00,mem,huge_page_size,2097152.0,dbms,08-2026,couchbase-802-vanilla-ce-large-large-aws,1,ip-172-31-26-207,ranking,benchANT
2026-08-12 11:21:10+00:00,mem,huge_page_size,2097152.0,dbms,08-2026,couchbase-802-vanilla-ce-large-large-aws,1,ip-172-31-26-207,ranking,benchANT
2026-08-12 11:21:20+00:00,mem,huge_page_size,2097152.0,dbms,08-2026,couchbase-802-vanilla-ce-large-large-aws,1,ip-172-31-26-207,ranking,benchANT
2026-08-12 11:21:30+00:00,mem,huge_page_size,2097152.0,dbms,08-2026,couchbase-802-vanilla-ce-large-large-aws,1,ip-172-31-26-207,ranking,benchANT
2026-08-12 11:21:40+00:00,mem,huge_page_size,2097152.0,dbms,08-2026,couchbase-802-vanilla-ce-large-large-aws,1,ip-172-31-26-207,ranking,benchANT
2026-08-12 11:21:50+00:00,mem,huge_page_size,2097152.0,dbms,08-2026,couchbase-802-vanilla-ce-large-large-aws,1,ip-172-31-26-207,ranking,benchANT
2026-08-12 11:22:00+00:00,mem,huge_page_size,2097152.0,dbms,08-2026,couchbase-802-vanilla-ce-large-large-aws,1,ip-172-31-26-207,ranking,benchANT
2026-08-12 11:22:10+00:00,mem,huge_page_size,2097152.0,dbms,08-2026,couchbase-802-vanilla-ce-large-large-aws,1,ip-172-31-26-207,ranking,benchANT
2026-08-12 11:22:20+00:00,mem,huge_page_size,2097152.0,dbms,08-2026,couchbase-802-vanilla-ce-large-large-aws,1,ip-172-31-26-207,ranking,benchANT
2026-08-12 11:22:30+00:00,mem,huge_page_size,2097152.0,dbms,08-2026,couchbase-802-vanilla-ce-large-large-aws,1,ip-172-31-26-207,ranking,benchANT
2026-08-12 11:22:40+00:00,mem,huge_page_size,2097152.0,dbms,08-2026,couchbase-802-vanilla-ce-large-large-aws,1,ip-172-31-26-207,ranking,benchANT
2026-08-12 11:22:50+00:00,mem,huge_page_size,2097152.0,dbms,08-2026,couchbase-802-vanilla-ce-large-large-aws,1,ip-172-31-26-207,ranking,benchANT
2026-08-12 11:23:00+00:00,mem,huge_page_size,2097152.0,dbms,08-2026,couchbase-802-vanilla-ce-large-large-aws,1,ip-172-31-26-207,ranking,benchANT
2026-08-12 11:23:10+00:00,mem,huge_page_size,2097152.0,dbms,08-2026,couchbase-802-vanilla-ce-large-large-aws,1,ip-172-31-26-207,ranking,benchANT
2026-08-12 11:23:20+00:00,mem,huge_page_size,2097152.0,dbms,08-2026,couchbase-802-vanilla-ce-large-large-aws,1,ip-172-31-26-207,ranking,benchANT
2026-08-12 11:23:30+00:00,mem,huge_page_size,2097152.0,dbms,08-2026,couchbase-802-vanilla-ce-large-large-aws,1,ip-172-31-26-207,ranking,benchANT
2026-08-12 11:23:40+00:00,mem,huge_page_size,2097152.0,dbms,08-2026,couchbase-802-vanilla-ce-large-large-aws,1,ip-172-31-26-207,ranking,benchANT
2026-08-12 11:23:50+00:00,mem,huge_page_size,2097152.0,dbms,08-2026,couchbase-802-vanilla-ce-large-large-aws,1,ip-172-31-26-207,ranking,benchANT
2026-08-12 11:24:00+00:00,mem,huge_page_size,2097152.0,dbms,08-2026,couchbase-802-vanilla-ce-large-large-aws,1,ip-172-31-26-207,ranking,benchANT
2026-08-12 11:24:10+00:00,mem,huge_page_size,2097152.0,dbms,08-2026,couchbase-802-vanilla-ce-large-large-aws,1,ip-172-31-26-207,ranking,benchANT
2026-08-12 11:24:20+00:00,mem,huge_page_size,2097152.0,dbms,08-2026,couchbase-802-vanilla-ce-large-large-aws,1,ip-172-31-26-207,ranking,benchANT
2026-08-12 11:24:30+00:00,mem,huge_page_size,2097152.0,dbms,08-2026,couchbase-802-vanilla-ce-large-large-aws,1,ip-172-31-26-207,ranking,benchANT
2026-08-12 11:24:40+00:00,mem,huge_page_size,2097152.0,dbms,08-2026,couchbase-802-vanilla-ce-large-large-aws,1,ip-172-31-26-207,ranking,benchANT
2026-08-12 11:24:50+00:00,mem,huge_page_size,2097152.0,dbms,08-2026,couchbase-802-vanilla-ce-large-large-aws,1,ip-172-31-26-207,ranking,benchANT
2026-08-12 11:25:00+00:00,mem,huge_page_size,2097152.0,dbms,08-2026,couchbase-802-vanilla-ce-large-large-aws,1,ip-172-31-26-207,ranking,benchANT
2026-08-12 11:25:10+00:00,mem,huge_page_size,2097152.0,dbms,08-2026,couchbase-802-vanilla-ce-large-large-aws,1,ip-172-31-26-207,ranking,benchANT
2026-08-12 11:25:20+00:00,mem,huge_page_size,2097152.0,dbms,08-2026,couchbase-802-vanilla-ce-large-large-aws,1,ip-172-31-26-207,ranking,benchANT
2026-08-12 11:25:30+00:00,mem,huge_page_size,2097152.0,dbms,08-2026,couchbase-802-vanilla-ce-large-large-aws,1,ip-172-31-26-207,ranking,benchANT
2026-08-12 11:25:40+00:00,mem,huge_page_size,2097152.0,dbms,08-2026,couchbase-802-vanilla-ce-large-large-aws,1,ip-172-31-26-207,ranking,benchANT
2026-08-12 11:25:50+00:00,mem,huge_page_size,2097152.0,dbms,08-2026,couchbase-802-vanilla-ce-large-large-aws,1,ip-172-31-26-207,ranking,benchANT
2026-08-12 11:26:00+00:00,mem,huge_page_size,2097152.0,dbms,08-2026,couchbase-802-vanilla-ce-large-large-aws,1,ip-172-31-26-207,ranking,benchANT
2026-08-12 11:26:10+00:00,mem,huge_page_size,2097152.0,dbms,08-2026,couchbase-802-vanilla-ce-large-large-aws,1,ip-172-31-26-207,ranking,benchANT
2026-08-12 11:26:20+00:00,mem,huge_page_size,2097152.0,dbms,08-2026,couchbase-802-vanilla-ce-large-large-aws,1,ip-172-31-26-207,ranking,benchANT
2026-08-12 11:26:30+00:00,mem,huge_page_size,2097152.0,dbms,08-2026,couchbase-802-vanilla-ce-large-large-aws,1,ip-172-31-26-207,ranking,benchANT
2026-08-12 11:26:40+00:00,mem,huge_page_size,2097152.0,dbms,08-2026,couchbase-802-vanilla-ce-large-large-aws,1,ip-172-31-26-207,ranking,benchANT
2026-08-12 11:26:50+00:00,mem,huge_page_size,2097152.0,dbms,08-2026,couchbase-802-vanilla-ce-large-large-aws,1,ip-172-31-26-207,ranking,benchANT
2026-08-12 11:27:00+00:00,mem,huge_page_size,2097152.0,dbms,08-2026,couchbase-802-vanilla-ce-large-large-aws,1,ip-172-31-26-207,ranking,benchANT
2026-08-12 11:27:10+00:00,mem,huge_page_size,2097152.0,dbms,08-2026,couchbase-802-vanilla-ce-large-large-aws,1,ip-172-31-26-207,ranking,benchANT
2026-08-12 11:27:20+00:00,mem,huge_page_size,2097152.0,dbms,08-2026,couchbase-802-vanilla-ce-large-large-aws,1,ip-172-31-26-207,ranking,benchANT
2026-08-12 11:27:30+00:00,mem,huge_page_size,2097152.0,dbms,08-2026,couchbase-802-vanilla-ce-large-large-aws,1,ip-172-31-26-207,ranking,benchANT
2026-08-12 11:27:40+00:00,mem,huge_page_size,2097152.0,dbms,08-2026,couchbase-802-vanilla-ce-large-large-aws,1,ip-172-31-26-207,ranking,benchANT
2026-08-12 11:27:50+00:00,mem,huge_page_size,2097152.0,dbms,08-2026,couchbase-802-vanilla-ce-large-large-aws,1,ip-172-31-26-207,ranking,benchANT
2026-08-12 11:28:00+00:00,mem,huge_page_size,2097152.0,dbms,08-2026,couchbase-802-vanilla-ce-large-large-aws,1,ip-172-31-26-207,ranking,benchANT
2026-08-12 11:28:10+00:00,mem,huge_page_size,2097152.0,dbms,08-2026,couchbase-802-vanilla-ce-large-large-aws,1,ip-172-31-26-207,ranking,benchANT
2026-08-12 11:28:20+00:00,mem,huge_page_size,2097152.0,dbms,08-2026,couchbase-802-vanilla-ce-large-large-aws,1,ip-172-31-26-207,ranking,benchANT
2026-08-12 11:28:30+00:00,mem,huge_page_size,2097152.0,dbms,08-2026,couchbase-802-vanilla-ce-large-large-aws,1,ip-172-31-26-207,ranking,benchANT
2026-08-12 11:28:40+00:00,mem,huge_page_size,2097152.0,dbms,08-2026,couchbase-802-vanilla-ce-large-large-aws,1,ip-172-31-26-207,ranking,benchANT
2026-08-12 11:28:50+00:00,mem,huge_page_size,2097152.0,dbms,08-2026,couchbase-802-vanilla-ce-large-large-aws,1,ip-172-31-26-207,ranking,benchANT
2026-08-12 11:29:00+00:00,mem,huge_page_size,2097152.0,dbms,08-2026,couchbase-802-vanilla-ce-large-large-aws,1,ip-172-31-26-207,ranking,benchANT
2026-08-12 11:29:10+00:00,mem,huge_page_size,2097152.0,dbms,08-2026,couchbase-802-vanilla-ce-large-large-aws,1,ip-172-31-26-207,ranking,benchANT
2026-08-12 11:29:20+00:00,mem,huge_page_size,2097152.0,dbms,08-2026,couchbase-802-vanilla-ce-large-large-aws,1,ip-172-31-26-207,ranking,benchANT
2026-08-12 11:29:30+00:00,mem,huge_page_size,2097152.0,dbms,08-2026,couchbase-802-vanilla-ce-large-large-aws,1,ip-172-31-26-207,ranking,benchANT
2026-08-12 11:29:40+00:00,mem,huge_page_size,2097152.0,dbms,08-2026,couchbase-802-vanilla-ce-large-large-aws,1,ip-172-31-26-207,ranking,benchANT
2026-08-12 11:29:50+00:00,mem,huge_page_size,2097152.0,dbms,08-2026,couchbase-802-vanilla-ce-large-large-aws,1,ip-172-31-26-207,ranking,benchANT
2026-08-12 11:20:00+00:00,mem,huge_pages_free,0.0,dbms,08-2026,couchbase-802-vanilla-ce-large-large-aws,1,ip-172-31-26-207,ranking,benchANT
2026-08-12 11:20:10+00:00,mem,huge_pages_free,0.0,dbms,08-2026,couchbase-802-vanilla-ce-large-large-aws,1,ip-172-31-26-207,ranking,benchANT
2026-08-12 11:20:20+00:00,mem,huge_pages_free,0.0,dbms,08-2026,couchbase-802-vanilla-ce-large-large-aws,1,ip-172-31-26-207,ranking,benchANT
2026-08-12 11:20:30+00:00,mem,huge_pages_free,0.0,dbms,08-2026,couchbase-802-vanilla-ce-large-large-aws,1,ip-172-31-26-207,ranking,benchANT
2026-08-12 11:20:40+00:00,mem,huge_pages_free,0.0,dbms,08-2026,couchbase-802-vanilla-ce-large-large-aws,1,ip-172-31-26-207,ranking,benchANT
2026-08-12 11:20:50+00:00,mem,huge_pages_free,0.0,dbms,08-2026,couchbase-802-vanilla-ce-large-large-aws,1,ip-172-31-26-207,ranking,benchANT
2026-08-12 11:21:00+00:00,mem,huge_pages_free,0.0,dbms,08-2026,couchbase-802-vanilla-ce-large-large-aws,1,ip-172-31-26-207,ranking,benchANT
2026-08-12 11:21:10+00:00,mem,huge_pages_free,0.0,dbms,08-2026,couchbase-802-vanilla-ce-large-large-aws,1,ip-172-31-26-207,ranking,benchANT
2026-08-12 11:21:20+00:00,mem,huge_pages_free,0.0,dbms,08-2026,couchbase-802-vanilla-ce-large-large-aws,1,ip-172-31-26-207,ranking,benchANT
2026-08-12 11:21:30+00:00,mem,huge_pages_free,0.0,dbms,08-2026,couchbase-802-vanilla-ce-large-large-aws,1,ip-172-31-26-207,ranking,benchANT
2026-08-12 11:21:40+00:00,mem,huge_pages_free,0.0,dbms,08-2026,couchbase-802-vanilla-ce-large-large-aws,1,ip-172-31-26-207,ranking,benchANT
2026-08-12 11:21:50+00:00,mem,huge_pages_free,0.0,dbms,08-2026,couchbase-802-vanilla-ce-large-large-aws,1,ip-172-31-26-207,ranking,benchANT
2026-08-12 11:22:00+00:00,mem,huge_pages_free,0.0,dbms,08-2026,couchbase-802-vanilla-ce-large-large-aws,1,ip-172-31-26-207,ranking,benchANT
2026-08-12 11:22:10+00:00,mem,huge_pages_free,0.0,dbms,08-2026,couchbase-802-vanilla-ce-large-large-aws,1,ip-172-31-26-207,ranking,benchANT
2026-08-12 11:22:20+00:00,mem,huge_pages_free,0.0,dbms,08-2026,couchbase-802-vanilla-ce-large-large-aws,1,ip-172-31-26-207,ranking,benchANT
2026-08-12 11:22:30+00:00,mem,huge_pages_free,0.0,dbms,08-2026,couchbase-802-vanilla-ce-large-large-aws,1,ip-172-31-26-207,ranking,benchANT
2026-08-12 11:22:40+00:00,mem,huge_pages_free,0.0,dbms,08-2026,couchbase-802-vanilla-ce-large-large-aws,1,ip-172-31-26-207,ranking,benchANT
2026-08-12 11:22:50+00:00,mem,huge_pages_free,0.0,dbms,08-2026,couchbase-802-vanilla-ce-large-large-aws,1,ip-172-31-26-207,ranking,benchANT
2026-08-12 11:23:00+00:00,mem,huge_pages_free,0.0,dbms,08-2026,couchbase-802-vanilla-ce-large-large-aws,1,ip-172-31-26-207,ranking,benchANT
2026-08-12 11:23:10+00:00,mem,huge_pages_free,0.0,dbms,08-2026,couchbase-802-vanilla-ce-large-large-aws,1,ip-172-31-26-207,ranking,benchANT
2026-08-12 11:23:20+00:00,mem,huge_pages_free,0.0,dbms,08-2026,couchbase-802-vanilla-ce-large-large-aws,1,ip-172-31-26-207,ranking,benchANT
2026-08-12 11:23:30+00:00,mem,huge_pages_free,0.0,dbms,08-2026,couchbase-802-vanilla-ce-large-large-aws,1,ip-172-31-26-207,ranking,benchANT
2026-08-12 11:23:40+00:00,mem,huge_pages_free,0.0,dbms,08-2026,couchbase-802-vanilla-ce-large-large-aws,1,ip-172-31-26-207,ranking,benchANT
2026-08-12 11:23:50+00:00,mem,huge_pages_free,0.0,dbms,08-2026,couchbase-802-vanilla-ce-large-large-aws,1,ip-172-31-26-207,ranking,benchANT
2026-08-12 11:24:00+00:00,mem,huge_pages_free,0.0,dbms,08-2026,couchbase-802-vanilla-ce-large-large-aws,1,ip-172-31-26-207,ranking,benchANT
2026-08-12 11:24:10+00:00,mem,huge_pages_free,0.0,dbms,08-2026,couchbase-802-vanilla-ce-large-large-aws,1,ip-172-31-26-207,ranking,benchANT
2026-08-12 11:24:20+00:00,mem,huge_pages_free,0.0,dbms,08-2026,couchbase-802-vanilla-ce-large-large-aws,1,ip-172-31-26-207,ranking,benchANT
2026-08-12 11:24:30+00:00,mem,huge_pages_free,0.0,dbms,08-2026,couchbase-802-vanilla-ce-large-large-aws,1,ip-172-31-26-207,ranking,benchANT
2026-08-12 11:24:40+00:00,mem,huge_pages_free,0.0,dbms,08-2026,couchbase-802-vanilla-ce-large-large-aws,1,ip-172-31-26-207,ranking,benchANT
2026-08-12 11:24:50+00:00,mem,huge_pages_free,0.0,dbms,08-2026,couchbase-802-vanilla-ce-large-large-aws,1,ip-172-31-26-207,ranking,benchANT
2026-08-12 11:25:00+00:00,mem,huge_pages_free,0.0,dbms,08-2026,couchbase-802-vanilla-ce-large-large-aws,1,ip-172-31-26-207,ranking,benchANT
2026-08-12 11:25:10+00:00,mem,huge_pages_free,0.0,dbms,08-2026,couchbase-802-vanilla-ce-large-large-aws,1,ip-172-31-26-207,ranking,benchANT
2026-08-12 11:25:20+00:00,mem,huge_pages_free,0.0,dbms,08-2026,couchbase-802-vanilla-ce-large-large-aws,1,ip-172-31-26-207,ranking,benchANT
2026-08-12 11:25:30+00:00,mem,huge_pages_free,0.0,dbms,08-2026,couchbase-802-vanilla-ce-large-large-aws,1,ip-172-31-26-207,ranking,benchANT
2026-08-12 11:25:40+00:00,mem,huge_pages_free,0.0,dbms,08-2026,couchbase-802-vanilla-ce-large-large-aws,1,ip-172-31-26-207,ranking,benchANT
2026-08-12 11:25:50+00:00,mem,huge_pages_free,0.0,dbms,08-2026,couchbase-802-vanilla-ce-large-large-aws,1,ip-172-31-26-207,ranking,benchANT
2026-08-12 11:26:00+00:00,mem,huge_pages_free,0.0,dbms,08-2026,couchbase-802-vanilla-ce-large-large-aws,1,ip-172-31-26-207,ranking,benchANT
2026-08-12 11:26:10+00:00,mem,huge_pages_free,0.0,dbms,08-2026,couchbase-802-vanilla-ce-large-large-aws,1,ip-172-31-26-207,ranking,benchANT
2026-08-12 11:26:20+00:00,mem,huge_pages_free,0.0,dbms,08-2026,couchbase-802-vanilla-ce-large-large-aws,1,ip-172-31-26-207,ranking,benchANT
2026-08-12 11:26:30+00:00,mem,huge_pages_free,0.0,dbms,08-2026,couchbase-802-vanilla-ce-large-large-aws,1,ip-172-31-26-207,ranking,benchANT
2026-08-12 11:26:40+00:00,mem,huge_pages_free,0.0,dbms,08-2026,couchbase-802-vanilla-ce-large-large-aws,1,ip-172-31-26-207,ranking,benchANT
2026-08-12 11:26:50+00:00,mem,huge_pages_free,0.0,dbms,08-2026,couchbase-802-vanilla-ce-large-large-aws,1,ip-172-31-26-207,ranking,benchANT
2026-08-12 11:27:00+00:00,mem,huge_pages_free,0.0,dbms,08-2026,couchbase-802-vanilla-ce-large-large-aws,1,ip-172-31-26-207,ranking,benchANT
2026-08-12 11:27:10+00:00,mem,huge_pages_free,0.0,dbms,08-2026,couchbase-802-vanilla-ce-large-large-aws,1,ip-172-31-26-207,ranking,benchANT
2026-08-12 11:27:20+00:00,mem,huge_pages_free,0.0,dbms,08-2026,couchbase-802-vanilla-ce-large-large-aws,1,ip-172-31-26-207,ranking,benchANT
2026-08-12 11:27:30+00:00,mem,huge_pages_free,0.0,dbms,08-2026,couchbase-802-vanilla-ce-large-large-aws,1,ip-172-31-26-207,ranking,benchANT
2026-08-12 11:27:40+00:00,mem,huge_pages_free,0.0,dbms,08-2026,couchbase-802-vanilla-ce-large-large-aws,1,ip-172-31-26-207,ranking,benchANT
2026-08-12 11:27:50+00:00,mem,huge_pages_free,0.0,dbms,08-2026,couchbase-802-vanilla-ce-large-large-aws,1,ip-172-31-26-207,ranking,benchANT
2026-08-12 11:28:00+00:00,mem,huge_pages_free,0.0,dbms,08-2026,couchbase-802-vanilla-ce-large-large-aws,1,ip-172-31-26-207,ranking,benchANT
2026-08-12 11:28:10+00:00,mem,huge_pages_free,0.0,dbms,08-2026,couchbase-802-vanilla-ce-large-large-aws,1,ip-172-31-26-207,ranking,benchANT
2026-08-12 11:28:20+00:00,mem,huge_pages_free,0.0,dbms,08-2026,couchbase-802-vanilla-ce-large-large-aws,1,ip-172-31-26-207,ranking,benchANT
2026-08-12 11:28:30+00:00,mem,huge_pages_free,0.0,dbms,08-2026,couchbase-802-vanilla-ce-large-large-aws,1,ip-172-31-26-207,ranking,benchANT
2026-08-12 11:28:40+00:00,mem,huge_pages_free,0.0,dbms,08-2026,couchbase-802-vanilla-ce-large-large-aws,1,ip-172-31-26-207,ranking,benchANT
2026-08-12 11:28:50+00:00,mem,huge_pages_free,0.0,dbms,08-2026,couchbase-802-vanilla-ce-large-large-aws,1,ip-172-31-26-207,ranking,benchANT
2026-08-12 11:29:00+00:00,mem,huge_pages_free,0.0,dbms,08-2026,couchbase-802-vanilla-ce-large-large-aws,1,ip-172-31-26-207,ranking,benchANT
2026-08-12 11:29:10+00:00,mem,huge_pages_free,0.0,dbms,08-2026,couchbase-802-vanilla-ce-large-large-aws,1,ip-172-31-26-207,ranking,benchANT
2026-08-12 11:29:20+00:00,mem,huge_pages_free,0.0,dbms,08-2026,couchbase-802-vanilla-ce-large-large-aws,1,ip-172-31-26-207,ranking,benchANT
2026-08-12 11:29:30+00:00,mem,huge_pages_free,0.0,dbms,08-2026,couchbase-802-vanilla-ce-large-large-aws,1,ip-172-31-26-207,ranking,benchANT
2026-08-12 11:29:40+00:00,mem,huge_pages_free,0.0,dbms,08-2026,couchbase-802-vanilla-ce-large-large-aws,1,ip-172-31-26-207,ranking,benchANT
2026-08-12 11:29:50+00:00,mem,huge_pages_free,0.0,dbms,08-2026,couchbase-802-vanilla-ce-large-large-aws,1,ip-172-31-26-207,ranking,benchANT
2026-08-12 11:20:00+00:00,mem,huge_pages_total,0.0,dbms,08-2026,couchbase-802-vanilla-ce-large-large-aws,1,ip-172-31-26-207,ranking,benchANT
2026-08-12 11:20:10+00:00,mem,huge_pages_total,0.0,dbms,08-2026,couchbase-802-vanilla-ce-large-large-aws,1,ip-172-31-26-207,ranking,benchANT
2026-08-12 11:20:20+00:00,mem,huge_pages_total,0.0,dbms,08-2026,couchbase-802-vanilla-ce-large-large-aws,1,ip-172-31-26-207,ranking,benchANT
2026-08-12 11:20:30+00:00,mem,huge_pages_total,0.0,dbms,08-2026,couchbase-802-vanilla-ce-large-large-aws,1,ip-172-31-26-207,ranking,benchANT
2026-08-12 11:20:40+00:00,mem,huge_pages_total,0.0,dbms,08-2026,couchbase-802-vanilla-ce-large-large-aws,1,ip-172-31-26-207,ranking,benchANT
2026-08-12 11:20:50+00:00,mem,huge_pages_total,0.0,dbms,08-2026,couchbase-802-vanilla-ce-large-large-aws,1,ip-172-31-26-207,ranking,benchANT
2026-08-12 11:21:00+00:00,mem,huge_pages_total,0.0,dbms,08-2026,couchbase-802-vanilla-ce-large-large-aws,1,ip-172-31-26-207,ranking,benchANT
2026-08-12 11:21:10+00:00,mem,huge_pages_total,0.0,dbms,08-2026,couchbase-802-vanilla-ce-large-large-aws,1,ip-172-31-26-207,ranking,benchANT
2026-08-12 11:21:20+00:00,mem,huge_pages_total,0.0,dbms,08-2026,couchbase-802-vanilla-ce-large-large-aws,1,ip-172-31-26-207,ranking,benchANT
2026-08-12 11:21:30+00:00,mem,huge_pages_total,0.0,dbms,08-2026,couchbase-802-vanilla-ce-large-large-aws,1,ip-172-31-26-207,ranking,benchANT
2026-08-12 11:21:40+00:00,mem,huge_pages_total,0.0,dbms,08-2026,couchbase-802-vanilla-ce-large-large-aws,1,ip-172-31-26-207,ranking,benchANT
2026-08-12 11:21:50+00:00,mem,huge_pages_total,0.0,dbms,08-2026,couchbase-802-vanilla-ce-large-large-aws,1,ip-172-31-26-207,ranking,benchANT
2026-08-12 11:22:00+00:00,mem,huge_pages_total,0.0,dbms,08-2026,couchbase-802-vanilla-ce-large-large-aws,1,ip-172-31-26-207,ranking,benchANT
2026-08-12 11:22:10+00:00,mem,huge_pages_total,0.0,dbms,08-2026,couchbase-802-vanilla-ce-large-large-aws,1,ip-172-31-26-207,ranking,benchANT
2026-08-12 11:22:20+00:00,mem,huge_pages_total,0.0,dbms,08-2026,couchbase-802-vanilla-ce-large-large-aws,1,ip-172-31-26-207,ranking,benchANT
2026-08-12 11:22:30+00:00,mem,huge_pages_total,0.0,dbms,08-2026,couchbase-802-vanilla-ce-large-large-aws,1,ip-172-31-26-207,ranking,benchANT
2026-08-12 11:22:40+00:00,mem,huge_pages_total,0.0,dbms,08-2026,couchbase-802-vanilla-ce-large-large-aws,1,ip-172-31-26-207,ranking,benchANT
2026-08-12 11:22:50+00:00,mem,huge_pages_total,0.0,dbms,08-2026,couchbase-802-vanilla-ce-large-large-aws,1,ip-172-31-26-207,ranking,benchANT
2026-08-12 11:23:00+00:00,mem,huge_pages_total,0.0,dbms,08-2026,couchbase-802-vanilla-ce-large-large-aws,1,ip-172-31-26-207,ranking,benchANT
2026-08-12 11:23:10+00:00,mem,huge_pages_total,0.0,dbms,08-2026,couchbase-802-vanilla-ce-large-large-aws,1,ip-172-31-26-207,ranking,benchANT
2026-08-12 11:23:20+00:00,mem,huge_pages_total,0.0,dbms,08-2026,couchbase-802-vanilla-ce-large-large-aws,1,ip-172-31-26-207,ranking,benchANT
2026-08-12 11:23:30+00:00,mem,huge_pages_total,0.0,dbms,08-2026,couchbase-802-vanilla-ce-large-large-aws,1,ip-172-31-26-207,ranking,benchANT
2026-08-12 11:23:40+00:00,mem,huge_pages_total,0.0,dbms,08-2026,couchbase-802-vanilla-ce-large-large-aws,1,ip-172-31-26-207,ranking,benchANT
2026-08-12 11:23:50+00:00,mem,huge_pages_total,0.0,dbms,08-2026,couchbase-802-vanilla-ce-large-large-aws,1,ip-172-31-26-207,ranking,benchANT
2026-08-12 11:24:00+00:00,mem,huge_pages_total,0.0,dbms,08-2026,couchbase-802-vanilla-ce-large-large-aws,1,ip-172-31-26-207,ranking,benchANT
2026-08-12 11:24:10+00:00,mem,huge_pages_total,0.0,dbms,08-2026,couchbase-802-vanilla-ce-large-large-aws,1,ip-172-31-26-207,ranking,benchANT
2026-08-12 11:24:20+00:00,mem,huge_pages_total,0.0,dbms,08-2026,couchbase-802-vanilla-ce-large-large-aws,1,ip-172-31-26-207,ranking,benchANT
2026-08-12 11:24:30+00:00,mem,huge_pages_total,0.0,dbms,08-2026,couchbase-802-vanilla-ce-large-large-aws,1,ip-172-31-26-207,ranking,benchANT
2026-08-12 11:24:40+00:00,mem,huge_pages_total,0.0,dbms,08-2026,couchbase-802-vanilla-ce-large-large-aws,1,ip-172-31-26-207,ranking,benchANT
2026-08-12 11:24:50+00:00,mem,huge_pages_total,0.0,dbms,08-2026,couchbase-802-vanilla-ce-large-large-aws,1,ip-172-31-26-207,ranking,benchANT
2026-08-12 11:25:00+00:00,mem,huge_pages_total,0.0,dbms,08-2026,couchbase-802-vanilla-ce-large-large-aws,1,ip-172-31-26-207,ranking,benchANT
2026-08-12 11:25:10+00:00,mem,huge_pages_total,0.0,dbms,08-2026,couchbase-802-vanilla-ce-large-large-aws,1,ip-172-31-26-207,ranking,benchANT
2026-08-12 11:25:20+00:00,mem,huge_pages_total,0.0,dbms,08-2026,couchbase-802-vanilla-ce-large-large-aws,1,ip-172-31-26-207,ranking,benchANT
2026-08-12 11:25:30+00:00,mem,huge_pages_total,0.0,dbms,08-2026,couchbase-802-vanilla-ce-large-large-aws,1,ip-172-31-26-207,ranking,benchANT
2026-08-12 11:25:40+00:00,mem,huge_pages_total,0.0,dbms,08-2026,couchbase-802-vanilla-ce-large-large-aws,1,ip-172-31-26-207,ranking,benchANT
2026-08-12 11:25:50+00:00,mem,huge_pages_total,0.0,dbms,08-2026,couchbase-802-vanilla-ce-large-large-aws,1,ip-172-31-26-207,ranking,benchANT
2026-08-12 11:26:00+00:00,mem,huge_pages_total,0.0,dbms,08-2026,couchbase-802-vanilla-ce-large-large-aws,1,ip-172-31-26-207,ranking,benchANT
2026-08-12 11:26:10+00:00,mem,huge_pages_total,0.0,dbms,08-2026,couchbase-802-vanilla-ce-large-large-aws,1,ip-172-31-26-207,ranking,benchANT
2026-08-12 11:26:20+00:00,mem,huge_pages_total,0.0,dbms,08-2026,couchbase-802-vanilla-ce-large-large-aws,1,ip-172-31-26-207,ranking,benchANT
2026-08-12 11:26:30+00:00,mem,huge_pages_total,0.0,dbms,08-2026,couchbase-802-vanilla-ce-large-large-aws,1,ip-172-31-26-207,ranking,benchANT
2026-08-12 11:26:40+00:00,mem,huge_pages_total,0.0,dbms,08-2026,couchbase-802-vanilla-ce-large-large-aws,1,ip-172-31-26-207,ranking,benchANT
2026-08-12 11:26:50+00:00,mem,huge_pages_total,0.0,dbms,08-2026,couchbase-802-vanilla-ce-large-large-aws,1,ip-172-31-26-207,ranking,benchANT
2026-08-12 11:27:00+00:00,mem,huge_pages_total,0.0,dbms,08-2026,couchbase-802-vanilla-ce-large-large-aws,1,ip-172-31-26-207,ranking,benchANT
2026-08-12 11:27:10+00:00,mem,huge_pages_total,0.0,dbms,08-2026,couchbase-802-vanilla-ce-large-large-aws,1,ip-172-31-26-207,ranking,benchANT
2026-08-12 11:27:20+00:00,mem,huge_pages_total,0.0,dbms,08-2026,couchbase-802-vanilla-ce-large-large-aws,1,ip-172-31-26-207,ranking,benchANT
2026-08-12 11:27:30+00:00,mem,huge_pages_total,0.0,dbms,08-2026,couchbase-802-vanilla-ce-large-large-aws,1,ip-172-31-26-207,ranking,benchANT
2026-08-12 11:27:40+00:00,mem,huge_pages_total,0.0,dbms,08-2026,couchbase-802-vanilla-ce-large-large-aws,1,ip-172-31-26-207,ranking,benchANT
2026-08-12 11:27:50+00:00,mem,huge_pages_total,0.0,dbms,08-2026,couchbase-802-vanilla-ce-large-large-aws,1,ip-172-31-26-207,ranking,benchANT
2026-08-12 11:28:00+00:00,mem,huge_pages_total,0.0,dbms,08-2026,couchbase-802-vanilla-ce-large-large-aws,1,ip-172-31-26-207,ranking,benchANT
2026-08-12 11:28:10+00:00,mem,huge_pages_total,0.0,dbms,08-2026,couchbase-802-vanilla-ce-large-large-aws,1,ip-172-31-26-207,ranking,benchANT
2026-08-12 11:28:20+00:00,mem,huge_pages_total,0.0,dbms,08-2026,couchbase-802-vanilla-ce-large-large-aws,1,ip-172-31-26-207,ranking,benchANT
2026-08-12 11:28:30+00:00,mem,huge_pages_total,0.0,dbms,08-2026,couchbase-802-vanilla-ce-large-large-aws,1,ip-172-31-26-207,ranking,benchANT
2026-08-12 11:28:40+00:00,mem,huge_pages_total,0.0,dbms,08-2026,couchbase-802-vanilla-ce-large-large-aws,1,ip-172-31-26-207,ranking,benchANT
2026-08-12 11:28:50+00:00,mem,huge_pages_total,0.0,dbms,08-2026,couchbase-802-vanilla-ce-large-large-aws,1,ip-172-31-26-207,ranking,benchANT
2026-08-12 11:29:00+00:00,mem,huge_pages_total,0.0,dbms,08-2026,couchbase-802-vanilla-ce-large-large-aws,1,ip-172-31-26-207,ranking,benchANT
2026-08-12 11:29:10+00:00,mem,huge_pages_total,0.0,dbms,08-2026,couchbase-802-vanilla-ce-large-large-aws,1,ip-172-31-26-207,ranking,benchANT
2026-08-12 11:29:20+00:00,mem,huge_pages_total,0.0,dbms,08-2026,couchbase-802-vanilla-ce-large-large-aws,1,ip-172-31-26-207,ranking,benchANT
2026-08-12 11:29:30+00:00,mem,huge_pages_total,0.0,dbms,08-2026,couchbase-802-vanilla-ce-large-large-aws,1,ip-172-31-26-207,ranking,benchANT
2026-08-12 11:29:40+00:00,mem,huge_pages_total,0.0,dbms,08-2026,couchbase-802-vanilla-ce-large-large-aws,1,ip-172-31-26-207,ranking,benchANT
2026-08-12 11:29:50+00:00,mem,huge_pages_total,0.0,dbms,08-2026,couchbase-802-vanilla-ce-large-large-aws,1,ip-172-31-26-207,ranking,benchANT
2026-08-12 11:20:00+00:00,mem,inactive,5884252160.0,dbms,08-2026,couchbase-802-vanilla-ce-large-large-aws,1,ip-172-31-26-207,ranking,benchANT
2026-08-12 11:20:10+00:00,mem,inactive,5884952576.0,dbms,08-2026,couchbase-802-vanilla-ce-large-large-aws,1,ip-172-31-26-207,ranking,benchANT
2026-08-12 11:20:20+00:00,mem,inactive,5884973056.0,dbms,08-2026,couchbase-802-vanilla-ce-large-large-aws,1,ip-172-31-26-207,ranking,benchANT
2026-08-12 11:20:30+00:00,mem,inactive,5885124608.0,dbms,08-2026,couchbase-802-vanilla-ce-large-large-aws,1,ip-172-31-26-207,ranking,benchANT
2026-08-12 11:20:40+00:00,mem,inactive,5887086592.0,dbms,08-2026,couchbase-802-vanilla-ce-large-large-aws,1,ip-172-31-26-207,ranking,benchANT
2026-08-12 11:20:50+00:00,mem,inactive,5891342336.0,dbms,08-2026,couchbase-802-vanilla-ce-large-large-aws,1,ip-172-31-26-207,ranking,benchANT
2026-08-12 11:21:00+00:00,mem,inactive,5905096704.0,dbms,08-2026,couchbase-802-vanilla-ce-large-large-aws,1,ip-172-31-26-207,ranking,benchANT
2026-08-12 11:21:10+00:00,mem,inactive,5941858304.0,dbms,08-2026,couchbase-802-vanilla-ce-large-large-aws,1,ip-172-31-26-207,ranking,benchANT
2026-08-12 11:21:20+00:00,mem,inactive,6004912128.0,dbms,08-2026,couchbase-802-vanilla-ce-large-large-aws,1,ip-172-31-26-207,ranking,benchANT
2026-08-12 11:21:30+00:00,mem,inactive,6150422528.0,dbms,08-2026,couchbase-802-vanilla-ce-large-large-aws,1,ip-172-31-26-207,ranking,benchANT
2026-08-12 11:21:40+00:00,mem,inactive,6572838912.0,dbms,08-2026,couchbase-802-vanilla-ce-large-large-aws,1,ip-172-31-26-207,ranking,benchANT
2026-08-12 11:21:50+00:00,mem,inactive,6979825664.0,dbms,08-2026,couchbase-802-vanilla-ce-large-large-aws,1,ip-172-31-26-207,ranking,benchANT
2026-08-12 11:22:00+00:00,mem,inactive,7407919104.0,dbms,08-2026,couchbase-802-vanilla-ce-large-large-aws,1,ip-172-31-26-207,ranking,benchANT
2026-08-12 11:22:10+00:00,mem,inactive,7835881472.0,dbms,08-2026,couchbase-802-vanilla-ce-large-large-aws,1,ip-172-31-26-207,ranking,benchANT
2026-08-12 11:22:20+00:00,mem,inactive,8267968512.0,dbms,08-2026,couchbase-802-vanilla-ce-large-large-aws,1,ip-172-31-26-207,ranking,benchANT
2026-08-12 11:22:30+00:00,mem,inactive,8714510336.0,dbms,08-2026,couchbase-802-vanilla-ce-large-large-aws,1,ip-172-31-26-207,ranking,benchANT
2026-08-12 11:22:40+00:00,mem,inactive,9127792640.0,dbms,08-2026,couchbase-802-vanilla-ce-large-large-aws,1,ip-172-31-26-207,ranking,benchANT
2026-08-12 11:22:50+00:00,mem,inactive,9565908992.0,dbms,08-2026,couchbase-802-vanilla-ce-large-large-aws,1,ip-172-31-26-207,ranking,benchANT
2026-08-12 11:23:00+00:00,mem,inactive,9997647872.0,dbms,08-2026,couchbase-802-vanilla-ce-large-large-aws,1,ip-172-31-26-207,ranking,benchANT
2026-08-12 11:23:10+00:00,mem,inactive,10435121152.0,dbms,08-2026,couchbase-802-vanilla-ce-large-large-aws,1,ip-172-31-26-207,ranking,benchANT
2026-08-12 11:23:20+00:00,mem,inactive,10875822080.0,dbms,08-2026,couchbase-802-vanilla-ce-large-large-aws,1,ip-172-31-26-207,ranking,benchANT
2026-08-12 11:23:30+00:00,mem,inactive,11277152256.0,dbms,08-2026,couchbase-802-vanilla-ce-large-large-aws,1,ip-172-31-26-207,ranking,benchANT
2026-08-12 11:23:40+00:00,mem,inactive,11710693376.0,dbms,08-2026,couchbase-802-vanilla-ce-large-large-aws,1,ip-172-31-26-207,ranking,benchANT
2026-08-12 11:23:50+00:00,mem,inactive,12146204672.0,dbms,08-2026,couchbase-802-vanilla-ce-large-large-aws,1,ip-172-31-26-207,ranking,benchANT
2026-08-12 11:24:00+00:00,mem,inactive,12596113408.0,dbms,08-2026,couchbase-802-vanilla-ce-large-large-aws,1,ip-172-31-26-207,ranking,benchANT
2026-08-12 11:24:10+00:00,mem,inactive,13016199168.0,dbms,08-2026,couchbase-802-vanilla-ce-large-large-aws,1,ip-172-31-26-207,ranking,benchANT
2026-08-12 11:24:20+00:00,mem,inactive,13455994880.0,dbms,08-2026,couchbase-802-vanilla-ce-large-large-aws,1,ip-172-31-26-207,ranking,benchANT
2026-08-12 11:24:30+00:00,mem,inactive,13889413120.0,dbms,08-2026,couchbase-802-vanilla-ce-large-large-aws,1,ip-172-31-26-207,ranking,benchANT
2026-08-12 11:24:40+00:00,mem,inactive,14317551616.0,dbms,08-2026,couchbase-802-vanilla-ce-large-large-aws,1,ip-172-31-26-207,ranking,benchANT
2026-08-12 11:24:50+00:00,mem,inactive,14747004928.0,dbms,08-2026,couchbase-802-vanilla-ce-large-large-aws,1,ip-172-31-26-207,ranking,benchANT
2026-08-12 11:25:00+00:00,mem,inactive,15159500800.0,dbms,08-2026,couchbase-802-vanilla-ce-large-large-aws,1,ip-172-31-26-207,ranking,benchANT
2026-08-12 11:25:10+00:00,mem,inactive,15584399360.0,dbms,08-2026,couchbase-802-vanilla-ce-large-large-aws,1,ip-172-31-26-207,ranking,benchANT
2026-08-12 11:25:20+00:00,mem,inactive,15990231040.0,dbms,08-2026,couchbase-802-vanilla-ce-large-large-aws,1,ip-172-31-26-207,ranking,benchANT
2026-08-12 11:25:30+00:00,mem,inactive,16098193408.0,dbms,08-2026,couchbase-802-vanilla-ce-large-large-aws,1,ip-172-31-26-207,ranking,benchANT
2026-08-12 11:25:40+00:00,mem,inactive,16210255872.0,dbms,08-2026,couchbase-802-vanilla-ce-large-large-aws,1,ip-172-31-26-207,ranking,benchANT
2026-08-12 11:25:50+00:00,mem,inactive,16631767040.0,dbms,08-2026,couchbase-802-vanilla-ce-large-large-aws,1,ip-172-31-26-207,ranking,benchANT
2026-08-12 11:26:00+00:00,mem,inactive,17067302912.0,dbms,08-2026,couchbase-802-vanilla-ce-large-large-aws,1,ip-172-31-26-207,ranking,benchANT
2026-08-12 11:26:10+00:00,mem,inactive,17490415616.0,dbms,08-2026,couchbase-802-vanilla-ce-large-large-aws,1,ip-172-31-26-207,ranking,benchANT
2026-08-12 11:26:20+00:00,mem,inactive,17728675840.0,dbms,08-2026,couchbase-802-vanilla-ce-large-large-aws,1,ip-172-31-26-207,ranking,benchANT
2026-08-12 11:26:30+00:00,mem,inactive,17600053248.0,dbms,08-2026,couchbase-802-vanilla-ce-large-large-aws,1,ip-172-31-26-207,ranking,benchANT
2026-08-12 11:26:40+00:00,mem,inactive,17590915072.0,dbms,08-2026,couchbase-802-vanilla-ce-large-large-aws,1,ip-172-31-26-207,ranking,benchANT
2026-08-12 11:26:50+00:00,mem,inactive,17680777216.0,dbms,08-2026,couchbase-802-vanilla-ce-large-large-aws,1,ip-172-31-26-207,ranking,benchANT
2026-08-12 11:27:00+00:00,mem,inactive,17669300224.0,dbms,08-2026,couchbase-802-vanilla-ce-large-large-aws,1,ip-172-31-26-207,ranking,benchANT
2026-08-12 11:27:10+00:00,mem,inactive,17791115264.0,dbms,08-2026,couchbase-802-vanilla-ce-large-large-aws,1,ip-172-31-26-207,ranking,benchANT
2026-08-12 11:27:20+00:00,mem,inactive,17940946944.0,dbms,08-2026,couchbase-802-vanilla-ce-large-large-aws,1,ip-172-31-26-207,ranking,benchANT
2026-08-12 11:27:30+00:00,mem,inactive,18113097728.0,dbms,08-2026,couchbase-802-vanilla-ce-large-large-aws,1,ip-172-31-26-207,ranking,benchANT
2026-08-12 11:27:40+00:00,mem,inactive,18087358464.0,dbms,08-2026,couchbase-802-vanilla-ce-large-large-aws,1,ip-172-31-26-207,ranking,benchANT
2026-08-12 11:27:50+00:00,mem,inactive,18176811008.0,dbms,08-2026,couchbase-802-vanilla-ce-large-large-aws,1,ip-172-31-26-207,ranking,benchANT
2026-08-12 11:28:00+00:00,mem,inactive,18162380800.0,dbms,08-2026,couchbase-802-vanilla-ce-large-large-aws,1,ip-172-31-26-207,ranking,benchANT
2026-08-12 11:28:10+00:00,mem,inactive,18048323584.0,dbms,08-2026,couchbase-802-vanilla-ce-large-large-aws,1,ip-172-31-26-207,ranking,benchANT
2026-08-12 11:28:20+00:00,mem,inactive,18023186432.0,dbms,08-2026,couchbase-802-vanilla-ce-large-large-aws,1,ip-172-31-26-207,ranking,benchANT
2026-08-12 11:28:30+00:00,mem,inactive,18101465088.0,dbms,08-2026,couchbase-802-vanilla-ce-large-large-aws,1,ip-172-31-26-207,ranking,benchANT
2026-08-12 11:28:40+00:00,mem,inactive,18073915392.0,dbms,08-2026,couchbase-802-vanilla-ce-large-large-aws,1,ip-172-31-26-207,ranking,benchANT
2026-08-12 11:28:50+00:00,mem,inactive,18080681984.0,dbms,08-2026,couchbase-802-vanilla-ce-large-large-aws,1,ip-172-31-26-207,ranking,benchANT
2026-08-12 11:29:00+00:00,mem,inactive,18087264256.0,dbms,08-2026,couchbase-802-vanilla-ce-large-large-aws,1,ip-172-31-26-207,ranking,benchANT
2026-08-12 11:29:10+00:00,mem,inactive,18071875584.0,dbms,08-2026,couchbase-802-vanilla-ce-large-large-aws,1,ip-172-31-26-207,ranking,benchANT
2026-08-12 11:29:20+00:00,mem,inactive,18067156992.0,dbms,08-2026,couchbase-802-vanilla-ce-large-large-aws,1,ip-172-31-26-207,ranking,benchANT
2026-08-12 11:29:30+00:00,mem,inactive,17914286080.0,dbms,08-2026,couchbase-802-vanilla-ce-large-large-aws,1,ip-172-31-26-207,ranking,benchANT
2026-08-12 11:29:40+00:00,mem,inactive,17923289088.0,dbms,08-2026,couchbase-802-vanilla-ce-large-large-aws,1,ip-172-31-26-207,ranking,benchANT
2026-08-12 11:29:50+00:00,mem,inactive,17923469312.0,dbms,08-2026,couchbase-802-vanilla-ce-large-large-aws,1,ip-172-31-26-207,ranking,benchANT
2026-08-12 11:20:00+00:00,mem,low_free,0.0,dbms,08-2026,couchbase-802-vanilla-ce-large-large-aws,1,ip-172-31-26-207,ranking,benchANT
2026-08-12 11:20:10+00:00,mem,low_free,0.0,dbms,08-2026,couchbase-802-vanilla-ce-large-large-aws,1,ip-172-31-26-207,ranking,benchANT
2026-08-12 11:20:20+00:00,mem,low_free,0.0,dbms,08-2026,couchbase-802-vanilla-ce-large-large-aws,1,ip-172-31-26-207,ranking,benchANT
2026-08-12 11:20:30+00:00,mem,low_free,0.0,dbms,08-2026,couchbase-802-vanilla-ce-large-large-aws,1,ip-172-31-26-207,ranking,benchANT
2026-08-12 11:20:40+00:00,mem,low_free,0.0,dbms,08-2026,couchbase-802-vanilla-ce-large-large-aws,1,ip-172-31-26-207,ranking,benchANT
2026-08-12 11:20:50+00:00,mem,low_free,0.0,dbms,08-2026,couchbase-802-vanilla-ce-large-large-aws,1,ip-172-31-26-207,ranking,benchANT
2026-08-12 11:21:00+00:00,mem,low_free,0.0,dbms,08-2026,couchbase-802-vanilla-ce-large-large-aws,1,ip-172-31-26-207,ranking,benchANT
2026-08-12 11:21:10+00:00,mem,low_free,0.0,dbms,08-2026,couchbase-802-vanilla-ce-large-large-aws,1,ip-172-31-26-207,ranking,benchANT
2026-08-12 11:21:20+00:00,mem,low_free,0.0,dbms,08-2026,couchbase-802-vanilla-ce-large-large-aws,1,ip-172-31-26-207,ranking,benchANT
2026-08-12 11:21:30+00:00,mem,low_free,0.0,dbms,08-2026,couchbase-802-vanilla-ce-large-large-aws,1,ip-172-31-26-207,ranking,benchANT
2026-08-12 11:21:40+00:00,mem,low_free,0.0,dbms,08-2026,couchbase-802-vanilla-ce-large-large-aws,1,ip-172-31-26-207,ranking,benchANT
2026-08-12 11:21:50+00:00,mem,low_free,0.0,dbms,08-2026,couchbase-802-vanilla-ce-large-large-aws,1,ip-172-31-26-207,ranking,benchANT
2026-08-12 11:22:00+00:00,mem,low_free,0.0,dbms,08-2026,couchbase-802-vanilla-ce-large-large-aws,1,ip-172-31-26-207,ranking,benchANT
2026-08-12 11:22:10+00:00,mem,low_free,0.0,dbms,08-2026,couchbase-802-vanilla-ce-large-large-aws,1,ip-172-31-26-207,ranking,benchANT
2026-08-12 11:22:20+00:00,mem,low_free,0.0,dbms,08-2026,couchbase-802-vanilla-ce-large-large-aws,1,ip-172-31-26-207,ranking,benchANT
2026-08-12 11:22:30+00:00,mem,low_free,0.0,dbms,08-2026,couchbase-802-vanilla-ce-large-large-aws,1,ip-172-31-26-207,ranking,benchANT
2026-08-12 11:22:40+00:00,mem,low_free,0.0,dbms,08-2026,couchbase-802-vanilla-ce-large-large-aws,1,ip-172-31-26-207,ranking,benchANT
2026-08-12 11:22:50+00:00,mem,low_free,0.0,dbms,08-2026,couchbase-802-vanilla-ce-large-large-aws,1,ip-172-31-26-207,ranking,benchANT
2026-08-12 11:23:00+00:00,mem,low_free,0.0,dbms,08-2026,couchbase-802-vanilla-ce-large-large-aws,1,ip-172-31-26-207,ranking,benchANT
2026-08-12 11:23:10+00:00,mem,low_free,0.0,dbms,08-2026,couchbase-802-vanilla-ce-large-large-aws,1,ip-172-31-26-207,ranking,benchANT
2026-08-12 11:23:20+00:00,mem,low_free,0.0,dbms,08-2026,couchbase-802-vanilla-ce-large-large-aws,1,ip-172-31-26-207,ranking,benchANT
2026-08-12 11:23:30+00:00,mem,low_free,0.0,dbms,08-2026,couchbase-802-vanilla-ce-large-large-aws,1,ip-172-31-26-207,ranking,benchANT
2026-08-12 11:23:40+00:00,mem,low_free,0.0,dbms,08-2026,couchbase-802-vanilla-ce-large-large-aws,1,ip-172-31-26-207,ranking,benchANT
2026-08-12 11:23:50+00:00,mem,low_free,0.0,dbms,08-2026,couchbase-802-vanilla-ce-large-large-aws,1,ip-172-31-26-207,ranking,benchANT
2026-08-12 11:24:00+00:00,mem,low_free,0.0,dbms,08-2026,couchbase-802-vanilla-ce-large-large-aws,1,ip-172-31-26-207,ranking,benchANT
2026-08-12 11:24:10+00:00,mem,low_free,0.0,dbms,08-2026,couchbase-802-vanilla-ce-large-large-aws,1,ip-172-31-26-207,ranking,benchANT
2026-08-12 11:24:20+00:00,mem,low_free,0.0,dbms,08-2026,couchbase-802-vanilla-ce-large-large-aws,1,ip-172-31-26-207,ranking,benchANT
2026-08-12 11:24:30+00:00,mem,low_free,0.0,dbms,08-2026,couchbase-802-vanilla-ce-large-large-aws,1,ip-172-31-26-207,ranking,benchANT
2026-08-12 11:24:40+00:00,mem,low_free,0.0,dbms,08-2026,couchbase-802-vanilla-ce-large-large-aws,1,ip-172-31-26-207,ranking,benchANT
2026-08-12 11:24:50+00:00,mem,low_free,0.0,dbms,08-2026,couchbase-802-vanilla-ce-large-large-aws,1,ip-172-31-26-207,ranking,benchANT
2026-08-12 11:25:00+00:00,mem,low_free,0.0,dbms,08-2026,couchbase-802-vanilla-ce-large-large-aws,1,ip-172-31-26-207,ranking,benchANT
2026-08-12 11:25:10+00:00,mem,low_free,0.0,dbms,08-2026,couchbase-802-vanilla-ce-large-large-aws,1,ip-172-31-26-207,ranking,benchANT
2026-08-12 11:25:20+00:00,mem,low_free,0.0,dbms,08-2026,couchbase-802-vanilla-ce-large-large-aws,1,ip-172-31-26-207,ranking,benchANT
2026-08-12 11:25:30+00:00,mem,low_free,0.0,dbms,08-2026,couchbase-802-vanilla-ce-large-large-aws,1,ip-172-31-26-207,ranking,benchANT
2026-08-12 11:25:40+00:00,mem,low_free,0.0,dbms,08-2026,couchbase-802-vanilla-ce-large-large-aws,1,ip-172-31-26-207,ranking,benchANT
2026-08-12 11:25:50+00:00,mem,low_free,0.0,dbms,08-2026,couchbase-802-vanilla-ce-large-large-aws,1,ip-172-31-26-207,ranking,benchANT
2026-08-12 11:26:00+00:00,mem,low_free,0.0,dbms,08-2026,couchbase-802-vanilla-ce-large-large-aws,1,ip-172-31-26-207,ranking,benchANT
2026-08-12 11:26:10+00:00,mem,low_free,0.0,dbms,08-2026,couchbase-802-vanilla-ce-large-large-aws,1,ip-172-31-26-207,ranking,benchANT
2026-08-12 11:26:20+00:00,mem,low_free,0.0,dbms,08-2026,couchbase-802-vanilla-ce-large-large-aws,1,ip-172-31-26-207,ranking,benchANT
2026-08-12 11:26:30+00:00,mem,low_free,0.0,dbms,08-2026,couchbase-802-vanilla-ce-large-large-aws,1,ip-172-31-26-207,ranking,benchANT
2026-08-12 11:26:40+00:00,mem,low_free,0.0,dbms,08-2026,couchbase-802-vanilla-ce-large-large-aws,1,ip-172-31-26-207,ranking,benchANT
2026-08-12 11:26:50+00:00,mem,low_free,0.0,dbms,08-2026,couchbase-802-vanilla-ce-large-large-aws,1,ip-172-31-26-207,ranking,benchANT
2026-08-12 11:27:00+00:00,mem,low_free,0.0,dbms,08-2026,couchbase-802-vanilla-ce-large-large-aws,1,ip-172-31-26-207,ranking,benchANT
2026-08-12 11:27:10+00:00,mem,low_free,0.0,dbms,08-2026,couchbase-802-vanilla-ce-large-large-aws,1,ip-172-31-26-207,ranking,benchANT
2026-08-12 11:27:20+00:00,mem,low_free,0.0,dbms,08-2026,couchbase-802-vanilla-ce-large-large-aws,1,ip-172-31-26-207,ranking,benchANT
2026-08-12 11:27:30+00:00,mem,low_free,0.0,dbms,08-2026,couchbase-802-vanilla-ce-large-large-aws,1,ip-172-31-26-207,ranking,benchANT
2026-08-12 11:27:40+00:00,mem,low_free,0.0,dbms,08-2026,couchbase-802-vanilla-ce-large-large-aws,1,ip-172-31-26-207,ranking,benchANT
2026-08-12 11:27:50+00:00,mem,low_free,0.0,dbms,08-2026,couchbase-802-vanilla-ce-large-large-aws,1,ip-172-31-26-207,ranking,benchANT
2026-08-12 11:28:00+00:00,mem,low_free,0.0,dbms,08-2026,couchbase-802-vanilla-ce-large-large-aws,1,ip-172-31-26-207,ranking,benchANT
2026-08-12 11:28:10+00:00,mem,low_free,0.0,dbms,08-2026,couchbase-802-vanilla-ce-large-large-aws,1,ip-172-31-26-207,ranking,benchANT
2026-08-12 11:28:20+00:00,mem,low_free,0.0,dbms,08-2026,couchbase-802-vanilla-ce-large-large-aws,1,ip-172-31-26-207,ranking,benchANT
2026-08-12 11:28:30+00:00,mem,low_free,0.0,dbms,08-2026,couchbase-802-vanilla-ce-large-large-aws,1,ip-172-31-26-207,ranking,benchANT
2026-08-12 11:28:40+00:00,mem,low_free,0.0,dbms,08-2026,couchbase-802-vanilla-ce-large-large-aws,1,ip-172-31-26-207,ranking,benchANT
2026-08-12 11:28:50+00:00,mem,low_free,0.0,dbms,08-2026,couchbase-802-vanilla-ce-large-large-aws,1,ip-172-31-26-207,ranking,benchANT
2026-08-12 11:29:00+00:00,mem,low_free,0.0,dbms,08-2026,couchbase-802-vanilla-ce-large-large-aws,1,ip-172-31-26-207,ranking,benchANT
2026-08-12 11:29:10+00:00,mem,low_free,0.0,dbms,08-2026,couchbase-802-vanilla-ce-large-large-aws,1,ip-172-31-26-207,ranking,benchANT
2026-08-12 11:29:20+00:00,mem,low_free,0.0,dbms,08-2026,couchbase-802-vanilla-ce-large-large-aws,1,ip-172-31-26-207,ranking,benchANT
2026-08-12 11:29:30+00:00,mem,low_free,0.0,dbms,08-2026,couchbase-802-vanilla-ce-large-large-aws,1,ip-172-31-26-207,ranking,benchANT
2026-08-12 11:29:40+00:00,mem,low_free,0.0,dbms,08-2026,couchbase-802-vanilla-ce-large-large-aws,1,ip-172-31-26-207,ranking,benchANT
2026-08-12 11:29:50+00:00,mem,low_free,0.0,dbms,08-2026,couchbase-802-vanilla-ce-large-large-aws,1,ip-172-31-26-207,ranking,benchANT
2026-08-12 11:20:00+00:00,mem,low_total,0.0,dbms,08-2026,couchbase-802-vanilla-ce-large-large-aws,1,ip-172-31-26-207,ranking,benchANT
2026-08-12 11:20:10+00:00,mem,low_total,0.0,dbms,08-2026,couchbase-802-vanilla-ce-large-large-aws,1,ip-172-31-26-207,ranking,benchANT
2026-08-12 11:20:20+00:00,mem,low_total,0.0,dbms,08-2026,couchbase-802-vanilla-ce-large-large-aws,1,ip-172-31-26-207,ranking,benchANT
2026-08-12 11:20:30+00:00,mem,low_total,0.0,dbms,08-2026,couchbase-802-vanilla-ce-large-large-aws,1,ip-172-31-26-207,ranking,benchANT
2026-08-12 11:20:40+00:00,mem,low_total,0.0,dbms,08-2026,couchbase-802-vanilla-ce-large-large-aws,1,ip-172-31-26-207,ranking,benchANT
2026-08-12 11:20:50+00:00,mem,low_total,0.0,dbms,08-2026,couchbase-802-vanilla-ce-large-large-aws,1,ip-172-31-26-207,ranking,benchANT
2026-08-12 11:21:00+00:00,mem,low_total,0.0,dbms,08-2026,couchbase-802-vanilla-ce-large-large-aws,1,ip-172-31-26-207,ranking,benchANT
2026-08-12 11:21:10+00:00,mem,low_total,0.0,dbms,08-2026,couchbase-802-vanilla-ce-large-large-aws,1,ip-172-31-26-207,ranking,benchANT
2026-08-12 11:21:20+00:00,mem,low_total,0.0,dbms,08-2026,couchbase-802-vanilla-ce-large-large-aws,1,ip-172-31-26-207,ranking,benchANT
2026-08-12 11:21:30+00:00,mem,low_total,0.0,dbms,08-2026,couchbase-802-vanilla-ce-large-large-aws,1,ip-172-31-26-207,ranking,benchANT
2026-08-12 11:21:40+00:00,mem,low_total,0.0,dbms,08-2026,couchbase-802-vanilla-ce-large-large-aws,1,ip-172-31-26-207,ranking,benchANT
2026-08-12 11:21:50+00:00,mem,low_total,0.0,dbms,08-2026,couchbase-802-vanilla-ce-large-large-aws,1,ip-172-31-26-207,ranking,benchANT
2026-08-12 11:22:00+00:00,mem,low_total,0.0,dbms,08-2026,couchbase-802-vanilla-ce-large-large-aws,1,ip-172-31-26-207,ranking,benchANT
2026-08-12 11:22:10+00:00,mem,low_total,0.0,dbms,08-2026,couchbase-802-vanilla-ce-large-large-aws,1,ip-172-31-26-207,ranking,benchANT
2026-08-12 11:22:20+00:00,mem,low_total,0.0,dbms,08-2026,couchbase-802-vanilla-ce-large-large-aws,1,ip-172-31-26-207,ranking,benchANT
2026-08-12 11:22:30+00:00,mem,low_total,0.0,dbms,08-2026,couchbase-802-vanilla-ce-large-large-aws,1,ip-172-31-26-207,ranking,benchANT
2026-08-12 11:22:40+00:00,mem,low_total,0.0,dbms,08-2026,couchbase-802-vanilla-ce-large-large-aws,1,ip-172-31-26-207,ranking,benchANT
2026-08-12 11:22:50+00:00,mem,low_total,0.0,dbms,08-2026,couchbase-802-vanilla-ce-large-large-aws,1,ip-172-31-26-207,ranking,benchANT
2026-08-12 11:23:00+00:00,mem,low_total,0.0,dbms,08-2026,couchbase-802-vanilla-ce-large-large-aws,1,ip-172-31-26-207,ranking,benchANT
2026-08-12 11:23:10+00:00,mem,low_total,0.0,dbms,08-2026,couchbase-802-vanilla-ce-large-large-aws,1,ip-172-31-26-207,ranking,benchANT
2026-08-12 11:23:20+00:00,mem,low_total,0.0,dbms,08-2026,couchbase-802-vanilla-ce-large-large-aws,1,ip-172-31-26-207,ranking,benchANT
2026-08-12 11:23:30+00:00,mem,low_total,0.0,dbms,08-2026,couchbase-802-vanilla-ce-large-large-aws,1,ip-172-31-26-207,ranking,benchANT
2026-08-12 11:23:40+00:00,mem,low_total,0.0,dbms,08-2026,couchbase-802-vanilla-ce-large-large-aws,1,ip-172-31-26-207,ranking,benchANT
2026-08-12 11:23:50+00:00,mem,low_total,0.0,dbms,08-2026,couchbase-802-vanilla-ce-large-large-aws,1,ip-172-31-26-207,ranking,benchANT
2026-08-12 11:24:00+00:00,mem,low_total,0.0,dbms,08-2026,couchbase-802-vanilla-ce-large-large-aws,1,ip-172-31-26-207,ranking,benchANT
2026-08-12 11:24:10+00:00,mem,low_total,0.0,dbms,08-2026,couchbase-802-vanilla-ce-large-large-aws,1,ip-172-31-26-207,ranking,benchANT
2026-08-12 11:24:20+00:00,mem,low_total,0.0,dbms,08-2026,couchbase-802-vanilla-ce-large-large-aws,1,ip-172-31-26-207,ranking,benchANT
2026-08-12 11:24:30+00:00,mem,low_total,0.0,dbms,08-2026,couchbase-802-vanilla-ce-large-large-aws,1,ip-172-31-26-207,ranking,benchANT
2026-08-12 11:24:40+00:00,mem,low_total,0.0,dbms,08-2026,couchbase-802-vanilla-ce-large-large-aws,1,ip-172-31-26-207,ranking,benchANT
2026-08-12 11:24:50+00:00,mem,low_total,0.0,dbms,08-2026,couchbase-802-vanilla-ce-large-large-aws,1,ip-172-31-26-207,ranking,benchANT
2026-08-12 11:25:00+00:00,mem,low_total,0.0,dbms,08-2026,couchbase-802-vanilla-ce-large-large-aws,1,ip-172-31-26-207,ranking,benchANT
2026-08-12 11:25:10+00:00,mem,low_total,0.0,dbms,08-2026,couchbase-802-vanilla-ce-large-large-aws,1,ip-172-31-26-207,ranking,benchANT
2026-08-12 11:25:20+00:00,mem,low_total,0.0,dbms,08-2026,couchbase-802-vanilla-ce-large-large-aws,1,ip-172-31-26-207,ranking,benchANT
2026-08-12 11:25:30+00:00,mem,low_total,0.0,dbms,08-2026,couchbase-802-vanilla-ce-large-large-aws,1,ip-172-31-26-207,ranking,benchANT
2026-08-12 11:25:40+00:00,mem,low_total,0.0,dbms,08-2026,couchbase-802-vanilla-ce-large-large-aws,1,ip-172-31-26-207,ranking,benchANT
2026-08-12 11:25:50+00:00,mem,low_total,0.0,dbms,08-2026,couchbase-802-vanilla-ce-large-large-aws,1,ip-172-31-26-207,ranking,benchANT
2026-08-12 11:26:00+00:00,mem,low_total,0.0,dbms,08-2026,couchbase-802-vanilla-ce-large-large-aws,1,ip-172-31-26-207,ranking,benchANT
2026-08-12 11:26:10+00:00,mem,low_total,0.0,dbms,08-2026,couchbase-802-vanilla-ce-large-large-aws,1,ip-172-31-26-207,ranking,benchANT
2026-08-12 11:26:20+00:00,mem,low_total,0.0,dbms,08-2026,couchbase-802-vanilla-ce-large-large-aws,1,ip-172-31-26-207,ranking,benchANT
2026-08-12 11:26:30+00:00,mem,low_total,0.0,dbms,08-2026,couchbase-802-vanilla-ce-large-large-aws,1,ip-172-31-26-207,ranking,benchANT
2026-08-12 11:26:40+00:00,mem,low_total,0.0,dbms,08-2026,couchbase-802-vanilla-ce-large-large-aws,1,ip-172-31-26-207,ranking,benchANT
2026-08-12 11:26:50+00:00,mem,low_total,0.0,dbms,08-2026,couchbase-802-vanilla-ce-large-large-aws,1,ip-172-31-26-207,ranking,benchANT
2026-08-12 11:27:00+00:00,mem,low_total,0.0,dbms,08-2026,couchbase-802-vanilla-ce-large-large-aws,1,ip-172-31-26-207,ranking,benchANT
2026-08-12 11:27:10+00:00,mem,low_total,0.0,dbms,08-2026,couchbase-802-vanilla-ce-large-large-aws,1,ip-172-31-26-207,ranking,benchANT
2026-08-12 11:27:20+00:00,mem,low_total,0.0,dbms,08-2026,couchbase-802-vanilla-ce-large-large-aws,1,ip-172-31-26-207,ranking,benchANT
2026-08-12 11:27:30+00:00,mem,low_total,0.0,dbms,08-2026,couchbase-802-vanilla-ce-large-large-aws,1,ip-172-31-26-207,ranking,benchANT
2026-08-12 11:27:40+00:00,mem,low_total,0.0,dbms,08-2026,couchbase-802-vanilla-ce-large-large-aws,1,ip-172-31-26-207,ranking,benchANT
2026-08-12 11:27:50+00:00,mem,low_total,0.0,dbms,08-2026,couchbase-802-vanilla-ce-large-large-aws,1,ip-172-31-26-207,ranking,benchANT
2026-08-12 11:28:00+00:00,mem,low_total,0.0,dbms,08-2026,couchbase-802-vanilla-ce-large-large-aws,1,ip-172-31-26-207,ranking,benchANT
2026-08-12 11:28:10+00:00,mem,low_total,0.0,dbms,08-2026,couchbase-802-vanilla-ce-large-large-aws,1,ip-172-31-26-207,ranking,benchANT
2026-08-12 11:28:20+00:00,mem,low_total,0.0,dbms,08-2026,couchbase-802-vanilla-ce-large-large-aws,1,ip-172-31-26-207,ranking,benchANT
2026-08-12 11:28:30+00:00,mem,low_total,0.0,dbms,08-2026,couchbase-802-vanilla-ce-large-large-aws,1,ip-172-31-26-207,ranking,benchANT
2026-08-12 11:28:40+00:00,mem,low_total,0.0,dbms,08-2026,couchbase-802-vanilla-ce-large-large-aws,1,ip-172-31-26-207,ranking,benchANT
2026-08-12 11:28:50+00:00,mem,low_total,0.0,dbms,08-2026,couchbase-802-vanilla-ce-large-large-aws,1,ip-172-31-26-207,ranking,benchANT
2026-08-12 11:29:00+00:00,mem,low_total,0.0,dbms,08-2026,couchbase-802-vanilla-ce-large-large-aws,1,ip-172-31-26-207,ranking,benchANT
2026-08-12 11:29:10+00:00,mem,low_total,0.0,dbms,08-2026,couchbase-802-vanilla-ce-large-large-aws,1,ip-172-31-26-207,ranking,benchANT
2026-08-12 11:29:20+00:00,mem,low_total,0.0,dbms,08-2026,couchbase-802-vanilla-ce-large-large-aws,1,ip-172-31-26-207,ranking,benchANT
2026-08-12 11:29:30+00:00,mem,low_total,0.0,dbms,08-2026,couchbase-802-vanilla-ce-large-large-aws,1,ip-172-31-26-207,ranking,benchANT
2026-08-12 11:29:40+00:00,mem,low_total,0.0,dbms,08-2026,couchbase-802-vanilla-ce-large-large-aws,1,ip-172-31-26-207,ranking,benchANT
2026-08-12 11:29:50+00:00,mem,low_total,0.0,dbms,08-2026,couchbase-802-vanilla-ce-large-large-aws,1,ip-172-31-26-207,ranking,benchANT
2026-08-12 11:20:00+00:00,mem,mapped,323407872.0,dbms,08-2026,couchbase-802-vanilla-ce-large-large-aws,1,ip-172-31-26-207,ranking,benchANT
2026-08-12 11:20:10+00:00,mem,mapped,323407872.0,dbms,08-2026,couchbase-802-vanilla-ce-large-large-aws,1,ip-172-31-26-207,ranking,benchANT
2026-08-12 11:20:20+00:00,mem,mapped,323411968.0,dbms,08-2026,couchbase-802-vanilla-ce-large-large-aws,1,ip-172-31-26-207,ranking,benchANT
2026-08-12 11:20:30+00:00,mem,mapped,323411968.0,dbms,08-2026,couchbase-802-vanilla-ce-large-large-aws,1,ip-172-31-26-207,ranking,benchANT
2026-08-12 11:20:40+00:00,mem,mapped,323411968.0,dbms,08-2026,couchbase-802-vanilla-ce-large-large-aws,1,ip-172-31-26-207,ranking,benchANT
2026-08-12 11:20:50+00:00,mem,mapped,323411968.0,dbms,08-2026,couchbase-802-vanilla-ce-large-large-aws,1,ip-172-31-26-207,ranking,benchANT
2026-08-12 11:21:00+00:00,mem,mapped,323411968.0,dbms,08-2026,couchbase-802-vanilla-ce-large-large-aws,1,ip-172-31-26-207,ranking,benchANT
2026-08-12 11:21:10+00:00,mem,mapped,323411968.0,dbms,08-2026,couchbase-802-vanilla-ce-large-large-aws,1,ip-172-31-26-207,ranking,benchANT
2026-08-12 11:21:20+00:00,mem,mapped,323411968.0,dbms,08-2026,couchbase-802-vanilla-ce-large-large-aws,1,ip-172-31-26-207,ranking,benchANT
2026-08-12 11:21:30+00:00,mem,mapped,323411968.0,dbms,08-2026,couchbase-802-vanilla-ce-large-large-aws,1,ip-172-31-26-207,ranking,benchANT
2026-08-12 11:21:40+00:00,mem,mapped,323411968.0,dbms,08-2026,couchbase-802-vanilla-ce-large-large-aws,1,ip-172-31-26-207,ranking,benchANT
2026-08-12 11:21:50+00:00,mem,mapped,323411968.0,dbms,08-2026,couchbase-802-vanilla-ce-large-large-aws,1,ip-172-31-26-207,ranking,benchANT
2026-08-12 11:22:00+00:00,mem,mapped,323411968.0,dbms,08-2026,couchbase-802-vanilla-ce-large-large-aws,1,ip-172-31-26-207,ranking,benchANT
2026-08-12 11:22:10+00:00,mem,mapped,323411968.0,dbms,08-2026,couchbase-802-vanilla-ce-large-large-aws,1,ip-172-31-26-207,ranking,benchANT
2026-08-12 11:22:20+00:00,mem,mapped,323477504.0,dbms,08-2026,couchbase-802-vanilla-ce-large-large-aws,1,ip-172-31-26-207,ranking,benchANT
2026-08-12 11:22:30+00:00,mem,mapped,323477504.0,dbms,08-2026,couchbase-802-vanilla-ce-large-large-aws,1,ip-172-31-26-207,ranking,benchANT
2026-08-12 11:22:40+00:00,mem,mapped,323477504.0,dbms,08-2026,couchbase-802-vanilla-ce-large-large-aws,1,ip-172-31-26-207,ranking,benchANT
2026-08-12 11:22:50+00:00,mem,mapped,323543040.0,dbms,08-2026,couchbase-802-vanilla-ce-large-large-aws,1,ip-172-31-26-207,ranking,benchANT
2026-08-12 11:23:00+00:00,mem,mapped,323608576.0,dbms,08-2026,couchbase-802-vanilla-ce-large-large-aws,1,ip-172-31-26-207,ranking,benchANT
2026-08-12 11:23:10+00:00,mem,mapped,323608576.0,dbms,08-2026,couchbase-802-vanilla-ce-large-large-aws,1,ip-172-31-26-207,ranking,benchANT
2026-08-12 11:23:20+00:00,mem,mapped,323674112.0,dbms,08-2026,couchbase-802-vanilla-ce-large-large-aws,1,ip-172-31-26-207,ranking,benchANT
2026-08-12 11:23:30+00:00,mem,mapped,323674112.0,dbms,08-2026,couchbase-802-vanilla-ce-large-large-aws,1,ip-172-31-26-207,ranking,benchANT
2026-08-12 11:23:40+00:00,mem,mapped,323674112.0,dbms,08-2026,couchbase-802-vanilla-ce-large-large-aws,1,ip-172-31-26-207,ranking,benchANT
2026-08-12 11:23:50+00:00,mem,mapped,323674112.0,dbms,08-2026,couchbase-802-vanilla-ce-large-large-aws,1,ip-172-31-26-207,ranking,benchANT
2026-08-12 11:24:00+00:00,mem,mapped,323739648.0,dbms,08-2026,couchbase-802-vanilla-ce-large-large-aws,1,ip-172-31-26-207,ranking,benchANT
2026-08-12 11:24:10+00:00,mem,mapped,323739648.0,dbms,08-2026,couchbase-802-vanilla-ce-large-large-aws,1,ip-172-31-26-207,ranking,benchANT
2026-08-12 11:24:20+00:00,mem,mapped,323739648.0,dbms,08-2026,couchbase-802-vanilla-ce-large-large-aws,1,ip-172-31-26-207,ranking,benchANT
2026-08-12 11:24:30+00:00,mem,mapped,323739648.0,dbms,08-2026,couchbase-802-vanilla-ce-large-large-aws,1,ip-172-31-26-207,ranking,benchANT
2026-08-12 11:24:40+00:00,mem,mapped,323739648.0,dbms,08-2026,couchbase-802-vanilla-ce-large-large-aws,1,ip-172-31-26-207,ranking,benchANT
2026-08-12 11:24:50+00:00,mem,mapped,323739648.0,dbms,08-2026,couchbase-802-vanilla-ce-large-large-aws,1,ip-172-31-26-207,ranking,benchANT
2026-08-12 11:25:00+00:00,mem,mapped,323739648.0,dbms,08-2026,couchbase-802-vanilla-ce-large-large-aws,1,ip-172-31-26-207,ranking,benchANT
2026-08-12 11:25:10+00:00,mem,mapped,323743744.0,dbms,08-2026,couchbase-802-vanilla-ce-large-large-aws,1,ip-172-31-26-207,ranking,benchANT
2026-08-12 11:25:20+00:00,mem,mapped,323743744.0,dbms,08-2026,couchbase-802-vanilla-ce-large-large-aws,1,ip-172-31-26-207,ranking,benchANT
2026-08-12 11:25:30+00:00,mem,mapped,323743744.0,dbms,08-2026,couchbase-802-vanilla-ce-large-large-aws,1,ip-172-31-26-207,ranking,benchANT
2026-08-12 11:25:40+00:00,mem,mapped,323657728.0,dbms,08-2026,couchbase-802-vanilla-ce-large-large-aws,1,ip-172-31-26-207,ranking,benchANT
2026-08-12 11:25:50+00:00,mem,mapped,316698624.0,dbms,08-2026,couchbase-802-vanilla-ce-large-large-aws,1,ip-172-31-26-207,ranking,benchANT
2026-08-12 11:26:00+00:00,mem,mapped,316813312.0,dbms,08-2026,couchbase-802-vanilla-ce-large-large-aws,1,ip-172-31-26-207,ranking,benchANT
2026-08-12 11:26:10+00:00,mem,mapped,316813312.0,dbms,08-2026,couchbase-802-vanilla-ce-large-large-aws,1,ip-172-31-26-207,ranking,benchANT
2026-08-12 11:26:20+00:00,mem,mapped,317186048.0,dbms,08-2026,couchbase-802-vanilla-ce-large-large-aws,1,ip-172-31-26-207,ranking,benchANT
2026-08-12 11:26:30+00:00,mem,mapped,314699776.0,dbms,08-2026,couchbase-802-vanilla-ce-large-large-aws,1,ip-172-31-26-207,ranking,benchANT
2026-08-12 11:26:40+00:00,mem,mapped,314396672.0,dbms,08-2026,couchbase-802-vanilla-ce-large-large-aws,1,ip-172-31-26-207,ranking,benchANT
2026-08-12 11:26:50+00:00,mem,mapped,314236928.0,dbms,08-2026,couchbase-802-vanilla-ce-large-large-aws,1,ip-172-31-26-207,ranking,benchANT
2026-08-12 11:27:00+00:00,mem,mapped,314191872.0,dbms,08-2026,couchbase-802-vanilla-ce-large-large-aws,1,ip-172-31-26-207,ranking,benchANT
2026-08-12 11:27:10+00:00,mem,mapped,314376192.0,dbms,08-2026,couchbase-802-vanilla-ce-large-large-aws,1,ip-172-31-26-207,ranking,benchANT
2026-08-12 11:27:20+00:00,mem,mapped,314441728.0,dbms,08-2026,couchbase-802-vanilla-ce-large-large-aws,1,ip-172-31-26-207,ranking,benchANT
2026-08-12 11:27:30+00:00,mem,mapped,314642432.0,dbms,08-2026,couchbase-802-vanilla-ce-large-large-aws,1,ip-172-31-26-207,ranking,benchANT
2026-08-12 11:27:40+00:00,mem,mapped,314642432.0,dbms,08-2026,couchbase-802-vanilla-ce-large-large-aws,1,ip-172-31-26-207,ranking,benchANT
2026-08-12 11:27:50+00:00,mem,mapped,314634240.0,dbms,08-2026,couchbase-802-vanilla-ce-large-large-aws,1,ip-172-31-26-207,ranking,benchANT
2026-08-12 11:28:00+00:00,mem,mapped,314634240.0,dbms,08-2026,couchbase-802-vanilla-ce-large-large-aws,1,ip-172-31-26-207,ranking,benchANT
2026-08-12 11:28:10+00:00,mem,mapped,314634240.0,dbms,08-2026,couchbase-802-vanilla-ce-large-large-aws,1,ip-172-31-26-207,ranking,benchANT
2026-08-12 11:28:20+00:00,mem,mapped,283308032.0,dbms,08-2026,couchbase-802-vanilla-ce-large-large-aws,1,ip-172-31-26-207,ranking,benchANT
2026-08-12 11:28:30+00:00,mem,mapped,283500544.0,dbms,08-2026,couchbase-802-vanilla-ce-large-large-aws,1,ip-172-31-26-207,ranking,benchANT
2026-08-12 11:28:40+00:00,mem,mapped,283500544.0,dbms,08-2026,couchbase-802-vanilla-ce-large-large-aws,1,ip-172-31-26-207,ranking,benchANT
2026-08-12 11:28:50+00:00,mem,mapped,283500544.0,dbms,08-2026,couchbase-802-vanilla-ce-large-large-aws,1,ip-172-31-26-207,ranking,benchANT
2026-08-12 11:29:00+00:00,mem,mapped,283500544.0,dbms,08-2026,couchbase-802-vanilla-ce-large-large-aws,1,ip-172-31-26-207,ranking,benchANT
2026-08-12 11:29:10+00:00,mem,mapped,283725824.0,dbms,08-2026,couchbase-802-vanilla-ce-large-large-aws,1,ip-172-31-26-207,ranking,benchANT
2026-08-12 11:29:20+00:00,mem,mapped,284127232.0,dbms,08-2026,couchbase-802-vanilla-ce-large-large-aws,1,ip-172-31-26-207,ranking,benchANT
2026-08-12 11:29:30+00:00,mem,mapped,284172288.0,dbms,08-2026,couchbase-802-vanilla-ce-large-large-aws,1,ip-172-31-26-207,ranking,benchANT
2026-08-12 11:29:40+00:00,mem,mapped,284172288.0,dbms,08-2026,couchbase-802-vanilla-ce-large-large-aws,1,ip-172-31-26-207,ranking,benchANT
2026-08-12 11:29:50+00:00,mem,mapped,284172288.0,dbms,08-2026,couchbase-802-vanilla-ce-large-large-aws,1,ip-172-31-26-207,ranking,benchANT
2026-08-12 11:20:00+00:00,mem,page_tables,18141184.0,dbms,08-2026,couchbase-802-vanilla-ce-large-large-aws,1,ip-172-31-26-207,ranking,benchANT
2026-08-12 11:20:10+00:00,mem,page_tables,18141184.0,dbms,08-2026,couchbase-802-vanilla-ce-large-large-aws,1,ip-172-31-26-207,ranking,benchANT
2026-08-12 11:20:20+00:00,mem,page_tables,18141184.0,dbms,08-2026,couchbase-802-vanilla-ce-large-large-aws,1,ip-172-31-26-207,ranking,benchANT
2026-08-12 11:20:30+00:00,mem,page_tables,18137088.0,dbms,08-2026,couchbase-802-vanilla-ce-large-large-aws,1,ip-172-31-26-207,ranking,benchANT
2026-08-12 11:20:40+00:00,mem,page_tables,18141184.0,dbms,08-2026,couchbase-802-vanilla-ce-large-large-aws,1,ip-172-31-26-207,ranking,benchANT
2026-08-12 11:20:50+00:00,mem,page_tables,18145280.0,dbms,08-2026,couchbase-802-vanilla-ce-large-large-aws,1,ip-172-31-26-207,ranking,benchANT
2026-08-12 11:21:00+00:00,mem,page_tables,18149376.0,dbms,08-2026,couchbase-802-vanilla-ce-large-large-aws,1,ip-172-31-26-207,ranking,benchANT
2026-08-12 11:21:10+00:00,mem,page_tables,18161664.0,dbms,08-2026,couchbase-802-vanilla-ce-large-large-aws,1,ip-172-31-26-207,ranking,benchANT
2026-08-12 11:21:20+00:00,mem,page_tables,18219008.0,dbms,08-2026,couchbase-802-vanilla-ce-large-large-aws,1,ip-172-31-26-207,ranking,benchANT
2026-08-12 11:21:30+00:00,mem,page_tables,18563072.0,dbms,08-2026,couchbase-802-vanilla-ce-large-large-aws,1,ip-172-31-26-207,ranking,benchANT
2026-08-12 11:21:40+00:00,mem,page_tables,19550208.0,dbms,08-2026,couchbase-802-vanilla-ce-large-large-aws,1,ip-172-31-26-207,ranking,benchANT
2026-08-12 11:21:50+00:00,mem,page_tables,20475904.0,dbms,08-2026,couchbase-802-vanilla-ce-large-large-aws,1,ip-172-31-26-207,ranking,benchANT
2026-08-12 11:22:00+00:00,mem,page_tables,21491712.0,dbms,08-2026,couchbase-802-vanilla-ce-large-large-aws,1,ip-172-31-26-207,ranking,benchANT
2026-08-12 11:22:10+00:00,mem,page_tables,22441984.0,dbms,08-2026,couchbase-802-vanilla-ce-large-large-aws,1,ip-172-31-26-207,ranking,benchANT
2026-08-12 11:22:20+00:00,mem,page_tables,23441408.0,dbms,08-2026,couchbase-802-vanilla-ce-large-large-aws,1,ip-172-31-26-207,ranking,benchANT
2026-08-12 11:22:30+00:00,mem,page_tables,24440832.0,dbms,08-2026,couchbase-802-vanilla-ce-large-large-aws,1,ip-172-31-26-207,ranking,benchANT
2026-08-12 11:22:40+00:00,mem,page_tables,25362432.0,dbms,08-2026,couchbase-802-vanilla-ce-large-large-aws,1,ip-172-31-26-207,ranking,benchANT
2026-08-12 11:22:50+00:00,mem,page_tables,26345472.0,dbms,08-2026,couchbase-802-vanilla-ce-large-large-aws,1,ip-172-31-26-207,ranking,benchANT
2026-08-12 11:23:00+00:00,mem,page_tables,27336704.0,dbms,08-2026,couchbase-802-vanilla-ce-large-large-aws,1,ip-172-31-26-207,ranking,benchANT
2026-08-12 11:23:10+00:00,mem,page_tables,28315648.0,dbms,08-2026,couchbase-802-vanilla-ce-large-large-aws,1,ip-172-31-26-207,ranking,benchANT
2026-08-12 11:23:20+00:00,mem,page_tables,29298688.0,dbms,08-2026,couchbase-802-vanilla-ce-large-large-aws,1,ip-172-31-26-207,ranking,benchANT
2026-08-12 11:23:30+00:00,mem,page_tables,30203904.0,dbms,08-2026,couchbase-802-vanilla-ce-large-large-aws,1,ip-172-31-26-207,ranking,benchANT
2026-08-12 11:23:40+00:00,mem,page_tables,31182848.0,dbms,08-2026,couchbase-802-vanilla-ce-large-large-aws,1,ip-172-31-26-207,ranking,benchANT
2026-08-12 11:23:50+00:00,mem,page_tables,32292864.0,dbms,08-2026,couchbase-802-vanilla-ce-large-large-aws,1,ip-172-31-26-207,ranking,benchANT
2026-08-12 11:24:00+00:00,mem,page_tables,33308672.0,dbms,08-2026,couchbase-802-vanilla-ce-large-large-aws,1,ip-172-31-26-207,ranking,benchANT
2026-08-12 11:24:10+00:00,mem,page_tables,34258944.0,dbms,08-2026,couchbase-802-vanilla-ce-large-large-aws,1,ip-172-31-26-207,ranking,benchANT
2026-08-12 11:24:20+00:00,mem,page_tables,35258368.0,dbms,08-2026,couchbase-802-vanilla-ce-large-large-aws,1,ip-172-31-26-207,ranking,benchANT
2026-08-12 11:24:30+00:00,mem,page_tables,36229120.0,dbms,08-2026,couchbase-802-vanilla-ce-large-large-aws,1,ip-172-31-26-207,ranking,benchANT
2026-08-12 11:24:40+00:00,mem,page_tables,37183488.0,dbms,08-2026,couchbase-802-vanilla-ce-large-large-aws,1,ip-172-31-26-207,ranking,benchANT
2026-08-12 11:24:50+00:00,mem,page_tables,37457920.0,dbms,08-2026,couchbase-802-vanilla-ce-large-large-aws,1,ip-172-31-26-207,ranking,benchANT
2026-08-12 11:25:00+00:00,mem,page_tables,37552128.0,dbms,08-2026,couchbase-802-vanilla-ce-large-large-aws,1,ip-172-31-26-207,ranking,benchANT
2026-08-12 11:25:10+00:00,mem,page_tables,37642240.0,dbms,08-2026,couchbase-802-vanilla-ce-large-large-aws,1,ip-172-31-26-207,ranking,benchANT
2026-08-12 11:25:20+00:00,mem,page_tables,37744640.0,dbms,08-2026,couchbase-802-vanilla-ce-large-large-aws,1,ip-172-31-26-207,ranking,benchANT
2026-08-12 11:25:30+00:00,mem,page_tables,37826560.0,dbms,08-2026,couchbase-802-vanilla-ce-large-large-aws,1,ip-172-31-26-207,ranking,benchANT
2026-08-12 11:25:40+00:00,mem,page_tables,37900288.0,dbms,08-2026,couchbase-802-vanilla-ce-large-large-aws,1,ip-172-31-26-207,ranking,benchANT
2026-08-12 11:25:50+00:00,mem,page_tables,37986304.0,dbms,08-2026,couchbase-802-vanilla-ce-large-large-aws,1,ip-172-31-26-207,ranking,benchANT
2026-08-12 11:26:00+00:00,mem,page_tables,38027264.0,dbms,08-2026,couchbase-802-vanilla-ce-large-large-aws,1,ip-172-31-26-207,ranking,benchANT
2026-08-12 11:26:10+00:00,mem,page_tables,38060032.0,dbms,08-2026,couchbase-802-vanilla-ce-large-large-aws,1,ip-172-31-26-207,ranking,benchANT
2026-08-12 11:26:20+00:00,mem,page_tables,38125568.0,dbms,08-2026,couchbase-802-vanilla-ce-large-large-aws,1,ip-172-31-26-207,ranking,benchANT
2026-08-12 11:26:30+00:00,mem,page_tables,38178816.0,dbms,08-2026,couchbase-802-vanilla-ce-large-large-aws,1,ip-172-31-26-207,ranking,benchANT
2026-08-12 11:26:40+00:00,mem,page_tables,38252544.0,dbms,08-2026,couchbase-802-vanilla-ce-large-large-aws,1,ip-172-31-26-207,ranking,benchANT
2026-08-12 11:26:50+00:00,mem,page_tables,38322176.0,dbms,08-2026,couchbase-802-vanilla-ce-large-large-aws,1,ip-172-31-26-207,ranking,benchANT
2026-08-12 11:27:00+00:00,mem,page_tables,38395904.0,dbms,08-2026,couchbase-802-vanilla-ce-large-large-aws,1,ip-172-31-26-207,ranking,benchANT
2026-08-12 11:27:10+00:00,mem,page_tables,38420480.0,dbms,08-2026,couchbase-802-vanilla-ce-large-large-aws,1,ip-172-31-26-207,ranking,benchANT
2026-08-12 11:27:20+00:00,mem,page_tables,38461440.0,dbms,08-2026,couchbase-802-vanilla-ce-large-large-aws,1,ip-172-31-26-207,ranking,benchANT
2026-08-12 11:27:30+00:00,mem,page_tables,38662144.0,dbms,08-2026,couchbase-802-vanilla-ce-large-large-aws,1,ip-172-31-26-207,ranking,benchANT
2026-08-12 11:27:40+00:00,mem,page_tables,38809600.0,dbms,08-2026,couchbase-802-vanilla-ce-large-large-aws,1,ip-172-31-26-207,ranking,benchANT
2026-08-12 11:27:50+00:00,mem,page_tables,38866944.0,dbms,08-2026,couchbase-802-vanilla-ce-large-large-aws,1,ip-172-31-26-207,ranking,benchANT
2026-08-12 11:28:00+00:00,mem,page_tables,38928384.0,dbms,08-2026,couchbase-802-vanilla-ce-large-large-aws,1,ip-172-31-26-207,ranking,benchANT
2026-08-12 11:28:10+00:00,mem,page_tables,39002112.0,dbms,08-2026,couchbase-802-vanilla-ce-large-large-aws,1,ip-172-31-26-207,ranking,benchANT
2026-08-12 11:28:20+00:00,mem,page_tables,39063552.0,dbms,08-2026,couchbase-802-vanilla-ce-large-large-aws,1,ip-172-31-26-207,ranking,benchANT
2026-08-12 11:28:30+00:00,mem,page_tables,39133184.0,dbms,08-2026,couchbase-802-vanilla-ce-large-large-aws,1,ip-172-31-26-207,ranking,benchANT
2026-08-12 11:28:40+00:00,mem,page_tables,39202816.0,dbms,08-2026,couchbase-802-vanilla-ce-large-large-aws,1,ip-172-31-26-207,ranking,benchANT
2026-08-12 11:28:50+00:00,mem,page_tables,39251968.0,dbms,08-2026,couchbase-802-vanilla-ce-large-large-aws,1,ip-172-31-26-207,ranking,benchANT
2026-08-12 11:29:00+00:00,mem,page_tables,39305216.0,dbms,08-2026,couchbase-802-vanilla-ce-large-large-aws,1,ip-172-31-26-207,ranking,benchANT
2026-08-12 11:29:10+00:00,mem,page_tables,39374848.0,dbms,08-2026,couchbase-802-vanilla-ce-large-large-aws,1,ip-172-31-26-207,ranking,benchANT
2026-08-12 11:29:20+00:00,mem,page_tables,39440384.0,dbms,08-2026,couchbase-802-vanilla-ce-large-large-aws,1,ip-172-31-26-207,ranking,benchANT
2026-08-12 11:29:30+00:00,mem,page_tables,39501824.0,dbms,08-2026,couchbase-802-vanilla-ce-large-large-aws,1,ip-172-31-26-207,ranking,benchANT
2026-08-12 11:29:40+00:00,mem,page_tables,39505920.0,dbms,08-2026,couchbase-802-vanilla-ce-large-large-aws,1,ip-172-31-26-207,ranking,benchANT
2026-08-12 11:29:50+00:00,mem,page_tables,39505920.0,dbms,08-2026,couchbase-802-vanilla-ce-large-large-aws,1,ip-172-31-26-207,ranking,benchANT
2026-08-12 11:20:00+00:00,mem,shared,44191744.0,dbms,08-2026,couchbase-802-vanilla-ce-large-large-aws,1,ip-172-31-26-207,ranking,benchANT
2026-08-12 11:20:10+00:00,mem,shared,44191744.0,dbms,08-2026,couchbase-802-vanilla-ce-large-large-aws,1,ip-172-31-26-207,ranking,benchANT
2026-08-12 11:20:20+00:00,mem,shared,44191744.0,dbms,08-2026,couchbase-802-vanilla-ce-large-large-aws,1,ip-172-31-26-207,ranking,benchANT
2026-08-12 11:20:30+00:00,mem,shared,44191744.0,dbms,08-2026,couchbase-802-vanilla-ce-large-large-aws,1,ip-172-31-26-207,ranking,benchANT
2026-08-12 11:20:40+00:00,mem,shared,44191744.0,dbms,08-2026,couchbase-802-vanilla-ce-large-large-aws,1,ip-172-31-26-207,ranking,benchANT
2026-08-12 11:20:50+00:00,mem,shared,44191744.0,dbms,08-2026,couchbase-802-vanilla-ce-large-large-aws,1,ip-172-31-26-207,ranking,benchANT
2026-08-12 11:21:00+00:00,mem,shared,44191744.0,dbms,08-2026,couchbase-802-vanilla-ce-large-large-aws,1,ip-172-31-26-207,ranking,benchANT
2026-08-12 11:21:10+00:00,mem,shared,44191744.0,dbms,08-2026,couchbase-802-vanilla-ce-large-large-aws,1,ip-172-31-26-207,ranking,benchANT
2026-08-12 11:21:20+00:00,mem,shared,44191744.0,dbms,08-2026,couchbase-802-vanilla-ce-large-large-aws,1,ip-172-31-26-207,ranking,benchANT
2026-08-12 11:21:30+00:00,mem,shared,44191744.0,dbms,08-2026,couchbase-802-vanilla-ce-large-large-aws,1,ip-172-31-26-207,ranking,benchANT
2026-08-12 11:21:40+00:00,mem,shared,44191744.0,dbms,08-2026,couchbase-802-vanilla-ce-large-large-aws,1,ip-172-31-26-207,ranking,benchANT
2026-08-12 11:21:50+00:00,mem,shared,44191744.0,dbms,08-2026,couchbase-802-vanilla-ce-large-large-aws,1,ip-172-31-26-207,ranking,benchANT
2026-08-12 11:22:00+00:00,mem,shared,44191744.0,dbms,08-2026,couchbase-802-vanilla-ce-large-large-aws,1,ip-172-31-26-207,ranking,benchANT
2026-08-12 11:22:10+00:00,mem,shared,44191744.0,dbms,08-2026,couchbase-802-vanilla-ce-large-large-aws,1,ip-172-31-26-207,ranking,benchANT
2026-08-12 11:22:20+00:00,mem,shared,44191744.0,dbms,08-2026,couchbase-802-vanilla-ce-large-large-aws,1,ip-172-31-26-207,ranking,benchANT
2026-08-12 11:22:30+00:00,mem,shared,44191744.0,dbms,08-2026,couchbase-802-vanilla-ce-large-large-aws,1,ip-172-31-26-207,ranking,benchANT
2026-08-12 11:22:40+00:00,mem,shared,44191744.0,dbms,08-2026,couchbase-802-vanilla-ce-large-large-aws,1,ip-172-31-26-207,ranking,benchANT
2026-08-12 11:22:50+00:00,mem,shared,44191744.0,dbms,08-2026,couchbase-802-vanilla-ce-large-large-aws,1,ip-172-31-26-207,ranking,benchANT
2026-08-12 11:23:00+00:00,mem,shared,44191744.0,dbms,08-2026,couchbase-802-vanilla-ce-large-large-aws,1,ip-172-31-26-207,ranking,benchANT
2026-08-12 11:23:10+00:00,mem,shared,44191744.0,dbms,08-2026,couchbase-802-vanilla-ce-large-large-aws,1,ip-172-31-26-207,ranking,benchANT
2026-08-12 11:23:20+00:00,mem,shared,44191744.0,dbms,08-2026,couchbase-802-vanilla-ce-large-large-aws,1,ip-172-31-26-207,ranking,benchANT
2026-08-12 11:23:30+00:00,mem,shared,44191744.0,dbms,08-2026,couchbase-802-vanilla-ce-large-large-aws,1,ip-172-31-26-207,ranking,benchANT
2026-08-12 11:23:40+00:00,mem,shared,44191744.0,dbms,08-2026,couchbase-802-vanilla-ce-large-large-aws,1,ip-172-31-26-207,ranking,benchANT
2026-08-12 11:23:50+00:00,mem,shared,44191744.0,dbms,08-2026,couchbase-802-vanilla-ce-large-large-aws,1,ip-172-31-26-207,ranking,benchANT
2026-08-12 11:24:00+00:00,mem,shared,44191744.0,dbms,08-2026,couchbase-802-vanilla-ce-large-large-aws,1,ip-172-31-26-207,ranking,benchANT
2026-08-12 11:24:10+00:00,mem,shared,44191744.0,dbms,08-2026,couchbase-802-vanilla-ce-large-large-aws,1,ip-172-31-26-207,ranking,benchANT
2026-08-12 11:24:20+00:00,mem,shared,44191744.0,dbms,08-2026,couchbase-802-vanilla-ce-large-large-aws,1,ip-172-31-26-207,ranking,benchANT
2026-08-12 11:24:30+00:00,mem,shared,44191744.0,dbms,08-2026,couchbase-802-vanilla-ce-large-large-aws,1,ip-172-31-26-207,ranking,benchANT
2026-08-12 11:24:40+00:00,mem,shared,44191744.0,dbms,08-2026,couchbase-802-vanilla-ce-large-large-aws,1,ip-172-31-26-207,ranking,benchANT
2026-08-12 11:24:50+00:00,mem,shared,44191744.0,dbms,08-2026,couchbase-802-vanilla-ce-large-large-aws,1,ip-172-31-26-207,ranking,benchANT
2026-08-12 11:25:00+00:00,mem,shared,44191744.0,dbms,08-2026,couchbase-802-vanilla-ce-large-large-aws,1,ip-172-31-26-207,ranking,benchANT
2026-08-12 11:25:10+00:00,mem,shared,44191744.0,dbms,08-2026,couchbase-802-vanilla-ce-large-large-aws,1,ip-172-31-26-207,ranking,benchANT
2026-08-12 11:25:20+00:00,mem,shared,44191744.0,dbms,08-2026,couchbase-802-vanilla-ce-large-large-aws,1,ip-172-31-26-207,ranking,benchANT
2026-08-12 11:25:30+00:00,mem,shared,44191744.0,dbms,08-2026,couchbase-802-vanilla-ce-large-large-aws,1,ip-172-31-26-207,ranking,benchANT
2026-08-12 11:25:40+00:00,mem,shared,44191744.0,dbms,08-2026,couchbase-802-vanilla-ce-large-large-aws,1,ip-172-31-26-207,ranking,benchANT
2026-08-12 11:25:50+00:00,mem,shared,44191744.0,dbms,08-2026,couchbase-802-vanilla-ce-large-large-aws,1,ip-172-31-26-207,ranking,benchANT
2026-08-12 11:26:00+00:00,mem,shared,44191744.0,dbms,08-2026,couchbase-802-vanilla-ce-large-large-aws,1,ip-172-31-26-207,ranking,benchANT
2026-08-12 11:26:10+00:00,mem,shared,44191744.0,dbms,08-2026,couchbase-802-vanilla-ce-large-large-aws,1,ip-172-31-26-207,ranking,benchANT
2026-08-12 11:26:20+00:00,mem,shared,44191744.0,dbms,08-2026,couchbase-802-vanilla-ce-large-large-aws,1,ip-172-31-26-207,ranking,benchANT
2026-08-12 11:26:30+00:00,mem,shared,44191744.0,dbms,08-2026,couchbase-802-vanilla-ce-large-large-aws,1,ip-172-31-26-207,ranking,benchANT
2026-08-12 11:26:40+00:00,mem,shared,44191744.0,dbms,08-2026,couchbase-802-vanilla-ce-large-large-aws,1,ip-172-31-26-207,ranking,benchANT
2026-08-12 11:26:50+00:00,mem,shared,44191744.0,dbms,08-2026,couchbase-802-vanilla-ce-large-large-aws,1,ip-172-31-26-207,ranking,benchANT
2026-08-12 11:27:00+00:00,mem,shared,44191744.0,dbms,08-2026,couchbase-802-vanilla-ce-large-large-aws,1,ip-172-31-26-207,ranking,benchANT
2026-08-12 11:27:10+00:00,mem,shared,44191744.0,dbms,08-2026,couchbase-802-vanilla-ce-large-large-aws,1,ip-172-31-26-207,ranking,benchANT
2026-08-12 11:27:20+00:00,mem,shared,44191744.0,dbms,08-2026,couchbase-802-vanilla-ce-large-large-aws,1,ip-172-31-26-207,ranking,benchANT
2026-08-12 11:27:30+00:00,mem,shared,44191744.0,dbms,08-2026,couchbase-802-vanilla-ce-large-large-aws,1,ip-172-31-26-207,ranking,benchANT
2026-08-12 11:27:40+00:00,mem,shared,44191744.0,dbms,08-2026,couchbase-802-vanilla-ce-large-large-aws,1,ip-172-31-26-207,ranking,benchANT
2026-08-12 11:27:50+00:00,mem,shared,44191744.0,dbms,08-2026,couchbase-802-vanilla-ce-large-large-aws,1,ip-172-31-26-207,ranking,benchANT
2026-08-12 11:28:00+00:00,mem,shared,44191744.0,dbms,08-2026,couchbase-802-vanilla-ce-large-large-aws,1,ip-172-31-26-207,ranking,benchANT
2026-08-12 11:28:10+00:00,mem,shared,44191744.0,dbms,08-2026,couchbase-802-vanilla-ce-large-large-aws,1,ip-172-31-26-207,ranking,benchANT
2026-08-12 11:28:20+00:00,mem,shared,44191744.0,dbms,08-2026,couchbase-802-vanilla-ce-large-large-aws,1,ip-172-31-26-207,ranking,benchANT
2026-08-12 11:28:30+00:00,mem,shared,44191744.0,dbms,08-2026,couchbase-802-vanilla-ce-large-large-aws,1,ip-172-31-26-207,ranking,benchANT
2026-08-12 11:28:40+00:00,mem,shared,44191744.0,dbms,08-2026,couchbase-802-vanilla-ce-large-large-aws,1,ip-172-31-26-207,ranking,benchANT
2026-08-12 11:28:50+00:00,mem,shared,44191744.0,dbms,08-2026,couchbase-802-vanilla-ce-large-large-aws,1,ip-172-31-26-207,ranking,benchANT
2026-08-12 11:29:00+00:00,mem,shared,44191744.0,dbms,08-2026,couchbase-802-vanilla-ce-large-large-aws,1,ip-172-31-26-207,ranking,benchANT
2026-08-12 11:29:10+00:00,mem,shared,44191744.0,dbms,08-2026,couchbase-802-vanilla-ce-large-large-aws,1,ip-172-31-26-207,ranking,benchANT
2026-08-12 11:29:20+00:00,mem,shared,44191744.0,dbms,08-2026,couchbase-802-vanilla-ce-large-large-aws,1,ip-172-31-26-207,ranking,benchANT
2026-08-12 11:29:30+00:00,mem,shared,44191744.0,dbms,08-2026,couchbase-802-vanilla-ce-large-large-aws,1,ip-172-31-26-207,ranking,benchANT
2026-08-12 11:29:40+00:00,mem,shared,44191744.0,dbms,08-2026,couchbase-802-vanilla-ce-large-large-aws,1,ip-172-31-26-207,ranking,benchANT
2026-08-12 11:29:50+00:00,mem,shared,44191744.0,dbms,08-2026,couchbase-802-vanilla-ce-large-large-aws,1,ip-172-31-26-207,ranking,benchANT
2026-08-12 11:20:00+00:00,mem,slab,320102400.0,dbms,08-2026,couchbase-802-vanilla-ce-large-large-aws,1,ip-172-31-26-207,ranking,benchANT
2026-08-12 11:20:10+00:00,mem,slab,320126976.0,dbms,08-2026,couchbase-802-vanilla-ce-large-large-aws,1,ip-172-31-26-207,ranking,benchANT
2026-08-12 11:20:20+00:00,mem,slab,320118784.0,dbms,08-2026,couchbase-802-vanilla-ce-large-large-aws,1,ip-172-31-26-207,ranking,benchANT
2026-08-12 11:20:30+00:00,mem,slab,320126976.0,dbms,08-2026,couchbase-802-vanilla-ce-large-large-aws,1,ip-172-31-26-207,ranking,benchANT
2026-08-12 11:20:40+00:00,mem,slab,320126976.0,dbms,08-2026,couchbase-802-vanilla-ce-large-large-aws,1,ip-172-31-26-207,ranking,benchANT
2026-08-12 11:20:50+00:00,mem,slab,320319488.0,dbms,08-2026,couchbase-802-vanilla-ce-large-large-aws,1,ip-172-31-26-207,ranking,benchANT
2026-08-12 11:21:00+00:00,mem,slab,320872448.0,dbms,08-2026,couchbase-802-vanilla-ce-large-large-aws,1,ip-172-31-26-207,ranking,benchANT
2026-08-12 11:21:10+00:00,mem,slab,322170880.0,dbms,08-2026,couchbase-802-vanilla-ce-large-large-aws,1,ip-172-31-26-207,ranking,benchANT
2026-08-12 11:21:20+00:00,mem,slab,324030464.0,dbms,08-2026,couchbase-802-vanilla-ce-large-large-aws,1,ip-172-31-26-207,ranking,benchANT
2026-08-12 11:21:30+00:00,mem,slab,328335360.0,dbms,08-2026,couchbase-802-vanilla-ce-large-large-aws,1,ip-172-31-26-207,ranking,benchANT
2026-08-12 11:21:40+00:00,mem,slab,341889024.0,dbms,08-2026,couchbase-802-vanilla-ce-large-large-aws,1,ip-172-31-26-207,ranking,benchANT
2026-08-12 11:21:50+00:00,mem,slab,354586624.0,dbms,08-2026,couchbase-802-vanilla-ce-large-large-aws,1,ip-172-31-26-207,ranking,benchANT
2026-08-12 11:22:00+00:00,mem,slab,367644672.0,dbms,08-2026,couchbase-802-vanilla-ce-large-large-aws,1,ip-172-31-26-207,ranking,benchANT
2026-08-12 11:22:10+00:00,mem,slab,381263872.0,dbms,08-2026,couchbase-802-vanilla-ce-large-large-aws,1,ip-172-31-26-207,ranking,benchANT
2026-08-12 11:22:20+00:00,mem,slab,394534912.0,dbms,08-2026,couchbase-802-vanilla-ce-large-large-aws,1,ip-172-31-26-207,ranking,benchANT
2026-08-12 11:22:30+00:00,mem,slab,408477696.0,dbms,08-2026,couchbase-802-vanilla-ce-large-large-aws,1,ip-172-31-26-207,ranking,benchANT
2026-08-12 11:22:40+00:00,mem,slab,421339136.0,dbms,08-2026,couchbase-802-vanilla-ce-large-large-aws,1,ip-172-31-26-207,ranking,benchANT
2026-08-12 11:22:50+00:00,mem,slab,434769920.0,dbms,08-2026,couchbase-802-vanilla-ce-large-large-aws,1,ip-172-31-26-207,ranking,benchANT
2026-08-12 11:23:00+00:00,mem,slab,448425984.0,dbms,08-2026,couchbase-802-vanilla-ce-large-large-aws,1,ip-172-31-26-207,ranking,benchANT
2026-08-12 11:23:10+00:00,mem,slab,461828096.0,dbms,08-2026,couchbase-802-vanilla-ce-large-large-aws,1,ip-172-31-26-207,ranking,benchANT
2026-08-12 11:23:20+00:00,mem,slab,475648000.0,dbms,08-2026,couchbase-802-vanilla-ce-large-large-aws,1,ip-172-31-26-207,ranking,benchANT
2026-08-12 11:23:30+00:00,mem,slab,488292352.0,dbms,08-2026,couchbase-802-vanilla-ce-large-large-aws,1,ip-172-31-26-207,ranking,benchANT
2026-08-12 11:23:40+00:00,mem,slab,501653504.0,dbms,08-2026,couchbase-802-vanilla-ce-large-large-aws,1,ip-172-31-26-207,ranking,benchANT
2026-08-12 11:23:50+00:00,mem,slab,515493888.0,dbms,08-2026,couchbase-802-vanilla-ce-large-large-aws,1,ip-172-31-26-207,ranking,benchANT
2026-08-12 11:24:00+00:00,mem,slab,529338368.0,dbms,08-2026,couchbase-802-vanilla-ce-large-large-aws,1,ip-172-31-26-207,ranking,benchANT
2026-08-12 11:24:10+00:00,mem,slab,542392320.0,dbms,08-2026,couchbase-802-vanilla-ce-large-large-aws,1,ip-172-31-26-207,ranking,benchANT
2026-08-12 11:24:20+00:00,mem,slab,556126208.0,dbms,08-2026,couchbase-802-vanilla-ce-large-large-aws,1,ip-172-31-26-207,ranking,benchANT
2026-08-12 11:24:30+00:00,mem,slab,569430016.0,dbms,08-2026,couchbase-802-vanilla-ce-large-large-aws,1,ip-172-31-26-207,ranking,benchANT
2026-08-12 11:24:40+00:00,mem,slab,582918144.0,dbms,08-2026,couchbase-802-vanilla-ce-large-large-aws,1,ip-172-31-26-207,ranking,benchANT
2026-08-12 11:24:50+00:00,mem,slab,596279296.0,dbms,08-2026,couchbase-802-vanilla-ce-large-large-aws,1,ip-172-31-26-207,ranking,benchANT
2026-08-12 11:25:00+00:00,mem,slab,609042432.0,dbms,08-2026,couchbase-802-vanilla-ce-large-large-aws,1,ip-172-31-26-207,ranking,benchANT
2026-08-12 11:25:10+00:00,mem,slab,622383104.0,dbms,08-2026,couchbase-802-vanilla-ce-large-large-aws,1,ip-172-31-26-207,ranking,benchANT
2026-08-12 11:25:20+00:00,mem,slab,634933248.0,dbms,08-2026,couchbase-802-vanilla-ce-large-large-aws,1,ip-172-31-26-207,ranking,benchANT
2026-08-12 11:25:30+00:00,mem,slab,639975424.0,dbms,08-2026,couchbase-802-vanilla-ce-large-large-aws,1,ip-172-31-26-207,ranking,benchANT
2026-08-12 11:25:40+00:00,mem,slab,644276224.0,dbms,08-2026,couchbase-802-vanilla-ce-large-large-aws,1,ip-172-31-26-207,ranking,benchANT
2026-08-12 11:25:50+00:00,mem,slab,657051648.0,dbms,08-2026,couchbase-802-vanilla-ce-large-large-aws,1,ip-172-31-26-207,ranking,benchANT
2026-08-12 11:26:00+00:00,mem,slab,666787840.0,dbms,08-2026,couchbase-802-vanilla-ce-large-large-aws,1,ip-172-31-26-207,ranking,benchANT
2026-08-12 11:26:10+00:00,mem,slab,675389440.0,dbms,08-2026,couchbase-802-vanilla-ce-large-large-aws,1,ip-172-31-26-207,ranking,benchANT
2026-08-12 11:26:20+00:00,mem,slab,679591936.0,dbms,08-2026,couchbase-802-vanilla-ce-large-large-aws,1,ip-172-31-26-207,ranking,benchANT
2026-08-12 11:26:30+00:00,mem,slab,680738816.0,dbms,08-2026,couchbase-802-vanilla-ce-large-large-aws,1,ip-172-31-26-207,ranking,benchANT
2026-08-12 11:26:40+00:00,mem,slab,683028480.0,dbms,08-2026,couchbase-802-vanilla-ce-large-large-aws,1,ip-172-31-26-207,ranking,benchANT
2026-08-12 11:26:50+00:00,mem,slab,686493696.0,dbms,08-2026,couchbase-802-vanilla-ce-large-large-aws,1,ip-172-31-26-207,ranking,benchANT
2026-08-12 11:27:00+00:00,mem,slab,687939584.0,dbms,08-2026,couchbase-802-vanilla-ce-large-large-aws,1,ip-172-31-26-207,ranking,benchANT
2026-08-12 11:27:10+00:00,mem,slab,688615424.0,dbms,08-2026,couchbase-802-vanilla-ce-large-large-aws,1,ip-172-31-26-207,ranking,benchANT
2026-08-12 11:27:20+00:00,mem,slab,692047872.0,dbms,08-2026,couchbase-802-vanilla-ce-large-large-aws,1,ip-172-31-26-207,ranking,benchANT
2026-08-12 11:27:30+00:00,mem,slab,697040896.0,dbms,08-2026,couchbase-802-vanilla-ce-large-large-aws,1,ip-172-31-26-207,ranking,benchANT
2026-08-12 11:27:40+00:00,mem,slab,697802752.0,dbms,08-2026,couchbase-802-vanilla-ce-large-large-aws,1,ip-172-31-26-207,ranking,benchANT
2026-08-12 11:27:50+00:00,mem,slab,698839040.0,dbms,08-2026,couchbase-802-vanilla-ce-large-large-aws,1,ip-172-31-26-207,ranking,benchANT
2026-08-12 11:28:00+00:00,mem,slab,699658240.0,dbms,08-2026,couchbase-802-vanilla-ce-large-large-aws,1,ip-172-31-26-207,ranking,benchANT
2026-08-12 11:28:10+00:00,mem,slab,700739584.0,dbms,08-2026,couchbase-802-vanilla-ce-large-large-aws,1,ip-172-31-26-207,ranking,benchANT
2026-08-12 11:28:20+00:00,mem,slab,694267904.0,dbms,08-2026,couchbase-802-vanilla-ce-large-large-aws,1,ip-172-31-26-207,ranking,benchANT
2026-08-12 11:28:30+00:00,mem,slab,688439296.0,dbms,08-2026,couchbase-802-vanilla-ce-large-large-aws,1,ip-172-31-26-207,ranking,benchANT
2026-08-12 11:28:40+00:00,mem,slab,687480832.0,dbms,08-2026,couchbase-802-vanilla-ce-large-large-aws,1,ip-172-31-26-207,ranking,benchANT
2026-08-12 11:28:50+00:00,mem,slab,687702016.0,dbms,08-2026,couchbase-802-vanilla-ce-large-large-aws,1,ip-172-31-26-207,ranking,benchANT
2026-08-12 11:29:00+00:00,mem,slab,687226880.0,dbms,08-2026,couchbase-802-vanilla-ce-large-large-aws,1,ip-172-31-26-207,ranking,benchANT
2026-08-12 11:29:10+00:00,mem,slab,686710784.0,dbms,08-2026,couchbase-802-vanilla-ce-large-large-aws,1,ip-172-31-26-207,ranking,benchANT
2026-08-12 11:29:20+00:00,mem,slab,686600192.0,dbms,08-2026,couchbase-802-vanilla-ce-large-large-aws,1,ip-172-31-26-207,ranking,benchANT
2026-08-12 11:29:30+00:00,mem,slab,682422272.0,dbms,08-2026,couchbase-802-vanilla-ce-large-large-aws,1,ip-172-31-26-207,ranking,benchANT
2026-08-12 11:29:40+00:00,mem,slab,682598400.0,dbms,08-2026,couchbase-802-vanilla-ce-large-large-aws,1,ip-172-31-26-207,ranking,benchANT
2026-08-12 11:29:50+00:00,mem,slab,682590208.0,dbms,08-2026,couchbase-802-vanilla-ce-large-large-aws,1,ip-172-31-26-207,ranking,benchANT
2026-08-12 11:20:00+00:00,mem,sreclaimable,220590080.0,dbms,08-2026,couchbase-802-vanilla-ce-large-large-aws,1,ip-172-31-26-207,ranking,benchANT
2026-08-12 11:20:10+00:00,mem,sreclaimable,220614656.0,dbms,08-2026,couchbase-802-vanilla-ce-large-large-aws,1,ip-172-31-26-207,ranking,benchANT
2026-08-12 11:20:20+00:00,mem,sreclaimable,220614656.0,dbms,08-2026,couchbase-802-vanilla-ce-large-large-aws,1,ip-172-31-26-207,ranking,benchANT
2026-08-12 11:20:30+00:00,mem,sreclaimable,220622848.0,dbms,08-2026,couchbase-802-vanilla-ce-large-large-aws,1,ip-172-31-26-207,ranking,benchANT
2026-08-12 11:20:40+00:00,mem,sreclaimable,220688384.0,dbms,08-2026,couchbase-802-vanilla-ce-large-large-aws,1,ip-172-31-26-207,ranking,benchANT
2026-08-12 11:20:50+00:00,mem,sreclaimable,220880896.0,dbms,08-2026,couchbase-802-vanilla-ce-large-large-aws,1,ip-172-31-26-207,ranking,benchANT
2026-08-12 11:21:00+00:00,mem,sreclaimable,221401088.0,dbms,08-2026,couchbase-802-vanilla-ce-large-large-aws,1,ip-172-31-26-207,ranking,benchANT
2026-08-12 11:21:10+00:00,mem,sreclaimable,222584832.0,dbms,08-2026,couchbase-802-vanilla-ce-large-large-aws,1,ip-172-31-26-207,ranking,benchANT
2026-08-12 11:21:20+00:00,mem,sreclaimable,224219136.0,dbms,08-2026,couchbase-802-vanilla-ce-large-large-aws,1,ip-172-31-26-207,ranking,benchANT
2026-08-12 11:21:30+00:00,mem,sreclaimable,228048896.0,dbms,08-2026,couchbase-802-vanilla-ce-large-large-aws,1,ip-172-31-26-207,ranking,benchANT
2026-08-12 11:21:40+00:00,mem,sreclaimable,240136192.0,dbms,08-2026,couchbase-802-vanilla-ce-large-large-aws,1,ip-172-31-26-207,ranking,benchANT
2026-08-12 11:21:50+00:00,mem,sreclaimable,251523072.0,dbms,08-2026,couchbase-802-vanilla-ce-large-large-aws,1,ip-172-31-26-207,ranking,benchANT
2026-08-12 11:22:00+00:00,mem,sreclaimable,263196672.0,dbms,08-2026,couchbase-802-vanilla-ce-large-large-aws,1,ip-172-31-26-207,ranking,benchANT
2026-08-12 11:22:10+00:00,mem,sreclaimable,275447808.0,dbms,08-2026,couchbase-802-vanilla-ce-large-large-aws,1,ip-172-31-26-207,ranking,benchANT
2026-08-12 11:22:20+00:00,mem,sreclaimable,287285248.0,dbms,08-2026,couchbase-802-vanilla-ce-large-large-aws,1,ip-172-31-26-207,ranking,benchANT
2026-08-12 11:22:30+00:00,mem,sreclaimable,299778048.0,dbms,08-2026,couchbase-802-vanilla-ce-large-large-aws,1,ip-172-31-26-207,ranking,benchANT
2026-08-12 11:22:40+00:00,mem,sreclaimable,311353344.0,dbms,08-2026,couchbase-802-vanilla-ce-large-large-aws,1,ip-172-31-26-207,ranking,benchANT
2026-08-12 11:22:50+00:00,mem,sreclaimable,323350528.0,dbms,08-2026,couchbase-802-vanilla-ce-large-large-aws,1,ip-172-31-26-207,ranking,benchANT
2026-08-12 11:23:00+00:00,mem,sreclaimable,335622144.0,dbms,08-2026,couchbase-802-vanilla-ce-large-large-aws,1,ip-172-31-26-207,ranking,benchANT
2026-08-12 11:23:10+00:00,mem,sreclaimable,347611136.0,dbms,08-2026,couchbase-802-vanilla-ce-large-large-aws,1,ip-172-31-26-207,ranking,benchANT
2026-08-12 11:23:20+00:00,mem,sreclaimable,360009728.0,dbms,08-2026,couchbase-802-vanilla-ce-large-large-aws,1,ip-172-31-26-207,ranking,benchANT
2026-08-12 11:23:30+00:00,mem,sreclaimable,371326976.0,dbms,08-2026,couchbase-802-vanilla-ce-large-large-aws,1,ip-172-31-26-207,ranking,benchANT
2026-08-12 11:23:40+00:00,mem,sreclaimable,383254528.0,dbms,08-2026,couchbase-802-vanilla-ce-large-large-aws,1,ip-172-31-26-207,ranking,benchANT
2026-08-12 11:23:50+00:00,mem,sreclaimable,395620352.0,dbms,08-2026,couchbase-802-vanilla-ce-large-large-aws,1,ip-172-31-26-207,ranking,benchANT
2026-08-12 11:24:00+00:00,mem,sreclaimable,408047616.0,dbms,08-2026,couchbase-802-vanilla-ce-large-large-aws,1,ip-172-31-26-207,ranking,benchANT
2026-08-12 11:24:10+00:00,mem,sreclaimable,419741696.0,dbms,08-2026,couchbase-802-vanilla-ce-large-large-aws,1,ip-172-31-26-207,ranking,benchANT
2026-08-12 11:24:20+00:00,mem,sreclaimable,432066560.0,dbms,08-2026,couchbase-802-vanilla-ce-large-large-aws,1,ip-172-31-26-207,ranking,benchANT
2026-08-12 11:24:30+00:00,mem,sreclaimable,443969536.0,dbms,08-2026,couchbase-802-vanilla-ce-large-large-aws,1,ip-172-31-26-207,ranking,benchANT
2026-08-12 11:24:40+00:00,mem,sreclaimable,456081408.0,dbms,08-2026,couchbase-802-vanilla-ce-large-large-aws,1,ip-172-31-26-207,ranking,benchANT
2026-08-12 11:24:50+00:00,mem,sreclaimable,468033536.0,dbms,08-2026,couchbase-802-vanilla-ce-large-large-aws,1,ip-172-31-26-207,ranking,benchANT
2026-08-12 11:25:00+00:00,mem,sreclaimable,479453184.0,dbms,08-2026,couchbase-802-vanilla-ce-large-large-aws,1,ip-172-31-26-207,ranking,benchANT
2026-08-12 11:25:10+00:00,mem,sreclaimable,491343872.0,dbms,08-2026,couchbase-802-vanilla-ce-large-large-aws,1,ip-172-31-26-207,ranking,benchANT
2026-08-12 11:25:20+00:00,mem,sreclaimable,502599680.0,dbms,08-2026,couchbase-802-vanilla-ce-large-large-aws,1,ip-172-31-26-207,ranking,benchANT
2026-08-12 11:25:30+00:00,mem,sreclaimable,507011072.0,dbms,08-2026,couchbase-802-vanilla-ce-large-large-aws,1,ip-172-31-26-207,ranking,benchANT
2026-08-12 11:25:40+00:00,mem,sreclaimable,511004672.0,dbms,08-2026,couchbase-802-vanilla-ce-large-large-aws,1,ip-172-31-26-207,ranking,benchANT
2026-08-12 11:25:50+00:00,mem,sreclaimable,522412032.0,dbms,08-2026,couchbase-802-vanilla-ce-large-large-aws,1,ip-172-31-26-207,ranking,benchANT
2026-08-12 11:26:00+00:00,mem,sreclaimable,531214336.0,dbms,08-2026,couchbase-802-vanilla-ce-large-large-aws,1,ip-172-31-26-207,ranking,benchANT
2026-08-12 11:26:10+00:00,mem,sreclaimable,538906624.0,dbms,08-2026,couchbase-802-vanilla-ce-large-large-aws,1,ip-172-31-26-207,ranking,benchANT
2026-08-12 11:26:20+00:00,mem,sreclaimable,542793728.0,dbms,08-2026,couchbase-802-vanilla-ce-large-large-aws,1,ip-172-31-26-207,ranking,benchANT
2026-08-12 11:26:30+00:00,mem,sreclaimable,543694848.0,dbms,08-2026,couchbase-802-vanilla-ce-large-large-aws,1,ip-172-31-26-207,ranking,benchANT
2026-08-12 11:26:40+00:00,mem,sreclaimable,545927168.0,dbms,08-2026,couchbase-802-vanilla-ce-large-large-aws,1,ip-172-31-26-207,ranking,benchANT
2026-08-12 11:26:50+00:00,mem,sreclaimable,549355520.0,dbms,08-2026,couchbase-802-vanilla-ce-large-large-aws,1,ip-172-31-26-207,ranking,benchANT
2026-08-12 11:27:00+00:00,mem,sreclaimable,550768640.0,dbms,08-2026,couchbase-802-vanilla-ce-large-large-aws,1,ip-172-31-26-207,ranking,benchANT
2026-08-12 11:27:10+00:00,mem,sreclaimable,551469056.0,dbms,08-2026,couchbase-802-vanilla-ce-large-large-aws,1,ip-172-31-26-207,ranking,benchANT
2026-08-12 11:27:20+00:00,mem,sreclaimable,554606592.0,dbms,08-2026,couchbase-802-vanilla-ce-large-large-aws,1,ip-172-31-26-207,ranking,benchANT
2026-08-12 11:27:30+00:00,mem,sreclaimable,559099904.0,dbms,08-2026,couchbase-802-vanilla-ce-large-large-aws,1,ip-172-31-26-207,ranking,benchANT
2026-08-12 11:27:40+00:00,mem,sreclaimable,559828992.0,dbms,08-2026,couchbase-802-vanilla-ce-large-large-aws,1,ip-172-31-26-207,ranking,benchANT
2026-08-12 11:27:50+00:00,mem,sreclaimable,560848896.0,dbms,08-2026,couchbase-802-vanilla-ce-large-large-aws,1,ip-172-31-26-207,ranking,benchANT
2026-08-12 11:28:00+00:00,mem,sreclaimable,561635328.0,dbms,08-2026,couchbase-802-vanilla-ce-large-large-aws,1,ip-172-31-26-207,ranking,benchANT
2026-08-12 11:28:10+00:00,mem,sreclaimable,562601984.0,dbms,08-2026,couchbase-802-vanilla-ce-large-large-aws,1,ip-172-31-26-207,ranking,benchANT
2026-08-12 11:28:20+00:00,mem,sreclaimable,556396544.0,dbms,08-2026,couchbase-802-vanilla-ce-large-large-aws,1,ip-172-31-26-207,ranking,benchANT
2026-08-12 11:28:30+00:00,mem,sreclaimable,551407616.0,dbms,08-2026,couchbase-802-vanilla-ce-large-large-aws,1,ip-172-31-26-207,ranking,benchANT
2026-08-12 11:28:40+00:00,mem,sreclaimable,550842368.0,dbms,08-2026,couchbase-802-vanilla-ce-large-large-aws,1,ip-172-31-26-207,ranking,benchANT
2026-08-12 11:28:50+00:00,mem,sreclaimable,551202816.0,dbms,08-2026,couchbase-802-vanilla-ce-large-large-aws,1,ip-172-31-26-207,ranking,benchANT
2026-08-12 11:29:00+00:00,mem,sreclaimable,550727680.0,dbms,08-2026,couchbase-802-vanilla-ce-large-large-aws,1,ip-172-31-26-207,ranking,benchANT
2026-08-12 11:29:10+00:00,mem,sreclaimable,550354944.0,dbms,08-2026,couchbase-802-vanilla-ce-large-large-aws,1,ip-172-31-26-207,ranking,benchANT
2026-08-12 11:29:20+00:00,mem,sreclaimable,550424576.0,dbms,08-2026,couchbase-802-vanilla-ce-large-large-aws,1,ip-172-31-26-207,ranking,benchANT
2026-08-12 11:29:30+00:00,mem,sreclaimable,546803712.0,dbms,08-2026,couchbase-802-vanilla-ce-large-large-aws,1,ip-172-31-26-207,ranking,benchANT
2026-08-12 11:29:40+00:00,mem,sreclaimable,546979840.0,dbms,08-2026,couchbase-802-vanilla-ce-large-large-aws,1,ip-172-31-26-207,ranking,benchANT
2026-08-12 11:29:50+00:00,mem,sreclaimable,546979840.0,dbms,08-2026,couchbase-802-vanilla-ce-large-large-aws,1,ip-172-31-26-207,ranking,benchANT
2026-08-12 11:20:00+00:00,mem,sunreclaim,99512320.0,dbms,08-2026,couchbase-802-vanilla-ce-large-large-aws,1,ip-172-31-26-207,ranking,benchANT
2026-08-12 11:20:10+00:00,mem,sunreclaim,99512320.0,dbms,08-2026,couchbase-802-vanilla-ce-large-large-aws,1,ip-172-31-26-207,ranking,benchANT
2026-08-12 11:20:20+00:00,mem,sunreclaim,99504128.0,dbms,08-2026,couchbase-802-vanilla-ce-large-large-aws,1,ip-172-31-26-207,ranking,benchANT
2026-08-12 11:20:30+00:00,mem,sunreclaim,99504128.0,dbms,08-2026,couchbase-802-vanilla-ce-large-large-aws,1,ip-172-31-26-207,ranking,benchANT
2026-08-12 11:20:40+00:00,mem,sunreclaim,99438592.0,dbms,08-2026,couchbase-802-vanilla-ce-large-large-aws,1,ip-172-31-26-207,ranking,benchANT
2026-08-12 11:20:50+00:00,mem,sunreclaim,99438592.0,dbms,08-2026,couchbase-802-vanilla-ce-large-large-aws,1,ip-172-31-26-207,ranking,benchANT
2026-08-12 11:21:00+00:00,mem,sunreclaim,99471360.0,dbms,08-2026,couchbase-802-vanilla-ce-large-large-aws,1,ip-172-31-26-207,ranking,benchANT
2026-08-12 11:21:10+00:00,mem,sunreclaim,99586048.0,dbms,08-2026,couchbase-802-vanilla-ce-large-large-aws,1,ip-172-31-26-207,ranking,benchANT
2026-08-12 11:21:20+00:00,mem,sunreclaim,99811328.0,dbms,08-2026,couchbase-802-vanilla-ce-large-large-aws,1,ip-172-31-26-207,ranking,benchANT
2026-08-12 11:21:30+00:00,mem,sunreclaim,100286464.0,dbms,08-2026,couchbase-802-vanilla-ce-large-large-aws,1,ip-172-31-26-207,ranking,benchANT
2026-08-12 11:21:40+00:00,mem,sunreclaim,101752832.0,dbms,08-2026,couchbase-802-vanilla-ce-large-large-aws,1,ip-172-31-26-207,ranking,benchANT
2026-08-12 11:21:50+00:00,mem,sunreclaim,103063552.0,dbms,08-2026,couchbase-802-vanilla-ce-large-large-aws,1,ip-172-31-26-207,ranking,benchANT
2026-08-12 11:22:00+00:00,mem,sunreclaim,104448000.0,dbms,08-2026,couchbase-802-vanilla-ce-large-large-aws,1,ip-172-31-26-207,ranking,benchANT
2026-08-12 11:22:10+00:00,mem,sunreclaim,105816064.0,dbms,08-2026,couchbase-802-vanilla-ce-large-large-aws,1,ip-172-31-26-207,ranking,benchANT
2026-08-12 11:22:20+00:00,mem,sunreclaim,107249664.0,dbms,08-2026,couchbase-802-vanilla-ce-large-large-aws,1,ip-172-31-26-207,ranking,benchANT
2026-08-12 11:22:30+00:00,mem,sunreclaim,108699648.0,dbms,08-2026,couchbase-802-vanilla-ce-large-large-aws,1,ip-172-31-26-207,ranking,benchANT
2026-08-12 11:22:40+00:00,mem,sunreclaim,109985792.0,dbms,08-2026,couchbase-802-vanilla-ce-large-large-aws,1,ip-172-31-26-207,ranking,benchANT
2026-08-12 11:22:50+00:00,mem,sunreclaim,111419392.0,dbms,08-2026,couchbase-802-vanilla-ce-large-large-aws,1,ip-172-31-26-207,ranking,benchANT
2026-08-12 11:23:00+00:00,mem,sunreclaim,112803840.0,dbms,08-2026,couchbase-802-vanilla-ce-large-large-aws,1,ip-172-31-26-207,ranking,benchANT
2026-08-12 11:23:10+00:00,mem,sunreclaim,114216960.0,dbms,08-2026,couchbase-802-vanilla-ce-large-large-aws,1,ip-172-31-26-207,ranking,benchANT
2026-08-12 11:23:20+00:00,mem,sunreclaim,115638272.0,dbms,08-2026,couchbase-802-vanilla-ce-large-large-aws,1,ip-172-31-26-207,ranking,benchANT
2026-08-12 11:23:30+00:00,mem,sunreclaim,116965376.0,dbms,08-2026,couchbase-802-vanilla-ce-large-large-aws,1,ip-172-31-26-207,ranking,benchANT
2026-08-12 11:23:40+00:00,mem,sunreclaim,118398976.0,dbms,08-2026,couchbase-802-vanilla-ce-large-large-aws,1,ip-172-31-26-207,ranking,benchANT
2026-08-12 11:23:50+00:00,mem,sunreclaim,119873536.0,dbms,08-2026,couchbase-802-vanilla-ce-large-large-aws,1,ip-172-31-26-207,ranking,benchANT
2026-08-12 11:24:00+00:00,mem,sunreclaim,121290752.0,dbms,08-2026,couchbase-802-vanilla-ce-large-large-aws,1,ip-172-31-26-207,ranking,benchANT
2026-08-12 11:24:10+00:00,mem,sunreclaim,122650624.0,dbms,08-2026,couchbase-802-vanilla-ce-large-large-aws,1,ip-172-31-26-207,ranking,benchANT
2026-08-12 11:24:20+00:00,mem,sunreclaim,124059648.0,dbms,08-2026,couchbase-802-vanilla-ce-large-large-aws,1,ip-172-31-26-207,ranking,benchANT
2026-08-12 11:24:30+00:00,mem,sunreclaim,125460480.0,dbms,08-2026,couchbase-802-vanilla-ce-large-large-aws,1,ip-172-31-26-207,ranking,benchANT
2026-08-12 11:24:40+00:00,mem,sunreclaim,126836736.0,dbms,08-2026,couchbase-802-vanilla-ce-large-large-aws,1,ip-172-31-26-207,ranking,benchANT
2026-08-12 11:24:50+00:00,mem,sunreclaim,128245760.0,dbms,08-2026,couchbase-802-vanilla-ce-large-large-aws,1,ip-172-31-26-207,ranking,benchANT
2026-08-12 11:25:00+00:00,mem,sunreclaim,129589248.0,dbms,08-2026,couchbase-802-vanilla-ce-large-large-aws,1,ip-172-31-26-207,ranking,benchANT
2026-08-12 11:25:10+00:00,mem,sunreclaim,131039232.0,dbms,08-2026,couchbase-802-vanilla-ce-large-large-aws,1,ip-172-31-26-207,ranking,benchANT
2026-08-12 11:25:20+00:00,mem,sunreclaim,132333568.0,dbms,08-2026,couchbase-802-vanilla-ce-large-large-aws,1,ip-172-31-26-207,ranking,benchANT
2026-08-12 11:25:30+00:00,mem,sunreclaim,132964352.0,dbms,08-2026,couchbase-802-vanilla-ce-large-large-aws,1,ip-172-31-26-207,ranking,benchANT
2026-08-12 11:25:40+00:00,mem,sunreclaim,133271552.0,dbms,08-2026,couchbase-802-vanilla-ce-large-large-aws,1,ip-172-31-26-207,ranking,benchANT
2026-08-12 11:25:50+00:00,mem,sunreclaim,134639616.0,dbms,08-2026,couchbase-802-vanilla-ce-large-large-aws,1,ip-172-31-26-207,ranking,benchANT
2026-08-12 11:26:00+00:00,mem,sunreclaim,135573504.0,dbms,08-2026,couchbase-802-vanilla-ce-large-large-aws,1,ip-172-31-26-207,ranking,benchANT
2026-08-12 11:26:10+00:00,mem,sunreclaim,136482816.0,dbms,08-2026,couchbase-802-vanilla-ce-large-large-aws,1,ip-172-31-26-207,ranking,benchANT
2026-08-12 11:26:20+00:00,mem,sunreclaim,136798208.0,dbms,08-2026,couchbase-802-vanilla-ce-large-large-aws,1,ip-172-31-26-207,ranking,benchANT
2026-08-12 11:26:30+00:00,mem,sunreclaim,137043968.0,dbms,08-2026,couchbase-802-vanilla-ce-large-large-aws,1,ip-172-31-26-207,ranking,benchANT
2026-08-12 11:26:40+00:00,mem,sunreclaim,137101312.0,dbms,08-2026,couchbase-802-vanilla-ce-large-large-aws,1,ip-172-31-26-207,ranking,benchANT
2026-08-12 11:26:50+00:00,mem,sunreclaim,137138176.0,dbms,08-2026,couchbase-802-vanilla-ce-large-large-aws,1,ip-172-31-26-207,ranking,benchANT
2026-08-12 11:27:00+00:00,mem,sunreclaim,137170944.0,dbms,08-2026,couchbase-802-vanilla-ce-large-large-aws,1,ip-172-31-26-207,ranking,benchANT
2026-08-12 11:27:10+00:00,mem,sunreclaim,137146368.0,dbms,08-2026,couchbase-802-vanilla-ce-large-large-aws,1,ip-172-31-26-207,ranking,benchANT
2026-08-12 11:27:20+00:00,mem,sunreclaim,137441280.0,dbms,08-2026,couchbase-802-vanilla-ce-large-large-aws,1,ip-172-31-26-207,ranking,benchANT
2026-08-12 11:27:30+00:00,mem,sunreclaim,137940992.0,dbms,08-2026,couchbase-802-vanilla-ce-large-large-aws,1,ip-172-31-26-207,ranking,benchANT
2026-08-12 11:27:40+00:00,mem,sunreclaim,137973760.0,dbms,08-2026,couchbase-802-vanilla-ce-large-large-aws,1,ip-172-31-26-207,ranking,benchANT
2026-08-12 11:27:50+00:00,mem,sunreclaim,137990144.0,dbms,08-2026,couchbase-802-vanilla-ce-large-large-aws,1,ip-172-31-26-207,ranking,benchANT
2026-08-12 11:28:00+00:00,mem,sunreclaim,138022912.0,dbms,08-2026,couchbase-802-vanilla-ce-large-large-aws,1,ip-172-31-26-207,ranking,benchANT
2026-08-12 11:28:10+00:00,mem,sunreclaim,138137600.0,dbms,08-2026,couchbase-802-vanilla-ce-large-large-aws,1,ip-172-31-26-207,ranking,benchANT
2026-08-12 11:28:20+00:00,mem,sunreclaim,137871360.0,dbms,08-2026,couchbase-802-vanilla-ce-large-large-aws,1,ip-172-31-26-207,ranking,benchANT
2026-08-12 11:28:30+00:00,mem,sunreclaim,137031680.0,dbms,08-2026,couchbase-802-vanilla-ce-large-large-aws,1,ip-172-31-26-207,ranking,benchANT
2026-08-12 11:28:40+00:00,mem,sunreclaim,136638464.0,dbms,08-2026,couchbase-802-vanilla-ce-large-large-aws,1,ip-172-31-26-207,ranking,benchANT
2026-08-12 11:28:50+00:00,mem,sunreclaim,136499200.0,dbms,08-2026,couchbase-802-vanilla-ce-large-large-aws,1,ip-172-31-26-207,ranking,benchANT
2026-08-12 11:29:00+00:00,mem,sunreclaim,136499200.0,dbms,08-2026,couchbase-802-vanilla-ce-large-large-aws,1,ip-172-31-26-207,ranking,benchANT
2026-08-12 11:29:10+00:00,mem,sunreclaim,136355840.0,dbms,08-2026,couchbase-802-vanilla-ce-large-large-aws,1,ip-172-31-26-207,ranking,benchANT
2026-08-12 11:29:20+00:00,mem,sunreclaim,136175616.0,dbms,08-2026,couchbase-802-vanilla-ce-large-large-aws,1,ip-172-31-26-207,ranking,benchANT
2026-08-12 11:29:30+00:00,mem,sunreclaim,135618560.0,dbms,08-2026,couchbase-802-vanilla-ce-large-large-aws,1,ip-172-31-26-207,ranking,benchANT
2026-08-12 11:29:40+00:00,mem,sunreclaim,135618560.0,dbms,08-2026,couchbase-802-vanilla-ce-large-large-aws,1,ip-172-31-26-207,ranking,benchANT
2026-08-12 11:29:50+00:00,mem,sunreclaim,135610368.0,dbms,08-2026,couchbase-802-vanilla-ce-large-large-aws,1,ip-172-31-26-207,ranking,benchANT
2026-08-12 11:20:00+00:00,mem,swap_cached,0.0,dbms,08-2026,couchbase-802-vanilla-ce-large-large-aws,1,ip-172-31-26-207,ranking,benchANT
2026-08-12 11:20:10+00:00,mem,swap_cached,0.0,dbms,08-2026,couchbase-802-vanilla-ce-large-large-aws,1,ip-172-31-26-207,ranking,benchANT
2026-08-12 11:20:20+00:00,mem,swap_cached,0.0,dbms,08-2026,couchbase-802-vanilla-ce-large-large-aws,1,ip-172-31-26-207,ranking,benchANT
2026-08-12 11:20:30+00:00,mem,swap_cached,0.0,dbms,08-2026,couchbase-802-vanilla-ce-large-large-aws,1,ip-172-31-26-207,ranking,benchANT
2026-08-12 11:20:40+00:00,mem,swap_cached,0.0,dbms,08-2026,couchbase-802-vanilla-ce-large-large-aws,1,ip-172-31-26-207,ranking,benchANT
2026-08-12 11:20:50+00:00,mem,swap_cached,0.0,dbms,08-2026,couchbase-802-vanilla-ce-large-large-aws,1,ip-172-31-26-207,ranking,benchANT
2026-08-12 11:21:00+00:00,mem,swap_cached,0.0,dbms,08-2026,couchbase-802-vanilla-ce-large-large-aws,1,ip-172-31-26-207,ranking,benchANT
2026-08-12 11:21:10+00:00,mem,swap_cached,0.0,dbms,08-2026,couchbase-802-vanilla-ce-large-large-aws,1,ip-172-31-26-207,ranking,benchANT
2026-08-12 11:21:20+00:00,mem,swap_cached,0.0,dbms,08-2026,couchbase-802-vanilla-ce-large-large-aws,1,ip-172-31-26-207,ranking,benchANT
2026-08-12 11:21:30+00:00,mem,swap_cached,0.0,dbms,08-2026,couchbase-802-vanilla-ce-large-large-aws,1,ip-172-31-26-207,ranking,benchANT
2026-08-12 11:21:40+00:00,mem,swap_cached,0.0,dbms,08-2026,couchbase-802-vanilla-ce-large-large-aws,1,ip-172-31-26-207,ranking,benchANT
2026-08-12 11:21:50+00:00,mem,swap_cached,0.0,dbms,08-2026,couchbase-802-vanilla-ce-large-large-aws,1,ip-172-31-26-207,ranking,benchANT
2026-08-12 11:22:00+00:00,mem,swap_cached,0.0,dbms,08-2026,couchbase-802-vanilla-ce-large-large-aws,1,ip-172-31-26-207,ranking,benchANT
2026-08-12 11:22:10+00:00,mem,swap_cached,0.0,dbms,08-2026,couchbase-802-vanilla-ce-large-large-aws,1,ip-172-31-26-207,ranking,benchANT
2026-08-12 11:22:20+00:00,mem,swap_cached,0.0,dbms,08-2026,couchbase-802-vanilla-ce-large-large-aws,1,ip-172-31-26-207,ranking,benchANT
2026-08-12 11:22:30+00:00,mem,swap_cached,0.0,dbms,08-2026,couchbase-802-vanilla-ce-large-large-aws,1,ip-172-31-26-207,ranking,benchANT
2026-08-12 11:22:40+00:00,mem,swap_cached,0.0,dbms,08-2026,couchbase-802-vanilla-ce-large-large-aws,1,ip-172-31-26-207,ranking,benchANT
2026-08-12 11:22:50+00:00,mem,swap_cached,0.0,dbms,08-2026,couchbase-802-vanilla-ce-large-large-aws,1,ip-172-31-26-207,ranking,benchANT
2026-08-12 11:23:00+00:00,mem,swap_cached,0.0,dbms,08-2026,couchbase-802-vanilla-ce-large-large-aws,1,ip-172-31-26-207,ranking,benchANT
2026-08-12 11:23:10+00:00,mem,swap_cached,0.0,dbms,08-2026,couchbase-802-vanilla-ce-large-large-aws,1,ip-172-31-26-207,ranking,benchANT
2026-08-12 11:23:20+00:00,mem,swap_cached,0.0,dbms,08-2026,couchbase-802-vanilla-ce-large-large-aws,1,ip-172-31-26-207,ranking,benchANT
2026-08-12 11:23:30+00:00,mem,swap_cached,0.0,dbms,08-2026,couchbase-802-vanilla-ce-large-large-aws,1,ip-172-31-26-207,ranking,benchANT
2026-08-12 11:23:40+00:00,mem,swap_cached,0.0,dbms,08-2026,couchbase-802-vanilla-ce-large-large-aws,1,ip-172-31-26-207,ranking,benchANT
2026-08-12 11:23:50+00:00,mem,swap_cached,0.0,dbms,08-2026,couchbase-802-vanilla-ce-large-large-aws,1,ip-172-31-26-207,ranking,benchANT
2026-08-12 11:24:00+00:00,mem,swap_cached,0.0,dbms,08-2026,couchbase-802-vanilla-ce-large-large-aws,1,ip-172-31-26-207,ranking,benchANT
2026-08-12 11:24:10+00:00,mem,swap_cached,0.0,dbms,08-2026,couchbase-802-vanilla-ce-large-large-aws,1,ip-172-31-26-207,ranking,benchANT
2026-08-12 11:24:20+00:00,mem,swap_cached,0.0,dbms,08-2026,couchbase-802-vanilla-ce-large-large-aws,1,ip-172-31-26-207,ranking,benchANT
2026-08-12 11:24:30+00:00,mem,swap_cached,0.0,dbms,08-2026,couchbase-802-vanilla-ce-large-large-aws,1,ip-172-31-26-207,ranking,benchANT
2026-08-12 11:24:40+00:00,mem,swap_cached,0.0,dbms,08-2026,couchbase-802-vanilla-ce-large-large-aws,1,ip-172-31-26-207,ranking,benchANT
2026-08-12 11:24:50+00:00,mem,swap_cached,0.0,dbms,08-2026,couchbase-802-vanilla-ce-large-large-aws,1,ip-172-31-26-207,ranking,benchANT
2026-08-12 11:25:00+00:00,mem,swap_cached,0.0,dbms,08-2026,couchbase-802-vanilla-ce-large-large-aws,1,ip-172-31-26-207,ranking,benchANT
2026-08-12 11:25:10+00:00,mem,swap_cached,0.0,dbms,08-2026,couchbase-802-vanilla-ce-large-large-aws,1,ip-172-31-26-207,ranking,benchANT
2026-08-12 11:25:20+00:00,mem,swap_cached,0.0,dbms,08-2026,couchbase-802-vanilla-ce-large-large-aws,1,ip-172-31-26-207,ranking,benchANT
2026-08-12 11:25:30+00:00,mem,swap_cached,0.0,dbms,08-2026,couchbase-802-vanilla-ce-large-large-aws,1,ip-172-31-26-207,ranking,benchANT
2026-08-12 11:25:40+00:00,mem,swap_cached,0.0,dbms,08-2026,couchbase-802-vanilla-ce-large-large-aws,1,ip-172-31-26-207,ranking,benchANT
2026-08-12 11:25:50+00:00,mem,swap_cached,0.0,dbms,08-2026,couchbase-802-vanilla-ce-large-large-aws,1,ip-172-31-26-207,ranking,benchANT
2026-08-12 11:26:00+00:00,mem,swap_cached,0.0,dbms,08-2026,couchbase-802-vanilla-ce-large-large-aws,1,ip-172-31-26-207,ranking,benchANT
2026-08-12 11:26:10+00:00,mem,swap_cached,0.0,dbms,08-2026,couchbase-802-vanilla-ce-large-large-aws,1,ip-172-31-26-207,ranking,benchANT
2026-08-12 11:26:20+00:00,mem,swap_cached,0.0,dbms,08-2026,couchbase-802-vanilla-ce-large-large-aws,1,ip-172-31-26-207,ranking,benchANT
2026-08-12 11:26:30+00:00,mem,swap_cached,0.0,dbms,08-2026,couchbase-802-vanilla-ce-large-large-aws,1,ip-172-31-26-207,ranking,benchANT
2026-08-12 11:26:40+00:00,mem,swap_cached,0.0,dbms,08-2026,couchbase-802-vanilla-ce-large-large-aws,1,ip-172-31-26-207,ranking,benchANT
2026-08-12 11:26:50+00:00,mem,swap_cached,0.0,dbms,08-2026,couchbase-802-vanilla-ce-large-large-aws,1,ip-172-31-26-207,ranking,benchANT
2026-08-12 11:27:00+00:00,mem,swap_cached,0.0,dbms,08-2026,couchbase-802-vanilla-ce-large-large-aws,1,ip-172-31-26-207,ranking,benchANT
2026-08-12 11:27:10+00:00,mem,swap_cached,0.0,dbms,08-2026,couchbase-802-vanilla-ce-large-large-aws,1,ip-172-31-26-207,ranking,benchANT
2026-08-12 11:27:20+00:00,mem,swap_cached,0.0,dbms,08-2026,couchbase-802-vanilla-ce-large-large-aws,1,ip-172-31-26-207,ranking,benchANT
2026-08-12 11:27:30+00:00,mem,swap_cached,0.0,dbms,08-2026,couchbase-802-vanilla-ce-large-large-aws,1,ip-172-31-26-207,ranking,benchANT
2026-08-12 11:27:40+00:00,mem,swap_cached,0.0,dbms,08-2026,couchbase-802-vanilla-ce-large-large-aws,1,ip-172-31-26-207,ranking,benchANT
2026-08-12 11:27:50+00:00,mem,swap_cached,0.0,dbms,08-2026,couchbase-802-vanilla-ce-large-large-aws,1,ip-172-31-26-207,ranking,benchANT
2026-08-12 11:28:00+00:00,mem,swap_cached,0.0,dbms,08-2026,couchbase-802-vanilla-ce-large-large-aws,1,ip-172-31-26-207,ranking,benchANT
2026-08-12 11:28:10+00:00,mem,swap_cached,0.0,dbms,08-2026,couchbase-802-vanilla-ce-large-large-aws,1,ip-172-31-26-207,ranking,benchANT
2026-08-12 11:28:20+00:00,mem,swap_cached,0.0,dbms,08-2026,couchbase-802-vanilla-ce-large-large-aws,1,ip-172-31-26-207,ranking,benchANT
2026-08-12 11:28:30+00:00,mem,swap_cached,0.0,dbms,08-2026,couchbase-802-vanilla-ce-large-large-aws,1,ip-172-31-26-207,ranking,benchANT
2026-08-12 11:28:40+00:00,mem,swap_cached,0.0,dbms,08-2026,couchbase-802-vanilla-ce-large-large-aws,1,ip-172-31-26-207,ranking,benchANT
2026-08-12 11:28:50+00:00,mem,swap_cached,0.0,dbms,08-2026,couchbase-802-vanilla-ce-large-large-aws,1,ip-172-31-26-207,ranking,benchANT
2026-08-12 11:29:00+00:00,mem,swap_cached,0.0,dbms,08-2026,couchbase-802-vanilla-ce-large-large-aws,1,ip-172-31-26-207,ranking,benchANT
2026-08-12 11:29:10+00:00,mem,swap_cached,0.0,dbms,08-2026,couchbase-802-vanilla-ce-large-large-aws,1,ip-172-31-26-207,ranking,benchANT
2026-08-12 11:29:20+00:00,mem,swap_cached,0.0,dbms,08-2026,couchbase-802-vanilla-ce-large-large-aws,1,ip-172-31-26-207,ranking,benchANT
2026-08-12 11:29:30+00:00,mem,swap_cached,0.0,dbms,08-2026,couchbase-802-vanilla-ce-large-large-aws,1,ip-172-31-26-207,ranking,benchANT
2026-08-12 11:29:40+00:00,mem,swap_cached,0.0,dbms,08-2026,couchbase-802-vanilla-ce-large-large-aws,1,ip-172-31-26-207,ranking,benchANT
2026-08-12 11:29:50+00:00,mem,swap_cached,0.0,dbms,08-2026,couchbase-802-vanilla-ce-large-large-aws,1,ip-172-31-26-207,ranking,benchANT
2026-08-12 11:20:00+00:00,mem,swap_free,0.0,dbms,08-2026,couchbase-802-vanilla-ce-large-large-aws,1,ip-172-31-26-207,ranking,benchANT
2026-08-12 11:20:10+00:00,mem,swap_free,0.0,dbms,08-2026,couchbase-802-vanilla-ce-large-large-aws,1,ip-172-31-26-207,ranking,benchANT
2026-08-12 11:20:20+00:00,mem,swap_free,0.0,dbms,08-2026,couchbase-802-vanilla-ce-large-large-aws,1,ip-172-31-26-207,ranking,benchANT
2026-08-12 11:20:30+00:00,mem,swap_free,0.0,dbms,08-2026,couchbase-802-vanilla-ce-large-large-aws,1,ip-172-31-26-207,ranking,benchANT
2026-08-12 11:20:40+00:00,mem,swap_free,0.0,dbms,08-2026,couchbase-802-vanilla-ce-large-large-aws,1,ip-172-31-26-207,ranking,benchANT
2026-08-12 11:20:50+00:00,mem,swap_free,0.0,dbms,08-2026,couchbase-802-vanilla-ce-large-large-aws,1,ip-172-31-26-207,ranking,benchANT
2026-08-12 11:21:00+00:00,mem,swap_free,0.0,dbms,08-2026,couchbase-802-vanilla-ce-large-large-aws,1,ip-172-31-26-207,ranking,benchANT
2026-08-12 11:21:10+00:00,mem,swap_free,0.0,dbms,08-2026,couchbase-802-vanilla-ce-large-large-aws,1,ip-172-31-26-207,ranking,benchANT
2026-08-12 11:21:20+00:00,mem,swap_free,0.0,dbms,08-2026,couchbase-802-vanilla-ce-large-large-aws,1,ip-172-31-26-207,ranking,benchANT
2026-08-12 11:21:30+00:00,mem,swap_free,0.0,dbms,08-2026,couchbase-802-vanilla-ce-large-large-aws,1,ip-172-31-26-207,ranking,benchANT
2026-08-12 11:21:40+00:00,mem,swap_free,0.0,dbms,08-2026,couchbase-802-vanilla-ce-large-large-aws,1,ip-172-31-26-207,ranking,benchANT
2026-08-12 11:21:50+00:00,mem,swap_free,0.0,dbms,08-2026,couchbase-802-vanilla-ce-large-large-aws,1,ip-172-31-26-207,ranking,benchANT
2026-08-12 11:22:00+00:00,mem,swap_free,0.0,dbms,08-2026,couchbase-802-vanilla-ce-large-large-aws,1,ip-172-31-26-207,ranking,benchANT
2026-08-12 11:22:10+00:00,mem,swap_free,0.0,dbms,08-2026,couchbase-802-vanilla-ce-large-large-aws,1,ip-172-31-26-207,ranking,benchANT
2026-08-12 11:22:20+00:00,mem,swap_free,0.0,dbms,08-2026,couchbase-802-vanilla-ce-large-large-aws,1,ip-172-31-26-207,ranking,benchANT
2026-08-12 11:22:30+00:00,mem,swap_free,0.0,dbms,08-2026,couchbase-802-vanilla-ce-large-large-aws,1,ip-172-31-26-207,ranking,benchANT
2026-08-12 11:22:40+00:00,mem,swap_free,0.0,dbms,08-2026,couchbase-802-vanilla-ce-large-large-aws,1,ip-172-31-26-207,ranking,benchANT
2026-08-12 11:22:50+00:00,mem,swap_free,0.0,dbms,08-2026,couchbase-802-vanilla-ce-large-large-aws,1,ip-172-31-26-207,ranking,benchANT
2026-08-12 11:23:00+00:00,mem,swap_free,0.0,dbms,08-2026,couchbase-802-vanilla-ce-large-large-aws,1,ip-172-31-26-207,ranking,benchANT
2026-08-12 11:23:10+00:00,mem,swap_free,0.0,dbms,08-2026,couchbase-802-vanilla-ce-large-large-aws,1,ip-172-31-26-207,ranking,benchANT
2026-08-12 11:23:20+00:00,mem,swap_free,0.0,dbms,08-2026,couchbase-802-vanilla-ce-large-large-aws,1,ip-172-31-26-207,ranking,benchANT
2026-08-12 11:23:30+00:00,mem,swap_free,0.0,dbms,08-2026,couchbase-802-vanilla-ce-large-large-aws,1,ip-172-31-26-207,ranking,benchANT
2026-08-12 11:23:40+00:00,mem,swap_free,0.0,dbms,08-2026,couchbase-802-vanilla-ce-large-large-aws,1,ip-172-31-26-207,ranking,benchANT
2026-08-12 11:23:50+00:00,mem,swap_free,0.0,dbms,08-2026,couchbase-802-vanilla-ce-large-large-aws,1,ip-172-31-26-207,ranking,benchANT
2026-08-12 11:24:00+00:00,mem,swap_free,0.0,dbms,08-2026,couchbase-802-vanilla-ce-large-large-aws,1,ip-172-31-26-207,ranking,benchANT
2026-08-12 11:24:10+00:00,mem,swap_free,0.0,dbms,08-2026,couchbase-802-vanilla-ce-large-large-aws,1,ip-172-31-26-207,ranking,benchANT
2026-08-12 11:24:20+00:00,mem,swap_free,0.0,dbms,08-2026,couchbase-802-vanilla-ce-large-large-aws,1,ip-172-31-26-207,ranking,benchANT
2026-08-12 11:24:30+00:00,mem,swap_free,0.0,dbms,08-2026,couchbase-802-vanilla-ce-large-large-aws,1,ip-172-31-26-207,ranking,benchANT
2026-08-12 11:24:40+00:00,mem,swap_free,0.0,dbms,08-2026,couchbase-802-vanilla-ce-large-large-aws,1,ip-172-31-26-207,ranking,benchANT
2026-08-12 11:24:50+00:00,mem,swap_free,0.0,dbms,08-2026,couchbase-802-vanilla-ce-large-large-aws,1,ip-172-31-26-207,ranking,benchANT
2026-08-12 11:25:00+00:00,mem,swap_free,0.0,dbms,08-2026,couchbase-802-vanilla-ce-large-large-aws,1,ip-172-31-26-207,ranking,benchANT
2026-08-12 11:25:10+00:00,mem,swap_free,0.0,dbms,08-2026,couchbase-802-vanilla-ce-large-large-aws,1,ip-172-31-26-207,ranking,benchANT
2026-08-12 11:25:20+00:00,mem,swap_free,0.0,dbms,08-2026,couchbase-802-vanilla-ce-large-large-aws,1,ip-172-31-26-207,ranking,benchANT
2026-08-12 11:25:30+00:00,mem,swap_free,0.0,dbms,08-2026,couchbase-802-vanilla-ce-large-large-aws,1,ip-172-31-26-207,ranking,benchANT
2026-08-12 11:25:40+00:00,mem,swap_free,0.0,dbms,08-2026,couchbase-802-vanilla-ce-large-large-aws,1,ip-172-31-26-207,ranking,benchANT
2026-08-12 11:25:50+00:00,mem,swap_free,0.0,dbms,08-2026,couchbase-802-vanilla-ce-large-large-aws,1,ip-172-31-26-207,ranking,benchANT
2026-08-12 11:26:00+00:00,mem,swap_free,0.0,dbms,08-2026,couchbase-802-vanilla-ce-large-large-aws,1,ip-172-31-26-207,ranking,benchANT
2026-08-12 11:26:10+00:00,mem,swap_free,0.0,dbms,08-2026,couchbase-802-vanilla-ce-large-large-aws,1,ip-172-31-26-207,ranking,benchANT
2026-08-12 11:26:20+00:00,mem,swap_free,0.0,dbms,08-2026,couchbase-802-vanilla-ce-large-large-aws,1,ip-172-31-26-207,ranking,benchANT
2026-08-12 11:26:30+00:00,mem,swap_free,0.0,dbms,08-2026,couchbase-802-vanilla-ce-large-large-aws,1,ip-172-31-26-207,ranking,benchANT
2026-08-12 11:26:40+00:00,mem,swap_free,0.0,dbms,08-2026,couchbase-802-vanilla-ce-large-large-aws,1,ip-172-31-26-207,ranking,benchANT
2026-08-12 11:26:50+00:00,mem,swap_free,0.0,dbms,08-2026,couchbase-802-vanilla-ce-large-large-aws,1,ip-172-31-26-207,ranking,benchANT
2026-08-12 11:27:00+00:00,mem,swap_free,0.0,dbms,08-2026,couchbase-802-vanilla-ce-large-large-aws,1,ip-172-31-26-207,ranking,benchANT
2026-08-12 11:27:10+00:00,mem,swap_free,0.0,dbms,08-2026,couchbase-802-vanilla-ce-large-large-aws,1,ip-172-31-26-207,ranking,benchANT
2026-08-12 11:27:20+00:00,mem,swap_free,0.0,dbms,08-2026,couchbase-802-vanilla-ce-large-large-aws,1,ip-172-31-26-207,ranking,benchANT
2026-08-12 11:27:30+00:00,mem,swap_free,0.0,dbms,08-2026,couchbase-802-vanilla-ce-large-large-aws,1,ip-172-31-26-207,ranking,benchANT
2026-08-12 11:27:40+00:00,mem,swap_free,0.0,dbms,08-2026,couchbase-802-vanilla-ce-large-large-aws,1,ip-172-31-26-207,ranking,benchANT
2026-08-12 11:27:50+00:00,mem,swap_free,0.0,dbms,08-2026,couchbase-802-vanilla-ce-large-large-aws,1,ip-172-31-26-207,ranking,benchANT
2026-08-12 11:28:00+00:00,mem,swap_free,0.0,dbms,08-2026,couchbase-802-vanilla-ce-large-large-aws,1,ip-172-31-26-207,ranking,benchANT
2026-08-12 11:28:10+00:00,mem,swap_free,0.0,dbms,08-2026,couchbase-802-vanilla-ce-large-large-aws,1,ip-172-31-26-207,ranking,benchANT
2026-08-12 11:28:20+00:00,mem,swap_free,0.0,dbms,08-2026,couchbase-802-vanilla-ce-large-large-aws,1,ip-172-31-26-207,ranking,benchANT
2026-08-12 11:28:30+00:00,mem,swap_free,0.0,dbms,08-2026,couchbase-802-vanilla-ce-large-large-aws,1,ip-172-31-26-207,ranking,benchANT
2026-08-12 11:28:40+00:00,mem,swap_free,0.0,dbms,08-2026,couchbase-802-vanilla-ce-large-large-aws,1,ip-172-31-26-207,ranking,benchANT
2026-08-12 11:28:50+00:00,mem,swap_free,0.0,dbms,08-2026,couchbase-802-vanilla-ce-large-large-aws,1,ip-172-31-26-207,ranking,benchANT
2026-08-12 11:29:00+00:00,mem,swap_free,0.0,dbms,08-2026,couchbase-802-vanilla-ce-large-large-aws,1,ip-172-31-26-207,ranking,benchANT
2026-08-12 11:29:10+00:00,mem,swap_free,0.0,dbms,08-2026,couchbase-802-vanilla-ce-large-large-aws,1,ip-172-31-26-207,ranking,benchANT
2026-08-12 11:29:20+00:00,mem,swap_free,0.0,dbms,08-2026,couchbase-802-vanilla-ce-large-large-aws,1,ip-172-31-26-207,ranking,benchANT
2026-08-12 11:29:30+00:00,mem,swap_free,0.0,dbms,08-2026,couchbase-802-vanilla-ce-large-large-aws,1,ip-172-31-26-207,ranking,benchANT
2026-08-12 11:29:40+00:00,mem,swap_free,0.0,dbms,08-2026,couchbase-802-vanilla-ce-large-large-aws,1,ip-172-31-26-207,ranking,benchANT
2026-08-12 11:29:50+00:00,mem,swap_free,0.0,dbms,08-2026,couchbase-802-vanilla-ce-large-large-aws,1,ip-172-31-26-207,ranking,benchANT
2026-08-12 11:20:00+00:00,mem,swap_total,0.0,dbms,08-2026,couchbase-802-vanilla-ce-large-large-aws,1,ip-172-31-26-207,ranking,benchANT
2026-08-12 11:20:10+00:00,mem,swap_total,0.0,dbms,08-2026,couchbase-802-vanilla-ce-large-large-aws,1,ip-172-31-26-207,ranking,benchANT
2026-08-12 11:20:20+00:00,mem,swap_total,0.0,dbms,08-2026,couchbase-802-vanilla-ce-large-large-aws,1,ip-172-31-26-207,ranking,benchANT
2026-08-12 11:20:30+00:00,mem,swap_total,0.0,dbms,08-2026,couchbase-802-vanilla-ce-large-large-aws,1,ip-172-31-26-207,ranking,benchANT
2026-08-12 11:20:40+00:00,mem,swap_total,0.0,dbms,08-2026,couchbase-802-vanilla-ce-large-large-aws,1,ip-172-31-26-207,ranking,benchANT
2026-08-12 11:20:50+00:00,mem,swap_total,0.0,dbms,08-2026,couchbase-802-vanilla-ce-large-large-aws,1,ip-172-31-26-207,ranking,benchANT
2026-08-12 11:21:00+00:00,mem,swap_total,0.0,dbms,08-2026,couchbase-802-vanilla-ce-large-large-aws,1,ip-172-31-26-207,ranking,benchANT
2026-08-12 11:21:10+00:00,mem,swap_total,0.0,dbms,08-2026,couchbase-802-vanilla-ce-large-large-aws,1,ip-172-31-26-207,ranking,benchANT
2026-08-12 11:21:20+00:00,mem,swap_total,0.0,dbms,08-2026,couchbase-802-vanilla-ce-large-large-aws,1,ip-172-31-26-207,ranking,benchANT
2026-08-12 11:21:30+00:00,mem,swap_total,0.0,dbms,08-2026,couchbase-802-vanilla-ce-large-large-aws,1,ip-172-31-26-207,ranking,benchANT
2026-08-12 11:21:40+00:00,mem,swap_total,0.0,dbms,08-2026,couchbase-802-vanilla-ce-large-large-aws,1,ip-172-31-26-207,ranking,benchANT
2026-08-12 11:21:50+00:00,mem,swap_total,0.0,dbms,08-2026,couchbase-802-vanilla-ce-large-large-aws,1,ip-172-31-26-207,ranking,benchANT
2026-08-12 11:22:00+00:00,mem,swap_total,0.0,dbms,08-2026,couchbase-802-vanilla-ce-large-large-aws,1,ip-172-31-26-207,ranking,benchANT
2026-08-12 11:22:10+00:00,mem,swap_total,0.0,dbms,08-2026,couchbase-802-vanilla-ce-large-large-aws,1,ip-172-31-26-207,ranking,benchANT
2026-08-12 11:22:20+00:00,mem,swap_total,0.0,dbms,08-2026,couchbase-802-vanilla-ce-large-large-aws,1,ip-172-31-26-207,ranking,benchANT
2026-08-12 11:22:30+00:00,mem,swap_total,0.0,dbms,08-2026,couchbase-802-vanilla-ce-large-large-aws,1,ip-172-31-26-207,ranking,benchANT
2026-08-12 11:22:40+00:00,mem,swap_total,0.0,dbms,08-2026,couchbase-802-vanilla-ce-large-large-aws,1,ip-172-31-26-207,ranking,benchANT
2026-08-12 11:22:50+00:00,mem,swap_total,0.0,dbms,08-2026,couchbase-802-vanilla-ce-large-large-aws,1,ip-172-31-26-207,ranking,benchANT
2026-08-12 11:23:00+00:00,mem,swap_total,0.0,dbms,08-2026,couchbase-802-vanilla-ce-large-large-aws,1,ip-172-31-26-207,ranking,benchANT
2026-08-12 11:23:10+00:00,mem,swap_total,0.0,dbms,08-2026,couchbase-802-vanilla-ce-large-large-aws,1,ip-172-31-26-207,ranking,benchANT
2026-08-12 11:23:20+00:00,mem,swap_total,0.0,dbms,08-2026,couchbase-802-vanilla-ce-large-large-aws,1,ip-172-31-26-207,ranking,benchANT
2026-08-12 11:23:30+00:00,mem,swap_total,0.0,dbms,08-2026,couchbase-802-vanilla-ce-large-large-aws,1,ip-172-31-26-207,ranking,benchANT
2026-08-12 11:23:40+00:00,mem,swap_total,0.0,dbms,08-2026,couchbase-802-vanilla-ce-large-large-aws,1,ip-172-31-26-207,ranking,benchANT
2026-08-12 11:23:50+00:00,mem,swap_total,0.0,dbms,08-2026,couchbase-802-vanilla-ce-large-large-aws,1,ip-172-31-26-207,ranking,benchANT
2026-08-12 11:24:00+00:00,mem,swap_total,0.0,dbms,08-2026,couchbase-802-vanilla-ce-large-large-aws,1,ip-172-31-26-207,ranking,benchANT
2026-08-12 11:24:10+00:00,mem,swap_total,0.0,dbms,08-2026,couchbase-802-vanilla-ce-large-large-aws,1,ip-172-31-26-207,ranking,benchANT
2026-08-12 11:24:20+00:00,mem,swap_total,0.0,dbms,08-2026,couchbase-802-vanilla-ce-large-large-aws,1,ip-172-31-26-207,ranking,benchANT
2026-08-12 11:24:30+00:00,mem,swap_total,0.0,dbms,08-2026,couchbase-802-vanilla-ce-large-large-aws,1,ip-172-31-26-207,ranking,benchANT
2026-08-12 11:24:40+00:00,mem,swap_total,0.0,dbms,08-2026,couchbase-802-vanilla-ce-large-large-aws,1,ip-172-31-26-207,ranking,benchANT
2026-08-12 11:24:50+00:00,mem,swap_total,0.0,dbms,08-2026,couchbase-802-vanilla-ce-large-large-aws,1,ip-172-31-26-207,ranking,benchANT
2026-08-12 11:25:00+00:00,mem,swap_total,0.0,dbms,08-2026,couchbase-802-vanilla-ce-large-large-aws,1,ip-172-31-26-207,ranking,benchANT
2026-08-12 11:25:10+00:00,mem,swap_total,0.0,dbms,08-2026,couchbase-802-vanilla-ce-large-large-aws,1,ip-172-31-26-207,ranking,benchANT
2026-08-12 11:25:20+00:00,mem,swap_total,0.0,dbms,08-2026,couchbase-802-vanilla-ce-large-large-aws,1,ip-172-31-26-207,ranking,benchANT
2026-08-12 11:25:30+00:00,mem,swap_total,0.0,dbms,08-2026,couchbase-802-vanilla-ce-large-large-aws,1,ip-172-31-26-207,ranking,benchANT
2026-08-12 11:25:40+00:00,mem,swap_total,0.0,dbms,08-2026,couchbase-802-vanilla-ce-large-large-aws,1,ip-172-31-26-207,ranking,benchANT
2026-08-12 11:25:50+00:00,mem,swap_total,0.0,dbms,08-2026,couchbase-802-vanilla-ce-large-large-aws,1,ip-172-31-26-207,ranking,benchANT
2026-08-12 11:26:00+00:00,mem,swap_total,0.0,dbms,08-2026,couchbase-802-vanilla-ce-large-large-aws,1,ip-172-31-26-207,ranking,benchANT
2026-08-12 11:26:10+00:00,mem,swap_total,0.0,dbms,08-2026,couchbase-802-vanilla-ce-large-large-aws,1,ip-172-31-26-207,ranking,benchANT
2026-08-12 11:26:20+00:00,mem,swap_total,0.0,dbms,08-2026,couchbase-802-vanilla-ce-large-large-aws,1,ip-172-31-26-207,ranking,benchANT
2026-08-12 11:26:30+00:00,mem,swap_total,0.0,dbms,08-2026,couchbase-802-vanilla-ce-large-large-aws,1,ip-172-31-26-207,ranking,benchANT
2026-08-12 11:26:40+00:00,mem,swap_total,0.0,dbms,08-2026,couchbase-802-vanilla-ce-large-large-aws,1,ip-172-31-26-207,ranking,benchANT
2026-08-12 11:26:50+00:00,mem,swap_total,0.0,dbms,08-2026,couchbase-802-vanilla-ce-large-large-aws,1,ip-172-31-26-207,ranking,benchANT
2026-08-12 11:27:00+00:00,mem,swap_total,0.0,dbms,08-2026,couchbase-802-vanilla-ce-large-large-aws,1,ip-172-31-26-207,ranking,benchANT
2026-08-12 11:27:10+00:00,mem,swap_total,0.0,dbms,08-2026,couchbase-802-vanilla-ce-large-large-aws,1,ip-172-31-26-207,ranking,benchANT
2026-08-12 11:27:20+00:00,mem,swap_total,0.0,dbms,08-2026,couchbase-802-vanilla-ce-large-large-aws,1,ip-172-31-26-207,ranking,benchANT
2026-08-12 11:27:30+00:00,mem,swap_total,0.0,dbms,08-2026,couchbase-802-vanilla-ce-large-large-aws,1,ip-172-31-26-207,ranking,benchANT
2026-08-12 11:27:40+00:00,mem,swap_total,0.0,dbms,08-2026,couchbase-802-vanilla-ce-large-large-aws,1,ip-172-31-26-207,ranking,benchANT
2026-08-12 11:27:50+00:00,mem,swap_total,0.0,dbms,08-2026,couchbase-802-vanilla-ce-large-large-aws,1,ip-172-31-26-207,ranking,benchANT
2026-08-12 11:28:00+00:00,mem,swap_total,0.0,dbms,08-2026,couchbase-802-vanilla-ce-large-large-aws,1,ip-172-31-26-207,ranking,benchANT
2026-08-12 11:28:10+00:00,mem,swap_total,0.0,dbms,08-2026,couchbase-802-vanilla-ce-large-large-aws,1,ip-172-31-26-207,ranking,benchANT
2026-08-12 11:28:20+00:00,mem,swap_total,0.0,dbms,08-2026,couchbase-802-vanilla-ce-large-large-aws,1,ip-172-31-26-207,ranking,benchANT
2026-08-12 11:28:30+00:00,mem,swap_total,0.0,dbms,08-2026,couchbase-802-vanilla-ce-large-large-aws,1,ip-172-31-26-207,ranking,benchANT
2026-08-12 11:28:40+00:00,mem,swap_total,0.0,dbms,08-2026,couchbase-802-vanilla-ce-large-large-aws,1,ip-172-31-26-207,ranking,benchANT
2026-08-12 11:28:50+00:00,mem,swap_total,0.0,dbms,08-2026,couchbase-802-vanilla-ce-large-large-aws,1,ip-172-31-26-207,ranking,benchANT
2026-08-12 11:29:00+00:00,mem,swap_total,0.0,dbms,08-2026,couchbase-802-vanilla-ce-large-large-aws,1,ip-172-31-26-207,ranking,benchANT
2026-08-12 11:29:10+00:00,mem,swap_total,0.0,dbms,08-2026,couchbase-802-vanilla-ce-large-large-aws,1,ip-172-31-26-207,ranking,benchANT
2026-08-12 11:29:20+00:00,mem,swap_total,0.0,dbms,08-2026,couchbase-802-vanilla-ce-large-large-aws,1,ip-172-31-26-207,ranking,benchANT
2026-08-12 11:29:30+00:00,mem,swap_total,0.0,dbms,08-2026,couchbase-802-vanilla-ce-large-large-aws,1,ip-172-31-26-207,ranking,benchANT
2026-08-12 11:29:40+00:00,mem,swap_total,0.0,dbms,08-2026,couchbase-802-vanilla-ce-large-large-aws,1,ip-172-31-26-207,ranking,benchANT
2026-08-12 11:29:50+00:00,mem,swap_total,0.0,dbms,08-2026,couchbase-802-vanilla-ce-large-large-aws,1,ip-172-31-26-207,ranking,benchANT
2026-08-12 11:20:00+00:00,mem,total,32908476416.0,dbms,08-2026,couchbase-802-vanilla-ce-large-large-aws,1,ip-172-31-26-207,ranking,benchANT
2026-08-12 11:20:10+00:00,mem,total,32908476416.0,dbms,08-2026,couchbase-802-vanilla-ce-large-large-aws,1,ip-172-31-26-207,ranking,benchANT
2026-08-12 11:20:20+00:00,mem,total,32908476416.0,dbms,08-2026,couchbase-802-vanilla-ce-large-large-aws,1,ip-172-31-26-207,ranking,benchANT
2026-08-12 11:20:30+00:00,mem,total,32908476416.0,dbms,08-2026,couchbase-802-vanilla-ce-large-large-aws,1,ip-172-31-26-207,ranking,benchANT
2026-08-12 11:20:40+00:00,mem,total,32908476416.0,dbms,08-2026,couchbase-802-vanilla-ce-large-large-aws,1,ip-172-31-26-207,ranking,benchANT
2026-08-12 11:20:50+00:00,mem,total,32908476416.0,dbms,08-2026,couchbase-802-vanilla-ce-large-large-aws,1,ip-172-31-26-207,ranking,benchANT
2026-08-12 11:21:00+00:00,mem,total,32908476416.0,dbms,08-2026,couchbase-802-vanilla-ce-large-large-aws,1,ip-172-31-26-207,ranking,benchANT
2026-08-12 11:21:10+00:00,mem,total,32908476416.0,dbms,08-2026,couchbase-802-vanilla-ce-large-large-aws,1,ip-172-31-26-207,ranking,benchANT
2026-08-12 11:21:20+00:00,mem,total,32908476416.0,dbms,08-2026,couchbase-802-vanilla-ce-large-large-aws,1,ip-172-31-26-207,ranking,benchANT
2026-08-12 11:21:30+00:00,mem,total,32908476416.0,dbms,08-2026,couchbase-802-vanilla-ce-large-large-aws,1,ip-172-31-26-207,ranking,benchANT
2026-08-12 11:21:40+00:00,mem,total,32908476416.0,dbms,08-2026,couchbase-802-vanilla-ce-large-large-aws,1,ip-172-31-26-207,ranking,benchANT
2026-08-12 11:21:50+00:00,mem,total,32908476416.0,dbms,08-2026,couchbase-802-vanilla-ce-large-large-aws,1,ip-172-31-26-207,ranking,benchANT
2026-08-12 11:22:00+00:00,mem,total,32908476416.0,dbms,08-2026,couchbase-802-vanilla-ce-large-large-aws,1,ip-172-31-26-207,ranking,benchANT
2026-08-12 11:22:10+00:00,mem,total,32908476416.0,dbms,08-2026,couchbase-802-vanilla-ce-large-large-aws,1,ip-172-31-26-207,ranking,benchANT
2026-08-12 11:22:20+00:00,mem,total,32908476416.0,dbms,08-2026,couchbase-802-vanilla-ce-large-large-aws,1,ip-172-31-26-207,ranking,benchANT
2026-08-12 11:22:30+00:00,mem,total,32908476416.0,dbms,08-2026,couchbase-802-vanilla-ce-large-large-aws,1,ip-172-31-26-207,ranking,benchANT
2026-08-12 11:22:40+00:00,mem,total,32908476416.0,dbms,08-2026,couchbase-802-vanilla-ce-large-large-aws,1,ip-172-31-26-207,ranking,benchANT
2026-08-12 11:22:50+00:00,mem,total,32908476416.0,dbms,08-2026,couchbase-802-vanilla-ce-large-large-aws,1,ip-172-31-26-207,ranking,benchANT
2026-08-12 11:23:00+00:00,mem,total,32908476416.0,dbms,08-2026,couchbase-802-vanilla-ce-large-large-aws,1,ip-172-31-26-207,ranking,benchANT
2026-08-12 11:23:10+00:00,mem,total,32908476416.0,dbms,08-2026,couchbase-802-vanilla-ce-large-large-aws,1,ip-172-31-26-207,ranking,benchANT
2026-08-12 11:23:20+00:00,mem,total,32908476416.0,dbms,08-2026,couchbase-802-vanilla-ce-large-large-aws,1,ip-172-31-26-207,ranking,benchANT
2026-08-12 11:23:30+00:00,mem,total,32908476416.0,dbms,08-2026,couchbase-802-vanilla-ce-large-large-aws,1,ip-172-31-26-207,ranking,benchANT
2026-08-12 11:23:40+00:00,mem,total,32908476416.0,dbms,08-2026,couchbase-802-vanilla-ce-large-large-aws,1,ip-172-31-26-207,ranking,benchANT
2026-08-12 11:23:50+00:00,mem,total,32908476416.0,dbms,08-2026,couchbase-802-vanilla-ce-large-large-aws,1,ip-172-31-26-207,ranking,benchANT
2026-08-12 11:24:00+00:00,mem,total,32908476416.0,dbms,08-2026,couchbase-802-vanilla-ce-large-large-aws,1,ip-172-31-26-207,ranking,benchANT
2026-08-12 11:24:10+00:00,mem,total,32908476416.0,dbms,08-2026,couchbase-802-vanilla-ce-large-large-aws,1,ip-172-31-26-207,ranking,benchANT
2026-08-12 11:24:20+00:00,mem,total,32908476416.0,dbms,08-2026,couchbase-802-vanilla-ce-large-large-aws,1,ip-172-31-26-207,ranking,benchANT
2026-08-12 11:24:30+00:00,mem,total,32908476416.0,dbms,08-2026,couchbase-802-vanilla-ce-large-large-aws,1,ip-172-31-26-207,ranking,benchANT
2026-08-12 11:24:40+00:00,mem,total,32908476416.0,dbms,08-2026,couchbase-802-vanilla-ce-large-large-aws,1,ip-172-31-26-207,ranking,benchANT
2026-08-12 11:24:50+00:00,mem,total,32908476416.0,dbms,08-2026,couchbase-802-vanilla-ce-large-large-aws,1,ip-172-31-26-207,ranking,benchANT
2026-08-12 11:25:00+00:00,mem,total,32908476416.0,dbms,08-2026,couchbase-802-vanilla-ce-large-large-aws,1,ip-172-31-26-207,ranking,benchANT
2026-08-12 11:25:10+00:00,mem,total,32908476416.0,dbms,08-2026,couchbase-802-vanilla-ce-large-large-aws,1,ip-172-31-26-207,ranking,benchANT
2026-08-12 11:25:20+00:00,mem,total,32908476416.0,dbms,08-2026,couchbase-802-vanilla-ce-large-large-aws,1,ip-172-31-26-207,ranking,benchANT
2026-08-12 11:25:30+00:00,mem,total,32908476416.0,dbms,08-2026,couchbase-802-vanilla-ce-large-large-aws,1,ip-172-31-26-207,ranking,benchANT
2026-08-12 11:25:40+00:00,mem,total,32908476416.0,dbms,08-2026,couchbase-802-vanilla-ce-large-large-aws,1,ip-172-31-26-207,ranking,benchANT
2026-08-12 11:25:50+00:00,mem,total,32908476416.0,dbms,08-2026,couchbase-802-vanilla-ce-large-large-aws,1,ip-172-31-26-207,ranking,benchANT
2026-08-12 11:26:00+00:00,mem,total,32908476416.0,dbms,08-2026,couchbase-802-vanilla-ce-large-large-aws,1,ip-172-31-26-207,ranking,benchANT
2026-08-12 11:26:10+00:00,mem,total,32908476416.0,dbms,08-2026,couchbase-802-vanilla-ce-large-large-aws,1,ip-172-31-26-207,ranking,benchANT
2026-08-12 11:26:20+00:00,mem,total,32908476416.0,dbms,08-2026,couchbase-802-vanilla-ce-large-large-aws,1,ip-172-31-26-207,ranking,benchANT
2026-08-12 11:26:30+00:00,mem,total,32908476416.0,dbms,08-2026,couchbase-802-vanilla-ce-large-large-aws,1,ip-172-31-26-207,ranking,benchANT
2026-08-12 11:26:40+00:00,mem,total,32908476416.0,dbms,08-2026,couchbase-802-vanilla-ce-large-large-aws,1,ip-172-31-26-207,ranking,benchANT
2026-08-12 11:26:50+00:00,mem,total,32908476416.0,dbms,08-2026,couchbase-802-vanilla-ce-large-large-aws,1,ip-172-31-26-207,ranking,benchANT
2026-08-12 11:27:00+00:00,mem,total,32908476416.0,dbms,08-2026,couchbase-802-vanilla-ce-large-large-aws,1,ip-172-31-26-207,ranking,benchANT
2026-08-12 11:27:10+00:00,mem,total,32908476416.0,dbms,08-2026,couchbase-802-vanilla-ce-large-large-aws,1,ip-172-31-26-207,ranking,benchANT
2026-08-12 11:27:20+00:00,mem,total,32908476416.0,dbms,08-2026,couchbase-802-vanilla-ce-large-large-aws,1,ip-172-31-26-207,ranking,benchANT
2026-08-12 11:27:30+00:00,mem,total,32908476416.0,dbms,08-2026,couchbase-802-vanilla-ce-large-large-aws,1,ip-172-31-26-207,ranking,benchANT
2026-08-12 11:27:40+00:00,mem,total,32908476416.0,dbms,08-2026,couchbase-802-vanilla-ce-large-large-aws,1,ip-172-31-26-207,ranking,benchANT
2026-08-12 11:27:50+00:00,mem,total,32908476416.0,dbms,08-2026,couchbase-802-vanilla-ce-large-large-aws,1,ip-172-31-26-207,ranking,benchANT
2026-08-12 11:28:00+00:00,mem,total,32908476416.0,dbms,08-2026,couchbase-802-vanilla-ce-large-large-aws,1,ip-172-31-26-207,ranking,benchANT
2026-08-12 11:28:10+00:00,mem,total,32908476416.0,dbms,08-2026,couchbase-802-vanilla-ce-large-large-aws,1,ip-172-31-26-207,ranking,benchANT
2026-08-12 11:28:20+00:00,mem,total,32908476416.0,dbms,08-2026,couchbase-802-vanilla-ce-large-large-aws,1,ip-172-31-26-207,ranking,benchANT
2026-08-12 11:28:30+00:00,mem,total,32908476416.0,dbms,08-2026,couchbase-802-vanilla-ce-large-large-aws,1,ip-172-31-26-207,ranking,benchANT
2026-08-12 11:28:40+00:00,mem,total,32908476416.0,dbms,08-2026,couchbase-802-vanilla-ce-large-large-aws,1,ip-172-31-26-207,ranking,benchANT
2026-08-12 11:28:50+00:00,mem,total,32908476416.0,dbms,08-2026,couchbase-802-vanilla-ce-large-large-aws,1,ip-172-31-26-207,ranking,benchANT
2026-08-12 11:29:00+00:00,mem,total,32908476416.0,dbms,08-2026,couchbase-802-vanilla-ce-large-large-aws,1,ip-172-31-26-207,ranking,benchANT
2026-08-12 11:29:10+00:00,mem,total,32908476416.0,dbms,08-2026,couchbase-802-vanilla-ce-large-large-aws,1,ip-172-31-26-207,ranking,benchANT
2026-08-12 11:29:20+00:00,mem,total,32908476416.0,dbms,08-2026,couchbase-802-vanilla-ce-large-large-aws,1,ip-172-31-26-207,ranking,benchANT
2026-08-12 11:29:30+00:00,mem,total,32908476416.0,dbms,08-2026,couchbase-802-vanilla-ce-large-large-aws,1,ip-172-31-26-207,ranking,benchANT
2026-08-12 11:29:40+00:00,mem,total,32908476416.0,dbms,08-2026,couchbase-802-vanilla-ce-large-large-aws,1,ip-172-31-26-207,ranking,benchANT
2026-08-12 11:29:50+00:00,mem,total,32908476416.0,dbms,08-2026,couchbase-802-vanilla-ce-large-large-aws,1,ip-172-31-26-207,ranking,benchANT
2026-08-12 11:20:00+00:00,mem,used,5249703936.0,dbms,08-2026,couchbase-802-vanilla-ce-large-large-aws,1,ip-172-31-26-207,ranking,benchANT
2026-08-12 11:20:10+00:00,mem,used,5249835008.0,dbms,08-2026,couchbase-802-vanilla-ce-large-large-aws,1,ip-172-31-26-207,ranking,benchANT
2026-08-12 11:20:20+00:00,mem,used,5251911680.0,dbms,08-2026,couchbase-802-vanilla-ce-large-large-aws,1,ip-172-31-26-207,ranking,benchANT
2026-08-12 11:20:30+00:00,mem,used,5253705728.0,dbms,08-2026,couchbase-802-vanilla-ce-large-large-aws,1,ip-172-31-26-207,ranking,benchANT
2026-08-12 11:20:40+00:00,mem,used,5256835072.0,dbms,08-2026,couchbase-802-vanilla-ce-large-large-aws,1,ip-172-31-26-207,ranking,benchANT
2026-08-12 11:20:50+00:00,mem,used,5253173248.0,dbms,08-2026,couchbase-802-vanilla-ce-large-large-aws,1,ip-172-31-26-207,ranking,benchANT
2026-08-12 11:21:00+00:00,mem,used,5246763008.0,dbms,08-2026,couchbase-802-vanilla-ce-large-large-aws,1,ip-172-31-26-207,ranking,benchANT
2026-08-12 11:21:10+00:00,mem,used,5246488576.0,dbms,08-2026,couchbase-802-vanilla-ce-large-large-aws,1,ip-172-31-26-207,ranking,benchANT
2026-08-12 11:21:20+00:00,mem,used,5277102080.0,dbms,08-2026,couchbase-802-vanilla-ce-large-large-aws,1,ip-172-31-26-207,ranking,benchANT
2026-08-12 11:21:30+00:00,mem,used,5489524736.0,dbms,08-2026,couchbase-802-vanilla-ce-large-large-aws,1,ip-172-31-26-207,ranking,benchANT
2026-08-12 11:21:40+00:00,mem,used,6112296960.0,dbms,08-2026,couchbase-802-vanilla-ce-large-large-aws,1,ip-172-31-26-207,ranking,benchANT
2026-08-12 11:21:50+00:00,mem,used,6643482624.0,dbms,08-2026,couchbase-802-vanilla-ce-large-large-aws,1,ip-172-31-26-207,ranking,benchANT
2026-08-12 11:22:00+00:00,mem,used,7204560896.0,dbms,08-2026,couchbase-802-vanilla-ce-large-large-aws,1,ip-172-31-26-207,ranking,benchANT
2026-08-12 11:22:10+00:00,mem,used,7740379136.0,dbms,08-2026,couchbase-802-vanilla-ce-large-large-aws,1,ip-172-31-26-207,ranking,benchANT
2026-08-12 11:22:20+00:00,mem,used,8302571520.0,dbms,08-2026,couchbase-802-vanilla-ce-large-large-aws,1,ip-172-31-26-207,ranking,benchANT
2026-08-12 11:22:30+00:00,mem,used,8852307968.0,dbms,08-2026,couchbase-802-vanilla-ce-large-large-aws,1,ip-172-31-26-207,ranking,benchANT
2026-08-12 11:22:40+00:00,mem,used,9356623872.0,dbms,08-2026,couchbase-802-vanilla-ce-large-large-aws,1,ip-172-31-26-207,ranking,benchANT
2026-08-12 11:22:50+00:00,mem,used,9917698048.0,dbms,08-2026,couchbase-802-vanilla-ce-large-large-aws,1,ip-172-31-26-207,ranking,benchANT
2026-08-12 11:23:00+00:00,mem,used,10412896256.0,dbms,08-2026,couchbase-802-vanilla-ce-large-large-aws,1,ip-172-31-26-207,ranking,benchANT
2026-08-12 11:23:10+00:00,mem,used,10896613376.0,dbms,08-2026,couchbase-802-vanilla-ce-large-large-aws,1,ip-172-31-26-207,ranking,benchANT
2026-08-12 11:23:20+00:00,mem,used,11405168640.0,dbms,08-2026,couchbase-802-vanilla-ce-large-large-aws,1,ip-172-31-26-207,ranking,benchANT
2026-08-12 11:23:30+00:00,mem,used,11857330176.0,dbms,08-2026,couchbase-802-vanilla-ce-large-large-aws,1,ip-172-31-26-207,ranking,benchANT
2026-08-12 11:23:40+00:00,mem,used,12367835136.0,dbms,08-2026,couchbase-802-vanilla-ce-large-large-aws,1,ip-172-31-26-207,ranking,benchANT
2026-08-12 11:23:50+00:00,mem,used,12902563840.0,dbms,08-2026,couchbase-802-vanilla-ce-large-large-aws,1,ip-172-31-26-207,ranking,benchANT
2026-08-12 11:24:00+00:00,mem,used,13420167168.0,dbms,08-2026,couchbase-802-vanilla-ce-large-large-aws,1,ip-172-31-26-207,ranking,benchANT
2026-08-12 11:24:10+00:00,mem,used,13894750208.0,dbms,08-2026,couchbase-802-vanilla-ce-large-large-aws,1,ip-172-31-26-207,ranking,benchANT
2026-08-12 11:24:20+00:00,mem,used,14397739008.0,dbms,08-2026,couchbase-802-vanilla-ce-large-large-aws,1,ip-172-31-26-207,ranking,benchANT
2026-08-12 11:24:30+00:00,mem,used,14882230272.0,dbms,08-2026,couchbase-802-vanilla-ce-large-large-aws,1,ip-172-31-26-207,ranking,benchANT
2026-08-12 11:24:40+00:00,mem,used,15316873216.0,dbms,08-2026,couchbase-802-vanilla-ce-large-large-aws,1,ip-172-31-26-207,ranking,benchANT
2026-08-12 11:24:50+00:00,mem,used,15455047680.0,dbms,08-2026,couchbase-802-vanilla-ce-large-large-aws,1,ip-172-31-26-207,ranking,benchANT
2026-08-12 11:25:00+00:00,mem,used,15471611904.0,dbms,08-2026,couchbase-802-vanilla-ce-large-large-aws,1,ip-172-31-26-207,ranking,benchANT
2026-08-12 11:25:10+00:00,mem,used,15510048768.0,dbms,08-2026,couchbase-802-vanilla-ce-large-large-aws,1,ip-172-31-26-207,ranking,benchANT
2026-08-12 11:25:20+00:00,mem,used,15550480384.0,dbms,08-2026,couchbase-802-vanilla-ce-large-large-aws,1,ip-172-31-26-207,ranking,benchANT
2026-08-12 11:25:30+00:00,mem,used,15488212992.0,dbms,08-2026,couchbase-802-vanilla-ce-large-large-aws,1,ip-172-31-26-207,ranking,benchANT
2026-08-12 11:25:40+00:00,mem,used,15246532608.0,dbms,08-2026,couchbase-802-vanilla-ce-large-large-aws,1,ip-172-31-26-207,ranking,benchANT
2026-08-12 11:25:50+00:00,mem,used,14619078656.0,dbms,08-2026,couchbase-802-vanilla-ce-large-large-aws,1,ip-172-31-26-207,ranking,benchANT
2026-08-12 11:26:00+00:00,mem,used,14358949888.0,dbms,08-2026,couchbase-802-vanilla-ce-large-large-aws,1,ip-172-31-26-207,ranking,benchANT
2026-08-12 11:26:10+00:00,mem,used,14063476736.0,dbms,08-2026,couchbase-802-vanilla-ce-large-large-aws,1,ip-172-31-26-207,ranking,benchANT
2026-08-12 11:26:20+00:00,mem,used,13947916288.0,dbms,08-2026,couchbase-802-vanilla-ce-large-large-aws,1,ip-172-31-26-207,ranking,benchANT
2026-08-12 11:26:30+00:00,mem,used,13960794112.0,dbms,08-2026,couchbase-802-vanilla-ce-large-large-aws,1,ip-172-31-26-207,ranking,benchANT
2026-08-12 11:26:40+00:00,mem,used,14003957760.0,dbms,08-2026,couchbase-802-vanilla-ce-large-large-aws,1,ip-172-31-26-207,ranking,benchANT
2026-08-12 11:26:50+00:00,mem,used,14044127232.0,dbms,08-2026,couchbase-802-vanilla-ce-large-large-aws,1,ip-172-31-26-207,ranking,benchANT
2026-08-12 11:27:00+00:00,mem,used,14088302592.0,dbms,08-2026,couchbase-802-vanilla-ce-large-large-aws,1,ip-172-31-26-207,ranking,benchANT
2026-08-12 11:27:10+00:00,mem,used,14029225984.0,dbms,08-2026,couchbase-802-vanilla-ce-large-large-aws,1,ip-172-31-26-207,ranking,benchANT
2026-08-12 11:27:20+00:00,mem,used,13819875328.0,dbms,08-2026,couchbase-802-vanilla-ce-large-large-aws,1,ip-172-31-26-207,ranking,benchANT
2026-08-12 11:27:30+00:00,mem,used,13720207360.0,dbms,08-2026,couchbase-802-vanilla-ce-large-large-aws,1,ip-172-31-26-207,ranking,benchANT
2026-08-12 11:27:40+00:00,mem,used,13619019776.0,dbms,08-2026,couchbase-802-vanilla-ce-large-large-aws,1,ip-172-31-26-207,ranking,benchANT
2026-08-12 11:27:50+00:00,mem,used,13657018368.0,dbms,08-2026,couchbase-802-vanilla-ce-large-large-aws,1,ip-172-31-26-207,ranking,benchANT
2026-08-12 11:28:00+00:00,mem,used,13680898048.0,dbms,08-2026,couchbase-802-vanilla-ce-large-large-aws,1,ip-172-31-26-207,ranking,benchANT
2026-08-12 11:28:10+00:00,mem,used,13695238144.0,dbms,08-2026,couchbase-802-vanilla-ce-large-large-aws,1,ip-172-31-26-207,ranking,benchANT
2026-08-12 11:28:20+00:00,mem,used,13748404224.0,dbms,08-2026,couchbase-802-vanilla-ce-large-large-aws,1,ip-172-31-26-207,ranking,benchANT
2026-08-12 11:28:30+00:00,mem,used,13798215680.0,dbms,08-2026,couchbase-802-vanilla-ce-large-large-aws,1,ip-172-31-26-207,ranking,benchANT
2026-08-12 11:28:40+00:00,mem,used,13848748032.0,dbms,08-2026,couchbase-802-vanilla-ce-large-large-aws,1,ip-172-31-26-207,ranking,benchANT
2026-08-12 11:28:50+00:00,mem,used,13862526976.0,dbms,08-2026,couchbase-802-vanilla-ce-large-large-aws,1,ip-172-31-26-207,ranking,benchANT
2026-08-12 11:29:00+00:00,mem,used,13795606528.0,dbms,08-2026,couchbase-802-vanilla-ce-large-large-aws,1,ip-172-31-26-207,ranking,benchANT
2026-08-12 11:29:10+00:00,mem,used,13843030016.0,dbms,08-2026,couchbase-802-vanilla-ce-large-large-aws,1,ip-172-31-26-207,ranking,benchANT
2026-08-12 11:29:20+00:00,mem,used,13895589888.0,dbms,08-2026,couchbase-802-vanilla-ce-large-large-aws,1,ip-172-31-26-207,ranking,benchANT
2026-08-12 11:29:30+00:00,mem,used,13906788352.0,dbms,08-2026,couchbase-802-vanilla-ce-large-large-aws,1,ip-172-31-26-207,ranking,benchANT
2026-08-12 11:29:40+00:00,mem,used,13916942336.0,dbms,08-2026,couchbase-802-vanilla-ce-large-large-aws,1,ip-172-31-26-207,ranking,benchANT
2026-08-12 11:29:50+00:00,mem,used,13913841664.0,dbms,08-2026,couchbase-802-vanilla-ce-large-large-aws,1,ip-172-31-26-207,ranking,benchANT
2026-08-12 11:20:00+00:00,mem,used_percent,15.952436902996853,dbms,08-2026,couchbase-802-vanilla-ce-large-large-aws,1,ip-172-31-26-207,ranking,benchANT
2026-08-12 11:20:10+00:00,mem,used_percent,15.952835195516819,dbms,08-2026,couchbase-802-vanilla-ce-large-large-aws,1,ip-172-31-26-207,ranking,benchANT
2026-08-12 11:20:20+00:00,mem,used_percent,15.959145642630045,dbms,08-2026,couchbase-802-vanilla-ce-large-large-aws,1,ip-172-31-26-207,ranking,benchANT
2026-08-12 11:20:30+00:00,mem,used_percent,15.964597271497093,dbms,08-2026,couchbase-802-vanilla-ce-large-large-aws,1,ip-172-31-26-207,ranking,benchANT
2026-08-12 11:20:40+00:00,mem,used_percent,15.974106505411301,dbms,08-2026,couchbase-802-vanilla-ce-large-large-aws,1,ip-172-31-26-207,ranking,benchANT
2026-08-12 11:20:50+00:00,mem,used_percent,15.962979208134726,dbms,08-2026,couchbase-802-vanilla-ce-large-large-aws,1,ip-172-31-26-207,ranking,benchANT
2026-08-12 11:21:00+00:00,mem,used_percent,15.943500214580094,dbms,08-2026,couchbase-802-vanilla-ce-large-large-aws,1,ip-172-31-26-207,ranking,benchANT
2026-08-12 11:21:10+00:00,mem,used_percent,15.942666289616415,dbms,08-2026,couchbase-802-vanilla-ce-large-large-aws,1,ip-172-31-26-207,ranking,benchANT
2026-08-12 11:21:20+00:00,mem,used_percent,16.035692486311184,dbms,08-2026,couchbase-802-vanilla-ce-large-large-aws,1,ip-172-31-26-207,ranking,benchANT
2026-08-12 11:21:30+00:00,mem,used_percent,16.681187748123794,dbms,08-2026,couchbase-802-vanilla-ce-large-large-aws,1,ip-172-31-26-207,ranking,benchANT
2026-08-12 11:21:40+00:00,mem,used_percent,18.573624870181533,dbms,08-2026,couchbase-802-vanilla-ce-large-large-aws,1,ip-172-31-26-207,ranking,benchANT
2026-08-12 11:21:50+00:00,mem,used_percent,20.187755093912397,dbms,08-2026,couchbase-802-vanilla-ce-large-large-aws,1,ip-172-31-26-207,ranking,benchANT
2026-08-12 11:22:00+00:00,mem,used_percent,21.892720905478214,dbms,08-2026,couchbase-802-vanilla-ce-large-large-aws,1,ip-172-31-26-207,ranking,benchANT
2026-08-12 11:22:10+00:00,mem,used_percent,23.52092828046166,dbms,08-2026,couchbase-802-vanilla-ce-large-large-aws,1,ip-172-31-26-207,ranking,benchANT
2026-08-12 11:22:20+00:00,mem,used_percent,25.229279578447198,dbms,08-2026,couchbase-802-vanilla-ce-large-large-aws,1,ip-172-31-26-207,ranking,benchANT
2026-08-12 11:22:30+00:00,mem,used_percent,26.899780640394628,dbms,08-2026,couchbase-802-vanilla-ce-large-large-aws,1,ip-172-31-26-207,ranking,benchANT
2026-08-12 11:22:40+00:00,mem,used_percent,28.43226089753228,dbms,08-2026,couchbase-802-vanilla-ce-large-large-aws,1,ip-172-31-26-207,ranking,benchANT
2026-08-12 11:22:50+00:00,mem,used_percent,30.137214262456848,dbms,08-2026,couchbase-802-vanilla-ce-large-large-aws,1,ip-172-31-26-207,ranking,benchANT
2026-08-12 11:23:00+00:00,mem,used_percent,31.6419882961743,dbms,08-2026,couchbase-802-vanilla-ce-large-large-aws,1,ip-172-31-26-207,ranking,benchANT
2026-08-12 11:23:10+00:00,mem,used_percent,33.1118743944709,dbms,08-2026,couchbase-802-vanilla-ce-large-large-aws,1,ip-172-31-26-207,ranking,benchANT
2026-08-12 11:23:20+00:00,mem,used_percent,34.657236925301234,dbms,08-2026,couchbase-802-vanilla-ce-large-large-aws,1,ip-172-31-26-207,ranking,benchANT
2026-08-12 11:23:30+00:00,mem,used_percent,36.031234099415805,dbms,08-2026,couchbase-802-vanilla-ce-large-large-aws,1,ip-172-31-26-207,ranking,benchANT
2026-08-12 11:23:40+00:00,mem,used_percent,37.58252123148064,dbms,08-2026,couchbase-802-vanilla-ce-large-large-aws,1,ip-172-31-26-207,ranking,benchANT
2026-08-12 11:23:50+00:00,mem,used_percent,39.207417799891864,dbms,08-2026,couchbase-802-vanilla-ce-large-large-aws,1,ip-172-31-26-207,ranking,benchANT
2026-08-12 11:24:00+00:00,mem,used_percent,40.78027496124116,dbms,08-2026,couchbase-802-vanilla-ce-large-large-aws,1,ip-172-31-26-207,ranking,benchANT
2026-08-12 11:24:10+00:00,mem,used_percent,42.22240504955257,dbms,08-2026,couchbase-802-vanilla-ce-large-large-aws,1,ip-172-31-26-207,ranking,benchANT
2026-08-12 11:24:20+00:00,mem,used_percent,43.750852594925554,dbms,08-2026,couchbase-802-vanilla-ce-large-large-aws,1,ip-172-31-26-207,ranking,benchANT
2026-08-12 11:24:30+00:00,mem,used_percent,45.22309110841821,dbms,08-2026,couchbase-802-vanilla-ce-large-large-aws,1,ip-172-31-26-207,ranking,benchANT
2026-08-12 11:24:40+00:00,mem,used_percent,46.54385399791096,dbms,08-2026,couchbase-802-vanilla-ce-large-large-aws,1,ip-172-31-26-207,ranking,benchANT
2026-08-12 11:24:50+00:00,mem,used_percent,46.963728993803564,dbms,08-2026,couchbase-802-vanilla-ce-large-large-aws,1,ip-172-31-26-207,ranking,benchANT
2026-08-12 11:25:00+00:00,mem,used_percent,47.01406321101438,dbms,08-2026,couchbase-802-vanilla-ce-large-large-aws,1,ip-172-31-26-207,ranking,benchANT
2026-08-12 11:25:10+00:00,mem,used_percent,47.13086249249468,dbms,08-2026,couchbase-802-vanilla-ce-large-large-aws,1,ip-172-31-26-207,ranking,benchANT
2026-08-12 11:25:20+00:00,mem,used_percent,47.25372328826322,dbms,08-2026,couchbase-802-vanilla-ce-large-large-aws,1,ip-172-31-26-207,ranking,benchANT
2026-08-12 11:25:30+00:00,mem,used_percent,47.06450944799644,dbms,08-2026,couchbase-802-vanilla-ce-large-large-aws,1,ip-172-31-26-207,ranking,benchANT
2026-08-12 11:25:40+00:00,mem,used_percent,46.33010782774247,dbms,08-2026,couchbase-802-vanilla-ce-large-large-aws,1,ip-172-31-26-207,ranking,benchANT
2026-08-12 11:25:50+00:00,mem,used_percent,44.423444194737165,dbms,08-2026,couchbase-802-vanilla-ce-large-large-aws,1,ip-172-31-26-207,ranking,benchANT
2026-08-12 11:26:00+00:00,mem,used_percent,43.63298290229785,dbms,08-2026,couchbase-802-vanilla-ce-large-large-aws,1,ip-172-31-26-207,ranking,benchANT
2026-08-12 11:26:10+00:00,mem,used_percent,42.73511954252121,dbms,08-2026,couchbase-802-vanilla-ce-large-large-aws,1,ip-172-31-26-207,ranking,benchANT
2026-08-12 11:26:20+00:00,mem,used_percent,42.38396245296414,dbms,08-2026,couchbase-802-vanilla-ce-large-large-aws,1,ip-172-31-26-207,ranking,benchANT
2026-08-12 11:26:30+00:00,mem,used_percent,42.42309469305089,dbms,08-2026,couchbase-802-vanilla-ce-large-large-aws,1,ip-172-31-26-207,ranking,benchANT
2026-08-12 11:26:40+00:00,mem,used_percent,42.55425739853249,dbms,08-2026,couchbase-802-vanilla-ce-large-large-aws,1,ip-172-31-26-207,ranking,benchANT
2026-08-12 11:26:50+00:00,mem,used_percent,42.676321609261095,dbms,08-2026,couchbase-802-vanilla-ce-large-large-aws,1,ip-172-31-26-207,ranking,benchANT
2026-08-12 11:27:00+00:00,mem,used_percent,42.810558635131194,dbms,08-2026,couchbase-802-vanilla-ce-large-large-aws,1,ip-172-31-26-207,ranking,benchANT
2026-08-12 11:27:10+00:00,mem,used_percent,42.63104072839736,dbms,08-2026,couchbase-802-vanilla-ce-large-large-aws,1,ip-172-31-26-207,ranking,benchANT
2026-08-12 11:27:20+00:00,mem,used_percent,41.994880447521474,dbms,08-2026,couchbase-802-vanilla-ce-large-large-aws,1,ip-172-31-26-207,ranking,benchANT
2026-08-12 11:27:30+00:00,mem,used_percent,41.692016326010396,dbms,08-2026,couchbase-802-vanilla-ce-large-large-aws,1,ip-172-31-26-207,ranking,benchANT
2026-08-12 11:27:40+00:00,mem,used_percent,41.38453450059595,dbms,08-2026,couchbase-802-vanilla-ce-large-large-aws,1,ip-172-31-26-207,ranking,benchANT
2026-08-12 11:27:50+00:00,mem,used_percent,41.5000019914626,dbms,08-2026,couchbase-802-vanilla-ce-large-large-aws,1,ip-172-31-26-207,ranking,benchANT
2026-08-12 11:28:00+00:00,mem,used_percent,41.57256590994407,dbms,08-2026,couchbase-802-vanilla-ce-large-large-aws,1,ip-172-31-26-207,ranking,benchANT
2026-08-12 11:28:10+00:00,mem,used_percent,41.6161416009567,dbms,08-2026,couchbase-802-vanilla-ce-large-large-aws,1,ip-172-31-26-207,ranking,benchANT
2026-08-12 11:28:20+00:00,mem,used_percent,41.77769900436827,dbms,08-2026,couchbase-802-vanilla-ce-large-large-aws,1,ip-172-31-26-207,ranking,benchANT
2026-08-12 11:28:30+00:00,mem,used_percent,41.929062608596944,dbms,08-2026,couchbase-802-vanilla-ce-large-large-aws,1,ip-172-31-26-207,ranking,benchANT
2026-08-12 11:28:40+00:00,mem,used_percent,42.082616821685434,dbms,08-2026,couchbase-802-vanilla-ce-large-large-aws,1,ip-172-31-26-207,ranking,benchANT
2026-08-12 11:28:50+00:00,mem,used_percent,42.12448732284695,dbms,08-2026,couchbase-802-vanilla-ce-large-large-aws,1,ip-172-31-26-207,ranking,benchANT
2026-08-12 11:29:00+00:00,mem,used_percent,41.92113409812136,dbms,08-2026,couchbase-802-vanilla-ce-large-large-aws,1,ip-172-31-26-207,ranking,benchANT
2026-08-12 11:29:10+00:00,mem,used_percent,42.065241310501875,dbms,08-2026,couchbase-802-vanilla-ce-large-large-aws,1,ip-172-31-26-207,ranking,benchANT
2026-08-12 11:29:20+00:00,mem,used_percent,42.22495661100861,dbms,08-2026,couchbase-802-vanilla-ce-large-large-aws,1,ip-172-31-26-207,ranking,benchANT
2026-08-12 11:29:30+00:00,mem,used_percent,42.258985728183276,dbms,08-2026,couchbase-802-vanilla-ce-large-large-aws,1,ip-172-31-26-207,ranking,benchANT
2026-08-12 11:29:40+00:00,mem,used_percent,42.289840951839466,dbms,08-2026,couchbase-802-vanilla-ce-large-large-aws,1,ip-172-31-26-207,ranking,benchANT
2026-08-12 11:29:50+00:00,mem,used_percent,42.280418844413994,dbms,08-2026,couchbase-802-vanilla-ce-large-large-aws,1,ip-172-31-26-207,ranking,benchANT
2026-08-12 11:20:00+00:00,mem,vmalloc_chunk,0.0,dbms,08-2026,couchbase-802-vanilla-ce-large-large-aws,1,ip-172-31-26-207,ranking,benchANT
2026-08-12 11:20:10+00:00,mem,vmalloc_chunk,0.0,dbms,08-2026,couchbase-802-vanilla-ce-large-large-aws,1,ip-172-31-26-207,ranking,benchANT
2026-08-12 11:20:20+00:00,mem,vmalloc_chunk,0.0,dbms,08-2026,couchbase-802-vanilla-ce-large-large-aws,1,ip-172-31-26-207,ranking,benchANT
2026-08-12 11:20:30+00:00,mem,vmalloc_chunk,0.0,dbms,08-2026,couchbase-802-vanilla-ce-large-large-aws,1,ip-172-31-26-207,ranking,benchANT
2026-08-12 11:20:40+00:00,mem,vmalloc_chunk,0.0,dbms,08-2026,couchbase-802-vanilla-ce-large-large-aws,1,ip-172-31-26-207,ranking,benchANT
2026-08-12 11:20:50+00:00,mem,vmalloc_chunk,0.0,dbms,08-2026,couchbase-802-vanilla-ce-large-large-aws,1,ip-172-31-26-207,ranking,benchANT
2026-08-12 11:21:00+00:00,mem,vmalloc_chunk,0.0,dbms,08-2026,couchbase-802-vanilla-ce-large-large-aws,1,ip-172-31-26-207,ranking,benchANT
2026-08-12 11:21:10+00:00,mem,vmalloc_chunk,0.0,dbms,08-2026,couchbase-802-vanilla-ce-large-large-aws,1,ip-172-31-26-207,ranking,benchANT
2026-08-12 11:21:20+00:00,mem,vmalloc_chunk,0.0,dbms,08-2026,couchbase-802-vanilla-ce-large-large-aws,1,ip-172-31-26-207,ranking,benchANT
2026-08-12 11:21:30+00:00,mem,vmalloc_chunk,0.0,dbms,08-2026,couchbase-802-vanilla-ce-large-large-aws,1,ip-172-31-26-207,ranking,benchANT
2026-08-12 11:21:40+00:00,mem,vmalloc_chunk,0.0,dbms,08-2026,couchbase-802-vanilla-ce-large-large-aws,1,ip-172-31-26-207,ranking,benchANT
2026-08-12 11:21:50+00:00,mem,vmalloc_chunk,0.0,dbms,08-2026,couchbase-802-vanilla-ce-large-large-aws,1,ip-172-31-26-207,ranking,benchANT
2026-08-12 11:22:00+00:00,mem,vmalloc_chunk,0.0,dbms,08-2026,couchbase-802-vanilla-ce-large-large-aws,1,ip-172-31-26-207,ranking,benchANT
2026-08-12 11:22:10+00:00,mem,vmalloc_chunk,0.0,dbms,08-2026,couchbase-802-vanilla-ce-large-large-aws,1,ip-172-31-26-207,ranking,benchANT
2026-08-12 11:22:20+00:00,mem,vmalloc_chunk,0.0,dbms,08-2026,couchbase-802-vanilla-ce-large-large-aws,1,ip-172-31-26-207,ranking,benchANT
2026-08-12 11:22:30+00:00,mem,vmalloc_chunk,0.0,dbms,08-2026,couchbase-802-vanilla-ce-large-large-aws,1,ip-172-31-26-207,ranking,benchANT
2026-08-12 11:22:40+00:00,mem,vmalloc_chunk,0.0,dbms,08-2026,couchbase-802-vanilla-ce-large-large-aws,1,ip-172-31-26-207,ranking,benchANT
2026-08-12 11:22:50+00:00,mem,vmalloc_chunk,0.0,dbms,08-2026,couchbase-802-vanilla-ce-large-large-aws,1,ip-172-31-26-207,ranking,benchANT
2026-08-12 11:23:00+00:00,mem,vmalloc_chunk,0.0,dbms,08-2026,couchbase-802-vanilla-ce-large-large-aws,1,ip-172-31-26-207,ranking,benchANT
2026-08-12 11:23:10+00:00,mem,vmalloc_chunk,0.0,dbms,08-2026,couchbase-802-vanilla-ce-large-large-aws,1,ip-172-31-26-207,ranking,benchANT
2026-08-12 11:23:20+00:00,mem,vmalloc_chunk,0.0,dbms,08-2026,couchbase-802-vanilla-ce-large-large-aws,1,ip-172-31-26-207,ranking,benchANT
2026-08-12 11:23:30+00:00,mem,vmalloc_chunk,0.0,dbms,08-2026,couchbase-802-vanilla-ce-large-large-aws,1,ip-172-31-26-207,ranking,benchANT
2026-08-12 11:23:40+00:00,mem,vmalloc_chunk,0.0,dbms,08-2026,couchbase-802-vanilla-ce-large-large-aws,1,ip-172-31-26-207,ranking,benchANT
2026-08-12 11:23:50+00:00,mem,vmalloc_chunk,0.0,dbms,08-2026,couchbase-802-vanilla-ce-large-large-aws,1,ip-172-31-26-207,ranking,benchANT
2026-08-12 11:24:00+00:00,mem,vmalloc_chunk,0.0,dbms,08-2026,couchbase-802-vanilla-ce-large-large-aws,1,ip-172-31-26-207,ranking,benchANT
2026-08-12 11:24:10+00:00,mem,vmalloc_chunk,0.0,dbms,08-2026,couchbase-802-vanilla-ce-large-large-aws,1,ip-172-31-26-207,ranking,benchANT
2026-08-12 11:24:20+00:00,mem,vmalloc_chunk,0.0,dbms,08-2026,couchbase-802-vanilla-ce-large-large-aws,1,ip-172-31-26-207,ranking,benchANT
2026-08-12 11:24:30+00:00,mem,vmalloc_chunk,0.0,dbms,08-2026,couchbase-802-vanilla-ce-large-large-aws,1,ip-172-31-26-207,ranking,benchANT
2026-08-12 11:24:40+00:00,mem,vmalloc_chunk,0.0,dbms,08-2026,couchbase-802-vanilla-ce-large-large-aws,1,ip-172-31-26-207,ranking,benchANT
2026-08-12 11:24:50+00:00,mem,vmalloc_chunk,0.0,dbms,08-2026,couchbase-802-vanilla-ce-large-large-aws,1,ip-172-31-26-207,ranking,benchANT
2026-08-12 11:25:00+00:00,mem,vmalloc_chunk,0.0,dbms,08-2026,couchbase-802-vanilla-ce-large-large-aws,1,ip-172-31-26-207,ranking,benchANT
2026-08-12 11:25:10+00:00,mem,vmalloc_chunk,0.0,dbms,08-2026,couchbase-802-vanilla-ce-large-large-aws,1,ip-172-31-26-207,ranking,benchANT
2026-08-12 11:25:20+00:00,mem,vmalloc_chunk,0.0,dbms,08-2026,couchbase-802-vanilla-ce-large-large-aws,1,ip-172-31-26-207,ranking,benchANT
2026-08-12 11:25:30+00:00,mem,vmalloc_chunk,0.0,dbms,08-2026,couchbase-802-vanilla-ce-large-large-aws,1,ip-172-31-26-207,ranking,benchANT
2026-08-12 11:25:40+00:00,mem,vmalloc_chunk,0.0,dbms,08-2026,couchbase-802-vanilla-ce-large-large-aws,1,ip-172-31-26-207,ranking,benchANT
2026-08-12 11:25:50+00:00,mem,vmalloc_chunk,0.0,dbms,08-2026,couchbase-802-vanilla-ce-large-large-aws,1,ip-172-31-26-207,ranking,benchANT
2026-08-12 11:26:00+00:00,mem,vmalloc_chunk,0.0,dbms,08-2026,couchbase-802-vanilla-ce-large-large-aws,1,ip-172-31-26-207,ranking,benchANT
2026-08-12 11:26:10+00:00,mem,vmalloc_chunk,0.0,dbms,08-2026,couchbase-802-vanilla-ce-large-large-aws,1,ip-172-31-26-207,ranking,benchANT
2026-08-12 11:26:20+00:00,mem,vmalloc_chunk,0.0,dbms,08-2026,couchbase-802-vanilla-ce-large-large-aws,1,ip-172-31-26-207,ranking,benchANT
2026-08-12 11:26:30+00:00,mem,vmalloc_chunk,0.0,dbms,08-2026,couchbase-802-vanilla-ce-large-large-aws,1,ip-172-31-26-207,ranking,benchANT
2026-08-12 11:26:40+00:00,mem,vmalloc_chunk,0.0,dbms,08-2026,couchbase-802-vanilla-ce-large-large-aws,1,ip-172-31-26-207,ranking,benchANT
2026-08-12 11:26:50+00:00,mem,vmalloc_chunk,0.0,dbms,08-2026,couchbase-802-vanilla-ce-large-large-aws,1,ip-172-31-26-207,ranking,benchANT
2026-08-12 11:27:00+00:00,mem,vmalloc_chunk,0.0,dbms,08-2026,couchbase-802-vanilla-ce-large-large-aws,1,ip-172-31-26-207,ranking,benchANT
2026-08-12 11:27:10+00:00,mem,vmalloc_chunk,0.0,dbms,08-2026,couchbase-802-vanilla-ce-large-large-aws,1,ip-172-31-26-207,ranking,benchANT
2026-08-12 11:27:20+00:00,mem,vmalloc_chunk,0.0,dbms,08-2026,couchbase-802-vanilla-ce-large-large-aws,1,ip-172-31-26-207,ranking,benchANT
2026-08-12 11:27:30+00:00,mem,vmalloc_chunk,0.0,dbms,08-2026,couchbase-802-vanilla-ce-large-large-aws,1,ip-172-31-26-207,ranking,benchANT
2026-08-12 11:27:40+00:00,mem,vmalloc_chunk,0.0,dbms,08-2026,couchbase-802-vanilla-ce-large-large-aws,1,ip-172-31-26-207,ranking,benchANT
2026-08-12 11:27:50+00:00,mem,vmalloc_chunk,0.0,dbms,08-2026,couchbase-802-vanilla-ce-large-large-aws,1,ip-172-31-26-207,ranking,benchANT
2026-08-12 11:28:00+00:00,mem,vmalloc_chunk,0.0,dbms,08-2026,couchbase-802-vanilla-ce-large-large-aws,1,ip-172-31-26-207,ranking,benchANT
2026-08-12 11:28:10+00:00,mem,vmalloc_chunk,0.0,dbms,08-2026,couchbase-802-vanilla-ce-large-large-aws,1,ip-172-31-26-207,ranking,benchANT
2026-08-12 11:28:20+00:00,mem,vmalloc_chunk,0.0,dbms,08-2026,couchbase-802-vanilla-ce-large-large-aws,1,ip-172-31-26-207,ranking,benchANT
2026-08-12 11:28:30+00:00,mem,vmalloc_chunk,0.0,dbms,08-2026,couchbase-802-vanilla-ce-large-large-aws,1,ip-172-31-26-207,ranking,benchANT
2026-08-12 11:28:40+00:00,mem,vmalloc_chunk,0.0,dbms,08-2026,couchbase-802-vanilla-ce-large-large-aws,1,ip-172-31-26-207,ranking,benchANT
2026-08-12 11:28:50+00:00,mem,vmalloc_chunk,0.0,dbms,08-2026,couchbase-802-vanilla-ce-large-large-aws,1,ip-172-31-26-207,ranking,benchANT
2026-08-12 11:29:00+00:00,mem,vmalloc_chunk,0.0,dbms,08-2026,couchbase-802-vanilla-ce-large-large-aws,1,ip-172-31-26-207,ranking,benchANT
2026-08-12 11:29:10+00:00,mem,vmalloc_chunk,0.0,dbms,08-2026,couchbase-802-vanilla-ce-large-large-aws,1,ip-172-31-26-207,ranking,benchANT
2026-08-12 11:29:20+00:00,mem,vmalloc_chunk,0.0,dbms,08-2026,couchbase-802-vanilla-ce-large-large-aws,1,ip-172-31-26-207,ranking,benchANT
2026-08-12 11:29:30+00:00,mem,vmalloc_chunk,0.0,dbms,08-2026,couchbase-802-vanilla-ce-large-large-aws,1,ip-172-31-26-207,ranking,benchANT
2026-08-12 11:29:40+00:00,mem,vmalloc_chunk,0.0,dbms,08-2026,couchbase-802-vanilla-ce-large-large-aws,1,ip-172-31-26-207,ranking,benchANT
2026-08-12 11:29:50+00:00,mem,vmalloc_chunk,0.0,dbms,08-2026,couchbase-802-vanilla-ce-large-large-aws,1,ip-172-31-26-207,ranking,benchANT
2026-08-12 11:20:00+00:00,mem,vmalloc_total,35184372087808.0,dbms,08-2026,couchbase-802-vanilla-ce-large-large-aws,1,ip-172-31-26-207,ranking,benchANT
2026-08-12 11:20:10+00:00,mem,vmalloc_total,35184372087808.0,dbms,08-2026,couchbase-802-vanilla-ce-large-large-aws,1,ip-172-31-26-207,ranking,benchANT
2026-08-12 11:20:20+00:00,mem,vmalloc_total,35184372087808.0,dbms,08-2026,couchbase-802-vanilla-ce-large-large-aws,1,ip-172-31-26-207,ranking,benchANT
2026-08-12 11:20:30+00:00,mem,vmalloc_total,35184372087808.0,dbms,08-2026,couchbase-802-vanilla-ce-large-large-aws,1,ip-172-31-26-207,ranking,benchANT
2026-08-12 11:20:40+00:00,mem,vmalloc_total,35184372087808.0,dbms,08-2026,couchbase-802-vanilla-ce-large-large-aws,1,ip-172-31-26-207,ranking,benchANT
2026-08-12 11:20:50+00:00,mem,vmalloc_total,35184372087808.0,dbms,08-2026,couchbase-802-vanilla-ce-large-large-aws,1,ip-172-31-26-207,ranking,benchANT
2026-08-12 11:21:00+00:00,mem,vmalloc_total,35184372087808.0,dbms,08-2026,couchbase-802-vanilla-ce-large-large-aws,1,ip-172-31-26-207,ranking,benchANT
2026-08-12 11:21:10+00:00,mem,vmalloc_total,35184372087808.0,dbms,08-2026,couchbase-802-vanilla-ce-large-large-aws,1,ip-172-31-26-207,ranking,benchANT
2026-08-12 11:21:20+00:00,mem,vmalloc_total,35184372087808.0,dbms,08-2026,couchbase-802-vanilla-ce-large-large-aws,1,ip-172-31-26-207,ranking,benchANT
2026-08-12 11:21:30+00:00,mem,vmalloc_total,35184372087808.0,dbms,08-2026,couchbase-802-vanilla-ce-large-large-aws,1,ip-172-31-26-207,ranking,benchANT
2026-08-12 11:21:40+00:00,mem,vmalloc_total,35184372087808.0,dbms,08-2026,couchbase-802-vanilla-ce-large-large-aws,1,ip-172-31-26-207,ranking,benchANT
2026-08-12 11:21:50+00:00,mem,vmalloc_total,35184372087808.0,dbms,08-2026,couchbase-802-vanilla-ce-large-large-aws,1,ip-172-31-26-207,ranking,benchANT
2026-08-12 11:22:00+00:00,mem,vmalloc_total,35184372087808.0,dbms,08-2026,couchbase-802-vanilla-ce-large-large-aws,1,ip-172-31-26-207,ranking,benchANT
2026-08-12 11:22:10+00:00,mem,vmalloc_total,35184372087808.0,dbms,08-2026,couchbase-802-vanilla-ce-large-large-aws,1,ip-172-31-26-207,ranking,benchANT
2026-08-12 11:22:20+00:00,mem,vmalloc_total,35184372087808.0,dbms,08-2026,couchbase-802-vanilla-ce-large-large-aws,1,ip-172-31-26-207,ranking,benchANT
2026-08-12 11:22:30+00:00,mem,vmalloc_total,35184372087808.0,dbms,08-2026,couchbase-802-vanilla-ce-large-large-aws,1,ip-172-31-26-207,ranking,benchANT
2026-08-12 11:22:40+00:00,mem,vmalloc_total,35184372087808.0,dbms,08-2026,couchbase-802-vanilla-ce-large-large-aws,1,ip-172-31-26-207,ranking,benchANT
2026-08-12 11:22:50+00:00,mem,vmalloc_total,35184372087808.0,dbms,08-2026,couchbase-802-vanilla-ce-large-large-aws,1,ip-172-31-26-207,ranking,benchANT
2026-08-12 11:23:00+00:00,mem,vmalloc_total,35184372087808.0,dbms,08-2026,couchbase-802-vanilla-ce-large-large-aws,1,ip-172-31-26-207,ranking,benchANT
2026-08-12 11:23:10+00:00,mem,vmalloc_total,35184372087808.0,dbms,08-2026,couchbase-802-vanilla-ce-large-large-aws,1,ip-172-31-26-207,ranking,benchANT
2026-08-12 11:23:20+00:00,mem,vmalloc_total,35184372087808.0,dbms,08-2026,couchbase-802-vanilla-ce-large-large-aws,1,ip-172-31-26-207,ranking,benchANT
2026-08-12 11:23:30+00:00,mem,vmalloc_total,35184372087808.0,dbms,08-2026,couchbase-802-vanilla-ce-large-large-aws,1,ip-172-31-26-207,ranking,benchANT
2026-08-12 11:23:40+00:00,mem,vmalloc_total,35184372087808.0,dbms,08-2026,couchbase-802-vanilla-ce-large-large-aws,1,ip-172-31-26-207,ranking,benchANT
2026-08-12 11:23:50+00:00,mem,vmalloc_total,35184372087808.0,dbms,08-2026,couchbase-802-vanilla-ce-large-large-aws,1,ip-172-31-26-207,ranking,benchANT
2026-08-12 11:24:00+00:00,mem,vmalloc_total,35184372087808.0,dbms,08-2026,couchbase-802-vanilla-ce-large-large-aws,1,ip-172-31-26-207,ranking,benchANT
2026-08-12 11:24:10+00:00,mem,vmalloc_total,35184372087808.0,dbms,08-2026,couchbase-802-vanilla-ce-large-large-aws,1,ip-172-31-26-207,ranking,benchANT
2026-08-12 11:24:20+00:00,mem,vmalloc_total,35184372087808.0,dbms,08-2026,couchbase-802-vanilla-ce-large-large-aws,1,ip-172-31-26-207,ranking,benchANT
2026-08-12 11:24:30+00:00,mem,vmalloc_total,35184372087808.0,dbms,08-2026,couchbase-802-vanilla-ce-large-large-aws,1,ip-172-31-26-207,ranking,benchANT
2026-08-12 11:24:40+00:00,mem,vmalloc_total,35184372087808.0,dbms,08-2026,couchbase-802-vanilla-ce-large-large-aws,1,ip-172-31-26-207,ranking,benchANT
2026-08-12 11:24:50+00:00,mem,vmalloc_total,35184372087808.0,dbms,08-2026,couchbase-802-vanilla-ce-large-large-aws,1,ip-172-31-26-207,ranking,benchANT
2026-08-12 11:25:00+00:00,mem,vmalloc_total,35184372087808.0,dbms,08-2026,couchbase-802-vanilla-ce-large-large-aws,1,ip-172-31-26-207,ranking,benchANT
2026-08-12 11:25:10+00:00,mem,vmalloc_total,35184372087808.0,dbms,08-2026,couchbase-802-vanilla-ce-large-large-aws,1,ip-172-31-26-207,ranking,benchANT
2026-08-12 11:25:20+00:00,mem,vmalloc_total,35184372087808.0,dbms,08-2026,couchbase-802-vanilla-ce-large-large-aws,1,ip-172-31-26-207,ranking,benchANT
2026-08-12 11:25:30+00:00,mem,vmalloc_total,35184372087808.0,dbms,08-2026,couchbase-802-vanilla-ce-large-large-aws,1,ip-172-31-26-207,ranking,benchANT
2026-08-12 11:25:40+00:00,mem,vmalloc_total,35184372087808.0,dbms,08-2026,couchbase-802-vanilla-ce-large-large-aws,1,ip-172-31-26-207,ranking,benchANT
2026-08-12 11:25:50+00:00,mem,vmalloc_total,35184372087808.0,dbms,08-2026,couchbase-802-vanilla-ce-large-large-aws,1,ip-172-31-26-207,ranking,benchANT
2026-08-12 11:26:00+00:00,mem,vmalloc_total,35184372087808.0,dbms,08-2026,couchbase-802-vanilla-ce-large-large-aws,1,ip-172-31-26-207,ranking,benchANT
2026-08-12 11:26:10+00:00,mem,vmalloc_total,35184372087808.0,dbms,08-2026,couchbase-802-vanilla-ce-large-large-aws,1,ip-172-31-26-207,ranking,benchANT
2026-08-12 11:26:20+00:00,mem,vmalloc_total,35184372087808.0,dbms,08-2026,couchbase-802-vanilla-ce-large-large-aws,1,ip-172-31-26-207,ranking,benchANT
2026-08-12 11:26:30+00:00,mem,vmalloc_total,35184372087808.0,dbms,08-2026,couchbase-802-vanilla-ce-large-large-aws,1,ip-172-31-26-207,ranking,benchANT
2026-08-12 11:26:40+00:00,mem,vmalloc_total,35184372087808.0,dbms,08-2026,couchbase-802-vanilla-ce-large-large-aws,1,ip-172-31-26-207,ranking,benchANT
2026-08-12 11:26:50+00:00,mem,vmalloc_total,35184372087808.0,dbms,08-2026,couchbase-802-vanilla-ce-large-large-aws,1,ip-172-31-26-207,ranking,benchANT
2026-08-12 11:27:00+00:00,mem,vmalloc_total,35184372087808.0,dbms,08-2026,couchbase-802-vanilla-ce-large-large-aws,1,ip-172-31-26-207,ranking,benchANT
2026-08-12 11:27:10+00:00,mem,vmalloc_total,35184372087808.0,dbms,08-2026,couchbase-802-vanilla-ce-large-large-aws,1,ip-172-31-26-207,ranking,benchANT
2026-08-12 11:27:20+00:00,mem,vmalloc_total,35184372087808.0,dbms,08-2026,couchbase-802-vanilla-ce-large-large-aws,1,ip-172-31-26-207,ranking,benchANT
2026-08-12 11:27:30+00:00,mem,vmalloc_total,35184372087808.0,dbms,08-2026,couchbase-802-vanilla-ce-large-large-aws,1,ip-172-31-26-207,ranking,benchANT
2026-08-12 11:27:40+00:00,mem,vmalloc_total,35184372087808.0,dbms,08-2026,couchbase-802-vanilla-ce-large-large-aws,1,ip-172-31-26-207,ranking,benchANT
2026-08-12 11:27:50+00:00,mem,vmalloc_total,35184372087808.0,dbms,08-2026,couchbase-802-vanilla-ce-large-large-aws,1,ip-172-31-26-207,ranking,benchANT
2026-08-12 11:28:00+00:00,mem,vmalloc_total,35184372087808.0,dbms,08-2026,couchbase-802-vanilla-ce-large-large-aws,1,ip-172-31-26-207,ranking,benchANT
2026-08-12 11:28:10+00:00,mem,vmalloc_total,35184372087808.0,dbms,08-2026,couchbase-802-vanilla-ce-large-large-aws,1,ip-172-31-26-207,ranking,benchANT
2026-08-12 11:28:20+00:00,mem,vmalloc_total,35184372087808.0,dbms,08-2026,couchbase-802-vanilla-ce-large-large-aws,1,ip-172-31-26-207,ranking,benchANT
2026-08-12 11:28:30+00:00,mem,vmalloc_total,35184372087808.0,dbms,08-2026,couchbase-802-vanilla-ce-large-large-aws,1,ip-172-31-26-207,ranking,benchANT
2026-08-12 11:28:40+00:00,mem,vmalloc_total,35184372087808.0,dbms,08-2026,couchbase-802-vanilla-ce-large-large-aws,1,ip-172-31-26-207,ranking,benchANT
2026-08-12 11:28:50+00:00,mem,vmalloc_total,35184372087808.0,dbms,08-2026,couchbase-802-vanilla-ce-large-large-aws,1,ip-172-31-26-207,ranking,benchANT
2026-08-12 11:29:00+00:00,mem,vmalloc_total,35184372087808.0,dbms,08-2026,couchbase-802-vanilla-ce-large-large-aws,1,ip-172-31-26-207,ranking,benchANT
2026-08-12 11:29:10+00:00,mem,vmalloc_total,35184372087808.0,dbms,08-2026,couchbase-802-vanilla-ce-large-large-aws,1,ip-172-31-26-207,ranking,benchANT
2026-08-12 11:29:20+00:00,mem,vmalloc_total,35184372087808.0,dbms,08-2026,couchbase-802-vanilla-ce-large-large-aws,1,ip-172-31-26-207,ranking,benchANT
2026-08-12 11:29:30+00:00,mem,vmalloc_total,35184372087808.0,dbms,08-2026,couchbase-802-vanilla-ce-large-large-aws,1,ip-172-31-26-207,ranking,benchANT
2026-08-12 11:29:40+00:00,mem,vmalloc_total,35184372087808.0,dbms,08-2026,couchbase-802-vanilla-ce-large-large-aws,1,ip-172-31-26-207,ranking,benchANT
2026-08-12 11:29:50+00:00,mem,vmalloc_total,35184372087808.0,dbms,08-2026,couchbase-802-vanilla-ce-large-large-aws,1,ip-172-31-26-207,ranking,benchANT
2026-08-12 11:20:00+00:00,mem,vmalloc_used,19763200.0,dbms,08-2026,couchbase-802-vanilla-ce-large-large-aws,1,ip-172-31-26-207,ranking,benchANT
2026-08-12 11:20:10+00:00,mem,vmalloc_used,19763200.0,dbms,08-2026,couchbase-802-vanilla-ce-large-large-aws,1,ip-172-31-26-207,ranking,benchANT
2026-08-12 11:20:20+00:00,mem,vmalloc_used,19730432.0,dbms,08-2026,couchbase-802-vanilla-ce-large-large-aws,1,ip-172-31-26-207,ranking,benchANT
2026-08-12 11:20:30+00:00,mem,vmalloc_used,19730432.0,dbms,08-2026,couchbase-802-vanilla-ce-large-large-aws,1,ip-172-31-26-207,ranking,benchANT
2026-08-12 11:20:40+00:00,mem,vmalloc_used,19730432.0,dbms,08-2026,couchbase-802-vanilla-ce-large-large-aws,1,ip-172-31-26-207,ranking,benchANT
2026-08-12 11:20:50+00:00,mem,vmalloc_used,19730432.0,dbms,08-2026,couchbase-802-vanilla-ce-large-large-aws,1,ip-172-31-26-207,ranking,benchANT
2026-08-12 11:21:00+00:00,mem,vmalloc_used,19730432.0,dbms,08-2026,couchbase-802-vanilla-ce-large-large-aws,1,ip-172-31-26-207,ranking,benchANT
2026-08-12 11:21:10+00:00,mem,vmalloc_used,19730432.0,dbms,08-2026,couchbase-802-vanilla-ce-large-large-aws,1,ip-172-31-26-207,ranking,benchANT
2026-08-12 11:21:20+00:00,mem,vmalloc_used,19763200.0,dbms,08-2026,couchbase-802-vanilla-ce-large-large-aws,1,ip-172-31-26-207,ranking,benchANT
2026-08-12 11:21:30+00:00,mem,vmalloc_used,19779584.0,dbms,08-2026,couchbase-802-vanilla-ce-large-large-aws,1,ip-172-31-26-207,ranking,benchANT
2026-08-12 11:21:40+00:00,mem,vmalloc_used,19779584.0,dbms,08-2026,couchbase-802-vanilla-ce-large-large-aws,1,ip-172-31-26-207,ranking,benchANT
2026-08-12 11:21:50+00:00,mem,vmalloc_used,19779584.0,dbms,08-2026,couchbase-802-vanilla-ce-large-large-aws,1,ip-172-31-26-207,ranking,benchANT
2026-08-12 11:22:00+00:00,mem,vmalloc_used,19779584.0,dbms,08-2026,couchbase-802-vanilla-ce-large-large-aws,1,ip-172-31-26-207,ranking,benchANT
2026-08-12 11:22:10+00:00,mem,vmalloc_used,19779584.0,dbms,08-2026,couchbase-802-vanilla-ce-large-large-aws,1,ip-172-31-26-207,ranking,benchANT
2026-08-12 11:22:20+00:00,mem,vmalloc_used,19779584.0,dbms,08-2026,couchbase-802-vanilla-ce-large-large-aws,1,ip-172-31-26-207,ranking,benchANT
2026-08-12 11:22:30+00:00,mem,vmalloc_used,19779584.0,dbms,08-2026,couchbase-802-vanilla-ce-large-large-aws,1,ip-172-31-26-207,ranking,benchANT
2026-08-12 11:22:40+00:00,mem,vmalloc_used,19779584.0,dbms,08-2026,couchbase-802-vanilla-ce-large-large-aws,1,ip-172-31-26-207,ranking,benchANT
2026-08-12 11:22:50+00:00,mem,vmalloc_used,19779584.0,dbms,08-2026,couchbase-802-vanilla-ce-large-large-aws,1,ip-172-31-26-207,ranking,benchANT
2026-08-12 11:23:00+00:00,mem,vmalloc_used,19795968.0,dbms,08-2026,couchbase-802-vanilla-ce-large-large-aws,1,ip-172-31-26-207,ranking,benchANT
2026-08-12 11:23:10+00:00,mem,vmalloc_used,19795968.0,dbms,08-2026,couchbase-802-vanilla-ce-large-large-aws,1,ip-172-31-26-207,ranking,benchANT
2026-08-12 11:23:20+00:00,mem,vmalloc_used,19795968.0,dbms,08-2026,couchbase-802-vanilla-ce-large-large-aws,1,ip-172-31-26-207,ranking,benchANT
2026-08-12 11:23:30+00:00,mem,vmalloc_used,19795968.0,dbms,08-2026,couchbase-802-vanilla-ce-large-large-aws,1,ip-172-31-26-207,ranking,benchANT
2026-08-12 11:23:40+00:00,mem,vmalloc_used,19795968.0,dbms,08-2026,couchbase-802-vanilla-ce-large-large-aws,1,ip-172-31-26-207,ranking,benchANT
2026-08-12 11:23:50+00:00,mem,vmalloc_used,19795968.0,dbms,08-2026,couchbase-802-vanilla-ce-large-large-aws,1,ip-172-31-26-207,ranking,benchANT
2026-08-12 11:24:00+00:00,mem,vmalloc_used,19795968.0,dbms,08-2026,couchbase-802-vanilla-ce-large-large-aws,1,ip-172-31-26-207,ranking,benchANT
2026-08-12 11:24:10+00:00,mem,vmalloc_used,19795968.0,dbms,08-2026,couchbase-802-vanilla-ce-large-large-aws,1,ip-172-31-26-207,ranking,benchANT
2026-08-12 11:24:20+00:00,mem,vmalloc_used,19795968.0,dbms,08-2026,couchbase-802-vanilla-ce-large-large-aws,1,ip-172-31-26-207,ranking,benchANT
2026-08-12 11:24:30+00:00,mem,vmalloc_used,19795968.0,dbms,08-2026,couchbase-802-vanilla-ce-large-large-aws,1,ip-172-31-26-207,ranking,benchANT
2026-08-12 11:24:40+00:00,mem,vmalloc_used,19795968.0,dbms,08-2026,couchbase-802-vanilla-ce-large-large-aws,1,ip-172-31-26-207,ranking,benchANT
2026-08-12 11:24:50+00:00,mem,vmalloc_used,19795968.0,dbms,08-2026,couchbase-802-vanilla-ce-large-large-aws,1,ip-172-31-26-207,ranking,benchANT
2026-08-12 11:25:00+00:00,mem,vmalloc_used,19795968.0,dbms,08-2026,couchbase-802-vanilla-ce-large-large-aws,1,ip-172-31-26-207,ranking,benchANT
2026-08-12 11:25:10+00:00,mem,vmalloc_used,19812352.0,dbms,08-2026,couchbase-802-vanilla-ce-large-large-aws,1,ip-172-31-26-207,ranking,benchANT
2026-08-12 11:25:20+00:00,mem,vmalloc_used,19812352.0,dbms,08-2026,couchbase-802-vanilla-ce-large-large-aws,1,ip-172-31-26-207,ranking,benchANT
2026-08-12 11:25:30+00:00,mem,vmalloc_used,19812352.0,dbms,08-2026,couchbase-802-vanilla-ce-large-large-aws,1,ip-172-31-26-207,ranking,benchANT
2026-08-12 11:25:40+00:00,mem,vmalloc_used,19812352.0,dbms,08-2026,couchbase-802-vanilla-ce-large-large-aws,1,ip-172-31-26-207,ranking,benchANT
2026-08-12 11:25:50+00:00,mem,vmalloc_used,19812352.0,dbms,08-2026,couchbase-802-vanilla-ce-large-large-aws,1,ip-172-31-26-207,ranking,benchANT
2026-08-12 11:26:00+00:00,mem,vmalloc_used,19795968.0,dbms,08-2026,couchbase-802-vanilla-ce-large-large-aws,1,ip-172-31-26-207,ranking,benchANT
2026-08-12 11:26:10+00:00,mem,vmalloc_used,19812352.0,dbms,08-2026,couchbase-802-vanilla-ce-large-large-aws,1,ip-172-31-26-207,ranking,benchANT
2026-08-12 11:26:20+00:00,mem,vmalloc_used,19812352.0,dbms,08-2026,couchbase-802-vanilla-ce-large-large-aws,1,ip-172-31-26-207,ranking,benchANT
2026-08-12 11:26:30+00:00,mem,vmalloc_used,19795968.0,dbms,08-2026,couchbase-802-vanilla-ce-large-large-aws,1,ip-172-31-26-207,ranking,benchANT
2026-08-12 11:26:40+00:00,mem,vmalloc_used,19779584.0,dbms,08-2026,couchbase-802-vanilla-ce-large-large-aws,1,ip-172-31-26-207,ranking,benchANT
2026-08-12 11:26:50+00:00,mem,vmalloc_used,19779584.0,dbms,08-2026,couchbase-802-vanilla-ce-large-large-aws,1,ip-172-31-26-207,ranking,benchANT
2026-08-12 11:27:00+00:00,mem,vmalloc_used,19763200.0,dbms,08-2026,couchbase-802-vanilla-ce-large-large-aws,1,ip-172-31-26-207,ranking,benchANT
2026-08-12 11:27:10+00:00,mem,vmalloc_used,19763200.0,dbms,08-2026,couchbase-802-vanilla-ce-large-large-aws,1,ip-172-31-26-207,ranking,benchANT
2026-08-12 11:27:20+00:00,mem,vmalloc_used,19763200.0,dbms,08-2026,couchbase-802-vanilla-ce-large-large-aws,1,ip-172-31-26-207,ranking,benchANT
2026-08-12 11:27:30+00:00,mem,vmalloc_used,19763200.0,dbms,08-2026,couchbase-802-vanilla-ce-large-large-aws,1,ip-172-31-26-207,ranking,benchANT
2026-08-12 11:27:40+00:00,mem,vmalloc_used,19763200.0,dbms,08-2026,couchbase-802-vanilla-ce-large-large-aws,1,ip-172-31-26-207,ranking,benchANT
2026-08-12 11:27:50+00:00,mem,vmalloc_used,19763200.0,dbms,08-2026,couchbase-802-vanilla-ce-large-large-aws,1,ip-172-31-26-207,ranking,benchANT
2026-08-12 11:28:00+00:00,mem,vmalloc_used,19746816.0,dbms,08-2026,couchbase-802-vanilla-ce-large-large-aws,1,ip-172-31-26-207,ranking,benchANT
2026-08-12 11:28:10+00:00,mem,vmalloc_used,19746816.0,dbms,08-2026,couchbase-802-vanilla-ce-large-large-aws,1,ip-172-31-26-207,ranking,benchANT
2026-08-12 11:28:20+00:00,mem,vmalloc_used,19746816.0,dbms,08-2026,couchbase-802-vanilla-ce-large-large-aws,1,ip-172-31-26-207,ranking,benchANT
2026-08-12 11:28:30+00:00,mem,vmalloc_used,19746816.0,dbms,08-2026,couchbase-802-vanilla-ce-large-large-aws,1,ip-172-31-26-207,ranking,benchANT
2026-08-12 11:28:40+00:00,mem,vmalloc_used,19746816.0,dbms,08-2026,couchbase-802-vanilla-ce-large-large-aws,1,ip-172-31-26-207,ranking,benchANT
2026-08-12 11:28:50+00:00,mem,vmalloc_used,19746816.0,dbms,08-2026,couchbase-802-vanilla-ce-large-large-aws,1,ip-172-31-26-207,ranking,benchANT
2026-08-12 11:29:00+00:00,mem,vmalloc_used,19746816.0,dbms,08-2026,couchbase-802-vanilla-ce-large-large-aws,1,ip-172-31-26-207,ranking,benchANT
2026-08-12 11:29:10+00:00,mem,vmalloc_used,19763200.0,dbms,08-2026,couchbase-802-vanilla-ce-large-large-aws,1,ip-172-31-26-207,ranking,benchANT
2026-08-12 11:29:20+00:00,mem,vmalloc_used,19763200.0,dbms,08-2026,couchbase-802-vanilla-ce-large-large-aws,1,ip-172-31-26-207,ranking,benchANT
2026-08-12 11:29:30+00:00,mem,vmalloc_used,19763200.0,dbms,08-2026,couchbase-802-vanilla-ce-large-large-aws,1,ip-172-31-26-207,ranking,benchANT
2026-08-12 11:29:40+00:00,mem,vmalloc_used,19763200.0,dbms,08-2026,couchbase-802-vanilla-ce-large-large-aws,1,ip-172-31-26-207,ranking,benchANT
2026-08-12 11:29:50+00:00,mem,vmalloc_used,19763200.0,dbms,08-2026,couchbase-802-vanilla-ce-large-large-aws,1,ip-172-31-26-207,ranking,benchANT
2026-08-12 11:20:00+00:00,mem,write_back,0.0,dbms,08-2026,couchbase-802-vanilla-ce-large-large-aws,1,ip-172-31-26-207,ranking,benchANT
2026-08-12 11:20:10+00:00,mem,write_back,8192.0,dbms,08-2026,couchbase-802-vanilla-ce-large-large-aws,1,ip-172-31-26-207,ranking,benchANT
2026-08-12 11:20:20+00:00,mem,write_back,0.0,dbms,08-2026,couchbase-802-vanilla-ce-large-large-aws,1,ip-172-31-26-207,ranking,benchANT
2026-08-12 11:20:30+00:00,mem,write_back,0.0,dbms,08-2026,couchbase-802-vanilla-ce-large-large-aws,1,ip-172-31-26-207,ranking,benchANT
2026-08-12 11:20:40+00:00,mem,write_back,81920.0,dbms,08-2026,couchbase-802-vanilla-ce-large-large-aws,1,ip-172-31-26-207,ranking,benchANT
2026-08-12 11:20:50+00:00,mem,write_back,0.0,dbms,08-2026,couchbase-802-vanilla-ce-large-large-aws,1,ip-172-31-26-207,ranking,benchANT
2026-08-12 11:21:00+00:00,mem,write_back,90112.0,dbms,08-2026,couchbase-802-vanilla-ce-large-large-aws,1,ip-172-31-26-207,ranking,benchANT
2026-08-12 11:21:10+00:00,mem,write_back,4096.0,dbms,08-2026,couchbase-802-vanilla-ce-large-large-aws,1,ip-172-31-26-207,ranking,benchANT
2026-08-12 11:21:20+00:00,mem,write_back,36864.0,dbms,08-2026,couchbase-802-vanilla-ce-large-large-aws,1,ip-172-31-26-207,ranking,benchANT
2026-08-12 11:21:30+00:00,mem,write_back,147456.0,dbms,08-2026,couchbase-802-vanilla-ce-large-large-aws,1,ip-172-31-26-207,ranking,benchANT
2026-08-12 11:21:40+00:00,mem,write_back,69632.0,dbms,08-2026,couchbase-802-vanilla-ce-large-large-aws,1,ip-172-31-26-207,ranking,benchANT
2026-08-12 11:21:50+00:00,mem,write_back,77824.0,dbms,08-2026,couchbase-802-vanilla-ce-large-large-aws,1,ip-172-31-26-207,ranking,benchANT
2026-08-12 11:22:00+00:00,mem,write_back,81920.0,dbms,08-2026,couchbase-802-vanilla-ce-large-large-aws,1,ip-172-31-26-207,ranking,benchANT
2026-08-12 11:22:10+00:00,mem,write_back,81920.0,dbms,08-2026,couchbase-802-vanilla-ce-large-large-aws,1,ip-172-31-26-207,ranking,benchANT
2026-08-12 11:22:20+00:00,mem,write_back,184320.0,dbms,08-2026,couchbase-802-vanilla-ce-large-large-aws,1,ip-172-31-26-207,ranking,benchANT
2026-08-12 11:22:30+00:00,mem,write_back,0.0,dbms,08-2026,couchbase-802-vanilla-ce-large-large-aws,1,ip-172-31-26-207,ranking,benchANT
2026-08-12 11:22:40+00:00,mem,write_back,81920.0,dbms,08-2026,couchbase-802-vanilla-ce-large-large-aws,1,ip-172-31-26-207,ranking,benchANT
2026-08-12 11:22:50+00:00,mem,write_back,159744.0,dbms,08-2026,couchbase-802-vanilla-ce-large-large-aws,1,ip-172-31-26-207,ranking,benchANT
2026-08-12 11:23:00+00:00,mem,write_back,86016.0,dbms,08-2026,couchbase-802-vanilla-ce-large-large-aws,1,ip-172-31-26-207,ranking,benchANT
2026-08-12 11:23:10+00:00,mem,write_back,81920.0,dbms,08-2026,couchbase-802-vanilla-ce-large-large-aws,1,ip-172-31-26-207,ranking,benchANT
2026-08-12 11:23:20+00:00,mem,write_back,69632.0,dbms,08-2026,couchbase-802-vanilla-ce-large-large-aws,1,ip-172-31-26-207,ranking,benchANT
2026-08-12 11:23:30+00:00,mem,write_back,0.0,dbms,08-2026,couchbase-802-vanilla-ce-large-large-aws,1,ip-172-31-26-207,ranking,benchANT
2026-08-12 11:23:40+00:00,mem,write_back,73728.0,dbms,08-2026,couchbase-802-vanilla-ce-large-large-aws,1,ip-172-31-26-207,ranking,benchANT
2026-08-12 11:23:50+00:00,mem,write_back,172032.0,dbms,08-2026,couchbase-802-vanilla-ce-large-large-aws,1,ip-172-31-26-207,ranking,benchANT
2026-08-12 11:24:00+00:00,mem,write_back,143360.0,dbms,08-2026,couchbase-802-vanilla-ce-large-large-aws,1,ip-172-31-26-207,ranking,benchANT
2026-08-12 11:24:10+00:00,mem,write_back,86016.0,dbms,08-2026,couchbase-802-vanilla-ce-large-large-aws,1,ip-172-31-26-207,ranking,benchANT
2026-08-12 11:24:20+00:00,mem,write_back,0.0,dbms,08-2026,couchbase-802-vanilla-ce-large-large-aws,1,ip-172-31-26-207,ranking,benchANT
2026-08-12 11:24:30+00:00,mem,write_back,90112.0,dbms,08-2026,couchbase-802-vanilla-ce-large-large-aws,1,ip-172-31-26-207,ranking,benchANT
2026-08-12 11:24:40+00:00,mem,write_back,77824.0,dbms,08-2026,couchbase-802-vanilla-ce-large-large-aws,1,ip-172-31-26-207,ranking,benchANT
2026-08-12 11:24:50+00:00,mem,write_back,0.0,dbms,08-2026,couchbase-802-vanilla-ce-large-large-aws,1,ip-172-31-26-207,ranking,benchANT
2026-08-12 11:25:00+00:00,mem,write_back,81920.0,dbms,08-2026,couchbase-802-vanilla-ce-large-large-aws,1,ip-172-31-26-207,ranking,benchANT
2026-08-12 11:25:10+00:00,mem,write_back,126976.0,dbms,08-2026,couchbase-802-vanilla-ce-large-large-aws,1,ip-172-31-26-207,ranking,benchANT
2026-08-12 11:25:20+00:00,mem,write_back,81920.0,dbms,08-2026,couchbase-802-vanilla-ce-large-large-aws,1,ip-172-31-26-207,ranking,benchANT
2026-08-12 11:25:30+00:00,mem,write_back,81920.0,dbms,08-2026,couchbase-802-vanilla-ce-large-large-aws,1,ip-172-31-26-207,ranking,benchANT
2026-08-12 11:25:40+00:00,mem,write_back,155648.0,dbms,08-2026,couchbase-802-vanilla-ce-large-large-aws,1,ip-172-31-26-207,ranking,benchANT
2026-08-12 11:25:50+00:00,mem,write_back,184320.0,dbms,08-2026,couchbase-802-vanilla-ce-large-large-aws,1,ip-172-31-26-207,ranking,benchANT
2026-08-12 11:26:00+00:00,mem,write_back,73728.0,dbms,08-2026,couchbase-802-vanilla-ce-large-large-aws,1,ip-172-31-26-207,ranking,benchANT
2026-08-12 11:26:10+00:00,mem,write_back,98304.0,dbms,08-2026,couchbase-802-vanilla-ce-large-large-aws,1,ip-172-31-26-207,ranking,benchANT
2026-08-12 11:26:20+00:00,mem,write_back,77824.0,dbms,08-2026,couchbase-802-vanilla-ce-large-large-aws,1,ip-172-31-26-207,ranking,benchANT
2026-08-12 11:26:30+00:00,mem,write_back,81920.0,dbms,08-2026,couchbase-802-vanilla-ce-large-large-aws,1,ip-172-31-26-207,ranking,benchANT
2026-08-12 11:26:40+00:00,mem,write_back,65536.0,dbms,08-2026,couchbase-802-vanilla-ce-large-large-aws,1,ip-172-31-26-207,ranking,benchANT
2026-08-12 11:26:50+00:00,mem,write_back,4096.0,dbms,08-2026,couchbase-802-vanilla-ce-large-large-aws,1,ip-172-31-26-207,ranking,benchANT
2026-08-12 11:27:00+00:00,mem,write_back,0.0,dbms,08-2026,couchbase-802-vanilla-ce-large-large-aws,1,ip-172-31-26-207,ranking,benchANT
2026-08-12 11:27:10+00:00,mem,write_back,69632.0,dbms,08-2026,couchbase-802-vanilla-ce-large-large-aws,1,ip-172-31-26-207,ranking,benchANT
2026-08-12 11:27:20+00:00,mem,write_back,86016.0,dbms,08-2026,couchbase-802-vanilla-ce-large-large-aws,1,ip-172-31-26-207,ranking,benchANT
2026-08-12 11:27:30+00:00,mem,write_back,192512.0,dbms,08-2026,couchbase-802-vanilla-ce-large-large-aws,1,ip-172-31-26-207,ranking,benchANT
2026-08-12 11:27:40+00:00,mem,write_back,159744.0,dbms,08-2026,couchbase-802-vanilla-ce-large-large-aws,1,ip-172-31-26-207,ranking,benchANT
2026-08-12 11:27:50+00:00,mem,write_back,155648.0,dbms,08-2026,couchbase-802-vanilla-ce-large-large-aws,1,ip-172-31-26-207,ranking,benchANT
2026-08-12 11:28:00+00:00,mem,write_back,172032.0,dbms,08-2026,couchbase-802-vanilla-ce-large-large-aws,1,ip-172-31-26-207,ranking,benchANT
2026-08-12 11:28:10+00:00,mem,write_back,8192.0,dbms,08-2026,couchbase-802-vanilla-ce-large-large-aws,1,ip-172-31-26-207,ranking,benchANT
2026-08-12 11:28:20+00:00,mem,write_back,0.0,dbms,08-2026,couchbase-802-vanilla-ce-large-large-aws,1,ip-172-31-26-207,ranking,benchANT
2026-08-12 11:28:30+00:00,mem,write_back,0.0,dbms,08-2026,couchbase-802-vanilla-ce-large-large-aws,1,ip-172-31-26-207,ranking,benchANT
2026-08-12 11:28:40+00:00,mem,write_back,77824.0,dbms,08-2026,couchbase-802-vanilla-ce-large-large-aws,1,ip-172-31-26-207,ranking,benchANT
2026-08-12 11:28:50+00:00,mem,write_back,176128.0,dbms,08-2026,couchbase-802-vanilla-ce-large-large-aws,1,ip-172-31-26-207,ranking,benchANT
2026-08-12 11:29:00+00:00,mem,write_back,81920.0,dbms,08-2026,couchbase-802-vanilla-ce-large-large-aws,1,ip-172-31-26-207,ranking,benchANT
2026-08-12 11:29:10+00:00,mem,write_back,86016.0,dbms,08-2026,couchbase-802-vanilla-ce-large-large-aws,1,ip-172-31-26-207,ranking,benchANT
2026-08-12 11:29:20+00:00,mem,write_back,77824.0,dbms,08-2026,couchbase-802-vanilla-ce-large-large-aws,1,ip-172-31-26-207,ranking,benchANT
2026-08-12 11:29:30+00:00,mem,write_back,114688.0,dbms,08-2026,couchbase-802-vanilla-ce-large-large-aws,1,ip-172-31-26-207,ranking,benchANT
2026-08-12 11:29:40+00:00,mem,write_back,0.0,dbms,08-2026,couchbase-802-vanilla-ce-large-large-aws,1,ip-172-31-26-207,ranking,benchANT
2026-08-12 11:29:50+00:00,mem,write_back,0.0,dbms,08-2026,couchbase-802-vanilla-ce-large-large-aws,1,ip-172-31-26-207,ranking,benchANT
2026-08-12 11:20:00+00:00,mem,write_back_tmp,0.0,dbms,08-2026,couchbase-802-vanilla-ce-large-large-aws,1,ip-172-31-26-207,ranking,benchANT
2026-08-12 11:20:10+00:00,mem,write_back_tmp,0.0,dbms,08-2026,couchbase-802-vanilla-ce-large-large-aws,1,ip-172-31-26-207,ranking,benchANT
2026-08-12 11:20:20+00:00,mem,write_back_tmp,0.0,dbms,08-2026,couchbase-802-vanilla-ce-large-large-aws,1,ip-172-31-26-207,ranking,benchANT
2026-08-12 11:20:30+00:00,mem,write_back_tmp,0.0,dbms,08-2026,couchbase-802-vanilla-ce-large-large-aws,1,ip-172-31-26-207,ranking,benchANT
2026-08-12 11:20:40+00:00,mem,write_back_tmp,0.0,dbms,08-2026,couchbase-802-vanilla-ce-large-large-aws,1,ip-172-31-26-207,ranking,benchANT
2026-08-12 11:20:50+00:00,mem,write_back_tmp,0.0,dbms,08-2026,couchbase-802-vanilla-ce-large-large-aws,1,ip-172-31-26-207,ranking,benchANT
2026-08-12 11:21:00+00:00,mem,write_back_tmp,0.0,dbms,08-2026,couchbase-802-vanilla-ce-large-large-aws,1,ip-172-31-26-207,ranking,benchANT
2026-08-12 11:21:10+00:00,mem,write_back_tmp,0.0,dbms,08-2026,couchbase-802-vanilla-ce-large-large-aws,1,ip-172-31-26-207,ranking,benchANT
2026-08-12 11:21:20+00:00,mem,write_back_tmp,0.0,dbms,08-2026,couchbase-802-vanilla-ce-large-large-aws,1,ip-172-31-26-207,ranking,benchANT
2026-08-12 11:21:30+00:00,mem,write_back_tmp,0.0,dbms,08-2026,couchbase-802-vanilla-ce-large-large-aws,1,ip-172-31-26-207,ranking,benchANT
2026-08-12 11:21:40+00:00,mem,write_back_tmp,0.0,dbms,08-2026,couchbase-802-vanilla-ce-large-large-aws,1,ip-172-31-26-207,ranking,benchANT
2026-08-12 11:21:50+00:00,mem,write_back_tmp,0.0,dbms,08-2026,couchbase-802-vanilla-ce-large-large-aws,1,ip-172-31-26-207,ranking,benchANT
2026-08-12 11:22:00+00:00,mem,write_back_tmp,0.0,dbms,08-2026,couchbase-802-vanilla-ce-large-large-aws,1,ip-172-31-26-207,ranking,benchANT
2026-08-12 11:22:10+00:00,mem,write_back_tmp,0.0,dbms,08-2026,couchbase-802-vanilla-ce-large-large-aws,1,ip-172-31-26-207,ranking,benchANT
2026-08-12 11:22:20+00:00,mem,write_back_tmp,0.0,dbms,08-2026,couchbase-802-vanilla-ce-large-large-aws,1,ip-172-31-26-207,ranking,benchANT
2026-08-12 11:22:30+00:00,mem,write_back_tmp,0.0,dbms,08-2026,couchbase-802-vanilla-ce-large-large-aws,1,ip-172-31-26-207,ranking,benchANT
2026-08-12 11:22:40+00:00,mem,write_back_tmp,0.0,dbms,08-2026,couchbase-802-vanilla-ce-large-large-aws,1,ip-172-31-26-207,ranking,benchANT
2026-08-12 11:22:50+00:00,mem,write_back_tmp,0.0,dbms,08-2026,couchbase-802-vanilla-ce-large-large-aws,1,ip-172-31-26-207,ranking,benchANT
2026-08-12 11:23:00+00:00,mem,write_back_tmp,0.0,dbms,08-2026,couchbase-802-vanilla-ce-large-large-aws,1,ip-172-31-26-207,ranking,benchANT
2026-08-12 11:23:10+00:00,mem,write_back_tmp,0.0,dbms,08-2026,couchbase-802-vanilla-ce-large-large-aws,1,ip-172-31-26-207,ranking,benchANT
2026-08-12 11:23:20+00:00,mem,write_back_tmp,0.0,dbms,08-2026,couchbase-802-vanilla-ce-large-large-aws,1,ip-172-31-26-207,ranking,benchANT
2026-08-12 11:23:30+00:00,mem,write_back_tmp,0.0,dbms,08-2026,couchbase-802-vanilla-ce-large-large-aws,1,ip-172-31-26-207,ranking,benchANT
2026-08-12 11:23:40+00:00,mem,write_back_tmp,0.0,dbms,08-2026,couchbase-802-vanilla-ce-large-large-aws,1,ip-172-31-26-207,ranking,benchANT
2026-08-12 11:23:50+00:00,mem,write_back_tmp,0.0,dbms,08-2026,couchbase-802-vanilla-ce-large-large-aws,1,ip-172-31-26-207,ranking,benchANT
2026-08-12 11:24:00+00:00,mem,write_back_tmp,0.0,dbms,08-2026,couchbase-802-vanilla-ce-large-large-aws,1,ip-172-31-26-207,ranking,benchANT
2026-08-12 11:24:10+00:00,mem,write_back_tmp,0.0,dbms,08-2026,couchbase-802-vanilla-ce-large-large-aws,1,ip-172-31-26-207,ranking,benchANT
2026-08-12 11:24:20+00:00,mem,write_back_tmp,0.0,dbms,08-2026,couchbase-802-vanilla-ce-large-large-aws,1,ip-172-31-26-207,ranking,benchANT
2026-08-12 11:24:30+00:00,mem,write_back_tmp,0.0,dbms,08-2026,couchbase-802-vanilla-ce-large-large-aws,1,ip-172-31-26-207,ranking,benchANT
2026-08-12 11:24:40+00:00,mem,write_back_tmp,0.0,dbms,08-2026,couchbase-802-vanilla-ce-large-large-aws,1,ip-172-31-26-207,ranking,benchANT
2026-08-12 11:24:50+00:00,mem,write_back_tmp,0.0,dbms,08-2026,couchbase-802-vanilla-ce-large-large-aws,1,ip-172-31-26-207,ranking,benchANT
2026-08-12 11:25:00+00:00,mem,write_back_tmp,0.0,dbms,08-2026,couchbase-802-vanilla-ce-large-large-aws,1,ip-172-31-26-207,ranking,benchANT
2026-08-12 11:25:10+00:00,mem,write_back_tmp,0.0,dbms,08-2026,couchbase-802-vanilla-ce-large-large-aws,1,ip-172-31-26-207,ranking,benchANT
2026-08-12 11:25:20+00:00,mem,write_back_tmp,0.0,dbms,08-2026,couchbase-802-vanilla-ce-large-large-aws,1,ip-172-31-26-207,ranking,benchANT
2026-08-12 11:25:30+00:00,mem,write_back_tmp,0.0,dbms,08-2026,couchbase-802-vanilla-ce-large-large-aws,1,ip-172-31-26-207,ranking,benchANT
2026-08-12 11:25:40+00:00,mem,write_back_tmp,0.0,dbms,08-2026,couchbase-802-vanilla-ce-large-large-aws,1,ip-172-31-26-207,ranking,benchANT
2026-08-12 11:25:50+00:00,mem,write_back_tmp,0.0,dbms,08-2026,couchbase-802-vanilla-ce-large-large-aws,1,ip-172-31-26-207,ranking,benchANT
2026-08-12 11:26:00+00:00,mem,write_back_tmp,0.0,dbms,08-2026,couchbase-802-vanilla-ce-large-large-aws,1,ip-172-31-26-207,ranking,benchANT
2026-08-12 11:26:10+00:00,mem,write_back_tmp,0.0,dbms,08-2026,couchbase-802-vanilla-ce-large-large-aws,1,ip-172-31-26-207,ranking,benchANT
2026-08-12 11:26:20+00:00,mem,write_back_tmp,0.0,dbms,08-2026,couchbase-802-vanilla-ce-large-large-aws,1,ip-172-31-26-207,ranking,benchANT
2026-08-12 11:26:30+00:00,mem,write_back_tmp,0.0,dbms,08-2026,couchbase-802-vanilla-ce-large-large-aws,1,ip-172-31-26-207,ranking,benchANT
2026-08-12 11:26:40+00:00,mem,write_back_tmp,0.0,dbms,08-2026,couchbase-802-vanilla-ce-large-large-aws,1,ip-172-31-26-207,ranking,benchANT
2026-08-12 11:26:50+00:00,mem,write_back_tmp,0.0,dbms,08-2026,couchbase-802-vanilla-ce-large-large-aws,1,ip-172-31-26-207,ranking,benchANT
2026-08-12 11:27:00+00:00,mem,write_back_tmp,0.0,dbms,08-2026,couchbase-802-vanilla-ce-large-large-aws,1,ip-172-31-26-207,ranking,benchANT
2026-08-12 11:27:10+00:00,mem,write_back_tmp,0.0,dbms,08-2026,couchbase-802-vanilla-ce-large-large-aws,1,ip-172-31-26-207,ranking,benchANT
2026-08-12 11:27:20+00:00,mem,write_back_tmp,0.0,dbms,08-2026,couchbase-802-vanilla-ce-large-large-aws,1,ip-172-31-26-207,ranking,benchANT
2026-08-12 11:27:30+00:00,mem,write_back_tmp,0.0,dbms,08-2026,couchbase-802-vanilla-ce-large-large-aws,1,ip-172-31-26-207,ranking,benchANT
2026-08-12 11:27:40+00:00,mem,write_back_tmp,0.0,dbms,08-2026,couchbase-802-vanilla-ce-large-large-aws,1,ip-172-31-26-207,ranking,benchANT
2026-08-12 11:27:50+00:00,mem,write_back_tmp,0.0,dbms,08-2026,couchbase-802-vanilla-ce-large-large-aws,1,ip-172-31-26-207,ranking,benchANT
2026-08-12 11:28:00+00:00,mem,write_back_tmp,0.0,dbms,08-2026,couchbase-802-vanilla-ce-large-large-aws,1,ip-172-31-26-207,ranking,benchANT
2026-08-12 11:28:10+00:00,mem,write_back_tmp,0.0,dbms,08-2026,couchbase-802-vanilla-ce-large-large-aws,1,ip-172-31-26-207,ranking,benchANT
2026-08-12 11:28:20+00:00,mem,write_back_tmp,0.0,dbms,08-2026,couchbase-802-vanilla-ce-large-large-aws,1,ip-172-31-26-207,ranking,benchANT
2026-08-12 11:28:30+00:00,mem,write_back_tmp,0.0,dbms,08-2026,couchbase-802-vanilla-ce-large-large-aws,1,ip-172-31-26-207,ranking,benchANT
2026-08-12 11:28:40+00:00,mem,write_back_tmp,0.0,dbms,08-2026,couchbase-802-vanilla-ce-large-large-aws,1,ip-172-31-26-207,ranking,benchANT
2026-08-12 11:28:50+00:00,mem,write_back_tmp,0.0,dbms,08-2026,couchbase-802-vanilla-ce-large-large-aws,1,ip-172-31-26-207,ranking,benchANT
2026-08-12 11:29:00+00:00,mem,write_back_tmp,0.0,dbms,08-2026,couchbase-802-vanilla-ce-large-large-aws,1,ip-172-31-26-207,ranking,benchANT
2026-08-12 11:29:10+00:00,mem,write_back_tmp,0.0,dbms,08-2026,couchbase-802-vanilla-ce-large-large-aws,1,ip-172-31-26-207,ranking,benchANT
2026-08-12 11:29:20+00:00,mem,write_back_tmp,0.0,dbms,08-2026,couchbase-802-vanilla-ce-large-large-aws,1,ip-172-31-26-207,ranking,benchANT
2026-08-12 11:29:30+00:00,mem,write_back_tmp,0.0,dbms,08-2026,couchbase-802-vanilla-ce-large-large-aws,1,ip-172-31-26-207,ranking,benchANT
2026-08-12 11:29:40+00:00,mem,write_back_tmp,0.0,dbms,08-2026,couchbase-802-vanilla-ce-large-large-aws,1,ip-172-31-26-207,ranking,benchANT
2026-08-12 11:29:50+00:00,mem,write_back_tmp,0.0,dbms,08-2026,couchbase-802-vanilla-ce-large-large-aws,1,ip-172-31-26-207,ranking,benchANT
