time,measurement,field,value,application,batchId,configurationId,executionCounter,host,projectId,userId
2026-09-18 10:23:00+00:00,processes,blocked,0,dbms,09-2026,yugabyte-2026111-vanilla-os-xlarge-xlarge-aws-v2,1,ip-172-31-17-33,ranking,benchANT
2026-09-18 10:23:10+00:00,processes,blocked,0,dbms,09-2026,yugabyte-2026111-vanilla-os-xlarge-xlarge-aws-v2,1,ip-172-31-17-33,ranking,benchANT
2026-09-18 10:23:20+00:00,processes,blocked,0,dbms,09-2026,yugabyte-2026111-vanilla-os-xlarge-xlarge-aws-v2,1,ip-172-31-17-33,ranking,benchANT
2026-09-18 10:23:30+00:00,processes,blocked,0,dbms,09-2026,yugabyte-2026111-vanilla-os-xlarge-xlarge-aws-v2,1,ip-172-31-17-33,ranking,benchANT
2026-09-18 10:23:40+00:00,processes,blocked,0,dbms,09-2026,yugabyte-2026111-vanilla-os-xlarge-xlarge-aws-v2,1,ip-172-31-17-33,ranking,benchANT
2026-09-18 10:23:50+00:00,processes,blocked,0,dbms,09-2026,yugabyte-2026111-vanilla-os-xlarge-xlarge-aws-v2,1,ip-172-31-17-33,ranking,benchANT
2026-09-18 10:24:00+00:00,processes,blocked,0,dbms,09-2026,yugabyte-2026111-vanilla-os-xlarge-xlarge-aws-v2,1,ip-172-31-17-33,ranking,benchANT
2026-09-18 10:24:10+00:00,processes,blocked,0,dbms,09-2026,yugabyte-2026111-vanilla-os-xlarge-xlarge-aws-v2,1,ip-172-31-17-33,ranking,benchANT
2026-09-18 10:24:20+00:00,processes,blocked,0,dbms,09-2026,yugabyte-2026111-vanilla-os-xlarge-xlarge-aws-v2,1,ip-172-31-17-33,ranking,benchANT
2026-09-18 10:24:30+00:00,processes,blocked,1,dbms,09-2026,yugabyte-2026111-vanilla-os-xlarge-xlarge-aws-v2,1,ip-172-31-17-33,ranking,benchANT
2026-09-18 10:24:40+00:00,processes,blocked,0,dbms,09-2026,yugabyte-2026111-vanilla-os-xlarge-xlarge-aws-v2,1,ip-172-31-17-33,ranking,benchANT
2026-09-18 10:24:50+00:00,processes,blocked,0,dbms,09-2026,yugabyte-2026111-vanilla-os-xlarge-xlarge-aws-v2,1,ip-172-31-17-33,ranking,benchANT
2026-09-18 10:25:00+00:00,processes,blocked,0,dbms,09-2026,yugabyte-2026111-vanilla-os-xlarge-xlarge-aws-v2,1,ip-172-31-17-33,ranking,benchANT
2026-09-18 10:25:10+00:00,processes,blocked,0,dbms,09-2026,yugabyte-2026111-vanilla-os-xlarge-xlarge-aws-v2,1,ip-172-31-17-33,ranking,benchANT
2026-09-18 10:25:20+00:00,processes,blocked,0,dbms,09-2026,yugabyte-2026111-vanilla-os-xlarge-xlarge-aws-v2,1,ip-172-31-17-33,ranking,benchANT
2026-09-18 10:25:30+00:00,processes,blocked,2,dbms,09-2026,yugabyte-2026111-vanilla-os-xlarge-xlarge-aws-v2,1,ip-172-31-17-33,ranking,benchANT
2026-09-18 10:25:40+00:00,processes,blocked,0,dbms,09-2026,yugabyte-2026111-vanilla-os-xlarge-xlarge-aws-v2,1,ip-172-31-17-33,ranking,benchANT
2026-09-18 10:25:50+00:00,processes,blocked,0,dbms,09-2026,yugabyte-2026111-vanilla-os-xlarge-xlarge-aws-v2,1,ip-172-31-17-33,ranking,benchANT
2026-09-18 10:26:00+00:00,processes,blocked,0,dbms,09-2026,yugabyte-2026111-vanilla-os-xlarge-xlarge-aws-v2,1,ip-172-31-17-33,ranking,benchANT
2026-09-18 10:26:10+00:00,processes,blocked,0,dbms,09-2026,yugabyte-2026111-vanilla-os-xlarge-xlarge-aws-v2,1,ip-172-31-17-33,ranking,benchANT
2026-09-18 10:26:20+00:00,processes,blocked,0,dbms,09-2026,yugabyte-2026111-vanilla-os-xlarge-xlarge-aws-v2,1,ip-172-31-17-33,ranking,benchANT
2026-09-18 10:26:30+00:00,processes,blocked,0,dbms,09-2026,yugabyte-2026111-vanilla-os-xlarge-xlarge-aws-v2,1,ip-172-31-17-33,ranking,benchANT
2026-09-18 10:26:40+00:00,processes,blocked,2,dbms,09-2026,yugabyte-2026111-vanilla-os-xlarge-xlarge-aws-v2,1,ip-172-31-17-33,ranking,benchANT
2026-09-18 10:26:50+00:00,processes,blocked,2,dbms,09-2026,yugabyte-2026111-vanilla-os-xlarge-xlarge-aws-v2,1,ip-172-31-17-33,ranking,benchANT
2026-09-18 10:27:00+00:00,processes,blocked,0,dbms,09-2026,yugabyte-2026111-vanilla-os-xlarge-xlarge-aws-v2,1,ip-172-31-17-33,ranking,benchANT
2026-09-18 10:27:10+00:00,processes,blocked,0,dbms,09-2026,yugabyte-2026111-vanilla-os-xlarge-xlarge-aws-v2,1,ip-172-31-17-33,ranking,benchANT
2026-09-18 10:27:20+00:00,processes,blocked,0,dbms,09-2026,yugabyte-2026111-vanilla-os-xlarge-xlarge-aws-v2,1,ip-172-31-17-33,ranking,benchANT
2026-09-18 10:27:30+00:00,processes,blocked,0,dbms,09-2026,yugabyte-2026111-vanilla-os-xlarge-xlarge-aws-v2,1,ip-172-31-17-33,ranking,benchANT
2026-09-18 10:27:40+00:00,processes,blocked,0,dbms,09-2026,yugabyte-2026111-vanilla-os-xlarge-xlarge-aws-v2,1,ip-172-31-17-33,ranking,benchANT
2026-09-18 10:27:50+00:00,processes,blocked,0,dbms,09-2026,yugabyte-2026111-vanilla-os-xlarge-xlarge-aws-v2,1,ip-172-31-17-33,ranking,benchANT
2026-09-18 10:28:00+00:00,processes,blocked,0,dbms,09-2026,yugabyte-2026111-vanilla-os-xlarge-xlarge-aws-v2,1,ip-172-31-17-33,ranking,benchANT
2026-09-18 10:28:10+00:00,processes,blocked,0,dbms,09-2026,yugabyte-2026111-vanilla-os-xlarge-xlarge-aws-v2,1,ip-172-31-17-33,ranking,benchANT
2026-09-18 10:28:20+00:00,processes,blocked,0,dbms,09-2026,yugabyte-2026111-vanilla-os-xlarge-xlarge-aws-v2,1,ip-172-31-17-33,ranking,benchANT
2026-09-18 10:28:30+00:00,processes,blocked,0,dbms,09-2026,yugabyte-2026111-vanilla-os-xlarge-xlarge-aws-v2,1,ip-172-31-17-33,ranking,benchANT
2026-09-18 10:28:40+00:00,processes,blocked,0,dbms,09-2026,yugabyte-2026111-vanilla-os-xlarge-xlarge-aws-v2,1,ip-172-31-17-33,ranking,benchANT
2026-09-18 10:28:50+00:00,processes,blocked,0,dbms,09-2026,yugabyte-2026111-vanilla-os-xlarge-xlarge-aws-v2,1,ip-172-31-17-33,ranking,benchANT
2026-09-18 10:29:00+00:00,processes,blocked,1,dbms,09-2026,yugabyte-2026111-vanilla-os-xlarge-xlarge-aws-v2,1,ip-172-31-17-33,ranking,benchANT
2026-09-18 10:29:10+00:00,processes,blocked,1,dbms,09-2026,yugabyte-2026111-vanilla-os-xlarge-xlarge-aws-v2,1,ip-172-31-17-33,ranking,benchANT
2026-09-18 10:29:20+00:00,processes,blocked,0,dbms,09-2026,yugabyte-2026111-vanilla-os-xlarge-xlarge-aws-v2,1,ip-172-31-17-33,ranking,benchANT
2026-09-18 10:29:30+00:00,processes,blocked,2,dbms,09-2026,yugabyte-2026111-vanilla-os-xlarge-xlarge-aws-v2,1,ip-172-31-17-33,ranking,benchANT
2026-09-18 10:29:40+00:00,processes,blocked,1,dbms,09-2026,yugabyte-2026111-vanilla-os-xlarge-xlarge-aws-v2,1,ip-172-31-17-33,ranking,benchANT
2026-09-18 10:29:50+00:00,processes,blocked,0,dbms,09-2026,yugabyte-2026111-vanilla-os-xlarge-xlarge-aws-v2,1,ip-172-31-17-33,ranking,benchANT
2026-09-18 10:30:00+00:00,processes,blocked,0,dbms,09-2026,yugabyte-2026111-vanilla-os-xlarge-xlarge-aws-v2,1,ip-172-31-17-33,ranking,benchANT
2026-09-18 10:30:10+00:00,processes,blocked,0,dbms,09-2026,yugabyte-2026111-vanilla-os-xlarge-xlarge-aws-v2,1,ip-172-31-17-33,ranking,benchANT
2026-09-18 10:30:20+00:00,processes,blocked,0,dbms,09-2026,yugabyte-2026111-vanilla-os-xlarge-xlarge-aws-v2,1,ip-172-31-17-33,ranking,benchANT
2026-09-18 10:30:30+00:00,processes,blocked,0,dbms,09-2026,yugabyte-2026111-vanilla-os-xlarge-xlarge-aws-v2,1,ip-172-31-17-33,ranking,benchANT
2026-09-18 10:30:40+00:00,processes,blocked,0,dbms,09-2026,yugabyte-2026111-vanilla-os-xlarge-xlarge-aws-v2,1,ip-172-31-17-33,ranking,benchANT
2026-09-18 10:30:50+00:00,processes,blocked,0,dbms,09-2026,yugabyte-2026111-vanilla-os-xlarge-xlarge-aws-v2,1,ip-172-31-17-33,ranking,benchANT
2026-09-18 10:31:00+00:00,processes,blocked,0,dbms,09-2026,yugabyte-2026111-vanilla-os-xlarge-xlarge-aws-v2,1,ip-172-31-17-33,ranking,benchANT
2026-09-18 10:31:10+00:00,processes,blocked,0,dbms,09-2026,yugabyte-2026111-vanilla-os-xlarge-xlarge-aws-v2,1,ip-172-31-17-33,ranking,benchANT
2026-09-18 10:31:20+00:00,processes,blocked,0,dbms,09-2026,yugabyte-2026111-vanilla-os-xlarge-xlarge-aws-v2,1,ip-172-31-17-33,ranking,benchANT
2026-09-18 10:23:00+00:00,processes,dead,0,dbms,09-2026,yugabyte-2026111-vanilla-os-xlarge-xlarge-aws-v2,1,ip-172-31-17-33,ranking,benchANT
2026-09-18 10:23:10+00:00,processes,dead,0,dbms,09-2026,yugabyte-2026111-vanilla-os-xlarge-xlarge-aws-v2,1,ip-172-31-17-33,ranking,benchANT
2026-09-18 10:23:20+00:00,processes,dead,0,dbms,09-2026,yugabyte-2026111-vanilla-os-xlarge-xlarge-aws-v2,1,ip-172-31-17-33,ranking,benchANT
2026-09-18 10:23:30+00:00,processes,dead,0,dbms,09-2026,yugabyte-2026111-vanilla-os-xlarge-xlarge-aws-v2,1,ip-172-31-17-33,ranking,benchANT
2026-09-18 10:23:40+00:00,processes,dead,0,dbms,09-2026,yugabyte-2026111-vanilla-os-xlarge-xlarge-aws-v2,1,ip-172-31-17-33,ranking,benchANT
2026-09-18 10:23:50+00:00,processes,dead,0,dbms,09-2026,yugabyte-2026111-vanilla-os-xlarge-xlarge-aws-v2,1,ip-172-31-17-33,ranking,benchANT
2026-09-18 10:24:00+00:00,processes,dead,0,dbms,09-2026,yugabyte-2026111-vanilla-os-xlarge-xlarge-aws-v2,1,ip-172-31-17-33,ranking,benchANT
2026-09-18 10:24:10+00:00,processes,dead,0,dbms,09-2026,yugabyte-2026111-vanilla-os-xlarge-xlarge-aws-v2,1,ip-172-31-17-33,ranking,benchANT
2026-09-18 10:24:20+00:00,processes,dead,0,dbms,09-2026,yugabyte-2026111-vanilla-os-xlarge-xlarge-aws-v2,1,ip-172-31-17-33,ranking,benchANT
2026-09-18 10:24:30+00:00,processes,dead,0,dbms,09-2026,yugabyte-2026111-vanilla-os-xlarge-xlarge-aws-v2,1,ip-172-31-17-33,ranking,benchANT
2026-09-18 10:24:40+00:00,processes,dead,0,dbms,09-2026,yugabyte-2026111-vanilla-os-xlarge-xlarge-aws-v2,1,ip-172-31-17-33,ranking,benchANT
2026-09-18 10:24:50+00:00,processes,dead,0,dbms,09-2026,yugabyte-2026111-vanilla-os-xlarge-xlarge-aws-v2,1,ip-172-31-17-33,ranking,benchANT
2026-09-18 10:25:00+00:00,processes,dead,0,dbms,09-2026,yugabyte-2026111-vanilla-os-xlarge-xlarge-aws-v2,1,ip-172-31-17-33,ranking,benchANT
2026-09-18 10:25:10+00:00,processes,dead,0,dbms,09-2026,yugabyte-2026111-vanilla-os-xlarge-xlarge-aws-v2,1,ip-172-31-17-33,ranking,benchANT
2026-09-18 10:25:20+00:00,processes,dead,0,dbms,09-2026,yugabyte-2026111-vanilla-os-xlarge-xlarge-aws-v2,1,ip-172-31-17-33,ranking,benchANT
2026-09-18 10:25:30+00:00,processes,dead,0,dbms,09-2026,yugabyte-2026111-vanilla-os-xlarge-xlarge-aws-v2,1,ip-172-31-17-33,ranking,benchANT
2026-09-18 10:25:40+00:00,processes,dead,0,dbms,09-2026,yugabyte-2026111-vanilla-os-xlarge-xlarge-aws-v2,1,ip-172-31-17-33,ranking,benchANT
2026-09-18 10:25:50+00:00,processes,dead,0,dbms,09-2026,yugabyte-2026111-vanilla-os-xlarge-xlarge-aws-v2,1,ip-172-31-17-33,ranking,benchANT
2026-09-18 10:26:00+00:00,processes,dead,0,dbms,09-2026,yugabyte-2026111-vanilla-os-xlarge-xlarge-aws-v2,1,ip-172-31-17-33,ranking,benchANT
2026-09-18 10:26:10+00:00,processes,dead,0,dbms,09-2026,yugabyte-2026111-vanilla-os-xlarge-xlarge-aws-v2,1,ip-172-31-17-33,ranking,benchANT
2026-09-18 10:26:20+00:00,processes,dead,0,dbms,09-2026,yugabyte-2026111-vanilla-os-xlarge-xlarge-aws-v2,1,ip-172-31-17-33,ranking,benchANT
2026-09-18 10:26:30+00:00,processes,dead,0,dbms,09-2026,yugabyte-2026111-vanilla-os-xlarge-xlarge-aws-v2,1,ip-172-31-17-33,ranking,benchANT
2026-09-18 10:26:40+00:00,processes,dead,0,dbms,09-2026,yugabyte-2026111-vanilla-os-xlarge-xlarge-aws-v2,1,ip-172-31-17-33,ranking,benchANT
2026-09-18 10:26:50+00:00,processes,dead,0,dbms,09-2026,yugabyte-2026111-vanilla-os-xlarge-xlarge-aws-v2,1,ip-172-31-17-33,ranking,benchANT
2026-09-18 10:27:00+00:00,processes,dead,0,dbms,09-2026,yugabyte-2026111-vanilla-os-xlarge-xlarge-aws-v2,1,ip-172-31-17-33,ranking,benchANT
2026-09-18 10:27:10+00:00,processes,dead,0,dbms,09-2026,yugabyte-2026111-vanilla-os-xlarge-xlarge-aws-v2,1,ip-172-31-17-33,ranking,benchANT
2026-09-18 10:27:20+00:00,processes,dead,0,dbms,09-2026,yugabyte-2026111-vanilla-os-xlarge-xlarge-aws-v2,1,ip-172-31-17-33,ranking,benchANT
2026-09-18 10:27:30+00:00,processes,dead,0,dbms,09-2026,yugabyte-2026111-vanilla-os-xlarge-xlarge-aws-v2,1,ip-172-31-17-33,ranking,benchANT
2026-09-18 10:27:40+00:00,processes,dead,0,dbms,09-2026,yugabyte-2026111-vanilla-os-xlarge-xlarge-aws-v2,1,ip-172-31-17-33,ranking,benchANT
2026-09-18 10:27:50+00:00,processes,dead,0,dbms,09-2026,yugabyte-2026111-vanilla-os-xlarge-xlarge-aws-v2,1,ip-172-31-17-33,ranking,benchANT
2026-09-18 10:28:00+00:00,processes,dead,0,dbms,09-2026,yugabyte-2026111-vanilla-os-xlarge-xlarge-aws-v2,1,ip-172-31-17-33,ranking,benchANT
2026-09-18 10:28:10+00:00,processes,dead,0,dbms,09-2026,yugabyte-2026111-vanilla-os-xlarge-xlarge-aws-v2,1,ip-172-31-17-33,ranking,benchANT
2026-09-18 10:28:20+00:00,processes,dead,0,dbms,09-2026,yugabyte-2026111-vanilla-os-xlarge-xlarge-aws-v2,1,ip-172-31-17-33,ranking,benchANT
2026-09-18 10:28:30+00:00,processes,dead,0,dbms,09-2026,yugabyte-2026111-vanilla-os-xlarge-xlarge-aws-v2,1,ip-172-31-17-33,ranking,benchANT
2026-09-18 10:28:40+00:00,processes,dead,0,dbms,09-2026,yugabyte-2026111-vanilla-os-xlarge-xlarge-aws-v2,1,ip-172-31-17-33,ranking,benchANT
2026-09-18 10:28:50+00:00,processes,dead,0,dbms,09-2026,yugabyte-2026111-vanilla-os-xlarge-xlarge-aws-v2,1,ip-172-31-17-33,ranking,benchANT
2026-09-18 10:29:00+00:00,processes,dead,0,dbms,09-2026,yugabyte-2026111-vanilla-os-xlarge-xlarge-aws-v2,1,ip-172-31-17-33,ranking,benchANT
2026-09-18 10:29:10+00:00,processes,dead,0,dbms,09-2026,yugabyte-2026111-vanilla-os-xlarge-xlarge-aws-v2,1,ip-172-31-17-33,ranking,benchANT
2026-09-18 10:29:20+00:00,processes,dead,0,dbms,09-2026,yugabyte-2026111-vanilla-os-xlarge-xlarge-aws-v2,1,ip-172-31-17-33,ranking,benchANT
2026-09-18 10:29:30+00:00,processes,dead,0,dbms,09-2026,yugabyte-2026111-vanilla-os-xlarge-xlarge-aws-v2,1,ip-172-31-17-33,ranking,benchANT
2026-09-18 10:29:40+00:00,processes,dead,0,dbms,09-2026,yugabyte-2026111-vanilla-os-xlarge-xlarge-aws-v2,1,ip-172-31-17-33,ranking,benchANT
2026-09-18 10:29:50+00:00,processes,dead,0,dbms,09-2026,yugabyte-2026111-vanilla-os-xlarge-xlarge-aws-v2,1,ip-172-31-17-33,ranking,benchANT
2026-09-18 10:30:00+00:00,processes,dead,0,dbms,09-2026,yugabyte-2026111-vanilla-os-xlarge-xlarge-aws-v2,1,ip-172-31-17-33,ranking,benchANT
2026-09-18 10:30:10+00:00,processes,dead,0,dbms,09-2026,yugabyte-2026111-vanilla-os-xlarge-xlarge-aws-v2,1,ip-172-31-17-33,ranking,benchANT
2026-09-18 10:30:20+00:00,processes,dead,0,dbms,09-2026,yugabyte-2026111-vanilla-os-xlarge-xlarge-aws-v2,1,ip-172-31-17-33,ranking,benchANT
2026-09-18 10:30:30+00:00,processes,dead,0,dbms,09-2026,yugabyte-2026111-vanilla-os-xlarge-xlarge-aws-v2,1,ip-172-31-17-33,ranking,benchANT
2026-09-18 10:30:40+00:00,processes,dead,0,dbms,09-2026,yugabyte-2026111-vanilla-os-xlarge-xlarge-aws-v2,1,ip-172-31-17-33,ranking,benchANT
2026-09-18 10:30:50+00:00,processes,dead,0,dbms,09-2026,yugabyte-2026111-vanilla-os-xlarge-xlarge-aws-v2,1,ip-172-31-17-33,ranking,benchANT
2026-09-18 10:31:00+00:00,processes,dead,0,dbms,09-2026,yugabyte-2026111-vanilla-os-xlarge-xlarge-aws-v2,1,ip-172-31-17-33,ranking,benchANT
2026-09-18 10:31:10+00:00,processes,dead,0,dbms,09-2026,yugabyte-2026111-vanilla-os-xlarge-xlarge-aws-v2,1,ip-172-31-17-33,ranking,benchANT
2026-09-18 10:31:20+00:00,processes,dead,0,dbms,09-2026,yugabyte-2026111-vanilla-os-xlarge-xlarge-aws-v2,1,ip-172-31-17-33,ranking,benchANT
2026-09-18 10:23:00+00:00,processes,idle,77,dbms,09-2026,yugabyte-2026111-vanilla-os-xlarge-xlarge-aws-v2,1,ip-172-31-17-33,ranking,benchANT
2026-09-18 10:23:10+00:00,processes,idle,77,dbms,09-2026,yugabyte-2026111-vanilla-os-xlarge-xlarge-aws-v2,1,ip-172-31-17-33,ranking,benchANT
2026-09-18 10:23:20+00:00,processes,idle,77,dbms,09-2026,yugabyte-2026111-vanilla-os-xlarge-xlarge-aws-v2,1,ip-172-31-17-33,ranking,benchANT
2026-09-18 10:23:30+00:00,processes,idle,77,dbms,09-2026,yugabyte-2026111-vanilla-os-xlarge-xlarge-aws-v2,1,ip-172-31-17-33,ranking,benchANT
2026-09-18 10:23:40+00:00,processes,idle,77,dbms,09-2026,yugabyte-2026111-vanilla-os-xlarge-xlarge-aws-v2,1,ip-172-31-17-33,ranking,benchANT
2026-09-18 10:23:50+00:00,processes,idle,77,dbms,09-2026,yugabyte-2026111-vanilla-os-xlarge-xlarge-aws-v2,1,ip-172-31-17-33,ranking,benchANT
2026-09-18 10:24:00+00:00,processes,idle,77,dbms,09-2026,yugabyte-2026111-vanilla-os-xlarge-xlarge-aws-v2,1,ip-172-31-17-33,ranking,benchANT
2026-09-18 10:24:10+00:00,processes,idle,77,dbms,09-2026,yugabyte-2026111-vanilla-os-xlarge-xlarge-aws-v2,1,ip-172-31-17-33,ranking,benchANT
2026-09-18 10:24:20+00:00,processes,idle,77,dbms,09-2026,yugabyte-2026111-vanilla-os-xlarge-xlarge-aws-v2,1,ip-172-31-17-33,ranking,benchANT
2026-09-18 10:24:30+00:00,processes,idle,76,dbms,09-2026,yugabyte-2026111-vanilla-os-xlarge-xlarge-aws-v2,1,ip-172-31-17-33,ranking,benchANT
2026-09-18 10:24:40+00:00,processes,idle,77,dbms,09-2026,yugabyte-2026111-vanilla-os-xlarge-xlarge-aws-v2,1,ip-172-31-17-33,ranking,benchANT
2026-09-18 10:24:50+00:00,processes,idle,77,dbms,09-2026,yugabyte-2026111-vanilla-os-xlarge-xlarge-aws-v2,1,ip-172-31-17-33,ranking,benchANT
2026-09-18 10:25:00+00:00,processes,idle,77,dbms,09-2026,yugabyte-2026111-vanilla-os-xlarge-xlarge-aws-v2,1,ip-172-31-17-33,ranking,benchANT
2026-09-18 10:25:10+00:00,processes,idle,77,dbms,09-2026,yugabyte-2026111-vanilla-os-xlarge-xlarge-aws-v2,1,ip-172-31-17-33,ranking,benchANT
2026-09-18 10:25:20+00:00,processes,idle,77,dbms,09-2026,yugabyte-2026111-vanilla-os-xlarge-xlarge-aws-v2,1,ip-172-31-17-33,ranking,benchANT
2026-09-18 10:25:30+00:00,processes,idle,76,dbms,09-2026,yugabyte-2026111-vanilla-os-xlarge-xlarge-aws-v2,1,ip-172-31-17-33,ranking,benchANT
2026-09-18 10:25:40+00:00,processes,idle,77,dbms,09-2026,yugabyte-2026111-vanilla-os-xlarge-xlarge-aws-v2,1,ip-172-31-17-33,ranking,benchANT
2026-09-18 10:25:50+00:00,processes,idle,77,dbms,09-2026,yugabyte-2026111-vanilla-os-xlarge-xlarge-aws-v2,1,ip-172-31-17-33,ranking,benchANT
2026-09-18 10:26:00+00:00,processes,idle,77,dbms,09-2026,yugabyte-2026111-vanilla-os-xlarge-xlarge-aws-v2,1,ip-172-31-17-33,ranking,benchANT
2026-09-18 10:26:10+00:00,processes,idle,77,dbms,09-2026,yugabyte-2026111-vanilla-os-xlarge-xlarge-aws-v2,1,ip-172-31-17-33,ranking,benchANT
2026-09-18 10:26:20+00:00,processes,idle,77,dbms,09-2026,yugabyte-2026111-vanilla-os-xlarge-xlarge-aws-v2,1,ip-172-31-17-33,ranking,benchANT
2026-09-18 10:26:30+00:00,processes,idle,77,dbms,09-2026,yugabyte-2026111-vanilla-os-xlarge-xlarge-aws-v2,1,ip-172-31-17-33,ranking,benchANT
2026-09-18 10:26:40+00:00,processes,idle,76,dbms,09-2026,yugabyte-2026111-vanilla-os-xlarge-xlarge-aws-v2,1,ip-172-31-17-33,ranking,benchANT
2026-09-18 10:26:50+00:00,processes,idle,76,dbms,09-2026,yugabyte-2026111-vanilla-os-xlarge-xlarge-aws-v2,1,ip-172-31-17-33,ranking,benchANT
2026-09-18 10:27:00+00:00,processes,idle,77,dbms,09-2026,yugabyte-2026111-vanilla-os-xlarge-xlarge-aws-v2,1,ip-172-31-17-33,ranking,benchANT
2026-09-18 10:27:10+00:00,processes,idle,77,dbms,09-2026,yugabyte-2026111-vanilla-os-xlarge-xlarge-aws-v2,1,ip-172-31-17-33,ranking,benchANT
2026-09-18 10:27:20+00:00,processes,idle,77,dbms,09-2026,yugabyte-2026111-vanilla-os-xlarge-xlarge-aws-v2,1,ip-172-31-17-33,ranking,benchANT
2026-09-18 10:27:30+00:00,processes,idle,77,dbms,09-2026,yugabyte-2026111-vanilla-os-xlarge-xlarge-aws-v2,1,ip-172-31-17-33,ranking,benchANT
2026-09-18 10:27:40+00:00,processes,idle,77,dbms,09-2026,yugabyte-2026111-vanilla-os-xlarge-xlarge-aws-v2,1,ip-172-31-17-33,ranking,benchANT
2026-09-18 10:27:50+00:00,processes,idle,77,dbms,09-2026,yugabyte-2026111-vanilla-os-xlarge-xlarge-aws-v2,1,ip-172-31-17-33,ranking,benchANT
2026-09-18 10:28:00+00:00,processes,idle,77,dbms,09-2026,yugabyte-2026111-vanilla-os-xlarge-xlarge-aws-v2,1,ip-172-31-17-33,ranking,benchANT
2026-09-18 10:28:10+00:00,processes,idle,77,dbms,09-2026,yugabyte-2026111-vanilla-os-xlarge-xlarge-aws-v2,1,ip-172-31-17-33,ranking,benchANT
2026-09-18 10:28:20+00:00,processes,idle,77,dbms,09-2026,yugabyte-2026111-vanilla-os-xlarge-xlarge-aws-v2,1,ip-172-31-17-33,ranking,benchANT
2026-09-18 10:28:30+00:00,processes,idle,76,dbms,09-2026,yugabyte-2026111-vanilla-os-xlarge-xlarge-aws-v2,1,ip-172-31-17-33,ranking,benchANT
2026-09-18 10:28:40+00:00,processes,idle,76,dbms,09-2026,yugabyte-2026111-vanilla-os-xlarge-xlarge-aws-v2,1,ip-172-31-17-33,ranking,benchANT
2026-09-18 10:28:50+00:00,processes,idle,76,dbms,09-2026,yugabyte-2026111-vanilla-os-xlarge-xlarge-aws-v2,1,ip-172-31-17-33,ranking,benchANT
2026-09-18 10:29:00+00:00,processes,idle,76,dbms,09-2026,yugabyte-2026111-vanilla-os-xlarge-xlarge-aws-v2,1,ip-172-31-17-33,ranking,benchANT
2026-09-18 10:29:10+00:00,processes,idle,77,dbms,09-2026,yugabyte-2026111-vanilla-os-xlarge-xlarge-aws-v2,1,ip-172-31-17-33,ranking,benchANT
2026-09-18 10:29:20+00:00,processes,idle,77,dbms,09-2026,yugabyte-2026111-vanilla-os-xlarge-xlarge-aws-v2,1,ip-172-31-17-33,ranking,benchANT
2026-09-18 10:29:30+00:00,processes,idle,76,dbms,09-2026,yugabyte-2026111-vanilla-os-xlarge-xlarge-aws-v2,1,ip-172-31-17-33,ranking,benchANT
2026-09-18 10:29:40+00:00,processes,idle,77,dbms,09-2026,yugabyte-2026111-vanilla-os-xlarge-xlarge-aws-v2,1,ip-172-31-17-33,ranking,benchANT
2026-09-18 10:29:50+00:00,processes,idle,76,dbms,09-2026,yugabyte-2026111-vanilla-os-xlarge-xlarge-aws-v2,1,ip-172-31-17-33,ranking,benchANT
2026-09-18 10:30:00+00:00,processes,idle,77,dbms,09-2026,yugabyte-2026111-vanilla-os-xlarge-xlarge-aws-v2,1,ip-172-31-17-33,ranking,benchANT
2026-09-18 10:30:10+00:00,processes,idle,77,dbms,09-2026,yugabyte-2026111-vanilla-os-xlarge-xlarge-aws-v2,1,ip-172-31-17-33,ranking,benchANT
2026-09-18 10:30:20+00:00,processes,idle,78,dbms,09-2026,yugabyte-2026111-vanilla-os-xlarge-xlarge-aws-v2,1,ip-172-31-17-33,ranking,benchANT
2026-09-18 10:30:30+00:00,processes,idle,78,dbms,09-2026,yugabyte-2026111-vanilla-os-xlarge-xlarge-aws-v2,1,ip-172-31-17-33,ranking,benchANT
2026-09-18 10:30:40+00:00,processes,idle,78,dbms,09-2026,yugabyte-2026111-vanilla-os-xlarge-xlarge-aws-v2,1,ip-172-31-17-33,ranking,benchANT
2026-09-18 10:30:50+00:00,processes,idle,78,dbms,09-2026,yugabyte-2026111-vanilla-os-xlarge-xlarge-aws-v2,1,ip-172-31-17-33,ranking,benchANT
2026-09-18 10:31:00+00:00,processes,idle,78,dbms,09-2026,yugabyte-2026111-vanilla-os-xlarge-xlarge-aws-v2,1,ip-172-31-17-33,ranking,benchANT
2026-09-18 10:31:10+00:00,processes,idle,78,dbms,09-2026,yugabyte-2026111-vanilla-os-xlarge-xlarge-aws-v2,1,ip-172-31-17-33,ranking,benchANT
2026-09-18 10:31:20+00:00,processes,idle,78,dbms,09-2026,yugabyte-2026111-vanilla-os-xlarge-xlarge-aws-v2,1,ip-172-31-17-33,ranking,benchANT
2026-09-18 10:23:00+00:00,processes,paging,0,dbms,09-2026,yugabyte-2026111-vanilla-os-xlarge-xlarge-aws-v2,1,ip-172-31-17-33,ranking,benchANT
2026-09-18 10:23:10+00:00,processes,paging,0,dbms,09-2026,yugabyte-2026111-vanilla-os-xlarge-xlarge-aws-v2,1,ip-172-31-17-33,ranking,benchANT
2026-09-18 10:23:20+00:00,processes,paging,0,dbms,09-2026,yugabyte-2026111-vanilla-os-xlarge-xlarge-aws-v2,1,ip-172-31-17-33,ranking,benchANT
2026-09-18 10:23:30+00:00,processes,paging,0,dbms,09-2026,yugabyte-2026111-vanilla-os-xlarge-xlarge-aws-v2,1,ip-172-31-17-33,ranking,benchANT
2026-09-18 10:23:40+00:00,processes,paging,0,dbms,09-2026,yugabyte-2026111-vanilla-os-xlarge-xlarge-aws-v2,1,ip-172-31-17-33,ranking,benchANT
2026-09-18 10:23:50+00:00,processes,paging,0,dbms,09-2026,yugabyte-2026111-vanilla-os-xlarge-xlarge-aws-v2,1,ip-172-31-17-33,ranking,benchANT
2026-09-18 10:24:00+00:00,processes,paging,0,dbms,09-2026,yugabyte-2026111-vanilla-os-xlarge-xlarge-aws-v2,1,ip-172-31-17-33,ranking,benchANT
2026-09-18 10:24:10+00:00,processes,paging,0,dbms,09-2026,yugabyte-2026111-vanilla-os-xlarge-xlarge-aws-v2,1,ip-172-31-17-33,ranking,benchANT
2026-09-18 10:24:20+00:00,processes,paging,0,dbms,09-2026,yugabyte-2026111-vanilla-os-xlarge-xlarge-aws-v2,1,ip-172-31-17-33,ranking,benchANT
2026-09-18 10:24:30+00:00,processes,paging,0,dbms,09-2026,yugabyte-2026111-vanilla-os-xlarge-xlarge-aws-v2,1,ip-172-31-17-33,ranking,benchANT
2026-09-18 10:24:40+00:00,processes,paging,0,dbms,09-2026,yugabyte-2026111-vanilla-os-xlarge-xlarge-aws-v2,1,ip-172-31-17-33,ranking,benchANT
2026-09-18 10:24:50+00:00,processes,paging,0,dbms,09-2026,yugabyte-2026111-vanilla-os-xlarge-xlarge-aws-v2,1,ip-172-31-17-33,ranking,benchANT
2026-09-18 10:25:00+00:00,processes,paging,0,dbms,09-2026,yugabyte-2026111-vanilla-os-xlarge-xlarge-aws-v2,1,ip-172-31-17-33,ranking,benchANT
2026-09-18 10:25:10+00:00,processes,paging,0,dbms,09-2026,yugabyte-2026111-vanilla-os-xlarge-xlarge-aws-v2,1,ip-172-31-17-33,ranking,benchANT
2026-09-18 10:25:20+00:00,processes,paging,0,dbms,09-2026,yugabyte-2026111-vanilla-os-xlarge-xlarge-aws-v2,1,ip-172-31-17-33,ranking,benchANT
2026-09-18 10:25:30+00:00,processes,paging,0,dbms,09-2026,yugabyte-2026111-vanilla-os-xlarge-xlarge-aws-v2,1,ip-172-31-17-33,ranking,benchANT
2026-09-18 10:25:40+00:00,processes,paging,0,dbms,09-2026,yugabyte-2026111-vanilla-os-xlarge-xlarge-aws-v2,1,ip-172-31-17-33,ranking,benchANT
2026-09-18 10:25:50+00:00,processes,paging,0,dbms,09-2026,yugabyte-2026111-vanilla-os-xlarge-xlarge-aws-v2,1,ip-172-31-17-33,ranking,benchANT
2026-09-18 10:26:00+00:00,processes,paging,0,dbms,09-2026,yugabyte-2026111-vanilla-os-xlarge-xlarge-aws-v2,1,ip-172-31-17-33,ranking,benchANT
2026-09-18 10:26:10+00:00,processes,paging,0,dbms,09-2026,yugabyte-2026111-vanilla-os-xlarge-xlarge-aws-v2,1,ip-172-31-17-33,ranking,benchANT
2026-09-18 10:26:20+00:00,processes,paging,0,dbms,09-2026,yugabyte-2026111-vanilla-os-xlarge-xlarge-aws-v2,1,ip-172-31-17-33,ranking,benchANT
2026-09-18 10:26:30+00:00,processes,paging,0,dbms,09-2026,yugabyte-2026111-vanilla-os-xlarge-xlarge-aws-v2,1,ip-172-31-17-33,ranking,benchANT
2026-09-18 10:26:40+00:00,processes,paging,0,dbms,09-2026,yugabyte-2026111-vanilla-os-xlarge-xlarge-aws-v2,1,ip-172-31-17-33,ranking,benchANT
2026-09-18 10:26:50+00:00,processes,paging,0,dbms,09-2026,yugabyte-2026111-vanilla-os-xlarge-xlarge-aws-v2,1,ip-172-31-17-33,ranking,benchANT
2026-09-18 10:27:00+00:00,processes,paging,0,dbms,09-2026,yugabyte-2026111-vanilla-os-xlarge-xlarge-aws-v2,1,ip-172-31-17-33,ranking,benchANT
2026-09-18 10:27:10+00:00,processes,paging,0,dbms,09-2026,yugabyte-2026111-vanilla-os-xlarge-xlarge-aws-v2,1,ip-172-31-17-33,ranking,benchANT
2026-09-18 10:27:20+00:00,processes,paging,0,dbms,09-2026,yugabyte-2026111-vanilla-os-xlarge-xlarge-aws-v2,1,ip-172-31-17-33,ranking,benchANT
2026-09-18 10:27:30+00:00,processes,paging,0,dbms,09-2026,yugabyte-2026111-vanilla-os-xlarge-xlarge-aws-v2,1,ip-172-31-17-33,ranking,benchANT
2026-09-18 10:27:40+00:00,processes,paging,0,dbms,09-2026,yugabyte-2026111-vanilla-os-xlarge-xlarge-aws-v2,1,ip-172-31-17-33,ranking,benchANT
2026-09-18 10:27:50+00:00,processes,paging,0,dbms,09-2026,yugabyte-2026111-vanilla-os-xlarge-xlarge-aws-v2,1,ip-172-31-17-33,ranking,benchANT
2026-09-18 10:28:00+00:00,processes,paging,0,dbms,09-2026,yugabyte-2026111-vanilla-os-xlarge-xlarge-aws-v2,1,ip-172-31-17-33,ranking,benchANT
2026-09-18 10:28:10+00:00,processes,paging,0,dbms,09-2026,yugabyte-2026111-vanilla-os-xlarge-xlarge-aws-v2,1,ip-172-31-17-33,ranking,benchANT
2026-09-18 10:28:20+00:00,processes,paging,0,dbms,09-2026,yugabyte-2026111-vanilla-os-xlarge-xlarge-aws-v2,1,ip-172-31-17-33,ranking,benchANT
2026-09-18 10:28:30+00:00,processes,paging,0,dbms,09-2026,yugabyte-2026111-vanilla-os-xlarge-xlarge-aws-v2,1,ip-172-31-17-33,ranking,benchANT
2026-09-18 10:28:40+00:00,processes,paging,0,dbms,09-2026,yugabyte-2026111-vanilla-os-xlarge-xlarge-aws-v2,1,ip-172-31-17-33,ranking,benchANT
2026-09-18 10:28:50+00:00,processes,paging,0,dbms,09-2026,yugabyte-2026111-vanilla-os-xlarge-xlarge-aws-v2,1,ip-172-31-17-33,ranking,benchANT
2026-09-18 10:29:00+00:00,processes,paging,0,dbms,09-2026,yugabyte-2026111-vanilla-os-xlarge-xlarge-aws-v2,1,ip-172-31-17-33,ranking,benchANT
2026-09-18 10:29:10+00:00,processes,paging,0,dbms,09-2026,yugabyte-2026111-vanilla-os-xlarge-xlarge-aws-v2,1,ip-172-31-17-33,ranking,benchANT
2026-09-18 10:29:20+00:00,processes,paging,0,dbms,09-2026,yugabyte-2026111-vanilla-os-xlarge-xlarge-aws-v2,1,ip-172-31-17-33,ranking,benchANT
2026-09-18 10:29:30+00:00,processes,paging,0,dbms,09-2026,yugabyte-2026111-vanilla-os-xlarge-xlarge-aws-v2,1,ip-172-31-17-33,ranking,benchANT
2026-09-18 10:29:40+00:00,processes,paging,0,dbms,09-2026,yugabyte-2026111-vanilla-os-xlarge-xlarge-aws-v2,1,ip-172-31-17-33,ranking,benchANT
2026-09-18 10:29:50+00:00,processes,paging,0,dbms,09-2026,yugabyte-2026111-vanilla-os-xlarge-xlarge-aws-v2,1,ip-172-31-17-33,ranking,benchANT
2026-09-18 10:30:00+00:00,processes,paging,0,dbms,09-2026,yugabyte-2026111-vanilla-os-xlarge-xlarge-aws-v2,1,ip-172-31-17-33,ranking,benchANT
2026-09-18 10:30:10+00:00,processes,paging,0,dbms,09-2026,yugabyte-2026111-vanilla-os-xlarge-xlarge-aws-v2,1,ip-172-31-17-33,ranking,benchANT
2026-09-18 10:30:20+00:00,processes,paging,0,dbms,09-2026,yugabyte-2026111-vanilla-os-xlarge-xlarge-aws-v2,1,ip-172-31-17-33,ranking,benchANT
2026-09-18 10:30:30+00:00,processes,paging,0,dbms,09-2026,yugabyte-2026111-vanilla-os-xlarge-xlarge-aws-v2,1,ip-172-31-17-33,ranking,benchANT
2026-09-18 10:30:40+00:00,processes,paging,0,dbms,09-2026,yugabyte-2026111-vanilla-os-xlarge-xlarge-aws-v2,1,ip-172-31-17-33,ranking,benchANT
2026-09-18 10:30:50+00:00,processes,paging,0,dbms,09-2026,yugabyte-2026111-vanilla-os-xlarge-xlarge-aws-v2,1,ip-172-31-17-33,ranking,benchANT
2026-09-18 10:31:00+00:00,processes,paging,0,dbms,09-2026,yugabyte-2026111-vanilla-os-xlarge-xlarge-aws-v2,1,ip-172-31-17-33,ranking,benchANT
2026-09-18 10:31:10+00:00,processes,paging,0,dbms,09-2026,yugabyte-2026111-vanilla-os-xlarge-xlarge-aws-v2,1,ip-172-31-17-33,ranking,benchANT
2026-09-18 10:31:20+00:00,processes,paging,0,dbms,09-2026,yugabyte-2026111-vanilla-os-xlarge-xlarge-aws-v2,1,ip-172-31-17-33,ranking,benchANT
2026-09-18 10:23:00+00:00,processes,running,4,dbms,09-2026,yugabyte-2026111-vanilla-os-xlarge-xlarge-aws-v2,1,ip-172-31-17-33,ranking,benchANT
2026-09-18 10:23:10+00:00,processes,running,3,dbms,09-2026,yugabyte-2026111-vanilla-os-xlarge-xlarge-aws-v2,1,ip-172-31-17-33,ranking,benchANT
2026-09-18 10:23:20+00:00,processes,running,5,dbms,09-2026,yugabyte-2026111-vanilla-os-xlarge-xlarge-aws-v2,1,ip-172-31-17-33,ranking,benchANT
2026-09-18 10:23:30+00:00,processes,running,6,dbms,09-2026,yugabyte-2026111-vanilla-os-xlarge-xlarge-aws-v2,1,ip-172-31-17-33,ranking,benchANT
2026-09-18 10:23:40+00:00,processes,running,2,dbms,09-2026,yugabyte-2026111-vanilla-os-xlarge-xlarge-aws-v2,1,ip-172-31-17-33,ranking,benchANT
2026-09-18 10:23:50+00:00,processes,running,10,dbms,09-2026,yugabyte-2026111-vanilla-os-xlarge-xlarge-aws-v2,1,ip-172-31-17-33,ranking,benchANT
2026-09-18 10:24:00+00:00,processes,running,4,dbms,09-2026,yugabyte-2026111-vanilla-os-xlarge-xlarge-aws-v2,1,ip-172-31-17-33,ranking,benchANT
2026-09-18 10:24:10+00:00,processes,running,4,dbms,09-2026,yugabyte-2026111-vanilla-os-xlarge-xlarge-aws-v2,1,ip-172-31-17-33,ranking,benchANT
2026-09-18 10:24:20+00:00,processes,running,2,dbms,09-2026,yugabyte-2026111-vanilla-os-xlarge-xlarge-aws-v2,1,ip-172-31-17-33,ranking,benchANT
2026-09-18 10:24:30+00:00,processes,running,7,dbms,09-2026,yugabyte-2026111-vanilla-os-xlarge-xlarge-aws-v2,1,ip-172-31-17-33,ranking,benchANT
2026-09-18 10:24:40+00:00,processes,running,3,dbms,09-2026,yugabyte-2026111-vanilla-os-xlarge-xlarge-aws-v2,1,ip-172-31-17-33,ranking,benchANT
2026-09-18 10:24:50+00:00,processes,running,2,dbms,09-2026,yugabyte-2026111-vanilla-os-xlarge-xlarge-aws-v2,1,ip-172-31-17-33,ranking,benchANT
2026-09-18 10:25:00+00:00,processes,running,10,dbms,09-2026,yugabyte-2026111-vanilla-os-xlarge-xlarge-aws-v2,1,ip-172-31-17-33,ranking,benchANT
2026-09-18 10:25:10+00:00,processes,running,7,dbms,09-2026,yugabyte-2026111-vanilla-os-xlarge-xlarge-aws-v2,1,ip-172-31-17-33,ranking,benchANT
2026-09-18 10:25:20+00:00,processes,running,5,dbms,09-2026,yugabyte-2026111-vanilla-os-xlarge-xlarge-aws-v2,1,ip-172-31-17-33,ranking,benchANT
2026-09-18 10:25:30+00:00,processes,running,0,dbms,09-2026,yugabyte-2026111-vanilla-os-xlarge-xlarge-aws-v2,1,ip-172-31-17-33,ranking,benchANT
2026-09-18 10:25:40+00:00,processes,running,7,dbms,09-2026,yugabyte-2026111-vanilla-os-xlarge-xlarge-aws-v2,1,ip-172-31-17-33,ranking,benchANT
2026-09-18 10:25:50+00:00,processes,running,4,dbms,09-2026,yugabyte-2026111-vanilla-os-xlarge-xlarge-aws-v2,1,ip-172-31-17-33,ranking,benchANT
2026-09-18 10:26:00+00:00,processes,running,4,dbms,09-2026,yugabyte-2026111-vanilla-os-xlarge-xlarge-aws-v2,1,ip-172-31-17-33,ranking,benchANT
2026-09-18 10:26:10+00:00,processes,running,3,dbms,09-2026,yugabyte-2026111-vanilla-os-xlarge-xlarge-aws-v2,1,ip-172-31-17-33,ranking,benchANT
2026-09-18 10:26:20+00:00,processes,running,7,dbms,09-2026,yugabyte-2026111-vanilla-os-xlarge-xlarge-aws-v2,1,ip-172-31-17-33,ranking,benchANT
2026-09-18 10:26:30+00:00,processes,running,12,dbms,09-2026,yugabyte-2026111-vanilla-os-xlarge-xlarge-aws-v2,1,ip-172-31-17-33,ranking,benchANT
2026-09-18 10:26:40+00:00,processes,running,0,dbms,09-2026,yugabyte-2026111-vanilla-os-xlarge-xlarge-aws-v2,1,ip-172-31-17-33,ranking,benchANT
2026-09-18 10:26:50+00:00,processes,running,7,dbms,09-2026,yugabyte-2026111-vanilla-os-xlarge-xlarge-aws-v2,1,ip-172-31-17-33,ranking,benchANT
2026-09-18 10:27:00+00:00,processes,running,6,dbms,09-2026,yugabyte-2026111-vanilla-os-xlarge-xlarge-aws-v2,1,ip-172-31-17-33,ranking,benchANT
2026-09-18 10:27:10+00:00,processes,running,5,dbms,09-2026,yugabyte-2026111-vanilla-os-xlarge-xlarge-aws-v2,1,ip-172-31-17-33,ranking,benchANT
2026-09-18 10:27:20+00:00,processes,running,3,dbms,09-2026,yugabyte-2026111-vanilla-os-xlarge-xlarge-aws-v2,1,ip-172-31-17-33,ranking,benchANT
2026-09-18 10:27:30+00:00,processes,running,5,dbms,09-2026,yugabyte-2026111-vanilla-os-xlarge-xlarge-aws-v2,1,ip-172-31-17-33,ranking,benchANT
2026-09-18 10:27:40+00:00,processes,running,7,dbms,09-2026,yugabyte-2026111-vanilla-os-xlarge-xlarge-aws-v2,1,ip-172-31-17-33,ranking,benchANT
2026-09-18 10:27:50+00:00,processes,running,4,dbms,09-2026,yugabyte-2026111-vanilla-os-xlarge-xlarge-aws-v2,1,ip-172-31-17-33,ranking,benchANT
2026-09-18 10:28:00+00:00,processes,running,6,dbms,09-2026,yugabyte-2026111-vanilla-os-xlarge-xlarge-aws-v2,1,ip-172-31-17-33,ranking,benchANT
2026-09-18 10:28:10+00:00,processes,running,5,dbms,09-2026,yugabyte-2026111-vanilla-os-xlarge-xlarge-aws-v2,1,ip-172-31-17-33,ranking,benchANT
2026-09-18 10:28:20+00:00,processes,running,5,dbms,09-2026,yugabyte-2026111-vanilla-os-xlarge-xlarge-aws-v2,1,ip-172-31-17-33,ranking,benchANT
2026-09-18 10:28:30+00:00,processes,running,2,dbms,09-2026,yugabyte-2026111-vanilla-os-xlarge-xlarge-aws-v2,1,ip-172-31-17-33,ranking,benchANT
2026-09-18 10:28:40+00:00,processes,running,5,dbms,09-2026,yugabyte-2026111-vanilla-os-xlarge-xlarge-aws-v2,1,ip-172-31-17-33,ranking,benchANT
2026-09-18 10:28:50+00:00,processes,running,2,dbms,09-2026,yugabyte-2026111-vanilla-os-xlarge-xlarge-aws-v2,1,ip-172-31-17-33,ranking,benchANT
2026-09-18 10:29:00+00:00,processes,running,3,dbms,09-2026,yugabyte-2026111-vanilla-os-xlarge-xlarge-aws-v2,1,ip-172-31-17-33,ranking,benchANT
2026-09-18 10:29:10+00:00,processes,running,1,dbms,09-2026,yugabyte-2026111-vanilla-os-xlarge-xlarge-aws-v2,1,ip-172-31-17-33,ranking,benchANT
2026-09-18 10:29:20+00:00,processes,running,4,dbms,09-2026,yugabyte-2026111-vanilla-os-xlarge-xlarge-aws-v2,1,ip-172-31-17-33,ranking,benchANT
2026-09-18 10:29:30+00:00,processes,running,4,dbms,09-2026,yugabyte-2026111-vanilla-os-xlarge-xlarge-aws-v2,1,ip-172-31-17-33,ranking,benchANT
2026-09-18 10:29:40+00:00,processes,running,4,dbms,09-2026,yugabyte-2026111-vanilla-os-xlarge-xlarge-aws-v2,1,ip-172-31-17-33,ranking,benchANT
2026-09-18 10:29:50+00:00,processes,running,4,dbms,09-2026,yugabyte-2026111-vanilla-os-xlarge-xlarge-aws-v2,1,ip-172-31-17-33,ranking,benchANT
2026-09-18 10:30:00+00:00,processes,running,8,dbms,09-2026,yugabyte-2026111-vanilla-os-xlarge-xlarge-aws-v2,1,ip-172-31-17-33,ranking,benchANT
2026-09-18 10:30:10+00:00,processes,running,3,dbms,09-2026,yugabyte-2026111-vanilla-os-xlarge-xlarge-aws-v2,1,ip-172-31-17-33,ranking,benchANT
2026-09-18 10:30:20+00:00,processes,running,9,dbms,09-2026,yugabyte-2026111-vanilla-os-xlarge-xlarge-aws-v2,1,ip-172-31-17-33,ranking,benchANT
2026-09-18 10:30:30+00:00,processes,running,8,dbms,09-2026,yugabyte-2026111-vanilla-os-xlarge-xlarge-aws-v2,1,ip-172-31-17-33,ranking,benchANT
2026-09-18 10:30:40+00:00,processes,running,4,dbms,09-2026,yugabyte-2026111-vanilla-os-xlarge-xlarge-aws-v2,1,ip-172-31-17-33,ranking,benchANT
2026-09-18 10:30:50+00:00,processes,running,4,dbms,09-2026,yugabyte-2026111-vanilla-os-xlarge-xlarge-aws-v2,1,ip-172-31-17-33,ranking,benchANT
2026-09-18 10:31:00+00:00,processes,running,0,dbms,09-2026,yugabyte-2026111-vanilla-os-xlarge-xlarge-aws-v2,1,ip-172-31-17-33,ranking,benchANT
2026-09-18 10:31:10+00:00,processes,running,0,dbms,09-2026,yugabyte-2026111-vanilla-os-xlarge-xlarge-aws-v2,1,ip-172-31-17-33,ranking,benchANT
2026-09-18 10:31:20+00:00,processes,running,0,dbms,09-2026,yugabyte-2026111-vanilla-os-xlarge-xlarge-aws-v2,1,ip-172-31-17-33,ranking,benchANT
2026-09-18 10:23:00+00:00,processes,sleeping,146,dbms,09-2026,yugabyte-2026111-vanilla-os-xlarge-xlarge-aws-v2,1,ip-172-31-17-33,ranking,benchANT
2026-09-18 10:23:10+00:00,processes,sleeping,147,dbms,09-2026,yugabyte-2026111-vanilla-os-xlarge-xlarge-aws-v2,1,ip-172-31-17-33,ranking,benchANT
2026-09-18 10:23:20+00:00,processes,sleeping,145,dbms,09-2026,yugabyte-2026111-vanilla-os-xlarge-xlarge-aws-v2,1,ip-172-31-17-33,ranking,benchANT
2026-09-18 10:23:30+00:00,processes,sleeping,144,dbms,09-2026,yugabyte-2026111-vanilla-os-xlarge-xlarge-aws-v2,1,ip-172-31-17-33,ranking,benchANT
2026-09-18 10:23:40+00:00,processes,sleeping,148,dbms,09-2026,yugabyte-2026111-vanilla-os-xlarge-xlarge-aws-v2,1,ip-172-31-17-33,ranking,benchANT
2026-09-18 10:23:50+00:00,processes,sleeping,140,dbms,09-2026,yugabyte-2026111-vanilla-os-xlarge-xlarge-aws-v2,1,ip-172-31-17-33,ranking,benchANT
2026-09-18 10:24:00+00:00,processes,sleeping,146,dbms,09-2026,yugabyte-2026111-vanilla-os-xlarge-xlarge-aws-v2,1,ip-172-31-17-33,ranking,benchANT
2026-09-18 10:24:10+00:00,processes,sleeping,146,dbms,09-2026,yugabyte-2026111-vanilla-os-xlarge-xlarge-aws-v2,1,ip-172-31-17-33,ranking,benchANT
2026-09-18 10:24:20+00:00,processes,sleeping,148,dbms,09-2026,yugabyte-2026111-vanilla-os-xlarge-xlarge-aws-v2,1,ip-172-31-17-33,ranking,benchANT
2026-09-18 10:24:30+00:00,processes,sleeping,143,dbms,09-2026,yugabyte-2026111-vanilla-os-xlarge-xlarge-aws-v2,1,ip-172-31-17-33,ranking,benchANT
2026-09-18 10:24:40+00:00,processes,sleeping,147,dbms,09-2026,yugabyte-2026111-vanilla-os-xlarge-xlarge-aws-v2,1,ip-172-31-17-33,ranking,benchANT
2026-09-18 10:24:50+00:00,processes,sleeping,148,dbms,09-2026,yugabyte-2026111-vanilla-os-xlarge-xlarge-aws-v2,1,ip-172-31-17-33,ranking,benchANT
2026-09-18 10:25:00+00:00,processes,sleeping,140,dbms,09-2026,yugabyte-2026111-vanilla-os-xlarge-xlarge-aws-v2,1,ip-172-31-17-33,ranking,benchANT
2026-09-18 10:25:10+00:00,processes,sleeping,143,dbms,09-2026,yugabyte-2026111-vanilla-os-xlarge-xlarge-aws-v2,1,ip-172-31-17-33,ranking,benchANT
2026-09-18 10:25:20+00:00,processes,sleeping,145,dbms,09-2026,yugabyte-2026111-vanilla-os-xlarge-xlarge-aws-v2,1,ip-172-31-17-33,ranking,benchANT
2026-09-18 10:25:30+00:00,processes,sleeping,149,dbms,09-2026,yugabyte-2026111-vanilla-os-xlarge-xlarge-aws-v2,1,ip-172-31-17-33,ranking,benchANT
2026-09-18 10:25:40+00:00,processes,sleeping,143,dbms,09-2026,yugabyte-2026111-vanilla-os-xlarge-xlarge-aws-v2,1,ip-172-31-17-33,ranking,benchANT
2026-09-18 10:25:50+00:00,processes,sleeping,146,dbms,09-2026,yugabyte-2026111-vanilla-os-xlarge-xlarge-aws-v2,1,ip-172-31-17-33,ranking,benchANT
2026-09-18 10:26:00+00:00,processes,sleeping,147,dbms,09-2026,yugabyte-2026111-vanilla-os-xlarge-xlarge-aws-v2,1,ip-172-31-17-33,ranking,benchANT
2026-09-18 10:26:10+00:00,processes,sleeping,147,dbms,09-2026,yugabyte-2026111-vanilla-os-xlarge-xlarge-aws-v2,1,ip-172-31-17-33,ranking,benchANT
2026-09-18 10:26:20+00:00,processes,sleeping,143,dbms,09-2026,yugabyte-2026111-vanilla-os-xlarge-xlarge-aws-v2,1,ip-172-31-17-33,ranking,benchANT
2026-09-18 10:26:30+00:00,processes,sleeping,138,dbms,09-2026,yugabyte-2026111-vanilla-os-xlarge-xlarge-aws-v2,1,ip-172-31-17-33,ranking,benchANT
2026-09-18 10:26:40+00:00,processes,sleeping,149,dbms,09-2026,yugabyte-2026111-vanilla-os-xlarge-xlarge-aws-v2,1,ip-172-31-17-33,ranking,benchANT
2026-09-18 10:26:50+00:00,processes,sleeping,142,dbms,09-2026,yugabyte-2026111-vanilla-os-xlarge-xlarge-aws-v2,1,ip-172-31-17-33,ranking,benchANT
2026-09-18 10:27:00+00:00,processes,sleeping,144,dbms,09-2026,yugabyte-2026111-vanilla-os-xlarge-xlarge-aws-v2,1,ip-172-31-17-33,ranking,benchANT
2026-09-18 10:27:10+00:00,processes,sleeping,145,dbms,09-2026,yugabyte-2026111-vanilla-os-xlarge-xlarge-aws-v2,1,ip-172-31-17-33,ranking,benchANT
2026-09-18 10:27:20+00:00,processes,sleeping,147,dbms,09-2026,yugabyte-2026111-vanilla-os-xlarge-xlarge-aws-v2,1,ip-172-31-17-33,ranking,benchANT
2026-09-18 10:27:30+00:00,processes,sleeping,145,dbms,09-2026,yugabyte-2026111-vanilla-os-xlarge-xlarge-aws-v2,1,ip-172-31-17-33,ranking,benchANT
2026-09-18 10:27:40+00:00,processes,sleeping,143,dbms,09-2026,yugabyte-2026111-vanilla-os-xlarge-xlarge-aws-v2,1,ip-172-31-17-33,ranking,benchANT
2026-09-18 10:27:50+00:00,processes,sleeping,146,dbms,09-2026,yugabyte-2026111-vanilla-os-xlarge-xlarge-aws-v2,1,ip-172-31-17-33,ranking,benchANT
2026-09-18 10:28:00+00:00,processes,sleeping,144,dbms,09-2026,yugabyte-2026111-vanilla-os-xlarge-xlarge-aws-v2,1,ip-172-31-17-33,ranking,benchANT
2026-09-18 10:28:10+00:00,processes,sleeping,145,dbms,09-2026,yugabyte-2026111-vanilla-os-xlarge-xlarge-aws-v2,1,ip-172-31-17-33,ranking,benchANT
2026-09-18 10:28:20+00:00,processes,sleeping,145,dbms,09-2026,yugabyte-2026111-vanilla-os-xlarge-xlarge-aws-v2,1,ip-172-31-17-33,ranking,benchANT
2026-09-18 10:28:30+00:00,processes,sleeping,148,dbms,09-2026,yugabyte-2026111-vanilla-os-xlarge-xlarge-aws-v2,1,ip-172-31-17-33,ranking,benchANT
2026-09-18 10:28:40+00:00,processes,sleeping,145,dbms,09-2026,yugabyte-2026111-vanilla-os-xlarge-xlarge-aws-v2,1,ip-172-31-17-33,ranking,benchANT
2026-09-18 10:28:50+00:00,processes,sleeping,148,dbms,09-2026,yugabyte-2026111-vanilla-os-xlarge-xlarge-aws-v2,1,ip-172-31-17-33,ranking,benchANT
2026-09-18 10:29:00+00:00,processes,sleeping,146,dbms,09-2026,yugabyte-2026111-vanilla-os-xlarge-xlarge-aws-v2,1,ip-172-31-17-33,ranking,benchANT
2026-09-18 10:29:10+00:00,processes,sleeping,148,dbms,09-2026,yugabyte-2026111-vanilla-os-xlarge-xlarge-aws-v2,1,ip-172-31-17-33,ranking,benchANT
2026-09-18 10:29:20+00:00,processes,sleeping,146,dbms,09-2026,yugabyte-2026111-vanilla-os-xlarge-xlarge-aws-v2,1,ip-172-31-17-33,ranking,benchANT
2026-09-18 10:29:30+00:00,processes,sleeping,145,dbms,09-2026,yugabyte-2026111-vanilla-os-xlarge-xlarge-aws-v2,1,ip-172-31-17-33,ranking,benchANT
2026-09-18 10:29:40+00:00,processes,sleeping,145,dbms,09-2026,yugabyte-2026111-vanilla-os-xlarge-xlarge-aws-v2,1,ip-172-31-17-33,ranking,benchANT
2026-09-18 10:29:50+00:00,processes,sleeping,147,dbms,09-2026,yugabyte-2026111-vanilla-os-xlarge-xlarge-aws-v2,1,ip-172-31-17-33,ranking,benchANT
2026-09-18 10:30:00+00:00,processes,sleeping,142,dbms,09-2026,yugabyte-2026111-vanilla-os-xlarge-xlarge-aws-v2,1,ip-172-31-17-33,ranking,benchANT
2026-09-18 10:30:10+00:00,processes,sleeping,147,dbms,09-2026,yugabyte-2026111-vanilla-os-xlarge-xlarge-aws-v2,1,ip-172-31-17-33,ranking,benchANT
2026-09-18 10:30:20+00:00,processes,sleeping,141,dbms,09-2026,yugabyte-2026111-vanilla-os-xlarge-xlarge-aws-v2,1,ip-172-31-17-33,ranking,benchANT
2026-09-18 10:30:30+00:00,processes,sleeping,142,dbms,09-2026,yugabyte-2026111-vanilla-os-xlarge-xlarge-aws-v2,1,ip-172-31-17-33,ranking,benchANT
2026-09-18 10:30:40+00:00,processes,sleeping,146,dbms,09-2026,yugabyte-2026111-vanilla-os-xlarge-xlarge-aws-v2,1,ip-172-31-17-33,ranking,benchANT
2026-09-18 10:30:50+00:00,processes,sleeping,146,dbms,09-2026,yugabyte-2026111-vanilla-os-xlarge-xlarge-aws-v2,1,ip-172-31-17-33,ranking,benchANT
2026-09-18 10:31:00+00:00,processes,sleeping,83,dbms,09-2026,yugabyte-2026111-vanilla-os-xlarge-xlarge-aws-v2,1,ip-172-31-17-33,ranking,benchANT
2026-09-18 10:31:10+00:00,processes,sleeping,83,dbms,09-2026,yugabyte-2026111-vanilla-os-xlarge-xlarge-aws-v2,1,ip-172-31-17-33,ranking,benchANT
2026-09-18 10:31:20+00:00,processes,sleeping,83,dbms,09-2026,yugabyte-2026111-vanilla-os-xlarge-xlarge-aws-v2,1,ip-172-31-17-33,ranking,benchANT
2026-09-18 10:23:00+00:00,processes,stopped,0,dbms,09-2026,yugabyte-2026111-vanilla-os-xlarge-xlarge-aws-v2,1,ip-172-31-17-33,ranking,benchANT
2026-09-18 10:23:10+00:00,processes,stopped,0,dbms,09-2026,yugabyte-2026111-vanilla-os-xlarge-xlarge-aws-v2,1,ip-172-31-17-33,ranking,benchANT
2026-09-18 10:23:20+00:00,processes,stopped,0,dbms,09-2026,yugabyte-2026111-vanilla-os-xlarge-xlarge-aws-v2,1,ip-172-31-17-33,ranking,benchANT
2026-09-18 10:23:30+00:00,processes,stopped,0,dbms,09-2026,yugabyte-2026111-vanilla-os-xlarge-xlarge-aws-v2,1,ip-172-31-17-33,ranking,benchANT
2026-09-18 10:23:40+00:00,processes,stopped,0,dbms,09-2026,yugabyte-2026111-vanilla-os-xlarge-xlarge-aws-v2,1,ip-172-31-17-33,ranking,benchANT
2026-09-18 10:23:50+00:00,processes,stopped,0,dbms,09-2026,yugabyte-2026111-vanilla-os-xlarge-xlarge-aws-v2,1,ip-172-31-17-33,ranking,benchANT
2026-09-18 10:24:00+00:00,processes,stopped,0,dbms,09-2026,yugabyte-2026111-vanilla-os-xlarge-xlarge-aws-v2,1,ip-172-31-17-33,ranking,benchANT
2026-09-18 10:24:10+00:00,processes,stopped,0,dbms,09-2026,yugabyte-2026111-vanilla-os-xlarge-xlarge-aws-v2,1,ip-172-31-17-33,ranking,benchANT
2026-09-18 10:24:20+00:00,processes,stopped,0,dbms,09-2026,yugabyte-2026111-vanilla-os-xlarge-xlarge-aws-v2,1,ip-172-31-17-33,ranking,benchANT
2026-09-18 10:24:30+00:00,processes,stopped,0,dbms,09-2026,yugabyte-2026111-vanilla-os-xlarge-xlarge-aws-v2,1,ip-172-31-17-33,ranking,benchANT
2026-09-18 10:24:40+00:00,processes,stopped,0,dbms,09-2026,yugabyte-2026111-vanilla-os-xlarge-xlarge-aws-v2,1,ip-172-31-17-33,ranking,benchANT
2026-09-18 10:24:50+00:00,processes,stopped,0,dbms,09-2026,yugabyte-2026111-vanilla-os-xlarge-xlarge-aws-v2,1,ip-172-31-17-33,ranking,benchANT
2026-09-18 10:25:00+00:00,processes,stopped,0,dbms,09-2026,yugabyte-2026111-vanilla-os-xlarge-xlarge-aws-v2,1,ip-172-31-17-33,ranking,benchANT
2026-09-18 10:25:10+00:00,processes,stopped,0,dbms,09-2026,yugabyte-2026111-vanilla-os-xlarge-xlarge-aws-v2,1,ip-172-31-17-33,ranking,benchANT
2026-09-18 10:25:20+00:00,processes,stopped,0,dbms,09-2026,yugabyte-2026111-vanilla-os-xlarge-xlarge-aws-v2,1,ip-172-31-17-33,ranking,benchANT
2026-09-18 10:25:30+00:00,processes,stopped,0,dbms,09-2026,yugabyte-2026111-vanilla-os-xlarge-xlarge-aws-v2,1,ip-172-31-17-33,ranking,benchANT
2026-09-18 10:25:40+00:00,processes,stopped,0,dbms,09-2026,yugabyte-2026111-vanilla-os-xlarge-xlarge-aws-v2,1,ip-172-31-17-33,ranking,benchANT
2026-09-18 10:25:50+00:00,processes,stopped,0,dbms,09-2026,yugabyte-2026111-vanilla-os-xlarge-xlarge-aws-v2,1,ip-172-31-17-33,ranking,benchANT
2026-09-18 10:26:00+00:00,processes,stopped,0,dbms,09-2026,yugabyte-2026111-vanilla-os-xlarge-xlarge-aws-v2,1,ip-172-31-17-33,ranking,benchANT
2026-09-18 10:26:10+00:00,processes,stopped,0,dbms,09-2026,yugabyte-2026111-vanilla-os-xlarge-xlarge-aws-v2,1,ip-172-31-17-33,ranking,benchANT
2026-09-18 10:26:20+00:00,processes,stopped,0,dbms,09-2026,yugabyte-2026111-vanilla-os-xlarge-xlarge-aws-v2,1,ip-172-31-17-33,ranking,benchANT
2026-09-18 10:26:30+00:00,processes,stopped,0,dbms,09-2026,yugabyte-2026111-vanilla-os-xlarge-xlarge-aws-v2,1,ip-172-31-17-33,ranking,benchANT
2026-09-18 10:26:40+00:00,processes,stopped,0,dbms,09-2026,yugabyte-2026111-vanilla-os-xlarge-xlarge-aws-v2,1,ip-172-31-17-33,ranking,benchANT
2026-09-18 10:26:50+00:00,processes,stopped,0,dbms,09-2026,yugabyte-2026111-vanilla-os-xlarge-xlarge-aws-v2,1,ip-172-31-17-33,ranking,benchANT
2026-09-18 10:27:00+00:00,processes,stopped,0,dbms,09-2026,yugabyte-2026111-vanilla-os-xlarge-xlarge-aws-v2,1,ip-172-31-17-33,ranking,benchANT
2026-09-18 10:27:10+00:00,processes,stopped,0,dbms,09-2026,yugabyte-2026111-vanilla-os-xlarge-xlarge-aws-v2,1,ip-172-31-17-33,ranking,benchANT
2026-09-18 10:27:20+00:00,processes,stopped,0,dbms,09-2026,yugabyte-2026111-vanilla-os-xlarge-xlarge-aws-v2,1,ip-172-31-17-33,ranking,benchANT
2026-09-18 10:27:30+00:00,processes,stopped,0,dbms,09-2026,yugabyte-2026111-vanilla-os-xlarge-xlarge-aws-v2,1,ip-172-31-17-33,ranking,benchANT
2026-09-18 10:27:40+00:00,processes,stopped,0,dbms,09-2026,yugabyte-2026111-vanilla-os-xlarge-xlarge-aws-v2,1,ip-172-31-17-33,ranking,benchANT
2026-09-18 10:27:50+00:00,processes,stopped,0,dbms,09-2026,yugabyte-2026111-vanilla-os-xlarge-xlarge-aws-v2,1,ip-172-31-17-33,ranking,benchANT
2026-09-18 10:28:00+00:00,processes,stopped,0,dbms,09-2026,yugabyte-2026111-vanilla-os-xlarge-xlarge-aws-v2,1,ip-172-31-17-33,ranking,benchANT
2026-09-18 10:28:10+00:00,processes,stopped,0,dbms,09-2026,yugabyte-2026111-vanilla-os-xlarge-xlarge-aws-v2,1,ip-172-31-17-33,ranking,benchANT
2026-09-18 10:28:20+00:00,processes,stopped,0,dbms,09-2026,yugabyte-2026111-vanilla-os-xlarge-xlarge-aws-v2,1,ip-172-31-17-33,ranking,benchANT
2026-09-18 10:28:30+00:00,processes,stopped,0,dbms,09-2026,yugabyte-2026111-vanilla-os-xlarge-xlarge-aws-v2,1,ip-172-31-17-33,ranking,benchANT
2026-09-18 10:28:40+00:00,processes,stopped,0,dbms,09-2026,yugabyte-2026111-vanilla-os-xlarge-xlarge-aws-v2,1,ip-172-31-17-33,ranking,benchANT
2026-09-18 10:28:50+00:00,processes,stopped,0,dbms,09-2026,yugabyte-2026111-vanilla-os-xlarge-xlarge-aws-v2,1,ip-172-31-17-33,ranking,benchANT
2026-09-18 10:29:00+00:00,processes,stopped,0,dbms,09-2026,yugabyte-2026111-vanilla-os-xlarge-xlarge-aws-v2,1,ip-172-31-17-33,ranking,benchANT
2026-09-18 10:29:10+00:00,processes,stopped,0,dbms,09-2026,yugabyte-2026111-vanilla-os-xlarge-xlarge-aws-v2,1,ip-172-31-17-33,ranking,benchANT
2026-09-18 10:29:20+00:00,processes,stopped,0,dbms,09-2026,yugabyte-2026111-vanilla-os-xlarge-xlarge-aws-v2,1,ip-172-31-17-33,ranking,benchANT
2026-09-18 10:29:30+00:00,processes,stopped,0,dbms,09-2026,yugabyte-2026111-vanilla-os-xlarge-xlarge-aws-v2,1,ip-172-31-17-33,ranking,benchANT
2026-09-18 10:29:40+00:00,processes,stopped,0,dbms,09-2026,yugabyte-2026111-vanilla-os-xlarge-xlarge-aws-v2,1,ip-172-31-17-33,ranking,benchANT
2026-09-18 10:29:50+00:00,processes,stopped,0,dbms,09-2026,yugabyte-2026111-vanilla-os-xlarge-xlarge-aws-v2,1,ip-172-31-17-33,ranking,benchANT
2026-09-18 10:30:00+00:00,processes,stopped,0,dbms,09-2026,yugabyte-2026111-vanilla-os-xlarge-xlarge-aws-v2,1,ip-172-31-17-33,ranking,benchANT
2026-09-18 10:30:10+00:00,processes,stopped,0,dbms,09-2026,yugabyte-2026111-vanilla-os-xlarge-xlarge-aws-v2,1,ip-172-31-17-33,ranking,benchANT
2026-09-18 10:30:20+00:00,processes,stopped,0,dbms,09-2026,yugabyte-2026111-vanilla-os-xlarge-xlarge-aws-v2,1,ip-172-31-17-33,ranking,benchANT
2026-09-18 10:30:30+00:00,processes,stopped,0,dbms,09-2026,yugabyte-2026111-vanilla-os-xlarge-xlarge-aws-v2,1,ip-172-31-17-33,ranking,benchANT
2026-09-18 10:30:40+00:00,processes,stopped,0,dbms,09-2026,yugabyte-2026111-vanilla-os-xlarge-xlarge-aws-v2,1,ip-172-31-17-33,ranking,benchANT
2026-09-18 10:30:50+00:00,processes,stopped,0,dbms,09-2026,yugabyte-2026111-vanilla-os-xlarge-xlarge-aws-v2,1,ip-172-31-17-33,ranking,benchANT
2026-09-18 10:31:00+00:00,processes,stopped,0,dbms,09-2026,yugabyte-2026111-vanilla-os-xlarge-xlarge-aws-v2,1,ip-172-31-17-33,ranking,benchANT
2026-09-18 10:31:10+00:00,processes,stopped,0,dbms,09-2026,yugabyte-2026111-vanilla-os-xlarge-xlarge-aws-v2,1,ip-172-31-17-33,ranking,benchANT
2026-09-18 10:31:20+00:00,processes,stopped,0,dbms,09-2026,yugabyte-2026111-vanilla-os-xlarge-xlarge-aws-v2,1,ip-172-31-17-33,ranking,benchANT
2026-09-18 10:23:00+00:00,processes,total,227,dbms,09-2026,yugabyte-2026111-vanilla-os-xlarge-xlarge-aws-v2,1,ip-172-31-17-33,ranking,benchANT
2026-09-18 10:23:10+00:00,processes,total,227,dbms,09-2026,yugabyte-2026111-vanilla-os-xlarge-xlarge-aws-v2,1,ip-172-31-17-33,ranking,benchANT
2026-09-18 10:23:20+00:00,processes,total,227,dbms,09-2026,yugabyte-2026111-vanilla-os-xlarge-xlarge-aws-v2,1,ip-172-31-17-33,ranking,benchANT
2026-09-18 10:23:30+00:00,processes,total,227,dbms,09-2026,yugabyte-2026111-vanilla-os-xlarge-xlarge-aws-v2,1,ip-172-31-17-33,ranking,benchANT
2026-09-18 10:23:40+00:00,processes,total,227,dbms,09-2026,yugabyte-2026111-vanilla-os-xlarge-xlarge-aws-v2,1,ip-172-31-17-33,ranking,benchANT
2026-09-18 10:23:50+00:00,processes,total,227,dbms,09-2026,yugabyte-2026111-vanilla-os-xlarge-xlarge-aws-v2,1,ip-172-31-17-33,ranking,benchANT
2026-09-18 10:24:00+00:00,processes,total,227,dbms,09-2026,yugabyte-2026111-vanilla-os-xlarge-xlarge-aws-v2,1,ip-172-31-17-33,ranking,benchANT
2026-09-18 10:24:10+00:00,processes,total,227,dbms,09-2026,yugabyte-2026111-vanilla-os-xlarge-xlarge-aws-v2,1,ip-172-31-17-33,ranking,benchANT
2026-09-18 10:24:20+00:00,processes,total,227,dbms,09-2026,yugabyte-2026111-vanilla-os-xlarge-xlarge-aws-v2,1,ip-172-31-17-33,ranking,benchANT
2026-09-18 10:24:30+00:00,processes,total,227,dbms,09-2026,yugabyte-2026111-vanilla-os-xlarge-xlarge-aws-v2,1,ip-172-31-17-33,ranking,benchANT
2026-09-18 10:24:40+00:00,processes,total,227,dbms,09-2026,yugabyte-2026111-vanilla-os-xlarge-xlarge-aws-v2,1,ip-172-31-17-33,ranking,benchANT
2026-09-18 10:24:50+00:00,processes,total,227,dbms,09-2026,yugabyte-2026111-vanilla-os-xlarge-xlarge-aws-v2,1,ip-172-31-17-33,ranking,benchANT
2026-09-18 10:25:00+00:00,processes,total,227,dbms,09-2026,yugabyte-2026111-vanilla-os-xlarge-xlarge-aws-v2,1,ip-172-31-17-33,ranking,benchANT
2026-09-18 10:25:10+00:00,processes,total,227,dbms,09-2026,yugabyte-2026111-vanilla-os-xlarge-xlarge-aws-v2,1,ip-172-31-17-33,ranking,benchANT
2026-09-18 10:25:20+00:00,processes,total,227,dbms,09-2026,yugabyte-2026111-vanilla-os-xlarge-xlarge-aws-v2,1,ip-172-31-17-33,ranking,benchANT
2026-09-18 10:25:30+00:00,processes,total,227,dbms,09-2026,yugabyte-2026111-vanilla-os-xlarge-xlarge-aws-v2,1,ip-172-31-17-33,ranking,benchANT
2026-09-18 10:25:40+00:00,processes,total,227,dbms,09-2026,yugabyte-2026111-vanilla-os-xlarge-xlarge-aws-v2,1,ip-172-31-17-33,ranking,benchANT
2026-09-18 10:25:50+00:00,processes,total,227,dbms,09-2026,yugabyte-2026111-vanilla-os-xlarge-xlarge-aws-v2,1,ip-172-31-17-33,ranking,benchANT
2026-09-18 10:26:00+00:00,processes,total,228,dbms,09-2026,yugabyte-2026111-vanilla-os-xlarge-xlarge-aws-v2,1,ip-172-31-17-33,ranking,benchANT
2026-09-18 10:26:10+00:00,processes,total,227,dbms,09-2026,yugabyte-2026111-vanilla-os-xlarge-xlarge-aws-v2,1,ip-172-31-17-33,ranking,benchANT
2026-09-18 10:26:20+00:00,processes,total,227,dbms,09-2026,yugabyte-2026111-vanilla-os-xlarge-xlarge-aws-v2,1,ip-172-31-17-33,ranking,benchANT
2026-09-18 10:26:30+00:00,processes,total,227,dbms,09-2026,yugabyte-2026111-vanilla-os-xlarge-xlarge-aws-v2,1,ip-172-31-17-33,ranking,benchANT
2026-09-18 10:26:40+00:00,processes,total,227,dbms,09-2026,yugabyte-2026111-vanilla-os-xlarge-xlarge-aws-v2,1,ip-172-31-17-33,ranking,benchANT
2026-09-18 10:26:50+00:00,processes,total,227,dbms,09-2026,yugabyte-2026111-vanilla-os-xlarge-xlarge-aws-v2,1,ip-172-31-17-33,ranking,benchANT
2026-09-18 10:27:00+00:00,processes,total,227,dbms,09-2026,yugabyte-2026111-vanilla-os-xlarge-xlarge-aws-v2,1,ip-172-31-17-33,ranking,benchANT
2026-09-18 10:27:10+00:00,processes,total,227,dbms,09-2026,yugabyte-2026111-vanilla-os-xlarge-xlarge-aws-v2,1,ip-172-31-17-33,ranking,benchANT
2026-09-18 10:27:20+00:00,processes,total,227,dbms,09-2026,yugabyte-2026111-vanilla-os-xlarge-xlarge-aws-v2,1,ip-172-31-17-33,ranking,benchANT
2026-09-18 10:27:30+00:00,processes,total,227,dbms,09-2026,yugabyte-2026111-vanilla-os-xlarge-xlarge-aws-v2,1,ip-172-31-17-33,ranking,benchANT
2026-09-18 10:27:40+00:00,processes,total,227,dbms,09-2026,yugabyte-2026111-vanilla-os-xlarge-xlarge-aws-v2,1,ip-172-31-17-33,ranking,benchANT
2026-09-18 10:27:50+00:00,processes,total,227,dbms,09-2026,yugabyte-2026111-vanilla-os-xlarge-xlarge-aws-v2,1,ip-172-31-17-33,ranking,benchANT
2026-09-18 10:28:00+00:00,processes,total,227,dbms,09-2026,yugabyte-2026111-vanilla-os-xlarge-xlarge-aws-v2,1,ip-172-31-17-33,ranking,benchANT
2026-09-18 10:28:10+00:00,processes,total,227,dbms,09-2026,yugabyte-2026111-vanilla-os-xlarge-xlarge-aws-v2,1,ip-172-31-17-33,ranking,benchANT
2026-09-18 10:28:20+00:00,processes,total,227,dbms,09-2026,yugabyte-2026111-vanilla-os-xlarge-xlarge-aws-v2,1,ip-172-31-17-33,ranking,benchANT
2026-09-18 10:28:30+00:00,processes,total,226,dbms,09-2026,yugabyte-2026111-vanilla-os-xlarge-xlarge-aws-v2,1,ip-172-31-17-33,ranking,benchANT
2026-09-18 10:28:40+00:00,processes,total,226,dbms,09-2026,yugabyte-2026111-vanilla-os-xlarge-xlarge-aws-v2,1,ip-172-31-17-33,ranking,benchANT
2026-09-18 10:28:50+00:00,processes,total,226,dbms,09-2026,yugabyte-2026111-vanilla-os-xlarge-xlarge-aws-v2,1,ip-172-31-17-33,ranking,benchANT
2026-09-18 10:29:00+00:00,processes,total,226,dbms,09-2026,yugabyte-2026111-vanilla-os-xlarge-xlarge-aws-v2,1,ip-172-31-17-33,ranking,benchANT
2026-09-18 10:29:10+00:00,processes,total,227,dbms,09-2026,yugabyte-2026111-vanilla-os-xlarge-xlarge-aws-v2,1,ip-172-31-17-33,ranking,benchANT
2026-09-18 10:29:20+00:00,processes,total,227,dbms,09-2026,yugabyte-2026111-vanilla-os-xlarge-xlarge-aws-v2,1,ip-172-31-17-33,ranking,benchANT
2026-09-18 10:29:30+00:00,processes,total,227,dbms,09-2026,yugabyte-2026111-vanilla-os-xlarge-xlarge-aws-v2,1,ip-172-31-17-33,ranking,benchANT
2026-09-18 10:29:40+00:00,processes,total,227,dbms,09-2026,yugabyte-2026111-vanilla-os-xlarge-xlarge-aws-v2,1,ip-172-31-17-33,ranking,benchANT
2026-09-18 10:29:50+00:00,processes,total,227,dbms,09-2026,yugabyte-2026111-vanilla-os-xlarge-xlarge-aws-v2,1,ip-172-31-17-33,ranking,benchANT
2026-09-18 10:30:00+00:00,processes,total,227,dbms,09-2026,yugabyte-2026111-vanilla-os-xlarge-xlarge-aws-v2,1,ip-172-31-17-33,ranking,benchANT
2026-09-18 10:30:10+00:00,processes,total,227,dbms,09-2026,yugabyte-2026111-vanilla-os-xlarge-xlarge-aws-v2,1,ip-172-31-17-33,ranking,benchANT
2026-09-18 10:30:20+00:00,processes,total,228,dbms,09-2026,yugabyte-2026111-vanilla-os-xlarge-xlarge-aws-v2,1,ip-172-31-17-33,ranking,benchANT
2026-09-18 10:30:30+00:00,processes,total,228,dbms,09-2026,yugabyte-2026111-vanilla-os-xlarge-xlarge-aws-v2,1,ip-172-31-17-33,ranking,benchANT
2026-09-18 10:30:40+00:00,processes,total,228,dbms,09-2026,yugabyte-2026111-vanilla-os-xlarge-xlarge-aws-v2,1,ip-172-31-17-33,ranking,benchANT
2026-09-18 10:30:50+00:00,processes,total,228,dbms,09-2026,yugabyte-2026111-vanilla-os-xlarge-xlarge-aws-v2,1,ip-172-31-17-33,ranking,benchANT
2026-09-18 10:31:00+00:00,processes,total,161,dbms,09-2026,yugabyte-2026111-vanilla-os-xlarge-xlarge-aws-v2,1,ip-172-31-17-33,ranking,benchANT
2026-09-18 10:31:10+00:00,processes,total,161,dbms,09-2026,yugabyte-2026111-vanilla-os-xlarge-xlarge-aws-v2,1,ip-172-31-17-33,ranking,benchANT
2026-09-18 10:31:20+00:00,processes,total,161,dbms,09-2026,yugabyte-2026111-vanilla-os-xlarge-xlarge-aws-v2,1,ip-172-31-17-33,ranking,benchANT
2026-09-18 10:23:00+00:00,processes,total_threads,1008,dbms,09-2026,yugabyte-2026111-vanilla-os-xlarge-xlarge-aws-v2,1,ip-172-31-17-33,ranking,benchANT
2026-09-18 10:23:10+00:00,processes,total_threads,1021,dbms,09-2026,yugabyte-2026111-vanilla-os-xlarge-xlarge-aws-v2,1,ip-172-31-17-33,ranking,benchANT
2026-09-18 10:23:20+00:00,processes,total_threads,1018,dbms,09-2026,yugabyte-2026111-vanilla-os-xlarge-xlarge-aws-v2,1,ip-172-31-17-33,ranking,benchANT
2026-09-18 10:23:30+00:00,processes,total_threads,1015,dbms,09-2026,yugabyte-2026111-vanilla-os-xlarge-xlarge-aws-v2,1,ip-172-31-17-33,ranking,benchANT
2026-09-18 10:23:40+00:00,processes,total_threads,1023,dbms,09-2026,yugabyte-2026111-vanilla-os-xlarge-xlarge-aws-v2,1,ip-172-31-17-33,ranking,benchANT
2026-09-18 10:23:50+00:00,processes,total_threads,1023,dbms,09-2026,yugabyte-2026111-vanilla-os-xlarge-xlarge-aws-v2,1,ip-172-31-17-33,ranking,benchANT
2026-09-18 10:24:00+00:00,processes,total_threads,1023,dbms,09-2026,yugabyte-2026111-vanilla-os-xlarge-xlarge-aws-v2,1,ip-172-31-17-33,ranking,benchANT
2026-09-18 10:24:10+00:00,processes,total_threads,1030,dbms,09-2026,yugabyte-2026111-vanilla-os-xlarge-xlarge-aws-v2,1,ip-172-31-17-33,ranking,benchANT
2026-09-18 10:24:20+00:00,processes,total_threads,1022,dbms,09-2026,yugabyte-2026111-vanilla-os-xlarge-xlarge-aws-v2,1,ip-172-31-17-33,ranking,benchANT
2026-09-18 10:24:30+00:00,processes,total_threads,1021,dbms,09-2026,yugabyte-2026111-vanilla-os-xlarge-xlarge-aws-v2,1,ip-172-31-17-33,ranking,benchANT
2026-09-18 10:24:40+00:00,processes,total_threads,1021,dbms,09-2026,yugabyte-2026111-vanilla-os-xlarge-xlarge-aws-v2,1,ip-172-31-17-33,ranking,benchANT
2026-09-18 10:24:50+00:00,processes,total_threads,1037,dbms,09-2026,yugabyte-2026111-vanilla-os-xlarge-xlarge-aws-v2,1,ip-172-31-17-33,ranking,benchANT
2026-09-18 10:25:00+00:00,processes,total_threads,1020,dbms,09-2026,yugabyte-2026111-vanilla-os-xlarge-xlarge-aws-v2,1,ip-172-31-17-33,ranking,benchANT
2026-09-18 10:25:10+00:00,processes,total_threads,1020,dbms,09-2026,yugabyte-2026111-vanilla-os-xlarge-xlarge-aws-v2,1,ip-172-31-17-33,ranking,benchANT
2026-09-18 10:25:20+00:00,processes,total_threads,1016,dbms,09-2026,yugabyte-2026111-vanilla-os-xlarge-xlarge-aws-v2,1,ip-172-31-17-33,ranking,benchANT
2026-09-18 10:25:30+00:00,processes,total_threads,1016,dbms,09-2026,yugabyte-2026111-vanilla-os-xlarge-xlarge-aws-v2,1,ip-172-31-17-33,ranking,benchANT
2026-09-18 10:25:40+00:00,processes,total_threads,1019,dbms,09-2026,yugabyte-2026111-vanilla-os-xlarge-xlarge-aws-v2,1,ip-172-31-17-33,ranking,benchANT
2026-09-18 10:25:50+00:00,processes,total_threads,1029,dbms,09-2026,yugabyte-2026111-vanilla-os-xlarge-xlarge-aws-v2,1,ip-172-31-17-33,ranking,benchANT
2026-09-18 10:26:00+00:00,processes,total_threads,1037,dbms,09-2026,yugabyte-2026111-vanilla-os-xlarge-xlarge-aws-v2,1,ip-172-31-17-33,ranking,benchANT
2026-09-18 10:26:10+00:00,processes,total_threads,1035,dbms,09-2026,yugabyte-2026111-vanilla-os-xlarge-xlarge-aws-v2,1,ip-172-31-17-33,ranking,benchANT
2026-09-18 10:26:20+00:00,processes,total_threads,1022,dbms,09-2026,yugabyte-2026111-vanilla-os-xlarge-xlarge-aws-v2,1,ip-172-31-17-33,ranking,benchANT
2026-09-18 10:26:30+00:00,processes,total_threads,1031,dbms,09-2026,yugabyte-2026111-vanilla-os-xlarge-xlarge-aws-v2,1,ip-172-31-17-33,ranking,benchANT
2026-09-18 10:26:40+00:00,processes,total_threads,1045,dbms,09-2026,yugabyte-2026111-vanilla-os-xlarge-xlarge-aws-v2,1,ip-172-31-17-33,ranking,benchANT
2026-09-18 10:26:50+00:00,processes,total_threads,1045,dbms,09-2026,yugabyte-2026111-vanilla-os-xlarge-xlarge-aws-v2,1,ip-172-31-17-33,ranking,benchANT
2026-09-18 10:27:00+00:00,processes,total_threads,1047,dbms,09-2026,yugabyte-2026111-vanilla-os-xlarge-xlarge-aws-v2,1,ip-172-31-17-33,ranking,benchANT
2026-09-18 10:27:10+00:00,processes,total_threads,1022,dbms,09-2026,yugabyte-2026111-vanilla-os-xlarge-xlarge-aws-v2,1,ip-172-31-17-33,ranking,benchANT
2026-09-18 10:27:20+00:00,processes,total_threads,1027,dbms,09-2026,yugabyte-2026111-vanilla-os-xlarge-xlarge-aws-v2,1,ip-172-31-17-33,ranking,benchANT
2026-09-18 10:27:30+00:00,processes,total_threads,1027,dbms,09-2026,yugabyte-2026111-vanilla-os-xlarge-xlarge-aws-v2,1,ip-172-31-17-33,ranking,benchANT
2026-09-18 10:27:40+00:00,processes,total_threads,1021,dbms,09-2026,yugabyte-2026111-vanilla-os-xlarge-xlarge-aws-v2,1,ip-172-31-17-33,ranking,benchANT
2026-09-18 10:27:50+00:00,processes,total_threads,1027,dbms,09-2026,yugabyte-2026111-vanilla-os-xlarge-xlarge-aws-v2,1,ip-172-31-17-33,ranking,benchANT
2026-09-18 10:28:00+00:00,processes,total_threads,1017,dbms,09-2026,yugabyte-2026111-vanilla-os-xlarge-xlarge-aws-v2,1,ip-172-31-17-33,ranking,benchANT
2026-09-18 10:28:10+00:00,processes,total_threads,1019,dbms,09-2026,yugabyte-2026111-vanilla-os-xlarge-xlarge-aws-v2,1,ip-172-31-17-33,ranking,benchANT
2026-09-18 10:28:20+00:00,processes,total_threads,1021,dbms,09-2026,yugabyte-2026111-vanilla-os-xlarge-xlarge-aws-v2,1,ip-172-31-17-33,ranking,benchANT
2026-09-18 10:28:30+00:00,processes,total_threads,1023,dbms,09-2026,yugabyte-2026111-vanilla-os-xlarge-xlarge-aws-v2,1,ip-172-31-17-33,ranking,benchANT
2026-09-18 10:28:40+00:00,processes,total_threads,1024,dbms,09-2026,yugabyte-2026111-vanilla-os-xlarge-xlarge-aws-v2,1,ip-172-31-17-33,ranking,benchANT
2026-09-18 10:28:50+00:00,processes,total_threads,1025,dbms,09-2026,yugabyte-2026111-vanilla-os-xlarge-xlarge-aws-v2,1,ip-172-31-17-33,ranking,benchANT
2026-09-18 10:29:00+00:00,processes,total_threads,1026,dbms,09-2026,yugabyte-2026111-vanilla-os-xlarge-xlarge-aws-v2,1,ip-172-31-17-33,ranking,benchANT
2026-09-18 10:29:10+00:00,processes,total_threads,1024,dbms,09-2026,yugabyte-2026111-vanilla-os-xlarge-xlarge-aws-v2,1,ip-172-31-17-33,ranking,benchANT
2026-09-18 10:29:20+00:00,processes,total_threads,1030,dbms,09-2026,yugabyte-2026111-vanilla-os-xlarge-xlarge-aws-v2,1,ip-172-31-17-33,ranking,benchANT
2026-09-18 10:29:30+00:00,processes,total_threads,1029,dbms,09-2026,yugabyte-2026111-vanilla-os-xlarge-xlarge-aws-v2,1,ip-172-31-17-33,ranking,benchANT
2026-09-18 10:29:40+00:00,processes,total_threads,1031,dbms,09-2026,yugabyte-2026111-vanilla-os-xlarge-xlarge-aws-v2,1,ip-172-31-17-33,ranking,benchANT
2026-09-18 10:29:50+00:00,processes,total_threads,1026,dbms,09-2026,yugabyte-2026111-vanilla-os-xlarge-xlarge-aws-v2,1,ip-172-31-17-33,ranking,benchANT
2026-09-18 10:30:00+00:00,processes,total_threads,1027,dbms,09-2026,yugabyte-2026111-vanilla-os-xlarge-xlarge-aws-v2,1,ip-172-31-17-33,ranking,benchANT
2026-09-18 10:30:10+00:00,processes,total_threads,1025,dbms,09-2026,yugabyte-2026111-vanilla-os-xlarge-xlarge-aws-v2,1,ip-172-31-17-33,ranking,benchANT
2026-09-18 10:30:20+00:00,processes,total_threads,1023,dbms,09-2026,yugabyte-2026111-vanilla-os-xlarge-xlarge-aws-v2,1,ip-172-31-17-33,ranking,benchANT
2026-09-18 10:30:30+00:00,processes,total_threads,1023,dbms,09-2026,yugabyte-2026111-vanilla-os-xlarge-xlarge-aws-v2,1,ip-172-31-17-33,ranking,benchANT
2026-09-18 10:30:40+00:00,processes,total_threads,1024,dbms,09-2026,yugabyte-2026111-vanilla-os-xlarge-xlarge-aws-v2,1,ip-172-31-17-33,ranking,benchANT
2026-09-18 10:30:50+00:00,processes,total_threads,1029,dbms,09-2026,yugabyte-2026111-vanilla-os-xlarge-xlarge-aws-v2,1,ip-172-31-17-33,ranking,benchANT
2026-09-18 10:31:00+00:00,processes,total_threads,352,dbms,09-2026,yugabyte-2026111-vanilla-os-xlarge-xlarge-aws-v2,1,ip-172-31-17-33,ranking,benchANT
2026-09-18 10:31:10+00:00,processes,total_threads,313,dbms,09-2026,yugabyte-2026111-vanilla-os-xlarge-xlarge-aws-v2,1,ip-172-31-17-33,ranking,benchANT
2026-09-18 10:31:20+00:00,processes,total_threads,300,dbms,09-2026,yugabyte-2026111-vanilla-os-xlarge-xlarge-aws-v2,1,ip-172-31-17-33,ranking,benchANT
2026-09-18 10:23:00+00:00,processes,unknown,0,dbms,09-2026,yugabyte-2026111-vanilla-os-xlarge-xlarge-aws-v2,1,ip-172-31-17-33,ranking,benchANT
2026-09-18 10:23:10+00:00,processes,unknown,0,dbms,09-2026,yugabyte-2026111-vanilla-os-xlarge-xlarge-aws-v2,1,ip-172-31-17-33,ranking,benchANT
2026-09-18 10:23:20+00:00,processes,unknown,0,dbms,09-2026,yugabyte-2026111-vanilla-os-xlarge-xlarge-aws-v2,1,ip-172-31-17-33,ranking,benchANT
2026-09-18 10:23:30+00:00,processes,unknown,0,dbms,09-2026,yugabyte-2026111-vanilla-os-xlarge-xlarge-aws-v2,1,ip-172-31-17-33,ranking,benchANT
2026-09-18 10:23:40+00:00,processes,unknown,0,dbms,09-2026,yugabyte-2026111-vanilla-os-xlarge-xlarge-aws-v2,1,ip-172-31-17-33,ranking,benchANT
2026-09-18 10:23:50+00:00,processes,unknown,0,dbms,09-2026,yugabyte-2026111-vanilla-os-xlarge-xlarge-aws-v2,1,ip-172-31-17-33,ranking,benchANT
2026-09-18 10:24:00+00:00,processes,unknown,0,dbms,09-2026,yugabyte-2026111-vanilla-os-xlarge-xlarge-aws-v2,1,ip-172-31-17-33,ranking,benchANT
2026-09-18 10:24:10+00:00,processes,unknown,0,dbms,09-2026,yugabyte-2026111-vanilla-os-xlarge-xlarge-aws-v2,1,ip-172-31-17-33,ranking,benchANT
2026-09-18 10:24:20+00:00,processes,unknown,0,dbms,09-2026,yugabyte-2026111-vanilla-os-xlarge-xlarge-aws-v2,1,ip-172-31-17-33,ranking,benchANT
2026-09-18 10:24:30+00:00,processes,unknown,0,dbms,09-2026,yugabyte-2026111-vanilla-os-xlarge-xlarge-aws-v2,1,ip-172-31-17-33,ranking,benchANT
2026-09-18 10:24:40+00:00,processes,unknown,0,dbms,09-2026,yugabyte-2026111-vanilla-os-xlarge-xlarge-aws-v2,1,ip-172-31-17-33,ranking,benchANT
2026-09-18 10:24:50+00:00,processes,unknown,0,dbms,09-2026,yugabyte-2026111-vanilla-os-xlarge-xlarge-aws-v2,1,ip-172-31-17-33,ranking,benchANT
2026-09-18 10:25:00+00:00,processes,unknown,0,dbms,09-2026,yugabyte-2026111-vanilla-os-xlarge-xlarge-aws-v2,1,ip-172-31-17-33,ranking,benchANT
2026-09-18 10:25:10+00:00,processes,unknown,0,dbms,09-2026,yugabyte-2026111-vanilla-os-xlarge-xlarge-aws-v2,1,ip-172-31-17-33,ranking,benchANT
2026-09-18 10:25:20+00:00,processes,unknown,0,dbms,09-2026,yugabyte-2026111-vanilla-os-xlarge-xlarge-aws-v2,1,ip-172-31-17-33,ranking,benchANT
2026-09-18 10:25:30+00:00,processes,unknown,0,dbms,09-2026,yugabyte-2026111-vanilla-os-xlarge-xlarge-aws-v2,1,ip-172-31-17-33,ranking,benchANT
2026-09-18 10:25:40+00:00,processes,unknown,0,dbms,09-2026,yugabyte-2026111-vanilla-os-xlarge-xlarge-aws-v2,1,ip-172-31-17-33,ranking,benchANT
2026-09-18 10:25:50+00:00,processes,unknown,0,dbms,09-2026,yugabyte-2026111-vanilla-os-xlarge-xlarge-aws-v2,1,ip-172-31-17-33,ranking,benchANT
2026-09-18 10:26:00+00:00,processes,unknown,0,dbms,09-2026,yugabyte-2026111-vanilla-os-xlarge-xlarge-aws-v2,1,ip-172-31-17-33,ranking,benchANT
2026-09-18 10:26:10+00:00,processes,unknown,0,dbms,09-2026,yugabyte-2026111-vanilla-os-xlarge-xlarge-aws-v2,1,ip-172-31-17-33,ranking,benchANT
2026-09-18 10:26:20+00:00,processes,unknown,0,dbms,09-2026,yugabyte-2026111-vanilla-os-xlarge-xlarge-aws-v2,1,ip-172-31-17-33,ranking,benchANT
2026-09-18 10:26:30+00:00,processes,unknown,0,dbms,09-2026,yugabyte-2026111-vanilla-os-xlarge-xlarge-aws-v2,1,ip-172-31-17-33,ranking,benchANT
2026-09-18 10:26:40+00:00,processes,unknown,0,dbms,09-2026,yugabyte-2026111-vanilla-os-xlarge-xlarge-aws-v2,1,ip-172-31-17-33,ranking,benchANT
2026-09-18 10:26:50+00:00,processes,unknown,0,dbms,09-2026,yugabyte-2026111-vanilla-os-xlarge-xlarge-aws-v2,1,ip-172-31-17-33,ranking,benchANT
2026-09-18 10:27:00+00:00,processes,unknown,0,dbms,09-2026,yugabyte-2026111-vanilla-os-xlarge-xlarge-aws-v2,1,ip-172-31-17-33,ranking,benchANT
2026-09-18 10:27:10+00:00,processes,unknown,0,dbms,09-2026,yugabyte-2026111-vanilla-os-xlarge-xlarge-aws-v2,1,ip-172-31-17-33,ranking,benchANT
2026-09-18 10:27:20+00:00,processes,unknown,0,dbms,09-2026,yugabyte-2026111-vanilla-os-xlarge-xlarge-aws-v2,1,ip-172-31-17-33,ranking,benchANT
2026-09-18 10:27:30+00:00,processes,unknown,0,dbms,09-2026,yugabyte-2026111-vanilla-os-xlarge-xlarge-aws-v2,1,ip-172-31-17-33,ranking,benchANT
2026-09-18 10:27:40+00:00,processes,unknown,0,dbms,09-2026,yugabyte-2026111-vanilla-os-xlarge-xlarge-aws-v2,1,ip-172-31-17-33,ranking,benchANT
2026-09-18 10:27:50+00:00,processes,unknown,0,dbms,09-2026,yugabyte-2026111-vanilla-os-xlarge-xlarge-aws-v2,1,ip-172-31-17-33,ranking,benchANT
2026-09-18 10:28:00+00:00,processes,unknown,0,dbms,09-2026,yugabyte-2026111-vanilla-os-xlarge-xlarge-aws-v2,1,ip-172-31-17-33,ranking,benchANT
2026-09-18 10:28:10+00:00,processes,unknown,0,dbms,09-2026,yugabyte-2026111-vanilla-os-xlarge-xlarge-aws-v2,1,ip-172-31-17-33,ranking,benchANT
2026-09-18 10:28:20+00:00,processes,unknown,0,dbms,09-2026,yugabyte-2026111-vanilla-os-xlarge-xlarge-aws-v2,1,ip-172-31-17-33,ranking,benchANT
2026-09-18 10:28:30+00:00,processes,unknown,0,dbms,09-2026,yugabyte-2026111-vanilla-os-xlarge-xlarge-aws-v2,1,ip-172-31-17-33,ranking,benchANT
2026-09-18 10:28:40+00:00,processes,unknown,0,dbms,09-2026,yugabyte-2026111-vanilla-os-xlarge-xlarge-aws-v2,1,ip-172-31-17-33,ranking,benchANT
2026-09-18 10:28:50+00:00,processes,unknown,0,dbms,09-2026,yugabyte-2026111-vanilla-os-xlarge-xlarge-aws-v2,1,ip-172-31-17-33,ranking,benchANT
2026-09-18 10:29:00+00:00,processes,unknown,0,dbms,09-2026,yugabyte-2026111-vanilla-os-xlarge-xlarge-aws-v2,1,ip-172-31-17-33,ranking,benchANT
2026-09-18 10:29:10+00:00,processes,unknown,0,dbms,09-2026,yugabyte-2026111-vanilla-os-xlarge-xlarge-aws-v2,1,ip-172-31-17-33,ranking,benchANT
2026-09-18 10:29:20+00:00,processes,unknown,0,dbms,09-2026,yugabyte-2026111-vanilla-os-xlarge-xlarge-aws-v2,1,ip-172-31-17-33,ranking,benchANT
2026-09-18 10:29:30+00:00,processes,unknown,0,dbms,09-2026,yugabyte-2026111-vanilla-os-xlarge-xlarge-aws-v2,1,ip-172-31-17-33,ranking,benchANT
2026-09-18 10:29:40+00:00,processes,unknown,0,dbms,09-2026,yugabyte-2026111-vanilla-os-xlarge-xlarge-aws-v2,1,ip-172-31-17-33,ranking,benchANT
2026-09-18 10:29:50+00:00,processes,unknown,0,dbms,09-2026,yugabyte-2026111-vanilla-os-xlarge-xlarge-aws-v2,1,ip-172-31-17-33,ranking,benchANT
2026-09-18 10:30:00+00:00,processes,unknown,0,dbms,09-2026,yugabyte-2026111-vanilla-os-xlarge-xlarge-aws-v2,1,ip-172-31-17-33,ranking,benchANT
2026-09-18 10:30:10+00:00,processes,unknown,0,dbms,09-2026,yugabyte-2026111-vanilla-os-xlarge-xlarge-aws-v2,1,ip-172-31-17-33,ranking,benchANT
2026-09-18 10:30:20+00:00,processes,unknown,0,dbms,09-2026,yugabyte-2026111-vanilla-os-xlarge-xlarge-aws-v2,1,ip-172-31-17-33,ranking,benchANT
2026-09-18 10:30:30+00:00,processes,unknown,0,dbms,09-2026,yugabyte-2026111-vanilla-os-xlarge-xlarge-aws-v2,1,ip-172-31-17-33,ranking,benchANT
2026-09-18 10:30:40+00:00,processes,unknown,0,dbms,09-2026,yugabyte-2026111-vanilla-os-xlarge-xlarge-aws-v2,1,ip-172-31-17-33,ranking,benchANT
2026-09-18 10:30:50+00:00,processes,unknown,0,dbms,09-2026,yugabyte-2026111-vanilla-os-xlarge-xlarge-aws-v2,1,ip-172-31-17-33,ranking,benchANT
2026-09-18 10:31:00+00:00,processes,unknown,0,dbms,09-2026,yugabyte-2026111-vanilla-os-xlarge-xlarge-aws-v2,1,ip-172-31-17-33,ranking,benchANT
2026-09-18 10:31:10+00:00,processes,unknown,0,dbms,09-2026,yugabyte-2026111-vanilla-os-xlarge-xlarge-aws-v2,1,ip-172-31-17-33,ranking,benchANT
2026-09-18 10:31:20+00:00,processes,unknown,0,dbms,09-2026,yugabyte-2026111-vanilla-os-xlarge-xlarge-aws-v2,1,ip-172-31-17-33,ranking,benchANT
2026-09-18 10:23:00+00:00,processes,zombies,0,dbms,09-2026,yugabyte-2026111-vanilla-os-xlarge-xlarge-aws-v2,1,ip-172-31-17-33,ranking,benchANT
2026-09-18 10:23:10+00:00,processes,zombies,0,dbms,09-2026,yugabyte-2026111-vanilla-os-xlarge-xlarge-aws-v2,1,ip-172-31-17-33,ranking,benchANT
2026-09-18 10:23:20+00:00,processes,zombies,0,dbms,09-2026,yugabyte-2026111-vanilla-os-xlarge-xlarge-aws-v2,1,ip-172-31-17-33,ranking,benchANT
2026-09-18 10:23:30+00:00,processes,zombies,0,dbms,09-2026,yugabyte-2026111-vanilla-os-xlarge-xlarge-aws-v2,1,ip-172-31-17-33,ranking,benchANT
2026-09-18 10:23:40+00:00,processes,zombies,0,dbms,09-2026,yugabyte-2026111-vanilla-os-xlarge-xlarge-aws-v2,1,ip-172-31-17-33,ranking,benchANT
2026-09-18 10:23:50+00:00,processes,zombies,0,dbms,09-2026,yugabyte-2026111-vanilla-os-xlarge-xlarge-aws-v2,1,ip-172-31-17-33,ranking,benchANT
2026-09-18 10:24:00+00:00,processes,zombies,0,dbms,09-2026,yugabyte-2026111-vanilla-os-xlarge-xlarge-aws-v2,1,ip-172-31-17-33,ranking,benchANT
2026-09-18 10:24:10+00:00,processes,zombies,0,dbms,09-2026,yugabyte-2026111-vanilla-os-xlarge-xlarge-aws-v2,1,ip-172-31-17-33,ranking,benchANT
2026-09-18 10:24:20+00:00,processes,zombies,0,dbms,09-2026,yugabyte-2026111-vanilla-os-xlarge-xlarge-aws-v2,1,ip-172-31-17-33,ranking,benchANT
2026-09-18 10:24:30+00:00,processes,zombies,0,dbms,09-2026,yugabyte-2026111-vanilla-os-xlarge-xlarge-aws-v2,1,ip-172-31-17-33,ranking,benchANT
2026-09-18 10:24:40+00:00,processes,zombies,0,dbms,09-2026,yugabyte-2026111-vanilla-os-xlarge-xlarge-aws-v2,1,ip-172-31-17-33,ranking,benchANT
2026-09-18 10:24:50+00:00,processes,zombies,0,dbms,09-2026,yugabyte-2026111-vanilla-os-xlarge-xlarge-aws-v2,1,ip-172-31-17-33,ranking,benchANT
2026-09-18 10:25:00+00:00,processes,zombies,0,dbms,09-2026,yugabyte-2026111-vanilla-os-xlarge-xlarge-aws-v2,1,ip-172-31-17-33,ranking,benchANT
2026-09-18 10:25:10+00:00,processes,zombies,0,dbms,09-2026,yugabyte-2026111-vanilla-os-xlarge-xlarge-aws-v2,1,ip-172-31-17-33,ranking,benchANT
2026-09-18 10:25:20+00:00,processes,zombies,0,dbms,09-2026,yugabyte-2026111-vanilla-os-xlarge-xlarge-aws-v2,1,ip-172-31-17-33,ranking,benchANT
2026-09-18 10:25:30+00:00,processes,zombies,0,dbms,09-2026,yugabyte-2026111-vanilla-os-xlarge-xlarge-aws-v2,1,ip-172-31-17-33,ranking,benchANT
2026-09-18 10:25:40+00:00,processes,zombies,0,dbms,09-2026,yugabyte-2026111-vanilla-os-xlarge-xlarge-aws-v2,1,ip-172-31-17-33,ranking,benchANT
2026-09-18 10:25:50+00:00,processes,zombies,0,dbms,09-2026,yugabyte-2026111-vanilla-os-xlarge-xlarge-aws-v2,1,ip-172-31-17-33,ranking,benchANT
2026-09-18 10:26:00+00:00,processes,zombies,0,dbms,09-2026,yugabyte-2026111-vanilla-os-xlarge-xlarge-aws-v2,1,ip-172-31-17-33,ranking,benchANT
2026-09-18 10:26:10+00:00,processes,zombies,0,dbms,09-2026,yugabyte-2026111-vanilla-os-xlarge-xlarge-aws-v2,1,ip-172-31-17-33,ranking,benchANT
2026-09-18 10:26:20+00:00,processes,zombies,0,dbms,09-2026,yugabyte-2026111-vanilla-os-xlarge-xlarge-aws-v2,1,ip-172-31-17-33,ranking,benchANT
2026-09-18 10:26:30+00:00,processes,zombies,0,dbms,09-2026,yugabyte-2026111-vanilla-os-xlarge-xlarge-aws-v2,1,ip-172-31-17-33,ranking,benchANT
2026-09-18 10:26:40+00:00,processes,zombies,0,dbms,09-2026,yugabyte-2026111-vanilla-os-xlarge-xlarge-aws-v2,1,ip-172-31-17-33,ranking,benchANT
2026-09-18 10:26:50+00:00,processes,zombies,0,dbms,09-2026,yugabyte-2026111-vanilla-os-xlarge-xlarge-aws-v2,1,ip-172-31-17-33,ranking,benchANT
2026-09-18 10:27:00+00:00,processes,zombies,0,dbms,09-2026,yugabyte-2026111-vanilla-os-xlarge-xlarge-aws-v2,1,ip-172-31-17-33,ranking,benchANT
2026-09-18 10:27:10+00:00,processes,zombies,0,dbms,09-2026,yugabyte-2026111-vanilla-os-xlarge-xlarge-aws-v2,1,ip-172-31-17-33,ranking,benchANT
2026-09-18 10:27:20+00:00,processes,zombies,0,dbms,09-2026,yugabyte-2026111-vanilla-os-xlarge-xlarge-aws-v2,1,ip-172-31-17-33,ranking,benchANT
2026-09-18 10:27:30+00:00,processes,zombies,0,dbms,09-2026,yugabyte-2026111-vanilla-os-xlarge-xlarge-aws-v2,1,ip-172-31-17-33,ranking,benchANT
2026-09-18 10:27:40+00:00,processes,zombies,0,dbms,09-2026,yugabyte-2026111-vanilla-os-xlarge-xlarge-aws-v2,1,ip-172-31-17-33,ranking,benchANT
2026-09-18 10:27:50+00:00,processes,zombies,0,dbms,09-2026,yugabyte-2026111-vanilla-os-xlarge-xlarge-aws-v2,1,ip-172-31-17-33,ranking,benchANT
2026-09-18 10:28:00+00:00,processes,zombies,0,dbms,09-2026,yugabyte-2026111-vanilla-os-xlarge-xlarge-aws-v2,1,ip-172-31-17-33,ranking,benchANT
2026-09-18 10:28:10+00:00,processes,zombies,0,dbms,09-2026,yugabyte-2026111-vanilla-os-xlarge-xlarge-aws-v2,1,ip-172-31-17-33,ranking,benchANT
2026-09-18 10:28:20+00:00,processes,zombies,0,dbms,09-2026,yugabyte-2026111-vanilla-os-xlarge-xlarge-aws-v2,1,ip-172-31-17-33,ranking,benchANT
2026-09-18 10:28:30+00:00,processes,zombies,0,dbms,09-2026,yugabyte-2026111-vanilla-os-xlarge-xlarge-aws-v2,1,ip-172-31-17-33,ranking,benchANT
2026-09-18 10:28:40+00:00,processes,zombies,0,dbms,09-2026,yugabyte-2026111-vanilla-os-xlarge-xlarge-aws-v2,1,ip-172-31-17-33,ranking,benchANT
2026-09-18 10:28:50+00:00,processes,zombies,0,dbms,09-2026,yugabyte-2026111-vanilla-os-xlarge-xlarge-aws-v2,1,ip-172-31-17-33,ranking,benchANT
2026-09-18 10:29:00+00:00,processes,zombies,0,dbms,09-2026,yugabyte-2026111-vanilla-os-xlarge-xlarge-aws-v2,1,ip-172-31-17-33,ranking,benchANT
2026-09-18 10:29:10+00:00,processes,zombies,0,dbms,09-2026,yugabyte-2026111-vanilla-os-xlarge-xlarge-aws-v2,1,ip-172-31-17-33,ranking,benchANT
2026-09-18 10:29:20+00:00,processes,zombies,0,dbms,09-2026,yugabyte-2026111-vanilla-os-xlarge-xlarge-aws-v2,1,ip-172-31-17-33,ranking,benchANT
2026-09-18 10:29:30+00:00,processes,zombies,0,dbms,09-2026,yugabyte-2026111-vanilla-os-xlarge-xlarge-aws-v2,1,ip-172-31-17-33,ranking,benchANT
2026-09-18 10:29:40+00:00,processes,zombies,0,dbms,09-2026,yugabyte-2026111-vanilla-os-xlarge-xlarge-aws-v2,1,ip-172-31-17-33,ranking,benchANT
2026-09-18 10:29:50+00:00,processes,zombies,0,dbms,09-2026,yugabyte-2026111-vanilla-os-xlarge-xlarge-aws-v2,1,ip-172-31-17-33,ranking,benchANT
2026-09-18 10:30:00+00:00,processes,zombies,0,dbms,09-2026,yugabyte-2026111-vanilla-os-xlarge-xlarge-aws-v2,1,ip-172-31-17-33,ranking,benchANT
2026-09-18 10:30:10+00:00,processes,zombies,0,dbms,09-2026,yugabyte-2026111-vanilla-os-xlarge-xlarge-aws-v2,1,ip-172-31-17-33,ranking,benchANT
2026-09-18 10:30:20+00:00,processes,zombies,0,dbms,09-2026,yugabyte-2026111-vanilla-os-xlarge-xlarge-aws-v2,1,ip-172-31-17-33,ranking,benchANT
2026-09-18 10:30:30+00:00,processes,zombies,0,dbms,09-2026,yugabyte-2026111-vanilla-os-xlarge-xlarge-aws-v2,1,ip-172-31-17-33,ranking,benchANT
2026-09-18 10:30:40+00:00,processes,zombies,0,dbms,09-2026,yugabyte-2026111-vanilla-os-xlarge-xlarge-aws-v2,1,ip-172-31-17-33,ranking,benchANT
2026-09-18 10:30:50+00:00,processes,zombies,0,dbms,09-2026,yugabyte-2026111-vanilla-os-xlarge-xlarge-aws-v2,1,ip-172-31-17-33,ranking,benchANT
2026-09-18 10:31:00+00:00,processes,zombies,0,dbms,09-2026,yugabyte-2026111-vanilla-os-xlarge-xlarge-aws-v2,1,ip-172-31-17-33,ranking,benchANT
2026-09-18 10:31:10+00:00,processes,zombies,0,dbms,09-2026,yugabyte-2026111-vanilla-os-xlarge-xlarge-aws-v2,1,ip-172-31-17-33,ranking,benchANT
2026-09-18 10:31:20+00:00,processes,zombies,0,dbms,09-2026,yugabyte-2026111-vanilla-os-xlarge-xlarge-aws-v2,1,ip-172-31-17-33,ranking,benchANT
2026-09-18 10:23:00+00:00,processes,blocked,0,dbms,09-2026,yugabyte-2026111-vanilla-os-xlarge-xlarge-aws-v2,1,ip-172-31-21-174,ranking,benchANT
2026-09-18 10:23:10+00:00,processes,blocked,0,dbms,09-2026,yugabyte-2026111-vanilla-os-xlarge-xlarge-aws-v2,1,ip-172-31-21-174,ranking,benchANT
2026-09-18 10:23:20+00:00,processes,blocked,0,dbms,09-2026,yugabyte-2026111-vanilla-os-xlarge-xlarge-aws-v2,1,ip-172-31-21-174,ranking,benchANT
2026-09-18 10:23:30+00:00,processes,blocked,0,dbms,09-2026,yugabyte-2026111-vanilla-os-xlarge-xlarge-aws-v2,1,ip-172-31-21-174,ranking,benchANT
2026-09-18 10:23:40+00:00,processes,blocked,0,dbms,09-2026,yugabyte-2026111-vanilla-os-xlarge-xlarge-aws-v2,1,ip-172-31-21-174,ranking,benchANT
2026-09-18 10:23:50+00:00,processes,blocked,0,dbms,09-2026,yugabyte-2026111-vanilla-os-xlarge-xlarge-aws-v2,1,ip-172-31-21-174,ranking,benchANT
2026-09-18 10:24:00+00:00,processes,blocked,0,dbms,09-2026,yugabyte-2026111-vanilla-os-xlarge-xlarge-aws-v2,1,ip-172-31-21-174,ranking,benchANT
2026-09-18 10:24:10+00:00,processes,blocked,0,dbms,09-2026,yugabyte-2026111-vanilla-os-xlarge-xlarge-aws-v2,1,ip-172-31-21-174,ranking,benchANT
2026-09-18 10:24:20+00:00,processes,blocked,0,dbms,09-2026,yugabyte-2026111-vanilla-os-xlarge-xlarge-aws-v2,1,ip-172-31-21-174,ranking,benchANT
2026-09-18 10:24:30+00:00,processes,blocked,1,dbms,09-2026,yugabyte-2026111-vanilla-os-xlarge-xlarge-aws-v2,1,ip-172-31-21-174,ranking,benchANT
2026-09-18 10:24:40+00:00,processes,blocked,0,dbms,09-2026,yugabyte-2026111-vanilla-os-xlarge-xlarge-aws-v2,1,ip-172-31-21-174,ranking,benchANT
2026-09-18 10:24:50+00:00,processes,blocked,0,dbms,09-2026,yugabyte-2026111-vanilla-os-xlarge-xlarge-aws-v2,1,ip-172-31-21-174,ranking,benchANT
2026-09-18 10:25:00+00:00,processes,blocked,0,dbms,09-2026,yugabyte-2026111-vanilla-os-xlarge-xlarge-aws-v2,1,ip-172-31-21-174,ranking,benchANT
2026-09-18 10:25:10+00:00,processes,blocked,0,dbms,09-2026,yugabyte-2026111-vanilla-os-xlarge-xlarge-aws-v2,1,ip-172-31-21-174,ranking,benchANT
2026-09-18 10:25:20+00:00,processes,blocked,0,dbms,09-2026,yugabyte-2026111-vanilla-os-xlarge-xlarge-aws-v2,1,ip-172-31-21-174,ranking,benchANT
2026-09-18 10:25:30+00:00,processes,blocked,1,dbms,09-2026,yugabyte-2026111-vanilla-os-xlarge-xlarge-aws-v2,1,ip-172-31-21-174,ranking,benchANT
2026-09-18 10:25:40+00:00,processes,blocked,0,dbms,09-2026,yugabyte-2026111-vanilla-os-xlarge-xlarge-aws-v2,1,ip-172-31-21-174,ranking,benchANT
2026-09-18 10:25:50+00:00,processes,blocked,0,dbms,09-2026,yugabyte-2026111-vanilla-os-xlarge-xlarge-aws-v2,1,ip-172-31-21-174,ranking,benchANT
2026-09-18 10:26:00+00:00,processes,blocked,0,dbms,09-2026,yugabyte-2026111-vanilla-os-xlarge-xlarge-aws-v2,1,ip-172-31-21-174,ranking,benchANT
2026-09-18 10:26:10+00:00,processes,blocked,0,dbms,09-2026,yugabyte-2026111-vanilla-os-xlarge-xlarge-aws-v2,1,ip-172-31-21-174,ranking,benchANT
2026-09-18 10:26:20+00:00,processes,blocked,0,dbms,09-2026,yugabyte-2026111-vanilla-os-xlarge-xlarge-aws-v2,1,ip-172-31-21-174,ranking,benchANT
2026-09-18 10:26:30+00:00,processes,blocked,0,dbms,09-2026,yugabyte-2026111-vanilla-os-xlarge-xlarge-aws-v2,1,ip-172-31-21-174,ranking,benchANT
2026-09-18 10:26:40+00:00,processes,blocked,2,dbms,09-2026,yugabyte-2026111-vanilla-os-xlarge-xlarge-aws-v2,1,ip-172-31-21-174,ranking,benchANT
2026-09-18 10:26:50+00:00,processes,blocked,0,dbms,09-2026,yugabyte-2026111-vanilla-os-xlarge-xlarge-aws-v2,1,ip-172-31-21-174,ranking,benchANT
2026-09-18 10:27:00+00:00,processes,blocked,0,dbms,09-2026,yugabyte-2026111-vanilla-os-xlarge-xlarge-aws-v2,1,ip-172-31-21-174,ranking,benchANT
2026-09-18 10:27:10+00:00,processes,blocked,0,dbms,09-2026,yugabyte-2026111-vanilla-os-xlarge-xlarge-aws-v2,1,ip-172-31-21-174,ranking,benchANT
2026-09-18 10:27:20+00:00,processes,blocked,0,dbms,09-2026,yugabyte-2026111-vanilla-os-xlarge-xlarge-aws-v2,1,ip-172-31-21-174,ranking,benchANT
2026-09-18 10:27:30+00:00,processes,blocked,0,dbms,09-2026,yugabyte-2026111-vanilla-os-xlarge-xlarge-aws-v2,1,ip-172-31-21-174,ranking,benchANT
2026-09-18 10:27:40+00:00,processes,blocked,0,dbms,09-2026,yugabyte-2026111-vanilla-os-xlarge-xlarge-aws-v2,1,ip-172-31-21-174,ranking,benchANT
2026-09-18 10:27:50+00:00,processes,blocked,0,dbms,09-2026,yugabyte-2026111-vanilla-os-xlarge-xlarge-aws-v2,1,ip-172-31-21-174,ranking,benchANT
2026-09-18 10:28:00+00:00,processes,blocked,0,dbms,09-2026,yugabyte-2026111-vanilla-os-xlarge-xlarge-aws-v2,1,ip-172-31-21-174,ranking,benchANT
2026-09-18 10:28:10+00:00,processes,blocked,0,dbms,09-2026,yugabyte-2026111-vanilla-os-xlarge-xlarge-aws-v2,1,ip-172-31-21-174,ranking,benchANT
2026-09-18 10:28:20+00:00,processes,blocked,0,dbms,09-2026,yugabyte-2026111-vanilla-os-xlarge-xlarge-aws-v2,1,ip-172-31-21-174,ranking,benchANT
2026-09-18 10:28:30+00:00,processes,blocked,0,dbms,09-2026,yugabyte-2026111-vanilla-os-xlarge-xlarge-aws-v2,1,ip-172-31-21-174,ranking,benchANT
2026-09-18 10:28:40+00:00,processes,blocked,1,dbms,09-2026,yugabyte-2026111-vanilla-os-xlarge-xlarge-aws-v2,1,ip-172-31-21-174,ranking,benchANT
2026-09-18 10:28:50+00:00,processes,blocked,0,dbms,09-2026,yugabyte-2026111-vanilla-os-xlarge-xlarge-aws-v2,1,ip-172-31-21-174,ranking,benchANT
2026-09-18 10:29:00+00:00,processes,blocked,0,dbms,09-2026,yugabyte-2026111-vanilla-os-xlarge-xlarge-aws-v2,1,ip-172-31-21-174,ranking,benchANT
2026-09-18 10:29:10+00:00,processes,blocked,1,dbms,09-2026,yugabyte-2026111-vanilla-os-xlarge-xlarge-aws-v2,1,ip-172-31-21-174,ranking,benchANT
2026-09-18 10:29:20+00:00,processes,blocked,1,dbms,09-2026,yugabyte-2026111-vanilla-os-xlarge-xlarge-aws-v2,1,ip-172-31-21-174,ranking,benchANT
2026-09-18 10:29:30+00:00,processes,blocked,0,dbms,09-2026,yugabyte-2026111-vanilla-os-xlarge-xlarge-aws-v2,1,ip-172-31-21-174,ranking,benchANT
2026-09-18 10:29:40+00:00,processes,blocked,0,dbms,09-2026,yugabyte-2026111-vanilla-os-xlarge-xlarge-aws-v2,1,ip-172-31-21-174,ranking,benchANT
2026-09-18 10:29:50+00:00,processes,blocked,0,dbms,09-2026,yugabyte-2026111-vanilla-os-xlarge-xlarge-aws-v2,1,ip-172-31-21-174,ranking,benchANT
2026-09-18 10:30:00+00:00,processes,blocked,0,dbms,09-2026,yugabyte-2026111-vanilla-os-xlarge-xlarge-aws-v2,1,ip-172-31-21-174,ranking,benchANT
2026-09-18 10:30:10+00:00,processes,blocked,0,dbms,09-2026,yugabyte-2026111-vanilla-os-xlarge-xlarge-aws-v2,1,ip-172-31-21-174,ranking,benchANT
2026-09-18 10:30:20+00:00,processes,blocked,0,dbms,09-2026,yugabyte-2026111-vanilla-os-xlarge-xlarge-aws-v2,1,ip-172-31-21-174,ranking,benchANT
2026-09-18 10:30:30+00:00,processes,blocked,0,dbms,09-2026,yugabyte-2026111-vanilla-os-xlarge-xlarge-aws-v2,1,ip-172-31-21-174,ranking,benchANT
2026-09-18 10:30:40+00:00,processes,blocked,0,dbms,09-2026,yugabyte-2026111-vanilla-os-xlarge-xlarge-aws-v2,1,ip-172-31-21-174,ranking,benchANT
2026-09-18 10:30:50+00:00,processes,blocked,0,dbms,09-2026,yugabyte-2026111-vanilla-os-xlarge-xlarge-aws-v2,1,ip-172-31-21-174,ranking,benchANT
2026-09-18 10:31:00+00:00,processes,blocked,0,dbms,09-2026,yugabyte-2026111-vanilla-os-xlarge-xlarge-aws-v2,1,ip-172-31-21-174,ranking,benchANT
2026-09-18 10:31:10+00:00,processes,blocked,0,dbms,09-2026,yugabyte-2026111-vanilla-os-xlarge-xlarge-aws-v2,1,ip-172-31-21-174,ranking,benchANT
2026-09-18 10:31:20+00:00,processes,blocked,0,dbms,09-2026,yugabyte-2026111-vanilla-os-xlarge-xlarge-aws-v2,1,ip-172-31-21-174,ranking,benchANT
2026-09-18 10:23:00+00:00,processes,dead,0,dbms,09-2026,yugabyte-2026111-vanilla-os-xlarge-xlarge-aws-v2,1,ip-172-31-21-174,ranking,benchANT
2026-09-18 10:23:10+00:00,processes,dead,0,dbms,09-2026,yugabyte-2026111-vanilla-os-xlarge-xlarge-aws-v2,1,ip-172-31-21-174,ranking,benchANT
2026-09-18 10:23:20+00:00,processes,dead,0,dbms,09-2026,yugabyte-2026111-vanilla-os-xlarge-xlarge-aws-v2,1,ip-172-31-21-174,ranking,benchANT
2026-09-18 10:23:30+00:00,processes,dead,0,dbms,09-2026,yugabyte-2026111-vanilla-os-xlarge-xlarge-aws-v2,1,ip-172-31-21-174,ranking,benchANT
2026-09-18 10:23:40+00:00,processes,dead,0,dbms,09-2026,yugabyte-2026111-vanilla-os-xlarge-xlarge-aws-v2,1,ip-172-31-21-174,ranking,benchANT
2026-09-18 10:23:50+00:00,processes,dead,0,dbms,09-2026,yugabyte-2026111-vanilla-os-xlarge-xlarge-aws-v2,1,ip-172-31-21-174,ranking,benchANT
2026-09-18 10:24:00+00:00,processes,dead,0,dbms,09-2026,yugabyte-2026111-vanilla-os-xlarge-xlarge-aws-v2,1,ip-172-31-21-174,ranking,benchANT
2026-09-18 10:24:10+00:00,processes,dead,0,dbms,09-2026,yugabyte-2026111-vanilla-os-xlarge-xlarge-aws-v2,1,ip-172-31-21-174,ranking,benchANT
2026-09-18 10:24:20+00:00,processes,dead,0,dbms,09-2026,yugabyte-2026111-vanilla-os-xlarge-xlarge-aws-v2,1,ip-172-31-21-174,ranking,benchANT
2026-09-18 10:24:30+00:00,processes,dead,0,dbms,09-2026,yugabyte-2026111-vanilla-os-xlarge-xlarge-aws-v2,1,ip-172-31-21-174,ranking,benchANT
2026-09-18 10:24:40+00:00,processes,dead,0,dbms,09-2026,yugabyte-2026111-vanilla-os-xlarge-xlarge-aws-v2,1,ip-172-31-21-174,ranking,benchANT
2026-09-18 10:24:50+00:00,processes,dead,0,dbms,09-2026,yugabyte-2026111-vanilla-os-xlarge-xlarge-aws-v2,1,ip-172-31-21-174,ranking,benchANT
2026-09-18 10:25:00+00:00,processes,dead,0,dbms,09-2026,yugabyte-2026111-vanilla-os-xlarge-xlarge-aws-v2,1,ip-172-31-21-174,ranking,benchANT
2026-09-18 10:25:10+00:00,processes,dead,0,dbms,09-2026,yugabyte-2026111-vanilla-os-xlarge-xlarge-aws-v2,1,ip-172-31-21-174,ranking,benchANT
2026-09-18 10:25:20+00:00,processes,dead,0,dbms,09-2026,yugabyte-2026111-vanilla-os-xlarge-xlarge-aws-v2,1,ip-172-31-21-174,ranking,benchANT
2026-09-18 10:25:30+00:00,processes,dead,0,dbms,09-2026,yugabyte-2026111-vanilla-os-xlarge-xlarge-aws-v2,1,ip-172-31-21-174,ranking,benchANT
2026-09-18 10:25:40+00:00,processes,dead,0,dbms,09-2026,yugabyte-2026111-vanilla-os-xlarge-xlarge-aws-v2,1,ip-172-31-21-174,ranking,benchANT
2026-09-18 10:25:50+00:00,processes,dead,0,dbms,09-2026,yugabyte-2026111-vanilla-os-xlarge-xlarge-aws-v2,1,ip-172-31-21-174,ranking,benchANT
2026-09-18 10:26:00+00:00,processes,dead,0,dbms,09-2026,yugabyte-2026111-vanilla-os-xlarge-xlarge-aws-v2,1,ip-172-31-21-174,ranking,benchANT
2026-09-18 10:26:10+00:00,processes,dead,0,dbms,09-2026,yugabyte-2026111-vanilla-os-xlarge-xlarge-aws-v2,1,ip-172-31-21-174,ranking,benchANT
2026-09-18 10:26:20+00:00,processes,dead,0,dbms,09-2026,yugabyte-2026111-vanilla-os-xlarge-xlarge-aws-v2,1,ip-172-31-21-174,ranking,benchANT
2026-09-18 10:26:30+00:00,processes,dead,0,dbms,09-2026,yugabyte-2026111-vanilla-os-xlarge-xlarge-aws-v2,1,ip-172-31-21-174,ranking,benchANT
2026-09-18 10:26:40+00:00,processes,dead,0,dbms,09-2026,yugabyte-2026111-vanilla-os-xlarge-xlarge-aws-v2,1,ip-172-31-21-174,ranking,benchANT
2026-09-18 10:26:50+00:00,processes,dead,0,dbms,09-2026,yugabyte-2026111-vanilla-os-xlarge-xlarge-aws-v2,1,ip-172-31-21-174,ranking,benchANT
2026-09-18 10:27:00+00:00,processes,dead,0,dbms,09-2026,yugabyte-2026111-vanilla-os-xlarge-xlarge-aws-v2,1,ip-172-31-21-174,ranking,benchANT
2026-09-18 10:27:10+00:00,processes,dead,0,dbms,09-2026,yugabyte-2026111-vanilla-os-xlarge-xlarge-aws-v2,1,ip-172-31-21-174,ranking,benchANT
2026-09-18 10:27:20+00:00,processes,dead,0,dbms,09-2026,yugabyte-2026111-vanilla-os-xlarge-xlarge-aws-v2,1,ip-172-31-21-174,ranking,benchANT
2026-09-18 10:27:30+00:00,processes,dead,0,dbms,09-2026,yugabyte-2026111-vanilla-os-xlarge-xlarge-aws-v2,1,ip-172-31-21-174,ranking,benchANT
2026-09-18 10:27:40+00:00,processes,dead,0,dbms,09-2026,yugabyte-2026111-vanilla-os-xlarge-xlarge-aws-v2,1,ip-172-31-21-174,ranking,benchANT
2026-09-18 10:27:50+00:00,processes,dead,0,dbms,09-2026,yugabyte-2026111-vanilla-os-xlarge-xlarge-aws-v2,1,ip-172-31-21-174,ranking,benchANT
2026-09-18 10:28:00+00:00,processes,dead,0,dbms,09-2026,yugabyte-2026111-vanilla-os-xlarge-xlarge-aws-v2,1,ip-172-31-21-174,ranking,benchANT
2026-09-18 10:28:10+00:00,processes,dead,0,dbms,09-2026,yugabyte-2026111-vanilla-os-xlarge-xlarge-aws-v2,1,ip-172-31-21-174,ranking,benchANT
2026-09-18 10:28:20+00:00,processes,dead,0,dbms,09-2026,yugabyte-2026111-vanilla-os-xlarge-xlarge-aws-v2,1,ip-172-31-21-174,ranking,benchANT
2026-09-18 10:28:30+00:00,processes,dead,0,dbms,09-2026,yugabyte-2026111-vanilla-os-xlarge-xlarge-aws-v2,1,ip-172-31-21-174,ranking,benchANT
2026-09-18 10:28:40+00:00,processes,dead,0,dbms,09-2026,yugabyte-2026111-vanilla-os-xlarge-xlarge-aws-v2,1,ip-172-31-21-174,ranking,benchANT
2026-09-18 10:28:50+00:00,processes,dead,0,dbms,09-2026,yugabyte-2026111-vanilla-os-xlarge-xlarge-aws-v2,1,ip-172-31-21-174,ranking,benchANT
2026-09-18 10:29:00+00:00,processes,dead,0,dbms,09-2026,yugabyte-2026111-vanilla-os-xlarge-xlarge-aws-v2,1,ip-172-31-21-174,ranking,benchANT
2026-09-18 10:29:10+00:00,processes,dead,0,dbms,09-2026,yugabyte-2026111-vanilla-os-xlarge-xlarge-aws-v2,1,ip-172-31-21-174,ranking,benchANT
2026-09-18 10:29:20+00:00,processes,dead,0,dbms,09-2026,yugabyte-2026111-vanilla-os-xlarge-xlarge-aws-v2,1,ip-172-31-21-174,ranking,benchANT
2026-09-18 10:29:30+00:00,processes,dead,0,dbms,09-2026,yugabyte-2026111-vanilla-os-xlarge-xlarge-aws-v2,1,ip-172-31-21-174,ranking,benchANT
2026-09-18 10:29:40+00:00,processes,dead,0,dbms,09-2026,yugabyte-2026111-vanilla-os-xlarge-xlarge-aws-v2,1,ip-172-31-21-174,ranking,benchANT
2026-09-18 10:29:50+00:00,processes,dead,0,dbms,09-2026,yugabyte-2026111-vanilla-os-xlarge-xlarge-aws-v2,1,ip-172-31-21-174,ranking,benchANT
2026-09-18 10:30:00+00:00,processes,dead,0,dbms,09-2026,yugabyte-2026111-vanilla-os-xlarge-xlarge-aws-v2,1,ip-172-31-21-174,ranking,benchANT
2026-09-18 10:30:10+00:00,processes,dead,0,dbms,09-2026,yugabyte-2026111-vanilla-os-xlarge-xlarge-aws-v2,1,ip-172-31-21-174,ranking,benchANT
2026-09-18 10:30:20+00:00,processes,dead,0,dbms,09-2026,yugabyte-2026111-vanilla-os-xlarge-xlarge-aws-v2,1,ip-172-31-21-174,ranking,benchANT
2026-09-18 10:30:30+00:00,processes,dead,0,dbms,09-2026,yugabyte-2026111-vanilla-os-xlarge-xlarge-aws-v2,1,ip-172-31-21-174,ranking,benchANT
2026-09-18 10:30:40+00:00,processes,dead,0,dbms,09-2026,yugabyte-2026111-vanilla-os-xlarge-xlarge-aws-v2,1,ip-172-31-21-174,ranking,benchANT
2026-09-18 10:30:50+00:00,processes,dead,0,dbms,09-2026,yugabyte-2026111-vanilla-os-xlarge-xlarge-aws-v2,1,ip-172-31-21-174,ranking,benchANT
2026-09-18 10:31:00+00:00,processes,dead,0,dbms,09-2026,yugabyte-2026111-vanilla-os-xlarge-xlarge-aws-v2,1,ip-172-31-21-174,ranking,benchANT
2026-09-18 10:31:10+00:00,processes,dead,0,dbms,09-2026,yugabyte-2026111-vanilla-os-xlarge-xlarge-aws-v2,1,ip-172-31-21-174,ranking,benchANT
2026-09-18 10:31:20+00:00,processes,dead,0,dbms,09-2026,yugabyte-2026111-vanilla-os-xlarge-xlarge-aws-v2,1,ip-172-31-21-174,ranking,benchANT
2026-09-18 10:23:00+00:00,processes,idle,79,dbms,09-2026,yugabyte-2026111-vanilla-os-xlarge-xlarge-aws-v2,1,ip-172-31-21-174,ranking,benchANT
2026-09-18 10:23:10+00:00,processes,idle,79,dbms,09-2026,yugabyte-2026111-vanilla-os-xlarge-xlarge-aws-v2,1,ip-172-31-21-174,ranking,benchANT
2026-09-18 10:23:20+00:00,processes,idle,79,dbms,09-2026,yugabyte-2026111-vanilla-os-xlarge-xlarge-aws-v2,1,ip-172-31-21-174,ranking,benchANT
2026-09-18 10:23:30+00:00,processes,idle,79,dbms,09-2026,yugabyte-2026111-vanilla-os-xlarge-xlarge-aws-v2,1,ip-172-31-21-174,ranking,benchANT
2026-09-18 10:23:40+00:00,processes,idle,79,dbms,09-2026,yugabyte-2026111-vanilla-os-xlarge-xlarge-aws-v2,1,ip-172-31-21-174,ranking,benchANT
2026-09-18 10:23:50+00:00,processes,idle,79,dbms,09-2026,yugabyte-2026111-vanilla-os-xlarge-xlarge-aws-v2,1,ip-172-31-21-174,ranking,benchANT
2026-09-18 10:24:00+00:00,processes,idle,79,dbms,09-2026,yugabyte-2026111-vanilla-os-xlarge-xlarge-aws-v2,1,ip-172-31-21-174,ranking,benchANT
2026-09-18 10:24:10+00:00,processes,idle,79,dbms,09-2026,yugabyte-2026111-vanilla-os-xlarge-xlarge-aws-v2,1,ip-172-31-21-174,ranking,benchANT
2026-09-18 10:24:20+00:00,processes,idle,79,dbms,09-2026,yugabyte-2026111-vanilla-os-xlarge-xlarge-aws-v2,1,ip-172-31-21-174,ranking,benchANT
2026-09-18 10:24:30+00:00,processes,idle,79,dbms,09-2026,yugabyte-2026111-vanilla-os-xlarge-xlarge-aws-v2,1,ip-172-31-21-174,ranking,benchANT
2026-09-18 10:24:40+00:00,processes,idle,79,dbms,09-2026,yugabyte-2026111-vanilla-os-xlarge-xlarge-aws-v2,1,ip-172-31-21-174,ranking,benchANT
2026-09-18 10:24:50+00:00,processes,idle,79,dbms,09-2026,yugabyte-2026111-vanilla-os-xlarge-xlarge-aws-v2,1,ip-172-31-21-174,ranking,benchANT
2026-09-18 10:25:00+00:00,processes,idle,79,dbms,09-2026,yugabyte-2026111-vanilla-os-xlarge-xlarge-aws-v2,1,ip-172-31-21-174,ranking,benchANT
2026-09-18 10:25:10+00:00,processes,idle,77,dbms,09-2026,yugabyte-2026111-vanilla-os-xlarge-xlarge-aws-v2,1,ip-172-31-21-174,ranking,benchANT
2026-09-18 10:25:20+00:00,processes,idle,76,dbms,09-2026,yugabyte-2026111-vanilla-os-xlarge-xlarge-aws-v2,1,ip-172-31-21-174,ranking,benchANT
2026-09-18 10:25:30+00:00,processes,idle,76,dbms,09-2026,yugabyte-2026111-vanilla-os-xlarge-xlarge-aws-v2,1,ip-172-31-21-174,ranking,benchANT
2026-09-18 10:25:40+00:00,processes,idle,76,dbms,09-2026,yugabyte-2026111-vanilla-os-xlarge-xlarge-aws-v2,1,ip-172-31-21-174,ranking,benchANT
2026-09-18 10:25:50+00:00,processes,idle,75,dbms,09-2026,yugabyte-2026111-vanilla-os-xlarge-xlarge-aws-v2,1,ip-172-31-21-174,ranking,benchANT
2026-09-18 10:26:00+00:00,processes,idle,76,dbms,09-2026,yugabyte-2026111-vanilla-os-xlarge-xlarge-aws-v2,1,ip-172-31-21-174,ranking,benchANT
2026-09-18 10:26:10+00:00,processes,idle,77,dbms,09-2026,yugabyte-2026111-vanilla-os-xlarge-xlarge-aws-v2,1,ip-172-31-21-174,ranking,benchANT
2026-09-18 10:26:20+00:00,processes,idle,77,dbms,09-2026,yugabyte-2026111-vanilla-os-xlarge-xlarge-aws-v2,1,ip-172-31-21-174,ranking,benchANT
2026-09-18 10:26:30+00:00,processes,idle,77,dbms,09-2026,yugabyte-2026111-vanilla-os-xlarge-xlarge-aws-v2,1,ip-172-31-21-174,ranking,benchANT
2026-09-18 10:26:40+00:00,processes,idle,76,dbms,09-2026,yugabyte-2026111-vanilla-os-xlarge-xlarge-aws-v2,1,ip-172-31-21-174,ranking,benchANT
2026-09-18 10:26:50+00:00,processes,idle,77,dbms,09-2026,yugabyte-2026111-vanilla-os-xlarge-xlarge-aws-v2,1,ip-172-31-21-174,ranking,benchANT
2026-09-18 10:27:00+00:00,processes,idle,77,dbms,09-2026,yugabyte-2026111-vanilla-os-xlarge-xlarge-aws-v2,1,ip-172-31-21-174,ranking,benchANT
2026-09-18 10:27:10+00:00,processes,idle,77,dbms,09-2026,yugabyte-2026111-vanilla-os-xlarge-xlarge-aws-v2,1,ip-172-31-21-174,ranking,benchANT
2026-09-18 10:27:20+00:00,processes,idle,77,dbms,09-2026,yugabyte-2026111-vanilla-os-xlarge-xlarge-aws-v2,1,ip-172-31-21-174,ranking,benchANT
2026-09-18 10:27:30+00:00,processes,idle,77,dbms,09-2026,yugabyte-2026111-vanilla-os-xlarge-xlarge-aws-v2,1,ip-172-31-21-174,ranking,benchANT
2026-09-18 10:27:40+00:00,processes,idle,77,dbms,09-2026,yugabyte-2026111-vanilla-os-xlarge-xlarge-aws-v2,1,ip-172-31-21-174,ranking,benchANT
2026-09-18 10:27:50+00:00,processes,idle,76,dbms,09-2026,yugabyte-2026111-vanilla-os-xlarge-xlarge-aws-v2,1,ip-172-31-21-174,ranking,benchANT
2026-09-18 10:28:00+00:00,processes,idle,77,dbms,09-2026,yugabyte-2026111-vanilla-os-xlarge-xlarge-aws-v2,1,ip-172-31-21-174,ranking,benchANT
2026-09-18 10:28:10+00:00,processes,idle,77,dbms,09-2026,yugabyte-2026111-vanilla-os-xlarge-xlarge-aws-v2,1,ip-172-31-21-174,ranking,benchANT
2026-09-18 10:28:20+00:00,processes,idle,77,dbms,09-2026,yugabyte-2026111-vanilla-os-xlarge-xlarge-aws-v2,1,ip-172-31-21-174,ranking,benchANT
2026-09-18 10:28:30+00:00,processes,idle,77,dbms,09-2026,yugabyte-2026111-vanilla-os-xlarge-xlarge-aws-v2,1,ip-172-31-21-174,ranking,benchANT
2026-09-18 10:28:40+00:00,processes,idle,77,dbms,09-2026,yugabyte-2026111-vanilla-os-xlarge-xlarge-aws-v2,1,ip-172-31-21-174,ranking,benchANT
2026-09-18 10:28:50+00:00,processes,idle,77,dbms,09-2026,yugabyte-2026111-vanilla-os-xlarge-xlarge-aws-v2,1,ip-172-31-21-174,ranking,benchANT
2026-09-18 10:29:00+00:00,processes,idle,77,dbms,09-2026,yugabyte-2026111-vanilla-os-xlarge-xlarge-aws-v2,1,ip-172-31-21-174,ranking,benchANT
2026-09-18 10:29:10+00:00,processes,idle,77,dbms,09-2026,yugabyte-2026111-vanilla-os-xlarge-xlarge-aws-v2,1,ip-172-31-21-174,ranking,benchANT
2026-09-18 10:29:20+00:00,processes,idle,77,dbms,09-2026,yugabyte-2026111-vanilla-os-xlarge-xlarge-aws-v2,1,ip-172-31-21-174,ranking,benchANT
2026-09-18 10:29:30+00:00,processes,idle,77,dbms,09-2026,yugabyte-2026111-vanilla-os-xlarge-xlarge-aws-v2,1,ip-172-31-21-174,ranking,benchANT
2026-09-18 10:29:40+00:00,processes,idle,77,dbms,09-2026,yugabyte-2026111-vanilla-os-xlarge-xlarge-aws-v2,1,ip-172-31-21-174,ranking,benchANT
2026-09-18 10:29:50+00:00,processes,idle,77,dbms,09-2026,yugabyte-2026111-vanilla-os-xlarge-xlarge-aws-v2,1,ip-172-31-21-174,ranking,benchANT
2026-09-18 10:30:00+00:00,processes,idle,77,dbms,09-2026,yugabyte-2026111-vanilla-os-xlarge-xlarge-aws-v2,1,ip-172-31-21-174,ranking,benchANT
2026-09-18 10:30:10+00:00,processes,idle,77,dbms,09-2026,yugabyte-2026111-vanilla-os-xlarge-xlarge-aws-v2,1,ip-172-31-21-174,ranking,benchANT
2026-09-18 10:30:20+00:00,processes,idle,78,dbms,09-2026,yugabyte-2026111-vanilla-os-xlarge-xlarge-aws-v2,1,ip-172-31-21-174,ranking,benchANT
2026-09-18 10:30:30+00:00,processes,idle,78,dbms,09-2026,yugabyte-2026111-vanilla-os-xlarge-xlarge-aws-v2,1,ip-172-31-21-174,ranking,benchANT
2026-09-18 10:30:40+00:00,processes,idle,78,dbms,09-2026,yugabyte-2026111-vanilla-os-xlarge-xlarge-aws-v2,1,ip-172-31-21-174,ranking,benchANT
2026-09-18 10:30:50+00:00,processes,idle,78,dbms,09-2026,yugabyte-2026111-vanilla-os-xlarge-xlarge-aws-v2,1,ip-172-31-21-174,ranking,benchANT
2026-09-18 10:31:00+00:00,processes,idle,78,dbms,09-2026,yugabyte-2026111-vanilla-os-xlarge-xlarge-aws-v2,1,ip-172-31-21-174,ranking,benchANT
2026-09-18 10:31:10+00:00,processes,idle,78,dbms,09-2026,yugabyte-2026111-vanilla-os-xlarge-xlarge-aws-v2,1,ip-172-31-21-174,ranking,benchANT
2026-09-18 10:31:20+00:00,processes,idle,78,dbms,09-2026,yugabyte-2026111-vanilla-os-xlarge-xlarge-aws-v2,1,ip-172-31-21-174,ranking,benchANT
2026-09-18 10:23:00+00:00,processes,paging,0,dbms,09-2026,yugabyte-2026111-vanilla-os-xlarge-xlarge-aws-v2,1,ip-172-31-21-174,ranking,benchANT
2026-09-18 10:23:10+00:00,processes,paging,0,dbms,09-2026,yugabyte-2026111-vanilla-os-xlarge-xlarge-aws-v2,1,ip-172-31-21-174,ranking,benchANT
2026-09-18 10:23:20+00:00,processes,paging,0,dbms,09-2026,yugabyte-2026111-vanilla-os-xlarge-xlarge-aws-v2,1,ip-172-31-21-174,ranking,benchANT
2026-09-18 10:23:30+00:00,processes,paging,0,dbms,09-2026,yugabyte-2026111-vanilla-os-xlarge-xlarge-aws-v2,1,ip-172-31-21-174,ranking,benchANT
2026-09-18 10:23:40+00:00,processes,paging,0,dbms,09-2026,yugabyte-2026111-vanilla-os-xlarge-xlarge-aws-v2,1,ip-172-31-21-174,ranking,benchANT
2026-09-18 10:23:50+00:00,processes,paging,0,dbms,09-2026,yugabyte-2026111-vanilla-os-xlarge-xlarge-aws-v2,1,ip-172-31-21-174,ranking,benchANT
2026-09-18 10:24:00+00:00,processes,paging,0,dbms,09-2026,yugabyte-2026111-vanilla-os-xlarge-xlarge-aws-v2,1,ip-172-31-21-174,ranking,benchANT
2026-09-18 10:24:10+00:00,processes,paging,0,dbms,09-2026,yugabyte-2026111-vanilla-os-xlarge-xlarge-aws-v2,1,ip-172-31-21-174,ranking,benchANT
2026-09-18 10:24:20+00:00,processes,paging,0,dbms,09-2026,yugabyte-2026111-vanilla-os-xlarge-xlarge-aws-v2,1,ip-172-31-21-174,ranking,benchANT
2026-09-18 10:24:30+00:00,processes,paging,0,dbms,09-2026,yugabyte-2026111-vanilla-os-xlarge-xlarge-aws-v2,1,ip-172-31-21-174,ranking,benchANT
2026-09-18 10:24:40+00:00,processes,paging,0,dbms,09-2026,yugabyte-2026111-vanilla-os-xlarge-xlarge-aws-v2,1,ip-172-31-21-174,ranking,benchANT
2026-09-18 10:24:50+00:00,processes,paging,0,dbms,09-2026,yugabyte-2026111-vanilla-os-xlarge-xlarge-aws-v2,1,ip-172-31-21-174,ranking,benchANT
2026-09-18 10:25:00+00:00,processes,paging,0,dbms,09-2026,yugabyte-2026111-vanilla-os-xlarge-xlarge-aws-v2,1,ip-172-31-21-174,ranking,benchANT
2026-09-18 10:25:10+00:00,processes,paging,0,dbms,09-2026,yugabyte-2026111-vanilla-os-xlarge-xlarge-aws-v2,1,ip-172-31-21-174,ranking,benchANT
2026-09-18 10:25:20+00:00,processes,paging,0,dbms,09-2026,yugabyte-2026111-vanilla-os-xlarge-xlarge-aws-v2,1,ip-172-31-21-174,ranking,benchANT
2026-09-18 10:25:30+00:00,processes,paging,0,dbms,09-2026,yugabyte-2026111-vanilla-os-xlarge-xlarge-aws-v2,1,ip-172-31-21-174,ranking,benchANT
2026-09-18 10:25:40+00:00,processes,paging,0,dbms,09-2026,yugabyte-2026111-vanilla-os-xlarge-xlarge-aws-v2,1,ip-172-31-21-174,ranking,benchANT
2026-09-18 10:25:50+00:00,processes,paging,0,dbms,09-2026,yugabyte-2026111-vanilla-os-xlarge-xlarge-aws-v2,1,ip-172-31-21-174,ranking,benchANT
2026-09-18 10:26:00+00:00,processes,paging,0,dbms,09-2026,yugabyte-2026111-vanilla-os-xlarge-xlarge-aws-v2,1,ip-172-31-21-174,ranking,benchANT
2026-09-18 10:26:10+00:00,processes,paging,0,dbms,09-2026,yugabyte-2026111-vanilla-os-xlarge-xlarge-aws-v2,1,ip-172-31-21-174,ranking,benchANT
2026-09-18 10:26:20+00:00,processes,paging,0,dbms,09-2026,yugabyte-2026111-vanilla-os-xlarge-xlarge-aws-v2,1,ip-172-31-21-174,ranking,benchANT
2026-09-18 10:26:30+00:00,processes,paging,0,dbms,09-2026,yugabyte-2026111-vanilla-os-xlarge-xlarge-aws-v2,1,ip-172-31-21-174,ranking,benchANT
2026-09-18 10:26:40+00:00,processes,paging,0,dbms,09-2026,yugabyte-2026111-vanilla-os-xlarge-xlarge-aws-v2,1,ip-172-31-21-174,ranking,benchANT
2026-09-18 10:26:50+00:00,processes,paging,0,dbms,09-2026,yugabyte-2026111-vanilla-os-xlarge-xlarge-aws-v2,1,ip-172-31-21-174,ranking,benchANT
2026-09-18 10:27:00+00:00,processes,paging,0,dbms,09-2026,yugabyte-2026111-vanilla-os-xlarge-xlarge-aws-v2,1,ip-172-31-21-174,ranking,benchANT
2026-09-18 10:27:10+00:00,processes,paging,0,dbms,09-2026,yugabyte-2026111-vanilla-os-xlarge-xlarge-aws-v2,1,ip-172-31-21-174,ranking,benchANT
2026-09-18 10:27:20+00:00,processes,paging,0,dbms,09-2026,yugabyte-2026111-vanilla-os-xlarge-xlarge-aws-v2,1,ip-172-31-21-174,ranking,benchANT
2026-09-18 10:27:30+00:00,processes,paging,0,dbms,09-2026,yugabyte-2026111-vanilla-os-xlarge-xlarge-aws-v2,1,ip-172-31-21-174,ranking,benchANT
2026-09-18 10:27:40+00:00,processes,paging,0,dbms,09-2026,yugabyte-2026111-vanilla-os-xlarge-xlarge-aws-v2,1,ip-172-31-21-174,ranking,benchANT
2026-09-18 10:27:50+00:00,processes,paging,0,dbms,09-2026,yugabyte-2026111-vanilla-os-xlarge-xlarge-aws-v2,1,ip-172-31-21-174,ranking,benchANT
2026-09-18 10:28:00+00:00,processes,paging,0,dbms,09-2026,yugabyte-2026111-vanilla-os-xlarge-xlarge-aws-v2,1,ip-172-31-21-174,ranking,benchANT
2026-09-18 10:28:10+00:00,processes,paging,0,dbms,09-2026,yugabyte-2026111-vanilla-os-xlarge-xlarge-aws-v2,1,ip-172-31-21-174,ranking,benchANT
2026-09-18 10:28:20+00:00,processes,paging,0,dbms,09-2026,yugabyte-2026111-vanilla-os-xlarge-xlarge-aws-v2,1,ip-172-31-21-174,ranking,benchANT
2026-09-18 10:28:30+00:00,processes,paging,0,dbms,09-2026,yugabyte-2026111-vanilla-os-xlarge-xlarge-aws-v2,1,ip-172-31-21-174,ranking,benchANT
2026-09-18 10:28:40+00:00,processes,paging,0,dbms,09-2026,yugabyte-2026111-vanilla-os-xlarge-xlarge-aws-v2,1,ip-172-31-21-174,ranking,benchANT
2026-09-18 10:28:50+00:00,processes,paging,0,dbms,09-2026,yugabyte-2026111-vanilla-os-xlarge-xlarge-aws-v2,1,ip-172-31-21-174,ranking,benchANT
2026-09-18 10:29:00+00:00,processes,paging,0,dbms,09-2026,yugabyte-2026111-vanilla-os-xlarge-xlarge-aws-v2,1,ip-172-31-21-174,ranking,benchANT
2026-09-18 10:29:10+00:00,processes,paging,0,dbms,09-2026,yugabyte-2026111-vanilla-os-xlarge-xlarge-aws-v2,1,ip-172-31-21-174,ranking,benchANT
2026-09-18 10:29:20+00:00,processes,paging,0,dbms,09-2026,yugabyte-2026111-vanilla-os-xlarge-xlarge-aws-v2,1,ip-172-31-21-174,ranking,benchANT
2026-09-18 10:29:30+00:00,processes,paging,0,dbms,09-2026,yugabyte-2026111-vanilla-os-xlarge-xlarge-aws-v2,1,ip-172-31-21-174,ranking,benchANT
2026-09-18 10:29:40+00:00,processes,paging,0,dbms,09-2026,yugabyte-2026111-vanilla-os-xlarge-xlarge-aws-v2,1,ip-172-31-21-174,ranking,benchANT
2026-09-18 10:29:50+00:00,processes,paging,0,dbms,09-2026,yugabyte-2026111-vanilla-os-xlarge-xlarge-aws-v2,1,ip-172-31-21-174,ranking,benchANT
2026-09-18 10:30:00+00:00,processes,paging,0,dbms,09-2026,yugabyte-2026111-vanilla-os-xlarge-xlarge-aws-v2,1,ip-172-31-21-174,ranking,benchANT
2026-09-18 10:30:10+00:00,processes,paging,0,dbms,09-2026,yugabyte-2026111-vanilla-os-xlarge-xlarge-aws-v2,1,ip-172-31-21-174,ranking,benchANT
2026-09-18 10:30:20+00:00,processes,paging,0,dbms,09-2026,yugabyte-2026111-vanilla-os-xlarge-xlarge-aws-v2,1,ip-172-31-21-174,ranking,benchANT
2026-09-18 10:30:30+00:00,processes,paging,0,dbms,09-2026,yugabyte-2026111-vanilla-os-xlarge-xlarge-aws-v2,1,ip-172-31-21-174,ranking,benchANT
2026-09-18 10:30:40+00:00,processes,paging,0,dbms,09-2026,yugabyte-2026111-vanilla-os-xlarge-xlarge-aws-v2,1,ip-172-31-21-174,ranking,benchANT
2026-09-18 10:30:50+00:00,processes,paging,0,dbms,09-2026,yugabyte-2026111-vanilla-os-xlarge-xlarge-aws-v2,1,ip-172-31-21-174,ranking,benchANT
2026-09-18 10:31:00+00:00,processes,paging,0,dbms,09-2026,yugabyte-2026111-vanilla-os-xlarge-xlarge-aws-v2,1,ip-172-31-21-174,ranking,benchANT
2026-09-18 10:31:10+00:00,processes,paging,0,dbms,09-2026,yugabyte-2026111-vanilla-os-xlarge-xlarge-aws-v2,1,ip-172-31-21-174,ranking,benchANT
2026-09-18 10:31:20+00:00,processes,paging,0,dbms,09-2026,yugabyte-2026111-vanilla-os-xlarge-xlarge-aws-v2,1,ip-172-31-21-174,ranking,benchANT
2026-09-18 10:23:00+00:00,processes,running,4,dbms,09-2026,yugabyte-2026111-vanilla-os-xlarge-xlarge-aws-v2,1,ip-172-31-21-174,ranking,benchANT
2026-09-18 10:23:10+00:00,processes,running,5,dbms,09-2026,yugabyte-2026111-vanilla-os-xlarge-xlarge-aws-v2,1,ip-172-31-21-174,ranking,benchANT
2026-09-18 10:23:20+00:00,processes,running,4,dbms,09-2026,yugabyte-2026111-vanilla-os-xlarge-xlarge-aws-v2,1,ip-172-31-21-174,ranking,benchANT
2026-09-18 10:23:30+00:00,processes,running,4,dbms,09-2026,yugabyte-2026111-vanilla-os-xlarge-xlarge-aws-v2,1,ip-172-31-21-174,ranking,benchANT
2026-09-18 10:23:40+00:00,processes,running,3,dbms,09-2026,yugabyte-2026111-vanilla-os-xlarge-xlarge-aws-v2,1,ip-172-31-21-174,ranking,benchANT
2026-09-18 10:23:50+00:00,processes,running,7,dbms,09-2026,yugabyte-2026111-vanilla-os-xlarge-xlarge-aws-v2,1,ip-172-31-21-174,ranking,benchANT
2026-09-18 10:24:00+00:00,processes,running,3,dbms,09-2026,yugabyte-2026111-vanilla-os-xlarge-xlarge-aws-v2,1,ip-172-31-21-174,ranking,benchANT
2026-09-18 10:24:10+00:00,processes,running,5,dbms,09-2026,yugabyte-2026111-vanilla-os-xlarge-xlarge-aws-v2,1,ip-172-31-21-174,ranking,benchANT
2026-09-18 10:24:20+00:00,processes,running,3,dbms,09-2026,yugabyte-2026111-vanilla-os-xlarge-xlarge-aws-v2,1,ip-172-31-21-174,ranking,benchANT
2026-09-18 10:24:30+00:00,processes,running,5,dbms,09-2026,yugabyte-2026111-vanilla-os-xlarge-xlarge-aws-v2,1,ip-172-31-21-174,ranking,benchANT
2026-09-18 10:24:40+00:00,processes,running,9,dbms,09-2026,yugabyte-2026111-vanilla-os-xlarge-xlarge-aws-v2,1,ip-172-31-21-174,ranking,benchANT
2026-09-18 10:24:50+00:00,processes,running,3,dbms,09-2026,yugabyte-2026111-vanilla-os-xlarge-xlarge-aws-v2,1,ip-172-31-21-174,ranking,benchANT
2026-09-18 10:25:00+00:00,processes,running,8,dbms,09-2026,yugabyte-2026111-vanilla-os-xlarge-xlarge-aws-v2,1,ip-172-31-21-174,ranking,benchANT
2026-09-18 10:25:10+00:00,processes,running,9,dbms,09-2026,yugabyte-2026111-vanilla-os-xlarge-xlarge-aws-v2,1,ip-172-31-21-174,ranking,benchANT
2026-09-18 10:25:20+00:00,processes,running,6,dbms,09-2026,yugabyte-2026111-vanilla-os-xlarge-xlarge-aws-v2,1,ip-172-31-21-174,ranking,benchANT
2026-09-18 10:25:30+00:00,processes,running,2,dbms,09-2026,yugabyte-2026111-vanilla-os-xlarge-xlarge-aws-v2,1,ip-172-31-21-174,ranking,benchANT
2026-09-18 10:25:40+00:00,processes,running,8,dbms,09-2026,yugabyte-2026111-vanilla-os-xlarge-xlarge-aws-v2,1,ip-172-31-21-174,ranking,benchANT
2026-09-18 10:25:50+00:00,processes,running,7,dbms,09-2026,yugabyte-2026111-vanilla-os-xlarge-xlarge-aws-v2,1,ip-172-31-21-174,ranking,benchANT
2026-09-18 10:26:00+00:00,processes,running,8,dbms,09-2026,yugabyte-2026111-vanilla-os-xlarge-xlarge-aws-v2,1,ip-172-31-21-174,ranking,benchANT
2026-09-18 10:26:10+00:00,processes,running,6,dbms,09-2026,yugabyte-2026111-vanilla-os-xlarge-xlarge-aws-v2,1,ip-172-31-21-174,ranking,benchANT
2026-09-18 10:26:20+00:00,processes,running,5,dbms,09-2026,yugabyte-2026111-vanilla-os-xlarge-xlarge-aws-v2,1,ip-172-31-21-174,ranking,benchANT
2026-09-18 10:26:30+00:00,processes,running,6,dbms,09-2026,yugabyte-2026111-vanilla-os-xlarge-xlarge-aws-v2,1,ip-172-31-21-174,ranking,benchANT
2026-09-18 10:26:40+00:00,processes,running,2,dbms,09-2026,yugabyte-2026111-vanilla-os-xlarge-xlarge-aws-v2,1,ip-172-31-21-174,ranking,benchANT
2026-09-18 10:26:50+00:00,processes,running,4,dbms,09-2026,yugabyte-2026111-vanilla-os-xlarge-xlarge-aws-v2,1,ip-172-31-21-174,ranking,benchANT
2026-09-18 10:27:00+00:00,processes,running,6,dbms,09-2026,yugabyte-2026111-vanilla-os-xlarge-xlarge-aws-v2,1,ip-172-31-21-174,ranking,benchANT
2026-09-18 10:27:10+00:00,processes,running,7,dbms,09-2026,yugabyte-2026111-vanilla-os-xlarge-xlarge-aws-v2,1,ip-172-31-21-174,ranking,benchANT
2026-09-18 10:27:20+00:00,processes,running,3,dbms,09-2026,yugabyte-2026111-vanilla-os-xlarge-xlarge-aws-v2,1,ip-172-31-21-174,ranking,benchANT
2026-09-18 10:27:30+00:00,processes,running,5,dbms,09-2026,yugabyte-2026111-vanilla-os-xlarge-xlarge-aws-v2,1,ip-172-31-21-174,ranking,benchANT
2026-09-18 10:27:40+00:00,processes,running,6,dbms,09-2026,yugabyte-2026111-vanilla-os-xlarge-xlarge-aws-v2,1,ip-172-31-21-174,ranking,benchANT
2026-09-18 10:27:50+00:00,processes,running,8,dbms,09-2026,yugabyte-2026111-vanilla-os-xlarge-xlarge-aws-v2,1,ip-172-31-21-174,ranking,benchANT
2026-09-18 10:28:00+00:00,processes,running,5,dbms,09-2026,yugabyte-2026111-vanilla-os-xlarge-xlarge-aws-v2,1,ip-172-31-21-174,ranking,benchANT
2026-09-18 10:28:10+00:00,processes,running,10,dbms,09-2026,yugabyte-2026111-vanilla-os-xlarge-xlarge-aws-v2,1,ip-172-31-21-174,ranking,benchANT
2026-09-18 10:28:20+00:00,processes,running,5,dbms,09-2026,yugabyte-2026111-vanilla-os-xlarge-xlarge-aws-v2,1,ip-172-31-21-174,ranking,benchANT
2026-09-18 10:28:30+00:00,processes,running,6,dbms,09-2026,yugabyte-2026111-vanilla-os-xlarge-xlarge-aws-v2,1,ip-172-31-21-174,ranking,benchANT
2026-09-18 10:28:40+00:00,processes,running,2,dbms,09-2026,yugabyte-2026111-vanilla-os-xlarge-xlarge-aws-v2,1,ip-172-31-21-174,ranking,benchANT
2026-09-18 10:28:50+00:00,processes,running,7,dbms,09-2026,yugabyte-2026111-vanilla-os-xlarge-xlarge-aws-v2,1,ip-172-31-21-174,ranking,benchANT
2026-09-18 10:29:00+00:00,processes,running,4,dbms,09-2026,yugabyte-2026111-vanilla-os-xlarge-xlarge-aws-v2,1,ip-172-31-21-174,ranking,benchANT
2026-09-18 10:29:10+00:00,processes,running,8,dbms,09-2026,yugabyte-2026111-vanilla-os-xlarge-xlarge-aws-v2,1,ip-172-31-21-174,ranking,benchANT
2026-09-18 10:29:20+00:00,processes,running,2,dbms,09-2026,yugabyte-2026111-vanilla-os-xlarge-xlarge-aws-v2,1,ip-172-31-21-174,ranking,benchANT
2026-09-18 10:29:30+00:00,processes,running,4,dbms,09-2026,yugabyte-2026111-vanilla-os-xlarge-xlarge-aws-v2,1,ip-172-31-21-174,ranking,benchANT
2026-09-18 10:29:40+00:00,processes,running,4,dbms,09-2026,yugabyte-2026111-vanilla-os-xlarge-xlarge-aws-v2,1,ip-172-31-21-174,ranking,benchANT
2026-09-18 10:29:50+00:00,processes,running,2,dbms,09-2026,yugabyte-2026111-vanilla-os-xlarge-xlarge-aws-v2,1,ip-172-31-21-174,ranking,benchANT
2026-09-18 10:30:00+00:00,processes,running,1,dbms,09-2026,yugabyte-2026111-vanilla-os-xlarge-xlarge-aws-v2,1,ip-172-31-21-174,ranking,benchANT
2026-09-18 10:30:10+00:00,processes,running,8,dbms,09-2026,yugabyte-2026111-vanilla-os-xlarge-xlarge-aws-v2,1,ip-172-31-21-174,ranking,benchANT
2026-09-18 10:30:20+00:00,processes,running,4,dbms,09-2026,yugabyte-2026111-vanilla-os-xlarge-xlarge-aws-v2,1,ip-172-31-21-174,ranking,benchANT
2026-09-18 10:30:30+00:00,processes,running,2,dbms,09-2026,yugabyte-2026111-vanilla-os-xlarge-xlarge-aws-v2,1,ip-172-31-21-174,ranking,benchANT
2026-09-18 10:30:40+00:00,processes,running,2,dbms,09-2026,yugabyte-2026111-vanilla-os-xlarge-xlarge-aws-v2,1,ip-172-31-21-174,ranking,benchANT
2026-09-18 10:30:50+00:00,processes,running,4,dbms,09-2026,yugabyte-2026111-vanilla-os-xlarge-xlarge-aws-v2,1,ip-172-31-21-174,ranking,benchANT
2026-09-18 10:31:00+00:00,processes,running,7,dbms,09-2026,yugabyte-2026111-vanilla-os-xlarge-xlarge-aws-v2,1,ip-172-31-21-174,ranking,benchANT
2026-09-18 10:31:10+00:00,processes,running,0,dbms,09-2026,yugabyte-2026111-vanilla-os-xlarge-xlarge-aws-v2,1,ip-172-31-21-174,ranking,benchANT
2026-09-18 10:31:20+00:00,processes,running,0,dbms,09-2026,yugabyte-2026111-vanilla-os-xlarge-xlarge-aws-v2,1,ip-172-31-21-174,ranking,benchANT
2026-09-18 10:23:00+00:00,processes,sleeping,146,dbms,09-2026,yugabyte-2026111-vanilla-os-xlarge-xlarge-aws-v2,1,ip-172-31-21-174,ranking,benchANT
2026-09-18 10:23:10+00:00,processes,sleeping,145,dbms,09-2026,yugabyte-2026111-vanilla-os-xlarge-xlarge-aws-v2,1,ip-172-31-21-174,ranking,benchANT
2026-09-18 10:23:20+00:00,processes,sleeping,146,dbms,09-2026,yugabyte-2026111-vanilla-os-xlarge-xlarge-aws-v2,1,ip-172-31-21-174,ranking,benchANT
2026-09-18 10:23:30+00:00,processes,sleeping,146,dbms,09-2026,yugabyte-2026111-vanilla-os-xlarge-xlarge-aws-v2,1,ip-172-31-21-174,ranking,benchANT
2026-09-18 10:23:40+00:00,processes,sleeping,147,dbms,09-2026,yugabyte-2026111-vanilla-os-xlarge-xlarge-aws-v2,1,ip-172-31-21-174,ranking,benchANT
2026-09-18 10:23:50+00:00,processes,sleeping,143,dbms,09-2026,yugabyte-2026111-vanilla-os-xlarge-xlarge-aws-v2,1,ip-172-31-21-174,ranking,benchANT
2026-09-18 10:24:00+00:00,processes,sleeping,147,dbms,09-2026,yugabyte-2026111-vanilla-os-xlarge-xlarge-aws-v2,1,ip-172-31-21-174,ranking,benchANT
2026-09-18 10:24:10+00:00,processes,sleeping,145,dbms,09-2026,yugabyte-2026111-vanilla-os-xlarge-xlarge-aws-v2,1,ip-172-31-21-174,ranking,benchANT
2026-09-18 10:24:20+00:00,processes,sleeping,147,dbms,09-2026,yugabyte-2026111-vanilla-os-xlarge-xlarge-aws-v2,1,ip-172-31-21-174,ranking,benchANT
2026-09-18 10:24:30+00:00,processes,sleeping,144,dbms,09-2026,yugabyte-2026111-vanilla-os-xlarge-xlarge-aws-v2,1,ip-172-31-21-174,ranking,benchANT
2026-09-18 10:24:40+00:00,processes,sleeping,141,dbms,09-2026,yugabyte-2026111-vanilla-os-xlarge-xlarge-aws-v2,1,ip-172-31-21-174,ranking,benchANT
2026-09-18 10:24:50+00:00,processes,sleeping,147,dbms,09-2026,yugabyte-2026111-vanilla-os-xlarge-xlarge-aws-v2,1,ip-172-31-21-174,ranking,benchANT
2026-09-18 10:25:00+00:00,processes,sleeping,142,dbms,09-2026,yugabyte-2026111-vanilla-os-xlarge-xlarge-aws-v2,1,ip-172-31-21-174,ranking,benchANT
2026-09-18 10:25:10+00:00,processes,sleeping,141,dbms,09-2026,yugabyte-2026111-vanilla-os-xlarge-xlarge-aws-v2,1,ip-172-31-21-174,ranking,benchANT
2026-09-18 10:25:20+00:00,processes,sleeping,144,dbms,09-2026,yugabyte-2026111-vanilla-os-xlarge-xlarge-aws-v2,1,ip-172-31-21-174,ranking,benchANT
2026-09-18 10:25:30+00:00,processes,sleeping,147,dbms,09-2026,yugabyte-2026111-vanilla-os-xlarge-xlarge-aws-v2,1,ip-172-31-21-174,ranking,benchANT
2026-09-18 10:25:40+00:00,processes,sleeping,142,dbms,09-2026,yugabyte-2026111-vanilla-os-xlarge-xlarge-aws-v2,1,ip-172-31-21-174,ranking,benchANT
2026-09-18 10:25:50+00:00,processes,sleeping,144,dbms,09-2026,yugabyte-2026111-vanilla-os-xlarge-xlarge-aws-v2,1,ip-172-31-21-174,ranking,benchANT
2026-09-18 10:26:00+00:00,processes,sleeping,142,dbms,09-2026,yugabyte-2026111-vanilla-os-xlarge-xlarge-aws-v2,1,ip-172-31-21-174,ranking,benchANT
2026-09-18 10:26:10+00:00,processes,sleeping,144,dbms,09-2026,yugabyte-2026111-vanilla-os-xlarge-xlarge-aws-v2,1,ip-172-31-21-174,ranking,benchANT
2026-09-18 10:26:20+00:00,processes,sleeping,145,dbms,09-2026,yugabyte-2026111-vanilla-os-xlarge-xlarge-aws-v2,1,ip-172-31-21-174,ranking,benchANT
2026-09-18 10:26:30+00:00,processes,sleeping,144,dbms,09-2026,yugabyte-2026111-vanilla-os-xlarge-xlarge-aws-v2,1,ip-172-31-21-174,ranking,benchANT
2026-09-18 10:26:40+00:00,processes,sleeping,147,dbms,09-2026,yugabyte-2026111-vanilla-os-xlarge-xlarge-aws-v2,1,ip-172-31-21-174,ranking,benchANT
2026-09-18 10:26:50+00:00,processes,sleeping,146,dbms,09-2026,yugabyte-2026111-vanilla-os-xlarge-xlarge-aws-v2,1,ip-172-31-21-174,ranking,benchANT
2026-09-18 10:27:00+00:00,processes,sleeping,144,dbms,09-2026,yugabyte-2026111-vanilla-os-xlarge-xlarge-aws-v2,1,ip-172-31-21-174,ranking,benchANT
2026-09-18 10:27:10+00:00,processes,sleeping,143,dbms,09-2026,yugabyte-2026111-vanilla-os-xlarge-xlarge-aws-v2,1,ip-172-31-21-174,ranking,benchANT
2026-09-18 10:27:20+00:00,processes,sleeping,147,dbms,09-2026,yugabyte-2026111-vanilla-os-xlarge-xlarge-aws-v2,1,ip-172-31-21-174,ranking,benchANT
2026-09-18 10:27:30+00:00,processes,sleeping,145,dbms,09-2026,yugabyte-2026111-vanilla-os-xlarge-xlarge-aws-v2,1,ip-172-31-21-174,ranking,benchANT
2026-09-18 10:27:40+00:00,processes,sleeping,144,dbms,09-2026,yugabyte-2026111-vanilla-os-xlarge-xlarge-aws-v2,1,ip-172-31-21-174,ranking,benchANT
2026-09-18 10:27:50+00:00,processes,sleeping,143,dbms,09-2026,yugabyte-2026111-vanilla-os-xlarge-xlarge-aws-v2,1,ip-172-31-21-174,ranking,benchANT
2026-09-18 10:28:00+00:00,processes,sleeping,145,dbms,09-2026,yugabyte-2026111-vanilla-os-xlarge-xlarge-aws-v2,1,ip-172-31-21-174,ranking,benchANT
2026-09-18 10:28:10+00:00,processes,sleeping,140,dbms,09-2026,yugabyte-2026111-vanilla-os-xlarge-xlarge-aws-v2,1,ip-172-31-21-174,ranking,benchANT
2026-09-18 10:28:20+00:00,processes,sleeping,145,dbms,09-2026,yugabyte-2026111-vanilla-os-xlarge-xlarge-aws-v2,1,ip-172-31-21-174,ranking,benchANT
2026-09-18 10:28:30+00:00,processes,sleeping,144,dbms,09-2026,yugabyte-2026111-vanilla-os-xlarge-xlarge-aws-v2,1,ip-172-31-21-174,ranking,benchANT
2026-09-18 10:28:40+00:00,processes,sleeping,147,dbms,09-2026,yugabyte-2026111-vanilla-os-xlarge-xlarge-aws-v2,1,ip-172-31-21-174,ranking,benchANT
2026-09-18 10:28:50+00:00,processes,sleeping,143,dbms,09-2026,yugabyte-2026111-vanilla-os-xlarge-xlarge-aws-v2,1,ip-172-31-21-174,ranking,benchANT
2026-09-18 10:29:00+00:00,processes,sleeping,146,dbms,09-2026,yugabyte-2026111-vanilla-os-xlarge-xlarge-aws-v2,1,ip-172-31-21-174,ranking,benchANT
2026-09-18 10:29:10+00:00,processes,sleeping,141,dbms,09-2026,yugabyte-2026111-vanilla-os-xlarge-xlarge-aws-v2,1,ip-172-31-21-174,ranking,benchANT
2026-09-18 10:29:20+00:00,processes,sleeping,147,dbms,09-2026,yugabyte-2026111-vanilla-os-xlarge-xlarge-aws-v2,1,ip-172-31-21-174,ranking,benchANT
2026-09-18 10:29:30+00:00,processes,sleeping,146,dbms,09-2026,yugabyte-2026111-vanilla-os-xlarge-xlarge-aws-v2,1,ip-172-31-21-174,ranking,benchANT
2026-09-18 10:29:40+00:00,processes,sleeping,146,dbms,09-2026,yugabyte-2026111-vanilla-os-xlarge-xlarge-aws-v2,1,ip-172-31-21-174,ranking,benchANT
2026-09-18 10:29:50+00:00,processes,sleeping,148,dbms,09-2026,yugabyte-2026111-vanilla-os-xlarge-xlarge-aws-v2,1,ip-172-31-21-174,ranking,benchANT
2026-09-18 10:30:00+00:00,processes,sleeping,149,dbms,09-2026,yugabyte-2026111-vanilla-os-xlarge-xlarge-aws-v2,1,ip-172-31-21-174,ranking,benchANT
2026-09-18 10:30:10+00:00,processes,sleeping,142,dbms,09-2026,yugabyte-2026111-vanilla-os-xlarge-xlarge-aws-v2,1,ip-172-31-21-174,ranking,benchANT
2026-09-18 10:30:20+00:00,processes,sleeping,146,dbms,09-2026,yugabyte-2026111-vanilla-os-xlarge-xlarge-aws-v2,1,ip-172-31-21-174,ranking,benchANT
2026-09-18 10:30:30+00:00,processes,sleeping,148,dbms,09-2026,yugabyte-2026111-vanilla-os-xlarge-xlarge-aws-v2,1,ip-172-31-21-174,ranking,benchANT
2026-09-18 10:30:40+00:00,processes,sleeping,148,dbms,09-2026,yugabyte-2026111-vanilla-os-xlarge-xlarge-aws-v2,1,ip-172-31-21-174,ranking,benchANT
2026-09-18 10:30:50+00:00,processes,sleeping,146,dbms,09-2026,yugabyte-2026111-vanilla-os-xlarge-xlarge-aws-v2,1,ip-172-31-21-174,ranking,benchANT
2026-09-18 10:31:00+00:00,processes,sleeping,141,dbms,09-2026,yugabyte-2026111-vanilla-os-xlarge-xlarge-aws-v2,1,ip-172-31-21-174,ranking,benchANT
2026-09-18 10:31:10+00:00,processes,sleeping,84,dbms,09-2026,yugabyte-2026111-vanilla-os-xlarge-xlarge-aws-v2,1,ip-172-31-21-174,ranking,benchANT
2026-09-18 10:31:20+00:00,processes,sleeping,84,dbms,09-2026,yugabyte-2026111-vanilla-os-xlarge-xlarge-aws-v2,1,ip-172-31-21-174,ranking,benchANT
2026-09-18 10:23:00+00:00,processes,stopped,0,dbms,09-2026,yugabyte-2026111-vanilla-os-xlarge-xlarge-aws-v2,1,ip-172-31-21-174,ranking,benchANT
2026-09-18 10:23:10+00:00,processes,stopped,0,dbms,09-2026,yugabyte-2026111-vanilla-os-xlarge-xlarge-aws-v2,1,ip-172-31-21-174,ranking,benchANT
2026-09-18 10:23:20+00:00,processes,stopped,0,dbms,09-2026,yugabyte-2026111-vanilla-os-xlarge-xlarge-aws-v2,1,ip-172-31-21-174,ranking,benchANT
2026-09-18 10:23:30+00:00,processes,stopped,0,dbms,09-2026,yugabyte-2026111-vanilla-os-xlarge-xlarge-aws-v2,1,ip-172-31-21-174,ranking,benchANT
2026-09-18 10:23:40+00:00,processes,stopped,0,dbms,09-2026,yugabyte-2026111-vanilla-os-xlarge-xlarge-aws-v2,1,ip-172-31-21-174,ranking,benchANT
2026-09-18 10:23:50+00:00,processes,stopped,0,dbms,09-2026,yugabyte-2026111-vanilla-os-xlarge-xlarge-aws-v2,1,ip-172-31-21-174,ranking,benchANT
2026-09-18 10:24:00+00:00,processes,stopped,0,dbms,09-2026,yugabyte-2026111-vanilla-os-xlarge-xlarge-aws-v2,1,ip-172-31-21-174,ranking,benchANT
2026-09-18 10:24:10+00:00,processes,stopped,0,dbms,09-2026,yugabyte-2026111-vanilla-os-xlarge-xlarge-aws-v2,1,ip-172-31-21-174,ranking,benchANT
2026-09-18 10:24:20+00:00,processes,stopped,0,dbms,09-2026,yugabyte-2026111-vanilla-os-xlarge-xlarge-aws-v2,1,ip-172-31-21-174,ranking,benchANT
2026-09-18 10:24:30+00:00,processes,stopped,0,dbms,09-2026,yugabyte-2026111-vanilla-os-xlarge-xlarge-aws-v2,1,ip-172-31-21-174,ranking,benchANT
2026-09-18 10:24:40+00:00,processes,stopped,0,dbms,09-2026,yugabyte-2026111-vanilla-os-xlarge-xlarge-aws-v2,1,ip-172-31-21-174,ranking,benchANT
2026-09-18 10:24:50+00:00,processes,stopped,0,dbms,09-2026,yugabyte-2026111-vanilla-os-xlarge-xlarge-aws-v2,1,ip-172-31-21-174,ranking,benchANT
2026-09-18 10:25:00+00:00,processes,stopped,0,dbms,09-2026,yugabyte-2026111-vanilla-os-xlarge-xlarge-aws-v2,1,ip-172-31-21-174,ranking,benchANT
2026-09-18 10:25:10+00:00,processes,stopped,0,dbms,09-2026,yugabyte-2026111-vanilla-os-xlarge-xlarge-aws-v2,1,ip-172-31-21-174,ranking,benchANT
2026-09-18 10:25:20+00:00,processes,stopped,0,dbms,09-2026,yugabyte-2026111-vanilla-os-xlarge-xlarge-aws-v2,1,ip-172-31-21-174,ranking,benchANT
2026-09-18 10:25:30+00:00,processes,stopped,0,dbms,09-2026,yugabyte-2026111-vanilla-os-xlarge-xlarge-aws-v2,1,ip-172-31-21-174,ranking,benchANT
2026-09-18 10:25:40+00:00,processes,stopped,0,dbms,09-2026,yugabyte-2026111-vanilla-os-xlarge-xlarge-aws-v2,1,ip-172-31-21-174,ranking,benchANT
2026-09-18 10:25:50+00:00,processes,stopped,0,dbms,09-2026,yugabyte-2026111-vanilla-os-xlarge-xlarge-aws-v2,1,ip-172-31-21-174,ranking,benchANT
2026-09-18 10:26:00+00:00,processes,stopped,0,dbms,09-2026,yugabyte-2026111-vanilla-os-xlarge-xlarge-aws-v2,1,ip-172-31-21-174,ranking,benchANT
2026-09-18 10:26:10+00:00,processes,stopped,0,dbms,09-2026,yugabyte-2026111-vanilla-os-xlarge-xlarge-aws-v2,1,ip-172-31-21-174,ranking,benchANT
2026-09-18 10:26:20+00:00,processes,stopped,0,dbms,09-2026,yugabyte-2026111-vanilla-os-xlarge-xlarge-aws-v2,1,ip-172-31-21-174,ranking,benchANT
2026-09-18 10:26:30+00:00,processes,stopped,0,dbms,09-2026,yugabyte-2026111-vanilla-os-xlarge-xlarge-aws-v2,1,ip-172-31-21-174,ranking,benchANT
2026-09-18 10:26:40+00:00,processes,stopped,0,dbms,09-2026,yugabyte-2026111-vanilla-os-xlarge-xlarge-aws-v2,1,ip-172-31-21-174,ranking,benchANT
2026-09-18 10:26:50+00:00,processes,stopped,0,dbms,09-2026,yugabyte-2026111-vanilla-os-xlarge-xlarge-aws-v2,1,ip-172-31-21-174,ranking,benchANT
2026-09-18 10:27:00+00:00,processes,stopped,0,dbms,09-2026,yugabyte-2026111-vanilla-os-xlarge-xlarge-aws-v2,1,ip-172-31-21-174,ranking,benchANT
2026-09-18 10:27:10+00:00,processes,stopped,0,dbms,09-2026,yugabyte-2026111-vanilla-os-xlarge-xlarge-aws-v2,1,ip-172-31-21-174,ranking,benchANT
2026-09-18 10:27:20+00:00,processes,stopped,0,dbms,09-2026,yugabyte-2026111-vanilla-os-xlarge-xlarge-aws-v2,1,ip-172-31-21-174,ranking,benchANT
2026-09-18 10:27:30+00:00,processes,stopped,0,dbms,09-2026,yugabyte-2026111-vanilla-os-xlarge-xlarge-aws-v2,1,ip-172-31-21-174,ranking,benchANT
2026-09-18 10:27:40+00:00,processes,stopped,0,dbms,09-2026,yugabyte-2026111-vanilla-os-xlarge-xlarge-aws-v2,1,ip-172-31-21-174,ranking,benchANT
2026-09-18 10:27:50+00:00,processes,stopped,0,dbms,09-2026,yugabyte-2026111-vanilla-os-xlarge-xlarge-aws-v2,1,ip-172-31-21-174,ranking,benchANT
2026-09-18 10:28:00+00:00,processes,stopped,0,dbms,09-2026,yugabyte-2026111-vanilla-os-xlarge-xlarge-aws-v2,1,ip-172-31-21-174,ranking,benchANT
2026-09-18 10:28:10+00:00,processes,stopped,0,dbms,09-2026,yugabyte-2026111-vanilla-os-xlarge-xlarge-aws-v2,1,ip-172-31-21-174,ranking,benchANT
2026-09-18 10:28:20+00:00,processes,stopped,0,dbms,09-2026,yugabyte-2026111-vanilla-os-xlarge-xlarge-aws-v2,1,ip-172-31-21-174,ranking,benchANT
2026-09-18 10:28:30+00:00,processes,stopped,0,dbms,09-2026,yugabyte-2026111-vanilla-os-xlarge-xlarge-aws-v2,1,ip-172-31-21-174,ranking,benchANT
2026-09-18 10:28:40+00:00,processes,stopped,0,dbms,09-2026,yugabyte-2026111-vanilla-os-xlarge-xlarge-aws-v2,1,ip-172-31-21-174,ranking,benchANT
2026-09-18 10:28:50+00:00,processes,stopped,0,dbms,09-2026,yugabyte-2026111-vanilla-os-xlarge-xlarge-aws-v2,1,ip-172-31-21-174,ranking,benchANT
2026-09-18 10:29:00+00:00,processes,stopped,0,dbms,09-2026,yugabyte-2026111-vanilla-os-xlarge-xlarge-aws-v2,1,ip-172-31-21-174,ranking,benchANT
2026-09-18 10:29:10+00:00,processes,stopped,0,dbms,09-2026,yugabyte-2026111-vanilla-os-xlarge-xlarge-aws-v2,1,ip-172-31-21-174,ranking,benchANT
2026-09-18 10:29:20+00:00,processes,stopped,0,dbms,09-2026,yugabyte-2026111-vanilla-os-xlarge-xlarge-aws-v2,1,ip-172-31-21-174,ranking,benchANT
2026-09-18 10:29:30+00:00,processes,stopped,0,dbms,09-2026,yugabyte-2026111-vanilla-os-xlarge-xlarge-aws-v2,1,ip-172-31-21-174,ranking,benchANT
2026-09-18 10:29:40+00:00,processes,stopped,0,dbms,09-2026,yugabyte-2026111-vanilla-os-xlarge-xlarge-aws-v2,1,ip-172-31-21-174,ranking,benchANT
2026-09-18 10:29:50+00:00,processes,stopped,0,dbms,09-2026,yugabyte-2026111-vanilla-os-xlarge-xlarge-aws-v2,1,ip-172-31-21-174,ranking,benchANT
2026-09-18 10:30:00+00:00,processes,stopped,0,dbms,09-2026,yugabyte-2026111-vanilla-os-xlarge-xlarge-aws-v2,1,ip-172-31-21-174,ranking,benchANT
2026-09-18 10:30:10+00:00,processes,stopped,0,dbms,09-2026,yugabyte-2026111-vanilla-os-xlarge-xlarge-aws-v2,1,ip-172-31-21-174,ranking,benchANT
2026-09-18 10:30:20+00:00,processes,stopped,0,dbms,09-2026,yugabyte-2026111-vanilla-os-xlarge-xlarge-aws-v2,1,ip-172-31-21-174,ranking,benchANT
2026-09-18 10:30:30+00:00,processes,stopped,0,dbms,09-2026,yugabyte-2026111-vanilla-os-xlarge-xlarge-aws-v2,1,ip-172-31-21-174,ranking,benchANT
2026-09-18 10:30:40+00:00,processes,stopped,0,dbms,09-2026,yugabyte-2026111-vanilla-os-xlarge-xlarge-aws-v2,1,ip-172-31-21-174,ranking,benchANT
2026-09-18 10:30:50+00:00,processes,stopped,0,dbms,09-2026,yugabyte-2026111-vanilla-os-xlarge-xlarge-aws-v2,1,ip-172-31-21-174,ranking,benchANT
2026-09-18 10:31:00+00:00,processes,stopped,0,dbms,09-2026,yugabyte-2026111-vanilla-os-xlarge-xlarge-aws-v2,1,ip-172-31-21-174,ranking,benchANT
2026-09-18 10:31:10+00:00,processes,stopped,0,dbms,09-2026,yugabyte-2026111-vanilla-os-xlarge-xlarge-aws-v2,1,ip-172-31-21-174,ranking,benchANT
2026-09-18 10:31:20+00:00,processes,stopped,0,dbms,09-2026,yugabyte-2026111-vanilla-os-xlarge-xlarge-aws-v2,1,ip-172-31-21-174,ranking,benchANT
2026-09-18 10:23:00+00:00,processes,total,229,dbms,09-2026,yugabyte-2026111-vanilla-os-xlarge-xlarge-aws-v2,1,ip-172-31-21-174,ranking,benchANT
2026-09-18 10:23:10+00:00,processes,total,229,dbms,09-2026,yugabyte-2026111-vanilla-os-xlarge-xlarge-aws-v2,1,ip-172-31-21-174,ranking,benchANT
2026-09-18 10:23:20+00:00,processes,total,229,dbms,09-2026,yugabyte-2026111-vanilla-os-xlarge-xlarge-aws-v2,1,ip-172-31-21-174,ranking,benchANT
2026-09-18 10:23:30+00:00,processes,total,229,dbms,09-2026,yugabyte-2026111-vanilla-os-xlarge-xlarge-aws-v2,1,ip-172-31-21-174,ranking,benchANT
2026-09-18 10:23:40+00:00,processes,total,229,dbms,09-2026,yugabyte-2026111-vanilla-os-xlarge-xlarge-aws-v2,1,ip-172-31-21-174,ranking,benchANT
2026-09-18 10:23:50+00:00,processes,total,229,dbms,09-2026,yugabyte-2026111-vanilla-os-xlarge-xlarge-aws-v2,1,ip-172-31-21-174,ranking,benchANT
2026-09-18 10:24:00+00:00,processes,total,229,dbms,09-2026,yugabyte-2026111-vanilla-os-xlarge-xlarge-aws-v2,1,ip-172-31-21-174,ranking,benchANT
2026-09-18 10:24:10+00:00,processes,total,229,dbms,09-2026,yugabyte-2026111-vanilla-os-xlarge-xlarge-aws-v2,1,ip-172-31-21-174,ranking,benchANT
2026-09-18 10:24:20+00:00,processes,total,229,dbms,09-2026,yugabyte-2026111-vanilla-os-xlarge-xlarge-aws-v2,1,ip-172-31-21-174,ranking,benchANT
2026-09-18 10:24:30+00:00,processes,total,229,dbms,09-2026,yugabyte-2026111-vanilla-os-xlarge-xlarge-aws-v2,1,ip-172-31-21-174,ranking,benchANT
2026-09-18 10:24:40+00:00,processes,total,229,dbms,09-2026,yugabyte-2026111-vanilla-os-xlarge-xlarge-aws-v2,1,ip-172-31-21-174,ranking,benchANT
2026-09-18 10:24:50+00:00,processes,total,229,dbms,09-2026,yugabyte-2026111-vanilla-os-xlarge-xlarge-aws-v2,1,ip-172-31-21-174,ranking,benchANT
2026-09-18 10:25:00+00:00,processes,total,229,dbms,09-2026,yugabyte-2026111-vanilla-os-xlarge-xlarge-aws-v2,1,ip-172-31-21-174,ranking,benchANT
2026-09-18 10:25:10+00:00,processes,total,227,dbms,09-2026,yugabyte-2026111-vanilla-os-xlarge-xlarge-aws-v2,1,ip-172-31-21-174,ranking,benchANT
2026-09-18 10:25:20+00:00,processes,total,226,dbms,09-2026,yugabyte-2026111-vanilla-os-xlarge-xlarge-aws-v2,1,ip-172-31-21-174,ranking,benchANT
2026-09-18 10:25:30+00:00,processes,total,226,dbms,09-2026,yugabyte-2026111-vanilla-os-xlarge-xlarge-aws-v2,1,ip-172-31-21-174,ranking,benchANT
2026-09-18 10:25:40+00:00,processes,total,226,dbms,09-2026,yugabyte-2026111-vanilla-os-xlarge-xlarge-aws-v2,1,ip-172-31-21-174,ranking,benchANT
2026-09-18 10:25:50+00:00,processes,total,226,dbms,09-2026,yugabyte-2026111-vanilla-os-xlarge-xlarge-aws-v2,1,ip-172-31-21-174,ranking,benchANT
2026-09-18 10:26:00+00:00,processes,total,226,dbms,09-2026,yugabyte-2026111-vanilla-os-xlarge-xlarge-aws-v2,1,ip-172-31-21-174,ranking,benchANT
2026-09-18 10:26:10+00:00,processes,total,227,dbms,09-2026,yugabyte-2026111-vanilla-os-xlarge-xlarge-aws-v2,1,ip-172-31-21-174,ranking,benchANT
2026-09-18 10:26:20+00:00,processes,total,227,dbms,09-2026,yugabyte-2026111-vanilla-os-xlarge-xlarge-aws-v2,1,ip-172-31-21-174,ranking,benchANT
2026-09-18 10:26:30+00:00,processes,total,227,dbms,09-2026,yugabyte-2026111-vanilla-os-xlarge-xlarge-aws-v2,1,ip-172-31-21-174,ranking,benchANT
2026-09-18 10:26:40+00:00,processes,total,227,dbms,09-2026,yugabyte-2026111-vanilla-os-xlarge-xlarge-aws-v2,1,ip-172-31-21-174,ranking,benchANT
2026-09-18 10:26:50+00:00,processes,total,227,dbms,09-2026,yugabyte-2026111-vanilla-os-xlarge-xlarge-aws-v2,1,ip-172-31-21-174,ranking,benchANT
2026-09-18 10:27:00+00:00,processes,total,227,dbms,09-2026,yugabyte-2026111-vanilla-os-xlarge-xlarge-aws-v2,1,ip-172-31-21-174,ranking,benchANT
2026-09-18 10:27:10+00:00,processes,total,227,dbms,09-2026,yugabyte-2026111-vanilla-os-xlarge-xlarge-aws-v2,1,ip-172-31-21-174,ranking,benchANT
2026-09-18 10:27:20+00:00,processes,total,227,dbms,09-2026,yugabyte-2026111-vanilla-os-xlarge-xlarge-aws-v2,1,ip-172-31-21-174,ranking,benchANT
2026-09-18 10:27:30+00:00,processes,total,227,dbms,09-2026,yugabyte-2026111-vanilla-os-xlarge-xlarge-aws-v2,1,ip-172-31-21-174,ranking,benchANT
2026-09-18 10:27:40+00:00,processes,total,227,dbms,09-2026,yugabyte-2026111-vanilla-os-xlarge-xlarge-aws-v2,1,ip-172-31-21-174,ranking,benchANT
2026-09-18 10:27:50+00:00,processes,total,227,dbms,09-2026,yugabyte-2026111-vanilla-os-xlarge-xlarge-aws-v2,1,ip-172-31-21-174,ranking,benchANT
2026-09-18 10:28:00+00:00,processes,total,227,dbms,09-2026,yugabyte-2026111-vanilla-os-xlarge-xlarge-aws-v2,1,ip-172-31-21-174,ranking,benchANT
2026-09-18 10:28:10+00:00,processes,total,227,dbms,09-2026,yugabyte-2026111-vanilla-os-xlarge-xlarge-aws-v2,1,ip-172-31-21-174,ranking,benchANT
2026-09-18 10:28:20+00:00,processes,total,227,dbms,09-2026,yugabyte-2026111-vanilla-os-xlarge-xlarge-aws-v2,1,ip-172-31-21-174,ranking,benchANT
2026-09-18 10:28:30+00:00,processes,total,227,dbms,09-2026,yugabyte-2026111-vanilla-os-xlarge-xlarge-aws-v2,1,ip-172-31-21-174,ranking,benchANT
2026-09-18 10:28:40+00:00,processes,total,227,dbms,09-2026,yugabyte-2026111-vanilla-os-xlarge-xlarge-aws-v2,1,ip-172-31-21-174,ranking,benchANT
2026-09-18 10:28:50+00:00,processes,total,227,dbms,09-2026,yugabyte-2026111-vanilla-os-xlarge-xlarge-aws-v2,1,ip-172-31-21-174,ranking,benchANT
2026-09-18 10:29:00+00:00,processes,total,227,dbms,09-2026,yugabyte-2026111-vanilla-os-xlarge-xlarge-aws-v2,1,ip-172-31-21-174,ranking,benchANT
2026-09-18 10:29:10+00:00,processes,total,227,dbms,09-2026,yugabyte-2026111-vanilla-os-xlarge-xlarge-aws-v2,1,ip-172-31-21-174,ranking,benchANT
2026-09-18 10:29:20+00:00,processes,total,227,dbms,09-2026,yugabyte-2026111-vanilla-os-xlarge-xlarge-aws-v2,1,ip-172-31-21-174,ranking,benchANT
2026-09-18 10:29:30+00:00,processes,total,227,dbms,09-2026,yugabyte-2026111-vanilla-os-xlarge-xlarge-aws-v2,1,ip-172-31-21-174,ranking,benchANT
2026-09-18 10:29:40+00:00,processes,total,227,dbms,09-2026,yugabyte-2026111-vanilla-os-xlarge-xlarge-aws-v2,1,ip-172-31-21-174,ranking,benchANT
2026-09-18 10:29:50+00:00,processes,total,227,dbms,09-2026,yugabyte-2026111-vanilla-os-xlarge-xlarge-aws-v2,1,ip-172-31-21-174,ranking,benchANT
2026-09-18 10:30:00+00:00,processes,total,227,dbms,09-2026,yugabyte-2026111-vanilla-os-xlarge-xlarge-aws-v2,1,ip-172-31-21-174,ranking,benchANT
2026-09-18 10:30:10+00:00,processes,total,227,dbms,09-2026,yugabyte-2026111-vanilla-os-xlarge-xlarge-aws-v2,1,ip-172-31-21-174,ranking,benchANT
2026-09-18 10:30:20+00:00,processes,total,228,dbms,09-2026,yugabyte-2026111-vanilla-os-xlarge-xlarge-aws-v2,1,ip-172-31-21-174,ranking,benchANT
2026-09-18 10:30:30+00:00,processes,total,228,dbms,09-2026,yugabyte-2026111-vanilla-os-xlarge-xlarge-aws-v2,1,ip-172-31-21-174,ranking,benchANT
2026-09-18 10:30:40+00:00,processes,total,228,dbms,09-2026,yugabyte-2026111-vanilla-os-xlarge-xlarge-aws-v2,1,ip-172-31-21-174,ranking,benchANT
2026-09-18 10:30:50+00:00,processes,total,228,dbms,09-2026,yugabyte-2026111-vanilla-os-xlarge-xlarge-aws-v2,1,ip-172-31-21-174,ranking,benchANT
2026-09-18 10:31:00+00:00,processes,total,226,dbms,09-2026,yugabyte-2026111-vanilla-os-xlarge-xlarge-aws-v2,1,ip-172-31-21-174,ranking,benchANT
2026-09-18 10:31:10+00:00,processes,total,162,dbms,09-2026,yugabyte-2026111-vanilla-os-xlarge-xlarge-aws-v2,1,ip-172-31-21-174,ranking,benchANT
2026-09-18 10:31:20+00:00,processes,total,162,dbms,09-2026,yugabyte-2026111-vanilla-os-xlarge-xlarge-aws-v2,1,ip-172-31-21-174,ranking,benchANT
2026-09-18 10:23:00+00:00,processes,total_threads,1048,dbms,09-2026,yugabyte-2026111-vanilla-os-xlarge-xlarge-aws-v2,1,ip-172-31-21-174,ranking,benchANT
2026-09-18 10:23:10+00:00,processes,total_threads,1053,dbms,09-2026,yugabyte-2026111-vanilla-os-xlarge-xlarge-aws-v2,1,ip-172-31-21-174,ranking,benchANT
2026-09-18 10:23:20+00:00,processes,total_threads,1063,dbms,09-2026,yugabyte-2026111-vanilla-os-xlarge-xlarge-aws-v2,1,ip-172-31-21-174,ranking,benchANT
2026-09-18 10:23:30+00:00,processes,total_threads,1062,dbms,09-2026,yugabyte-2026111-vanilla-os-xlarge-xlarge-aws-v2,1,ip-172-31-21-174,ranking,benchANT
2026-09-18 10:23:40+00:00,processes,total_threads,1071,dbms,09-2026,yugabyte-2026111-vanilla-os-xlarge-xlarge-aws-v2,1,ip-172-31-21-174,ranking,benchANT
2026-09-18 10:23:50+00:00,processes,total_threads,1058,dbms,09-2026,yugabyte-2026111-vanilla-os-xlarge-xlarge-aws-v2,1,ip-172-31-21-174,ranking,benchANT
2026-09-18 10:24:00+00:00,processes,total_threads,1058,dbms,09-2026,yugabyte-2026111-vanilla-os-xlarge-xlarge-aws-v2,1,ip-172-31-21-174,ranking,benchANT
2026-09-18 10:24:10+00:00,processes,total_threads,1061,dbms,09-2026,yugabyte-2026111-vanilla-os-xlarge-xlarge-aws-v2,1,ip-172-31-21-174,ranking,benchANT
2026-09-18 10:24:20+00:00,processes,total_threads,1084,dbms,09-2026,yugabyte-2026111-vanilla-os-xlarge-xlarge-aws-v2,1,ip-172-31-21-174,ranking,benchANT
2026-09-18 10:24:30+00:00,processes,total_threads,1052,dbms,09-2026,yugabyte-2026111-vanilla-os-xlarge-xlarge-aws-v2,1,ip-172-31-21-174,ranking,benchANT
2026-09-18 10:24:40+00:00,processes,total_threads,1051,dbms,09-2026,yugabyte-2026111-vanilla-os-xlarge-xlarge-aws-v2,1,ip-172-31-21-174,ranking,benchANT
2026-09-18 10:24:50+00:00,processes,total_threads,1058,dbms,09-2026,yugabyte-2026111-vanilla-os-xlarge-xlarge-aws-v2,1,ip-172-31-21-174,ranking,benchANT
2026-09-18 10:25:00+00:00,processes,total_threads,1062,dbms,09-2026,yugabyte-2026111-vanilla-os-xlarge-xlarge-aws-v2,1,ip-172-31-21-174,ranking,benchANT
2026-09-18 10:25:10+00:00,processes,total_threads,1064,dbms,09-2026,yugabyte-2026111-vanilla-os-xlarge-xlarge-aws-v2,1,ip-172-31-21-174,ranking,benchANT
2026-09-18 10:25:20+00:00,processes,total_threads,1063,dbms,09-2026,yugabyte-2026111-vanilla-os-xlarge-xlarge-aws-v2,1,ip-172-31-21-174,ranking,benchANT
2026-09-18 10:25:30+00:00,processes,total_threads,1055,dbms,09-2026,yugabyte-2026111-vanilla-os-xlarge-xlarge-aws-v2,1,ip-172-31-21-174,ranking,benchANT
2026-09-18 10:25:40+00:00,processes,total_threads,1065,dbms,09-2026,yugabyte-2026111-vanilla-os-xlarge-xlarge-aws-v2,1,ip-172-31-21-174,ranking,benchANT
2026-09-18 10:25:50+00:00,processes,total_threads,1048,dbms,09-2026,yugabyte-2026111-vanilla-os-xlarge-xlarge-aws-v2,1,ip-172-31-21-174,ranking,benchANT
2026-09-18 10:26:00+00:00,processes,total_threads,1051,dbms,09-2026,yugabyte-2026111-vanilla-os-xlarge-xlarge-aws-v2,1,ip-172-31-21-174,ranking,benchANT
2026-09-18 10:26:10+00:00,processes,total_threads,1054,dbms,09-2026,yugabyte-2026111-vanilla-os-xlarge-xlarge-aws-v2,1,ip-172-31-21-174,ranking,benchANT
2026-09-18 10:26:20+00:00,processes,total_threads,1051,dbms,09-2026,yugabyte-2026111-vanilla-os-xlarge-xlarge-aws-v2,1,ip-172-31-21-174,ranking,benchANT
2026-09-18 10:26:30+00:00,processes,total_threads,1054,dbms,09-2026,yugabyte-2026111-vanilla-os-xlarge-xlarge-aws-v2,1,ip-172-31-21-174,ranking,benchANT
2026-09-18 10:26:40+00:00,processes,total_threads,1059,dbms,09-2026,yugabyte-2026111-vanilla-os-xlarge-xlarge-aws-v2,1,ip-172-31-21-174,ranking,benchANT
2026-09-18 10:26:50+00:00,processes,total_threads,1062,dbms,09-2026,yugabyte-2026111-vanilla-os-xlarge-xlarge-aws-v2,1,ip-172-31-21-174,ranking,benchANT
2026-09-18 10:27:00+00:00,processes,total_threads,1055,dbms,09-2026,yugabyte-2026111-vanilla-os-xlarge-xlarge-aws-v2,1,ip-172-31-21-174,ranking,benchANT
2026-09-18 10:27:10+00:00,processes,total_threads,1053,dbms,09-2026,yugabyte-2026111-vanilla-os-xlarge-xlarge-aws-v2,1,ip-172-31-21-174,ranking,benchANT
2026-09-18 10:27:20+00:00,processes,total_threads,1110,dbms,09-2026,yugabyte-2026111-vanilla-os-xlarge-xlarge-aws-v2,1,ip-172-31-21-174,ranking,benchANT
2026-09-18 10:27:30+00:00,processes,total_threads,1102,dbms,09-2026,yugabyte-2026111-vanilla-os-xlarge-xlarge-aws-v2,1,ip-172-31-21-174,ranking,benchANT
2026-09-18 10:27:40+00:00,processes,total_threads,1073,dbms,09-2026,yugabyte-2026111-vanilla-os-xlarge-xlarge-aws-v2,1,ip-172-31-21-174,ranking,benchANT
2026-09-18 10:27:50+00:00,processes,total_threads,1071,dbms,09-2026,yugabyte-2026111-vanilla-os-xlarge-xlarge-aws-v2,1,ip-172-31-21-174,ranking,benchANT
2026-09-18 10:28:00+00:00,processes,total_threads,1060,dbms,09-2026,yugabyte-2026111-vanilla-os-xlarge-xlarge-aws-v2,1,ip-172-31-21-174,ranking,benchANT
2026-09-18 10:28:10+00:00,processes,total_threads,1054,dbms,09-2026,yugabyte-2026111-vanilla-os-xlarge-xlarge-aws-v2,1,ip-172-31-21-174,ranking,benchANT
2026-09-18 10:28:20+00:00,processes,total_threads,1054,dbms,09-2026,yugabyte-2026111-vanilla-os-xlarge-xlarge-aws-v2,1,ip-172-31-21-174,ranking,benchANT
2026-09-18 10:28:30+00:00,processes,total_threads,1059,dbms,09-2026,yugabyte-2026111-vanilla-os-xlarge-xlarge-aws-v2,1,ip-172-31-21-174,ranking,benchANT
2026-09-18 10:28:40+00:00,processes,total_threads,1060,dbms,09-2026,yugabyte-2026111-vanilla-os-xlarge-xlarge-aws-v2,1,ip-172-31-21-174,ranking,benchANT
2026-09-18 10:28:50+00:00,processes,total_threads,1065,dbms,09-2026,yugabyte-2026111-vanilla-os-xlarge-xlarge-aws-v2,1,ip-172-31-21-174,ranking,benchANT
2026-09-18 10:29:00+00:00,processes,total_threads,1063,dbms,09-2026,yugabyte-2026111-vanilla-os-xlarge-xlarge-aws-v2,1,ip-172-31-21-174,ranking,benchANT
2026-09-18 10:29:10+00:00,processes,total_threads,1044,dbms,09-2026,yugabyte-2026111-vanilla-os-xlarge-xlarge-aws-v2,1,ip-172-31-21-174,ranking,benchANT
2026-09-18 10:29:20+00:00,processes,total_threads,1053,dbms,09-2026,yugabyte-2026111-vanilla-os-xlarge-xlarge-aws-v2,1,ip-172-31-21-174,ranking,benchANT
2026-09-18 10:29:30+00:00,processes,total_threads,1050,dbms,09-2026,yugabyte-2026111-vanilla-os-xlarge-xlarge-aws-v2,1,ip-172-31-21-174,ranking,benchANT
2026-09-18 10:29:40+00:00,processes,total_threads,1059,dbms,09-2026,yugabyte-2026111-vanilla-os-xlarge-xlarge-aws-v2,1,ip-172-31-21-174,ranking,benchANT
2026-09-18 10:29:50+00:00,processes,total_threads,1056,dbms,09-2026,yugabyte-2026111-vanilla-os-xlarge-xlarge-aws-v2,1,ip-172-31-21-174,ranking,benchANT
2026-09-18 10:30:00+00:00,processes,total_threads,1054,dbms,09-2026,yugabyte-2026111-vanilla-os-xlarge-xlarge-aws-v2,1,ip-172-31-21-174,ranking,benchANT
2026-09-18 10:30:10+00:00,processes,total_threads,1056,dbms,09-2026,yugabyte-2026111-vanilla-os-xlarge-xlarge-aws-v2,1,ip-172-31-21-174,ranking,benchANT
2026-09-18 10:30:20+00:00,processes,total_threads,1056,dbms,09-2026,yugabyte-2026111-vanilla-os-xlarge-xlarge-aws-v2,1,ip-172-31-21-174,ranking,benchANT
2026-09-18 10:30:30+00:00,processes,total_threads,1057,dbms,09-2026,yugabyte-2026111-vanilla-os-xlarge-xlarge-aws-v2,1,ip-172-31-21-174,ranking,benchANT
2026-09-18 10:30:40+00:00,processes,total_threads,1059,dbms,09-2026,yugabyte-2026111-vanilla-os-xlarge-xlarge-aws-v2,1,ip-172-31-21-174,ranking,benchANT
2026-09-18 10:30:50+00:00,processes,total_threads,1068,dbms,09-2026,yugabyte-2026111-vanilla-os-xlarge-xlarge-aws-v2,1,ip-172-31-21-174,ranking,benchANT
2026-09-18 10:31:00+00:00,processes,total_threads,1056,dbms,09-2026,yugabyte-2026111-vanilla-os-xlarge-xlarge-aws-v2,1,ip-172-31-21-174,ranking,benchANT
2026-09-18 10:31:10+00:00,processes,total_threads,380,dbms,09-2026,yugabyte-2026111-vanilla-os-xlarge-xlarge-aws-v2,1,ip-172-31-21-174,ranking,benchANT
2026-09-18 10:31:20+00:00,processes,total_threads,337,dbms,09-2026,yugabyte-2026111-vanilla-os-xlarge-xlarge-aws-v2,1,ip-172-31-21-174,ranking,benchANT
2026-09-18 10:23:00+00:00,processes,unknown,0,dbms,09-2026,yugabyte-2026111-vanilla-os-xlarge-xlarge-aws-v2,1,ip-172-31-21-174,ranking,benchANT
2026-09-18 10:23:10+00:00,processes,unknown,0,dbms,09-2026,yugabyte-2026111-vanilla-os-xlarge-xlarge-aws-v2,1,ip-172-31-21-174,ranking,benchANT
2026-09-18 10:23:20+00:00,processes,unknown,0,dbms,09-2026,yugabyte-2026111-vanilla-os-xlarge-xlarge-aws-v2,1,ip-172-31-21-174,ranking,benchANT
2026-09-18 10:23:30+00:00,processes,unknown,0,dbms,09-2026,yugabyte-2026111-vanilla-os-xlarge-xlarge-aws-v2,1,ip-172-31-21-174,ranking,benchANT
2026-09-18 10:23:40+00:00,processes,unknown,0,dbms,09-2026,yugabyte-2026111-vanilla-os-xlarge-xlarge-aws-v2,1,ip-172-31-21-174,ranking,benchANT
2026-09-18 10:23:50+00:00,processes,unknown,0,dbms,09-2026,yugabyte-2026111-vanilla-os-xlarge-xlarge-aws-v2,1,ip-172-31-21-174,ranking,benchANT
2026-09-18 10:24:00+00:00,processes,unknown,0,dbms,09-2026,yugabyte-2026111-vanilla-os-xlarge-xlarge-aws-v2,1,ip-172-31-21-174,ranking,benchANT
2026-09-18 10:24:10+00:00,processes,unknown,0,dbms,09-2026,yugabyte-2026111-vanilla-os-xlarge-xlarge-aws-v2,1,ip-172-31-21-174,ranking,benchANT
2026-09-18 10:24:20+00:00,processes,unknown,0,dbms,09-2026,yugabyte-2026111-vanilla-os-xlarge-xlarge-aws-v2,1,ip-172-31-21-174,ranking,benchANT
2026-09-18 10:24:30+00:00,processes,unknown,0,dbms,09-2026,yugabyte-2026111-vanilla-os-xlarge-xlarge-aws-v2,1,ip-172-31-21-174,ranking,benchANT
2026-09-18 10:24:40+00:00,processes,unknown,0,dbms,09-2026,yugabyte-2026111-vanilla-os-xlarge-xlarge-aws-v2,1,ip-172-31-21-174,ranking,benchANT
2026-09-18 10:24:50+00:00,processes,unknown,0,dbms,09-2026,yugabyte-2026111-vanilla-os-xlarge-xlarge-aws-v2,1,ip-172-31-21-174,ranking,benchANT
2026-09-18 10:25:00+00:00,processes,unknown,0,dbms,09-2026,yugabyte-2026111-vanilla-os-xlarge-xlarge-aws-v2,1,ip-172-31-21-174,ranking,benchANT
2026-09-18 10:25:10+00:00,processes,unknown,0,dbms,09-2026,yugabyte-2026111-vanilla-os-xlarge-xlarge-aws-v2,1,ip-172-31-21-174,ranking,benchANT
2026-09-18 10:25:20+00:00,processes,unknown,0,dbms,09-2026,yugabyte-2026111-vanilla-os-xlarge-xlarge-aws-v2,1,ip-172-31-21-174,ranking,benchANT
2026-09-18 10:25:30+00:00,processes,unknown,0,dbms,09-2026,yugabyte-2026111-vanilla-os-xlarge-xlarge-aws-v2,1,ip-172-31-21-174,ranking,benchANT
2026-09-18 10:25:40+00:00,processes,unknown,0,dbms,09-2026,yugabyte-2026111-vanilla-os-xlarge-xlarge-aws-v2,1,ip-172-31-21-174,ranking,benchANT
2026-09-18 10:25:50+00:00,processes,unknown,0,dbms,09-2026,yugabyte-2026111-vanilla-os-xlarge-xlarge-aws-v2,1,ip-172-31-21-174,ranking,benchANT
2026-09-18 10:26:00+00:00,processes,unknown,0,dbms,09-2026,yugabyte-2026111-vanilla-os-xlarge-xlarge-aws-v2,1,ip-172-31-21-174,ranking,benchANT
2026-09-18 10:26:10+00:00,processes,unknown,0,dbms,09-2026,yugabyte-2026111-vanilla-os-xlarge-xlarge-aws-v2,1,ip-172-31-21-174,ranking,benchANT
2026-09-18 10:26:20+00:00,processes,unknown,0,dbms,09-2026,yugabyte-2026111-vanilla-os-xlarge-xlarge-aws-v2,1,ip-172-31-21-174,ranking,benchANT
2026-09-18 10:26:30+00:00,processes,unknown,0,dbms,09-2026,yugabyte-2026111-vanilla-os-xlarge-xlarge-aws-v2,1,ip-172-31-21-174,ranking,benchANT
2026-09-18 10:26:40+00:00,processes,unknown,0,dbms,09-2026,yugabyte-2026111-vanilla-os-xlarge-xlarge-aws-v2,1,ip-172-31-21-174,ranking,benchANT
2026-09-18 10:26:50+00:00,processes,unknown,0,dbms,09-2026,yugabyte-2026111-vanilla-os-xlarge-xlarge-aws-v2,1,ip-172-31-21-174,ranking,benchANT
2026-09-18 10:27:00+00:00,processes,unknown,0,dbms,09-2026,yugabyte-2026111-vanilla-os-xlarge-xlarge-aws-v2,1,ip-172-31-21-174,ranking,benchANT
2026-09-18 10:27:10+00:00,processes,unknown,0,dbms,09-2026,yugabyte-2026111-vanilla-os-xlarge-xlarge-aws-v2,1,ip-172-31-21-174,ranking,benchANT
2026-09-18 10:27:20+00:00,processes,unknown,0,dbms,09-2026,yugabyte-2026111-vanilla-os-xlarge-xlarge-aws-v2,1,ip-172-31-21-174,ranking,benchANT
2026-09-18 10:27:30+00:00,processes,unknown,0,dbms,09-2026,yugabyte-2026111-vanilla-os-xlarge-xlarge-aws-v2,1,ip-172-31-21-174,ranking,benchANT
2026-09-18 10:27:40+00:00,processes,unknown,0,dbms,09-2026,yugabyte-2026111-vanilla-os-xlarge-xlarge-aws-v2,1,ip-172-31-21-174,ranking,benchANT
2026-09-18 10:27:50+00:00,processes,unknown,0,dbms,09-2026,yugabyte-2026111-vanilla-os-xlarge-xlarge-aws-v2,1,ip-172-31-21-174,ranking,benchANT
2026-09-18 10:28:00+00:00,processes,unknown,0,dbms,09-2026,yugabyte-2026111-vanilla-os-xlarge-xlarge-aws-v2,1,ip-172-31-21-174,ranking,benchANT
2026-09-18 10:28:10+00:00,processes,unknown,0,dbms,09-2026,yugabyte-2026111-vanilla-os-xlarge-xlarge-aws-v2,1,ip-172-31-21-174,ranking,benchANT
2026-09-18 10:28:20+00:00,processes,unknown,0,dbms,09-2026,yugabyte-2026111-vanilla-os-xlarge-xlarge-aws-v2,1,ip-172-31-21-174,ranking,benchANT
2026-09-18 10:28:30+00:00,processes,unknown,0,dbms,09-2026,yugabyte-2026111-vanilla-os-xlarge-xlarge-aws-v2,1,ip-172-31-21-174,ranking,benchANT
2026-09-18 10:28:40+00:00,processes,unknown,0,dbms,09-2026,yugabyte-2026111-vanilla-os-xlarge-xlarge-aws-v2,1,ip-172-31-21-174,ranking,benchANT
2026-09-18 10:28:50+00:00,processes,unknown,0,dbms,09-2026,yugabyte-2026111-vanilla-os-xlarge-xlarge-aws-v2,1,ip-172-31-21-174,ranking,benchANT
2026-09-18 10:29:00+00:00,processes,unknown,0,dbms,09-2026,yugabyte-2026111-vanilla-os-xlarge-xlarge-aws-v2,1,ip-172-31-21-174,ranking,benchANT
2026-09-18 10:29:10+00:00,processes,unknown,0,dbms,09-2026,yugabyte-2026111-vanilla-os-xlarge-xlarge-aws-v2,1,ip-172-31-21-174,ranking,benchANT
2026-09-18 10:29:20+00:00,processes,unknown,0,dbms,09-2026,yugabyte-2026111-vanilla-os-xlarge-xlarge-aws-v2,1,ip-172-31-21-174,ranking,benchANT
2026-09-18 10:29:30+00:00,processes,unknown,0,dbms,09-2026,yugabyte-2026111-vanilla-os-xlarge-xlarge-aws-v2,1,ip-172-31-21-174,ranking,benchANT
2026-09-18 10:29:40+00:00,processes,unknown,0,dbms,09-2026,yugabyte-2026111-vanilla-os-xlarge-xlarge-aws-v2,1,ip-172-31-21-174,ranking,benchANT
2026-09-18 10:29:50+00:00,processes,unknown,0,dbms,09-2026,yugabyte-2026111-vanilla-os-xlarge-xlarge-aws-v2,1,ip-172-31-21-174,ranking,benchANT
2026-09-18 10:30:00+00:00,processes,unknown,0,dbms,09-2026,yugabyte-2026111-vanilla-os-xlarge-xlarge-aws-v2,1,ip-172-31-21-174,ranking,benchANT
2026-09-18 10:30:10+00:00,processes,unknown,0,dbms,09-2026,yugabyte-2026111-vanilla-os-xlarge-xlarge-aws-v2,1,ip-172-31-21-174,ranking,benchANT
2026-09-18 10:30:20+00:00,processes,unknown,0,dbms,09-2026,yugabyte-2026111-vanilla-os-xlarge-xlarge-aws-v2,1,ip-172-31-21-174,ranking,benchANT
2026-09-18 10:30:30+00:00,processes,unknown,0,dbms,09-2026,yugabyte-2026111-vanilla-os-xlarge-xlarge-aws-v2,1,ip-172-31-21-174,ranking,benchANT
2026-09-18 10:30:40+00:00,processes,unknown,0,dbms,09-2026,yugabyte-2026111-vanilla-os-xlarge-xlarge-aws-v2,1,ip-172-31-21-174,ranking,benchANT
2026-09-18 10:30:50+00:00,processes,unknown,0,dbms,09-2026,yugabyte-2026111-vanilla-os-xlarge-xlarge-aws-v2,1,ip-172-31-21-174,ranking,benchANT
2026-09-18 10:31:00+00:00,processes,unknown,0,dbms,09-2026,yugabyte-2026111-vanilla-os-xlarge-xlarge-aws-v2,1,ip-172-31-21-174,ranking,benchANT
2026-09-18 10:31:10+00:00,processes,unknown,0,dbms,09-2026,yugabyte-2026111-vanilla-os-xlarge-xlarge-aws-v2,1,ip-172-31-21-174,ranking,benchANT
2026-09-18 10:31:20+00:00,processes,unknown,0,dbms,09-2026,yugabyte-2026111-vanilla-os-xlarge-xlarge-aws-v2,1,ip-172-31-21-174,ranking,benchANT
2026-09-18 10:23:00+00:00,processes,zombies,0,dbms,09-2026,yugabyte-2026111-vanilla-os-xlarge-xlarge-aws-v2,1,ip-172-31-21-174,ranking,benchANT
2026-09-18 10:23:10+00:00,processes,zombies,0,dbms,09-2026,yugabyte-2026111-vanilla-os-xlarge-xlarge-aws-v2,1,ip-172-31-21-174,ranking,benchANT
2026-09-18 10:23:20+00:00,processes,zombies,0,dbms,09-2026,yugabyte-2026111-vanilla-os-xlarge-xlarge-aws-v2,1,ip-172-31-21-174,ranking,benchANT
2026-09-18 10:23:30+00:00,processes,zombies,0,dbms,09-2026,yugabyte-2026111-vanilla-os-xlarge-xlarge-aws-v2,1,ip-172-31-21-174,ranking,benchANT
2026-09-18 10:23:40+00:00,processes,zombies,0,dbms,09-2026,yugabyte-2026111-vanilla-os-xlarge-xlarge-aws-v2,1,ip-172-31-21-174,ranking,benchANT
2026-09-18 10:23:50+00:00,processes,zombies,0,dbms,09-2026,yugabyte-2026111-vanilla-os-xlarge-xlarge-aws-v2,1,ip-172-31-21-174,ranking,benchANT
2026-09-18 10:24:00+00:00,processes,zombies,0,dbms,09-2026,yugabyte-2026111-vanilla-os-xlarge-xlarge-aws-v2,1,ip-172-31-21-174,ranking,benchANT
2026-09-18 10:24:10+00:00,processes,zombies,0,dbms,09-2026,yugabyte-2026111-vanilla-os-xlarge-xlarge-aws-v2,1,ip-172-31-21-174,ranking,benchANT
2026-09-18 10:24:20+00:00,processes,zombies,0,dbms,09-2026,yugabyte-2026111-vanilla-os-xlarge-xlarge-aws-v2,1,ip-172-31-21-174,ranking,benchANT
2026-09-18 10:24:30+00:00,processes,zombies,0,dbms,09-2026,yugabyte-2026111-vanilla-os-xlarge-xlarge-aws-v2,1,ip-172-31-21-174,ranking,benchANT
2026-09-18 10:24:40+00:00,processes,zombies,0,dbms,09-2026,yugabyte-2026111-vanilla-os-xlarge-xlarge-aws-v2,1,ip-172-31-21-174,ranking,benchANT
2026-09-18 10:24:50+00:00,processes,zombies,0,dbms,09-2026,yugabyte-2026111-vanilla-os-xlarge-xlarge-aws-v2,1,ip-172-31-21-174,ranking,benchANT
2026-09-18 10:25:00+00:00,processes,zombies,0,dbms,09-2026,yugabyte-2026111-vanilla-os-xlarge-xlarge-aws-v2,1,ip-172-31-21-174,ranking,benchANT
2026-09-18 10:25:10+00:00,processes,zombies,0,dbms,09-2026,yugabyte-2026111-vanilla-os-xlarge-xlarge-aws-v2,1,ip-172-31-21-174,ranking,benchANT
2026-09-18 10:25:20+00:00,processes,zombies,0,dbms,09-2026,yugabyte-2026111-vanilla-os-xlarge-xlarge-aws-v2,1,ip-172-31-21-174,ranking,benchANT
2026-09-18 10:25:30+00:00,processes,zombies,0,dbms,09-2026,yugabyte-2026111-vanilla-os-xlarge-xlarge-aws-v2,1,ip-172-31-21-174,ranking,benchANT
2026-09-18 10:25:40+00:00,processes,zombies,0,dbms,09-2026,yugabyte-2026111-vanilla-os-xlarge-xlarge-aws-v2,1,ip-172-31-21-174,ranking,benchANT
2026-09-18 10:25:50+00:00,processes,zombies,0,dbms,09-2026,yugabyte-2026111-vanilla-os-xlarge-xlarge-aws-v2,1,ip-172-31-21-174,ranking,benchANT
2026-09-18 10:26:00+00:00,processes,zombies,0,dbms,09-2026,yugabyte-2026111-vanilla-os-xlarge-xlarge-aws-v2,1,ip-172-31-21-174,ranking,benchANT
2026-09-18 10:26:10+00:00,processes,zombies,0,dbms,09-2026,yugabyte-2026111-vanilla-os-xlarge-xlarge-aws-v2,1,ip-172-31-21-174,ranking,benchANT
2026-09-18 10:26:20+00:00,processes,zombies,0,dbms,09-2026,yugabyte-2026111-vanilla-os-xlarge-xlarge-aws-v2,1,ip-172-31-21-174,ranking,benchANT
2026-09-18 10:26:30+00:00,processes,zombies,0,dbms,09-2026,yugabyte-2026111-vanilla-os-xlarge-xlarge-aws-v2,1,ip-172-31-21-174,ranking,benchANT
2026-09-18 10:26:40+00:00,processes,zombies,0,dbms,09-2026,yugabyte-2026111-vanilla-os-xlarge-xlarge-aws-v2,1,ip-172-31-21-174,ranking,benchANT
2026-09-18 10:26:50+00:00,processes,zombies,0,dbms,09-2026,yugabyte-2026111-vanilla-os-xlarge-xlarge-aws-v2,1,ip-172-31-21-174,ranking,benchANT
2026-09-18 10:27:00+00:00,processes,zombies,0,dbms,09-2026,yugabyte-2026111-vanilla-os-xlarge-xlarge-aws-v2,1,ip-172-31-21-174,ranking,benchANT
2026-09-18 10:27:10+00:00,processes,zombies,0,dbms,09-2026,yugabyte-2026111-vanilla-os-xlarge-xlarge-aws-v2,1,ip-172-31-21-174,ranking,benchANT
2026-09-18 10:27:20+00:00,processes,zombies,0,dbms,09-2026,yugabyte-2026111-vanilla-os-xlarge-xlarge-aws-v2,1,ip-172-31-21-174,ranking,benchANT
2026-09-18 10:27:30+00:00,processes,zombies,0,dbms,09-2026,yugabyte-2026111-vanilla-os-xlarge-xlarge-aws-v2,1,ip-172-31-21-174,ranking,benchANT
2026-09-18 10:27:40+00:00,processes,zombies,0,dbms,09-2026,yugabyte-2026111-vanilla-os-xlarge-xlarge-aws-v2,1,ip-172-31-21-174,ranking,benchANT
2026-09-18 10:27:50+00:00,processes,zombies,0,dbms,09-2026,yugabyte-2026111-vanilla-os-xlarge-xlarge-aws-v2,1,ip-172-31-21-174,ranking,benchANT
2026-09-18 10:28:00+00:00,processes,zombies,0,dbms,09-2026,yugabyte-2026111-vanilla-os-xlarge-xlarge-aws-v2,1,ip-172-31-21-174,ranking,benchANT
2026-09-18 10:28:10+00:00,processes,zombies,0,dbms,09-2026,yugabyte-2026111-vanilla-os-xlarge-xlarge-aws-v2,1,ip-172-31-21-174,ranking,benchANT
2026-09-18 10:28:20+00:00,processes,zombies,0,dbms,09-2026,yugabyte-2026111-vanilla-os-xlarge-xlarge-aws-v2,1,ip-172-31-21-174,ranking,benchANT
2026-09-18 10:28:30+00:00,processes,zombies,0,dbms,09-2026,yugabyte-2026111-vanilla-os-xlarge-xlarge-aws-v2,1,ip-172-31-21-174,ranking,benchANT
2026-09-18 10:28:40+00:00,processes,zombies,0,dbms,09-2026,yugabyte-2026111-vanilla-os-xlarge-xlarge-aws-v2,1,ip-172-31-21-174,ranking,benchANT
2026-09-18 10:28:50+00:00,processes,zombies,0,dbms,09-2026,yugabyte-2026111-vanilla-os-xlarge-xlarge-aws-v2,1,ip-172-31-21-174,ranking,benchANT
2026-09-18 10:29:00+00:00,processes,zombies,0,dbms,09-2026,yugabyte-2026111-vanilla-os-xlarge-xlarge-aws-v2,1,ip-172-31-21-174,ranking,benchANT
2026-09-18 10:29:10+00:00,processes,zombies,0,dbms,09-2026,yugabyte-2026111-vanilla-os-xlarge-xlarge-aws-v2,1,ip-172-31-21-174,ranking,benchANT
2026-09-18 10:29:20+00:00,processes,zombies,0,dbms,09-2026,yugabyte-2026111-vanilla-os-xlarge-xlarge-aws-v2,1,ip-172-31-21-174,ranking,benchANT
2026-09-18 10:29:30+00:00,processes,zombies,0,dbms,09-2026,yugabyte-2026111-vanilla-os-xlarge-xlarge-aws-v2,1,ip-172-31-21-174,ranking,benchANT
2026-09-18 10:29:40+00:00,processes,zombies,0,dbms,09-2026,yugabyte-2026111-vanilla-os-xlarge-xlarge-aws-v2,1,ip-172-31-21-174,ranking,benchANT
2026-09-18 10:29:50+00:00,processes,zombies,0,dbms,09-2026,yugabyte-2026111-vanilla-os-xlarge-xlarge-aws-v2,1,ip-172-31-21-174,ranking,benchANT
2026-09-18 10:30:00+00:00,processes,zombies,0,dbms,09-2026,yugabyte-2026111-vanilla-os-xlarge-xlarge-aws-v2,1,ip-172-31-21-174,ranking,benchANT
2026-09-18 10:30:10+00:00,processes,zombies,0,dbms,09-2026,yugabyte-2026111-vanilla-os-xlarge-xlarge-aws-v2,1,ip-172-31-21-174,ranking,benchANT
2026-09-18 10:30:20+00:00,processes,zombies,0,dbms,09-2026,yugabyte-2026111-vanilla-os-xlarge-xlarge-aws-v2,1,ip-172-31-21-174,ranking,benchANT
2026-09-18 10:30:30+00:00,processes,zombies,0,dbms,09-2026,yugabyte-2026111-vanilla-os-xlarge-xlarge-aws-v2,1,ip-172-31-21-174,ranking,benchANT
2026-09-18 10:30:40+00:00,processes,zombies,0,dbms,09-2026,yugabyte-2026111-vanilla-os-xlarge-xlarge-aws-v2,1,ip-172-31-21-174,ranking,benchANT
2026-09-18 10:30:50+00:00,processes,zombies,0,dbms,09-2026,yugabyte-2026111-vanilla-os-xlarge-xlarge-aws-v2,1,ip-172-31-21-174,ranking,benchANT
2026-09-18 10:31:00+00:00,processes,zombies,0,dbms,09-2026,yugabyte-2026111-vanilla-os-xlarge-xlarge-aws-v2,1,ip-172-31-21-174,ranking,benchANT
2026-09-18 10:31:10+00:00,processes,zombies,0,dbms,09-2026,yugabyte-2026111-vanilla-os-xlarge-xlarge-aws-v2,1,ip-172-31-21-174,ranking,benchANT
2026-09-18 10:31:20+00:00,processes,zombies,0,dbms,09-2026,yugabyte-2026111-vanilla-os-xlarge-xlarge-aws-v2,1,ip-172-31-21-174,ranking,benchANT
2026-09-18 10:23:00+00:00,processes,blocked,0,dbms,09-2026,yugabyte-2026111-vanilla-os-xlarge-xlarge-aws-v2,1,ip-172-31-23-205,ranking,benchANT
2026-09-18 10:23:10+00:00,processes,blocked,0,dbms,09-2026,yugabyte-2026111-vanilla-os-xlarge-xlarge-aws-v2,1,ip-172-31-23-205,ranking,benchANT
2026-09-18 10:23:20+00:00,processes,blocked,0,dbms,09-2026,yugabyte-2026111-vanilla-os-xlarge-xlarge-aws-v2,1,ip-172-31-23-205,ranking,benchANT
2026-09-18 10:23:30+00:00,processes,blocked,0,dbms,09-2026,yugabyte-2026111-vanilla-os-xlarge-xlarge-aws-v2,1,ip-172-31-23-205,ranking,benchANT
2026-09-18 10:23:40+00:00,processes,blocked,0,dbms,09-2026,yugabyte-2026111-vanilla-os-xlarge-xlarge-aws-v2,1,ip-172-31-23-205,ranking,benchANT
2026-09-18 10:23:50+00:00,processes,blocked,0,dbms,09-2026,yugabyte-2026111-vanilla-os-xlarge-xlarge-aws-v2,1,ip-172-31-23-205,ranking,benchANT
2026-09-18 10:24:00+00:00,processes,blocked,0,dbms,09-2026,yugabyte-2026111-vanilla-os-xlarge-xlarge-aws-v2,1,ip-172-31-23-205,ranking,benchANT
2026-09-18 10:24:10+00:00,processes,blocked,0,dbms,09-2026,yugabyte-2026111-vanilla-os-xlarge-xlarge-aws-v2,1,ip-172-31-23-205,ranking,benchANT
2026-09-18 10:24:20+00:00,processes,blocked,0,dbms,09-2026,yugabyte-2026111-vanilla-os-xlarge-xlarge-aws-v2,1,ip-172-31-23-205,ranking,benchANT
2026-09-18 10:24:30+00:00,processes,blocked,0,dbms,09-2026,yugabyte-2026111-vanilla-os-xlarge-xlarge-aws-v2,1,ip-172-31-23-205,ranking,benchANT
2026-09-18 10:24:40+00:00,processes,blocked,0,dbms,09-2026,yugabyte-2026111-vanilla-os-xlarge-xlarge-aws-v2,1,ip-172-31-23-205,ranking,benchANT
2026-09-18 10:24:50+00:00,processes,blocked,0,dbms,09-2026,yugabyte-2026111-vanilla-os-xlarge-xlarge-aws-v2,1,ip-172-31-23-205,ranking,benchANT
2026-09-18 10:25:00+00:00,processes,blocked,0,dbms,09-2026,yugabyte-2026111-vanilla-os-xlarge-xlarge-aws-v2,1,ip-172-31-23-205,ranking,benchANT
2026-09-18 10:25:10+00:00,processes,blocked,0,dbms,09-2026,yugabyte-2026111-vanilla-os-xlarge-xlarge-aws-v2,1,ip-172-31-23-205,ranking,benchANT
2026-09-18 10:25:20+00:00,processes,blocked,0,dbms,09-2026,yugabyte-2026111-vanilla-os-xlarge-xlarge-aws-v2,1,ip-172-31-23-205,ranking,benchANT
2026-09-18 10:25:30+00:00,processes,blocked,0,dbms,09-2026,yugabyte-2026111-vanilla-os-xlarge-xlarge-aws-v2,1,ip-172-31-23-205,ranking,benchANT
2026-09-18 10:25:40+00:00,processes,blocked,0,dbms,09-2026,yugabyte-2026111-vanilla-os-xlarge-xlarge-aws-v2,1,ip-172-31-23-205,ranking,benchANT
2026-09-18 10:25:50+00:00,processes,blocked,0,dbms,09-2026,yugabyte-2026111-vanilla-os-xlarge-xlarge-aws-v2,1,ip-172-31-23-205,ranking,benchANT
2026-09-18 10:26:00+00:00,processes,blocked,0,dbms,09-2026,yugabyte-2026111-vanilla-os-xlarge-xlarge-aws-v2,1,ip-172-31-23-205,ranking,benchANT
2026-09-18 10:26:10+00:00,processes,blocked,0,dbms,09-2026,yugabyte-2026111-vanilla-os-xlarge-xlarge-aws-v2,1,ip-172-31-23-205,ranking,benchANT
2026-09-18 10:26:20+00:00,processes,blocked,0,dbms,09-2026,yugabyte-2026111-vanilla-os-xlarge-xlarge-aws-v2,1,ip-172-31-23-205,ranking,benchANT
2026-09-18 10:26:30+00:00,processes,blocked,0,dbms,09-2026,yugabyte-2026111-vanilla-os-xlarge-xlarge-aws-v2,1,ip-172-31-23-205,ranking,benchANT
2026-09-18 10:26:40+00:00,processes,blocked,0,dbms,09-2026,yugabyte-2026111-vanilla-os-xlarge-xlarge-aws-v2,1,ip-172-31-23-205,ranking,benchANT
2026-09-18 10:26:50+00:00,processes,blocked,1,dbms,09-2026,yugabyte-2026111-vanilla-os-xlarge-xlarge-aws-v2,1,ip-172-31-23-205,ranking,benchANT
2026-09-18 10:27:00+00:00,processes,blocked,0,dbms,09-2026,yugabyte-2026111-vanilla-os-xlarge-xlarge-aws-v2,1,ip-172-31-23-205,ranking,benchANT
2026-09-18 10:27:10+00:00,processes,blocked,0,dbms,09-2026,yugabyte-2026111-vanilla-os-xlarge-xlarge-aws-v2,1,ip-172-31-23-205,ranking,benchANT
2026-09-18 10:27:20+00:00,processes,blocked,0,dbms,09-2026,yugabyte-2026111-vanilla-os-xlarge-xlarge-aws-v2,1,ip-172-31-23-205,ranking,benchANT
2026-09-18 10:27:30+00:00,processes,blocked,0,dbms,09-2026,yugabyte-2026111-vanilla-os-xlarge-xlarge-aws-v2,1,ip-172-31-23-205,ranking,benchANT
2026-09-18 10:27:40+00:00,processes,blocked,0,dbms,09-2026,yugabyte-2026111-vanilla-os-xlarge-xlarge-aws-v2,1,ip-172-31-23-205,ranking,benchANT
2026-09-18 10:27:50+00:00,processes,blocked,0,dbms,09-2026,yugabyte-2026111-vanilla-os-xlarge-xlarge-aws-v2,1,ip-172-31-23-205,ranking,benchANT
2026-09-18 10:28:00+00:00,processes,blocked,0,dbms,09-2026,yugabyte-2026111-vanilla-os-xlarge-xlarge-aws-v2,1,ip-172-31-23-205,ranking,benchANT
2026-09-18 10:28:10+00:00,processes,blocked,0,dbms,09-2026,yugabyte-2026111-vanilla-os-xlarge-xlarge-aws-v2,1,ip-172-31-23-205,ranking,benchANT
2026-09-18 10:28:20+00:00,processes,blocked,0,dbms,09-2026,yugabyte-2026111-vanilla-os-xlarge-xlarge-aws-v2,1,ip-172-31-23-205,ranking,benchANT
2026-09-18 10:28:30+00:00,processes,blocked,0,dbms,09-2026,yugabyte-2026111-vanilla-os-xlarge-xlarge-aws-v2,1,ip-172-31-23-205,ranking,benchANT
2026-09-18 10:28:40+00:00,processes,blocked,1,dbms,09-2026,yugabyte-2026111-vanilla-os-xlarge-xlarge-aws-v2,1,ip-172-31-23-205,ranking,benchANT
2026-09-18 10:28:50+00:00,processes,blocked,0,dbms,09-2026,yugabyte-2026111-vanilla-os-xlarge-xlarge-aws-v2,1,ip-172-31-23-205,ranking,benchANT
2026-09-18 10:29:00+00:00,processes,blocked,2,dbms,09-2026,yugabyte-2026111-vanilla-os-xlarge-xlarge-aws-v2,1,ip-172-31-23-205,ranking,benchANT
2026-09-18 10:29:10+00:00,processes,blocked,0,dbms,09-2026,yugabyte-2026111-vanilla-os-xlarge-xlarge-aws-v2,1,ip-172-31-23-205,ranking,benchANT
2026-09-18 10:29:20+00:00,processes,blocked,2,dbms,09-2026,yugabyte-2026111-vanilla-os-xlarge-xlarge-aws-v2,1,ip-172-31-23-205,ranking,benchANT
2026-09-18 10:29:30+00:00,processes,blocked,1,dbms,09-2026,yugabyte-2026111-vanilla-os-xlarge-xlarge-aws-v2,1,ip-172-31-23-205,ranking,benchANT
2026-09-18 10:29:40+00:00,processes,blocked,0,dbms,09-2026,yugabyte-2026111-vanilla-os-xlarge-xlarge-aws-v2,1,ip-172-31-23-205,ranking,benchANT
2026-09-18 10:29:50+00:00,processes,blocked,0,dbms,09-2026,yugabyte-2026111-vanilla-os-xlarge-xlarge-aws-v2,1,ip-172-31-23-205,ranking,benchANT
2026-09-18 10:30:00+00:00,processes,blocked,0,dbms,09-2026,yugabyte-2026111-vanilla-os-xlarge-xlarge-aws-v2,1,ip-172-31-23-205,ranking,benchANT
2026-09-18 10:30:10+00:00,processes,blocked,0,dbms,09-2026,yugabyte-2026111-vanilla-os-xlarge-xlarge-aws-v2,1,ip-172-31-23-205,ranking,benchANT
2026-09-18 10:30:20+00:00,processes,blocked,0,dbms,09-2026,yugabyte-2026111-vanilla-os-xlarge-xlarge-aws-v2,1,ip-172-31-23-205,ranking,benchANT
2026-09-18 10:30:30+00:00,processes,blocked,0,dbms,09-2026,yugabyte-2026111-vanilla-os-xlarge-xlarge-aws-v2,1,ip-172-31-23-205,ranking,benchANT
2026-09-18 10:30:40+00:00,processes,blocked,0,dbms,09-2026,yugabyte-2026111-vanilla-os-xlarge-xlarge-aws-v2,1,ip-172-31-23-205,ranking,benchANT
2026-09-18 10:30:50+00:00,processes,blocked,0,dbms,09-2026,yugabyte-2026111-vanilla-os-xlarge-xlarge-aws-v2,1,ip-172-31-23-205,ranking,benchANT
2026-09-18 10:31:00+00:00,processes,blocked,0,dbms,09-2026,yugabyte-2026111-vanilla-os-xlarge-xlarge-aws-v2,1,ip-172-31-23-205,ranking,benchANT
2026-09-18 10:31:10+00:00,processes,blocked,0,dbms,09-2026,yugabyte-2026111-vanilla-os-xlarge-xlarge-aws-v2,1,ip-172-31-23-205,ranking,benchANT
2026-09-18 10:31:20+00:00,processes,blocked,0,dbms,09-2026,yugabyte-2026111-vanilla-os-xlarge-xlarge-aws-v2,1,ip-172-31-23-205,ranking,benchANT
2026-09-18 10:23:00+00:00,processes,dead,0,dbms,09-2026,yugabyte-2026111-vanilla-os-xlarge-xlarge-aws-v2,1,ip-172-31-23-205,ranking,benchANT
2026-09-18 10:23:10+00:00,processes,dead,0,dbms,09-2026,yugabyte-2026111-vanilla-os-xlarge-xlarge-aws-v2,1,ip-172-31-23-205,ranking,benchANT
2026-09-18 10:23:20+00:00,processes,dead,0,dbms,09-2026,yugabyte-2026111-vanilla-os-xlarge-xlarge-aws-v2,1,ip-172-31-23-205,ranking,benchANT
2026-09-18 10:23:30+00:00,processes,dead,0,dbms,09-2026,yugabyte-2026111-vanilla-os-xlarge-xlarge-aws-v2,1,ip-172-31-23-205,ranking,benchANT
2026-09-18 10:23:40+00:00,processes,dead,0,dbms,09-2026,yugabyte-2026111-vanilla-os-xlarge-xlarge-aws-v2,1,ip-172-31-23-205,ranking,benchANT
2026-09-18 10:23:50+00:00,processes,dead,0,dbms,09-2026,yugabyte-2026111-vanilla-os-xlarge-xlarge-aws-v2,1,ip-172-31-23-205,ranking,benchANT
2026-09-18 10:24:00+00:00,processes,dead,0,dbms,09-2026,yugabyte-2026111-vanilla-os-xlarge-xlarge-aws-v2,1,ip-172-31-23-205,ranking,benchANT
2026-09-18 10:24:10+00:00,processes,dead,0,dbms,09-2026,yugabyte-2026111-vanilla-os-xlarge-xlarge-aws-v2,1,ip-172-31-23-205,ranking,benchANT
2026-09-18 10:24:20+00:00,processes,dead,0,dbms,09-2026,yugabyte-2026111-vanilla-os-xlarge-xlarge-aws-v2,1,ip-172-31-23-205,ranking,benchANT
2026-09-18 10:24:30+00:00,processes,dead,0,dbms,09-2026,yugabyte-2026111-vanilla-os-xlarge-xlarge-aws-v2,1,ip-172-31-23-205,ranking,benchANT
2026-09-18 10:24:40+00:00,processes,dead,0,dbms,09-2026,yugabyte-2026111-vanilla-os-xlarge-xlarge-aws-v2,1,ip-172-31-23-205,ranking,benchANT
2026-09-18 10:24:50+00:00,processes,dead,0,dbms,09-2026,yugabyte-2026111-vanilla-os-xlarge-xlarge-aws-v2,1,ip-172-31-23-205,ranking,benchANT
2026-09-18 10:25:00+00:00,processes,dead,0,dbms,09-2026,yugabyte-2026111-vanilla-os-xlarge-xlarge-aws-v2,1,ip-172-31-23-205,ranking,benchANT
2026-09-18 10:25:10+00:00,processes,dead,0,dbms,09-2026,yugabyte-2026111-vanilla-os-xlarge-xlarge-aws-v2,1,ip-172-31-23-205,ranking,benchANT
2026-09-18 10:25:20+00:00,processes,dead,0,dbms,09-2026,yugabyte-2026111-vanilla-os-xlarge-xlarge-aws-v2,1,ip-172-31-23-205,ranking,benchANT
2026-09-18 10:25:30+00:00,processes,dead,0,dbms,09-2026,yugabyte-2026111-vanilla-os-xlarge-xlarge-aws-v2,1,ip-172-31-23-205,ranking,benchANT
2026-09-18 10:25:40+00:00,processes,dead,0,dbms,09-2026,yugabyte-2026111-vanilla-os-xlarge-xlarge-aws-v2,1,ip-172-31-23-205,ranking,benchANT
2026-09-18 10:25:50+00:00,processes,dead,0,dbms,09-2026,yugabyte-2026111-vanilla-os-xlarge-xlarge-aws-v2,1,ip-172-31-23-205,ranking,benchANT
2026-09-18 10:26:00+00:00,processes,dead,0,dbms,09-2026,yugabyte-2026111-vanilla-os-xlarge-xlarge-aws-v2,1,ip-172-31-23-205,ranking,benchANT
2026-09-18 10:26:10+00:00,processes,dead,0,dbms,09-2026,yugabyte-2026111-vanilla-os-xlarge-xlarge-aws-v2,1,ip-172-31-23-205,ranking,benchANT
2026-09-18 10:26:20+00:00,processes,dead,0,dbms,09-2026,yugabyte-2026111-vanilla-os-xlarge-xlarge-aws-v2,1,ip-172-31-23-205,ranking,benchANT
2026-09-18 10:26:30+00:00,processes,dead,0,dbms,09-2026,yugabyte-2026111-vanilla-os-xlarge-xlarge-aws-v2,1,ip-172-31-23-205,ranking,benchANT
2026-09-18 10:26:40+00:00,processes,dead,0,dbms,09-2026,yugabyte-2026111-vanilla-os-xlarge-xlarge-aws-v2,1,ip-172-31-23-205,ranking,benchANT
2026-09-18 10:26:50+00:00,processes,dead,0,dbms,09-2026,yugabyte-2026111-vanilla-os-xlarge-xlarge-aws-v2,1,ip-172-31-23-205,ranking,benchANT
2026-09-18 10:27:00+00:00,processes,dead,0,dbms,09-2026,yugabyte-2026111-vanilla-os-xlarge-xlarge-aws-v2,1,ip-172-31-23-205,ranking,benchANT
2026-09-18 10:27:10+00:00,processes,dead,0,dbms,09-2026,yugabyte-2026111-vanilla-os-xlarge-xlarge-aws-v2,1,ip-172-31-23-205,ranking,benchANT
2026-09-18 10:27:20+00:00,processes,dead,0,dbms,09-2026,yugabyte-2026111-vanilla-os-xlarge-xlarge-aws-v2,1,ip-172-31-23-205,ranking,benchANT
2026-09-18 10:27:30+00:00,processes,dead,0,dbms,09-2026,yugabyte-2026111-vanilla-os-xlarge-xlarge-aws-v2,1,ip-172-31-23-205,ranking,benchANT
2026-09-18 10:27:40+00:00,processes,dead,0,dbms,09-2026,yugabyte-2026111-vanilla-os-xlarge-xlarge-aws-v2,1,ip-172-31-23-205,ranking,benchANT
2026-09-18 10:27:50+00:00,processes,dead,0,dbms,09-2026,yugabyte-2026111-vanilla-os-xlarge-xlarge-aws-v2,1,ip-172-31-23-205,ranking,benchANT
2026-09-18 10:28:00+00:00,processes,dead,0,dbms,09-2026,yugabyte-2026111-vanilla-os-xlarge-xlarge-aws-v2,1,ip-172-31-23-205,ranking,benchANT
2026-09-18 10:28:10+00:00,processes,dead,0,dbms,09-2026,yugabyte-2026111-vanilla-os-xlarge-xlarge-aws-v2,1,ip-172-31-23-205,ranking,benchANT
2026-09-18 10:28:20+00:00,processes,dead,0,dbms,09-2026,yugabyte-2026111-vanilla-os-xlarge-xlarge-aws-v2,1,ip-172-31-23-205,ranking,benchANT
2026-09-18 10:28:30+00:00,processes,dead,0,dbms,09-2026,yugabyte-2026111-vanilla-os-xlarge-xlarge-aws-v2,1,ip-172-31-23-205,ranking,benchANT
2026-09-18 10:28:40+00:00,processes,dead,0,dbms,09-2026,yugabyte-2026111-vanilla-os-xlarge-xlarge-aws-v2,1,ip-172-31-23-205,ranking,benchANT
2026-09-18 10:28:50+00:00,processes,dead,0,dbms,09-2026,yugabyte-2026111-vanilla-os-xlarge-xlarge-aws-v2,1,ip-172-31-23-205,ranking,benchANT
2026-09-18 10:29:00+00:00,processes,dead,0,dbms,09-2026,yugabyte-2026111-vanilla-os-xlarge-xlarge-aws-v2,1,ip-172-31-23-205,ranking,benchANT
2026-09-18 10:29:10+00:00,processes,dead,0,dbms,09-2026,yugabyte-2026111-vanilla-os-xlarge-xlarge-aws-v2,1,ip-172-31-23-205,ranking,benchANT
2026-09-18 10:29:20+00:00,processes,dead,0,dbms,09-2026,yugabyte-2026111-vanilla-os-xlarge-xlarge-aws-v2,1,ip-172-31-23-205,ranking,benchANT
2026-09-18 10:29:30+00:00,processes,dead,0,dbms,09-2026,yugabyte-2026111-vanilla-os-xlarge-xlarge-aws-v2,1,ip-172-31-23-205,ranking,benchANT
2026-09-18 10:29:40+00:00,processes,dead,0,dbms,09-2026,yugabyte-2026111-vanilla-os-xlarge-xlarge-aws-v2,1,ip-172-31-23-205,ranking,benchANT
2026-09-18 10:29:50+00:00,processes,dead,0,dbms,09-2026,yugabyte-2026111-vanilla-os-xlarge-xlarge-aws-v2,1,ip-172-31-23-205,ranking,benchANT
2026-09-18 10:30:00+00:00,processes,dead,0,dbms,09-2026,yugabyte-2026111-vanilla-os-xlarge-xlarge-aws-v2,1,ip-172-31-23-205,ranking,benchANT
2026-09-18 10:30:10+00:00,processes,dead,0,dbms,09-2026,yugabyte-2026111-vanilla-os-xlarge-xlarge-aws-v2,1,ip-172-31-23-205,ranking,benchANT
2026-09-18 10:30:20+00:00,processes,dead,0,dbms,09-2026,yugabyte-2026111-vanilla-os-xlarge-xlarge-aws-v2,1,ip-172-31-23-205,ranking,benchANT
2026-09-18 10:30:30+00:00,processes,dead,0,dbms,09-2026,yugabyte-2026111-vanilla-os-xlarge-xlarge-aws-v2,1,ip-172-31-23-205,ranking,benchANT
2026-09-18 10:30:40+00:00,processes,dead,0,dbms,09-2026,yugabyte-2026111-vanilla-os-xlarge-xlarge-aws-v2,1,ip-172-31-23-205,ranking,benchANT
2026-09-18 10:30:50+00:00,processes,dead,0,dbms,09-2026,yugabyte-2026111-vanilla-os-xlarge-xlarge-aws-v2,1,ip-172-31-23-205,ranking,benchANT
2026-09-18 10:31:00+00:00,processes,dead,0,dbms,09-2026,yugabyte-2026111-vanilla-os-xlarge-xlarge-aws-v2,1,ip-172-31-23-205,ranking,benchANT
2026-09-18 10:31:10+00:00,processes,dead,0,dbms,09-2026,yugabyte-2026111-vanilla-os-xlarge-xlarge-aws-v2,1,ip-172-31-23-205,ranking,benchANT
2026-09-18 10:31:20+00:00,processes,dead,0,dbms,09-2026,yugabyte-2026111-vanilla-os-xlarge-xlarge-aws-v2,1,ip-172-31-23-205,ranking,benchANT
2026-09-18 10:23:00+00:00,processes,idle,78,dbms,09-2026,yugabyte-2026111-vanilla-os-xlarge-xlarge-aws-v2,1,ip-172-31-23-205,ranking,benchANT
2026-09-18 10:23:10+00:00,processes,idle,78,dbms,09-2026,yugabyte-2026111-vanilla-os-xlarge-xlarge-aws-v2,1,ip-172-31-23-205,ranking,benchANT
2026-09-18 10:23:20+00:00,processes,idle,78,dbms,09-2026,yugabyte-2026111-vanilla-os-xlarge-xlarge-aws-v2,1,ip-172-31-23-205,ranking,benchANT
2026-09-18 10:23:30+00:00,processes,idle,79,dbms,09-2026,yugabyte-2026111-vanilla-os-xlarge-xlarge-aws-v2,1,ip-172-31-23-205,ranking,benchANT
2026-09-18 10:23:40+00:00,processes,idle,79,dbms,09-2026,yugabyte-2026111-vanilla-os-xlarge-xlarge-aws-v2,1,ip-172-31-23-205,ranking,benchANT
2026-09-18 10:23:50+00:00,processes,idle,79,dbms,09-2026,yugabyte-2026111-vanilla-os-xlarge-xlarge-aws-v2,1,ip-172-31-23-205,ranking,benchANT
2026-09-18 10:24:00+00:00,processes,idle,79,dbms,09-2026,yugabyte-2026111-vanilla-os-xlarge-xlarge-aws-v2,1,ip-172-31-23-205,ranking,benchANT
2026-09-18 10:24:10+00:00,processes,idle,79,dbms,09-2026,yugabyte-2026111-vanilla-os-xlarge-xlarge-aws-v2,1,ip-172-31-23-205,ranking,benchANT
2026-09-18 10:24:20+00:00,processes,idle,79,dbms,09-2026,yugabyte-2026111-vanilla-os-xlarge-xlarge-aws-v2,1,ip-172-31-23-205,ranking,benchANT
2026-09-18 10:24:30+00:00,processes,idle,79,dbms,09-2026,yugabyte-2026111-vanilla-os-xlarge-xlarge-aws-v2,1,ip-172-31-23-205,ranking,benchANT
2026-09-18 10:24:40+00:00,processes,idle,79,dbms,09-2026,yugabyte-2026111-vanilla-os-xlarge-xlarge-aws-v2,1,ip-172-31-23-205,ranking,benchANT
2026-09-18 10:24:50+00:00,processes,idle,79,dbms,09-2026,yugabyte-2026111-vanilla-os-xlarge-xlarge-aws-v2,1,ip-172-31-23-205,ranking,benchANT
2026-09-18 10:25:00+00:00,processes,idle,79,dbms,09-2026,yugabyte-2026111-vanilla-os-xlarge-xlarge-aws-v2,1,ip-172-31-23-205,ranking,benchANT
2026-09-18 10:25:10+00:00,processes,idle,79,dbms,09-2026,yugabyte-2026111-vanilla-os-xlarge-xlarge-aws-v2,1,ip-172-31-23-205,ranking,benchANT
2026-09-18 10:25:20+00:00,processes,idle,79,dbms,09-2026,yugabyte-2026111-vanilla-os-xlarge-xlarge-aws-v2,1,ip-172-31-23-205,ranking,benchANT
2026-09-18 10:25:30+00:00,processes,idle,79,dbms,09-2026,yugabyte-2026111-vanilla-os-xlarge-xlarge-aws-v2,1,ip-172-31-23-205,ranking,benchANT
2026-09-18 10:25:40+00:00,processes,idle,79,dbms,09-2026,yugabyte-2026111-vanilla-os-xlarge-xlarge-aws-v2,1,ip-172-31-23-205,ranking,benchANT
2026-09-18 10:25:50+00:00,processes,idle,78,dbms,09-2026,yugabyte-2026111-vanilla-os-xlarge-xlarge-aws-v2,1,ip-172-31-23-205,ranking,benchANT
2026-09-18 10:26:00+00:00,processes,idle,77,dbms,09-2026,yugabyte-2026111-vanilla-os-xlarge-xlarge-aws-v2,1,ip-172-31-23-205,ranking,benchANT
2026-09-18 10:26:10+00:00,processes,idle,78,dbms,09-2026,yugabyte-2026111-vanilla-os-xlarge-xlarge-aws-v2,1,ip-172-31-23-205,ranking,benchANT
2026-09-18 10:26:20+00:00,processes,idle,78,dbms,09-2026,yugabyte-2026111-vanilla-os-xlarge-xlarge-aws-v2,1,ip-172-31-23-205,ranking,benchANT
2026-09-18 10:26:30+00:00,processes,idle,78,dbms,09-2026,yugabyte-2026111-vanilla-os-xlarge-xlarge-aws-v2,1,ip-172-31-23-205,ranking,benchANT
2026-09-18 10:26:40+00:00,processes,idle,78,dbms,09-2026,yugabyte-2026111-vanilla-os-xlarge-xlarge-aws-v2,1,ip-172-31-23-205,ranking,benchANT
2026-09-18 10:26:50+00:00,processes,idle,78,dbms,09-2026,yugabyte-2026111-vanilla-os-xlarge-xlarge-aws-v2,1,ip-172-31-23-205,ranking,benchANT
2026-09-18 10:27:00+00:00,processes,idle,78,dbms,09-2026,yugabyte-2026111-vanilla-os-xlarge-xlarge-aws-v2,1,ip-172-31-23-205,ranking,benchANT
2026-09-18 10:27:10+00:00,processes,idle,78,dbms,09-2026,yugabyte-2026111-vanilla-os-xlarge-xlarge-aws-v2,1,ip-172-31-23-205,ranking,benchANT
2026-09-18 10:27:20+00:00,processes,idle,78,dbms,09-2026,yugabyte-2026111-vanilla-os-xlarge-xlarge-aws-v2,1,ip-172-31-23-205,ranking,benchANT
2026-09-18 10:27:30+00:00,processes,idle,78,dbms,09-2026,yugabyte-2026111-vanilla-os-xlarge-xlarge-aws-v2,1,ip-172-31-23-205,ranking,benchANT
2026-09-18 10:27:40+00:00,processes,idle,78,dbms,09-2026,yugabyte-2026111-vanilla-os-xlarge-xlarge-aws-v2,1,ip-172-31-23-205,ranking,benchANT
2026-09-18 10:27:50+00:00,processes,idle,78,dbms,09-2026,yugabyte-2026111-vanilla-os-xlarge-xlarge-aws-v2,1,ip-172-31-23-205,ranking,benchANT
2026-09-18 10:28:00+00:00,processes,idle,78,dbms,09-2026,yugabyte-2026111-vanilla-os-xlarge-xlarge-aws-v2,1,ip-172-31-23-205,ranking,benchANT
2026-09-18 10:28:10+00:00,processes,idle,78,dbms,09-2026,yugabyte-2026111-vanilla-os-xlarge-xlarge-aws-v2,1,ip-172-31-23-205,ranking,benchANT
2026-09-18 10:28:20+00:00,processes,idle,78,dbms,09-2026,yugabyte-2026111-vanilla-os-xlarge-xlarge-aws-v2,1,ip-172-31-23-205,ranking,benchANT
2026-09-18 10:28:30+00:00,processes,idle,75,dbms,09-2026,yugabyte-2026111-vanilla-os-xlarge-xlarge-aws-v2,1,ip-172-31-23-205,ranking,benchANT
2026-09-18 10:28:40+00:00,processes,idle,76,dbms,09-2026,yugabyte-2026111-vanilla-os-xlarge-xlarge-aws-v2,1,ip-172-31-23-205,ranking,benchANT
2026-09-18 10:28:50+00:00,processes,idle,77,dbms,09-2026,yugabyte-2026111-vanilla-os-xlarge-xlarge-aws-v2,1,ip-172-31-23-205,ranking,benchANT
2026-09-18 10:29:00+00:00,processes,idle,76,dbms,09-2026,yugabyte-2026111-vanilla-os-xlarge-xlarge-aws-v2,1,ip-172-31-23-205,ranking,benchANT
2026-09-18 10:29:10+00:00,processes,idle,77,dbms,09-2026,yugabyte-2026111-vanilla-os-xlarge-xlarge-aws-v2,1,ip-172-31-23-205,ranking,benchANT
2026-09-18 10:29:20+00:00,processes,idle,76,dbms,09-2026,yugabyte-2026111-vanilla-os-xlarge-xlarge-aws-v2,1,ip-172-31-23-205,ranking,benchANT
2026-09-18 10:29:30+00:00,processes,idle,76,dbms,09-2026,yugabyte-2026111-vanilla-os-xlarge-xlarge-aws-v2,1,ip-172-31-23-205,ranking,benchANT
2026-09-18 10:29:40+00:00,processes,idle,77,dbms,09-2026,yugabyte-2026111-vanilla-os-xlarge-xlarge-aws-v2,1,ip-172-31-23-205,ranking,benchANT
2026-09-18 10:29:50+00:00,processes,idle,77,dbms,09-2026,yugabyte-2026111-vanilla-os-xlarge-xlarge-aws-v2,1,ip-172-31-23-205,ranking,benchANT
2026-09-18 10:30:00+00:00,processes,idle,77,dbms,09-2026,yugabyte-2026111-vanilla-os-xlarge-xlarge-aws-v2,1,ip-172-31-23-205,ranking,benchANT
2026-09-18 10:30:10+00:00,processes,idle,77,dbms,09-2026,yugabyte-2026111-vanilla-os-xlarge-xlarge-aws-v2,1,ip-172-31-23-205,ranking,benchANT
2026-09-18 10:30:20+00:00,processes,idle,79,dbms,09-2026,yugabyte-2026111-vanilla-os-xlarge-xlarge-aws-v2,1,ip-172-31-23-205,ranking,benchANT
2026-09-18 10:30:30+00:00,processes,idle,79,dbms,09-2026,yugabyte-2026111-vanilla-os-xlarge-xlarge-aws-v2,1,ip-172-31-23-205,ranking,benchANT
2026-09-18 10:30:40+00:00,processes,idle,79,dbms,09-2026,yugabyte-2026111-vanilla-os-xlarge-xlarge-aws-v2,1,ip-172-31-23-205,ranking,benchANT
2026-09-18 10:30:50+00:00,processes,idle,79,dbms,09-2026,yugabyte-2026111-vanilla-os-xlarge-xlarge-aws-v2,1,ip-172-31-23-205,ranking,benchANT
2026-09-18 10:31:00+00:00,processes,idle,79,dbms,09-2026,yugabyte-2026111-vanilla-os-xlarge-xlarge-aws-v2,1,ip-172-31-23-205,ranking,benchANT
2026-09-18 10:31:10+00:00,processes,idle,79,dbms,09-2026,yugabyte-2026111-vanilla-os-xlarge-xlarge-aws-v2,1,ip-172-31-23-205,ranking,benchANT
2026-09-18 10:31:20+00:00,processes,idle,79,dbms,09-2026,yugabyte-2026111-vanilla-os-xlarge-xlarge-aws-v2,1,ip-172-31-23-205,ranking,benchANT
2026-09-18 10:23:00+00:00,processes,paging,0,dbms,09-2026,yugabyte-2026111-vanilla-os-xlarge-xlarge-aws-v2,1,ip-172-31-23-205,ranking,benchANT
2026-09-18 10:23:10+00:00,processes,paging,0,dbms,09-2026,yugabyte-2026111-vanilla-os-xlarge-xlarge-aws-v2,1,ip-172-31-23-205,ranking,benchANT
2026-09-18 10:23:20+00:00,processes,paging,0,dbms,09-2026,yugabyte-2026111-vanilla-os-xlarge-xlarge-aws-v2,1,ip-172-31-23-205,ranking,benchANT
2026-09-18 10:23:30+00:00,processes,paging,0,dbms,09-2026,yugabyte-2026111-vanilla-os-xlarge-xlarge-aws-v2,1,ip-172-31-23-205,ranking,benchANT
2026-09-18 10:23:40+00:00,processes,paging,0,dbms,09-2026,yugabyte-2026111-vanilla-os-xlarge-xlarge-aws-v2,1,ip-172-31-23-205,ranking,benchANT
2026-09-18 10:23:50+00:00,processes,paging,0,dbms,09-2026,yugabyte-2026111-vanilla-os-xlarge-xlarge-aws-v2,1,ip-172-31-23-205,ranking,benchANT
2026-09-18 10:24:00+00:00,processes,paging,0,dbms,09-2026,yugabyte-2026111-vanilla-os-xlarge-xlarge-aws-v2,1,ip-172-31-23-205,ranking,benchANT
2026-09-18 10:24:10+00:00,processes,paging,0,dbms,09-2026,yugabyte-2026111-vanilla-os-xlarge-xlarge-aws-v2,1,ip-172-31-23-205,ranking,benchANT
2026-09-18 10:24:20+00:00,processes,paging,0,dbms,09-2026,yugabyte-2026111-vanilla-os-xlarge-xlarge-aws-v2,1,ip-172-31-23-205,ranking,benchANT
2026-09-18 10:24:30+00:00,processes,paging,0,dbms,09-2026,yugabyte-2026111-vanilla-os-xlarge-xlarge-aws-v2,1,ip-172-31-23-205,ranking,benchANT
2026-09-18 10:24:40+00:00,processes,paging,0,dbms,09-2026,yugabyte-2026111-vanilla-os-xlarge-xlarge-aws-v2,1,ip-172-31-23-205,ranking,benchANT
2026-09-18 10:24:50+00:00,processes,paging,0,dbms,09-2026,yugabyte-2026111-vanilla-os-xlarge-xlarge-aws-v2,1,ip-172-31-23-205,ranking,benchANT
2026-09-18 10:25:00+00:00,processes,paging,0,dbms,09-2026,yugabyte-2026111-vanilla-os-xlarge-xlarge-aws-v2,1,ip-172-31-23-205,ranking,benchANT
2026-09-18 10:25:10+00:00,processes,paging,0,dbms,09-2026,yugabyte-2026111-vanilla-os-xlarge-xlarge-aws-v2,1,ip-172-31-23-205,ranking,benchANT
2026-09-18 10:25:20+00:00,processes,paging,0,dbms,09-2026,yugabyte-2026111-vanilla-os-xlarge-xlarge-aws-v2,1,ip-172-31-23-205,ranking,benchANT
2026-09-18 10:25:30+00:00,processes,paging,0,dbms,09-2026,yugabyte-2026111-vanilla-os-xlarge-xlarge-aws-v2,1,ip-172-31-23-205,ranking,benchANT
2026-09-18 10:25:40+00:00,processes,paging,0,dbms,09-2026,yugabyte-2026111-vanilla-os-xlarge-xlarge-aws-v2,1,ip-172-31-23-205,ranking,benchANT
2026-09-18 10:25:50+00:00,processes,paging,0,dbms,09-2026,yugabyte-2026111-vanilla-os-xlarge-xlarge-aws-v2,1,ip-172-31-23-205,ranking,benchANT
2026-09-18 10:26:00+00:00,processes,paging,0,dbms,09-2026,yugabyte-2026111-vanilla-os-xlarge-xlarge-aws-v2,1,ip-172-31-23-205,ranking,benchANT
2026-09-18 10:26:10+00:00,processes,paging,0,dbms,09-2026,yugabyte-2026111-vanilla-os-xlarge-xlarge-aws-v2,1,ip-172-31-23-205,ranking,benchANT
2026-09-18 10:26:20+00:00,processes,paging,0,dbms,09-2026,yugabyte-2026111-vanilla-os-xlarge-xlarge-aws-v2,1,ip-172-31-23-205,ranking,benchANT
2026-09-18 10:26:30+00:00,processes,paging,0,dbms,09-2026,yugabyte-2026111-vanilla-os-xlarge-xlarge-aws-v2,1,ip-172-31-23-205,ranking,benchANT
2026-09-18 10:26:40+00:00,processes,paging,0,dbms,09-2026,yugabyte-2026111-vanilla-os-xlarge-xlarge-aws-v2,1,ip-172-31-23-205,ranking,benchANT
2026-09-18 10:26:50+00:00,processes,paging,0,dbms,09-2026,yugabyte-2026111-vanilla-os-xlarge-xlarge-aws-v2,1,ip-172-31-23-205,ranking,benchANT
2026-09-18 10:27:00+00:00,processes,paging,0,dbms,09-2026,yugabyte-2026111-vanilla-os-xlarge-xlarge-aws-v2,1,ip-172-31-23-205,ranking,benchANT
2026-09-18 10:27:10+00:00,processes,paging,0,dbms,09-2026,yugabyte-2026111-vanilla-os-xlarge-xlarge-aws-v2,1,ip-172-31-23-205,ranking,benchANT
2026-09-18 10:27:20+00:00,processes,paging,0,dbms,09-2026,yugabyte-2026111-vanilla-os-xlarge-xlarge-aws-v2,1,ip-172-31-23-205,ranking,benchANT
2026-09-18 10:27:30+00:00,processes,paging,0,dbms,09-2026,yugabyte-2026111-vanilla-os-xlarge-xlarge-aws-v2,1,ip-172-31-23-205,ranking,benchANT
2026-09-18 10:27:40+00:00,processes,paging,0,dbms,09-2026,yugabyte-2026111-vanilla-os-xlarge-xlarge-aws-v2,1,ip-172-31-23-205,ranking,benchANT
2026-09-18 10:27:50+00:00,processes,paging,0,dbms,09-2026,yugabyte-2026111-vanilla-os-xlarge-xlarge-aws-v2,1,ip-172-31-23-205,ranking,benchANT
2026-09-18 10:28:00+00:00,processes,paging,0,dbms,09-2026,yugabyte-2026111-vanilla-os-xlarge-xlarge-aws-v2,1,ip-172-31-23-205,ranking,benchANT
2026-09-18 10:28:10+00:00,processes,paging,0,dbms,09-2026,yugabyte-2026111-vanilla-os-xlarge-xlarge-aws-v2,1,ip-172-31-23-205,ranking,benchANT
2026-09-18 10:28:20+00:00,processes,paging,0,dbms,09-2026,yugabyte-2026111-vanilla-os-xlarge-xlarge-aws-v2,1,ip-172-31-23-205,ranking,benchANT
2026-09-18 10:28:30+00:00,processes,paging,0,dbms,09-2026,yugabyte-2026111-vanilla-os-xlarge-xlarge-aws-v2,1,ip-172-31-23-205,ranking,benchANT
2026-09-18 10:28:40+00:00,processes,paging,0,dbms,09-2026,yugabyte-2026111-vanilla-os-xlarge-xlarge-aws-v2,1,ip-172-31-23-205,ranking,benchANT
2026-09-18 10:28:50+00:00,processes,paging,0,dbms,09-2026,yugabyte-2026111-vanilla-os-xlarge-xlarge-aws-v2,1,ip-172-31-23-205,ranking,benchANT
2026-09-18 10:29:00+00:00,processes,paging,0,dbms,09-2026,yugabyte-2026111-vanilla-os-xlarge-xlarge-aws-v2,1,ip-172-31-23-205,ranking,benchANT
2026-09-18 10:29:10+00:00,processes,paging,0,dbms,09-2026,yugabyte-2026111-vanilla-os-xlarge-xlarge-aws-v2,1,ip-172-31-23-205,ranking,benchANT
2026-09-18 10:29:20+00:00,processes,paging,0,dbms,09-2026,yugabyte-2026111-vanilla-os-xlarge-xlarge-aws-v2,1,ip-172-31-23-205,ranking,benchANT
2026-09-18 10:29:30+00:00,processes,paging,0,dbms,09-2026,yugabyte-2026111-vanilla-os-xlarge-xlarge-aws-v2,1,ip-172-31-23-205,ranking,benchANT
2026-09-18 10:29:40+00:00,processes,paging,0,dbms,09-2026,yugabyte-2026111-vanilla-os-xlarge-xlarge-aws-v2,1,ip-172-31-23-205,ranking,benchANT
2026-09-18 10:29:50+00:00,processes,paging,0,dbms,09-2026,yugabyte-2026111-vanilla-os-xlarge-xlarge-aws-v2,1,ip-172-31-23-205,ranking,benchANT
2026-09-18 10:30:00+00:00,processes,paging,0,dbms,09-2026,yugabyte-2026111-vanilla-os-xlarge-xlarge-aws-v2,1,ip-172-31-23-205,ranking,benchANT
2026-09-18 10:30:10+00:00,processes,paging,0,dbms,09-2026,yugabyte-2026111-vanilla-os-xlarge-xlarge-aws-v2,1,ip-172-31-23-205,ranking,benchANT
2026-09-18 10:30:20+00:00,processes,paging,0,dbms,09-2026,yugabyte-2026111-vanilla-os-xlarge-xlarge-aws-v2,1,ip-172-31-23-205,ranking,benchANT
2026-09-18 10:30:30+00:00,processes,paging,0,dbms,09-2026,yugabyte-2026111-vanilla-os-xlarge-xlarge-aws-v2,1,ip-172-31-23-205,ranking,benchANT
2026-09-18 10:30:40+00:00,processes,paging,0,dbms,09-2026,yugabyte-2026111-vanilla-os-xlarge-xlarge-aws-v2,1,ip-172-31-23-205,ranking,benchANT
2026-09-18 10:30:50+00:00,processes,paging,0,dbms,09-2026,yugabyte-2026111-vanilla-os-xlarge-xlarge-aws-v2,1,ip-172-31-23-205,ranking,benchANT
2026-09-18 10:31:00+00:00,processes,paging,0,dbms,09-2026,yugabyte-2026111-vanilla-os-xlarge-xlarge-aws-v2,1,ip-172-31-23-205,ranking,benchANT
2026-09-18 10:31:10+00:00,processes,paging,0,dbms,09-2026,yugabyte-2026111-vanilla-os-xlarge-xlarge-aws-v2,1,ip-172-31-23-205,ranking,benchANT
2026-09-18 10:31:20+00:00,processes,paging,0,dbms,09-2026,yugabyte-2026111-vanilla-os-xlarge-xlarge-aws-v2,1,ip-172-31-23-205,ranking,benchANT
2026-09-18 10:23:00+00:00,processes,running,8,dbms,09-2026,yugabyte-2026111-vanilla-os-xlarge-xlarge-aws-v2,1,ip-172-31-23-205,ranking,benchANT
2026-09-18 10:23:10+00:00,processes,running,4,dbms,09-2026,yugabyte-2026111-vanilla-os-xlarge-xlarge-aws-v2,1,ip-172-31-23-205,ranking,benchANT
2026-09-18 10:23:20+00:00,processes,running,2,dbms,09-2026,yugabyte-2026111-vanilla-os-xlarge-xlarge-aws-v2,1,ip-172-31-23-205,ranking,benchANT
2026-09-18 10:23:30+00:00,processes,running,4,dbms,09-2026,yugabyte-2026111-vanilla-os-xlarge-xlarge-aws-v2,1,ip-172-31-23-205,ranking,benchANT
2026-09-18 10:23:40+00:00,processes,running,7,dbms,09-2026,yugabyte-2026111-vanilla-os-xlarge-xlarge-aws-v2,1,ip-172-31-23-205,ranking,benchANT
2026-09-18 10:23:50+00:00,processes,running,6,dbms,09-2026,yugabyte-2026111-vanilla-os-xlarge-xlarge-aws-v2,1,ip-172-31-23-205,ranking,benchANT
2026-09-18 10:24:00+00:00,processes,running,3,dbms,09-2026,yugabyte-2026111-vanilla-os-xlarge-xlarge-aws-v2,1,ip-172-31-23-205,ranking,benchANT
2026-09-18 10:24:10+00:00,processes,running,3,dbms,09-2026,yugabyte-2026111-vanilla-os-xlarge-xlarge-aws-v2,1,ip-172-31-23-205,ranking,benchANT
2026-09-18 10:24:20+00:00,processes,running,4,dbms,09-2026,yugabyte-2026111-vanilla-os-xlarge-xlarge-aws-v2,1,ip-172-31-23-205,ranking,benchANT
2026-09-18 10:24:30+00:00,processes,running,3,dbms,09-2026,yugabyte-2026111-vanilla-os-xlarge-xlarge-aws-v2,1,ip-172-31-23-205,ranking,benchANT
2026-09-18 10:24:40+00:00,processes,running,5,dbms,09-2026,yugabyte-2026111-vanilla-os-xlarge-xlarge-aws-v2,1,ip-172-31-23-205,ranking,benchANT
2026-09-18 10:24:50+00:00,processes,running,4,dbms,09-2026,yugabyte-2026111-vanilla-os-xlarge-xlarge-aws-v2,1,ip-172-31-23-205,ranking,benchANT
2026-09-18 10:25:00+00:00,processes,running,1,dbms,09-2026,yugabyte-2026111-vanilla-os-xlarge-xlarge-aws-v2,1,ip-172-31-23-205,ranking,benchANT
2026-09-18 10:25:10+00:00,processes,running,3,dbms,09-2026,yugabyte-2026111-vanilla-os-xlarge-xlarge-aws-v2,1,ip-172-31-23-205,ranking,benchANT
2026-09-18 10:25:20+00:00,processes,running,3,dbms,09-2026,yugabyte-2026111-vanilla-os-xlarge-xlarge-aws-v2,1,ip-172-31-23-205,ranking,benchANT
2026-09-18 10:25:30+00:00,processes,running,6,dbms,09-2026,yugabyte-2026111-vanilla-os-xlarge-xlarge-aws-v2,1,ip-172-31-23-205,ranking,benchANT
2026-09-18 10:25:40+00:00,processes,running,3,dbms,09-2026,yugabyte-2026111-vanilla-os-xlarge-xlarge-aws-v2,1,ip-172-31-23-205,ranking,benchANT
2026-09-18 10:25:50+00:00,processes,running,5,dbms,09-2026,yugabyte-2026111-vanilla-os-xlarge-xlarge-aws-v2,1,ip-172-31-23-205,ranking,benchANT
2026-09-18 10:26:00+00:00,processes,running,8,dbms,09-2026,yugabyte-2026111-vanilla-os-xlarge-xlarge-aws-v2,1,ip-172-31-23-205,ranking,benchANT
2026-09-18 10:26:10+00:00,processes,running,5,dbms,09-2026,yugabyte-2026111-vanilla-os-xlarge-xlarge-aws-v2,1,ip-172-31-23-205,ranking,benchANT
2026-09-18 10:26:20+00:00,processes,running,7,dbms,09-2026,yugabyte-2026111-vanilla-os-xlarge-xlarge-aws-v2,1,ip-172-31-23-205,ranking,benchANT
2026-09-18 10:26:30+00:00,processes,running,4,dbms,09-2026,yugabyte-2026111-vanilla-os-xlarge-xlarge-aws-v2,1,ip-172-31-23-205,ranking,benchANT
2026-09-18 10:26:40+00:00,processes,running,2,dbms,09-2026,yugabyte-2026111-vanilla-os-xlarge-xlarge-aws-v2,1,ip-172-31-23-205,ranking,benchANT
2026-09-18 10:26:50+00:00,processes,running,3,dbms,09-2026,yugabyte-2026111-vanilla-os-xlarge-xlarge-aws-v2,1,ip-172-31-23-205,ranking,benchANT
2026-09-18 10:27:00+00:00,processes,running,3,dbms,09-2026,yugabyte-2026111-vanilla-os-xlarge-xlarge-aws-v2,1,ip-172-31-23-205,ranking,benchANT
2026-09-18 10:27:10+00:00,processes,running,7,dbms,09-2026,yugabyte-2026111-vanilla-os-xlarge-xlarge-aws-v2,1,ip-172-31-23-205,ranking,benchANT
2026-09-18 10:27:20+00:00,processes,running,4,dbms,09-2026,yugabyte-2026111-vanilla-os-xlarge-xlarge-aws-v2,1,ip-172-31-23-205,ranking,benchANT
2026-09-18 10:27:30+00:00,processes,running,4,dbms,09-2026,yugabyte-2026111-vanilla-os-xlarge-xlarge-aws-v2,1,ip-172-31-23-205,ranking,benchANT
2026-09-18 10:27:40+00:00,processes,running,8,dbms,09-2026,yugabyte-2026111-vanilla-os-xlarge-xlarge-aws-v2,1,ip-172-31-23-205,ranking,benchANT
2026-09-18 10:27:50+00:00,processes,running,9,dbms,09-2026,yugabyte-2026111-vanilla-os-xlarge-xlarge-aws-v2,1,ip-172-31-23-205,ranking,benchANT
2026-09-18 10:28:00+00:00,processes,running,4,dbms,09-2026,yugabyte-2026111-vanilla-os-xlarge-xlarge-aws-v2,1,ip-172-31-23-205,ranking,benchANT
2026-09-18 10:28:10+00:00,processes,running,5,dbms,09-2026,yugabyte-2026111-vanilla-os-xlarge-xlarge-aws-v2,1,ip-172-31-23-205,ranking,benchANT
2026-09-18 10:28:20+00:00,processes,running,4,dbms,09-2026,yugabyte-2026111-vanilla-os-xlarge-xlarge-aws-v2,1,ip-172-31-23-205,ranking,benchANT
2026-09-18 10:28:30+00:00,processes,running,8,dbms,09-2026,yugabyte-2026111-vanilla-os-xlarge-xlarge-aws-v2,1,ip-172-31-23-205,ranking,benchANT
2026-09-18 10:28:40+00:00,processes,running,5,dbms,09-2026,yugabyte-2026111-vanilla-os-xlarge-xlarge-aws-v2,1,ip-172-31-23-205,ranking,benchANT
2026-09-18 10:28:50+00:00,processes,running,5,dbms,09-2026,yugabyte-2026111-vanilla-os-xlarge-xlarge-aws-v2,1,ip-172-31-23-205,ranking,benchANT
2026-09-18 10:29:00+00:00,processes,running,4,dbms,09-2026,yugabyte-2026111-vanilla-os-xlarge-xlarge-aws-v2,1,ip-172-31-23-205,ranking,benchANT
2026-09-18 10:29:10+00:00,processes,running,1,dbms,09-2026,yugabyte-2026111-vanilla-os-xlarge-xlarge-aws-v2,1,ip-172-31-23-205,ranking,benchANT
2026-09-18 10:29:20+00:00,processes,running,3,dbms,09-2026,yugabyte-2026111-vanilla-os-xlarge-xlarge-aws-v2,1,ip-172-31-23-205,ranking,benchANT
2026-09-18 10:29:30+00:00,processes,running,7,dbms,09-2026,yugabyte-2026111-vanilla-os-xlarge-xlarge-aws-v2,1,ip-172-31-23-205,ranking,benchANT
2026-09-18 10:29:40+00:00,processes,running,2,dbms,09-2026,yugabyte-2026111-vanilla-os-xlarge-xlarge-aws-v2,1,ip-172-31-23-205,ranking,benchANT
2026-09-18 10:29:50+00:00,processes,running,6,dbms,09-2026,yugabyte-2026111-vanilla-os-xlarge-xlarge-aws-v2,1,ip-172-31-23-205,ranking,benchANT
2026-09-18 10:30:00+00:00,processes,running,2,dbms,09-2026,yugabyte-2026111-vanilla-os-xlarge-xlarge-aws-v2,1,ip-172-31-23-205,ranking,benchANT
2026-09-18 10:30:10+00:00,processes,running,7,dbms,09-2026,yugabyte-2026111-vanilla-os-xlarge-xlarge-aws-v2,1,ip-172-31-23-205,ranking,benchANT
2026-09-18 10:30:20+00:00,processes,running,2,dbms,09-2026,yugabyte-2026111-vanilla-os-xlarge-xlarge-aws-v2,1,ip-172-31-23-205,ranking,benchANT
2026-09-18 10:30:30+00:00,processes,running,3,dbms,09-2026,yugabyte-2026111-vanilla-os-xlarge-xlarge-aws-v2,1,ip-172-31-23-205,ranking,benchANT
2026-09-18 10:30:40+00:00,processes,running,3,dbms,09-2026,yugabyte-2026111-vanilla-os-xlarge-xlarge-aws-v2,1,ip-172-31-23-205,ranking,benchANT
2026-09-18 10:30:50+00:00,processes,running,4,dbms,09-2026,yugabyte-2026111-vanilla-os-xlarge-xlarge-aws-v2,1,ip-172-31-23-205,ranking,benchANT
2026-09-18 10:31:00+00:00,processes,running,0,dbms,09-2026,yugabyte-2026111-vanilla-os-xlarge-xlarge-aws-v2,1,ip-172-31-23-205,ranking,benchANT
2026-09-18 10:31:10+00:00,processes,running,0,dbms,09-2026,yugabyte-2026111-vanilla-os-xlarge-xlarge-aws-v2,1,ip-172-31-23-205,ranking,benchANT
2026-09-18 10:31:20+00:00,processes,running,0,dbms,09-2026,yugabyte-2026111-vanilla-os-xlarge-xlarge-aws-v2,1,ip-172-31-23-205,ranking,benchANT
2026-09-18 10:23:00+00:00,processes,sleeping,144,dbms,09-2026,yugabyte-2026111-vanilla-os-xlarge-xlarge-aws-v2,1,ip-172-31-23-205,ranking,benchANT
2026-09-18 10:23:10+00:00,processes,sleeping,148,dbms,09-2026,yugabyte-2026111-vanilla-os-xlarge-xlarge-aws-v2,1,ip-172-31-23-205,ranking,benchANT
2026-09-18 10:23:20+00:00,processes,sleeping,150,dbms,09-2026,yugabyte-2026111-vanilla-os-xlarge-xlarge-aws-v2,1,ip-172-31-23-205,ranking,benchANT
2026-09-18 10:23:30+00:00,processes,sleeping,148,dbms,09-2026,yugabyte-2026111-vanilla-os-xlarge-xlarge-aws-v2,1,ip-172-31-23-205,ranking,benchANT
2026-09-18 10:23:40+00:00,processes,sleeping,145,dbms,09-2026,yugabyte-2026111-vanilla-os-xlarge-xlarge-aws-v2,1,ip-172-31-23-205,ranking,benchANT
2026-09-18 10:23:50+00:00,processes,sleeping,146,dbms,09-2026,yugabyte-2026111-vanilla-os-xlarge-xlarge-aws-v2,1,ip-172-31-23-205,ranking,benchANT
2026-09-18 10:24:00+00:00,processes,sleeping,149,dbms,09-2026,yugabyte-2026111-vanilla-os-xlarge-xlarge-aws-v2,1,ip-172-31-23-205,ranking,benchANT
2026-09-18 10:24:10+00:00,processes,sleeping,149,dbms,09-2026,yugabyte-2026111-vanilla-os-xlarge-xlarge-aws-v2,1,ip-172-31-23-205,ranking,benchANT
2026-09-18 10:24:20+00:00,processes,sleeping,148,dbms,09-2026,yugabyte-2026111-vanilla-os-xlarge-xlarge-aws-v2,1,ip-172-31-23-205,ranking,benchANT
2026-09-18 10:24:30+00:00,processes,sleeping,149,dbms,09-2026,yugabyte-2026111-vanilla-os-xlarge-xlarge-aws-v2,1,ip-172-31-23-205,ranking,benchANT
2026-09-18 10:24:40+00:00,processes,sleeping,147,dbms,09-2026,yugabyte-2026111-vanilla-os-xlarge-xlarge-aws-v2,1,ip-172-31-23-205,ranking,benchANT
2026-09-18 10:24:50+00:00,processes,sleeping,148,dbms,09-2026,yugabyte-2026111-vanilla-os-xlarge-xlarge-aws-v2,1,ip-172-31-23-205,ranking,benchANT
2026-09-18 10:25:00+00:00,processes,sleeping,151,dbms,09-2026,yugabyte-2026111-vanilla-os-xlarge-xlarge-aws-v2,1,ip-172-31-23-205,ranking,benchANT
2026-09-18 10:25:10+00:00,processes,sleeping,149,dbms,09-2026,yugabyte-2026111-vanilla-os-xlarge-xlarge-aws-v2,1,ip-172-31-23-205,ranking,benchANT
2026-09-18 10:25:20+00:00,processes,sleeping,149,dbms,09-2026,yugabyte-2026111-vanilla-os-xlarge-xlarge-aws-v2,1,ip-172-31-23-205,ranking,benchANT
2026-09-18 10:25:30+00:00,processes,sleeping,146,dbms,09-2026,yugabyte-2026111-vanilla-os-xlarge-xlarge-aws-v2,1,ip-172-31-23-205,ranking,benchANT
2026-09-18 10:25:40+00:00,processes,sleeping,149,dbms,09-2026,yugabyte-2026111-vanilla-os-xlarge-xlarge-aws-v2,1,ip-172-31-23-205,ranking,benchANT
2026-09-18 10:25:50+00:00,processes,sleeping,147,dbms,09-2026,yugabyte-2026111-vanilla-os-xlarge-xlarge-aws-v2,1,ip-172-31-23-205,ranking,benchANT
2026-09-18 10:26:00+00:00,processes,sleeping,145,dbms,09-2026,yugabyte-2026111-vanilla-os-xlarge-xlarge-aws-v2,1,ip-172-31-23-205,ranking,benchANT
2026-09-18 10:26:10+00:00,processes,sleeping,147,dbms,09-2026,yugabyte-2026111-vanilla-os-xlarge-xlarge-aws-v2,1,ip-172-31-23-205,ranking,benchANT
2026-09-18 10:26:20+00:00,processes,sleeping,145,dbms,09-2026,yugabyte-2026111-vanilla-os-xlarge-xlarge-aws-v2,1,ip-172-31-23-205,ranking,benchANT
2026-09-18 10:26:30+00:00,processes,sleeping,148,dbms,09-2026,yugabyte-2026111-vanilla-os-xlarge-xlarge-aws-v2,1,ip-172-31-23-205,ranking,benchANT
2026-09-18 10:26:40+00:00,processes,sleeping,150,dbms,09-2026,yugabyte-2026111-vanilla-os-xlarge-xlarge-aws-v2,1,ip-172-31-23-205,ranking,benchANT
2026-09-18 10:26:50+00:00,processes,sleeping,148,dbms,09-2026,yugabyte-2026111-vanilla-os-xlarge-xlarge-aws-v2,1,ip-172-31-23-205,ranking,benchANT
2026-09-18 10:27:00+00:00,processes,sleeping,149,dbms,09-2026,yugabyte-2026111-vanilla-os-xlarge-xlarge-aws-v2,1,ip-172-31-23-205,ranking,benchANT
2026-09-18 10:27:10+00:00,processes,sleeping,145,dbms,09-2026,yugabyte-2026111-vanilla-os-xlarge-xlarge-aws-v2,1,ip-172-31-23-205,ranking,benchANT
2026-09-18 10:27:20+00:00,processes,sleeping,148,dbms,09-2026,yugabyte-2026111-vanilla-os-xlarge-xlarge-aws-v2,1,ip-172-31-23-205,ranking,benchANT
2026-09-18 10:27:30+00:00,processes,sleeping,148,dbms,09-2026,yugabyte-2026111-vanilla-os-xlarge-xlarge-aws-v2,1,ip-172-31-23-205,ranking,benchANT
2026-09-18 10:27:40+00:00,processes,sleeping,144,dbms,09-2026,yugabyte-2026111-vanilla-os-xlarge-xlarge-aws-v2,1,ip-172-31-23-205,ranking,benchANT
2026-09-18 10:27:50+00:00,processes,sleeping,143,dbms,09-2026,yugabyte-2026111-vanilla-os-xlarge-xlarge-aws-v2,1,ip-172-31-23-205,ranking,benchANT
2026-09-18 10:28:00+00:00,processes,sleeping,148,dbms,09-2026,yugabyte-2026111-vanilla-os-xlarge-xlarge-aws-v2,1,ip-172-31-23-205,ranking,benchANT
2026-09-18 10:28:10+00:00,processes,sleeping,147,dbms,09-2026,yugabyte-2026111-vanilla-os-xlarge-xlarge-aws-v2,1,ip-172-31-23-205,ranking,benchANT
2026-09-18 10:28:20+00:00,processes,sleeping,148,dbms,09-2026,yugabyte-2026111-vanilla-os-xlarge-xlarge-aws-v2,1,ip-172-31-23-205,ranking,benchANT
2026-09-18 10:28:30+00:00,processes,sleeping,146,dbms,09-2026,yugabyte-2026111-vanilla-os-xlarge-xlarge-aws-v2,1,ip-172-31-23-205,ranking,benchANT
2026-09-18 10:28:40+00:00,processes,sleeping,147,dbms,09-2026,yugabyte-2026111-vanilla-os-xlarge-xlarge-aws-v2,1,ip-172-31-23-205,ranking,benchANT
2026-09-18 10:28:50+00:00,processes,sleeping,147,dbms,09-2026,yugabyte-2026111-vanilla-os-xlarge-xlarge-aws-v2,1,ip-172-31-23-205,ranking,benchANT
2026-09-18 10:29:00+00:00,processes,sleeping,147,dbms,09-2026,yugabyte-2026111-vanilla-os-xlarge-xlarge-aws-v2,1,ip-172-31-23-205,ranking,benchANT
2026-09-18 10:29:10+00:00,processes,sleeping,151,dbms,09-2026,yugabyte-2026111-vanilla-os-xlarge-xlarge-aws-v2,1,ip-172-31-23-205,ranking,benchANT
2026-09-18 10:29:20+00:00,processes,sleeping,148,dbms,09-2026,yugabyte-2026111-vanilla-os-xlarge-xlarge-aws-v2,1,ip-172-31-23-205,ranking,benchANT
2026-09-18 10:29:30+00:00,processes,sleeping,146,dbms,09-2026,yugabyte-2026111-vanilla-os-xlarge-xlarge-aws-v2,1,ip-172-31-23-205,ranking,benchANT
2026-09-18 10:29:40+00:00,processes,sleeping,150,dbms,09-2026,yugabyte-2026111-vanilla-os-xlarge-xlarge-aws-v2,1,ip-172-31-23-205,ranking,benchANT
2026-09-18 10:29:50+00:00,processes,sleeping,146,dbms,09-2026,yugabyte-2026111-vanilla-os-xlarge-xlarge-aws-v2,1,ip-172-31-23-205,ranking,benchANT
2026-09-18 10:30:00+00:00,processes,sleeping,150,dbms,09-2026,yugabyte-2026111-vanilla-os-xlarge-xlarge-aws-v2,1,ip-172-31-23-205,ranking,benchANT
2026-09-18 10:30:10+00:00,processes,sleeping,145,dbms,09-2026,yugabyte-2026111-vanilla-os-xlarge-xlarge-aws-v2,1,ip-172-31-23-205,ranking,benchANT
2026-09-18 10:30:20+00:00,processes,sleeping,150,dbms,09-2026,yugabyte-2026111-vanilla-os-xlarge-xlarge-aws-v2,1,ip-172-31-23-205,ranking,benchANT
2026-09-18 10:30:30+00:00,processes,sleeping,149,dbms,09-2026,yugabyte-2026111-vanilla-os-xlarge-xlarge-aws-v2,1,ip-172-31-23-205,ranking,benchANT
2026-09-18 10:30:40+00:00,processes,sleeping,149,dbms,09-2026,yugabyte-2026111-vanilla-os-xlarge-xlarge-aws-v2,1,ip-172-31-23-205,ranking,benchANT
2026-09-18 10:30:50+00:00,processes,sleeping,148,dbms,09-2026,yugabyte-2026111-vanilla-os-xlarge-xlarge-aws-v2,1,ip-172-31-23-205,ranking,benchANT
2026-09-18 10:31:00+00:00,processes,sleeping,85,dbms,09-2026,yugabyte-2026111-vanilla-os-xlarge-xlarge-aws-v2,1,ip-172-31-23-205,ranking,benchANT
2026-09-18 10:31:10+00:00,processes,sleeping,84,dbms,09-2026,yugabyte-2026111-vanilla-os-xlarge-xlarge-aws-v2,1,ip-172-31-23-205,ranking,benchANT
2026-09-18 10:31:20+00:00,processes,sleeping,84,dbms,09-2026,yugabyte-2026111-vanilla-os-xlarge-xlarge-aws-v2,1,ip-172-31-23-205,ranking,benchANT
2026-09-18 10:23:00+00:00,processes,stopped,0,dbms,09-2026,yugabyte-2026111-vanilla-os-xlarge-xlarge-aws-v2,1,ip-172-31-23-205,ranking,benchANT
2026-09-18 10:23:10+00:00,processes,stopped,0,dbms,09-2026,yugabyte-2026111-vanilla-os-xlarge-xlarge-aws-v2,1,ip-172-31-23-205,ranking,benchANT
2026-09-18 10:23:20+00:00,processes,stopped,0,dbms,09-2026,yugabyte-2026111-vanilla-os-xlarge-xlarge-aws-v2,1,ip-172-31-23-205,ranking,benchANT
2026-09-18 10:23:30+00:00,processes,stopped,0,dbms,09-2026,yugabyte-2026111-vanilla-os-xlarge-xlarge-aws-v2,1,ip-172-31-23-205,ranking,benchANT
2026-09-18 10:23:40+00:00,processes,stopped,0,dbms,09-2026,yugabyte-2026111-vanilla-os-xlarge-xlarge-aws-v2,1,ip-172-31-23-205,ranking,benchANT
2026-09-18 10:23:50+00:00,processes,stopped,0,dbms,09-2026,yugabyte-2026111-vanilla-os-xlarge-xlarge-aws-v2,1,ip-172-31-23-205,ranking,benchANT
2026-09-18 10:24:00+00:00,processes,stopped,0,dbms,09-2026,yugabyte-2026111-vanilla-os-xlarge-xlarge-aws-v2,1,ip-172-31-23-205,ranking,benchANT
2026-09-18 10:24:10+00:00,processes,stopped,0,dbms,09-2026,yugabyte-2026111-vanilla-os-xlarge-xlarge-aws-v2,1,ip-172-31-23-205,ranking,benchANT
2026-09-18 10:24:20+00:00,processes,stopped,0,dbms,09-2026,yugabyte-2026111-vanilla-os-xlarge-xlarge-aws-v2,1,ip-172-31-23-205,ranking,benchANT
2026-09-18 10:24:30+00:00,processes,stopped,0,dbms,09-2026,yugabyte-2026111-vanilla-os-xlarge-xlarge-aws-v2,1,ip-172-31-23-205,ranking,benchANT
2026-09-18 10:24:40+00:00,processes,stopped,0,dbms,09-2026,yugabyte-2026111-vanilla-os-xlarge-xlarge-aws-v2,1,ip-172-31-23-205,ranking,benchANT
2026-09-18 10:24:50+00:00,processes,stopped,0,dbms,09-2026,yugabyte-2026111-vanilla-os-xlarge-xlarge-aws-v2,1,ip-172-31-23-205,ranking,benchANT
2026-09-18 10:25:00+00:00,processes,stopped,0,dbms,09-2026,yugabyte-2026111-vanilla-os-xlarge-xlarge-aws-v2,1,ip-172-31-23-205,ranking,benchANT
2026-09-18 10:25:10+00:00,processes,stopped,0,dbms,09-2026,yugabyte-2026111-vanilla-os-xlarge-xlarge-aws-v2,1,ip-172-31-23-205,ranking,benchANT
2026-09-18 10:25:20+00:00,processes,stopped,0,dbms,09-2026,yugabyte-2026111-vanilla-os-xlarge-xlarge-aws-v2,1,ip-172-31-23-205,ranking,benchANT
2026-09-18 10:25:30+00:00,processes,stopped,0,dbms,09-2026,yugabyte-2026111-vanilla-os-xlarge-xlarge-aws-v2,1,ip-172-31-23-205,ranking,benchANT
2026-09-18 10:25:40+00:00,processes,stopped,0,dbms,09-2026,yugabyte-2026111-vanilla-os-xlarge-xlarge-aws-v2,1,ip-172-31-23-205,ranking,benchANT
2026-09-18 10:25:50+00:00,processes,stopped,0,dbms,09-2026,yugabyte-2026111-vanilla-os-xlarge-xlarge-aws-v2,1,ip-172-31-23-205,ranking,benchANT
2026-09-18 10:26:00+00:00,processes,stopped,0,dbms,09-2026,yugabyte-2026111-vanilla-os-xlarge-xlarge-aws-v2,1,ip-172-31-23-205,ranking,benchANT
2026-09-18 10:26:10+00:00,processes,stopped,0,dbms,09-2026,yugabyte-2026111-vanilla-os-xlarge-xlarge-aws-v2,1,ip-172-31-23-205,ranking,benchANT
2026-09-18 10:26:20+00:00,processes,stopped,0,dbms,09-2026,yugabyte-2026111-vanilla-os-xlarge-xlarge-aws-v2,1,ip-172-31-23-205,ranking,benchANT
2026-09-18 10:26:30+00:00,processes,stopped,0,dbms,09-2026,yugabyte-2026111-vanilla-os-xlarge-xlarge-aws-v2,1,ip-172-31-23-205,ranking,benchANT
2026-09-18 10:26:40+00:00,processes,stopped,0,dbms,09-2026,yugabyte-2026111-vanilla-os-xlarge-xlarge-aws-v2,1,ip-172-31-23-205,ranking,benchANT
2026-09-18 10:26:50+00:00,processes,stopped,0,dbms,09-2026,yugabyte-2026111-vanilla-os-xlarge-xlarge-aws-v2,1,ip-172-31-23-205,ranking,benchANT
2026-09-18 10:27:00+00:00,processes,stopped,0,dbms,09-2026,yugabyte-2026111-vanilla-os-xlarge-xlarge-aws-v2,1,ip-172-31-23-205,ranking,benchANT
2026-09-18 10:27:10+00:00,processes,stopped,0,dbms,09-2026,yugabyte-2026111-vanilla-os-xlarge-xlarge-aws-v2,1,ip-172-31-23-205,ranking,benchANT
2026-09-18 10:27:20+00:00,processes,stopped,0,dbms,09-2026,yugabyte-2026111-vanilla-os-xlarge-xlarge-aws-v2,1,ip-172-31-23-205,ranking,benchANT
2026-09-18 10:27:30+00:00,processes,stopped,0,dbms,09-2026,yugabyte-2026111-vanilla-os-xlarge-xlarge-aws-v2,1,ip-172-31-23-205,ranking,benchANT
2026-09-18 10:27:40+00:00,processes,stopped,0,dbms,09-2026,yugabyte-2026111-vanilla-os-xlarge-xlarge-aws-v2,1,ip-172-31-23-205,ranking,benchANT
2026-09-18 10:27:50+00:00,processes,stopped,0,dbms,09-2026,yugabyte-2026111-vanilla-os-xlarge-xlarge-aws-v2,1,ip-172-31-23-205,ranking,benchANT
2026-09-18 10:28:00+00:00,processes,stopped,0,dbms,09-2026,yugabyte-2026111-vanilla-os-xlarge-xlarge-aws-v2,1,ip-172-31-23-205,ranking,benchANT
2026-09-18 10:28:10+00:00,processes,stopped,0,dbms,09-2026,yugabyte-2026111-vanilla-os-xlarge-xlarge-aws-v2,1,ip-172-31-23-205,ranking,benchANT
2026-09-18 10:28:20+00:00,processes,stopped,0,dbms,09-2026,yugabyte-2026111-vanilla-os-xlarge-xlarge-aws-v2,1,ip-172-31-23-205,ranking,benchANT
2026-09-18 10:28:30+00:00,processes,stopped,0,dbms,09-2026,yugabyte-2026111-vanilla-os-xlarge-xlarge-aws-v2,1,ip-172-31-23-205,ranking,benchANT
2026-09-18 10:28:40+00:00,processes,stopped,0,dbms,09-2026,yugabyte-2026111-vanilla-os-xlarge-xlarge-aws-v2,1,ip-172-31-23-205,ranking,benchANT
2026-09-18 10:28:50+00:00,processes,stopped,0,dbms,09-2026,yugabyte-2026111-vanilla-os-xlarge-xlarge-aws-v2,1,ip-172-31-23-205,ranking,benchANT
2026-09-18 10:29:00+00:00,processes,stopped,0,dbms,09-2026,yugabyte-2026111-vanilla-os-xlarge-xlarge-aws-v2,1,ip-172-31-23-205,ranking,benchANT
2026-09-18 10:29:10+00:00,processes,stopped,0,dbms,09-2026,yugabyte-2026111-vanilla-os-xlarge-xlarge-aws-v2,1,ip-172-31-23-205,ranking,benchANT
2026-09-18 10:29:20+00:00,processes,stopped,0,dbms,09-2026,yugabyte-2026111-vanilla-os-xlarge-xlarge-aws-v2,1,ip-172-31-23-205,ranking,benchANT
2026-09-18 10:29:30+00:00,processes,stopped,0,dbms,09-2026,yugabyte-2026111-vanilla-os-xlarge-xlarge-aws-v2,1,ip-172-31-23-205,ranking,benchANT
2026-09-18 10:29:40+00:00,processes,stopped,0,dbms,09-2026,yugabyte-2026111-vanilla-os-xlarge-xlarge-aws-v2,1,ip-172-31-23-205,ranking,benchANT
2026-09-18 10:29:50+00:00,processes,stopped,0,dbms,09-2026,yugabyte-2026111-vanilla-os-xlarge-xlarge-aws-v2,1,ip-172-31-23-205,ranking,benchANT
2026-09-18 10:30:00+00:00,processes,stopped,0,dbms,09-2026,yugabyte-2026111-vanilla-os-xlarge-xlarge-aws-v2,1,ip-172-31-23-205,ranking,benchANT
2026-09-18 10:30:10+00:00,processes,stopped,0,dbms,09-2026,yugabyte-2026111-vanilla-os-xlarge-xlarge-aws-v2,1,ip-172-31-23-205,ranking,benchANT
2026-09-18 10:30:20+00:00,processes,stopped,0,dbms,09-2026,yugabyte-2026111-vanilla-os-xlarge-xlarge-aws-v2,1,ip-172-31-23-205,ranking,benchANT
2026-09-18 10:30:30+00:00,processes,stopped,0,dbms,09-2026,yugabyte-2026111-vanilla-os-xlarge-xlarge-aws-v2,1,ip-172-31-23-205,ranking,benchANT
2026-09-18 10:30:40+00:00,processes,stopped,0,dbms,09-2026,yugabyte-2026111-vanilla-os-xlarge-xlarge-aws-v2,1,ip-172-31-23-205,ranking,benchANT
2026-09-18 10:30:50+00:00,processes,stopped,0,dbms,09-2026,yugabyte-2026111-vanilla-os-xlarge-xlarge-aws-v2,1,ip-172-31-23-205,ranking,benchANT
2026-09-18 10:31:00+00:00,processes,stopped,0,dbms,09-2026,yugabyte-2026111-vanilla-os-xlarge-xlarge-aws-v2,1,ip-172-31-23-205,ranking,benchANT
2026-09-18 10:31:10+00:00,processes,stopped,0,dbms,09-2026,yugabyte-2026111-vanilla-os-xlarge-xlarge-aws-v2,1,ip-172-31-23-205,ranking,benchANT
2026-09-18 10:31:20+00:00,processes,stopped,0,dbms,09-2026,yugabyte-2026111-vanilla-os-xlarge-xlarge-aws-v2,1,ip-172-31-23-205,ranking,benchANT
2026-09-18 10:23:00+00:00,processes,total,230,dbms,09-2026,yugabyte-2026111-vanilla-os-xlarge-xlarge-aws-v2,1,ip-172-31-23-205,ranking,benchANT
2026-09-18 10:23:10+00:00,processes,total,230,dbms,09-2026,yugabyte-2026111-vanilla-os-xlarge-xlarge-aws-v2,1,ip-172-31-23-205,ranking,benchANT
2026-09-18 10:23:20+00:00,processes,total,230,dbms,09-2026,yugabyte-2026111-vanilla-os-xlarge-xlarge-aws-v2,1,ip-172-31-23-205,ranking,benchANT
2026-09-18 10:23:30+00:00,processes,total,231,dbms,09-2026,yugabyte-2026111-vanilla-os-xlarge-xlarge-aws-v2,1,ip-172-31-23-205,ranking,benchANT
2026-09-18 10:23:40+00:00,processes,total,231,dbms,09-2026,yugabyte-2026111-vanilla-os-xlarge-xlarge-aws-v2,1,ip-172-31-23-205,ranking,benchANT
2026-09-18 10:23:50+00:00,processes,total,231,dbms,09-2026,yugabyte-2026111-vanilla-os-xlarge-xlarge-aws-v2,1,ip-172-31-23-205,ranking,benchANT
2026-09-18 10:24:00+00:00,processes,total,231,dbms,09-2026,yugabyte-2026111-vanilla-os-xlarge-xlarge-aws-v2,1,ip-172-31-23-205,ranking,benchANT
2026-09-18 10:24:10+00:00,processes,total,231,dbms,09-2026,yugabyte-2026111-vanilla-os-xlarge-xlarge-aws-v2,1,ip-172-31-23-205,ranking,benchANT
2026-09-18 10:24:20+00:00,processes,total,231,dbms,09-2026,yugabyte-2026111-vanilla-os-xlarge-xlarge-aws-v2,1,ip-172-31-23-205,ranking,benchANT
2026-09-18 10:24:30+00:00,processes,total,231,dbms,09-2026,yugabyte-2026111-vanilla-os-xlarge-xlarge-aws-v2,1,ip-172-31-23-205,ranking,benchANT
2026-09-18 10:24:40+00:00,processes,total,231,dbms,09-2026,yugabyte-2026111-vanilla-os-xlarge-xlarge-aws-v2,1,ip-172-31-23-205,ranking,benchANT
2026-09-18 10:24:50+00:00,processes,total,231,dbms,09-2026,yugabyte-2026111-vanilla-os-xlarge-xlarge-aws-v2,1,ip-172-31-23-205,ranking,benchANT
2026-09-18 10:25:00+00:00,processes,total,231,dbms,09-2026,yugabyte-2026111-vanilla-os-xlarge-xlarge-aws-v2,1,ip-172-31-23-205,ranking,benchANT
2026-09-18 10:25:10+00:00,processes,total,231,dbms,09-2026,yugabyte-2026111-vanilla-os-xlarge-xlarge-aws-v2,1,ip-172-31-23-205,ranking,benchANT
2026-09-18 10:25:20+00:00,processes,total,231,dbms,09-2026,yugabyte-2026111-vanilla-os-xlarge-xlarge-aws-v2,1,ip-172-31-23-205,ranking,benchANT
2026-09-18 10:25:30+00:00,processes,total,231,dbms,09-2026,yugabyte-2026111-vanilla-os-xlarge-xlarge-aws-v2,1,ip-172-31-23-205,ranking,benchANT
2026-09-18 10:25:40+00:00,processes,total,231,dbms,09-2026,yugabyte-2026111-vanilla-os-xlarge-xlarge-aws-v2,1,ip-172-31-23-205,ranking,benchANT
2026-09-18 10:25:50+00:00,processes,total,230,dbms,09-2026,yugabyte-2026111-vanilla-os-xlarge-xlarge-aws-v2,1,ip-172-31-23-205,ranking,benchANT
2026-09-18 10:26:00+00:00,processes,total,230,dbms,09-2026,yugabyte-2026111-vanilla-os-xlarge-xlarge-aws-v2,1,ip-172-31-23-205,ranking,benchANT
2026-09-18 10:26:10+00:00,processes,total,230,dbms,09-2026,yugabyte-2026111-vanilla-os-xlarge-xlarge-aws-v2,1,ip-172-31-23-205,ranking,benchANT
2026-09-18 10:26:20+00:00,processes,total,230,dbms,09-2026,yugabyte-2026111-vanilla-os-xlarge-xlarge-aws-v2,1,ip-172-31-23-205,ranking,benchANT
2026-09-18 10:26:30+00:00,processes,total,230,dbms,09-2026,yugabyte-2026111-vanilla-os-xlarge-xlarge-aws-v2,1,ip-172-31-23-205,ranking,benchANT
2026-09-18 10:26:40+00:00,processes,total,230,dbms,09-2026,yugabyte-2026111-vanilla-os-xlarge-xlarge-aws-v2,1,ip-172-31-23-205,ranking,benchANT
2026-09-18 10:26:50+00:00,processes,total,230,dbms,09-2026,yugabyte-2026111-vanilla-os-xlarge-xlarge-aws-v2,1,ip-172-31-23-205,ranking,benchANT
2026-09-18 10:27:00+00:00,processes,total,230,dbms,09-2026,yugabyte-2026111-vanilla-os-xlarge-xlarge-aws-v2,1,ip-172-31-23-205,ranking,benchANT
2026-09-18 10:27:10+00:00,processes,total,230,dbms,09-2026,yugabyte-2026111-vanilla-os-xlarge-xlarge-aws-v2,1,ip-172-31-23-205,ranking,benchANT
2026-09-18 10:27:20+00:00,processes,total,230,dbms,09-2026,yugabyte-2026111-vanilla-os-xlarge-xlarge-aws-v2,1,ip-172-31-23-205,ranking,benchANT
2026-09-18 10:27:30+00:00,processes,total,230,dbms,09-2026,yugabyte-2026111-vanilla-os-xlarge-xlarge-aws-v2,1,ip-172-31-23-205,ranking,benchANT
2026-09-18 10:27:40+00:00,processes,total,230,dbms,09-2026,yugabyte-2026111-vanilla-os-xlarge-xlarge-aws-v2,1,ip-172-31-23-205,ranking,benchANT
2026-09-18 10:27:50+00:00,processes,total,230,dbms,09-2026,yugabyte-2026111-vanilla-os-xlarge-xlarge-aws-v2,1,ip-172-31-23-205,ranking,benchANT
2026-09-18 10:28:00+00:00,processes,total,230,dbms,09-2026,yugabyte-2026111-vanilla-os-xlarge-xlarge-aws-v2,1,ip-172-31-23-205,ranking,benchANT
2026-09-18 10:28:10+00:00,processes,total,230,dbms,09-2026,yugabyte-2026111-vanilla-os-xlarge-xlarge-aws-v2,1,ip-172-31-23-205,ranking,benchANT
2026-09-18 10:28:20+00:00,processes,total,230,dbms,09-2026,yugabyte-2026111-vanilla-os-xlarge-xlarge-aws-v2,1,ip-172-31-23-205,ranking,benchANT
2026-09-18 10:28:30+00:00,processes,total,229,dbms,09-2026,yugabyte-2026111-vanilla-os-xlarge-xlarge-aws-v2,1,ip-172-31-23-205,ranking,benchANT
2026-09-18 10:28:40+00:00,processes,total,229,dbms,09-2026,yugabyte-2026111-vanilla-os-xlarge-xlarge-aws-v2,1,ip-172-31-23-205,ranking,benchANT
2026-09-18 10:28:50+00:00,processes,total,229,dbms,09-2026,yugabyte-2026111-vanilla-os-xlarge-xlarge-aws-v2,1,ip-172-31-23-205,ranking,benchANT
2026-09-18 10:29:00+00:00,processes,total,229,dbms,09-2026,yugabyte-2026111-vanilla-os-xlarge-xlarge-aws-v2,1,ip-172-31-23-205,ranking,benchANT
2026-09-18 10:29:10+00:00,processes,total,229,dbms,09-2026,yugabyte-2026111-vanilla-os-xlarge-xlarge-aws-v2,1,ip-172-31-23-205,ranking,benchANT
2026-09-18 10:29:20+00:00,processes,total,229,dbms,09-2026,yugabyte-2026111-vanilla-os-xlarge-xlarge-aws-v2,1,ip-172-31-23-205,ranking,benchANT
2026-09-18 10:29:30+00:00,processes,total,230,dbms,09-2026,yugabyte-2026111-vanilla-os-xlarge-xlarge-aws-v2,1,ip-172-31-23-205,ranking,benchANT
2026-09-18 10:29:40+00:00,processes,total,229,dbms,09-2026,yugabyte-2026111-vanilla-os-xlarge-xlarge-aws-v2,1,ip-172-31-23-205,ranking,benchANT
2026-09-18 10:29:50+00:00,processes,total,229,dbms,09-2026,yugabyte-2026111-vanilla-os-xlarge-xlarge-aws-v2,1,ip-172-31-23-205,ranking,benchANT
2026-09-18 10:30:00+00:00,processes,total,229,dbms,09-2026,yugabyte-2026111-vanilla-os-xlarge-xlarge-aws-v2,1,ip-172-31-23-205,ranking,benchANT
2026-09-18 10:30:10+00:00,processes,total,229,dbms,09-2026,yugabyte-2026111-vanilla-os-xlarge-xlarge-aws-v2,1,ip-172-31-23-205,ranking,benchANT
2026-09-18 10:30:20+00:00,processes,total,231,dbms,09-2026,yugabyte-2026111-vanilla-os-xlarge-xlarge-aws-v2,1,ip-172-31-23-205,ranking,benchANT
2026-09-18 10:30:30+00:00,processes,total,231,dbms,09-2026,yugabyte-2026111-vanilla-os-xlarge-xlarge-aws-v2,1,ip-172-31-23-205,ranking,benchANT
2026-09-18 10:30:40+00:00,processes,total,231,dbms,09-2026,yugabyte-2026111-vanilla-os-xlarge-xlarge-aws-v2,1,ip-172-31-23-205,ranking,benchANT
2026-09-18 10:30:50+00:00,processes,total,231,dbms,09-2026,yugabyte-2026111-vanilla-os-xlarge-xlarge-aws-v2,1,ip-172-31-23-205,ranking,benchANT
2026-09-18 10:31:00+00:00,processes,total,164,dbms,09-2026,yugabyte-2026111-vanilla-os-xlarge-xlarge-aws-v2,1,ip-172-31-23-205,ranking,benchANT
2026-09-18 10:31:10+00:00,processes,total,163,dbms,09-2026,yugabyte-2026111-vanilla-os-xlarge-xlarge-aws-v2,1,ip-172-31-23-205,ranking,benchANT
2026-09-18 10:31:20+00:00,processes,total,163,dbms,09-2026,yugabyte-2026111-vanilla-os-xlarge-xlarge-aws-v2,1,ip-172-31-23-205,ranking,benchANT
2026-09-18 10:23:00+00:00,processes,total_threads,1201,dbms,09-2026,yugabyte-2026111-vanilla-os-xlarge-xlarge-aws-v2,1,ip-172-31-23-205,ranking,benchANT
2026-09-18 10:23:10+00:00,processes,total_threads,1201,dbms,09-2026,yugabyte-2026111-vanilla-os-xlarge-xlarge-aws-v2,1,ip-172-31-23-205,ranking,benchANT
2026-09-18 10:23:20+00:00,processes,total_threads,1077,dbms,09-2026,yugabyte-2026111-vanilla-os-xlarge-xlarge-aws-v2,1,ip-172-31-23-205,ranking,benchANT
2026-09-18 10:23:30+00:00,processes,total_threads,1079,dbms,09-2026,yugabyte-2026111-vanilla-os-xlarge-xlarge-aws-v2,1,ip-172-31-23-205,ranking,benchANT
2026-09-18 10:23:40+00:00,processes,total_threads,1078,dbms,09-2026,yugabyte-2026111-vanilla-os-xlarge-xlarge-aws-v2,1,ip-172-31-23-205,ranking,benchANT
2026-09-18 10:23:50+00:00,processes,total_threads,1073,dbms,09-2026,yugabyte-2026111-vanilla-os-xlarge-xlarge-aws-v2,1,ip-172-31-23-205,ranking,benchANT
2026-09-18 10:24:00+00:00,processes,total_threads,1086,dbms,09-2026,yugabyte-2026111-vanilla-os-xlarge-xlarge-aws-v2,1,ip-172-31-23-205,ranking,benchANT
2026-09-18 10:24:10+00:00,processes,total_threads,1086,dbms,09-2026,yugabyte-2026111-vanilla-os-xlarge-xlarge-aws-v2,1,ip-172-31-23-205,ranking,benchANT
2026-09-18 10:24:20+00:00,processes,total_threads,1078,dbms,09-2026,yugabyte-2026111-vanilla-os-xlarge-xlarge-aws-v2,1,ip-172-31-23-205,ranking,benchANT
2026-09-18 10:24:30+00:00,processes,total_threads,1086,dbms,09-2026,yugabyte-2026111-vanilla-os-xlarge-xlarge-aws-v2,1,ip-172-31-23-205,ranking,benchANT
2026-09-18 10:24:40+00:00,processes,total_threads,1073,dbms,09-2026,yugabyte-2026111-vanilla-os-xlarge-xlarge-aws-v2,1,ip-172-31-23-205,ranking,benchANT
2026-09-18 10:24:50+00:00,processes,total_threads,1075,dbms,09-2026,yugabyte-2026111-vanilla-os-xlarge-xlarge-aws-v2,1,ip-172-31-23-205,ranking,benchANT
2026-09-18 10:25:00+00:00,processes,total_threads,1075,dbms,09-2026,yugabyte-2026111-vanilla-os-xlarge-xlarge-aws-v2,1,ip-172-31-23-205,ranking,benchANT
2026-09-18 10:25:10+00:00,processes,total_threads,1069,dbms,09-2026,yugabyte-2026111-vanilla-os-xlarge-xlarge-aws-v2,1,ip-172-31-23-205,ranking,benchANT
2026-09-18 10:25:20+00:00,processes,total_threads,1072,dbms,09-2026,yugabyte-2026111-vanilla-os-xlarge-xlarge-aws-v2,1,ip-172-31-23-205,ranking,benchANT
2026-09-18 10:25:30+00:00,processes,total_threads,1071,dbms,09-2026,yugabyte-2026111-vanilla-os-xlarge-xlarge-aws-v2,1,ip-172-31-23-205,ranking,benchANT
2026-09-18 10:25:40+00:00,processes,total_threads,1072,dbms,09-2026,yugabyte-2026111-vanilla-os-xlarge-xlarge-aws-v2,1,ip-172-31-23-205,ranking,benchANT
2026-09-18 10:25:50+00:00,processes,total_threads,1094,dbms,09-2026,yugabyte-2026111-vanilla-os-xlarge-xlarge-aws-v2,1,ip-172-31-23-205,ranking,benchANT
2026-09-18 10:26:00+00:00,processes,total_threads,1107,dbms,09-2026,yugabyte-2026111-vanilla-os-xlarge-xlarge-aws-v2,1,ip-172-31-23-205,ranking,benchANT
2026-09-18 10:26:10+00:00,processes,total_threads,1092,dbms,09-2026,yugabyte-2026111-vanilla-os-xlarge-xlarge-aws-v2,1,ip-172-31-23-205,ranking,benchANT
2026-09-18 10:26:20+00:00,processes,total_threads,1091,dbms,09-2026,yugabyte-2026111-vanilla-os-xlarge-xlarge-aws-v2,1,ip-172-31-23-205,ranking,benchANT
2026-09-18 10:26:30+00:00,processes,total_threads,1079,dbms,09-2026,yugabyte-2026111-vanilla-os-xlarge-xlarge-aws-v2,1,ip-172-31-23-205,ranking,benchANT
2026-09-18 10:26:40+00:00,processes,total_threads,1080,dbms,09-2026,yugabyte-2026111-vanilla-os-xlarge-xlarge-aws-v2,1,ip-172-31-23-205,ranking,benchANT
2026-09-18 10:26:50+00:00,processes,total_threads,1064,dbms,09-2026,yugabyte-2026111-vanilla-os-xlarge-xlarge-aws-v2,1,ip-172-31-23-205,ranking,benchANT
2026-09-18 10:27:00+00:00,processes,total_threads,1072,dbms,09-2026,yugabyte-2026111-vanilla-os-xlarge-xlarge-aws-v2,1,ip-172-31-23-205,ranking,benchANT
2026-09-18 10:27:10+00:00,processes,total_threads,1072,dbms,09-2026,yugabyte-2026111-vanilla-os-xlarge-xlarge-aws-v2,1,ip-172-31-23-205,ranking,benchANT
2026-09-18 10:27:20+00:00,processes,total_threads,1237,dbms,09-2026,yugabyte-2026111-vanilla-os-xlarge-xlarge-aws-v2,1,ip-172-31-23-205,ranking,benchANT
2026-09-18 10:27:30+00:00,processes,total_threads,1237,dbms,09-2026,yugabyte-2026111-vanilla-os-xlarge-xlarge-aws-v2,1,ip-172-31-23-205,ranking,benchANT
2026-09-18 10:27:40+00:00,processes,total_threads,1084,dbms,09-2026,yugabyte-2026111-vanilla-os-xlarge-xlarge-aws-v2,1,ip-172-31-23-205,ranking,benchANT
2026-09-18 10:27:50+00:00,processes,total_threads,1075,dbms,09-2026,yugabyte-2026111-vanilla-os-xlarge-xlarge-aws-v2,1,ip-172-31-23-205,ranking,benchANT
2026-09-18 10:28:00+00:00,processes,total_threads,1082,dbms,09-2026,yugabyte-2026111-vanilla-os-xlarge-xlarge-aws-v2,1,ip-172-31-23-205,ranking,benchANT
2026-09-18 10:28:10+00:00,processes,total_threads,1099,dbms,09-2026,yugabyte-2026111-vanilla-os-xlarge-xlarge-aws-v2,1,ip-172-31-23-205,ranking,benchANT
2026-09-18 10:28:20+00:00,processes,total_threads,1073,dbms,09-2026,yugabyte-2026111-vanilla-os-xlarge-xlarge-aws-v2,1,ip-172-31-23-205,ranking,benchANT
2026-09-18 10:28:30+00:00,processes,total_threads,1073,dbms,09-2026,yugabyte-2026111-vanilla-os-xlarge-xlarge-aws-v2,1,ip-172-31-23-205,ranking,benchANT
2026-09-18 10:28:40+00:00,processes,total_threads,1070,dbms,09-2026,yugabyte-2026111-vanilla-os-xlarge-xlarge-aws-v2,1,ip-172-31-23-205,ranking,benchANT
2026-09-18 10:28:50+00:00,processes,total_threads,1071,dbms,09-2026,yugabyte-2026111-vanilla-os-xlarge-xlarge-aws-v2,1,ip-172-31-23-205,ranking,benchANT
2026-09-18 10:29:00+00:00,processes,total_threads,1063,dbms,09-2026,yugabyte-2026111-vanilla-os-xlarge-xlarge-aws-v2,1,ip-172-31-23-205,ranking,benchANT
2026-09-18 10:29:10+00:00,processes,total_threads,1073,dbms,09-2026,yugabyte-2026111-vanilla-os-xlarge-xlarge-aws-v2,1,ip-172-31-23-205,ranking,benchANT
2026-09-18 10:29:20+00:00,processes,total_threads,1087,dbms,09-2026,yugabyte-2026111-vanilla-os-xlarge-xlarge-aws-v2,1,ip-172-31-23-205,ranking,benchANT
2026-09-18 10:29:30+00:00,processes,total_threads,1089,dbms,09-2026,yugabyte-2026111-vanilla-os-xlarge-xlarge-aws-v2,1,ip-172-31-23-205,ranking,benchANT
2026-09-18 10:29:40+00:00,processes,total_threads,1067,dbms,09-2026,yugabyte-2026111-vanilla-os-xlarge-xlarge-aws-v2,1,ip-172-31-23-205,ranking,benchANT
2026-09-18 10:29:50+00:00,processes,total_threads,1069,dbms,09-2026,yugabyte-2026111-vanilla-os-xlarge-xlarge-aws-v2,1,ip-172-31-23-205,ranking,benchANT
2026-09-18 10:30:00+00:00,processes,total_threads,1073,dbms,09-2026,yugabyte-2026111-vanilla-os-xlarge-xlarge-aws-v2,1,ip-172-31-23-205,ranking,benchANT
2026-09-18 10:30:10+00:00,processes,total_threads,1067,dbms,09-2026,yugabyte-2026111-vanilla-os-xlarge-xlarge-aws-v2,1,ip-172-31-23-205,ranking,benchANT
2026-09-18 10:30:20+00:00,processes,total_threads,1073,dbms,09-2026,yugabyte-2026111-vanilla-os-xlarge-xlarge-aws-v2,1,ip-172-31-23-205,ranking,benchANT
2026-09-18 10:30:30+00:00,processes,total_threads,1071,dbms,09-2026,yugabyte-2026111-vanilla-os-xlarge-xlarge-aws-v2,1,ip-172-31-23-205,ranking,benchANT
2026-09-18 10:30:40+00:00,processes,total_threads,1074,dbms,09-2026,yugabyte-2026111-vanilla-os-xlarge-xlarge-aws-v2,1,ip-172-31-23-205,ranking,benchANT
2026-09-18 10:30:50+00:00,processes,total_threads,1077,dbms,09-2026,yugabyte-2026111-vanilla-os-xlarge-xlarge-aws-v2,1,ip-172-31-23-205,ranking,benchANT
2026-09-18 10:31:00+00:00,processes,total_threads,407,dbms,09-2026,yugabyte-2026111-vanilla-os-xlarge-xlarge-aws-v2,1,ip-172-31-23-205,ranking,benchANT
2026-09-18 10:31:10+00:00,processes,total_threads,349,dbms,09-2026,yugabyte-2026111-vanilla-os-xlarge-xlarge-aws-v2,1,ip-172-31-23-205,ranking,benchANT
2026-09-18 10:31:20+00:00,processes,total_threads,338,dbms,09-2026,yugabyte-2026111-vanilla-os-xlarge-xlarge-aws-v2,1,ip-172-31-23-205,ranking,benchANT
2026-09-18 10:23:00+00:00,processes,unknown,0,dbms,09-2026,yugabyte-2026111-vanilla-os-xlarge-xlarge-aws-v2,1,ip-172-31-23-205,ranking,benchANT
2026-09-18 10:23:10+00:00,processes,unknown,0,dbms,09-2026,yugabyte-2026111-vanilla-os-xlarge-xlarge-aws-v2,1,ip-172-31-23-205,ranking,benchANT
2026-09-18 10:23:20+00:00,processes,unknown,0,dbms,09-2026,yugabyte-2026111-vanilla-os-xlarge-xlarge-aws-v2,1,ip-172-31-23-205,ranking,benchANT
2026-09-18 10:23:30+00:00,processes,unknown,0,dbms,09-2026,yugabyte-2026111-vanilla-os-xlarge-xlarge-aws-v2,1,ip-172-31-23-205,ranking,benchANT
2026-09-18 10:23:40+00:00,processes,unknown,0,dbms,09-2026,yugabyte-2026111-vanilla-os-xlarge-xlarge-aws-v2,1,ip-172-31-23-205,ranking,benchANT
2026-09-18 10:23:50+00:00,processes,unknown,0,dbms,09-2026,yugabyte-2026111-vanilla-os-xlarge-xlarge-aws-v2,1,ip-172-31-23-205,ranking,benchANT
2026-09-18 10:24:00+00:00,processes,unknown,0,dbms,09-2026,yugabyte-2026111-vanilla-os-xlarge-xlarge-aws-v2,1,ip-172-31-23-205,ranking,benchANT
2026-09-18 10:24:10+00:00,processes,unknown,0,dbms,09-2026,yugabyte-2026111-vanilla-os-xlarge-xlarge-aws-v2,1,ip-172-31-23-205,ranking,benchANT
2026-09-18 10:24:20+00:00,processes,unknown,0,dbms,09-2026,yugabyte-2026111-vanilla-os-xlarge-xlarge-aws-v2,1,ip-172-31-23-205,ranking,benchANT
2026-09-18 10:24:30+00:00,processes,unknown,0,dbms,09-2026,yugabyte-2026111-vanilla-os-xlarge-xlarge-aws-v2,1,ip-172-31-23-205,ranking,benchANT
2026-09-18 10:24:40+00:00,processes,unknown,0,dbms,09-2026,yugabyte-2026111-vanilla-os-xlarge-xlarge-aws-v2,1,ip-172-31-23-205,ranking,benchANT
2026-09-18 10:24:50+00:00,processes,unknown,0,dbms,09-2026,yugabyte-2026111-vanilla-os-xlarge-xlarge-aws-v2,1,ip-172-31-23-205,ranking,benchANT
2026-09-18 10:25:00+00:00,processes,unknown,0,dbms,09-2026,yugabyte-2026111-vanilla-os-xlarge-xlarge-aws-v2,1,ip-172-31-23-205,ranking,benchANT
2026-09-18 10:25:10+00:00,processes,unknown,0,dbms,09-2026,yugabyte-2026111-vanilla-os-xlarge-xlarge-aws-v2,1,ip-172-31-23-205,ranking,benchANT
2026-09-18 10:25:20+00:00,processes,unknown,0,dbms,09-2026,yugabyte-2026111-vanilla-os-xlarge-xlarge-aws-v2,1,ip-172-31-23-205,ranking,benchANT
2026-09-18 10:25:30+00:00,processes,unknown,0,dbms,09-2026,yugabyte-2026111-vanilla-os-xlarge-xlarge-aws-v2,1,ip-172-31-23-205,ranking,benchANT
2026-09-18 10:25:40+00:00,processes,unknown,0,dbms,09-2026,yugabyte-2026111-vanilla-os-xlarge-xlarge-aws-v2,1,ip-172-31-23-205,ranking,benchANT
2026-09-18 10:25:50+00:00,processes,unknown,0,dbms,09-2026,yugabyte-2026111-vanilla-os-xlarge-xlarge-aws-v2,1,ip-172-31-23-205,ranking,benchANT
2026-09-18 10:26:00+00:00,processes,unknown,0,dbms,09-2026,yugabyte-2026111-vanilla-os-xlarge-xlarge-aws-v2,1,ip-172-31-23-205,ranking,benchANT
2026-09-18 10:26:10+00:00,processes,unknown,0,dbms,09-2026,yugabyte-2026111-vanilla-os-xlarge-xlarge-aws-v2,1,ip-172-31-23-205,ranking,benchANT
2026-09-18 10:26:20+00:00,processes,unknown,0,dbms,09-2026,yugabyte-2026111-vanilla-os-xlarge-xlarge-aws-v2,1,ip-172-31-23-205,ranking,benchANT
2026-09-18 10:26:30+00:00,processes,unknown,0,dbms,09-2026,yugabyte-2026111-vanilla-os-xlarge-xlarge-aws-v2,1,ip-172-31-23-205,ranking,benchANT
2026-09-18 10:26:40+00:00,processes,unknown,0,dbms,09-2026,yugabyte-2026111-vanilla-os-xlarge-xlarge-aws-v2,1,ip-172-31-23-205,ranking,benchANT
2026-09-18 10:26:50+00:00,processes,unknown,0,dbms,09-2026,yugabyte-2026111-vanilla-os-xlarge-xlarge-aws-v2,1,ip-172-31-23-205,ranking,benchANT
2026-09-18 10:27:00+00:00,processes,unknown,0,dbms,09-2026,yugabyte-2026111-vanilla-os-xlarge-xlarge-aws-v2,1,ip-172-31-23-205,ranking,benchANT
2026-09-18 10:27:10+00:00,processes,unknown,0,dbms,09-2026,yugabyte-2026111-vanilla-os-xlarge-xlarge-aws-v2,1,ip-172-31-23-205,ranking,benchANT
2026-09-18 10:27:20+00:00,processes,unknown,0,dbms,09-2026,yugabyte-2026111-vanilla-os-xlarge-xlarge-aws-v2,1,ip-172-31-23-205,ranking,benchANT
2026-09-18 10:27:30+00:00,processes,unknown,0,dbms,09-2026,yugabyte-2026111-vanilla-os-xlarge-xlarge-aws-v2,1,ip-172-31-23-205,ranking,benchANT
2026-09-18 10:27:40+00:00,processes,unknown,0,dbms,09-2026,yugabyte-2026111-vanilla-os-xlarge-xlarge-aws-v2,1,ip-172-31-23-205,ranking,benchANT
2026-09-18 10:27:50+00:00,processes,unknown,0,dbms,09-2026,yugabyte-2026111-vanilla-os-xlarge-xlarge-aws-v2,1,ip-172-31-23-205,ranking,benchANT
2026-09-18 10:28:00+00:00,processes,unknown,0,dbms,09-2026,yugabyte-2026111-vanilla-os-xlarge-xlarge-aws-v2,1,ip-172-31-23-205,ranking,benchANT
2026-09-18 10:28:10+00:00,processes,unknown,0,dbms,09-2026,yugabyte-2026111-vanilla-os-xlarge-xlarge-aws-v2,1,ip-172-31-23-205,ranking,benchANT
2026-09-18 10:28:20+00:00,processes,unknown,0,dbms,09-2026,yugabyte-2026111-vanilla-os-xlarge-xlarge-aws-v2,1,ip-172-31-23-205,ranking,benchANT
2026-09-18 10:28:30+00:00,processes,unknown,0,dbms,09-2026,yugabyte-2026111-vanilla-os-xlarge-xlarge-aws-v2,1,ip-172-31-23-205,ranking,benchANT
2026-09-18 10:28:40+00:00,processes,unknown,0,dbms,09-2026,yugabyte-2026111-vanilla-os-xlarge-xlarge-aws-v2,1,ip-172-31-23-205,ranking,benchANT
2026-09-18 10:28:50+00:00,processes,unknown,0,dbms,09-2026,yugabyte-2026111-vanilla-os-xlarge-xlarge-aws-v2,1,ip-172-31-23-205,ranking,benchANT
2026-09-18 10:29:00+00:00,processes,unknown,0,dbms,09-2026,yugabyte-2026111-vanilla-os-xlarge-xlarge-aws-v2,1,ip-172-31-23-205,ranking,benchANT
2026-09-18 10:29:10+00:00,processes,unknown,0,dbms,09-2026,yugabyte-2026111-vanilla-os-xlarge-xlarge-aws-v2,1,ip-172-31-23-205,ranking,benchANT
2026-09-18 10:29:20+00:00,processes,unknown,0,dbms,09-2026,yugabyte-2026111-vanilla-os-xlarge-xlarge-aws-v2,1,ip-172-31-23-205,ranking,benchANT
2026-09-18 10:29:30+00:00,processes,unknown,0,dbms,09-2026,yugabyte-2026111-vanilla-os-xlarge-xlarge-aws-v2,1,ip-172-31-23-205,ranking,benchANT
2026-09-18 10:29:40+00:00,processes,unknown,0,dbms,09-2026,yugabyte-2026111-vanilla-os-xlarge-xlarge-aws-v2,1,ip-172-31-23-205,ranking,benchANT
2026-09-18 10:29:50+00:00,processes,unknown,0,dbms,09-2026,yugabyte-2026111-vanilla-os-xlarge-xlarge-aws-v2,1,ip-172-31-23-205,ranking,benchANT
2026-09-18 10:30:00+00:00,processes,unknown,0,dbms,09-2026,yugabyte-2026111-vanilla-os-xlarge-xlarge-aws-v2,1,ip-172-31-23-205,ranking,benchANT
2026-09-18 10:30:10+00:00,processes,unknown,0,dbms,09-2026,yugabyte-2026111-vanilla-os-xlarge-xlarge-aws-v2,1,ip-172-31-23-205,ranking,benchANT
2026-09-18 10:30:20+00:00,processes,unknown,0,dbms,09-2026,yugabyte-2026111-vanilla-os-xlarge-xlarge-aws-v2,1,ip-172-31-23-205,ranking,benchANT
2026-09-18 10:30:30+00:00,processes,unknown,0,dbms,09-2026,yugabyte-2026111-vanilla-os-xlarge-xlarge-aws-v2,1,ip-172-31-23-205,ranking,benchANT
2026-09-18 10:30:40+00:00,processes,unknown,0,dbms,09-2026,yugabyte-2026111-vanilla-os-xlarge-xlarge-aws-v2,1,ip-172-31-23-205,ranking,benchANT
2026-09-18 10:30:50+00:00,processes,unknown,0,dbms,09-2026,yugabyte-2026111-vanilla-os-xlarge-xlarge-aws-v2,1,ip-172-31-23-205,ranking,benchANT
2026-09-18 10:31:00+00:00,processes,unknown,0,dbms,09-2026,yugabyte-2026111-vanilla-os-xlarge-xlarge-aws-v2,1,ip-172-31-23-205,ranking,benchANT
2026-09-18 10:31:10+00:00,processes,unknown,0,dbms,09-2026,yugabyte-2026111-vanilla-os-xlarge-xlarge-aws-v2,1,ip-172-31-23-205,ranking,benchANT
2026-09-18 10:31:20+00:00,processes,unknown,0,dbms,09-2026,yugabyte-2026111-vanilla-os-xlarge-xlarge-aws-v2,1,ip-172-31-23-205,ranking,benchANT
2026-09-18 10:23:00+00:00,processes,zombies,0,dbms,09-2026,yugabyte-2026111-vanilla-os-xlarge-xlarge-aws-v2,1,ip-172-31-23-205,ranking,benchANT
2026-09-18 10:23:10+00:00,processes,zombies,0,dbms,09-2026,yugabyte-2026111-vanilla-os-xlarge-xlarge-aws-v2,1,ip-172-31-23-205,ranking,benchANT
2026-09-18 10:23:20+00:00,processes,zombies,0,dbms,09-2026,yugabyte-2026111-vanilla-os-xlarge-xlarge-aws-v2,1,ip-172-31-23-205,ranking,benchANT
2026-09-18 10:23:30+00:00,processes,zombies,0,dbms,09-2026,yugabyte-2026111-vanilla-os-xlarge-xlarge-aws-v2,1,ip-172-31-23-205,ranking,benchANT
2026-09-18 10:23:40+00:00,processes,zombies,0,dbms,09-2026,yugabyte-2026111-vanilla-os-xlarge-xlarge-aws-v2,1,ip-172-31-23-205,ranking,benchANT
2026-09-18 10:23:50+00:00,processes,zombies,0,dbms,09-2026,yugabyte-2026111-vanilla-os-xlarge-xlarge-aws-v2,1,ip-172-31-23-205,ranking,benchANT
2026-09-18 10:24:00+00:00,processes,zombies,0,dbms,09-2026,yugabyte-2026111-vanilla-os-xlarge-xlarge-aws-v2,1,ip-172-31-23-205,ranking,benchANT
2026-09-18 10:24:10+00:00,processes,zombies,0,dbms,09-2026,yugabyte-2026111-vanilla-os-xlarge-xlarge-aws-v2,1,ip-172-31-23-205,ranking,benchANT
2026-09-18 10:24:20+00:00,processes,zombies,0,dbms,09-2026,yugabyte-2026111-vanilla-os-xlarge-xlarge-aws-v2,1,ip-172-31-23-205,ranking,benchANT
2026-09-18 10:24:30+00:00,processes,zombies,0,dbms,09-2026,yugabyte-2026111-vanilla-os-xlarge-xlarge-aws-v2,1,ip-172-31-23-205,ranking,benchANT
2026-09-18 10:24:40+00:00,processes,zombies,0,dbms,09-2026,yugabyte-2026111-vanilla-os-xlarge-xlarge-aws-v2,1,ip-172-31-23-205,ranking,benchANT
2026-09-18 10:24:50+00:00,processes,zombies,0,dbms,09-2026,yugabyte-2026111-vanilla-os-xlarge-xlarge-aws-v2,1,ip-172-31-23-205,ranking,benchANT
2026-09-18 10:25:00+00:00,processes,zombies,0,dbms,09-2026,yugabyte-2026111-vanilla-os-xlarge-xlarge-aws-v2,1,ip-172-31-23-205,ranking,benchANT
2026-09-18 10:25:10+00:00,processes,zombies,0,dbms,09-2026,yugabyte-2026111-vanilla-os-xlarge-xlarge-aws-v2,1,ip-172-31-23-205,ranking,benchANT
2026-09-18 10:25:20+00:00,processes,zombies,0,dbms,09-2026,yugabyte-2026111-vanilla-os-xlarge-xlarge-aws-v2,1,ip-172-31-23-205,ranking,benchANT
2026-09-18 10:25:30+00:00,processes,zombies,0,dbms,09-2026,yugabyte-2026111-vanilla-os-xlarge-xlarge-aws-v2,1,ip-172-31-23-205,ranking,benchANT
2026-09-18 10:25:40+00:00,processes,zombies,0,dbms,09-2026,yugabyte-2026111-vanilla-os-xlarge-xlarge-aws-v2,1,ip-172-31-23-205,ranking,benchANT
2026-09-18 10:25:50+00:00,processes,zombies,0,dbms,09-2026,yugabyte-2026111-vanilla-os-xlarge-xlarge-aws-v2,1,ip-172-31-23-205,ranking,benchANT
2026-09-18 10:26:00+00:00,processes,zombies,0,dbms,09-2026,yugabyte-2026111-vanilla-os-xlarge-xlarge-aws-v2,1,ip-172-31-23-205,ranking,benchANT
2026-09-18 10:26:10+00:00,processes,zombies,0,dbms,09-2026,yugabyte-2026111-vanilla-os-xlarge-xlarge-aws-v2,1,ip-172-31-23-205,ranking,benchANT
2026-09-18 10:26:20+00:00,processes,zombies,0,dbms,09-2026,yugabyte-2026111-vanilla-os-xlarge-xlarge-aws-v2,1,ip-172-31-23-205,ranking,benchANT
2026-09-18 10:26:30+00:00,processes,zombies,0,dbms,09-2026,yugabyte-2026111-vanilla-os-xlarge-xlarge-aws-v2,1,ip-172-31-23-205,ranking,benchANT
2026-09-18 10:26:40+00:00,processes,zombies,0,dbms,09-2026,yugabyte-2026111-vanilla-os-xlarge-xlarge-aws-v2,1,ip-172-31-23-205,ranking,benchANT
2026-09-18 10:26:50+00:00,processes,zombies,0,dbms,09-2026,yugabyte-2026111-vanilla-os-xlarge-xlarge-aws-v2,1,ip-172-31-23-205,ranking,benchANT
2026-09-18 10:27:00+00:00,processes,zombies,0,dbms,09-2026,yugabyte-2026111-vanilla-os-xlarge-xlarge-aws-v2,1,ip-172-31-23-205,ranking,benchANT
2026-09-18 10:27:10+00:00,processes,zombies,0,dbms,09-2026,yugabyte-2026111-vanilla-os-xlarge-xlarge-aws-v2,1,ip-172-31-23-205,ranking,benchANT
2026-09-18 10:27:20+00:00,processes,zombies,0,dbms,09-2026,yugabyte-2026111-vanilla-os-xlarge-xlarge-aws-v2,1,ip-172-31-23-205,ranking,benchANT
2026-09-18 10:27:30+00:00,processes,zombies,0,dbms,09-2026,yugabyte-2026111-vanilla-os-xlarge-xlarge-aws-v2,1,ip-172-31-23-205,ranking,benchANT
2026-09-18 10:27:40+00:00,processes,zombies,0,dbms,09-2026,yugabyte-2026111-vanilla-os-xlarge-xlarge-aws-v2,1,ip-172-31-23-205,ranking,benchANT
2026-09-18 10:27:50+00:00,processes,zombies,0,dbms,09-2026,yugabyte-2026111-vanilla-os-xlarge-xlarge-aws-v2,1,ip-172-31-23-205,ranking,benchANT
2026-09-18 10:28:00+00:00,processes,zombies,0,dbms,09-2026,yugabyte-2026111-vanilla-os-xlarge-xlarge-aws-v2,1,ip-172-31-23-205,ranking,benchANT
2026-09-18 10:28:10+00:00,processes,zombies,0,dbms,09-2026,yugabyte-2026111-vanilla-os-xlarge-xlarge-aws-v2,1,ip-172-31-23-205,ranking,benchANT
2026-09-18 10:28:20+00:00,processes,zombies,0,dbms,09-2026,yugabyte-2026111-vanilla-os-xlarge-xlarge-aws-v2,1,ip-172-31-23-205,ranking,benchANT
2026-09-18 10:28:30+00:00,processes,zombies,0,dbms,09-2026,yugabyte-2026111-vanilla-os-xlarge-xlarge-aws-v2,1,ip-172-31-23-205,ranking,benchANT
2026-09-18 10:28:40+00:00,processes,zombies,0,dbms,09-2026,yugabyte-2026111-vanilla-os-xlarge-xlarge-aws-v2,1,ip-172-31-23-205,ranking,benchANT
2026-09-18 10:28:50+00:00,processes,zombies,0,dbms,09-2026,yugabyte-2026111-vanilla-os-xlarge-xlarge-aws-v2,1,ip-172-31-23-205,ranking,benchANT
2026-09-18 10:29:00+00:00,processes,zombies,0,dbms,09-2026,yugabyte-2026111-vanilla-os-xlarge-xlarge-aws-v2,1,ip-172-31-23-205,ranking,benchANT
2026-09-18 10:29:10+00:00,processes,zombies,0,dbms,09-2026,yugabyte-2026111-vanilla-os-xlarge-xlarge-aws-v2,1,ip-172-31-23-205,ranking,benchANT
2026-09-18 10:29:20+00:00,processes,zombies,0,dbms,09-2026,yugabyte-2026111-vanilla-os-xlarge-xlarge-aws-v2,1,ip-172-31-23-205,ranking,benchANT
2026-09-18 10:29:30+00:00,processes,zombies,0,dbms,09-2026,yugabyte-2026111-vanilla-os-xlarge-xlarge-aws-v2,1,ip-172-31-23-205,ranking,benchANT
2026-09-18 10:29:40+00:00,processes,zombies,0,dbms,09-2026,yugabyte-2026111-vanilla-os-xlarge-xlarge-aws-v2,1,ip-172-31-23-205,ranking,benchANT
2026-09-18 10:29:50+00:00,processes,zombies,0,dbms,09-2026,yugabyte-2026111-vanilla-os-xlarge-xlarge-aws-v2,1,ip-172-31-23-205,ranking,benchANT
2026-09-18 10:30:00+00:00,processes,zombies,0,dbms,09-2026,yugabyte-2026111-vanilla-os-xlarge-xlarge-aws-v2,1,ip-172-31-23-205,ranking,benchANT
2026-09-18 10:30:10+00:00,processes,zombies,0,dbms,09-2026,yugabyte-2026111-vanilla-os-xlarge-xlarge-aws-v2,1,ip-172-31-23-205,ranking,benchANT
2026-09-18 10:30:20+00:00,processes,zombies,0,dbms,09-2026,yugabyte-2026111-vanilla-os-xlarge-xlarge-aws-v2,1,ip-172-31-23-205,ranking,benchANT
2026-09-18 10:30:30+00:00,processes,zombies,0,dbms,09-2026,yugabyte-2026111-vanilla-os-xlarge-xlarge-aws-v2,1,ip-172-31-23-205,ranking,benchANT
2026-09-18 10:30:40+00:00,processes,zombies,0,dbms,09-2026,yugabyte-2026111-vanilla-os-xlarge-xlarge-aws-v2,1,ip-172-31-23-205,ranking,benchANT
2026-09-18 10:30:50+00:00,processes,zombies,0,dbms,09-2026,yugabyte-2026111-vanilla-os-xlarge-xlarge-aws-v2,1,ip-172-31-23-205,ranking,benchANT
2026-09-18 10:31:00+00:00,processes,zombies,0,dbms,09-2026,yugabyte-2026111-vanilla-os-xlarge-xlarge-aws-v2,1,ip-172-31-23-205,ranking,benchANT
2026-09-18 10:31:10+00:00,processes,zombies,0,dbms,09-2026,yugabyte-2026111-vanilla-os-xlarge-xlarge-aws-v2,1,ip-172-31-23-205,ranking,benchANT
2026-09-18 10:31:20+00:00,processes,zombies,0,dbms,09-2026,yugabyte-2026111-vanilla-os-xlarge-xlarge-aws-v2,1,ip-172-31-23-205,ranking,benchANT
2026-09-18 10:23:00+00:00,processes,blocked,0,dbms,09-2026,yugabyte-2026111-vanilla-os-xlarge-xlarge-aws-v2,1,ip-172-31-24-84,ranking,benchANT
2026-09-18 10:23:10+00:00,processes,blocked,0,dbms,09-2026,yugabyte-2026111-vanilla-os-xlarge-xlarge-aws-v2,1,ip-172-31-24-84,ranking,benchANT
2026-09-18 10:23:20+00:00,processes,blocked,0,dbms,09-2026,yugabyte-2026111-vanilla-os-xlarge-xlarge-aws-v2,1,ip-172-31-24-84,ranking,benchANT
2026-09-18 10:23:30+00:00,processes,blocked,0,dbms,09-2026,yugabyte-2026111-vanilla-os-xlarge-xlarge-aws-v2,1,ip-172-31-24-84,ranking,benchANT
2026-09-18 10:23:40+00:00,processes,blocked,0,dbms,09-2026,yugabyte-2026111-vanilla-os-xlarge-xlarge-aws-v2,1,ip-172-31-24-84,ranking,benchANT
2026-09-18 10:23:50+00:00,processes,blocked,0,dbms,09-2026,yugabyte-2026111-vanilla-os-xlarge-xlarge-aws-v2,1,ip-172-31-24-84,ranking,benchANT
2026-09-18 10:24:00+00:00,processes,blocked,0,dbms,09-2026,yugabyte-2026111-vanilla-os-xlarge-xlarge-aws-v2,1,ip-172-31-24-84,ranking,benchANT
2026-09-18 10:24:10+00:00,processes,blocked,0,dbms,09-2026,yugabyte-2026111-vanilla-os-xlarge-xlarge-aws-v2,1,ip-172-31-24-84,ranking,benchANT
2026-09-18 10:24:20+00:00,processes,blocked,1,dbms,09-2026,yugabyte-2026111-vanilla-os-xlarge-xlarge-aws-v2,1,ip-172-31-24-84,ranking,benchANT
2026-09-18 10:24:30+00:00,processes,blocked,0,dbms,09-2026,yugabyte-2026111-vanilla-os-xlarge-xlarge-aws-v2,1,ip-172-31-24-84,ranking,benchANT
2026-09-18 10:24:40+00:00,processes,blocked,0,dbms,09-2026,yugabyte-2026111-vanilla-os-xlarge-xlarge-aws-v2,1,ip-172-31-24-84,ranking,benchANT
2026-09-18 10:24:50+00:00,processes,blocked,0,dbms,09-2026,yugabyte-2026111-vanilla-os-xlarge-xlarge-aws-v2,1,ip-172-31-24-84,ranking,benchANT
2026-09-18 10:25:00+00:00,processes,blocked,0,dbms,09-2026,yugabyte-2026111-vanilla-os-xlarge-xlarge-aws-v2,1,ip-172-31-24-84,ranking,benchANT
2026-09-18 10:25:10+00:00,processes,blocked,0,dbms,09-2026,yugabyte-2026111-vanilla-os-xlarge-xlarge-aws-v2,1,ip-172-31-24-84,ranking,benchANT
2026-09-18 10:25:20+00:00,processes,blocked,0,dbms,09-2026,yugabyte-2026111-vanilla-os-xlarge-xlarge-aws-v2,1,ip-172-31-24-84,ranking,benchANT
2026-09-18 10:25:30+00:00,processes,blocked,0,dbms,09-2026,yugabyte-2026111-vanilla-os-xlarge-xlarge-aws-v2,1,ip-172-31-24-84,ranking,benchANT
2026-09-18 10:25:40+00:00,processes,blocked,0,dbms,09-2026,yugabyte-2026111-vanilla-os-xlarge-xlarge-aws-v2,1,ip-172-31-24-84,ranking,benchANT
2026-09-18 10:25:50+00:00,processes,blocked,0,dbms,09-2026,yugabyte-2026111-vanilla-os-xlarge-xlarge-aws-v2,1,ip-172-31-24-84,ranking,benchANT
2026-09-18 10:26:00+00:00,processes,blocked,1,dbms,09-2026,yugabyte-2026111-vanilla-os-xlarge-xlarge-aws-v2,1,ip-172-31-24-84,ranking,benchANT
2026-09-18 10:26:10+00:00,processes,blocked,0,dbms,09-2026,yugabyte-2026111-vanilla-os-xlarge-xlarge-aws-v2,1,ip-172-31-24-84,ranking,benchANT
2026-09-18 10:26:20+00:00,processes,blocked,0,dbms,09-2026,yugabyte-2026111-vanilla-os-xlarge-xlarge-aws-v2,1,ip-172-31-24-84,ranking,benchANT
2026-09-18 10:26:30+00:00,processes,blocked,0,dbms,09-2026,yugabyte-2026111-vanilla-os-xlarge-xlarge-aws-v2,1,ip-172-31-24-84,ranking,benchANT
2026-09-18 10:26:40+00:00,processes,blocked,1,dbms,09-2026,yugabyte-2026111-vanilla-os-xlarge-xlarge-aws-v2,1,ip-172-31-24-84,ranking,benchANT
2026-09-18 10:26:50+00:00,processes,blocked,1,dbms,09-2026,yugabyte-2026111-vanilla-os-xlarge-xlarge-aws-v2,1,ip-172-31-24-84,ranking,benchANT
2026-09-18 10:27:00+00:00,processes,blocked,0,dbms,09-2026,yugabyte-2026111-vanilla-os-xlarge-xlarge-aws-v2,1,ip-172-31-24-84,ranking,benchANT
2026-09-18 10:27:10+00:00,processes,blocked,0,dbms,09-2026,yugabyte-2026111-vanilla-os-xlarge-xlarge-aws-v2,1,ip-172-31-24-84,ranking,benchANT
2026-09-18 10:27:20+00:00,processes,blocked,0,dbms,09-2026,yugabyte-2026111-vanilla-os-xlarge-xlarge-aws-v2,1,ip-172-31-24-84,ranking,benchANT
2026-09-18 10:27:30+00:00,processes,blocked,0,dbms,09-2026,yugabyte-2026111-vanilla-os-xlarge-xlarge-aws-v2,1,ip-172-31-24-84,ranking,benchANT
2026-09-18 10:27:40+00:00,processes,blocked,0,dbms,09-2026,yugabyte-2026111-vanilla-os-xlarge-xlarge-aws-v2,1,ip-172-31-24-84,ranking,benchANT
2026-09-18 10:27:50+00:00,processes,blocked,0,dbms,09-2026,yugabyte-2026111-vanilla-os-xlarge-xlarge-aws-v2,1,ip-172-31-24-84,ranking,benchANT
2026-09-18 10:28:00+00:00,processes,blocked,0,dbms,09-2026,yugabyte-2026111-vanilla-os-xlarge-xlarge-aws-v2,1,ip-172-31-24-84,ranking,benchANT
2026-09-18 10:28:10+00:00,processes,blocked,0,dbms,09-2026,yugabyte-2026111-vanilla-os-xlarge-xlarge-aws-v2,1,ip-172-31-24-84,ranking,benchANT
2026-09-18 10:28:20+00:00,processes,blocked,0,dbms,09-2026,yugabyte-2026111-vanilla-os-xlarge-xlarge-aws-v2,1,ip-172-31-24-84,ranking,benchANT
2026-09-18 10:28:30+00:00,processes,blocked,0,dbms,09-2026,yugabyte-2026111-vanilla-os-xlarge-xlarge-aws-v2,1,ip-172-31-24-84,ranking,benchANT
2026-09-18 10:28:40+00:00,processes,blocked,0,dbms,09-2026,yugabyte-2026111-vanilla-os-xlarge-xlarge-aws-v2,1,ip-172-31-24-84,ranking,benchANT
2026-09-18 10:28:50+00:00,processes,blocked,0,dbms,09-2026,yugabyte-2026111-vanilla-os-xlarge-xlarge-aws-v2,1,ip-172-31-24-84,ranking,benchANT
2026-09-18 10:29:00+00:00,processes,blocked,1,dbms,09-2026,yugabyte-2026111-vanilla-os-xlarge-xlarge-aws-v2,1,ip-172-31-24-84,ranking,benchANT
2026-09-18 10:29:10+00:00,processes,blocked,0,dbms,09-2026,yugabyte-2026111-vanilla-os-xlarge-xlarge-aws-v2,1,ip-172-31-24-84,ranking,benchANT
2026-09-18 10:29:20+00:00,processes,blocked,2,dbms,09-2026,yugabyte-2026111-vanilla-os-xlarge-xlarge-aws-v2,1,ip-172-31-24-84,ranking,benchANT
2026-09-18 10:29:30+00:00,processes,blocked,0,dbms,09-2026,yugabyte-2026111-vanilla-os-xlarge-xlarge-aws-v2,1,ip-172-31-24-84,ranking,benchANT
2026-09-18 10:29:40+00:00,processes,blocked,2,dbms,09-2026,yugabyte-2026111-vanilla-os-xlarge-xlarge-aws-v2,1,ip-172-31-24-84,ranking,benchANT
2026-09-18 10:29:50+00:00,processes,blocked,0,dbms,09-2026,yugabyte-2026111-vanilla-os-xlarge-xlarge-aws-v2,1,ip-172-31-24-84,ranking,benchANT
2026-09-18 10:30:00+00:00,processes,blocked,1,dbms,09-2026,yugabyte-2026111-vanilla-os-xlarge-xlarge-aws-v2,1,ip-172-31-24-84,ranking,benchANT
2026-09-18 10:30:10+00:00,processes,blocked,0,dbms,09-2026,yugabyte-2026111-vanilla-os-xlarge-xlarge-aws-v2,1,ip-172-31-24-84,ranking,benchANT
2026-09-18 10:30:20+00:00,processes,blocked,0,dbms,09-2026,yugabyte-2026111-vanilla-os-xlarge-xlarge-aws-v2,1,ip-172-31-24-84,ranking,benchANT
2026-09-18 10:30:30+00:00,processes,blocked,0,dbms,09-2026,yugabyte-2026111-vanilla-os-xlarge-xlarge-aws-v2,1,ip-172-31-24-84,ranking,benchANT
2026-09-18 10:30:40+00:00,processes,blocked,0,dbms,09-2026,yugabyte-2026111-vanilla-os-xlarge-xlarge-aws-v2,1,ip-172-31-24-84,ranking,benchANT
2026-09-18 10:30:50+00:00,processes,blocked,0,dbms,09-2026,yugabyte-2026111-vanilla-os-xlarge-xlarge-aws-v2,1,ip-172-31-24-84,ranking,benchANT
2026-09-18 10:31:00+00:00,processes,blocked,0,dbms,09-2026,yugabyte-2026111-vanilla-os-xlarge-xlarge-aws-v2,1,ip-172-31-24-84,ranking,benchANT
2026-09-18 10:31:10+00:00,processes,blocked,0,dbms,09-2026,yugabyte-2026111-vanilla-os-xlarge-xlarge-aws-v2,1,ip-172-31-24-84,ranking,benchANT
2026-09-18 10:31:20+00:00,processes,blocked,0,dbms,09-2026,yugabyte-2026111-vanilla-os-xlarge-xlarge-aws-v2,1,ip-172-31-24-84,ranking,benchANT
2026-09-18 10:23:00+00:00,processes,dead,0,dbms,09-2026,yugabyte-2026111-vanilla-os-xlarge-xlarge-aws-v2,1,ip-172-31-24-84,ranking,benchANT
2026-09-18 10:23:10+00:00,processes,dead,0,dbms,09-2026,yugabyte-2026111-vanilla-os-xlarge-xlarge-aws-v2,1,ip-172-31-24-84,ranking,benchANT
2026-09-18 10:23:20+00:00,processes,dead,0,dbms,09-2026,yugabyte-2026111-vanilla-os-xlarge-xlarge-aws-v2,1,ip-172-31-24-84,ranking,benchANT
2026-09-18 10:23:30+00:00,processes,dead,0,dbms,09-2026,yugabyte-2026111-vanilla-os-xlarge-xlarge-aws-v2,1,ip-172-31-24-84,ranking,benchANT
2026-09-18 10:23:40+00:00,processes,dead,0,dbms,09-2026,yugabyte-2026111-vanilla-os-xlarge-xlarge-aws-v2,1,ip-172-31-24-84,ranking,benchANT
2026-09-18 10:23:50+00:00,processes,dead,0,dbms,09-2026,yugabyte-2026111-vanilla-os-xlarge-xlarge-aws-v2,1,ip-172-31-24-84,ranking,benchANT
2026-09-18 10:24:00+00:00,processes,dead,0,dbms,09-2026,yugabyte-2026111-vanilla-os-xlarge-xlarge-aws-v2,1,ip-172-31-24-84,ranking,benchANT
2026-09-18 10:24:10+00:00,processes,dead,0,dbms,09-2026,yugabyte-2026111-vanilla-os-xlarge-xlarge-aws-v2,1,ip-172-31-24-84,ranking,benchANT
2026-09-18 10:24:20+00:00,processes,dead,0,dbms,09-2026,yugabyte-2026111-vanilla-os-xlarge-xlarge-aws-v2,1,ip-172-31-24-84,ranking,benchANT
2026-09-18 10:24:30+00:00,processes,dead,0,dbms,09-2026,yugabyte-2026111-vanilla-os-xlarge-xlarge-aws-v2,1,ip-172-31-24-84,ranking,benchANT
2026-09-18 10:24:40+00:00,processes,dead,0,dbms,09-2026,yugabyte-2026111-vanilla-os-xlarge-xlarge-aws-v2,1,ip-172-31-24-84,ranking,benchANT
2026-09-18 10:24:50+00:00,processes,dead,0,dbms,09-2026,yugabyte-2026111-vanilla-os-xlarge-xlarge-aws-v2,1,ip-172-31-24-84,ranking,benchANT
2026-09-18 10:25:00+00:00,processes,dead,0,dbms,09-2026,yugabyte-2026111-vanilla-os-xlarge-xlarge-aws-v2,1,ip-172-31-24-84,ranking,benchANT
2026-09-18 10:25:10+00:00,processes,dead,0,dbms,09-2026,yugabyte-2026111-vanilla-os-xlarge-xlarge-aws-v2,1,ip-172-31-24-84,ranking,benchANT
2026-09-18 10:25:20+00:00,processes,dead,0,dbms,09-2026,yugabyte-2026111-vanilla-os-xlarge-xlarge-aws-v2,1,ip-172-31-24-84,ranking,benchANT
2026-09-18 10:25:30+00:00,processes,dead,0,dbms,09-2026,yugabyte-2026111-vanilla-os-xlarge-xlarge-aws-v2,1,ip-172-31-24-84,ranking,benchANT
2026-09-18 10:25:40+00:00,processes,dead,0,dbms,09-2026,yugabyte-2026111-vanilla-os-xlarge-xlarge-aws-v2,1,ip-172-31-24-84,ranking,benchANT
2026-09-18 10:25:50+00:00,processes,dead,0,dbms,09-2026,yugabyte-2026111-vanilla-os-xlarge-xlarge-aws-v2,1,ip-172-31-24-84,ranking,benchANT
2026-09-18 10:26:00+00:00,processes,dead,0,dbms,09-2026,yugabyte-2026111-vanilla-os-xlarge-xlarge-aws-v2,1,ip-172-31-24-84,ranking,benchANT
2026-09-18 10:26:10+00:00,processes,dead,0,dbms,09-2026,yugabyte-2026111-vanilla-os-xlarge-xlarge-aws-v2,1,ip-172-31-24-84,ranking,benchANT
2026-09-18 10:26:20+00:00,processes,dead,0,dbms,09-2026,yugabyte-2026111-vanilla-os-xlarge-xlarge-aws-v2,1,ip-172-31-24-84,ranking,benchANT
2026-09-18 10:26:30+00:00,processes,dead,0,dbms,09-2026,yugabyte-2026111-vanilla-os-xlarge-xlarge-aws-v2,1,ip-172-31-24-84,ranking,benchANT
2026-09-18 10:26:40+00:00,processes,dead,0,dbms,09-2026,yugabyte-2026111-vanilla-os-xlarge-xlarge-aws-v2,1,ip-172-31-24-84,ranking,benchANT
2026-09-18 10:26:50+00:00,processes,dead,0,dbms,09-2026,yugabyte-2026111-vanilla-os-xlarge-xlarge-aws-v2,1,ip-172-31-24-84,ranking,benchANT
2026-09-18 10:27:00+00:00,processes,dead,0,dbms,09-2026,yugabyte-2026111-vanilla-os-xlarge-xlarge-aws-v2,1,ip-172-31-24-84,ranking,benchANT
2026-09-18 10:27:10+00:00,processes,dead,0,dbms,09-2026,yugabyte-2026111-vanilla-os-xlarge-xlarge-aws-v2,1,ip-172-31-24-84,ranking,benchANT
2026-09-18 10:27:20+00:00,processes,dead,0,dbms,09-2026,yugabyte-2026111-vanilla-os-xlarge-xlarge-aws-v2,1,ip-172-31-24-84,ranking,benchANT
2026-09-18 10:27:30+00:00,processes,dead,0,dbms,09-2026,yugabyte-2026111-vanilla-os-xlarge-xlarge-aws-v2,1,ip-172-31-24-84,ranking,benchANT
2026-09-18 10:27:40+00:00,processes,dead,0,dbms,09-2026,yugabyte-2026111-vanilla-os-xlarge-xlarge-aws-v2,1,ip-172-31-24-84,ranking,benchANT
2026-09-18 10:27:50+00:00,processes,dead,0,dbms,09-2026,yugabyte-2026111-vanilla-os-xlarge-xlarge-aws-v2,1,ip-172-31-24-84,ranking,benchANT
2026-09-18 10:28:00+00:00,processes,dead,0,dbms,09-2026,yugabyte-2026111-vanilla-os-xlarge-xlarge-aws-v2,1,ip-172-31-24-84,ranking,benchANT
2026-09-18 10:28:10+00:00,processes,dead,0,dbms,09-2026,yugabyte-2026111-vanilla-os-xlarge-xlarge-aws-v2,1,ip-172-31-24-84,ranking,benchANT
2026-09-18 10:28:20+00:00,processes,dead,0,dbms,09-2026,yugabyte-2026111-vanilla-os-xlarge-xlarge-aws-v2,1,ip-172-31-24-84,ranking,benchANT
2026-09-18 10:28:30+00:00,processes,dead,0,dbms,09-2026,yugabyte-2026111-vanilla-os-xlarge-xlarge-aws-v2,1,ip-172-31-24-84,ranking,benchANT
2026-09-18 10:28:40+00:00,processes,dead,0,dbms,09-2026,yugabyte-2026111-vanilla-os-xlarge-xlarge-aws-v2,1,ip-172-31-24-84,ranking,benchANT
2026-09-18 10:28:50+00:00,processes,dead,0,dbms,09-2026,yugabyte-2026111-vanilla-os-xlarge-xlarge-aws-v2,1,ip-172-31-24-84,ranking,benchANT
2026-09-18 10:29:00+00:00,processes,dead,0,dbms,09-2026,yugabyte-2026111-vanilla-os-xlarge-xlarge-aws-v2,1,ip-172-31-24-84,ranking,benchANT
2026-09-18 10:29:10+00:00,processes,dead,0,dbms,09-2026,yugabyte-2026111-vanilla-os-xlarge-xlarge-aws-v2,1,ip-172-31-24-84,ranking,benchANT
2026-09-18 10:29:20+00:00,processes,dead,0,dbms,09-2026,yugabyte-2026111-vanilla-os-xlarge-xlarge-aws-v2,1,ip-172-31-24-84,ranking,benchANT
2026-09-18 10:29:30+00:00,processes,dead,0,dbms,09-2026,yugabyte-2026111-vanilla-os-xlarge-xlarge-aws-v2,1,ip-172-31-24-84,ranking,benchANT
2026-09-18 10:29:40+00:00,processes,dead,0,dbms,09-2026,yugabyte-2026111-vanilla-os-xlarge-xlarge-aws-v2,1,ip-172-31-24-84,ranking,benchANT
2026-09-18 10:29:50+00:00,processes,dead,0,dbms,09-2026,yugabyte-2026111-vanilla-os-xlarge-xlarge-aws-v2,1,ip-172-31-24-84,ranking,benchANT
2026-09-18 10:30:00+00:00,processes,dead,0,dbms,09-2026,yugabyte-2026111-vanilla-os-xlarge-xlarge-aws-v2,1,ip-172-31-24-84,ranking,benchANT
2026-09-18 10:30:10+00:00,processes,dead,0,dbms,09-2026,yugabyte-2026111-vanilla-os-xlarge-xlarge-aws-v2,1,ip-172-31-24-84,ranking,benchANT
2026-09-18 10:30:20+00:00,processes,dead,0,dbms,09-2026,yugabyte-2026111-vanilla-os-xlarge-xlarge-aws-v2,1,ip-172-31-24-84,ranking,benchANT
2026-09-18 10:30:30+00:00,processes,dead,0,dbms,09-2026,yugabyte-2026111-vanilla-os-xlarge-xlarge-aws-v2,1,ip-172-31-24-84,ranking,benchANT
2026-09-18 10:30:40+00:00,processes,dead,0,dbms,09-2026,yugabyte-2026111-vanilla-os-xlarge-xlarge-aws-v2,1,ip-172-31-24-84,ranking,benchANT
2026-09-18 10:30:50+00:00,processes,dead,0,dbms,09-2026,yugabyte-2026111-vanilla-os-xlarge-xlarge-aws-v2,1,ip-172-31-24-84,ranking,benchANT
2026-09-18 10:31:00+00:00,processes,dead,0,dbms,09-2026,yugabyte-2026111-vanilla-os-xlarge-xlarge-aws-v2,1,ip-172-31-24-84,ranking,benchANT
2026-09-18 10:31:10+00:00,processes,dead,0,dbms,09-2026,yugabyte-2026111-vanilla-os-xlarge-xlarge-aws-v2,1,ip-172-31-24-84,ranking,benchANT
2026-09-18 10:31:20+00:00,processes,dead,0,dbms,09-2026,yugabyte-2026111-vanilla-os-xlarge-xlarge-aws-v2,1,ip-172-31-24-84,ranking,benchANT
2026-09-18 10:23:00+00:00,processes,idle,78,dbms,09-2026,yugabyte-2026111-vanilla-os-xlarge-xlarge-aws-v2,1,ip-172-31-24-84,ranking,benchANT
2026-09-18 10:23:10+00:00,processes,idle,78,dbms,09-2026,yugabyte-2026111-vanilla-os-xlarge-xlarge-aws-v2,1,ip-172-31-24-84,ranking,benchANT
2026-09-18 10:23:20+00:00,processes,idle,78,dbms,09-2026,yugabyte-2026111-vanilla-os-xlarge-xlarge-aws-v2,1,ip-172-31-24-84,ranking,benchANT
2026-09-18 10:23:30+00:00,processes,idle,78,dbms,09-2026,yugabyte-2026111-vanilla-os-xlarge-xlarge-aws-v2,1,ip-172-31-24-84,ranking,benchANT
2026-09-18 10:23:40+00:00,processes,idle,78,dbms,09-2026,yugabyte-2026111-vanilla-os-xlarge-xlarge-aws-v2,1,ip-172-31-24-84,ranking,benchANT
2026-09-18 10:23:50+00:00,processes,idle,78,dbms,09-2026,yugabyte-2026111-vanilla-os-xlarge-xlarge-aws-v2,1,ip-172-31-24-84,ranking,benchANT
2026-09-18 10:24:00+00:00,processes,idle,78,dbms,09-2026,yugabyte-2026111-vanilla-os-xlarge-xlarge-aws-v2,1,ip-172-31-24-84,ranking,benchANT
2026-09-18 10:24:10+00:00,processes,idle,78,dbms,09-2026,yugabyte-2026111-vanilla-os-xlarge-xlarge-aws-v2,1,ip-172-31-24-84,ranking,benchANT
2026-09-18 10:24:20+00:00,processes,idle,78,dbms,09-2026,yugabyte-2026111-vanilla-os-xlarge-xlarge-aws-v2,1,ip-172-31-24-84,ranking,benchANT
2026-09-18 10:24:30+00:00,processes,idle,78,dbms,09-2026,yugabyte-2026111-vanilla-os-xlarge-xlarge-aws-v2,1,ip-172-31-24-84,ranking,benchANT
2026-09-18 10:24:40+00:00,processes,idle,78,dbms,09-2026,yugabyte-2026111-vanilla-os-xlarge-xlarge-aws-v2,1,ip-172-31-24-84,ranking,benchANT
2026-09-18 10:24:50+00:00,processes,idle,78,dbms,09-2026,yugabyte-2026111-vanilla-os-xlarge-xlarge-aws-v2,1,ip-172-31-24-84,ranking,benchANT
2026-09-18 10:25:00+00:00,processes,idle,78,dbms,09-2026,yugabyte-2026111-vanilla-os-xlarge-xlarge-aws-v2,1,ip-172-31-24-84,ranking,benchANT
2026-09-18 10:25:10+00:00,processes,idle,78,dbms,09-2026,yugabyte-2026111-vanilla-os-xlarge-xlarge-aws-v2,1,ip-172-31-24-84,ranking,benchANT
2026-09-18 10:25:20+00:00,processes,idle,78,dbms,09-2026,yugabyte-2026111-vanilla-os-xlarge-xlarge-aws-v2,1,ip-172-31-24-84,ranking,benchANT
2026-09-18 10:25:30+00:00,processes,idle,78,dbms,09-2026,yugabyte-2026111-vanilla-os-xlarge-xlarge-aws-v2,1,ip-172-31-24-84,ranking,benchANT
2026-09-18 10:25:40+00:00,processes,idle,78,dbms,09-2026,yugabyte-2026111-vanilla-os-xlarge-xlarge-aws-v2,1,ip-172-31-24-84,ranking,benchANT
2026-09-18 10:25:50+00:00,processes,idle,77,dbms,09-2026,yugabyte-2026111-vanilla-os-xlarge-xlarge-aws-v2,1,ip-172-31-24-84,ranking,benchANT
2026-09-18 10:26:00+00:00,processes,idle,76,dbms,09-2026,yugabyte-2026111-vanilla-os-xlarge-xlarge-aws-v2,1,ip-172-31-24-84,ranking,benchANT
2026-09-18 10:26:10+00:00,processes,idle,77,dbms,09-2026,yugabyte-2026111-vanilla-os-xlarge-xlarge-aws-v2,1,ip-172-31-24-84,ranking,benchANT
2026-09-18 10:26:20+00:00,processes,idle,77,dbms,09-2026,yugabyte-2026111-vanilla-os-xlarge-xlarge-aws-v2,1,ip-172-31-24-84,ranking,benchANT
2026-09-18 10:26:30+00:00,processes,idle,77,dbms,09-2026,yugabyte-2026111-vanilla-os-xlarge-xlarge-aws-v2,1,ip-172-31-24-84,ranking,benchANT
2026-09-18 10:26:40+00:00,processes,idle,77,dbms,09-2026,yugabyte-2026111-vanilla-os-xlarge-xlarge-aws-v2,1,ip-172-31-24-84,ranking,benchANT
2026-09-18 10:26:50+00:00,processes,idle,76,dbms,09-2026,yugabyte-2026111-vanilla-os-xlarge-xlarge-aws-v2,1,ip-172-31-24-84,ranking,benchANT
2026-09-18 10:27:00+00:00,processes,idle,76,dbms,09-2026,yugabyte-2026111-vanilla-os-xlarge-xlarge-aws-v2,1,ip-172-31-24-84,ranking,benchANT
2026-09-18 10:27:10+00:00,processes,idle,77,dbms,09-2026,yugabyte-2026111-vanilla-os-xlarge-xlarge-aws-v2,1,ip-172-31-24-84,ranking,benchANT
2026-09-18 10:27:20+00:00,processes,idle,77,dbms,09-2026,yugabyte-2026111-vanilla-os-xlarge-xlarge-aws-v2,1,ip-172-31-24-84,ranking,benchANT
2026-09-18 10:27:30+00:00,processes,idle,77,dbms,09-2026,yugabyte-2026111-vanilla-os-xlarge-xlarge-aws-v2,1,ip-172-31-24-84,ranking,benchANT
2026-09-18 10:27:40+00:00,processes,idle,77,dbms,09-2026,yugabyte-2026111-vanilla-os-xlarge-xlarge-aws-v2,1,ip-172-31-24-84,ranking,benchANT
2026-09-18 10:27:50+00:00,processes,idle,77,dbms,09-2026,yugabyte-2026111-vanilla-os-xlarge-xlarge-aws-v2,1,ip-172-31-24-84,ranking,benchANT
2026-09-18 10:28:00+00:00,processes,idle,77,dbms,09-2026,yugabyte-2026111-vanilla-os-xlarge-xlarge-aws-v2,1,ip-172-31-24-84,ranking,benchANT
2026-09-18 10:28:10+00:00,processes,idle,77,dbms,09-2026,yugabyte-2026111-vanilla-os-xlarge-xlarge-aws-v2,1,ip-172-31-24-84,ranking,benchANT
2026-09-18 10:28:20+00:00,processes,idle,77,dbms,09-2026,yugabyte-2026111-vanilla-os-xlarge-xlarge-aws-v2,1,ip-172-31-24-84,ranking,benchANT
2026-09-18 10:28:30+00:00,processes,idle,77,dbms,09-2026,yugabyte-2026111-vanilla-os-xlarge-xlarge-aws-v2,1,ip-172-31-24-84,ranking,benchANT
2026-09-18 10:28:40+00:00,processes,idle,77,dbms,09-2026,yugabyte-2026111-vanilla-os-xlarge-xlarge-aws-v2,1,ip-172-31-24-84,ranking,benchANT
2026-09-18 10:28:50+00:00,processes,idle,77,dbms,09-2026,yugabyte-2026111-vanilla-os-xlarge-xlarge-aws-v2,1,ip-172-31-24-84,ranking,benchANT
2026-09-18 10:29:00+00:00,processes,idle,77,dbms,09-2026,yugabyte-2026111-vanilla-os-xlarge-xlarge-aws-v2,1,ip-172-31-24-84,ranking,benchANT
2026-09-18 10:29:10+00:00,processes,idle,77,dbms,09-2026,yugabyte-2026111-vanilla-os-xlarge-xlarge-aws-v2,1,ip-172-31-24-84,ranking,benchANT
2026-09-18 10:29:20+00:00,processes,idle,76,dbms,09-2026,yugabyte-2026111-vanilla-os-xlarge-xlarge-aws-v2,1,ip-172-31-24-84,ranking,benchANT
2026-09-18 10:29:30+00:00,processes,idle,78,dbms,09-2026,yugabyte-2026111-vanilla-os-xlarge-xlarge-aws-v2,1,ip-172-31-24-84,ranking,benchANT
2026-09-18 10:29:40+00:00,processes,idle,77,dbms,09-2026,yugabyte-2026111-vanilla-os-xlarge-xlarge-aws-v2,1,ip-172-31-24-84,ranking,benchANT
2026-09-18 10:29:50+00:00,processes,idle,78,dbms,09-2026,yugabyte-2026111-vanilla-os-xlarge-xlarge-aws-v2,1,ip-172-31-24-84,ranking,benchANT
2026-09-18 10:30:00+00:00,processes,idle,78,dbms,09-2026,yugabyte-2026111-vanilla-os-xlarge-xlarge-aws-v2,1,ip-172-31-24-84,ranking,benchANT
2026-09-18 10:30:10+00:00,processes,idle,78,dbms,09-2026,yugabyte-2026111-vanilla-os-xlarge-xlarge-aws-v2,1,ip-172-31-24-84,ranking,benchANT
2026-09-18 10:30:20+00:00,processes,idle,79,dbms,09-2026,yugabyte-2026111-vanilla-os-xlarge-xlarge-aws-v2,1,ip-172-31-24-84,ranking,benchANT
2026-09-18 10:30:30+00:00,processes,idle,79,dbms,09-2026,yugabyte-2026111-vanilla-os-xlarge-xlarge-aws-v2,1,ip-172-31-24-84,ranking,benchANT
2026-09-18 10:30:40+00:00,processes,idle,79,dbms,09-2026,yugabyte-2026111-vanilla-os-xlarge-xlarge-aws-v2,1,ip-172-31-24-84,ranking,benchANT
2026-09-18 10:30:50+00:00,processes,idle,79,dbms,09-2026,yugabyte-2026111-vanilla-os-xlarge-xlarge-aws-v2,1,ip-172-31-24-84,ranking,benchANT
2026-09-18 10:31:00+00:00,processes,idle,79,dbms,09-2026,yugabyte-2026111-vanilla-os-xlarge-xlarge-aws-v2,1,ip-172-31-24-84,ranking,benchANT
2026-09-18 10:31:10+00:00,processes,idle,79,dbms,09-2026,yugabyte-2026111-vanilla-os-xlarge-xlarge-aws-v2,1,ip-172-31-24-84,ranking,benchANT
2026-09-18 10:31:20+00:00,processes,idle,79,dbms,09-2026,yugabyte-2026111-vanilla-os-xlarge-xlarge-aws-v2,1,ip-172-31-24-84,ranking,benchANT
2026-09-18 10:23:00+00:00,processes,paging,0,dbms,09-2026,yugabyte-2026111-vanilla-os-xlarge-xlarge-aws-v2,1,ip-172-31-24-84,ranking,benchANT
2026-09-18 10:23:10+00:00,processes,paging,0,dbms,09-2026,yugabyte-2026111-vanilla-os-xlarge-xlarge-aws-v2,1,ip-172-31-24-84,ranking,benchANT
2026-09-18 10:23:20+00:00,processes,paging,0,dbms,09-2026,yugabyte-2026111-vanilla-os-xlarge-xlarge-aws-v2,1,ip-172-31-24-84,ranking,benchANT
2026-09-18 10:23:30+00:00,processes,paging,0,dbms,09-2026,yugabyte-2026111-vanilla-os-xlarge-xlarge-aws-v2,1,ip-172-31-24-84,ranking,benchANT
2026-09-18 10:23:40+00:00,processes,paging,0,dbms,09-2026,yugabyte-2026111-vanilla-os-xlarge-xlarge-aws-v2,1,ip-172-31-24-84,ranking,benchANT
2026-09-18 10:23:50+00:00,processes,paging,0,dbms,09-2026,yugabyte-2026111-vanilla-os-xlarge-xlarge-aws-v2,1,ip-172-31-24-84,ranking,benchANT
2026-09-18 10:24:00+00:00,processes,paging,0,dbms,09-2026,yugabyte-2026111-vanilla-os-xlarge-xlarge-aws-v2,1,ip-172-31-24-84,ranking,benchANT
2026-09-18 10:24:10+00:00,processes,paging,0,dbms,09-2026,yugabyte-2026111-vanilla-os-xlarge-xlarge-aws-v2,1,ip-172-31-24-84,ranking,benchANT
2026-09-18 10:24:20+00:00,processes,paging,0,dbms,09-2026,yugabyte-2026111-vanilla-os-xlarge-xlarge-aws-v2,1,ip-172-31-24-84,ranking,benchANT
2026-09-18 10:24:30+00:00,processes,paging,0,dbms,09-2026,yugabyte-2026111-vanilla-os-xlarge-xlarge-aws-v2,1,ip-172-31-24-84,ranking,benchANT
2026-09-18 10:24:40+00:00,processes,paging,0,dbms,09-2026,yugabyte-2026111-vanilla-os-xlarge-xlarge-aws-v2,1,ip-172-31-24-84,ranking,benchANT
2026-09-18 10:24:50+00:00,processes,paging,0,dbms,09-2026,yugabyte-2026111-vanilla-os-xlarge-xlarge-aws-v2,1,ip-172-31-24-84,ranking,benchANT
2026-09-18 10:25:00+00:00,processes,paging,0,dbms,09-2026,yugabyte-2026111-vanilla-os-xlarge-xlarge-aws-v2,1,ip-172-31-24-84,ranking,benchANT
2026-09-18 10:25:10+00:00,processes,paging,0,dbms,09-2026,yugabyte-2026111-vanilla-os-xlarge-xlarge-aws-v2,1,ip-172-31-24-84,ranking,benchANT
2026-09-18 10:25:20+00:00,processes,paging,0,dbms,09-2026,yugabyte-2026111-vanilla-os-xlarge-xlarge-aws-v2,1,ip-172-31-24-84,ranking,benchANT
2026-09-18 10:25:30+00:00,processes,paging,0,dbms,09-2026,yugabyte-2026111-vanilla-os-xlarge-xlarge-aws-v2,1,ip-172-31-24-84,ranking,benchANT
2026-09-18 10:25:40+00:00,processes,paging,0,dbms,09-2026,yugabyte-2026111-vanilla-os-xlarge-xlarge-aws-v2,1,ip-172-31-24-84,ranking,benchANT
2026-09-18 10:25:50+00:00,processes,paging,0,dbms,09-2026,yugabyte-2026111-vanilla-os-xlarge-xlarge-aws-v2,1,ip-172-31-24-84,ranking,benchANT
2026-09-18 10:26:00+00:00,processes,paging,0,dbms,09-2026,yugabyte-2026111-vanilla-os-xlarge-xlarge-aws-v2,1,ip-172-31-24-84,ranking,benchANT
2026-09-18 10:26:10+00:00,processes,paging,0,dbms,09-2026,yugabyte-2026111-vanilla-os-xlarge-xlarge-aws-v2,1,ip-172-31-24-84,ranking,benchANT
2026-09-18 10:26:20+00:00,processes,paging,0,dbms,09-2026,yugabyte-2026111-vanilla-os-xlarge-xlarge-aws-v2,1,ip-172-31-24-84,ranking,benchANT
2026-09-18 10:26:30+00:00,processes,paging,0,dbms,09-2026,yugabyte-2026111-vanilla-os-xlarge-xlarge-aws-v2,1,ip-172-31-24-84,ranking,benchANT
2026-09-18 10:26:40+00:00,processes,paging,0,dbms,09-2026,yugabyte-2026111-vanilla-os-xlarge-xlarge-aws-v2,1,ip-172-31-24-84,ranking,benchANT
2026-09-18 10:26:50+00:00,processes,paging,0,dbms,09-2026,yugabyte-2026111-vanilla-os-xlarge-xlarge-aws-v2,1,ip-172-31-24-84,ranking,benchANT
2026-09-18 10:27:00+00:00,processes,paging,0,dbms,09-2026,yugabyte-2026111-vanilla-os-xlarge-xlarge-aws-v2,1,ip-172-31-24-84,ranking,benchANT
2026-09-18 10:27:10+00:00,processes,paging,0,dbms,09-2026,yugabyte-2026111-vanilla-os-xlarge-xlarge-aws-v2,1,ip-172-31-24-84,ranking,benchANT
2026-09-18 10:27:20+00:00,processes,paging,0,dbms,09-2026,yugabyte-2026111-vanilla-os-xlarge-xlarge-aws-v2,1,ip-172-31-24-84,ranking,benchANT
2026-09-18 10:27:30+00:00,processes,paging,0,dbms,09-2026,yugabyte-2026111-vanilla-os-xlarge-xlarge-aws-v2,1,ip-172-31-24-84,ranking,benchANT
2026-09-18 10:27:40+00:00,processes,paging,0,dbms,09-2026,yugabyte-2026111-vanilla-os-xlarge-xlarge-aws-v2,1,ip-172-31-24-84,ranking,benchANT
2026-09-18 10:27:50+00:00,processes,paging,0,dbms,09-2026,yugabyte-2026111-vanilla-os-xlarge-xlarge-aws-v2,1,ip-172-31-24-84,ranking,benchANT
2026-09-18 10:28:00+00:00,processes,paging,0,dbms,09-2026,yugabyte-2026111-vanilla-os-xlarge-xlarge-aws-v2,1,ip-172-31-24-84,ranking,benchANT
2026-09-18 10:28:10+00:00,processes,paging,0,dbms,09-2026,yugabyte-2026111-vanilla-os-xlarge-xlarge-aws-v2,1,ip-172-31-24-84,ranking,benchANT
2026-09-18 10:28:20+00:00,processes,paging,0,dbms,09-2026,yugabyte-2026111-vanilla-os-xlarge-xlarge-aws-v2,1,ip-172-31-24-84,ranking,benchANT
2026-09-18 10:28:30+00:00,processes,paging,0,dbms,09-2026,yugabyte-2026111-vanilla-os-xlarge-xlarge-aws-v2,1,ip-172-31-24-84,ranking,benchANT
2026-09-18 10:28:40+00:00,processes,paging,0,dbms,09-2026,yugabyte-2026111-vanilla-os-xlarge-xlarge-aws-v2,1,ip-172-31-24-84,ranking,benchANT
2026-09-18 10:28:50+00:00,processes,paging,0,dbms,09-2026,yugabyte-2026111-vanilla-os-xlarge-xlarge-aws-v2,1,ip-172-31-24-84,ranking,benchANT
2026-09-18 10:29:00+00:00,processes,paging,0,dbms,09-2026,yugabyte-2026111-vanilla-os-xlarge-xlarge-aws-v2,1,ip-172-31-24-84,ranking,benchANT
2026-09-18 10:29:10+00:00,processes,paging,0,dbms,09-2026,yugabyte-2026111-vanilla-os-xlarge-xlarge-aws-v2,1,ip-172-31-24-84,ranking,benchANT
2026-09-18 10:29:20+00:00,processes,paging,0,dbms,09-2026,yugabyte-2026111-vanilla-os-xlarge-xlarge-aws-v2,1,ip-172-31-24-84,ranking,benchANT
2026-09-18 10:29:30+00:00,processes,paging,0,dbms,09-2026,yugabyte-2026111-vanilla-os-xlarge-xlarge-aws-v2,1,ip-172-31-24-84,ranking,benchANT
2026-09-18 10:29:40+00:00,processes,paging,0,dbms,09-2026,yugabyte-2026111-vanilla-os-xlarge-xlarge-aws-v2,1,ip-172-31-24-84,ranking,benchANT
2026-09-18 10:29:50+00:00,processes,paging,0,dbms,09-2026,yugabyte-2026111-vanilla-os-xlarge-xlarge-aws-v2,1,ip-172-31-24-84,ranking,benchANT
2026-09-18 10:30:00+00:00,processes,paging,0,dbms,09-2026,yugabyte-2026111-vanilla-os-xlarge-xlarge-aws-v2,1,ip-172-31-24-84,ranking,benchANT
2026-09-18 10:30:10+00:00,processes,paging,0,dbms,09-2026,yugabyte-2026111-vanilla-os-xlarge-xlarge-aws-v2,1,ip-172-31-24-84,ranking,benchANT
2026-09-18 10:30:20+00:00,processes,paging,0,dbms,09-2026,yugabyte-2026111-vanilla-os-xlarge-xlarge-aws-v2,1,ip-172-31-24-84,ranking,benchANT
2026-09-18 10:30:30+00:00,processes,paging,0,dbms,09-2026,yugabyte-2026111-vanilla-os-xlarge-xlarge-aws-v2,1,ip-172-31-24-84,ranking,benchANT
2026-09-18 10:30:40+00:00,processes,paging,0,dbms,09-2026,yugabyte-2026111-vanilla-os-xlarge-xlarge-aws-v2,1,ip-172-31-24-84,ranking,benchANT
2026-09-18 10:30:50+00:00,processes,paging,0,dbms,09-2026,yugabyte-2026111-vanilla-os-xlarge-xlarge-aws-v2,1,ip-172-31-24-84,ranking,benchANT
2026-09-18 10:31:00+00:00,processes,paging,0,dbms,09-2026,yugabyte-2026111-vanilla-os-xlarge-xlarge-aws-v2,1,ip-172-31-24-84,ranking,benchANT
2026-09-18 10:31:10+00:00,processes,paging,0,dbms,09-2026,yugabyte-2026111-vanilla-os-xlarge-xlarge-aws-v2,1,ip-172-31-24-84,ranking,benchANT
2026-09-18 10:31:20+00:00,processes,paging,0,dbms,09-2026,yugabyte-2026111-vanilla-os-xlarge-xlarge-aws-v2,1,ip-172-31-24-84,ranking,benchANT
2026-09-18 10:23:00+00:00,processes,running,5,dbms,09-2026,yugabyte-2026111-vanilla-os-xlarge-xlarge-aws-v2,1,ip-172-31-24-84,ranking,benchANT
2026-09-18 10:23:10+00:00,processes,running,2,dbms,09-2026,yugabyte-2026111-vanilla-os-xlarge-xlarge-aws-v2,1,ip-172-31-24-84,ranking,benchANT
2026-09-18 10:23:20+00:00,processes,running,9,dbms,09-2026,yugabyte-2026111-vanilla-os-xlarge-xlarge-aws-v2,1,ip-172-31-24-84,ranking,benchANT
2026-09-18 10:23:30+00:00,processes,running,3,dbms,09-2026,yugabyte-2026111-vanilla-os-xlarge-xlarge-aws-v2,1,ip-172-31-24-84,ranking,benchANT
2026-09-18 10:23:40+00:00,processes,running,5,dbms,09-2026,yugabyte-2026111-vanilla-os-xlarge-xlarge-aws-v2,1,ip-172-31-24-84,ranking,benchANT
2026-09-18 10:23:50+00:00,processes,running,4,dbms,09-2026,yugabyte-2026111-vanilla-os-xlarge-xlarge-aws-v2,1,ip-172-31-24-84,ranking,benchANT
2026-09-18 10:24:00+00:00,processes,running,4,dbms,09-2026,yugabyte-2026111-vanilla-os-xlarge-xlarge-aws-v2,1,ip-172-31-24-84,ranking,benchANT
2026-09-18 10:24:10+00:00,processes,running,5,dbms,09-2026,yugabyte-2026111-vanilla-os-xlarge-xlarge-aws-v2,1,ip-172-31-24-84,ranking,benchANT
2026-09-18 10:24:20+00:00,processes,running,2,dbms,09-2026,yugabyte-2026111-vanilla-os-xlarge-xlarge-aws-v2,1,ip-172-31-24-84,ranking,benchANT
2026-09-18 10:24:30+00:00,processes,running,7,dbms,09-2026,yugabyte-2026111-vanilla-os-xlarge-xlarge-aws-v2,1,ip-172-31-24-84,ranking,benchANT
2026-09-18 10:24:40+00:00,processes,running,6,dbms,09-2026,yugabyte-2026111-vanilla-os-xlarge-xlarge-aws-v2,1,ip-172-31-24-84,ranking,benchANT
2026-09-18 10:24:50+00:00,processes,running,4,dbms,09-2026,yugabyte-2026111-vanilla-os-xlarge-xlarge-aws-v2,1,ip-172-31-24-84,ranking,benchANT
2026-09-18 10:25:00+00:00,processes,running,4,dbms,09-2026,yugabyte-2026111-vanilla-os-xlarge-xlarge-aws-v2,1,ip-172-31-24-84,ranking,benchANT
2026-09-18 10:25:10+00:00,processes,running,6,dbms,09-2026,yugabyte-2026111-vanilla-os-xlarge-xlarge-aws-v2,1,ip-172-31-24-84,ranking,benchANT
2026-09-18 10:25:20+00:00,processes,running,7,dbms,09-2026,yugabyte-2026111-vanilla-os-xlarge-xlarge-aws-v2,1,ip-172-31-24-84,ranking,benchANT
2026-09-18 10:25:30+00:00,processes,running,5,dbms,09-2026,yugabyte-2026111-vanilla-os-xlarge-xlarge-aws-v2,1,ip-172-31-24-84,ranking,benchANT
2026-09-18 10:25:40+00:00,processes,running,3,dbms,09-2026,yugabyte-2026111-vanilla-os-xlarge-xlarge-aws-v2,1,ip-172-31-24-84,ranking,benchANT
2026-09-18 10:25:50+00:00,processes,running,5,dbms,09-2026,yugabyte-2026111-vanilla-os-xlarge-xlarge-aws-v2,1,ip-172-31-24-84,ranking,benchANT
2026-09-18 10:26:00+00:00,processes,running,8,dbms,09-2026,yugabyte-2026111-vanilla-os-xlarge-xlarge-aws-v2,1,ip-172-31-24-84,ranking,benchANT
2026-09-18 10:26:10+00:00,processes,running,4,dbms,09-2026,yugabyte-2026111-vanilla-os-xlarge-xlarge-aws-v2,1,ip-172-31-24-84,ranking,benchANT
2026-09-18 10:26:20+00:00,processes,running,7,dbms,09-2026,yugabyte-2026111-vanilla-os-xlarge-xlarge-aws-v2,1,ip-172-31-24-84,ranking,benchANT
2026-09-18 10:26:30+00:00,processes,running,7,dbms,09-2026,yugabyte-2026111-vanilla-os-xlarge-xlarge-aws-v2,1,ip-172-31-24-84,ranking,benchANT
2026-09-18 10:26:40+00:00,processes,running,2,dbms,09-2026,yugabyte-2026111-vanilla-os-xlarge-xlarge-aws-v2,1,ip-172-31-24-84,ranking,benchANT
2026-09-18 10:26:50+00:00,processes,running,3,dbms,09-2026,yugabyte-2026111-vanilla-os-xlarge-xlarge-aws-v2,1,ip-172-31-24-84,ranking,benchANT
2026-09-18 10:27:00+00:00,processes,running,5,dbms,09-2026,yugabyte-2026111-vanilla-os-xlarge-xlarge-aws-v2,1,ip-172-31-24-84,ranking,benchANT
2026-09-18 10:27:10+00:00,processes,running,6,dbms,09-2026,yugabyte-2026111-vanilla-os-xlarge-xlarge-aws-v2,1,ip-172-31-24-84,ranking,benchANT
2026-09-18 10:27:20+00:00,processes,running,6,dbms,09-2026,yugabyte-2026111-vanilla-os-xlarge-xlarge-aws-v2,1,ip-172-31-24-84,ranking,benchANT
2026-09-18 10:27:30+00:00,processes,running,6,dbms,09-2026,yugabyte-2026111-vanilla-os-xlarge-xlarge-aws-v2,1,ip-172-31-24-84,ranking,benchANT
2026-09-18 10:27:40+00:00,processes,running,7,dbms,09-2026,yugabyte-2026111-vanilla-os-xlarge-xlarge-aws-v2,1,ip-172-31-24-84,ranking,benchANT
2026-09-18 10:27:50+00:00,processes,running,7,dbms,09-2026,yugabyte-2026111-vanilla-os-xlarge-xlarge-aws-v2,1,ip-172-31-24-84,ranking,benchANT
2026-09-18 10:28:00+00:00,processes,running,9,dbms,09-2026,yugabyte-2026111-vanilla-os-xlarge-xlarge-aws-v2,1,ip-172-31-24-84,ranking,benchANT
2026-09-18 10:28:10+00:00,processes,running,5,dbms,09-2026,yugabyte-2026111-vanilla-os-xlarge-xlarge-aws-v2,1,ip-172-31-24-84,ranking,benchANT
2026-09-18 10:28:20+00:00,processes,running,6,dbms,09-2026,yugabyte-2026111-vanilla-os-xlarge-xlarge-aws-v2,1,ip-172-31-24-84,ranking,benchANT
2026-09-18 10:28:30+00:00,processes,running,3,dbms,09-2026,yugabyte-2026111-vanilla-os-xlarge-xlarge-aws-v2,1,ip-172-31-24-84,ranking,benchANT
2026-09-18 10:28:40+00:00,processes,running,3,dbms,09-2026,yugabyte-2026111-vanilla-os-xlarge-xlarge-aws-v2,1,ip-172-31-24-84,ranking,benchANT
2026-09-18 10:28:50+00:00,processes,running,2,dbms,09-2026,yugabyte-2026111-vanilla-os-xlarge-xlarge-aws-v2,1,ip-172-31-24-84,ranking,benchANT
2026-09-18 10:29:00+00:00,processes,running,2,dbms,09-2026,yugabyte-2026111-vanilla-os-xlarge-xlarge-aws-v2,1,ip-172-31-24-84,ranking,benchANT
2026-09-18 10:29:10+00:00,processes,running,2,dbms,09-2026,yugabyte-2026111-vanilla-os-xlarge-xlarge-aws-v2,1,ip-172-31-24-84,ranking,benchANT
2026-09-18 10:29:20+00:00,processes,running,5,dbms,09-2026,yugabyte-2026111-vanilla-os-xlarge-xlarge-aws-v2,1,ip-172-31-24-84,ranking,benchANT
2026-09-18 10:29:30+00:00,processes,running,4,dbms,09-2026,yugabyte-2026111-vanilla-os-xlarge-xlarge-aws-v2,1,ip-172-31-24-84,ranking,benchANT
2026-09-18 10:29:40+00:00,processes,running,3,dbms,09-2026,yugabyte-2026111-vanilla-os-xlarge-xlarge-aws-v2,1,ip-172-31-24-84,ranking,benchANT
2026-09-18 10:29:50+00:00,processes,running,8,dbms,09-2026,yugabyte-2026111-vanilla-os-xlarge-xlarge-aws-v2,1,ip-172-31-24-84,ranking,benchANT
2026-09-18 10:30:00+00:00,processes,running,4,dbms,09-2026,yugabyte-2026111-vanilla-os-xlarge-xlarge-aws-v2,1,ip-172-31-24-84,ranking,benchANT
2026-09-18 10:30:10+00:00,processes,running,2,dbms,09-2026,yugabyte-2026111-vanilla-os-xlarge-xlarge-aws-v2,1,ip-172-31-24-84,ranking,benchANT
2026-09-18 10:30:20+00:00,processes,running,5,dbms,09-2026,yugabyte-2026111-vanilla-os-xlarge-xlarge-aws-v2,1,ip-172-31-24-84,ranking,benchANT
2026-09-18 10:30:30+00:00,processes,running,6,dbms,09-2026,yugabyte-2026111-vanilla-os-xlarge-xlarge-aws-v2,1,ip-172-31-24-84,ranking,benchANT
2026-09-18 10:30:40+00:00,processes,running,6,dbms,09-2026,yugabyte-2026111-vanilla-os-xlarge-xlarge-aws-v2,1,ip-172-31-24-84,ranking,benchANT
2026-09-18 10:30:50+00:00,processes,running,7,dbms,09-2026,yugabyte-2026111-vanilla-os-xlarge-xlarge-aws-v2,1,ip-172-31-24-84,ranking,benchANT
2026-09-18 10:31:00+00:00,processes,running,0,dbms,09-2026,yugabyte-2026111-vanilla-os-xlarge-xlarge-aws-v2,1,ip-172-31-24-84,ranking,benchANT
2026-09-18 10:31:10+00:00,processes,running,0,dbms,09-2026,yugabyte-2026111-vanilla-os-xlarge-xlarge-aws-v2,1,ip-172-31-24-84,ranking,benchANT
2026-09-18 10:31:20+00:00,processes,running,0,dbms,09-2026,yugabyte-2026111-vanilla-os-xlarge-xlarge-aws-v2,1,ip-172-31-24-84,ranking,benchANT
2026-09-18 10:23:00+00:00,processes,sleeping,144,dbms,09-2026,yugabyte-2026111-vanilla-os-xlarge-xlarge-aws-v2,1,ip-172-31-24-84,ranking,benchANT
2026-09-18 10:23:10+00:00,processes,sleeping,147,dbms,09-2026,yugabyte-2026111-vanilla-os-xlarge-xlarge-aws-v2,1,ip-172-31-24-84,ranking,benchANT
2026-09-18 10:23:20+00:00,processes,sleeping,140,dbms,09-2026,yugabyte-2026111-vanilla-os-xlarge-xlarge-aws-v2,1,ip-172-31-24-84,ranking,benchANT
2026-09-18 10:23:30+00:00,processes,sleeping,146,dbms,09-2026,yugabyte-2026111-vanilla-os-xlarge-xlarge-aws-v2,1,ip-172-31-24-84,ranking,benchANT
2026-09-18 10:23:40+00:00,processes,sleeping,144,dbms,09-2026,yugabyte-2026111-vanilla-os-xlarge-xlarge-aws-v2,1,ip-172-31-24-84,ranking,benchANT
2026-09-18 10:23:50+00:00,processes,sleeping,145,dbms,09-2026,yugabyte-2026111-vanilla-os-xlarge-xlarge-aws-v2,1,ip-172-31-24-84,ranking,benchANT
2026-09-18 10:24:00+00:00,processes,sleeping,145,dbms,09-2026,yugabyte-2026111-vanilla-os-xlarge-xlarge-aws-v2,1,ip-172-31-24-84,ranking,benchANT
2026-09-18 10:24:10+00:00,processes,sleeping,144,dbms,09-2026,yugabyte-2026111-vanilla-os-xlarge-xlarge-aws-v2,1,ip-172-31-24-84,ranking,benchANT
2026-09-18 10:24:20+00:00,processes,sleeping,146,dbms,09-2026,yugabyte-2026111-vanilla-os-xlarge-xlarge-aws-v2,1,ip-172-31-24-84,ranking,benchANT
2026-09-18 10:24:30+00:00,processes,sleeping,142,dbms,09-2026,yugabyte-2026111-vanilla-os-xlarge-xlarge-aws-v2,1,ip-172-31-24-84,ranking,benchANT
2026-09-18 10:24:40+00:00,processes,sleeping,143,dbms,09-2026,yugabyte-2026111-vanilla-os-xlarge-xlarge-aws-v2,1,ip-172-31-24-84,ranking,benchANT
2026-09-18 10:24:50+00:00,processes,sleeping,145,dbms,09-2026,yugabyte-2026111-vanilla-os-xlarge-xlarge-aws-v2,1,ip-172-31-24-84,ranking,benchANT
2026-09-18 10:25:00+00:00,processes,sleeping,145,dbms,09-2026,yugabyte-2026111-vanilla-os-xlarge-xlarge-aws-v2,1,ip-172-31-24-84,ranking,benchANT
2026-09-18 10:25:10+00:00,processes,sleeping,143,dbms,09-2026,yugabyte-2026111-vanilla-os-xlarge-xlarge-aws-v2,1,ip-172-31-24-84,ranking,benchANT
2026-09-18 10:25:20+00:00,processes,sleeping,142,dbms,09-2026,yugabyte-2026111-vanilla-os-xlarge-xlarge-aws-v2,1,ip-172-31-24-84,ranking,benchANT
2026-09-18 10:25:30+00:00,processes,sleeping,144,dbms,09-2026,yugabyte-2026111-vanilla-os-xlarge-xlarge-aws-v2,1,ip-172-31-24-84,ranking,benchANT
2026-09-18 10:25:40+00:00,processes,sleeping,146,dbms,09-2026,yugabyte-2026111-vanilla-os-xlarge-xlarge-aws-v2,1,ip-172-31-24-84,ranking,benchANT
2026-09-18 10:25:50+00:00,processes,sleeping,144,dbms,09-2026,yugabyte-2026111-vanilla-os-xlarge-xlarge-aws-v2,1,ip-172-31-24-84,ranking,benchANT
2026-09-18 10:26:00+00:00,processes,sleeping,141,dbms,09-2026,yugabyte-2026111-vanilla-os-xlarge-xlarge-aws-v2,1,ip-172-31-24-84,ranking,benchANT
2026-09-18 10:26:10+00:00,processes,sleeping,145,dbms,09-2026,yugabyte-2026111-vanilla-os-xlarge-xlarge-aws-v2,1,ip-172-31-24-84,ranking,benchANT
2026-09-18 10:26:20+00:00,processes,sleeping,142,dbms,09-2026,yugabyte-2026111-vanilla-os-xlarge-xlarge-aws-v2,1,ip-172-31-24-84,ranking,benchANT
2026-09-18 10:26:30+00:00,processes,sleeping,142,dbms,09-2026,yugabyte-2026111-vanilla-os-xlarge-xlarge-aws-v2,1,ip-172-31-24-84,ranking,benchANT
2026-09-18 10:26:40+00:00,processes,sleeping,146,dbms,09-2026,yugabyte-2026111-vanilla-os-xlarge-xlarge-aws-v2,1,ip-172-31-24-84,ranking,benchANT
2026-09-18 10:26:50+00:00,processes,sleeping,146,dbms,09-2026,yugabyte-2026111-vanilla-os-xlarge-xlarge-aws-v2,1,ip-172-31-24-84,ranking,benchANT
2026-09-18 10:27:00+00:00,processes,sleeping,145,dbms,09-2026,yugabyte-2026111-vanilla-os-xlarge-xlarge-aws-v2,1,ip-172-31-24-84,ranking,benchANT
2026-09-18 10:27:10+00:00,processes,sleeping,143,dbms,09-2026,yugabyte-2026111-vanilla-os-xlarge-xlarge-aws-v2,1,ip-172-31-24-84,ranking,benchANT
2026-09-18 10:27:20+00:00,processes,sleeping,143,dbms,09-2026,yugabyte-2026111-vanilla-os-xlarge-xlarge-aws-v2,1,ip-172-31-24-84,ranking,benchANT
2026-09-18 10:27:30+00:00,processes,sleeping,143,dbms,09-2026,yugabyte-2026111-vanilla-os-xlarge-xlarge-aws-v2,1,ip-172-31-24-84,ranking,benchANT
2026-09-18 10:27:40+00:00,processes,sleeping,142,dbms,09-2026,yugabyte-2026111-vanilla-os-xlarge-xlarge-aws-v2,1,ip-172-31-24-84,ranking,benchANT
2026-09-18 10:27:50+00:00,processes,sleeping,142,dbms,09-2026,yugabyte-2026111-vanilla-os-xlarge-xlarge-aws-v2,1,ip-172-31-24-84,ranking,benchANT
2026-09-18 10:28:00+00:00,processes,sleeping,140,dbms,09-2026,yugabyte-2026111-vanilla-os-xlarge-xlarge-aws-v2,1,ip-172-31-24-84,ranking,benchANT
2026-09-18 10:28:10+00:00,processes,sleeping,144,dbms,09-2026,yugabyte-2026111-vanilla-os-xlarge-xlarge-aws-v2,1,ip-172-31-24-84,ranking,benchANT
2026-09-18 10:28:20+00:00,processes,sleeping,143,dbms,09-2026,yugabyte-2026111-vanilla-os-xlarge-xlarge-aws-v2,1,ip-172-31-24-84,ranking,benchANT
2026-09-18 10:28:30+00:00,processes,sleeping,146,dbms,09-2026,yugabyte-2026111-vanilla-os-xlarge-xlarge-aws-v2,1,ip-172-31-24-84,ranking,benchANT
2026-09-18 10:28:40+00:00,processes,sleeping,146,dbms,09-2026,yugabyte-2026111-vanilla-os-xlarge-xlarge-aws-v2,1,ip-172-31-24-84,ranking,benchANT
2026-09-18 10:28:50+00:00,processes,sleeping,147,dbms,09-2026,yugabyte-2026111-vanilla-os-xlarge-xlarge-aws-v2,1,ip-172-31-24-84,ranking,benchANT
2026-09-18 10:29:00+00:00,processes,sleeping,146,dbms,09-2026,yugabyte-2026111-vanilla-os-xlarge-xlarge-aws-v2,1,ip-172-31-24-84,ranking,benchANT
2026-09-18 10:29:10+00:00,processes,sleeping,147,dbms,09-2026,yugabyte-2026111-vanilla-os-xlarge-xlarge-aws-v2,1,ip-172-31-24-84,ranking,benchANT
2026-09-18 10:29:20+00:00,processes,sleeping,144,dbms,09-2026,yugabyte-2026111-vanilla-os-xlarge-xlarge-aws-v2,1,ip-172-31-24-84,ranking,benchANT
2026-09-18 10:29:30+00:00,processes,sleeping,145,dbms,09-2026,yugabyte-2026111-vanilla-os-xlarge-xlarge-aws-v2,1,ip-172-31-24-84,ranking,benchANT
2026-09-18 10:29:40+00:00,processes,sleeping,145,dbms,09-2026,yugabyte-2026111-vanilla-os-xlarge-xlarge-aws-v2,1,ip-172-31-24-84,ranking,benchANT
2026-09-18 10:29:50+00:00,processes,sleeping,141,dbms,09-2026,yugabyte-2026111-vanilla-os-xlarge-xlarge-aws-v2,1,ip-172-31-24-84,ranking,benchANT
2026-09-18 10:30:00+00:00,processes,sleeping,144,dbms,09-2026,yugabyte-2026111-vanilla-os-xlarge-xlarge-aws-v2,1,ip-172-31-24-84,ranking,benchANT
2026-09-18 10:30:10+00:00,processes,sleeping,147,dbms,09-2026,yugabyte-2026111-vanilla-os-xlarge-xlarge-aws-v2,1,ip-172-31-24-84,ranking,benchANT
2026-09-18 10:30:20+00:00,processes,sleeping,144,dbms,09-2026,yugabyte-2026111-vanilla-os-xlarge-xlarge-aws-v2,1,ip-172-31-24-84,ranking,benchANT
2026-09-18 10:30:30+00:00,processes,sleeping,143,dbms,09-2026,yugabyte-2026111-vanilla-os-xlarge-xlarge-aws-v2,1,ip-172-31-24-84,ranking,benchANT
2026-09-18 10:30:40+00:00,processes,sleeping,143,dbms,09-2026,yugabyte-2026111-vanilla-os-xlarge-xlarge-aws-v2,1,ip-172-31-24-84,ranking,benchANT
2026-09-18 10:30:50+00:00,processes,sleeping,125,dbms,09-2026,yugabyte-2026111-vanilla-os-xlarge-xlarge-aws-v2,1,ip-172-31-24-84,ranking,benchANT
2026-09-18 10:31:00+00:00,processes,sleeping,83,dbms,09-2026,yugabyte-2026111-vanilla-os-xlarge-xlarge-aws-v2,1,ip-172-31-24-84,ranking,benchANT
2026-09-18 10:31:10+00:00,processes,sleeping,83,dbms,09-2026,yugabyte-2026111-vanilla-os-xlarge-xlarge-aws-v2,1,ip-172-31-24-84,ranking,benchANT
2026-09-18 10:31:20+00:00,processes,sleeping,83,dbms,09-2026,yugabyte-2026111-vanilla-os-xlarge-xlarge-aws-v2,1,ip-172-31-24-84,ranking,benchANT
2026-09-18 10:23:00+00:00,processes,stopped,0,dbms,09-2026,yugabyte-2026111-vanilla-os-xlarge-xlarge-aws-v2,1,ip-172-31-24-84,ranking,benchANT
2026-09-18 10:23:10+00:00,processes,stopped,0,dbms,09-2026,yugabyte-2026111-vanilla-os-xlarge-xlarge-aws-v2,1,ip-172-31-24-84,ranking,benchANT
2026-09-18 10:23:20+00:00,processes,stopped,0,dbms,09-2026,yugabyte-2026111-vanilla-os-xlarge-xlarge-aws-v2,1,ip-172-31-24-84,ranking,benchANT
2026-09-18 10:23:30+00:00,processes,stopped,0,dbms,09-2026,yugabyte-2026111-vanilla-os-xlarge-xlarge-aws-v2,1,ip-172-31-24-84,ranking,benchANT
2026-09-18 10:23:40+00:00,processes,stopped,0,dbms,09-2026,yugabyte-2026111-vanilla-os-xlarge-xlarge-aws-v2,1,ip-172-31-24-84,ranking,benchANT
2026-09-18 10:23:50+00:00,processes,stopped,0,dbms,09-2026,yugabyte-2026111-vanilla-os-xlarge-xlarge-aws-v2,1,ip-172-31-24-84,ranking,benchANT
2026-09-18 10:24:00+00:00,processes,stopped,0,dbms,09-2026,yugabyte-2026111-vanilla-os-xlarge-xlarge-aws-v2,1,ip-172-31-24-84,ranking,benchANT
2026-09-18 10:24:10+00:00,processes,stopped,0,dbms,09-2026,yugabyte-2026111-vanilla-os-xlarge-xlarge-aws-v2,1,ip-172-31-24-84,ranking,benchANT
2026-09-18 10:24:20+00:00,processes,stopped,0,dbms,09-2026,yugabyte-2026111-vanilla-os-xlarge-xlarge-aws-v2,1,ip-172-31-24-84,ranking,benchANT
2026-09-18 10:24:30+00:00,processes,stopped,0,dbms,09-2026,yugabyte-2026111-vanilla-os-xlarge-xlarge-aws-v2,1,ip-172-31-24-84,ranking,benchANT
2026-09-18 10:24:40+00:00,processes,stopped,0,dbms,09-2026,yugabyte-2026111-vanilla-os-xlarge-xlarge-aws-v2,1,ip-172-31-24-84,ranking,benchANT
2026-09-18 10:24:50+00:00,processes,stopped,0,dbms,09-2026,yugabyte-2026111-vanilla-os-xlarge-xlarge-aws-v2,1,ip-172-31-24-84,ranking,benchANT
2026-09-18 10:25:00+00:00,processes,stopped,0,dbms,09-2026,yugabyte-2026111-vanilla-os-xlarge-xlarge-aws-v2,1,ip-172-31-24-84,ranking,benchANT
2026-09-18 10:25:10+00:00,processes,stopped,0,dbms,09-2026,yugabyte-2026111-vanilla-os-xlarge-xlarge-aws-v2,1,ip-172-31-24-84,ranking,benchANT
2026-09-18 10:25:20+00:00,processes,stopped,0,dbms,09-2026,yugabyte-2026111-vanilla-os-xlarge-xlarge-aws-v2,1,ip-172-31-24-84,ranking,benchANT
2026-09-18 10:25:30+00:00,processes,stopped,0,dbms,09-2026,yugabyte-2026111-vanilla-os-xlarge-xlarge-aws-v2,1,ip-172-31-24-84,ranking,benchANT
2026-09-18 10:25:40+00:00,processes,stopped,0,dbms,09-2026,yugabyte-2026111-vanilla-os-xlarge-xlarge-aws-v2,1,ip-172-31-24-84,ranking,benchANT
2026-09-18 10:25:50+00:00,processes,stopped,0,dbms,09-2026,yugabyte-2026111-vanilla-os-xlarge-xlarge-aws-v2,1,ip-172-31-24-84,ranking,benchANT
2026-09-18 10:26:00+00:00,processes,stopped,0,dbms,09-2026,yugabyte-2026111-vanilla-os-xlarge-xlarge-aws-v2,1,ip-172-31-24-84,ranking,benchANT
2026-09-18 10:26:10+00:00,processes,stopped,0,dbms,09-2026,yugabyte-2026111-vanilla-os-xlarge-xlarge-aws-v2,1,ip-172-31-24-84,ranking,benchANT
2026-09-18 10:26:20+00:00,processes,stopped,0,dbms,09-2026,yugabyte-2026111-vanilla-os-xlarge-xlarge-aws-v2,1,ip-172-31-24-84,ranking,benchANT
2026-09-18 10:26:30+00:00,processes,stopped,0,dbms,09-2026,yugabyte-2026111-vanilla-os-xlarge-xlarge-aws-v2,1,ip-172-31-24-84,ranking,benchANT
2026-09-18 10:26:40+00:00,processes,stopped,0,dbms,09-2026,yugabyte-2026111-vanilla-os-xlarge-xlarge-aws-v2,1,ip-172-31-24-84,ranking,benchANT
2026-09-18 10:26:50+00:00,processes,stopped,0,dbms,09-2026,yugabyte-2026111-vanilla-os-xlarge-xlarge-aws-v2,1,ip-172-31-24-84,ranking,benchANT
2026-09-18 10:27:00+00:00,processes,stopped,0,dbms,09-2026,yugabyte-2026111-vanilla-os-xlarge-xlarge-aws-v2,1,ip-172-31-24-84,ranking,benchANT
2026-09-18 10:27:10+00:00,processes,stopped,0,dbms,09-2026,yugabyte-2026111-vanilla-os-xlarge-xlarge-aws-v2,1,ip-172-31-24-84,ranking,benchANT
2026-09-18 10:27:20+00:00,processes,stopped,0,dbms,09-2026,yugabyte-2026111-vanilla-os-xlarge-xlarge-aws-v2,1,ip-172-31-24-84,ranking,benchANT
2026-09-18 10:27:30+00:00,processes,stopped,0,dbms,09-2026,yugabyte-2026111-vanilla-os-xlarge-xlarge-aws-v2,1,ip-172-31-24-84,ranking,benchANT
2026-09-18 10:27:40+00:00,processes,stopped,0,dbms,09-2026,yugabyte-2026111-vanilla-os-xlarge-xlarge-aws-v2,1,ip-172-31-24-84,ranking,benchANT
2026-09-18 10:27:50+00:00,processes,stopped,0,dbms,09-2026,yugabyte-2026111-vanilla-os-xlarge-xlarge-aws-v2,1,ip-172-31-24-84,ranking,benchANT
2026-09-18 10:28:00+00:00,processes,stopped,0,dbms,09-2026,yugabyte-2026111-vanilla-os-xlarge-xlarge-aws-v2,1,ip-172-31-24-84,ranking,benchANT
2026-09-18 10:28:10+00:00,processes,stopped,0,dbms,09-2026,yugabyte-2026111-vanilla-os-xlarge-xlarge-aws-v2,1,ip-172-31-24-84,ranking,benchANT
2026-09-18 10:28:20+00:00,processes,stopped,0,dbms,09-2026,yugabyte-2026111-vanilla-os-xlarge-xlarge-aws-v2,1,ip-172-31-24-84,ranking,benchANT
2026-09-18 10:28:30+00:00,processes,stopped,0,dbms,09-2026,yugabyte-2026111-vanilla-os-xlarge-xlarge-aws-v2,1,ip-172-31-24-84,ranking,benchANT
2026-09-18 10:28:40+00:00,processes,stopped,0,dbms,09-2026,yugabyte-2026111-vanilla-os-xlarge-xlarge-aws-v2,1,ip-172-31-24-84,ranking,benchANT
2026-09-18 10:28:50+00:00,processes,stopped,0,dbms,09-2026,yugabyte-2026111-vanilla-os-xlarge-xlarge-aws-v2,1,ip-172-31-24-84,ranking,benchANT
2026-09-18 10:29:00+00:00,processes,stopped,0,dbms,09-2026,yugabyte-2026111-vanilla-os-xlarge-xlarge-aws-v2,1,ip-172-31-24-84,ranking,benchANT
2026-09-18 10:29:10+00:00,processes,stopped,0,dbms,09-2026,yugabyte-2026111-vanilla-os-xlarge-xlarge-aws-v2,1,ip-172-31-24-84,ranking,benchANT
2026-09-18 10:29:20+00:00,processes,stopped,0,dbms,09-2026,yugabyte-2026111-vanilla-os-xlarge-xlarge-aws-v2,1,ip-172-31-24-84,ranking,benchANT
2026-09-18 10:29:30+00:00,processes,stopped,0,dbms,09-2026,yugabyte-2026111-vanilla-os-xlarge-xlarge-aws-v2,1,ip-172-31-24-84,ranking,benchANT
2026-09-18 10:29:40+00:00,processes,stopped,0,dbms,09-2026,yugabyte-2026111-vanilla-os-xlarge-xlarge-aws-v2,1,ip-172-31-24-84,ranking,benchANT
2026-09-18 10:29:50+00:00,processes,stopped,0,dbms,09-2026,yugabyte-2026111-vanilla-os-xlarge-xlarge-aws-v2,1,ip-172-31-24-84,ranking,benchANT
2026-09-18 10:30:00+00:00,processes,stopped,0,dbms,09-2026,yugabyte-2026111-vanilla-os-xlarge-xlarge-aws-v2,1,ip-172-31-24-84,ranking,benchANT
2026-09-18 10:30:10+00:00,processes,stopped,0,dbms,09-2026,yugabyte-2026111-vanilla-os-xlarge-xlarge-aws-v2,1,ip-172-31-24-84,ranking,benchANT
2026-09-18 10:30:20+00:00,processes,stopped,0,dbms,09-2026,yugabyte-2026111-vanilla-os-xlarge-xlarge-aws-v2,1,ip-172-31-24-84,ranking,benchANT
2026-09-18 10:30:30+00:00,processes,stopped,0,dbms,09-2026,yugabyte-2026111-vanilla-os-xlarge-xlarge-aws-v2,1,ip-172-31-24-84,ranking,benchANT
2026-09-18 10:30:40+00:00,processes,stopped,0,dbms,09-2026,yugabyte-2026111-vanilla-os-xlarge-xlarge-aws-v2,1,ip-172-31-24-84,ranking,benchANT
2026-09-18 10:30:50+00:00,processes,stopped,0,dbms,09-2026,yugabyte-2026111-vanilla-os-xlarge-xlarge-aws-v2,1,ip-172-31-24-84,ranking,benchANT
2026-09-18 10:31:00+00:00,processes,stopped,0,dbms,09-2026,yugabyte-2026111-vanilla-os-xlarge-xlarge-aws-v2,1,ip-172-31-24-84,ranking,benchANT
2026-09-18 10:31:10+00:00,processes,stopped,0,dbms,09-2026,yugabyte-2026111-vanilla-os-xlarge-xlarge-aws-v2,1,ip-172-31-24-84,ranking,benchANT
2026-09-18 10:31:20+00:00,processes,stopped,0,dbms,09-2026,yugabyte-2026111-vanilla-os-xlarge-xlarge-aws-v2,1,ip-172-31-24-84,ranking,benchANT
2026-09-18 10:23:00+00:00,processes,total,227,dbms,09-2026,yugabyte-2026111-vanilla-os-xlarge-xlarge-aws-v2,1,ip-172-31-24-84,ranking,benchANT
2026-09-18 10:23:10+00:00,processes,total,227,dbms,09-2026,yugabyte-2026111-vanilla-os-xlarge-xlarge-aws-v2,1,ip-172-31-24-84,ranking,benchANT
2026-09-18 10:23:20+00:00,processes,total,227,dbms,09-2026,yugabyte-2026111-vanilla-os-xlarge-xlarge-aws-v2,1,ip-172-31-24-84,ranking,benchANT
2026-09-18 10:23:30+00:00,processes,total,227,dbms,09-2026,yugabyte-2026111-vanilla-os-xlarge-xlarge-aws-v2,1,ip-172-31-24-84,ranking,benchANT
2026-09-18 10:23:40+00:00,processes,total,227,dbms,09-2026,yugabyte-2026111-vanilla-os-xlarge-xlarge-aws-v2,1,ip-172-31-24-84,ranking,benchANT
2026-09-18 10:23:50+00:00,processes,total,227,dbms,09-2026,yugabyte-2026111-vanilla-os-xlarge-xlarge-aws-v2,1,ip-172-31-24-84,ranking,benchANT
2026-09-18 10:24:00+00:00,processes,total,227,dbms,09-2026,yugabyte-2026111-vanilla-os-xlarge-xlarge-aws-v2,1,ip-172-31-24-84,ranking,benchANT
2026-09-18 10:24:10+00:00,processes,total,227,dbms,09-2026,yugabyte-2026111-vanilla-os-xlarge-xlarge-aws-v2,1,ip-172-31-24-84,ranking,benchANT
2026-09-18 10:24:20+00:00,processes,total,227,dbms,09-2026,yugabyte-2026111-vanilla-os-xlarge-xlarge-aws-v2,1,ip-172-31-24-84,ranking,benchANT
2026-09-18 10:24:30+00:00,processes,total,227,dbms,09-2026,yugabyte-2026111-vanilla-os-xlarge-xlarge-aws-v2,1,ip-172-31-24-84,ranking,benchANT
2026-09-18 10:24:40+00:00,processes,total,227,dbms,09-2026,yugabyte-2026111-vanilla-os-xlarge-xlarge-aws-v2,1,ip-172-31-24-84,ranking,benchANT
2026-09-18 10:24:50+00:00,processes,total,227,dbms,09-2026,yugabyte-2026111-vanilla-os-xlarge-xlarge-aws-v2,1,ip-172-31-24-84,ranking,benchANT
2026-09-18 10:25:00+00:00,processes,total,227,dbms,09-2026,yugabyte-2026111-vanilla-os-xlarge-xlarge-aws-v2,1,ip-172-31-24-84,ranking,benchANT
2026-09-18 10:25:10+00:00,processes,total,227,dbms,09-2026,yugabyte-2026111-vanilla-os-xlarge-xlarge-aws-v2,1,ip-172-31-24-84,ranking,benchANT
2026-09-18 10:25:20+00:00,processes,total,227,dbms,09-2026,yugabyte-2026111-vanilla-os-xlarge-xlarge-aws-v2,1,ip-172-31-24-84,ranking,benchANT
2026-09-18 10:25:30+00:00,processes,total,227,dbms,09-2026,yugabyte-2026111-vanilla-os-xlarge-xlarge-aws-v2,1,ip-172-31-24-84,ranking,benchANT
2026-09-18 10:25:40+00:00,processes,total,227,dbms,09-2026,yugabyte-2026111-vanilla-os-xlarge-xlarge-aws-v2,1,ip-172-31-24-84,ranking,benchANT
2026-09-18 10:25:50+00:00,processes,total,226,dbms,09-2026,yugabyte-2026111-vanilla-os-xlarge-xlarge-aws-v2,1,ip-172-31-24-84,ranking,benchANT
2026-09-18 10:26:00+00:00,processes,total,226,dbms,09-2026,yugabyte-2026111-vanilla-os-xlarge-xlarge-aws-v2,1,ip-172-31-24-84,ranking,benchANT
2026-09-18 10:26:10+00:00,processes,total,226,dbms,09-2026,yugabyte-2026111-vanilla-os-xlarge-xlarge-aws-v2,1,ip-172-31-24-84,ranking,benchANT
2026-09-18 10:26:20+00:00,processes,total,226,dbms,09-2026,yugabyte-2026111-vanilla-os-xlarge-xlarge-aws-v2,1,ip-172-31-24-84,ranking,benchANT
2026-09-18 10:26:30+00:00,processes,total,226,dbms,09-2026,yugabyte-2026111-vanilla-os-xlarge-xlarge-aws-v2,1,ip-172-31-24-84,ranking,benchANT
2026-09-18 10:26:40+00:00,processes,total,226,dbms,09-2026,yugabyte-2026111-vanilla-os-xlarge-xlarge-aws-v2,1,ip-172-31-24-84,ranking,benchANT
2026-09-18 10:26:50+00:00,processes,total,226,dbms,09-2026,yugabyte-2026111-vanilla-os-xlarge-xlarge-aws-v2,1,ip-172-31-24-84,ranking,benchANT
2026-09-18 10:27:00+00:00,processes,total,226,dbms,09-2026,yugabyte-2026111-vanilla-os-xlarge-xlarge-aws-v2,1,ip-172-31-24-84,ranking,benchANT
2026-09-18 10:27:10+00:00,processes,total,226,dbms,09-2026,yugabyte-2026111-vanilla-os-xlarge-xlarge-aws-v2,1,ip-172-31-24-84,ranking,benchANT
2026-09-18 10:27:20+00:00,processes,total,226,dbms,09-2026,yugabyte-2026111-vanilla-os-xlarge-xlarge-aws-v2,1,ip-172-31-24-84,ranking,benchANT
2026-09-18 10:27:30+00:00,processes,total,226,dbms,09-2026,yugabyte-2026111-vanilla-os-xlarge-xlarge-aws-v2,1,ip-172-31-24-84,ranking,benchANT
2026-09-18 10:27:40+00:00,processes,total,226,dbms,09-2026,yugabyte-2026111-vanilla-os-xlarge-xlarge-aws-v2,1,ip-172-31-24-84,ranking,benchANT
2026-09-18 10:27:50+00:00,processes,total,226,dbms,09-2026,yugabyte-2026111-vanilla-os-xlarge-xlarge-aws-v2,1,ip-172-31-24-84,ranking,benchANT
2026-09-18 10:28:00+00:00,processes,total,226,dbms,09-2026,yugabyte-2026111-vanilla-os-xlarge-xlarge-aws-v2,1,ip-172-31-24-84,ranking,benchANT
2026-09-18 10:28:10+00:00,processes,total,226,dbms,09-2026,yugabyte-2026111-vanilla-os-xlarge-xlarge-aws-v2,1,ip-172-31-24-84,ranking,benchANT
2026-09-18 10:28:20+00:00,processes,total,226,dbms,09-2026,yugabyte-2026111-vanilla-os-xlarge-xlarge-aws-v2,1,ip-172-31-24-84,ranking,benchANT
2026-09-18 10:28:30+00:00,processes,total,226,dbms,09-2026,yugabyte-2026111-vanilla-os-xlarge-xlarge-aws-v2,1,ip-172-31-24-84,ranking,benchANT
2026-09-18 10:28:40+00:00,processes,total,226,dbms,09-2026,yugabyte-2026111-vanilla-os-xlarge-xlarge-aws-v2,1,ip-172-31-24-84,ranking,benchANT
2026-09-18 10:28:50+00:00,processes,total,226,dbms,09-2026,yugabyte-2026111-vanilla-os-xlarge-xlarge-aws-v2,1,ip-172-31-24-84,ranking,benchANT
2026-09-18 10:29:00+00:00,processes,total,226,dbms,09-2026,yugabyte-2026111-vanilla-os-xlarge-xlarge-aws-v2,1,ip-172-31-24-84,ranking,benchANT
2026-09-18 10:29:10+00:00,processes,total,226,dbms,09-2026,yugabyte-2026111-vanilla-os-xlarge-xlarge-aws-v2,1,ip-172-31-24-84,ranking,benchANT
2026-09-18 10:29:20+00:00,processes,total,227,dbms,09-2026,yugabyte-2026111-vanilla-os-xlarge-xlarge-aws-v2,1,ip-172-31-24-84,ranking,benchANT
2026-09-18 10:29:30+00:00,processes,total,227,dbms,09-2026,yugabyte-2026111-vanilla-os-xlarge-xlarge-aws-v2,1,ip-172-31-24-84,ranking,benchANT
2026-09-18 10:29:40+00:00,processes,total,227,dbms,09-2026,yugabyte-2026111-vanilla-os-xlarge-xlarge-aws-v2,1,ip-172-31-24-84,ranking,benchANT
2026-09-18 10:29:50+00:00,processes,total,227,dbms,09-2026,yugabyte-2026111-vanilla-os-xlarge-xlarge-aws-v2,1,ip-172-31-24-84,ranking,benchANT
2026-09-18 10:30:00+00:00,processes,total,227,dbms,09-2026,yugabyte-2026111-vanilla-os-xlarge-xlarge-aws-v2,1,ip-172-31-24-84,ranking,benchANT
2026-09-18 10:30:10+00:00,processes,total,227,dbms,09-2026,yugabyte-2026111-vanilla-os-xlarge-xlarge-aws-v2,1,ip-172-31-24-84,ranking,benchANT
2026-09-18 10:30:20+00:00,processes,total,228,dbms,09-2026,yugabyte-2026111-vanilla-os-xlarge-xlarge-aws-v2,1,ip-172-31-24-84,ranking,benchANT
2026-09-18 10:30:30+00:00,processes,total,228,dbms,09-2026,yugabyte-2026111-vanilla-os-xlarge-xlarge-aws-v2,1,ip-172-31-24-84,ranking,benchANT
2026-09-18 10:30:40+00:00,processes,total,228,dbms,09-2026,yugabyte-2026111-vanilla-os-xlarge-xlarge-aws-v2,1,ip-172-31-24-84,ranking,benchANT
2026-09-18 10:30:50+00:00,processes,total,211,dbms,09-2026,yugabyte-2026111-vanilla-os-xlarge-xlarge-aws-v2,1,ip-172-31-24-84,ranking,benchANT
2026-09-18 10:31:00+00:00,processes,total,162,dbms,09-2026,yugabyte-2026111-vanilla-os-xlarge-xlarge-aws-v2,1,ip-172-31-24-84,ranking,benchANT
2026-09-18 10:31:10+00:00,processes,total,162,dbms,09-2026,yugabyte-2026111-vanilla-os-xlarge-xlarge-aws-v2,1,ip-172-31-24-84,ranking,benchANT
2026-09-18 10:31:20+00:00,processes,total,162,dbms,09-2026,yugabyte-2026111-vanilla-os-xlarge-xlarge-aws-v2,1,ip-172-31-24-84,ranking,benchANT
2026-09-18 10:23:00+00:00,processes,total_threads,1001,dbms,09-2026,yugabyte-2026111-vanilla-os-xlarge-xlarge-aws-v2,1,ip-172-31-24-84,ranking,benchANT
2026-09-18 10:23:10+00:00,processes,total_threads,1005,dbms,09-2026,yugabyte-2026111-vanilla-os-xlarge-xlarge-aws-v2,1,ip-172-31-24-84,ranking,benchANT
2026-09-18 10:23:20+00:00,processes,total_threads,1004,dbms,09-2026,yugabyte-2026111-vanilla-os-xlarge-xlarge-aws-v2,1,ip-172-31-24-84,ranking,benchANT
2026-09-18 10:23:30+00:00,processes,total_threads,1013,dbms,09-2026,yugabyte-2026111-vanilla-os-xlarge-xlarge-aws-v2,1,ip-172-31-24-84,ranking,benchANT
2026-09-18 10:23:40+00:00,processes,total_threads,1009,dbms,09-2026,yugabyte-2026111-vanilla-os-xlarge-xlarge-aws-v2,1,ip-172-31-24-84,ranking,benchANT
2026-09-18 10:23:50+00:00,processes,total_threads,1007,dbms,09-2026,yugabyte-2026111-vanilla-os-xlarge-xlarge-aws-v2,1,ip-172-31-24-84,ranking,benchANT
2026-09-18 10:24:00+00:00,processes,total_threads,1008,dbms,09-2026,yugabyte-2026111-vanilla-os-xlarge-xlarge-aws-v2,1,ip-172-31-24-84,ranking,benchANT
2026-09-18 10:24:10+00:00,processes,total_threads,1009,dbms,09-2026,yugabyte-2026111-vanilla-os-xlarge-xlarge-aws-v2,1,ip-172-31-24-84,ranking,benchANT
2026-09-18 10:24:20+00:00,processes,total_threads,1011,dbms,09-2026,yugabyte-2026111-vanilla-os-xlarge-xlarge-aws-v2,1,ip-172-31-24-84,ranking,benchANT
2026-09-18 10:24:30+00:00,processes,total_threads,1023,dbms,09-2026,yugabyte-2026111-vanilla-os-xlarge-xlarge-aws-v2,1,ip-172-31-24-84,ranking,benchANT
2026-09-18 10:24:40+00:00,processes,total_threads,1010,dbms,09-2026,yugabyte-2026111-vanilla-os-xlarge-xlarge-aws-v2,1,ip-172-31-24-84,ranking,benchANT
2026-09-18 10:24:50+00:00,processes,total_threads,1012,dbms,09-2026,yugabyte-2026111-vanilla-os-xlarge-xlarge-aws-v2,1,ip-172-31-24-84,ranking,benchANT
2026-09-18 10:25:00+00:00,processes,total_threads,1017,dbms,09-2026,yugabyte-2026111-vanilla-os-xlarge-xlarge-aws-v2,1,ip-172-31-24-84,ranking,benchANT
2026-09-18 10:25:10+00:00,processes,total_threads,1020,dbms,09-2026,yugabyte-2026111-vanilla-os-xlarge-xlarge-aws-v2,1,ip-172-31-24-84,ranking,benchANT
2026-09-18 10:25:20+00:00,processes,total_threads,1015,dbms,09-2026,yugabyte-2026111-vanilla-os-xlarge-xlarge-aws-v2,1,ip-172-31-24-84,ranking,benchANT
2026-09-18 10:25:30+00:00,processes,total_threads,1029,dbms,09-2026,yugabyte-2026111-vanilla-os-xlarge-xlarge-aws-v2,1,ip-172-31-24-84,ranking,benchANT
2026-09-18 10:25:40+00:00,processes,total_threads,1025,dbms,09-2026,yugabyte-2026111-vanilla-os-xlarge-xlarge-aws-v2,1,ip-172-31-24-84,ranking,benchANT
2026-09-18 10:25:50+00:00,processes,total_threads,1025,dbms,09-2026,yugabyte-2026111-vanilla-os-xlarge-xlarge-aws-v2,1,ip-172-31-24-84,ranking,benchANT
2026-09-18 10:26:00+00:00,processes,total_threads,1019,dbms,09-2026,yugabyte-2026111-vanilla-os-xlarge-xlarge-aws-v2,1,ip-172-31-24-84,ranking,benchANT
2026-09-18 10:26:10+00:00,processes,total_threads,1022,dbms,09-2026,yugabyte-2026111-vanilla-os-xlarge-xlarge-aws-v2,1,ip-172-31-24-84,ranking,benchANT
2026-09-18 10:26:20+00:00,processes,total_threads,1022,dbms,09-2026,yugabyte-2026111-vanilla-os-xlarge-xlarge-aws-v2,1,ip-172-31-24-84,ranking,benchANT
2026-09-18 10:26:30+00:00,processes,total_threads,1022,dbms,09-2026,yugabyte-2026111-vanilla-os-xlarge-xlarge-aws-v2,1,ip-172-31-24-84,ranking,benchANT
2026-09-18 10:26:40+00:00,processes,total_threads,1017,dbms,09-2026,yugabyte-2026111-vanilla-os-xlarge-xlarge-aws-v2,1,ip-172-31-24-84,ranking,benchANT
2026-09-18 10:26:50+00:00,processes,total_threads,1014,dbms,09-2026,yugabyte-2026111-vanilla-os-xlarge-xlarge-aws-v2,1,ip-172-31-24-84,ranking,benchANT
2026-09-18 10:27:00+00:00,processes,total_threads,1014,dbms,09-2026,yugabyte-2026111-vanilla-os-xlarge-xlarge-aws-v2,1,ip-172-31-24-84,ranking,benchANT
2026-09-18 10:27:10+00:00,processes,total_threads,1016,dbms,09-2026,yugabyte-2026111-vanilla-os-xlarge-xlarge-aws-v2,1,ip-172-31-24-84,ranking,benchANT
2026-09-18 10:27:20+00:00,processes,total_threads,1165,dbms,09-2026,yugabyte-2026111-vanilla-os-xlarge-xlarge-aws-v2,1,ip-172-31-24-84,ranking,benchANT
2026-09-18 10:27:30+00:00,processes,total_threads,1073,dbms,09-2026,yugabyte-2026111-vanilla-os-xlarge-xlarge-aws-v2,1,ip-172-31-24-84,ranking,benchANT
2026-09-18 10:27:40+00:00,processes,total_threads,1022,dbms,09-2026,yugabyte-2026111-vanilla-os-xlarge-xlarge-aws-v2,1,ip-172-31-24-84,ranking,benchANT
2026-09-18 10:27:50+00:00,processes,total_threads,1011,dbms,09-2026,yugabyte-2026111-vanilla-os-xlarge-xlarge-aws-v2,1,ip-172-31-24-84,ranking,benchANT
2026-09-18 10:28:00+00:00,processes,total_threads,1013,dbms,09-2026,yugabyte-2026111-vanilla-os-xlarge-xlarge-aws-v2,1,ip-172-31-24-84,ranking,benchANT
2026-09-18 10:28:10+00:00,processes,total_threads,1013,dbms,09-2026,yugabyte-2026111-vanilla-os-xlarge-xlarge-aws-v2,1,ip-172-31-24-84,ranking,benchANT
2026-09-18 10:28:20+00:00,processes,total_threads,1010,dbms,09-2026,yugabyte-2026111-vanilla-os-xlarge-xlarge-aws-v2,1,ip-172-31-24-84,ranking,benchANT
2026-09-18 10:28:30+00:00,processes,total_threads,1019,dbms,09-2026,yugabyte-2026111-vanilla-os-xlarge-xlarge-aws-v2,1,ip-172-31-24-84,ranking,benchANT
2026-09-18 10:28:40+00:00,processes,total_threads,1018,dbms,09-2026,yugabyte-2026111-vanilla-os-xlarge-xlarge-aws-v2,1,ip-172-31-24-84,ranking,benchANT
2026-09-18 10:28:50+00:00,processes,total_threads,1017,dbms,09-2026,yugabyte-2026111-vanilla-os-xlarge-xlarge-aws-v2,1,ip-172-31-24-84,ranking,benchANT
2026-09-18 10:29:00+00:00,processes,total_threads,1016,dbms,09-2026,yugabyte-2026111-vanilla-os-xlarge-xlarge-aws-v2,1,ip-172-31-24-84,ranking,benchANT
2026-09-18 10:29:10+00:00,processes,total_threads,1045,dbms,09-2026,yugabyte-2026111-vanilla-os-xlarge-xlarge-aws-v2,1,ip-172-31-24-84,ranking,benchANT
2026-09-18 10:29:20+00:00,processes,total_threads,1045,dbms,09-2026,yugabyte-2026111-vanilla-os-xlarge-xlarge-aws-v2,1,ip-172-31-24-84,ranking,benchANT
2026-09-18 10:29:30+00:00,processes,total_threads,1037,dbms,09-2026,yugabyte-2026111-vanilla-os-xlarge-xlarge-aws-v2,1,ip-172-31-24-84,ranking,benchANT
2026-09-18 10:29:40+00:00,processes,total_threads,1012,dbms,09-2026,yugabyte-2026111-vanilla-os-xlarge-xlarge-aws-v2,1,ip-172-31-24-84,ranking,benchANT
2026-09-18 10:29:50+00:00,processes,total_threads,1018,dbms,09-2026,yugabyte-2026111-vanilla-os-xlarge-xlarge-aws-v2,1,ip-172-31-24-84,ranking,benchANT
2026-09-18 10:30:00+00:00,processes,total_threads,1021,dbms,09-2026,yugabyte-2026111-vanilla-os-xlarge-xlarge-aws-v2,1,ip-172-31-24-84,ranking,benchANT
2026-09-18 10:30:10+00:00,processes,total_threads,1016,dbms,09-2026,yugabyte-2026111-vanilla-os-xlarge-xlarge-aws-v2,1,ip-172-31-24-84,ranking,benchANT
2026-09-18 10:30:20+00:00,processes,total_threads,1019,dbms,09-2026,yugabyte-2026111-vanilla-os-xlarge-xlarge-aws-v2,1,ip-172-31-24-84,ranking,benchANT
2026-09-18 10:30:30+00:00,processes,total_threads,1021,dbms,09-2026,yugabyte-2026111-vanilla-os-xlarge-xlarge-aws-v2,1,ip-172-31-24-84,ranking,benchANT
2026-09-18 10:30:40+00:00,processes,total_threads,1017,dbms,09-2026,yugabyte-2026111-vanilla-os-xlarge-xlarge-aws-v2,1,ip-172-31-24-84,ranking,benchANT
2026-09-18 10:30:50+00:00,processes,total_threads,853,dbms,09-2026,yugabyte-2026111-vanilla-os-xlarge-xlarge-aws-v2,1,ip-172-31-24-84,ranking,benchANT
2026-09-18 10:31:00+00:00,processes,total_threads,347,dbms,09-2026,yugabyte-2026111-vanilla-os-xlarge-xlarge-aws-v2,1,ip-172-31-24-84,ranking,benchANT
2026-09-18 10:31:10+00:00,processes,total_threads,308,dbms,09-2026,yugabyte-2026111-vanilla-os-xlarge-xlarge-aws-v2,1,ip-172-31-24-84,ranking,benchANT
2026-09-18 10:31:20+00:00,processes,total_threads,299,dbms,09-2026,yugabyte-2026111-vanilla-os-xlarge-xlarge-aws-v2,1,ip-172-31-24-84,ranking,benchANT
2026-09-18 10:23:00+00:00,processes,unknown,0,dbms,09-2026,yugabyte-2026111-vanilla-os-xlarge-xlarge-aws-v2,1,ip-172-31-24-84,ranking,benchANT
2026-09-18 10:23:10+00:00,processes,unknown,0,dbms,09-2026,yugabyte-2026111-vanilla-os-xlarge-xlarge-aws-v2,1,ip-172-31-24-84,ranking,benchANT
2026-09-18 10:23:20+00:00,processes,unknown,0,dbms,09-2026,yugabyte-2026111-vanilla-os-xlarge-xlarge-aws-v2,1,ip-172-31-24-84,ranking,benchANT
2026-09-18 10:23:30+00:00,processes,unknown,0,dbms,09-2026,yugabyte-2026111-vanilla-os-xlarge-xlarge-aws-v2,1,ip-172-31-24-84,ranking,benchANT
2026-09-18 10:23:40+00:00,processes,unknown,0,dbms,09-2026,yugabyte-2026111-vanilla-os-xlarge-xlarge-aws-v2,1,ip-172-31-24-84,ranking,benchANT
2026-09-18 10:23:50+00:00,processes,unknown,0,dbms,09-2026,yugabyte-2026111-vanilla-os-xlarge-xlarge-aws-v2,1,ip-172-31-24-84,ranking,benchANT
2026-09-18 10:24:00+00:00,processes,unknown,0,dbms,09-2026,yugabyte-2026111-vanilla-os-xlarge-xlarge-aws-v2,1,ip-172-31-24-84,ranking,benchANT
2026-09-18 10:24:10+00:00,processes,unknown,0,dbms,09-2026,yugabyte-2026111-vanilla-os-xlarge-xlarge-aws-v2,1,ip-172-31-24-84,ranking,benchANT
2026-09-18 10:24:20+00:00,processes,unknown,0,dbms,09-2026,yugabyte-2026111-vanilla-os-xlarge-xlarge-aws-v2,1,ip-172-31-24-84,ranking,benchANT
2026-09-18 10:24:30+00:00,processes,unknown,0,dbms,09-2026,yugabyte-2026111-vanilla-os-xlarge-xlarge-aws-v2,1,ip-172-31-24-84,ranking,benchANT
2026-09-18 10:24:40+00:00,processes,unknown,0,dbms,09-2026,yugabyte-2026111-vanilla-os-xlarge-xlarge-aws-v2,1,ip-172-31-24-84,ranking,benchANT
2026-09-18 10:24:50+00:00,processes,unknown,0,dbms,09-2026,yugabyte-2026111-vanilla-os-xlarge-xlarge-aws-v2,1,ip-172-31-24-84,ranking,benchANT
2026-09-18 10:25:00+00:00,processes,unknown,0,dbms,09-2026,yugabyte-2026111-vanilla-os-xlarge-xlarge-aws-v2,1,ip-172-31-24-84,ranking,benchANT
2026-09-18 10:25:10+00:00,processes,unknown,0,dbms,09-2026,yugabyte-2026111-vanilla-os-xlarge-xlarge-aws-v2,1,ip-172-31-24-84,ranking,benchANT
2026-09-18 10:25:20+00:00,processes,unknown,0,dbms,09-2026,yugabyte-2026111-vanilla-os-xlarge-xlarge-aws-v2,1,ip-172-31-24-84,ranking,benchANT
2026-09-18 10:25:30+00:00,processes,unknown,0,dbms,09-2026,yugabyte-2026111-vanilla-os-xlarge-xlarge-aws-v2,1,ip-172-31-24-84,ranking,benchANT
2026-09-18 10:25:40+00:00,processes,unknown,0,dbms,09-2026,yugabyte-2026111-vanilla-os-xlarge-xlarge-aws-v2,1,ip-172-31-24-84,ranking,benchANT
2026-09-18 10:25:50+00:00,processes,unknown,0,dbms,09-2026,yugabyte-2026111-vanilla-os-xlarge-xlarge-aws-v2,1,ip-172-31-24-84,ranking,benchANT
2026-09-18 10:26:00+00:00,processes,unknown,0,dbms,09-2026,yugabyte-2026111-vanilla-os-xlarge-xlarge-aws-v2,1,ip-172-31-24-84,ranking,benchANT
2026-09-18 10:26:10+00:00,processes,unknown,0,dbms,09-2026,yugabyte-2026111-vanilla-os-xlarge-xlarge-aws-v2,1,ip-172-31-24-84,ranking,benchANT
2026-09-18 10:26:20+00:00,processes,unknown,0,dbms,09-2026,yugabyte-2026111-vanilla-os-xlarge-xlarge-aws-v2,1,ip-172-31-24-84,ranking,benchANT
2026-09-18 10:26:30+00:00,processes,unknown,0,dbms,09-2026,yugabyte-2026111-vanilla-os-xlarge-xlarge-aws-v2,1,ip-172-31-24-84,ranking,benchANT
2026-09-18 10:26:40+00:00,processes,unknown,0,dbms,09-2026,yugabyte-2026111-vanilla-os-xlarge-xlarge-aws-v2,1,ip-172-31-24-84,ranking,benchANT
2026-09-18 10:26:50+00:00,processes,unknown,0,dbms,09-2026,yugabyte-2026111-vanilla-os-xlarge-xlarge-aws-v2,1,ip-172-31-24-84,ranking,benchANT
2026-09-18 10:27:00+00:00,processes,unknown,0,dbms,09-2026,yugabyte-2026111-vanilla-os-xlarge-xlarge-aws-v2,1,ip-172-31-24-84,ranking,benchANT
2026-09-18 10:27:10+00:00,processes,unknown,0,dbms,09-2026,yugabyte-2026111-vanilla-os-xlarge-xlarge-aws-v2,1,ip-172-31-24-84,ranking,benchANT
2026-09-18 10:27:20+00:00,processes,unknown,0,dbms,09-2026,yugabyte-2026111-vanilla-os-xlarge-xlarge-aws-v2,1,ip-172-31-24-84,ranking,benchANT
2026-09-18 10:27:30+00:00,processes,unknown,0,dbms,09-2026,yugabyte-2026111-vanilla-os-xlarge-xlarge-aws-v2,1,ip-172-31-24-84,ranking,benchANT
2026-09-18 10:27:40+00:00,processes,unknown,0,dbms,09-2026,yugabyte-2026111-vanilla-os-xlarge-xlarge-aws-v2,1,ip-172-31-24-84,ranking,benchANT
2026-09-18 10:27:50+00:00,processes,unknown,0,dbms,09-2026,yugabyte-2026111-vanilla-os-xlarge-xlarge-aws-v2,1,ip-172-31-24-84,ranking,benchANT
2026-09-18 10:28:00+00:00,processes,unknown,0,dbms,09-2026,yugabyte-2026111-vanilla-os-xlarge-xlarge-aws-v2,1,ip-172-31-24-84,ranking,benchANT
2026-09-18 10:28:10+00:00,processes,unknown,0,dbms,09-2026,yugabyte-2026111-vanilla-os-xlarge-xlarge-aws-v2,1,ip-172-31-24-84,ranking,benchANT
2026-09-18 10:28:20+00:00,processes,unknown,0,dbms,09-2026,yugabyte-2026111-vanilla-os-xlarge-xlarge-aws-v2,1,ip-172-31-24-84,ranking,benchANT
2026-09-18 10:28:30+00:00,processes,unknown,0,dbms,09-2026,yugabyte-2026111-vanilla-os-xlarge-xlarge-aws-v2,1,ip-172-31-24-84,ranking,benchANT
2026-09-18 10:28:40+00:00,processes,unknown,0,dbms,09-2026,yugabyte-2026111-vanilla-os-xlarge-xlarge-aws-v2,1,ip-172-31-24-84,ranking,benchANT
2026-09-18 10:28:50+00:00,processes,unknown,0,dbms,09-2026,yugabyte-2026111-vanilla-os-xlarge-xlarge-aws-v2,1,ip-172-31-24-84,ranking,benchANT
2026-09-18 10:29:00+00:00,processes,unknown,0,dbms,09-2026,yugabyte-2026111-vanilla-os-xlarge-xlarge-aws-v2,1,ip-172-31-24-84,ranking,benchANT
2026-09-18 10:29:10+00:00,processes,unknown,0,dbms,09-2026,yugabyte-2026111-vanilla-os-xlarge-xlarge-aws-v2,1,ip-172-31-24-84,ranking,benchANT
2026-09-18 10:29:20+00:00,processes,unknown,0,dbms,09-2026,yugabyte-2026111-vanilla-os-xlarge-xlarge-aws-v2,1,ip-172-31-24-84,ranking,benchANT
2026-09-18 10:29:30+00:00,processes,unknown,0,dbms,09-2026,yugabyte-2026111-vanilla-os-xlarge-xlarge-aws-v2,1,ip-172-31-24-84,ranking,benchANT
2026-09-18 10:29:40+00:00,processes,unknown,0,dbms,09-2026,yugabyte-2026111-vanilla-os-xlarge-xlarge-aws-v2,1,ip-172-31-24-84,ranking,benchANT
2026-09-18 10:29:50+00:00,processes,unknown,0,dbms,09-2026,yugabyte-2026111-vanilla-os-xlarge-xlarge-aws-v2,1,ip-172-31-24-84,ranking,benchANT
2026-09-18 10:30:00+00:00,processes,unknown,0,dbms,09-2026,yugabyte-2026111-vanilla-os-xlarge-xlarge-aws-v2,1,ip-172-31-24-84,ranking,benchANT
2026-09-18 10:30:10+00:00,processes,unknown,0,dbms,09-2026,yugabyte-2026111-vanilla-os-xlarge-xlarge-aws-v2,1,ip-172-31-24-84,ranking,benchANT
2026-09-18 10:30:20+00:00,processes,unknown,0,dbms,09-2026,yugabyte-2026111-vanilla-os-xlarge-xlarge-aws-v2,1,ip-172-31-24-84,ranking,benchANT
2026-09-18 10:30:30+00:00,processes,unknown,0,dbms,09-2026,yugabyte-2026111-vanilla-os-xlarge-xlarge-aws-v2,1,ip-172-31-24-84,ranking,benchANT
2026-09-18 10:30:40+00:00,processes,unknown,0,dbms,09-2026,yugabyte-2026111-vanilla-os-xlarge-xlarge-aws-v2,1,ip-172-31-24-84,ranking,benchANT
2026-09-18 10:30:50+00:00,processes,unknown,0,dbms,09-2026,yugabyte-2026111-vanilla-os-xlarge-xlarge-aws-v2,1,ip-172-31-24-84,ranking,benchANT
2026-09-18 10:31:00+00:00,processes,unknown,0,dbms,09-2026,yugabyte-2026111-vanilla-os-xlarge-xlarge-aws-v2,1,ip-172-31-24-84,ranking,benchANT
2026-09-18 10:31:10+00:00,processes,unknown,0,dbms,09-2026,yugabyte-2026111-vanilla-os-xlarge-xlarge-aws-v2,1,ip-172-31-24-84,ranking,benchANT
2026-09-18 10:31:20+00:00,processes,unknown,0,dbms,09-2026,yugabyte-2026111-vanilla-os-xlarge-xlarge-aws-v2,1,ip-172-31-24-84,ranking,benchANT
2026-09-18 10:23:00+00:00,processes,zombies,0,dbms,09-2026,yugabyte-2026111-vanilla-os-xlarge-xlarge-aws-v2,1,ip-172-31-24-84,ranking,benchANT
2026-09-18 10:23:10+00:00,processes,zombies,0,dbms,09-2026,yugabyte-2026111-vanilla-os-xlarge-xlarge-aws-v2,1,ip-172-31-24-84,ranking,benchANT
2026-09-18 10:23:20+00:00,processes,zombies,0,dbms,09-2026,yugabyte-2026111-vanilla-os-xlarge-xlarge-aws-v2,1,ip-172-31-24-84,ranking,benchANT
2026-09-18 10:23:30+00:00,processes,zombies,0,dbms,09-2026,yugabyte-2026111-vanilla-os-xlarge-xlarge-aws-v2,1,ip-172-31-24-84,ranking,benchANT
2026-09-18 10:23:40+00:00,processes,zombies,0,dbms,09-2026,yugabyte-2026111-vanilla-os-xlarge-xlarge-aws-v2,1,ip-172-31-24-84,ranking,benchANT
2026-09-18 10:23:50+00:00,processes,zombies,0,dbms,09-2026,yugabyte-2026111-vanilla-os-xlarge-xlarge-aws-v2,1,ip-172-31-24-84,ranking,benchANT
2026-09-18 10:24:00+00:00,processes,zombies,0,dbms,09-2026,yugabyte-2026111-vanilla-os-xlarge-xlarge-aws-v2,1,ip-172-31-24-84,ranking,benchANT
2026-09-18 10:24:10+00:00,processes,zombies,0,dbms,09-2026,yugabyte-2026111-vanilla-os-xlarge-xlarge-aws-v2,1,ip-172-31-24-84,ranking,benchANT
2026-09-18 10:24:20+00:00,processes,zombies,0,dbms,09-2026,yugabyte-2026111-vanilla-os-xlarge-xlarge-aws-v2,1,ip-172-31-24-84,ranking,benchANT
2026-09-18 10:24:30+00:00,processes,zombies,0,dbms,09-2026,yugabyte-2026111-vanilla-os-xlarge-xlarge-aws-v2,1,ip-172-31-24-84,ranking,benchANT
2026-09-18 10:24:40+00:00,processes,zombies,0,dbms,09-2026,yugabyte-2026111-vanilla-os-xlarge-xlarge-aws-v2,1,ip-172-31-24-84,ranking,benchANT
2026-09-18 10:24:50+00:00,processes,zombies,0,dbms,09-2026,yugabyte-2026111-vanilla-os-xlarge-xlarge-aws-v2,1,ip-172-31-24-84,ranking,benchANT
2026-09-18 10:25:00+00:00,processes,zombies,0,dbms,09-2026,yugabyte-2026111-vanilla-os-xlarge-xlarge-aws-v2,1,ip-172-31-24-84,ranking,benchANT
2026-09-18 10:25:10+00:00,processes,zombies,0,dbms,09-2026,yugabyte-2026111-vanilla-os-xlarge-xlarge-aws-v2,1,ip-172-31-24-84,ranking,benchANT
2026-09-18 10:25:20+00:00,processes,zombies,0,dbms,09-2026,yugabyte-2026111-vanilla-os-xlarge-xlarge-aws-v2,1,ip-172-31-24-84,ranking,benchANT
2026-09-18 10:25:30+00:00,processes,zombies,0,dbms,09-2026,yugabyte-2026111-vanilla-os-xlarge-xlarge-aws-v2,1,ip-172-31-24-84,ranking,benchANT
2026-09-18 10:25:40+00:00,processes,zombies,0,dbms,09-2026,yugabyte-2026111-vanilla-os-xlarge-xlarge-aws-v2,1,ip-172-31-24-84,ranking,benchANT
2026-09-18 10:25:50+00:00,processes,zombies,0,dbms,09-2026,yugabyte-2026111-vanilla-os-xlarge-xlarge-aws-v2,1,ip-172-31-24-84,ranking,benchANT
2026-09-18 10:26:00+00:00,processes,zombies,0,dbms,09-2026,yugabyte-2026111-vanilla-os-xlarge-xlarge-aws-v2,1,ip-172-31-24-84,ranking,benchANT
2026-09-18 10:26:10+00:00,processes,zombies,0,dbms,09-2026,yugabyte-2026111-vanilla-os-xlarge-xlarge-aws-v2,1,ip-172-31-24-84,ranking,benchANT
2026-09-18 10:26:20+00:00,processes,zombies,0,dbms,09-2026,yugabyte-2026111-vanilla-os-xlarge-xlarge-aws-v2,1,ip-172-31-24-84,ranking,benchANT
2026-09-18 10:26:30+00:00,processes,zombies,0,dbms,09-2026,yugabyte-2026111-vanilla-os-xlarge-xlarge-aws-v2,1,ip-172-31-24-84,ranking,benchANT
2026-09-18 10:26:40+00:00,processes,zombies,0,dbms,09-2026,yugabyte-2026111-vanilla-os-xlarge-xlarge-aws-v2,1,ip-172-31-24-84,ranking,benchANT
2026-09-18 10:26:50+00:00,processes,zombies,0,dbms,09-2026,yugabyte-2026111-vanilla-os-xlarge-xlarge-aws-v2,1,ip-172-31-24-84,ranking,benchANT
2026-09-18 10:27:00+00:00,processes,zombies,0,dbms,09-2026,yugabyte-2026111-vanilla-os-xlarge-xlarge-aws-v2,1,ip-172-31-24-84,ranking,benchANT
2026-09-18 10:27:10+00:00,processes,zombies,0,dbms,09-2026,yugabyte-2026111-vanilla-os-xlarge-xlarge-aws-v2,1,ip-172-31-24-84,ranking,benchANT
2026-09-18 10:27:20+00:00,processes,zombies,0,dbms,09-2026,yugabyte-2026111-vanilla-os-xlarge-xlarge-aws-v2,1,ip-172-31-24-84,ranking,benchANT
2026-09-18 10:27:30+00:00,processes,zombies,0,dbms,09-2026,yugabyte-2026111-vanilla-os-xlarge-xlarge-aws-v2,1,ip-172-31-24-84,ranking,benchANT
2026-09-18 10:27:40+00:00,processes,zombies,0,dbms,09-2026,yugabyte-2026111-vanilla-os-xlarge-xlarge-aws-v2,1,ip-172-31-24-84,ranking,benchANT
2026-09-18 10:27:50+00:00,processes,zombies,0,dbms,09-2026,yugabyte-2026111-vanilla-os-xlarge-xlarge-aws-v2,1,ip-172-31-24-84,ranking,benchANT
2026-09-18 10:28:00+00:00,processes,zombies,0,dbms,09-2026,yugabyte-2026111-vanilla-os-xlarge-xlarge-aws-v2,1,ip-172-31-24-84,ranking,benchANT
2026-09-18 10:28:10+00:00,processes,zombies,0,dbms,09-2026,yugabyte-2026111-vanilla-os-xlarge-xlarge-aws-v2,1,ip-172-31-24-84,ranking,benchANT
2026-09-18 10:28:20+00:00,processes,zombies,0,dbms,09-2026,yugabyte-2026111-vanilla-os-xlarge-xlarge-aws-v2,1,ip-172-31-24-84,ranking,benchANT
2026-09-18 10:28:30+00:00,processes,zombies,0,dbms,09-2026,yugabyte-2026111-vanilla-os-xlarge-xlarge-aws-v2,1,ip-172-31-24-84,ranking,benchANT
2026-09-18 10:28:40+00:00,processes,zombies,0,dbms,09-2026,yugabyte-2026111-vanilla-os-xlarge-xlarge-aws-v2,1,ip-172-31-24-84,ranking,benchANT
2026-09-18 10:28:50+00:00,processes,zombies,0,dbms,09-2026,yugabyte-2026111-vanilla-os-xlarge-xlarge-aws-v2,1,ip-172-31-24-84,ranking,benchANT
2026-09-18 10:29:00+00:00,processes,zombies,0,dbms,09-2026,yugabyte-2026111-vanilla-os-xlarge-xlarge-aws-v2,1,ip-172-31-24-84,ranking,benchANT
2026-09-18 10:29:10+00:00,processes,zombies,0,dbms,09-2026,yugabyte-2026111-vanilla-os-xlarge-xlarge-aws-v2,1,ip-172-31-24-84,ranking,benchANT
2026-09-18 10:29:20+00:00,processes,zombies,0,dbms,09-2026,yugabyte-2026111-vanilla-os-xlarge-xlarge-aws-v2,1,ip-172-31-24-84,ranking,benchANT
2026-09-18 10:29:30+00:00,processes,zombies,0,dbms,09-2026,yugabyte-2026111-vanilla-os-xlarge-xlarge-aws-v2,1,ip-172-31-24-84,ranking,benchANT
2026-09-18 10:29:40+00:00,processes,zombies,0,dbms,09-2026,yugabyte-2026111-vanilla-os-xlarge-xlarge-aws-v2,1,ip-172-31-24-84,ranking,benchANT
2026-09-18 10:29:50+00:00,processes,zombies,0,dbms,09-2026,yugabyte-2026111-vanilla-os-xlarge-xlarge-aws-v2,1,ip-172-31-24-84,ranking,benchANT
2026-09-18 10:30:00+00:00,processes,zombies,0,dbms,09-2026,yugabyte-2026111-vanilla-os-xlarge-xlarge-aws-v2,1,ip-172-31-24-84,ranking,benchANT
2026-09-18 10:30:10+00:00,processes,zombies,0,dbms,09-2026,yugabyte-2026111-vanilla-os-xlarge-xlarge-aws-v2,1,ip-172-31-24-84,ranking,benchANT
2026-09-18 10:30:20+00:00,processes,zombies,0,dbms,09-2026,yugabyte-2026111-vanilla-os-xlarge-xlarge-aws-v2,1,ip-172-31-24-84,ranking,benchANT
2026-09-18 10:30:30+00:00,processes,zombies,0,dbms,09-2026,yugabyte-2026111-vanilla-os-xlarge-xlarge-aws-v2,1,ip-172-31-24-84,ranking,benchANT
2026-09-18 10:30:40+00:00,processes,zombies,0,dbms,09-2026,yugabyte-2026111-vanilla-os-xlarge-xlarge-aws-v2,1,ip-172-31-24-84,ranking,benchANT
2026-09-18 10:30:50+00:00,processes,zombies,0,dbms,09-2026,yugabyte-2026111-vanilla-os-xlarge-xlarge-aws-v2,1,ip-172-31-24-84,ranking,benchANT
2026-09-18 10:31:00+00:00,processes,zombies,0,dbms,09-2026,yugabyte-2026111-vanilla-os-xlarge-xlarge-aws-v2,1,ip-172-31-24-84,ranking,benchANT
2026-09-18 10:31:10+00:00,processes,zombies,0,dbms,09-2026,yugabyte-2026111-vanilla-os-xlarge-xlarge-aws-v2,1,ip-172-31-24-84,ranking,benchANT
2026-09-18 10:31:20+00:00,processes,zombies,0,dbms,09-2026,yugabyte-2026111-vanilla-os-xlarge-xlarge-aws-v2,1,ip-172-31-24-84,ranking,benchANT
2026-09-18 10:23:00+00:00,processes,blocked,0,dbms,09-2026,yugabyte-2026111-vanilla-os-xlarge-xlarge-aws-v2,1,ip-172-31-25-7,ranking,benchANT
2026-09-18 10:23:10+00:00,processes,blocked,0,dbms,09-2026,yugabyte-2026111-vanilla-os-xlarge-xlarge-aws-v2,1,ip-172-31-25-7,ranking,benchANT
2026-09-18 10:23:20+00:00,processes,blocked,0,dbms,09-2026,yugabyte-2026111-vanilla-os-xlarge-xlarge-aws-v2,1,ip-172-31-25-7,ranking,benchANT
2026-09-18 10:23:30+00:00,processes,blocked,0,dbms,09-2026,yugabyte-2026111-vanilla-os-xlarge-xlarge-aws-v2,1,ip-172-31-25-7,ranking,benchANT
2026-09-18 10:23:40+00:00,processes,blocked,0,dbms,09-2026,yugabyte-2026111-vanilla-os-xlarge-xlarge-aws-v2,1,ip-172-31-25-7,ranking,benchANT
2026-09-18 10:23:50+00:00,processes,blocked,0,dbms,09-2026,yugabyte-2026111-vanilla-os-xlarge-xlarge-aws-v2,1,ip-172-31-25-7,ranking,benchANT
2026-09-18 10:24:00+00:00,processes,blocked,0,dbms,09-2026,yugabyte-2026111-vanilla-os-xlarge-xlarge-aws-v2,1,ip-172-31-25-7,ranking,benchANT
2026-09-18 10:24:10+00:00,processes,blocked,0,dbms,09-2026,yugabyte-2026111-vanilla-os-xlarge-xlarge-aws-v2,1,ip-172-31-25-7,ranking,benchANT
2026-09-18 10:24:20+00:00,processes,blocked,0,dbms,09-2026,yugabyte-2026111-vanilla-os-xlarge-xlarge-aws-v2,1,ip-172-31-25-7,ranking,benchANT
2026-09-18 10:24:30+00:00,processes,blocked,0,dbms,09-2026,yugabyte-2026111-vanilla-os-xlarge-xlarge-aws-v2,1,ip-172-31-25-7,ranking,benchANT
2026-09-18 10:24:40+00:00,processes,blocked,0,dbms,09-2026,yugabyte-2026111-vanilla-os-xlarge-xlarge-aws-v2,1,ip-172-31-25-7,ranking,benchANT
2026-09-18 10:24:50+00:00,processes,blocked,0,dbms,09-2026,yugabyte-2026111-vanilla-os-xlarge-xlarge-aws-v2,1,ip-172-31-25-7,ranking,benchANT
2026-09-18 10:25:00+00:00,processes,blocked,0,dbms,09-2026,yugabyte-2026111-vanilla-os-xlarge-xlarge-aws-v2,1,ip-172-31-25-7,ranking,benchANT
2026-09-18 10:25:10+00:00,processes,blocked,0,dbms,09-2026,yugabyte-2026111-vanilla-os-xlarge-xlarge-aws-v2,1,ip-172-31-25-7,ranking,benchANT
2026-09-18 10:25:20+00:00,processes,blocked,0,dbms,09-2026,yugabyte-2026111-vanilla-os-xlarge-xlarge-aws-v2,1,ip-172-31-25-7,ranking,benchANT
2026-09-18 10:25:30+00:00,processes,blocked,2,dbms,09-2026,yugabyte-2026111-vanilla-os-xlarge-xlarge-aws-v2,1,ip-172-31-25-7,ranking,benchANT
2026-09-18 10:25:40+00:00,processes,blocked,0,dbms,09-2026,yugabyte-2026111-vanilla-os-xlarge-xlarge-aws-v2,1,ip-172-31-25-7,ranking,benchANT
2026-09-18 10:25:50+00:00,processes,blocked,0,dbms,09-2026,yugabyte-2026111-vanilla-os-xlarge-xlarge-aws-v2,1,ip-172-31-25-7,ranking,benchANT
2026-09-18 10:26:00+00:00,processes,blocked,0,dbms,09-2026,yugabyte-2026111-vanilla-os-xlarge-xlarge-aws-v2,1,ip-172-31-25-7,ranking,benchANT
2026-09-18 10:26:10+00:00,processes,blocked,0,dbms,09-2026,yugabyte-2026111-vanilla-os-xlarge-xlarge-aws-v2,1,ip-172-31-25-7,ranking,benchANT
2026-09-18 10:26:20+00:00,processes,blocked,0,dbms,09-2026,yugabyte-2026111-vanilla-os-xlarge-xlarge-aws-v2,1,ip-172-31-25-7,ranking,benchANT
2026-09-18 10:26:30+00:00,processes,blocked,0,dbms,09-2026,yugabyte-2026111-vanilla-os-xlarge-xlarge-aws-v2,1,ip-172-31-25-7,ranking,benchANT
2026-09-18 10:26:40+00:00,processes,blocked,2,dbms,09-2026,yugabyte-2026111-vanilla-os-xlarge-xlarge-aws-v2,1,ip-172-31-25-7,ranking,benchANT
2026-09-18 10:26:50+00:00,processes,blocked,0,dbms,09-2026,yugabyte-2026111-vanilla-os-xlarge-xlarge-aws-v2,1,ip-172-31-25-7,ranking,benchANT
2026-09-18 10:27:00+00:00,processes,blocked,0,dbms,09-2026,yugabyte-2026111-vanilla-os-xlarge-xlarge-aws-v2,1,ip-172-31-25-7,ranking,benchANT
2026-09-18 10:27:10+00:00,processes,blocked,0,dbms,09-2026,yugabyte-2026111-vanilla-os-xlarge-xlarge-aws-v2,1,ip-172-31-25-7,ranking,benchANT
2026-09-18 10:27:20+00:00,processes,blocked,0,dbms,09-2026,yugabyte-2026111-vanilla-os-xlarge-xlarge-aws-v2,1,ip-172-31-25-7,ranking,benchANT
2026-09-18 10:27:30+00:00,processes,blocked,0,dbms,09-2026,yugabyte-2026111-vanilla-os-xlarge-xlarge-aws-v2,1,ip-172-31-25-7,ranking,benchANT
2026-09-18 10:27:40+00:00,processes,blocked,0,dbms,09-2026,yugabyte-2026111-vanilla-os-xlarge-xlarge-aws-v2,1,ip-172-31-25-7,ranking,benchANT
2026-09-18 10:27:50+00:00,processes,blocked,0,dbms,09-2026,yugabyte-2026111-vanilla-os-xlarge-xlarge-aws-v2,1,ip-172-31-25-7,ranking,benchANT
2026-09-18 10:28:00+00:00,processes,blocked,0,dbms,09-2026,yugabyte-2026111-vanilla-os-xlarge-xlarge-aws-v2,1,ip-172-31-25-7,ranking,benchANT
2026-09-18 10:28:10+00:00,processes,blocked,0,dbms,09-2026,yugabyte-2026111-vanilla-os-xlarge-xlarge-aws-v2,1,ip-172-31-25-7,ranking,benchANT
2026-09-18 10:28:20+00:00,processes,blocked,0,dbms,09-2026,yugabyte-2026111-vanilla-os-xlarge-xlarge-aws-v2,1,ip-172-31-25-7,ranking,benchANT
2026-09-18 10:28:30+00:00,processes,blocked,0,dbms,09-2026,yugabyte-2026111-vanilla-os-xlarge-xlarge-aws-v2,1,ip-172-31-25-7,ranking,benchANT
2026-09-18 10:28:40+00:00,processes,blocked,0,dbms,09-2026,yugabyte-2026111-vanilla-os-xlarge-xlarge-aws-v2,1,ip-172-31-25-7,ranking,benchANT
2026-09-18 10:28:50+00:00,processes,blocked,1,dbms,09-2026,yugabyte-2026111-vanilla-os-xlarge-xlarge-aws-v2,1,ip-172-31-25-7,ranking,benchANT
2026-09-18 10:29:00+00:00,processes,blocked,0,dbms,09-2026,yugabyte-2026111-vanilla-os-xlarge-xlarge-aws-v2,1,ip-172-31-25-7,ranking,benchANT
2026-09-18 10:29:10+00:00,processes,blocked,0,dbms,09-2026,yugabyte-2026111-vanilla-os-xlarge-xlarge-aws-v2,1,ip-172-31-25-7,ranking,benchANT
2026-09-18 10:29:20+00:00,processes,blocked,2,dbms,09-2026,yugabyte-2026111-vanilla-os-xlarge-xlarge-aws-v2,1,ip-172-31-25-7,ranking,benchANT
2026-09-18 10:29:30+00:00,processes,blocked,0,dbms,09-2026,yugabyte-2026111-vanilla-os-xlarge-xlarge-aws-v2,1,ip-172-31-25-7,ranking,benchANT
2026-09-18 10:29:40+00:00,processes,blocked,1,dbms,09-2026,yugabyte-2026111-vanilla-os-xlarge-xlarge-aws-v2,1,ip-172-31-25-7,ranking,benchANT
2026-09-18 10:29:50+00:00,processes,blocked,0,dbms,09-2026,yugabyte-2026111-vanilla-os-xlarge-xlarge-aws-v2,1,ip-172-31-25-7,ranking,benchANT
2026-09-18 10:30:00+00:00,processes,blocked,0,dbms,09-2026,yugabyte-2026111-vanilla-os-xlarge-xlarge-aws-v2,1,ip-172-31-25-7,ranking,benchANT
2026-09-18 10:30:10+00:00,processes,blocked,0,dbms,09-2026,yugabyte-2026111-vanilla-os-xlarge-xlarge-aws-v2,1,ip-172-31-25-7,ranking,benchANT
2026-09-18 10:30:20+00:00,processes,blocked,1,dbms,09-2026,yugabyte-2026111-vanilla-os-xlarge-xlarge-aws-v2,1,ip-172-31-25-7,ranking,benchANT
2026-09-18 10:30:30+00:00,processes,blocked,0,dbms,09-2026,yugabyte-2026111-vanilla-os-xlarge-xlarge-aws-v2,1,ip-172-31-25-7,ranking,benchANT
2026-09-18 10:30:40+00:00,processes,blocked,0,dbms,09-2026,yugabyte-2026111-vanilla-os-xlarge-xlarge-aws-v2,1,ip-172-31-25-7,ranking,benchANT
2026-09-18 10:30:50+00:00,processes,blocked,0,dbms,09-2026,yugabyte-2026111-vanilla-os-xlarge-xlarge-aws-v2,1,ip-172-31-25-7,ranking,benchANT
2026-09-18 10:31:00+00:00,processes,blocked,0,dbms,09-2026,yugabyte-2026111-vanilla-os-xlarge-xlarge-aws-v2,1,ip-172-31-25-7,ranking,benchANT
2026-09-18 10:31:10+00:00,processes,blocked,0,dbms,09-2026,yugabyte-2026111-vanilla-os-xlarge-xlarge-aws-v2,1,ip-172-31-25-7,ranking,benchANT
2026-09-18 10:31:20+00:00,processes,blocked,0,dbms,09-2026,yugabyte-2026111-vanilla-os-xlarge-xlarge-aws-v2,1,ip-172-31-25-7,ranking,benchANT
2026-09-18 10:23:00+00:00,processes,dead,0,dbms,09-2026,yugabyte-2026111-vanilla-os-xlarge-xlarge-aws-v2,1,ip-172-31-25-7,ranking,benchANT
2026-09-18 10:23:10+00:00,processes,dead,0,dbms,09-2026,yugabyte-2026111-vanilla-os-xlarge-xlarge-aws-v2,1,ip-172-31-25-7,ranking,benchANT
2026-09-18 10:23:20+00:00,processes,dead,0,dbms,09-2026,yugabyte-2026111-vanilla-os-xlarge-xlarge-aws-v2,1,ip-172-31-25-7,ranking,benchANT
2026-09-18 10:23:30+00:00,processes,dead,0,dbms,09-2026,yugabyte-2026111-vanilla-os-xlarge-xlarge-aws-v2,1,ip-172-31-25-7,ranking,benchANT
2026-09-18 10:23:40+00:00,processes,dead,0,dbms,09-2026,yugabyte-2026111-vanilla-os-xlarge-xlarge-aws-v2,1,ip-172-31-25-7,ranking,benchANT
2026-09-18 10:23:50+00:00,processes,dead,0,dbms,09-2026,yugabyte-2026111-vanilla-os-xlarge-xlarge-aws-v2,1,ip-172-31-25-7,ranking,benchANT
2026-09-18 10:24:00+00:00,processes,dead,0,dbms,09-2026,yugabyte-2026111-vanilla-os-xlarge-xlarge-aws-v2,1,ip-172-31-25-7,ranking,benchANT
2026-09-18 10:24:10+00:00,processes,dead,0,dbms,09-2026,yugabyte-2026111-vanilla-os-xlarge-xlarge-aws-v2,1,ip-172-31-25-7,ranking,benchANT
2026-09-18 10:24:20+00:00,processes,dead,0,dbms,09-2026,yugabyte-2026111-vanilla-os-xlarge-xlarge-aws-v2,1,ip-172-31-25-7,ranking,benchANT
2026-09-18 10:24:30+00:00,processes,dead,0,dbms,09-2026,yugabyte-2026111-vanilla-os-xlarge-xlarge-aws-v2,1,ip-172-31-25-7,ranking,benchANT
2026-09-18 10:24:40+00:00,processes,dead,0,dbms,09-2026,yugabyte-2026111-vanilla-os-xlarge-xlarge-aws-v2,1,ip-172-31-25-7,ranking,benchANT
2026-09-18 10:24:50+00:00,processes,dead,0,dbms,09-2026,yugabyte-2026111-vanilla-os-xlarge-xlarge-aws-v2,1,ip-172-31-25-7,ranking,benchANT
2026-09-18 10:25:00+00:00,processes,dead,0,dbms,09-2026,yugabyte-2026111-vanilla-os-xlarge-xlarge-aws-v2,1,ip-172-31-25-7,ranking,benchANT
2026-09-18 10:25:10+00:00,processes,dead,0,dbms,09-2026,yugabyte-2026111-vanilla-os-xlarge-xlarge-aws-v2,1,ip-172-31-25-7,ranking,benchANT
2026-09-18 10:25:20+00:00,processes,dead,0,dbms,09-2026,yugabyte-2026111-vanilla-os-xlarge-xlarge-aws-v2,1,ip-172-31-25-7,ranking,benchANT
2026-09-18 10:25:30+00:00,processes,dead,0,dbms,09-2026,yugabyte-2026111-vanilla-os-xlarge-xlarge-aws-v2,1,ip-172-31-25-7,ranking,benchANT
2026-09-18 10:25:40+00:00,processes,dead,0,dbms,09-2026,yugabyte-2026111-vanilla-os-xlarge-xlarge-aws-v2,1,ip-172-31-25-7,ranking,benchANT
2026-09-18 10:25:50+00:00,processes,dead,0,dbms,09-2026,yugabyte-2026111-vanilla-os-xlarge-xlarge-aws-v2,1,ip-172-31-25-7,ranking,benchANT
2026-09-18 10:26:00+00:00,processes,dead,0,dbms,09-2026,yugabyte-2026111-vanilla-os-xlarge-xlarge-aws-v2,1,ip-172-31-25-7,ranking,benchANT
2026-09-18 10:26:10+00:00,processes,dead,0,dbms,09-2026,yugabyte-2026111-vanilla-os-xlarge-xlarge-aws-v2,1,ip-172-31-25-7,ranking,benchANT
2026-09-18 10:26:20+00:00,processes,dead,0,dbms,09-2026,yugabyte-2026111-vanilla-os-xlarge-xlarge-aws-v2,1,ip-172-31-25-7,ranking,benchANT
2026-09-18 10:26:30+00:00,processes,dead,0,dbms,09-2026,yugabyte-2026111-vanilla-os-xlarge-xlarge-aws-v2,1,ip-172-31-25-7,ranking,benchANT
2026-09-18 10:26:40+00:00,processes,dead,0,dbms,09-2026,yugabyte-2026111-vanilla-os-xlarge-xlarge-aws-v2,1,ip-172-31-25-7,ranking,benchANT
2026-09-18 10:26:50+00:00,processes,dead,0,dbms,09-2026,yugabyte-2026111-vanilla-os-xlarge-xlarge-aws-v2,1,ip-172-31-25-7,ranking,benchANT
2026-09-18 10:27:00+00:00,processes,dead,0,dbms,09-2026,yugabyte-2026111-vanilla-os-xlarge-xlarge-aws-v2,1,ip-172-31-25-7,ranking,benchANT
2026-09-18 10:27:10+00:00,processes,dead,0,dbms,09-2026,yugabyte-2026111-vanilla-os-xlarge-xlarge-aws-v2,1,ip-172-31-25-7,ranking,benchANT
2026-09-18 10:27:20+00:00,processes,dead,0,dbms,09-2026,yugabyte-2026111-vanilla-os-xlarge-xlarge-aws-v2,1,ip-172-31-25-7,ranking,benchANT
2026-09-18 10:27:30+00:00,processes,dead,0,dbms,09-2026,yugabyte-2026111-vanilla-os-xlarge-xlarge-aws-v2,1,ip-172-31-25-7,ranking,benchANT
2026-09-18 10:27:40+00:00,processes,dead,0,dbms,09-2026,yugabyte-2026111-vanilla-os-xlarge-xlarge-aws-v2,1,ip-172-31-25-7,ranking,benchANT
2026-09-18 10:27:50+00:00,processes,dead,0,dbms,09-2026,yugabyte-2026111-vanilla-os-xlarge-xlarge-aws-v2,1,ip-172-31-25-7,ranking,benchANT
2026-09-18 10:28:00+00:00,processes,dead,0,dbms,09-2026,yugabyte-2026111-vanilla-os-xlarge-xlarge-aws-v2,1,ip-172-31-25-7,ranking,benchANT
2026-09-18 10:28:10+00:00,processes,dead,0,dbms,09-2026,yugabyte-2026111-vanilla-os-xlarge-xlarge-aws-v2,1,ip-172-31-25-7,ranking,benchANT
2026-09-18 10:28:20+00:00,processes,dead,0,dbms,09-2026,yugabyte-2026111-vanilla-os-xlarge-xlarge-aws-v2,1,ip-172-31-25-7,ranking,benchANT
2026-09-18 10:28:30+00:00,processes,dead,0,dbms,09-2026,yugabyte-2026111-vanilla-os-xlarge-xlarge-aws-v2,1,ip-172-31-25-7,ranking,benchANT
2026-09-18 10:28:40+00:00,processes,dead,0,dbms,09-2026,yugabyte-2026111-vanilla-os-xlarge-xlarge-aws-v2,1,ip-172-31-25-7,ranking,benchANT
2026-09-18 10:28:50+00:00,processes,dead,0,dbms,09-2026,yugabyte-2026111-vanilla-os-xlarge-xlarge-aws-v2,1,ip-172-31-25-7,ranking,benchANT
2026-09-18 10:29:00+00:00,processes,dead,0,dbms,09-2026,yugabyte-2026111-vanilla-os-xlarge-xlarge-aws-v2,1,ip-172-31-25-7,ranking,benchANT
2026-09-18 10:29:10+00:00,processes,dead,0,dbms,09-2026,yugabyte-2026111-vanilla-os-xlarge-xlarge-aws-v2,1,ip-172-31-25-7,ranking,benchANT
2026-09-18 10:29:20+00:00,processes,dead,0,dbms,09-2026,yugabyte-2026111-vanilla-os-xlarge-xlarge-aws-v2,1,ip-172-31-25-7,ranking,benchANT
2026-09-18 10:29:30+00:00,processes,dead,0,dbms,09-2026,yugabyte-2026111-vanilla-os-xlarge-xlarge-aws-v2,1,ip-172-31-25-7,ranking,benchANT
2026-09-18 10:29:40+00:00,processes,dead,0,dbms,09-2026,yugabyte-2026111-vanilla-os-xlarge-xlarge-aws-v2,1,ip-172-31-25-7,ranking,benchANT
2026-09-18 10:29:50+00:00,processes,dead,0,dbms,09-2026,yugabyte-2026111-vanilla-os-xlarge-xlarge-aws-v2,1,ip-172-31-25-7,ranking,benchANT
2026-09-18 10:30:00+00:00,processes,dead,0,dbms,09-2026,yugabyte-2026111-vanilla-os-xlarge-xlarge-aws-v2,1,ip-172-31-25-7,ranking,benchANT
2026-09-18 10:30:10+00:00,processes,dead,0,dbms,09-2026,yugabyte-2026111-vanilla-os-xlarge-xlarge-aws-v2,1,ip-172-31-25-7,ranking,benchANT
2026-09-18 10:30:20+00:00,processes,dead,0,dbms,09-2026,yugabyte-2026111-vanilla-os-xlarge-xlarge-aws-v2,1,ip-172-31-25-7,ranking,benchANT
2026-09-18 10:30:30+00:00,processes,dead,0,dbms,09-2026,yugabyte-2026111-vanilla-os-xlarge-xlarge-aws-v2,1,ip-172-31-25-7,ranking,benchANT
2026-09-18 10:30:40+00:00,processes,dead,0,dbms,09-2026,yugabyte-2026111-vanilla-os-xlarge-xlarge-aws-v2,1,ip-172-31-25-7,ranking,benchANT
2026-09-18 10:30:50+00:00,processes,dead,0,dbms,09-2026,yugabyte-2026111-vanilla-os-xlarge-xlarge-aws-v2,1,ip-172-31-25-7,ranking,benchANT
2026-09-18 10:31:00+00:00,processes,dead,0,dbms,09-2026,yugabyte-2026111-vanilla-os-xlarge-xlarge-aws-v2,1,ip-172-31-25-7,ranking,benchANT
2026-09-18 10:31:10+00:00,processes,dead,0,dbms,09-2026,yugabyte-2026111-vanilla-os-xlarge-xlarge-aws-v2,1,ip-172-31-25-7,ranking,benchANT
2026-09-18 10:31:20+00:00,processes,dead,0,dbms,09-2026,yugabyte-2026111-vanilla-os-xlarge-xlarge-aws-v2,1,ip-172-31-25-7,ranking,benchANT
2026-09-18 10:23:00+00:00,processes,idle,79,dbms,09-2026,yugabyte-2026111-vanilla-os-xlarge-xlarge-aws-v2,1,ip-172-31-25-7,ranking,benchANT
2026-09-18 10:23:10+00:00,processes,idle,79,dbms,09-2026,yugabyte-2026111-vanilla-os-xlarge-xlarge-aws-v2,1,ip-172-31-25-7,ranking,benchANT
2026-09-18 10:23:20+00:00,processes,idle,79,dbms,09-2026,yugabyte-2026111-vanilla-os-xlarge-xlarge-aws-v2,1,ip-172-31-25-7,ranking,benchANT
2026-09-18 10:23:30+00:00,processes,idle,79,dbms,09-2026,yugabyte-2026111-vanilla-os-xlarge-xlarge-aws-v2,1,ip-172-31-25-7,ranking,benchANT
2026-09-18 10:23:40+00:00,processes,idle,79,dbms,09-2026,yugabyte-2026111-vanilla-os-xlarge-xlarge-aws-v2,1,ip-172-31-25-7,ranking,benchANT
2026-09-18 10:23:50+00:00,processes,idle,79,dbms,09-2026,yugabyte-2026111-vanilla-os-xlarge-xlarge-aws-v2,1,ip-172-31-25-7,ranking,benchANT
2026-09-18 10:24:00+00:00,processes,idle,79,dbms,09-2026,yugabyte-2026111-vanilla-os-xlarge-xlarge-aws-v2,1,ip-172-31-25-7,ranking,benchANT
2026-09-18 10:24:10+00:00,processes,idle,79,dbms,09-2026,yugabyte-2026111-vanilla-os-xlarge-xlarge-aws-v2,1,ip-172-31-25-7,ranking,benchANT
2026-09-18 10:24:20+00:00,processes,idle,79,dbms,09-2026,yugabyte-2026111-vanilla-os-xlarge-xlarge-aws-v2,1,ip-172-31-25-7,ranking,benchANT
2026-09-18 10:24:30+00:00,processes,idle,79,dbms,09-2026,yugabyte-2026111-vanilla-os-xlarge-xlarge-aws-v2,1,ip-172-31-25-7,ranking,benchANT
2026-09-18 10:24:40+00:00,processes,idle,79,dbms,09-2026,yugabyte-2026111-vanilla-os-xlarge-xlarge-aws-v2,1,ip-172-31-25-7,ranking,benchANT
2026-09-18 10:24:50+00:00,processes,idle,79,dbms,09-2026,yugabyte-2026111-vanilla-os-xlarge-xlarge-aws-v2,1,ip-172-31-25-7,ranking,benchANT
2026-09-18 10:25:00+00:00,processes,idle,79,dbms,09-2026,yugabyte-2026111-vanilla-os-xlarge-xlarge-aws-v2,1,ip-172-31-25-7,ranking,benchANT
2026-09-18 10:25:10+00:00,processes,idle,77,dbms,09-2026,yugabyte-2026111-vanilla-os-xlarge-xlarge-aws-v2,1,ip-172-31-25-7,ranking,benchANT
2026-09-18 10:25:20+00:00,processes,idle,76,dbms,09-2026,yugabyte-2026111-vanilla-os-xlarge-xlarge-aws-v2,1,ip-172-31-25-7,ranking,benchANT
2026-09-18 10:25:30+00:00,processes,idle,75,dbms,09-2026,yugabyte-2026111-vanilla-os-xlarge-xlarge-aws-v2,1,ip-172-31-25-7,ranking,benchANT
2026-09-18 10:25:40+00:00,processes,idle,77,dbms,09-2026,yugabyte-2026111-vanilla-os-xlarge-xlarge-aws-v2,1,ip-172-31-25-7,ranking,benchANT
2026-09-18 10:25:50+00:00,processes,idle,77,dbms,09-2026,yugabyte-2026111-vanilla-os-xlarge-xlarge-aws-v2,1,ip-172-31-25-7,ranking,benchANT
2026-09-18 10:26:00+00:00,processes,idle,77,dbms,09-2026,yugabyte-2026111-vanilla-os-xlarge-xlarge-aws-v2,1,ip-172-31-25-7,ranking,benchANT
2026-09-18 10:26:10+00:00,processes,idle,77,dbms,09-2026,yugabyte-2026111-vanilla-os-xlarge-xlarge-aws-v2,1,ip-172-31-25-7,ranking,benchANT
2026-09-18 10:26:20+00:00,processes,idle,77,dbms,09-2026,yugabyte-2026111-vanilla-os-xlarge-xlarge-aws-v2,1,ip-172-31-25-7,ranking,benchANT
2026-09-18 10:26:30+00:00,processes,idle,77,dbms,09-2026,yugabyte-2026111-vanilla-os-xlarge-xlarge-aws-v2,1,ip-172-31-25-7,ranking,benchANT
2026-09-18 10:26:40+00:00,processes,idle,76,dbms,09-2026,yugabyte-2026111-vanilla-os-xlarge-xlarge-aws-v2,1,ip-172-31-25-7,ranking,benchANT
2026-09-18 10:26:50+00:00,processes,idle,77,dbms,09-2026,yugabyte-2026111-vanilla-os-xlarge-xlarge-aws-v2,1,ip-172-31-25-7,ranking,benchANT
2026-09-18 10:27:00+00:00,processes,idle,77,dbms,09-2026,yugabyte-2026111-vanilla-os-xlarge-xlarge-aws-v2,1,ip-172-31-25-7,ranking,benchANT
2026-09-18 10:27:10+00:00,processes,idle,77,dbms,09-2026,yugabyte-2026111-vanilla-os-xlarge-xlarge-aws-v2,1,ip-172-31-25-7,ranking,benchANT
2026-09-18 10:27:20+00:00,processes,idle,77,dbms,09-2026,yugabyte-2026111-vanilla-os-xlarge-xlarge-aws-v2,1,ip-172-31-25-7,ranking,benchANT
2026-09-18 10:27:30+00:00,processes,idle,77,dbms,09-2026,yugabyte-2026111-vanilla-os-xlarge-xlarge-aws-v2,1,ip-172-31-25-7,ranking,benchANT
2026-09-18 10:27:40+00:00,processes,idle,77,dbms,09-2026,yugabyte-2026111-vanilla-os-xlarge-xlarge-aws-v2,1,ip-172-31-25-7,ranking,benchANT
2026-09-18 10:27:50+00:00,processes,idle,76,dbms,09-2026,yugabyte-2026111-vanilla-os-xlarge-xlarge-aws-v2,1,ip-172-31-25-7,ranking,benchANT
2026-09-18 10:28:00+00:00,processes,idle,77,dbms,09-2026,yugabyte-2026111-vanilla-os-xlarge-xlarge-aws-v2,1,ip-172-31-25-7,ranking,benchANT
2026-09-18 10:28:10+00:00,processes,idle,77,dbms,09-2026,yugabyte-2026111-vanilla-os-xlarge-xlarge-aws-v2,1,ip-172-31-25-7,ranking,benchANT
2026-09-18 10:28:20+00:00,processes,idle,77,dbms,09-2026,yugabyte-2026111-vanilla-os-xlarge-xlarge-aws-v2,1,ip-172-31-25-7,ranking,benchANT
2026-09-18 10:28:30+00:00,processes,idle,77,dbms,09-2026,yugabyte-2026111-vanilla-os-xlarge-xlarge-aws-v2,1,ip-172-31-25-7,ranking,benchANT
2026-09-18 10:28:40+00:00,processes,idle,77,dbms,09-2026,yugabyte-2026111-vanilla-os-xlarge-xlarge-aws-v2,1,ip-172-31-25-7,ranking,benchANT
2026-09-18 10:28:50+00:00,processes,idle,77,dbms,09-2026,yugabyte-2026111-vanilla-os-xlarge-xlarge-aws-v2,1,ip-172-31-25-7,ranking,benchANT
2026-09-18 10:29:00+00:00,processes,idle,77,dbms,09-2026,yugabyte-2026111-vanilla-os-xlarge-xlarge-aws-v2,1,ip-172-31-25-7,ranking,benchANT
2026-09-18 10:29:10+00:00,processes,idle,77,dbms,09-2026,yugabyte-2026111-vanilla-os-xlarge-xlarge-aws-v2,1,ip-172-31-25-7,ranking,benchANT
2026-09-18 10:29:20+00:00,processes,idle,76,dbms,09-2026,yugabyte-2026111-vanilla-os-xlarge-xlarge-aws-v2,1,ip-172-31-25-7,ranking,benchANT
2026-09-18 10:29:30+00:00,processes,idle,77,dbms,09-2026,yugabyte-2026111-vanilla-os-xlarge-xlarge-aws-v2,1,ip-172-31-25-7,ranking,benchANT
2026-09-18 10:29:40+00:00,processes,idle,77,dbms,09-2026,yugabyte-2026111-vanilla-os-xlarge-xlarge-aws-v2,1,ip-172-31-25-7,ranking,benchANT
2026-09-18 10:29:50+00:00,processes,idle,77,dbms,09-2026,yugabyte-2026111-vanilla-os-xlarge-xlarge-aws-v2,1,ip-172-31-25-7,ranking,benchANT
2026-09-18 10:30:00+00:00,processes,idle,77,dbms,09-2026,yugabyte-2026111-vanilla-os-xlarge-xlarge-aws-v2,1,ip-172-31-25-7,ranking,benchANT
2026-09-18 10:30:10+00:00,processes,idle,77,dbms,09-2026,yugabyte-2026111-vanilla-os-xlarge-xlarge-aws-v2,1,ip-172-31-25-7,ranking,benchANT
2026-09-18 10:30:20+00:00,processes,idle,78,dbms,09-2026,yugabyte-2026111-vanilla-os-xlarge-xlarge-aws-v2,1,ip-172-31-25-7,ranking,benchANT
2026-09-18 10:30:30+00:00,processes,idle,78,dbms,09-2026,yugabyte-2026111-vanilla-os-xlarge-xlarge-aws-v2,1,ip-172-31-25-7,ranking,benchANT
2026-09-18 10:30:40+00:00,processes,idle,77,dbms,09-2026,yugabyte-2026111-vanilla-os-xlarge-xlarge-aws-v2,1,ip-172-31-25-7,ranking,benchANT
2026-09-18 10:30:50+00:00,processes,idle,77,dbms,09-2026,yugabyte-2026111-vanilla-os-xlarge-xlarge-aws-v2,1,ip-172-31-25-7,ranking,benchANT
2026-09-18 10:31:00+00:00,processes,idle,78,dbms,09-2026,yugabyte-2026111-vanilla-os-xlarge-xlarge-aws-v2,1,ip-172-31-25-7,ranking,benchANT
2026-09-18 10:31:10+00:00,processes,idle,78,dbms,09-2026,yugabyte-2026111-vanilla-os-xlarge-xlarge-aws-v2,1,ip-172-31-25-7,ranking,benchANT
2026-09-18 10:31:20+00:00,processes,idle,78,dbms,09-2026,yugabyte-2026111-vanilla-os-xlarge-xlarge-aws-v2,1,ip-172-31-25-7,ranking,benchANT
2026-09-18 10:23:00+00:00,processes,paging,0,dbms,09-2026,yugabyte-2026111-vanilla-os-xlarge-xlarge-aws-v2,1,ip-172-31-25-7,ranking,benchANT
2026-09-18 10:23:10+00:00,processes,paging,0,dbms,09-2026,yugabyte-2026111-vanilla-os-xlarge-xlarge-aws-v2,1,ip-172-31-25-7,ranking,benchANT
2026-09-18 10:23:20+00:00,processes,paging,0,dbms,09-2026,yugabyte-2026111-vanilla-os-xlarge-xlarge-aws-v2,1,ip-172-31-25-7,ranking,benchANT
2026-09-18 10:23:30+00:00,processes,paging,0,dbms,09-2026,yugabyte-2026111-vanilla-os-xlarge-xlarge-aws-v2,1,ip-172-31-25-7,ranking,benchANT
2026-09-18 10:23:40+00:00,processes,paging,0,dbms,09-2026,yugabyte-2026111-vanilla-os-xlarge-xlarge-aws-v2,1,ip-172-31-25-7,ranking,benchANT
2026-09-18 10:23:50+00:00,processes,paging,0,dbms,09-2026,yugabyte-2026111-vanilla-os-xlarge-xlarge-aws-v2,1,ip-172-31-25-7,ranking,benchANT
2026-09-18 10:24:00+00:00,processes,paging,0,dbms,09-2026,yugabyte-2026111-vanilla-os-xlarge-xlarge-aws-v2,1,ip-172-31-25-7,ranking,benchANT
2026-09-18 10:24:10+00:00,processes,paging,0,dbms,09-2026,yugabyte-2026111-vanilla-os-xlarge-xlarge-aws-v2,1,ip-172-31-25-7,ranking,benchANT
2026-09-18 10:24:20+00:00,processes,paging,0,dbms,09-2026,yugabyte-2026111-vanilla-os-xlarge-xlarge-aws-v2,1,ip-172-31-25-7,ranking,benchANT
2026-09-18 10:24:30+00:00,processes,paging,0,dbms,09-2026,yugabyte-2026111-vanilla-os-xlarge-xlarge-aws-v2,1,ip-172-31-25-7,ranking,benchANT
2026-09-18 10:24:40+00:00,processes,paging,0,dbms,09-2026,yugabyte-2026111-vanilla-os-xlarge-xlarge-aws-v2,1,ip-172-31-25-7,ranking,benchANT
2026-09-18 10:24:50+00:00,processes,paging,0,dbms,09-2026,yugabyte-2026111-vanilla-os-xlarge-xlarge-aws-v2,1,ip-172-31-25-7,ranking,benchANT
2026-09-18 10:25:00+00:00,processes,paging,0,dbms,09-2026,yugabyte-2026111-vanilla-os-xlarge-xlarge-aws-v2,1,ip-172-31-25-7,ranking,benchANT
2026-09-18 10:25:10+00:00,processes,paging,0,dbms,09-2026,yugabyte-2026111-vanilla-os-xlarge-xlarge-aws-v2,1,ip-172-31-25-7,ranking,benchANT
2026-09-18 10:25:20+00:00,processes,paging,0,dbms,09-2026,yugabyte-2026111-vanilla-os-xlarge-xlarge-aws-v2,1,ip-172-31-25-7,ranking,benchANT
2026-09-18 10:25:30+00:00,processes,paging,0,dbms,09-2026,yugabyte-2026111-vanilla-os-xlarge-xlarge-aws-v2,1,ip-172-31-25-7,ranking,benchANT
2026-09-18 10:25:40+00:00,processes,paging,0,dbms,09-2026,yugabyte-2026111-vanilla-os-xlarge-xlarge-aws-v2,1,ip-172-31-25-7,ranking,benchANT
2026-09-18 10:25:50+00:00,processes,paging,0,dbms,09-2026,yugabyte-2026111-vanilla-os-xlarge-xlarge-aws-v2,1,ip-172-31-25-7,ranking,benchANT
2026-09-18 10:26:00+00:00,processes,paging,0,dbms,09-2026,yugabyte-2026111-vanilla-os-xlarge-xlarge-aws-v2,1,ip-172-31-25-7,ranking,benchANT
2026-09-18 10:26:10+00:00,processes,paging,0,dbms,09-2026,yugabyte-2026111-vanilla-os-xlarge-xlarge-aws-v2,1,ip-172-31-25-7,ranking,benchANT
2026-09-18 10:26:20+00:00,processes,paging,0,dbms,09-2026,yugabyte-2026111-vanilla-os-xlarge-xlarge-aws-v2,1,ip-172-31-25-7,ranking,benchANT
2026-09-18 10:26:30+00:00,processes,paging,0,dbms,09-2026,yugabyte-2026111-vanilla-os-xlarge-xlarge-aws-v2,1,ip-172-31-25-7,ranking,benchANT
2026-09-18 10:26:40+00:00,processes,paging,0,dbms,09-2026,yugabyte-2026111-vanilla-os-xlarge-xlarge-aws-v2,1,ip-172-31-25-7,ranking,benchANT
2026-09-18 10:26:50+00:00,processes,paging,0,dbms,09-2026,yugabyte-2026111-vanilla-os-xlarge-xlarge-aws-v2,1,ip-172-31-25-7,ranking,benchANT
2026-09-18 10:27:00+00:00,processes,paging,0,dbms,09-2026,yugabyte-2026111-vanilla-os-xlarge-xlarge-aws-v2,1,ip-172-31-25-7,ranking,benchANT
2026-09-18 10:27:10+00:00,processes,paging,0,dbms,09-2026,yugabyte-2026111-vanilla-os-xlarge-xlarge-aws-v2,1,ip-172-31-25-7,ranking,benchANT
2026-09-18 10:27:20+00:00,processes,paging,0,dbms,09-2026,yugabyte-2026111-vanilla-os-xlarge-xlarge-aws-v2,1,ip-172-31-25-7,ranking,benchANT
2026-09-18 10:27:30+00:00,processes,paging,0,dbms,09-2026,yugabyte-2026111-vanilla-os-xlarge-xlarge-aws-v2,1,ip-172-31-25-7,ranking,benchANT
2026-09-18 10:27:40+00:00,processes,paging,0,dbms,09-2026,yugabyte-2026111-vanilla-os-xlarge-xlarge-aws-v2,1,ip-172-31-25-7,ranking,benchANT
2026-09-18 10:27:50+00:00,processes,paging,0,dbms,09-2026,yugabyte-2026111-vanilla-os-xlarge-xlarge-aws-v2,1,ip-172-31-25-7,ranking,benchANT
2026-09-18 10:28:00+00:00,processes,paging,0,dbms,09-2026,yugabyte-2026111-vanilla-os-xlarge-xlarge-aws-v2,1,ip-172-31-25-7,ranking,benchANT
2026-09-18 10:28:10+00:00,processes,paging,0,dbms,09-2026,yugabyte-2026111-vanilla-os-xlarge-xlarge-aws-v2,1,ip-172-31-25-7,ranking,benchANT
2026-09-18 10:28:20+00:00,processes,paging,0,dbms,09-2026,yugabyte-2026111-vanilla-os-xlarge-xlarge-aws-v2,1,ip-172-31-25-7,ranking,benchANT
2026-09-18 10:28:30+00:00,processes,paging,0,dbms,09-2026,yugabyte-2026111-vanilla-os-xlarge-xlarge-aws-v2,1,ip-172-31-25-7,ranking,benchANT
2026-09-18 10:28:40+00:00,processes,paging,0,dbms,09-2026,yugabyte-2026111-vanilla-os-xlarge-xlarge-aws-v2,1,ip-172-31-25-7,ranking,benchANT
2026-09-18 10:28:50+00:00,processes,paging,0,dbms,09-2026,yugabyte-2026111-vanilla-os-xlarge-xlarge-aws-v2,1,ip-172-31-25-7,ranking,benchANT
2026-09-18 10:29:00+00:00,processes,paging,0,dbms,09-2026,yugabyte-2026111-vanilla-os-xlarge-xlarge-aws-v2,1,ip-172-31-25-7,ranking,benchANT
2026-09-18 10:29:10+00:00,processes,paging,0,dbms,09-2026,yugabyte-2026111-vanilla-os-xlarge-xlarge-aws-v2,1,ip-172-31-25-7,ranking,benchANT
2026-09-18 10:29:20+00:00,processes,paging,0,dbms,09-2026,yugabyte-2026111-vanilla-os-xlarge-xlarge-aws-v2,1,ip-172-31-25-7,ranking,benchANT
2026-09-18 10:29:30+00:00,processes,paging,0,dbms,09-2026,yugabyte-2026111-vanilla-os-xlarge-xlarge-aws-v2,1,ip-172-31-25-7,ranking,benchANT
2026-09-18 10:29:40+00:00,processes,paging,0,dbms,09-2026,yugabyte-2026111-vanilla-os-xlarge-xlarge-aws-v2,1,ip-172-31-25-7,ranking,benchANT
2026-09-18 10:29:50+00:00,processes,paging,0,dbms,09-2026,yugabyte-2026111-vanilla-os-xlarge-xlarge-aws-v2,1,ip-172-31-25-7,ranking,benchANT
2026-09-18 10:30:00+00:00,processes,paging,0,dbms,09-2026,yugabyte-2026111-vanilla-os-xlarge-xlarge-aws-v2,1,ip-172-31-25-7,ranking,benchANT
2026-09-18 10:30:10+00:00,processes,paging,0,dbms,09-2026,yugabyte-2026111-vanilla-os-xlarge-xlarge-aws-v2,1,ip-172-31-25-7,ranking,benchANT
2026-09-18 10:30:20+00:00,processes,paging,0,dbms,09-2026,yugabyte-2026111-vanilla-os-xlarge-xlarge-aws-v2,1,ip-172-31-25-7,ranking,benchANT
2026-09-18 10:30:30+00:00,processes,paging,0,dbms,09-2026,yugabyte-2026111-vanilla-os-xlarge-xlarge-aws-v2,1,ip-172-31-25-7,ranking,benchANT
2026-09-18 10:30:40+00:00,processes,paging,0,dbms,09-2026,yugabyte-2026111-vanilla-os-xlarge-xlarge-aws-v2,1,ip-172-31-25-7,ranking,benchANT
2026-09-18 10:30:50+00:00,processes,paging,0,dbms,09-2026,yugabyte-2026111-vanilla-os-xlarge-xlarge-aws-v2,1,ip-172-31-25-7,ranking,benchANT
2026-09-18 10:31:00+00:00,processes,paging,0,dbms,09-2026,yugabyte-2026111-vanilla-os-xlarge-xlarge-aws-v2,1,ip-172-31-25-7,ranking,benchANT
2026-09-18 10:31:10+00:00,processes,paging,0,dbms,09-2026,yugabyte-2026111-vanilla-os-xlarge-xlarge-aws-v2,1,ip-172-31-25-7,ranking,benchANT
2026-09-18 10:31:20+00:00,processes,paging,0,dbms,09-2026,yugabyte-2026111-vanilla-os-xlarge-xlarge-aws-v2,1,ip-172-31-25-7,ranking,benchANT
2026-09-18 10:23:00+00:00,processes,running,6,dbms,09-2026,yugabyte-2026111-vanilla-os-xlarge-xlarge-aws-v2,1,ip-172-31-25-7,ranking,benchANT
2026-09-18 10:23:10+00:00,processes,running,2,dbms,09-2026,yugabyte-2026111-vanilla-os-xlarge-xlarge-aws-v2,1,ip-172-31-25-7,ranking,benchANT
2026-09-18 10:23:20+00:00,processes,running,3,dbms,09-2026,yugabyte-2026111-vanilla-os-xlarge-xlarge-aws-v2,1,ip-172-31-25-7,ranking,benchANT
2026-09-18 10:23:30+00:00,processes,running,8,dbms,09-2026,yugabyte-2026111-vanilla-os-xlarge-xlarge-aws-v2,1,ip-172-31-25-7,ranking,benchANT
2026-09-18 10:23:40+00:00,processes,running,3,dbms,09-2026,yugabyte-2026111-vanilla-os-xlarge-xlarge-aws-v2,1,ip-172-31-25-7,ranking,benchANT
2026-09-18 10:23:50+00:00,processes,running,0,dbms,09-2026,yugabyte-2026111-vanilla-os-xlarge-xlarge-aws-v2,1,ip-172-31-25-7,ranking,benchANT
2026-09-18 10:24:00+00:00,processes,running,0,dbms,09-2026,yugabyte-2026111-vanilla-os-xlarge-xlarge-aws-v2,1,ip-172-31-25-7,ranking,benchANT
2026-09-18 10:24:10+00:00,processes,running,3,dbms,09-2026,yugabyte-2026111-vanilla-os-xlarge-xlarge-aws-v2,1,ip-172-31-25-7,ranking,benchANT
2026-09-18 10:24:20+00:00,processes,running,5,dbms,09-2026,yugabyte-2026111-vanilla-os-xlarge-xlarge-aws-v2,1,ip-172-31-25-7,ranking,benchANT
2026-09-18 10:24:30+00:00,processes,running,4,dbms,09-2026,yugabyte-2026111-vanilla-os-xlarge-xlarge-aws-v2,1,ip-172-31-25-7,ranking,benchANT
2026-09-18 10:24:40+00:00,processes,running,4,dbms,09-2026,yugabyte-2026111-vanilla-os-xlarge-xlarge-aws-v2,1,ip-172-31-25-7,ranking,benchANT
2026-09-18 10:24:50+00:00,processes,running,5,dbms,09-2026,yugabyte-2026111-vanilla-os-xlarge-xlarge-aws-v2,1,ip-172-31-25-7,ranking,benchANT
2026-09-18 10:25:00+00:00,processes,running,2,dbms,09-2026,yugabyte-2026111-vanilla-os-xlarge-xlarge-aws-v2,1,ip-172-31-25-7,ranking,benchANT
2026-09-18 10:25:10+00:00,processes,running,3,dbms,09-2026,yugabyte-2026111-vanilla-os-xlarge-xlarge-aws-v2,1,ip-172-31-25-7,ranking,benchANT
2026-09-18 10:25:20+00:00,processes,running,2,dbms,09-2026,yugabyte-2026111-vanilla-os-xlarge-xlarge-aws-v2,1,ip-172-31-25-7,ranking,benchANT
2026-09-18 10:25:30+00:00,processes,running,8,dbms,09-2026,yugabyte-2026111-vanilla-os-xlarge-xlarge-aws-v2,1,ip-172-31-25-7,ranking,benchANT
2026-09-18 10:25:40+00:00,processes,running,6,dbms,09-2026,yugabyte-2026111-vanilla-os-xlarge-xlarge-aws-v2,1,ip-172-31-25-7,ranking,benchANT
2026-09-18 10:25:50+00:00,processes,running,3,dbms,09-2026,yugabyte-2026111-vanilla-os-xlarge-xlarge-aws-v2,1,ip-172-31-25-7,ranking,benchANT
2026-09-18 10:26:00+00:00,processes,running,7,dbms,09-2026,yugabyte-2026111-vanilla-os-xlarge-xlarge-aws-v2,1,ip-172-31-25-7,ranking,benchANT
2026-09-18 10:26:10+00:00,processes,running,3,dbms,09-2026,yugabyte-2026111-vanilla-os-xlarge-xlarge-aws-v2,1,ip-172-31-25-7,ranking,benchANT
2026-09-18 10:26:20+00:00,processes,running,5,dbms,09-2026,yugabyte-2026111-vanilla-os-xlarge-xlarge-aws-v2,1,ip-172-31-25-7,ranking,benchANT
2026-09-18 10:26:30+00:00,processes,running,5,dbms,09-2026,yugabyte-2026111-vanilla-os-xlarge-xlarge-aws-v2,1,ip-172-31-25-7,ranking,benchANT
2026-09-18 10:26:40+00:00,processes,running,5,dbms,09-2026,yugabyte-2026111-vanilla-os-xlarge-xlarge-aws-v2,1,ip-172-31-25-7,ranking,benchANT
2026-09-18 10:26:50+00:00,processes,running,6,dbms,09-2026,yugabyte-2026111-vanilla-os-xlarge-xlarge-aws-v2,1,ip-172-31-25-7,ranking,benchANT
2026-09-18 10:27:00+00:00,processes,running,5,dbms,09-2026,yugabyte-2026111-vanilla-os-xlarge-xlarge-aws-v2,1,ip-172-31-25-7,ranking,benchANT
2026-09-18 10:27:10+00:00,processes,running,8,dbms,09-2026,yugabyte-2026111-vanilla-os-xlarge-xlarge-aws-v2,1,ip-172-31-25-7,ranking,benchANT
2026-09-18 10:27:20+00:00,processes,running,5,dbms,09-2026,yugabyte-2026111-vanilla-os-xlarge-xlarge-aws-v2,1,ip-172-31-25-7,ranking,benchANT
2026-09-18 10:27:30+00:00,processes,running,2,dbms,09-2026,yugabyte-2026111-vanilla-os-xlarge-xlarge-aws-v2,1,ip-172-31-25-7,ranking,benchANT
2026-09-18 10:27:40+00:00,processes,running,2,dbms,09-2026,yugabyte-2026111-vanilla-os-xlarge-xlarge-aws-v2,1,ip-172-31-25-7,ranking,benchANT
2026-09-18 10:27:50+00:00,processes,running,5,dbms,09-2026,yugabyte-2026111-vanilla-os-xlarge-xlarge-aws-v2,1,ip-172-31-25-7,ranking,benchANT
2026-09-18 10:28:00+00:00,processes,running,6,dbms,09-2026,yugabyte-2026111-vanilla-os-xlarge-xlarge-aws-v2,1,ip-172-31-25-7,ranking,benchANT
2026-09-18 10:28:10+00:00,processes,running,7,dbms,09-2026,yugabyte-2026111-vanilla-os-xlarge-xlarge-aws-v2,1,ip-172-31-25-7,ranking,benchANT
2026-09-18 10:28:20+00:00,processes,running,3,dbms,09-2026,yugabyte-2026111-vanilla-os-xlarge-xlarge-aws-v2,1,ip-172-31-25-7,ranking,benchANT
2026-09-18 10:28:30+00:00,processes,running,3,dbms,09-2026,yugabyte-2026111-vanilla-os-xlarge-xlarge-aws-v2,1,ip-172-31-25-7,ranking,benchANT
2026-09-18 10:28:40+00:00,processes,running,3,dbms,09-2026,yugabyte-2026111-vanilla-os-xlarge-xlarge-aws-v2,1,ip-172-31-25-7,ranking,benchANT
2026-09-18 10:28:50+00:00,processes,running,5,dbms,09-2026,yugabyte-2026111-vanilla-os-xlarge-xlarge-aws-v2,1,ip-172-31-25-7,ranking,benchANT
2026-09-18 10:29:00+00:00,processes,running,2,dbms,09-2026,yugabyte-2026111-vanilla-os-xlarge-xlarge-aws-v2,1,ip-172-31-25-7,ranking,benchANT
2026-09-18 10:29:10+00:00,processes,running,3,dbms,09-2026,yugabyte-2026111-vanilla-os-xlarge-xlarge-aws-v2,1,ip-172-31-25-7,ranking,benchANT
2026-09-18 10:29:20+00:00,processes,running,7,dbms,09-2026,yugabyte-2026111-vanilla-os-xlarge-xlarge-aws-v2,1,ip-172-31-25-7,ranking,benchANT
2026-09-18 10:29:30+00:00,processes,running,4,dbms,09-2026,yugabyte-2026111-vanilla-os-xlarge-xlarge-aws-v2,1,ip-172-31-25-7,ranking,benchANT
2026-09-18 10:29:40+00:00,processes,running,1,dbms,09-2026,yugabyte-2026111-vanilla-os-xlarge-xlarge-aws-v2,1,ip-172-31-25-7,ranking,benchANT
2026-09-18 10:29:50+00:00,processes,running,5,dbms,09-2026,yugabyte-2026111-vanilla-os-xlarge-xlarge-aws-v2,1,ip-172-31-25-7,ranking,benchANT
2026-09-18 10:30:00+00:00,processes,running,8,dbms,09-2026,yugabyte-2026111-vanilla-os-xlarge-xlarge-aws-v2,1,ip-172-31-25-7,ranking,benchANT
2026-09-18 10:30:10+00:00,processes,running,6,dbms,09-2026,yugabyte-2026111-vanilla-os-xlarge-xlarge-aws-v2,1,ip-172-31-25-7,ranking,benchANT
2026-09-18 10:30:20+00:00,processes,running,6,dbms,09-2026,yugabyte-2026111-vanilla-os-xlarge-xlarge-aws-v2,1,ip-172-31-25-7,ranking,benchANT
2026-09-18 10:30:30+00:00,processes,running,2,dbms,09-2026,yugabyte-2026111-vanilla-os-xlarge-xlarge-aws-v2,1,ip-172-31-25-7,ranking,benchANT
2026-09-18 10:30:40+00:00,processes,running,0,dbms,09-2026,yugabyte-2026111-vanilla-os-xlarge-xlarge-aws-v2,1,ip-172-31-25-7,ranking,benchANT
2026-09-18 10:30:50+00:00,processes,running,0,dbms,09-2026,yugabyte-2026111-vanilla-os-xlarge-xlarge-aws-v2,1,ip-172-31-25-7,ranking,benchANT
2026-09-18 10:31:00+00:00,processes,running,0,dbms,09-2026,yugabyte-2026111-vanilla-os-xlarge-xlarge-aws-v2,1,ip-172-31-25-7,ranking,benchANT
2026-09-18 10:31:10+00:00,processes,running,0,dbms,09-2026,yugabyte-2026111-vanilla-os-xlarge-xlarge-aws-v2,1,ip-172-31-25-7,ranking,benchANT
2026-09-18 10:31:20+00:00,processes,running,0,dbms,09-2026,yugabyte-2026111-vanilla-os-xlarge-xlarge-aws-v2,1,ip-172-31-25-7,ranking,benchANT
2026-09-18 10:23:00+00:00,processes,sleeping,144,dbms,09-2026,yugabyte-2026111-vanilla-os-xlarge-xlarge-aws-v2,1,ip-172-31-25-7,ranking,benchANT
2026-09-18 10:23:10+00:00,processes,sleeping,148,dbms,09-2026,yugabyte-2026111-vanilla-os-xlarge-xlarge-aws-v2,1,ip-172-31-25-7,ranking,benchANT
2026-09-18 10:23:20+00:00,processes,sleeping,147,dbms,09-2026,yugabyte-2026111-vanilla-os-xlarge-xlarge-aws-v2,1,ip-172-31-25-7,ranking,benchANT
2026-09-18 10:23:30+00:00,processes,sleeping,142,dbms,09-2026,yugabyte-2026111-vanilla-os-xlarge-xlarge-aws-v2,1,ip-172-31-25-7,ranking,benchANT
2026-09-18 10:23:40+00:00,processes,sleeping,147,dbms,09-2026,yugabyte-2026111-vanilla-os-xlarge-xlarge-aws-v2,1,ip-172-31-25-7,ranking,benchANT
2026-09-18 10:23:50+00:00,processes,sleeping,150,dbms,09-2026,yugabyte-2026111-vanilla-os-xlarge-xlarge-aws-v2,1,ip-172-31-25-7,ranking,benchANT
2026-09-18 10:24:00+00:00,processes,sleeping,150,dbms,09-2026,yugabyte-2026111-vanilla-os-xlarge-xlarge-aws-v2,1,ip-172-31-25-7,ranking,benchANT
2026-09-18 10:24:10+00:00,processes,sleeping,147,dbms,09-2026,yugabyte-2026111-vanilla-os-xlarge-xlarge-aws-v2,1,ip-172-31-25-7,ranking,benchANT
2026-09-18 10:24:20+00:00,processes,sleeping,145,dbms,09-2026,yugabyte-2026111-vanilla-os-xlarge-xlarge-aws-v2,1,ip-172-31-25-7,ranking,benchANT
2026-09-18 10:24:30+00:00,processes,sleeping,146,dbms,09-2026,yugabyte-2026111-vanilla-os-xlarge-xlarge-aws-v2,1,ip-172-31-25-7,ranking,benchANT
2026-09-18 10:24:40+00:00,processes,sleeping,146,dbms,09-2026,yugabyte-2026111-vanilla-os-xlarge-xlarge-aws-v2,1,ip-172-31-25-7,ranking,benchANT
2026-09-18 10:24:50+00:00,processes,sleeping,145,dbms,09-2026,yugabyte-2026111-vanilla-os-xlarge-xlarge-aws-v2,1,ip-172-31-25-7,ranking,benchANT
2026-09-18 10:25:00+00:00,processes,sleeping,148,dbms,09-2026,yugabyte-2026111-vanilla-os-xlarge-xlarge-aws-v2,1,ip-172-31-25-7,ranking,benchANT
2026-09-18 10:25:10+00:00,processes,sleeping,147,dbms,09-2026,yugabyte-2026111-vanilla-os-xlarge-xlarge-aws-v2,1,ip-172-31-25-7,ranking,benchANT
2026-09-18 10:25:20+00:00,processes,sleeping,148,dbms,09-2026,yugabyte-2026111-vanilla-os-xlarge-xlarge-aws-v2,1,ip-172-31-25-7,ranking,benchANT
2026-09-18 10:25:30+00:00,processes,sleeping,141,dbms,09-2026,yugabyte-2026111-vanilla-os-xlarge-xlarge-aws-v2,1,ip-172-31-25-7,ranking,benchANT
2026-09-18 10:25:40+00:00,processes,sleeping,144,dbms,09-2026,yugabyte-2026111-vanilla-os-xlarge-xlarge-aws-v2,1,ip-172-31-25-7,ranking,benchANT
2026-09-18 10:25:50+00:00,processes,sleeping,147,dbms,09-2026,yugabyte-2026111-vanilla-os-xlarge-xlarge-aws-v2,1,ip-172-31-25-7,ranking,benchANT
2026-09-18 10:26:00+00:00,processes,sleeping,143,dbms,09-2026,yugabyte-2026111-vanilla-os-xlarge-xlarge-aws-v2,1,ip-172-31-25-7,ranking,benchANT
2026-09-18 10:26:10+00:00,processes,sleeping,147,dbms,09-2026,yugabyte-2026111-vanilla-os-xlarge-xlarge-aws-v2,1,ip-172-31-25-7,ranking,benchANT
2026-09-18 10:26:20+00:00,processes,sleeping,145,dbms,09-2026,yugabyte-2026111-vanilla-os-xlarge-xlarge-aws-v2,1,ip-172-31-25-7,ranking,benchANT
2026-09-18 10:26:30+00:00,processes,sleeping,147,dbms,09-2026,yugabyte-2026111-vanilla-os-xlarge-xlarge-aws-v2,1,ip-172-31-25-7,ranking,benchANT
2026-09-18 10:26:40+00:00,processes,sleeping,144,dbms,09-2026,yugabyte-2026111-vanilla-os-xlarge-xlarge-aws-v2,1,ip-172-31-25-7,ranking,benchANT
2026-09-18 10:26:50+00:00,processes,sleeping,144,dbms,09-2026,yugabyte-2026111-vanilla-os-xlarge-xlarge-aws-v2,1,ip-172-31-25-7,ranking,benchANT
2026-09-18 10:27:00+00:00,processes,sleeping,145,dbms,09-2026,yugabyte-2026111-vanilla-os-xlarge-xlarge-aws-v2,1,ip-172-31-25-7,ranking,benchANT
2026-09-18 10:27:10+00:00,processes,sleeping,142,dbms,09-2026,yugabyte-2026111-vanilla-os-xlarge-xlarge-aws-v2,1,ip-172-31-25-7,ranking,benchANT
2026-09-18 10:27:20+00:00,processes,sleeping,145,dbms,09-2026,yugabyte-2026111-vanilla-os-xlarge-xlarge-aws-v2,1,ip-172-31-25-7,ranking,benchANT
2026-09-18 10:27:30+00:00,processes,sleeping,148,dbms,09-2026,yugabyte-2026111-vanilla-os-xlarge-xlarge-aws-v2,1,ip-172-31-25-7,ranking,benchANT
2026-09-18 10:27:40+00:00,processes,sleeping,148,dbms,09-2026,yugabyte-2026111-vanilla-os-xlarge-xlarge-aws-v2,1,ip-172-31-25-7,ranking,benchANT
2026-09-18 10:27:50+00:00,processes,sleeping,146,dbms,09-2026,yugabyte-2026111-vanilla-os-xlarge-xlarge-aws-v2,1,ip-172-31-25-7,ranking,benchANT
2026-09-18 10:28:00+00:00,processes,sleeping,144,dbms,09-2026,yugabyte-2026111-vanilla-os-xlarge-xlarge-aws-v2,1,ip-172-31-25-7,ranking,benchANT
2026-09-18 10:28:10+00:00,processes,sleeping,143,dbms,09-2026,yugabyte-2026111-vanilla-os-xlarge-xlarge-aws-v2,1,ip-172-31-25-7,ranking,benchANT
2026-09-18 10:28:20+00:00,processes,sleeping,147,dbms,09-2026,yugabyte-2026111-vanilla-os-xlarge-xlarge-aws-v2,1,ip-172-31-25-7,ranking,benchANT
2026-09-18 10:28:30+00:00,processes,sleeping,147,dbms,09-2026,yugabyte-2026111-vanilla-os-xlarge-xlarge-aws-v2,1,ip-172-31-25-7,ranking,benchANT
2026-09-18 10:28:40+00:00,processes,sleeping,147,dbms,09-2026,yugabyte-2026111-vanilla-os-xlarge-xlarge-aws-v2,1,ip-172-31-25-7,ranking,benchANT
2026-09-18 10:28:50+00:00,processes,sleeping,144,dbms,09-2026,yugabyte-2026111-vanilla-os-xlarge-xlarge-aws-v2,1,ip-172-31-25-7,ranking,benchANT
2026-09-18 10:29:00+00:00,processes,sleeping,148,dbms,09-2026,yugabyte-2026111-vanilla-os-xlarge-xlarge-aws-v2,1,ip-172-31-25-7,ranking,benchANT
2026-09-18 10:29:10+00:00,processes,sleeping,147,dbms,09-2026,yugabyte-2026111-vanilla-os-xlarge-xlarge-aws-v2,1,ip-172-31-25-7,ranking,benchANT
2026-09-18 10:29:20+00:00,processes,sleeping,142,dbms,09-2026,yugabyte-2026111-vanilla-os-xlarge-xlarge-aws-v2,1,ip-172-31-25-7,ranking,benchANT
2026-09-18 10:29:30+00:00,processes,sleeping,146,dbms,09-2026,yugabyte-2026111-vanilla-os-xlarge-xlarge-aws-v2,1,ip-172-31-25-7,ranking,benchANT
2026-09-18 10:29:40+00:00,processes,sleeping,148,dbms,09-2026,yugabyte-2026111-vanilla-os-xlarge-xlarge-aws-v2,1,ip-172-31-25-7,ranking,benchANT
2026-09-18 10:29:50+00:00,processes,sleeping,145,dbms,09-2026,yugabyte-2026111-vanilla-os-xlarge-xlarge-aws-v2,1,ip-172-31-25-7,ranking,benchANT
2026-09-18 10:30:00+00:00,processes,sleeping,142,dbms,09-2026,yugabyte-2026111-vanilla-os-xlarge-xlarge-aws-v2,1,ip-172-31-25-7,ranking,benchANT
2026-09-18 10:30:10+00:00,processes,sleeping,144,dbms,09-2026,yugabyte-2026111-vanilla-os-xlarge-xlarge-aws-v2,1,ip-172-31-25-7,ranking,benchANT
2026-09-18 10:30:20+00:00,processes,sleeping,143,dbms,09-2026,yugabyte-2026111-vanilla-os-xlarge-xlarge-aws-v2,1,ip-172-31-25-7,ranking,benchANT
2026-09-18 10:30:30+00:00,processes,sleeping,148,dbms,09-2026,yugabyte-2026111-vanilla-os-xlarge-xlarge-aws-v2,1,ip-172-31-25-7,ranking,benchANT
2026-09-18 10:30:40+00:00,processes,sleeping,91,dbms,09-2026,yugabyte-2026111-vanilla-os-xlarge-xlarge-aws-v2,1,ip-172-31-25-7,ranking,benchANT
2026-09-18 10:30:50+00:00,processes,sleeping,83,dbms,09-2026,yugabyte-2026111-vanilla-os-xlarge-xlarge-aws-v2,1,ip-172-31-25-7,ranking,benchANT
2026-09-18 10:31:00+00:00,processes,sleeping,83,dbms,09-2026,yugabyte-2026111-vanilla-os-xlarge-xlarge-aws-v2,1,ip-172-31-25-7,ranking,benchANT
2026-09-18 10:31:10+00:00,processes,sleeping,83,dbms,09-2026,yugabyte-2026111-vanilla-os-xlarge-xlarge-aws-v2,1,ip-172-31-25-7,ranking,benchANT
2026-09-18 10:31:20+00:00,processes,sleeping,83,dbms,09-2026,yugabyte-2026111-vanilla-os-xlarge-xlarge-aws-v2,1,ip-172-31-25-7,ranking,benchANT
2026-09-18 10:23:00+00:00,processes,stopped,0,dbms,09-2026,yugabyte-2026111-vanilla-os-xlarge-xlarge-aws-v2,1,ip-172-31-25-7,ranking,benchANT
2026-09-18 10:23:10+00:00,processes,stopped,0,dbms,09-2026,yugabyte-2026111-vanilla-os-xlarge-xlarge-aws-v2,1,ip-172-31-25-7,ranking,benchANT
2026-09-18 10:23:20+00:00,processes,stopped,0,dbms,09-2026,yugabyte-2026111-vanilla-os-xlarge-xlarge-aws-v2,1,ip-172-31-25-7,ranking,benchANT
2026-09-18 10:23:30+00:00,processes,stopped,0,dbms,09-2026,yugabyte-2026111-vanilla-os-xlarge-xlarge-aws-v2,1,ip-172-31-25-7,ranking,benchANT
2026-09-18 10:23:40+00:00,processes,stopped,0,dbms,09-2026,yugabyte-2026111-vanilla-os-xlarge-xlarge-aws-v2,1,ip-172-31-25-7,ranking,benchANT
2026-09-18 10:23:50+00:00,processes,stopped,0,dbms,09-2026,yugabyte-2026111-vanilla-os-xlarge-xlarge-aws-v2,1,ip-172-31-25-7,ranking,benchANT
2026-09-18 10:24:00+00:00,processes,stopped,0,dbms,09-2026,yugabyte-2026111-vanilla-os-xlarge-xlarge-aws-v2,1,ip-172-31-25-7,ranking,benchANT
2026-09-18 10:24:10+00:00,processes,stopped,0,dbms,09-2026,yugabyte-2026111-vanilla-os-xlarge-xlarge-aws-v2,1,ip-172-31-25-7,ranking,benchANT
2026-09-18 10:24:20+00:00,processes,stopped,0,dbms,09-2026,yugabyte-2026111-vanilla-os-xlarge-xlarge-aws-v2,1,ip-172-31-25-7,ranking,benchANT
2026-09-18 10:24:30+00:00,processes,stopped,0,dbms,09-2026,yugabyte-2026111-vanilla-os-xlarge-xlarge-aws-v2,1,ip-172-31-25-7,ranking,benchANT
2026-09-18 10:24:40+00:00,processes,stopped,0,dbms,09-2026,yugabyte-2026111-vanilla-os-xlarge-xlarge-aws-v2,1,ip-172-31-25-7,ranking,benchANT
2026-09-18 10:24:50+00:00,processes,stopped,0,dbms,09-2026,yugabyte-2026111-vanilla-os-xlarge-xlarge-aws-v2,1,ip-172-31-25-7,ranking,benchANT
2026-09-18 10:25:00+00:00,processes,stopped,0,dbms,09-2026,yugabyte-2026111-vanilla-os-xlarge-xlarge-aws-v2,1,ip-172-31-25-7,ranking,benchANT
2026-09-18 10:25:10+00:00,processes,stopped,0,dbms,09-2026,yugabyte-2026111-vanilla-os-xlarge-xlarge-aws-v2,1,ip-172-31-25-7,ranking,benchANT
2026-09-18 10:25:20+00:00,processes,stopped,0,dbms,09-2026,yugabyte-2026111-vanilla-os-xlarge-xlarge-aws-v2,1,ip-172-31-25-7,ranking,benchANT
2026-09-18 10:25:30+00:00,processes,stopped,0,dbms,09-2026,yugabyte-2026111-vanilla-os-xlarge-xlarge-aws-v2,1,ip-172-31-25-7,ranking,benchANT
2026-09-18 10:25:40+00:00,processes,stopped,0,dbms,09-2026,yugabyte-2026111-vanilla-os-xlarge-xlarge-aws-v2,1,ip-172-31-25-7,ranking,benchANT
2026-09-18 10:25:50+00:00,processes,stopped,0,dbms,09-2026,yugabyte-2026111-vanilla-os-xlarge-xlarge-aws-v2,1,ip-172-31-25-7,ranking,benchANT
2026-09-18 10:26:00+00:00,processes,stopped,0,dbms,09-2026,yugabyte-2026111-vanilla-os-xlarge-xlarge-aws-v2,1,ip-172-31-25-7,ranking,benchANT
2026-09-18 10:26:10+00:00,processes,stopped,0,dbms,09-2026,yugabyte-2026111-vanilla-os-xlarge-xlarge-aws-v2,1,ip-172-31-25-7,ranking,benchANT
2026-09-18 10:26:20+00:00,processes,stopped,0,dbms,09-2026,yugabyte-2026111-vanilla-os-xlarge-xlarge-aws-v2,1,ip-172-31-25-7,ranking,benchANT
2026-09-18 10:26:30+00:00,processes,stopped,0,dbms,09-2026,yugabyte-2026111-vanilla-os-xlarge-xlarge-aws-v2,1,ip-172-31-25-7,ranking,benchANT
2026-09-18 10:26:40+00:00,processes,stopped,0,dbms,09-2026,yugabyte-2026111-vanilla-os-xlarge-xlarge-aws-v2,1,ip-172-31-25-7,ranking,benchANT
2026-09-18 10:26:50+00:00,processes,stopped,0,dbms,09-2026,yugabyte-2026111-vanilla-os-xlarge-xlarge-aws-v2,1,ip-172-31-25-7,ranking,benchANT
2026-09-18 10:27:00+00:00,processes,stopped,0,dbms,09-2026,yugabyte-2026111-vanilla-os-xlarge-xlarge-aws-v2,1,ip-172-31-25-7,ranking,benchANT
2026-09-18 10:27:10+00:00,processes,stopped,0,dbms,09-2026,yugabyte-2026111-vanilla-os-xlarge-xlarge-aws-v2,1,ip-172-31-25-7,ranking,benchANT
2026-09-18 10:27:20+00:00,processes,stopped,0,dbms,09-2026,yugabyte-2026111-vanilla-os-xlarge-xlarge-aws-v2,1,ip-172-31-25-7,ranking,benchANT
2026-09-18 10:27:30+00:00,processes,stopped,0,dbms,09-2026,yugabyte-2026111-vanilla-os-xlarge-xlarge-aws-v2,1,ip-172-31-25-7,ranking,benchANT
2026-09-18 10:27:40+00:00,processes,stopped,0,dbms,09-2026,yugabyte-2026111-vanilla-os-xlarge-xlarge-aws-v2,1,ip-172-31-25-7,ranking,benchANT
2026-09-18 10:27:50+00:00,processes,stopped,0,dbms,09-2026,yugabyte-2026111-vanilla-os-xlarge-xlarge-aws-v2,1,ip-172-31-25-7,ranking,benchANT
2026-09-18 10:28:00+00:00,processes,stopped,0,dbms,09-2026,yugabyte-2026111-vanilla-os-xlarge-xlarge-aws-v2,1,ip-172-31-25-7,ranking,benchANT
2026-09-18 10:28:10+00:00,processes,stopped,0,dbms,09-2026,yugabyte-2026111-vanilla-os-xlarge-xlarge-aws-v2,1,ip-172-31-25-7,ranking,benchANT
2026-09-18 10:28:20+00:00,processes,stopped,0,dbms,09-2026,yugabyte-2026111-vanilla-os-xlarge-xlarge-aws-v2,1,ip-172-31-25-7,ranking,benchANT
2026-09-18 10:28:30+00:00,processes,stopped,0,dbms,09-2026,yugabyte-2026111-vanilla-os-xlarge-xlarge-aws-v2,1,ip-172-31-25-7,ranking,benchANT
2026-09-18 10:28:40+00:00,processes,stopped,0,dbms,09-2026,yugabyte-2026111-vanilla-os-xlarge-xlarge-aws-v2,1,ip-172-31-25-7,ranking,benchANT
2026-09-18 10:28:50+00:00,processes,stopped,0,dbms,09-2026,yugabyte-2026111-vanilla-os-xlarge-xlarge-aws-v2,1,ip-172-31-25-7,ranking,benchANT
2026-09-18 10:29:00+00:00,processes,stopped,0,dbms,09-2026,yugabyte-2026111-vanilla-os-xlarge-xlarge-aws-v2,1,ip-172-31-25-7,ranking,benchANT
2026-09-18 10:29:10+00:00,processes,stopped,0,dbms,09-2026,yugabyte-2026111-vanilla-os-xlarge-xlarge-aws-v2,1,ip-172-31-25-7,ranking,benchANT
2026-09-18 10:29:20+00:00,processes,stopped,0,dbms,09-2026,yugabyte-2026111-vanilla-os-xlarge-xlarge-aws-v2,1,ip-172-31-25-7,ranking,benchANT
2026-09-18 10:29:30+00:00,processes,stopped,0,dbms,09-2026,yugabyte-2026111-vanilla-os-xlarge-xlarge-aws-v2,1,ip-172-31-25-7,ranking,benchANT
2026-09-18 10:29:40+00:00,processes,stopped,0,dbms,09-2026,yugabyte-2026111-vanilla-os-xlarge-xlarge-aws-v2,1,ip-172-31-25-7,ranking,benchANT
2026-09-18 10:29:50+00:00,processes,stopped,0,dbms,09-2026,yugabyte-2026111-vanilla-os-xlarge-xlarge-aws-v2,1,ip-172-31-25-7,ranking,benchANT
2026-09-18 10:30:00+00:00,processes,stopped,0,dbms,09-2026,yugabyte-2026111-vanilla-os-xlarge-xlarge-aws-v2,1,ip-172-31-25-7,ranking,benchANT
2026-09-18 10:30:10+00:00,processes,stopped,0,dbms,09-2026,yugabyte-2026111-vanilla-os-xlarge-xlarge-aws-v2,1,ip-172-31-25-7,ranking,benchANT
2026-09-18 10:30:20+00:00,processes,stopped,0,dbms,09-2026,yugabyte-2026111-vanilla-os-xlarge-xlarge-aws-v2,1,ip-172-31-25-7,ranking,benchANT
2026-09-18 10:30:30+00:00,processes,stopped,0,dbms,09-2026,yugabyte-2026111-vanilla-os-xlarge-xlarge-aws-v2,1,ip-172-31-25-7,ranking,benchANT
2026-09-18 10:30:40+00:00,processes,stopped,0,dbms,09-2026,yugabyte-2026111-vanilla-os-xlarge-xlarge-aws-v2,1,ip-172-31-25-7,ranking,benchANT
2026-09-18 10:30:50+00:00,processes,stopped,0,dbms,09-2026,yugabyte-2026111-vanilla-os-xlarge-xlarge-aws-v2,1,ip-172-31-25-7,ranking,benchANT
2026-09-18 10:31:00+00:00,processes,stopped,0,dbms,09-2026,yugabyte-2026111-vanilla-os-xlarge-xlarge-aws-v2,1,ip-172-31-25-7,ranking,benchANT
2026-09-18 10:31:10+00:00,processes,stopped,0,dbms,09-2026,yugabyte-2026111-vanilla-os-xlarge-xlarge-aws-v2,1,ip-172-31-25-7,ranking,benchANT
2026-09-18 10:31:20+00:00,processes,stopped,0,dbms,09-2026,yugabyte-2026111-vanilla-os-xlarge-xlarge-aws-v2,1,ip-172-31-25-7,ranking,benchANT
2026-09-18 10:23:00+00:00,processes,total,229,dbms,09-2026,yugabyte-2026111-vanilla-os-xlarge-xlarge-aws-v2,1,ip-172-31-25-7,ranking,benchANT
2026-09-18 10:23:10+00:00,processes,total,229,dbms,09-2026,yugabyte-2026111-vanilla-os-xlarge-xlarge-aws-v2,1,ip-172-31-25-7,ranking,benchANT
2026-09-18 10:23:20+00:00,processes,total,229,dbms,09-2026,yugabyte-2026111-vanilla-os-xlarge-xlarge-aws-v2,1,ip-172-31-25-7,ranking,benchANT
2026-09-18 10:23:30+00:00,processes,total,229,dbms,09-2026,yugabyte-2026111-vanilla-os-xlarge-xlarge-aws-v2,1,ip-172-31-25-7,ranking,benchANT
2026-09-18 10:23:40+00:00,processes,total,229,dbms,09-2026,yugabyte-2026111-vanilla-os-xlarge-xlarge-aws-v2,1,ip-172-31-25-7,ranking,benchANT
2026-09-18 10:23:50+00:00,processes,total,229,dbms,09-2026,yugabyte-2026111-vanilla-os-xlarge-xlarge-aws-v2,1,ip-172-31-25-7,ranking,benchANT
2026-09-18 10:24:00+00:00,processes,total,229,dbms,09-2026,yugabyte-2026111-vanilla-os-xlarge-xlarge-aws-v2,1,ip-172-31-25-7,ranking,benchANT
2026-09-18 10:24:10+00:00,processes,total,229,dbms,09-2026,yugabyte-2026111-vanilla-os-xlarge-xlarge-aws-v2,1,ip-172-31-25-7,ranking,benchANT
2026-09-18 10:24:20+00:00,processes,total,229,dbms,09-2026,yugabyte-2026111-vanilla-os-xlarge-xlarge-aws-v2,1,ip-172-31-25-7,ranking,benchANT
2026-09-18 10:24:30+00:00,processes,total,229,dbms,09-2026,yugabyte-2026111-vanilla-os-xlarge-xlarge-aws-v2,1,ip-172-31-25-7,ranking,benchANT
2026-09-18 10:24:40+00:00,processes,total,229,dbms,09-2026,yugabyte-2026111-vanilla-os-xlarge-xlarge-aws-v2,1,ip-172-31-25-7,ranking,benchANT
2026-09-18 10:24:50+00:00,processes,total,229,dbms,09-2026,yugabyte-2026111-vanilla-os-xlarge-xlarge-aws-v2,1,ip-172-31-25-7,ranking,benchANT
2026-09-18 10:25:00+00:00,processes,total,229,dbms,09-2026,yugabyte-2026111-vanilla-os-xlarge-xlarge-aws-v2,1,ip-172-31-25-7,ranking,benchANT
2026-09-18 10:25:10+00:00,processes,total,227,dbms,09-2026,yugabyte-2026111-vanilla-os-xlarge-xlarge-aws-v2,1,ip-172-31-25-7,ranking,benchANT
2026-09-18 10:25:20+00:00,processes,total,226,dbms,09-2026,yugabyte-2026111-vanilla-os-xlarge-xlarge-aws-v2,1,ip-172-31-25-7,ranking,benchANT
2026-09-18 10:25:30+00:00,processes,total,226,dbms,09-2026,yugabyte-2026111-vanilla-os-xlarge-xlarge-aws-v2,1,ip-172-31-25-7,ranking,benchANT
2026-09-18 10:25:40+00:00,processes,total,227,dbms,09-2026,yugabyte-2026111-vanilla-os-xlarge-xlarge-aws-v2,1,ip-172-31-25-7,ranking,benchANT
2026-09-18 10:25:50+00:00,processes,total,227,dbms,09-2026,yugabyte-2026111-vanilla-os-xlarge-xlarge-aws-v2,1,ip-172-31-25-7,ranking,benchANT
2026-09-18 10:26:00+00:00,processes,total,227,dbms,09-2026,yugabyte-2026111-vanilla-os-xlarge-xlarge-aws-v2,1,ip-172-31-25-7,ranking,benchANT
2026-09-18 10:26:10+00:00,processes,total,227,dbms,09-2026,yugabyte-2026111-vanilla-os-xlarge-xlarge-aws-v2,1,ip-172-31-25-7,ranking,benchANT
2026-09-18 10:26:20+00:00,processes,total,227,dbms,09-2026,yugabyte-2026111-vanilla-os-xlarge-xlarge-aws-v2,1,ip-172-31-25-7,ranking,benchANT
2026-09-18 10:26:30+00:00,processes,total,229,dbms,09-2026,yugabyte-2026111-vanilla-os-xlarge-xlarge-aws-v2,1,ip-172-31-25-7,ranking,benchANT
2026-09-18 10:26:40+00:00,processes,total,227,dbms,09-2026,yugabyte-2026111-vanilla-os-xlarge-xlarge-aws-v2,1,ip-172-31-25-7,ranking,benchANT
2026-09-18 10:26:50+00:00,processes,total,227,dbms,09-2026,yugabyte-2026111-vanilla-os-xlarge-xlarge-aws-v2,1,ip-172-31-25-7,ranking,benchANT
2026-09-18 10:27:00+00:00,processes,total,227,dbms,09-2026,yugabyte-2026111-vanilla-os-xlarge-xlarge-aws-v2,1,ip-172-31-25-7,ranking,benchANT
2026-09-18 10:27:10+00:00,processes,total,227,dbms,09-2026,yugabyte-2026111-vanilla-os-xlarge-xlarge-aws-v2,1,ip-172-31-25-7,ranking,benchANT
2026-09-18 10:27:20+00:00,processes,total,227,dbms,09-2026,yugabyte-2026111-vanilla-os-xlarge-xlarge-aws-v2,1,ip-172-31-25-7,ranking,benchANT
2026-09-18 10:27:30+00:00,processes,total,227,dbms,09-2026,yugabyte-2026111-vanilla-os-xlarge-xlarge-aws-v2,1,ip-172-31-25-7,ranking,benchANT
2026-09-18 10:27:40+00:00,processes,total,227,dbms,09-2026,yugabyte-2026111-vanilla-os-xlarge-xlarge-aws-v2,1,ip-172-31-25-7,ranking,benchANT
2026-09-18 10:27:50+00:00,processes,total,227,dbms,09-2026,yugabyte-2026111-vanilla-os-xlarge-xlarge-aws-v2,1,ip-172-31-25-7,ranking,benchANT
2026-09-18 10:28:00+00:00,processes,total,227,dbms,09-2026,yugabyte-2026111-vanilla-os-xlarge-xlarge-aws-v2,1,ip-172-31-25-7,ranking,benchANT
2026-09-18 10:28:10+00:00,processes,total,227,dbms,09-2026,yugabyte-2026111-vanilla-os-xlarge-xlarge-aws-v2,1,ip-172-31-25-7,ranking,benchANT
2026-09-18 10:28:20+00:00,processes,total,227,dbms,09-2026,yugabyte-2026111-vanilla-os-xlarge-xlarge-aws-v2,1,ip-172-31-25-7,ranking,benchANT
2026-09-18 10:28:30+00:00,processes,total,227,dbms,09-2026,yugabyte-2026111-vanilla-os-xlarge-xlarge-aws-v2,1,ip-172-31-25-7,ranking,benchANT
2026-09-18 10:28:40+00:00,processes,total,227,dbms,09-2026,yugabyte-2026111-vanilla-os-xlarge-xlarge-aws-v2,1,ip-172-31-25-7,ranking,benchANT
2026-09-18 10:28:50+00:00,processes,total,227,dbms,09-2026,yugabyte-2026111-vanilla-os-xlarge-xlarge-aws-v2,1,ip-172-31-25-7,ranking,benchANT
2026-09-18 10:29:00+00:00,processes,total,227,dbms,09-2026,yugabyte-2026111-vanilla-os-xlarge-xlarge-aws-v2,1,ip-172-31-25-7,ranking,benchANT
2026-09-18 10:29:10+00:00,processes,total,227,dbms,09-2026,yugabyte-2026111-vanilla-os-xlarge-xlarge-aws-v2,1,ip-172-31-25-7,ranking,benchANT
2026-09-18 10:29:20+00:00,processes,total,227,dbms,09-2026,yugabyte-2026111-vanilla-os-xlarge-xlarge-aws-v2,1,ip-172-31-25-7,ranking,benchANT
2026-09-18 10:29:30+00:00,processes,total,227,dbms,09-2026,yugabyte-2026111-vanilla-os-xlarge-xlarge-aws-v2,1,ip-172-31-25-7,ranking,benchANT
2026-09-18 10:29:40+00:00,processes,total,227,dbms,09-2026,yugabyte-2026111-vanilla-os-xlarge-xlarge-aws-v2,1,ip-172-31-25-7,ranking,benchANT
2026-09-18 10:29:50+00:00,processes,total,227,dbms,09-2026,yugabyte-2026111-vanilla-os-xlarge-xlarge-aws-v2,1,ip-172-31-25-7,ranking,benchANT
2026-09-18 10:30:00+00:00,processes,total,227,dbms,09-2026,yugabyte-2026111-vanilla-os-xlarge-xlarge-aws-v2,1,ip-172-31-25-7,ranking,benchANT
2026-09-18 10:30:10+00:00,processes,total,227,dbms,09-2026,yugabyte-2026111-vanilla-os-xlarge-xlarge-aws-v2,1,ip-172-31-25-7,ranking,benchANT
2026-09-18 10:30:20+00:00,processes,total,228,dbms,09-2026,yugabyte-2026111-vanilla-os-xlarge-xlarge-aws-v2,1,ip-172-31-25-7,ranking,benchANT
2026-09-18 10:30:30+00:00,processes,total,228,dbms,09-2026,yugabyte-2026111-vanilla-os-xlarge-xlarge-aws-v2,1,ip-172-31-25-7,ranking,benchANT
2026-09-18 10:30:40+00:00,processes,total,168,dbms,09-2026,yugabyte-2026111-vanilla-os-xlarge-xlarge-aws-v2,1,ip-172-31-25-7,ranking,benchANT
2026-09-18 10:30:50+00:00,processes,total,160,dbms,09-2026,yugabyte-2026111-vanilla-os-xlarge-xlarge-aws-v2,1,ip-172-31-25-7,ranking,benchANT
2026-09-18 10:31:00+00:00,processes,total,161,dbms,09-2026,yugabyte-2026111-vanilla-os-xlarge-xlarge-aws-v2,1,ip-172-31-25-7,ranking,benchANT
2026-09-18 10:31:10+00:00,processes,total,161,dbms,09-2026,yugabyte-2026111-vanilla-os-xlarge-xlarge-aws-v2,1,ip-172-31-25-7,ranking,benchANT
2026-09-18 10:31:20+00:00,processes,total,161,dbms,09-2026,yugabyte-2026111-vanilla-os-xlarge-xlarge-aws-v2,1,ip-172-31-25-7,ranking,benchANT
2026-09-18 10:23:00+00:00,processes,total_threads,1005,dbms,09-2026,yugabyte-2026111-vanilla-os-xlarge-xlarge-aws-v2,1,ip-172-31-25-7,ranking,benchANT
2026-09-18 10:23:10+00:00,processes,total_threads,1017,dbms,09-2026,yugabyte-2026111-vanilla-os-xlarge-xlarge-aws-v2,1,ip-172-31-25-7,ranking,benchANT
2026-09-18 10:23:20+00:00,processes,total_threads,1022,dbms,09-2026,yugabyte-2026111-vanilla-os-xlarge-xlarge-aws-v2,1,ip-172-31-25-7,ranking,benchANT
2026-09-18 10:23:30+00:00,processes,total_threads,1032,dbms,09-2026,yugabyte-2026111-vanilla-os-xlarge-xlarge-aws-v2,1,ip-172-31-25-7,ranking,benchANT
2026-09-18 10:23:40+00:00,processes,total_threads,1035,dbms,09-2026,yugabyte-2026111-vanilla-os-xlarge-xlarge-aws-v2,1,ip-172-31-25-7,ranking,benchANT
2026-09-18 10:23:50+00:00,processes,total_threads,1026,dbms,09-2026,yugabyte-2026111-vanilla-os-xlarge-xlarge-aws-v2,1,ip-172-31-25-7,ranking,benchANT
2026-09-18 10:24:00+00:00,processes,total_threads,1034,dbms,09-2026,yugabyte-2026111-vanilla-os-xlarge-xlarge-aws-v2,1,ip-172-31-25-7,ranking,benchANT
2026-09-18 10:24:10+00:00,processes,total_threads,1033,dbms,09-2026,yugabyte-2026111-vanilla-os-xlarge-xlarge-aws-v2,1,ip-172-31-25-7,ranking,benchANT
2026-09-18 10:24:20+00:00,processes,total_threads,1036,dbms,09-2026,yugabyte-2026111-vanilla-os-xlarge-xlarge-aws-v2,1,ip-172-31-25-7,ranking,benchANT
2026-09-18 10:24:30+00:00,processes,total_threads,1027,dbms,09-2026,yugabyte-2026111-vanilla-os-xlarge-xlarge-aws-v2,1,ip-172-31-25-7,ranking,benchANT
2026-09-18 10:24:40+00:00,processes,total_threads,1024,dbms,09-2026,yugabyte-2026111-vanilla-os-xlarge-xlarge-aws-v2,1,ip-172-31-25-7,ranking,benchANT
2026-09-18 10:24:50+00:00,processes,total_threads,1027,dbms,09-2026,yugabyte-2026111-vanilla-os-xlarge-xlarge-aws-v2,1,ip-172-31-25-7,ranking,benchANT
2026-09-18 10:25:00+00:00,processes,total_threads,1032,dbms,09-2026,yugabyte-2026111-vanilla-os-xlarge-xlarge-aws-v2,1,ip-172-31-25-7,ranking,benchANT
2026-09-18 10:25:10+00:00,processes,total_threads,1024,dbms,09-2026,yugabyte-2026111-vanilla-os-xlarge-xlarge-aws-v2,1,ip-172-31-25-7,ranking,benchANT
2026-09-18 10:25:20+00:00,processes,total_threads,1026,dbms,09-2026,yugabyte-2026111-vanilla-os-xlarge-xlarge-aws-v2,1,ip-172-31-25-7,ranking,benchANT
2026-09-18 10:25:30+00:00,processes,total_threads,1025,dbms,09-2026,yugabyte-2026111-vanilla-os-xlarge-xlarge-aws-v2,1,ip-172-31-25-7,ranking,benchANT
2026-09-18 10:25:40+00:00,processes,total_threads,1022,dbms,09-2026,yugabyte-2026111-vanilla-os-xlarge-xlarge-aws-v2,1,ip-172-31-25-7,ranking,benchANT
2026-09-18 10:25:50+00:00,processes,total_threads,1036,dbms,09-2026,yugabyte-2026111-vanilla-os-xlarge-xlarge-aws-v2,1,ip-172-31-25-7,ranking,benchANT
2026-09-18 10:26:00+00:00,processes,total_threads,1032,dbms,09-2026,yugabyte-2026111-vanilla-os-xlarge-xlarge-aws-v2,1,ip-172-31-25-7,ranking,benchANT
2026-09-18 10:26:10+00:00,processes,total_threads,1034,dbms,09-2026,yugabyte-2026111-vanilla-os-xlarge-xlarge-aws-v2,1,ip-172-31-25-7,ranking,benchANT
2026-09-18 10:26:20+00:00,processes,total_threads,1020,dbms,09-2026,yugabyte-2026111-vanilla-os-xlarge-xlarge-aws-v2,1,ip-172-31-25-7,ranking,benchANT
2026-09-18 10:26:30+00:00,processes,total_threads,1019,dbms,09-2026,yugabyte-2026111-vanilla-os-xlarge-xlarge-aws-v2,1,ip-172-31-25-7,ranking,benchANT
2026-09-18 10:26:40+00:00,processes,total_threads,1015,dbms,09-2026,yugabyte-2026111-vanilla-os-xlarge-xlarge-aws-v2,1,ip-172-31-25-7,ranking,benchANT
2026-09-18 10:26:50+00:00,processes,total_threads,1020,dbms,09-2026,yugabyte-2026111-vanilla-os-xlarge-xlarge-aws-v2,1,ip-172-31-25-7,ranking,benchANT
2026-09-18 10:27:00+00:00,processes,total_threads,1022,dbms,09-2026,yugabyte-2026111-vanilla-os-xlarge-xlarge-aws-v2,1,ip-172-31-25-7,ranking,benchANT
2026-09-18 10:27:10+00:00,processes,total_threads,1023,dbms,09-2026,yugabyte-2026111-vanilla-os-xlarge-xlarge-aws-v2,1,ip-172-31-25-7,ranking,benchANT
2026-09-18 10:27:20+00:00,processes,total_threads,1047,dbms,09-2026,yugabyte-2026111-vanilla-os-xlarge-xlarge-aws-v2,1,ip-172-31-25-7,ranking,benchANT
2026-09-18 10:27:30+00:00,processes,total_threads,1047,dbms,09-2026,yugabyte-2026111-vanilla-os-xlarge-xlarge-aws-v2,1,ip-172-31-25-7,ranking,benchANT
2026-09-18 10:27:40+00:00,processes,total_threads,1015,dbms,09-2026,yugabyte-2026111-vanilla-os-xlarge-xlarge-aws-v2,1,ip-172-31-25-7,ranking,benchANT
2026-09-18 10:27:50+00:00,processes,total_threads,1013,dbms,09-2026,yugabyte-2026111-vanilla-os-xlarge-xlarge-aws-v2,1,ip-172-31-25-7,ranking,benchANT
2026-09-18 10:28:00+00:00,processes,total_threads,1017,dbms,09-2026,yugabyte-2026111-vanilla-os-xlarge-xlarge-aws-v2,1,ip-172-31-25-7,ranking,benchANT
2026-09-18 10:28:10+00:00,processes,total_threads,1013,dbms,09-2026,yugabyte-2026111-vanilla-os-xlarge-xlarge-aws-v2,1,ip-172-31-25-7,ranking,benchANT
2026-09-18 10:28:20+00:00,processes,total_threads,1013,dbms,09-2026,yugabyte-2026111-vanilla-os-xlarge-xlarge-aws-v2,1,ip-172-31-25-7,ranking,benchANT
2026-09-18 10:28:30+00:00,processes,total_threads,1027,dbms,09-2026,yugabyte-2026111-vanilla-os-xlarge-xlarge-aws-v2,1,ip-172-31-25-7,ranking,benchANT
2026-09-18 10:28:40+00:00,processes,total_threads,1025,dbms,09-2026,yugabyte-2026111-vanilla-os-xlarge-xlarge-aws-v2,1,ip-172-31-25-7,ranking,benchANT
2026-09-18 10:28:50+00:00,processes,total_threads,1026,dbms,09-2026,yugabyte-2026111-vanilla-os-xlarge-xlarge-aws-v2,1,ip-172-31-25-7,ranking,benchANT
2026-09-18 10:29:00+00:00,processes,total_threads,1022,dbms,09-2026,yugabyte-2026111-vanilla-os-xlarge-xlarge-aws-v2,1,ip-172-31-25-7,ranking,benchANT
2026-09-18 10:29:10+00:00,processes,total_threads,1019,dbms,09-2026,yugabyte-2026111-vanilla-os-xlarge-xlarge-aws-v2,1,ip-172-31-25-7,ranking,benchANT
2026-09-18 10:29:20+00:00,processes,total_threads,1021,dbms,09-2026,yugabyte-2026111-vanilla-os-xlarge-xlarge-aws-v2,1,ip-172-31-25-7,ranking,benchANT
2026-09-18 10:29:30+00:00,processes,total_threads,1022,dbms,09-2026,yugabyte-2026111-vanilla-os-xlarge-xlarge-aws-v2,1,ip-172-31-25-7,ranking,benchANT
2026-09-18 10:29:40+00:00,processes,total_threads,1022,dbms,09-2026,yugabyte-2026111-vanilla-os-xlarge-xlarge-aws-v2,1,ip-172-31-25-7,ranking,benchANT
2026-09-18 10:29:50+00:00,processes,total_threads,1021,dbms,09-2026,yugabyte-2026111-vanilla-os-xlarge-xlarge-aws-v2,1,ip-172-31-25-7,ranking,benchANT
2026-09-18 10:30:00+00:00,processes,total_threads,1033,dbms,09-2026,yugabyte-2026111-vanilla-os-xlarge-xlarge-aws-v2,1,ip-172-31-25-7,ranking,benchANT
2026-09-18 10:30:10+00:00,processes,total_threads,1034,dbms,09-2026,yugabyte-2026111-vanilla-os-xlarge-xlarge-aws-v2,1,ip-172-31-25-7,ranking,benchANT
2026-09-18 10:30:20+00:00,processes,total_threads,1029,dbms,09-2026,yugabyte-2026111-vanilla-os-xlarge-xlarge-aws-v2,1,ip-172-31-25-7,ranking,benchANT
2026-09-18 10:30:30+00:00,processes,total_threads,1035,dbms,09-2026,yugabyte-2026111-vanilla-os-xlarge-xlarge-aws-v2,1,ip-172-31-25-7,ranking,benchANT
2026-09-18 10:30:40+00:00,processes,total_threads,451,dbms,09-2026,yugabyte-2026111-vanilla-os-xlarge-xlarge-aws-v2,1,ip-172-31-25-7,ranking,benchANT
2026-09-18 10:30:50+00:00,processes,total_threads,334,dbms,09-2026,yugabyte-2026111-vanilla-os-xlarge-xlarge-aws-v2,1,ip-172-31-25-7,ranking,benchANT
2026-09-18 10:31:00+00:00,processes,total_threads,315,dbms,09-2026,yugabyte-2026111-vanilla-os-xlarge-xlarge-aws-v2,1,ip-172-31-25-7,ranking,benchANT
2026-09-18 10:31:10+00:00,processes,total_threads,309,dbms,09-2026,yugabyte-2026111-vanilla-os-xlarge-xlarge-aws-v2,1,ip-172-31-25-7,ranking,benchANT
2026-09-18 10:31:20+00:00,processes,total_threads,299,dbms,09-2026,yugabyte-2026111-vanilla-os-xlarge-xlarge-aws-v2,1,ip-172-31-25-7,ranking,benchANT
2026-09-18 10:23:00+00:00,processes,unknown,0,dbms,09-2026,yugabyte-2026111-vanilla-os-xlarge-xlarge-aws-v2,1,ip-172-31-25-7,ranking,benchANT
2026-09-18 10:23:10+00:00,processes,unknown,0,dbms,09-2026,yugabyte-2026111-vanilla-os-xlarge-xlarge-aws-v2,1,ip-172-31-25-7,ranking,benchANT
2026-09-18 10:23:20+00:00,processes,unknown,0,dbms,09-2026,yugabyte-2026111-vanilla-os-xlarge-xlarge-aws-v2,1,ip-172-31-25-7,ranking,benchANT
2026-09-18 10:23:30+00:00,processes,unknown,0,dbms,09-2026,yugabyte-2026111-vanilla-os-xlarge-xlarge-aws-v2,1,ip-172-31-25-7,ranking,benchANT
2026-09-18 10:23:40+00:00,processes,unknown,0,dbms,09-2026,yugabyte-2026111-vanilla-os-xlarge-xlarge-aws-v2,1,ip-172-31-25-7,ranking,benchANT
2026-09-18 10:23:50+00:00,processes,unknown,0,dbms,09-2026,yugabyte-2026111-vanilla-os-xlarge-xlarge-aws-v2,1,ip-172-31-25-7,ranking,benchANT
2026-09-18 10:24:00+00:00,processes,unknown,0,dbms,09-2026,yugabyte-2026111-vanilla-os-xlarge-xlarge-aws-v2,1,ip-172-31-25-7,ranking,benchANT
2026-09-18 10:24:10+00:00,processes,unknown,0,dbms,09-2026,yugabyte-2026111-vanilla-os-xlarge-xlarge-aws-v2,1,ip-172-31-25-7,ranking,benchANT
2026-09-18 10:24:20+00:00,processes,unknown,0,dbms,09-2026,yugabyte-2026111-vanilla-os-xlarge-xlarge-aws-v2,1,ip-172-31-25-7,ranking,benchANT
2026-09-18 10:24:30+00:00,processes,unknown,0,dbms,09-2026,yugabyte-2026111-vanilla-os-xlarge-xlarge-aws-v2,1,ip-172-31-25-7,ranking,benchANT
2026-09-18 10:24:40+00:00,processes,unknown,0,dbms,09-2026,yugabyte-2026111-vanilla-os-xlarge-xlarge-aws-v2,1,ip-172-31-25-7,ranking,benchANT
2026-09-18 10:24:50+00:00,processes,unknown,0,dbms,09-2026,yugabyte-2026111-vanilla-os-xlarge-xlarge-aws-v2,1,ip-172-31-25-7,ranking,benchANT
2026-09-18 10:25:00+00:00,processes,unknown,0,dbms,09-2026,yugabyte-2026111-vanilla-os-xlarge-xlarge-aws-v2,1,ip-172-31-25-7,ranking,benchANT
2026-09-18 10:25:10+00:00,processes,unknown,0,dbms,09-2026,yugabyte-2026111-vanilla-os-xlarge-xlarge-aws-v2,1,ip-172-31-25-7,ranking,benchANT
2026-09-18 10:25:20+00:00,processes,unknown,0,dbms,09-2026,yugabyte-2026111-vanilla-os-xlarge-xlarge-aws-v2,1,ip-172-31-25-7,ranking,benchANT
2026-09-18 10:25:30+00:00,processes,unknown,0,dbms,09-2026,yugabyte-2026111-vanilla-os-xlarge-xlarge-aws-v2,1,ip-172-31-25-7,ranking,benchANT
2026-09-18 10:25:40+00:00,processes,unknown,0,dbms,09-2026,yugabyte-2026111-vanilla-os-xlarge-xlarge-aws-v2,1,ip-172-31-25-7,ranking,benchANT
2026-09-18 10:25:50+00:00,processes,unknown,0,dbms,09-2026,yugabyte-2026111-vanilla-os-xlarge-xlarge-aws-v2,1,ip-172-31-25-7,ranking,benchANT
2026-09-18 10:26:00+00:00,processes,unknown,0,dbms,09-2026,yugabyte-2026111-vanilla-os-xlarge-xlarge-aws-v2,1,ip-172-31-25-7,ranking,benchANT
2026-09-18 10:26:10+00:00,processes,unknown,0,dbms,09-2026,yugabyte-2026111-vanilla-os-xlarge-xlarge-aws-v2,1,ip-172-31-25-7,ranking,benchANT
2026-09-18 10:26:20+00:00,processes,unknown,0,dbms,09-2026,yugabyte-2026111-vanilla-os-xlarge-xlarge-aws-v2,1,ip-172-31-25-7,ranking,benchANT
2026-09-18 10:26:30+00:00,processes,unknown,0,dbms,09-2026,yugabyte-2026111-vanilla-os-xlarge-xlarge-aws-v2,1,ip-172-31-25-7,ranking,benchANT
2026-09-18 10:26:40+00:00,processes,unknown,0,dbms,09-2026,yugabyte-2026111-vanilla-os-xlarge-xlarge-aws-v2,1,ip-172-31-25-7,ranking,benchANT
2026-09-18 10:26:50+00:00,processes,unknown,0,dbms,09-2026,yugabyte-2026111-vanilla-os-xlarge-xlarge-aws-v2,1,ip-172-31-25-7,ranking,benchANT
2026-09-18 10:27:00+00:00,processes,unknown,0,dbms,09-2026,yugabyte-2026111-vanilla-os-xlarge-xlarge-aws-v2,1,ip-172-31-25-7,ranking,benchANT
2026-09-18 10:27:10+00:00,processes,unknown,0,dbms,09-2026,yugabyte-2026111-vanilla-os-xlarge-xlarge-aws-v2,1,ip-172-31-25-7,ranking,benchANT
2026-09-18 10:27:20+00:00,processes,unknown,0,dbms,09-2026,yugabyte-2026111-vanilla-os-xlarge-xlarge-aws-v2,1,ip-172-31-25-7,ranking,benchANT
2026-09-18 10:27:30+00:00,processes,unknown,0,dbms,09-2026,yugabyte-2026111-vanilla-os-xlarge-xlarge-aws-v2,1,ip-172-31-25-7,ranking,benchANT
2026-09-18 10:27:40+00:00,processes,unknown,0,dbms,09-2026,yugabyte-2026111-vanilla-os-xlarge-xlarge-aws-v2,1,ip-172-31-25-7,ranking,benchANT
2026-09-18 10:27:50+00:00,processes,unknown,0,dbms,09-2026,yugabyte-2026111-vanilla-os-xlarge-xlarge-aws-v2,1,ip-172-31-25-7,ranking,benchANT
2026-09-18 10:28:00+00:00,processes,unknown,0,dbms,09-2026,yugabyte-2026111-vanilla-os-xlarge-xlarge-aws-v2,1,ip-172-31-25-7,ranking,benchANT
2026-09-18 10:28:10+00:00,processes,unknown,0,dbms,09-2026,yugabyte-2026111-vanilla-os-xlarge-xlarge-aws-v2,1,ip-172-31-25-7,ranking,benchANT
2026-09-18 10:28:20+00:00,processes,unknown,0,dbms,09-2026,yugabyte-2026111-vanilla-os-xlarge-xlarge-aws-v2,1,ip-172-31-25-7,ranking,benchANT
2026-09-18 10:28:30+00:00,processes,unknown,0,dbms,09-2026,yugabyte-2026111-vanilla-os-xlarge-xlarge-aws-v2,1,ip-172-31-25-7,ranking,benchANT
2026-09-18 10:28:40+00:00,processes,unknown,0,dbms,09-2026,yugabyte-2026111-vanilla-os-xlarge-xlarge-aws-v2,1,ip-172-31-25-7,ranking,benchANT
2026-09-18 10:28:50+00:00,processes,unknown,0,dbms,09-2026,yugabyte-2026111-vanilla-os-xlarge-xlarge-aws-v2,1,ip-172-31-25-7,ranking,benchANT
2026-09-18 10:29:00+00:00,processes,unknown,0,dbms,09-2026,yugabyte-2026111-vanilla-os-xlarge-xlarge-aws-v2,1,ip-172-31-25-7,ranking,benchANT
2026-09-18 10:29:10+00:00,processes,unknown,0,dbms,09-2026,yugabyte-2026111-vanilla-os-xlarge-xlarge-aws-v2,1,ip-172-31-25-7,ranking,benchANT
2026-09-18 10:29:20+00:00,processes,unknown,0,dbms,09-2026,yugabyte-2026111-vanilla-os-xlarge-xlarge-aws-v2,1,ip-172-31-25-7,ranking,benchANT
2026-09-18 10:29:30+00:00,processes,unknown,0,dbms,09-2026,yugabyte-2026111-vanilla-os-xlarge-xlarge-aws-v2,1,ip-172-31-25-7,ranking,benchANT
2026-09-18 10:29:40+00:00,processes,unknown,0,dbms,09-2026,yugabyte-2026111-vanilla-os-xlarge-xlarge-aws-v2,1,ip-172-31-25-7,ranking,benchANT
2026-09-18 10:29:50+00:00,processes,unknown,0,dbms,09-2026,yugabyte-2026111-vanilla-os-xlarge-xlarge-aws-v2,1,ip-172-31-25-7,ranking,benchANT
2026-09-18 10:30:00+00:00,processes,unknown,0,dbms,09-2026,yugabyte-2026111-vanilla-os-xlarge-xlarge-aws-v2,1,ip-172-31-25-7,ranking,benchANT
2026-09-18 10:30:10+00:00,processes,unknown,0,dbms,09-2026,yugabyte-2026111-vanilla-os-xlarge-xlarge-aws-v2,1,ip-172-31-25-7,ranking,benchANT
2026-09-18 10:30:20+00:00,processes,unknown,0,dbms,09-2026,yugabyte-2026111-vanilla-os-xlarge-xlarge-aws-v2,1,ip-172-31-25-7,ranking,benchANT
2026-09-18 10:30:30+00:00,processes,unknown,0,dbms,09-2026,yugabyte-2026111-vanilla-os-xlarge-xlarge-aws-v2,1,ip-172-31-25-7,ranking,benchANT
2026-09-18 10:30:40+00:00,processes,unknown,0,dbms,09-2026,yugabyte-2026111-vanilla-os-xlarge-xlarge-aws-v2,1,ip-172-31-25-7,ranking,benchANT
2026-09-18 10:30:50+00:00,processes,unknown,0,dbms,09-2026,yugabyte-2026111-vanilla-os-xlarge-xlarge-aws-v2,1,ip-172-31-25-7,ranking,benchANT
2026-09-18 10:31:00+00:00,processes,unknown,0,dbms,09-2026,yugabyte-2026111-vanilla-os-xlarge-xlarge-aws-v2,1,ip-172-31-25-7,ranking,benchANT
2026-09-18 10:31:10+00:00,processes,unknown,0,dbms,09-2026,yugabyte-2026111-vanilla-os-xlarge-xlarge-aws-v2,1,ip-172-31-25-7,ranking,benchANT
2026-09-18 10:31:20+00:00,processes,unknown,0,dbms,09-2026,yugabyte-2026111-vanilla-os-xlarge-xlarge-aws-v2,1,ip-172-31-25-7,ranking,benchANT
2026-09-18 10:23:00+00:00,processes,zombies,0,dbms,09-2026,yugabyte-2026111-vanilla-os-xlarge-xlarge-aws-v2,1,ip-172-31-25-7,ranking,benchANT
2026-09-18 10:23:10+00:00,processes,zombies,0,dbms,09-2026,yugabyte-2026111-vanilla-os-xlarge-xlarge-aws-v2,1,ip-172-31-25-7,ranking,benchANT
2026-09-18 10:23:20+00:00,processes,zombies,0,dbms,09-2026,yugabyte-2026111-vanilla-os-xlarge-xlarge-aws-v2,1,ip-172-31-25-7,ranking,benchANT
2026-09-18 10:23:30+00:00,processes,zombies,0,dbms,09-2026,yugabyte-2026111-vanilla-os-xlarge-xlarge-aws-v2,1,ip-172-31-25-7,ranking,benchANT
2026-09-18 10:23:40+00:00,processes,zombies,0,dbms,09-2026,yugabyte-2026111-vanilla-os-xlarge-xlarge-aws-v2,1,ip-172-31-25-7,ranking,benchANT
2026-09-18 10:23:50+00:00,processes,zombies,0,dbms,09-2026,yugabyte-2026111-vanilla-os-xlarge-xlarge-aws-v2,1,ip-172-31-25-7,ranking,benchANT
2026-09-18 10:24:00+00:00,processes,zombies,0,dbms,09-2026,yugabyte-2026111-vanilla-os-xlarge-xlarge-aws-v2,1,ip-172-31-25-7,ranking,benchANT
2026-09-18 10:24:10+00:00,processes,zombies,0,dbms,09-2026,yugabyte-2026111-vanilla-os-xlarge-xlarge-aws-v2,1,ip-172-31-25-7,ranking,benchANT
2026-09-18 10:24:20+00:00,processes,zombies,0,dbms,09-2026,yugabyte-2026111-vanilla-os-xlarge-xlarge-aws-v2,1,ip-172-31-25-7,ranking,benchANT
2026-09-18 10:24:30+00:00,processes,zombies,0,dbms,09-2026,yugabyte-2026111-vanilla-os-xlarge-xlarge-aws-v2,1,ip-172-31-25-7,ranking,benchANT
2026-09-18 10:24:40+00:00,processes,zombies,0,dbms,09-2026,yugabyte-2026111-vanilla-os-xlarge-xlarge-aws-v2,1,ip-172-31-25-7,ranking,benchANT
2026-09-18 10:24:50+00:00,processes,zombies,0,dbms,09-2026,yugabyte-2026111-vanilla-os-xlarge-xlarge-aws-v2,1,ip-172-31-25-7,ranking,benchANT
2026-09-18 10:25:00+00:00,processes,zombies,0,dbms,09-2026,yugabyte-2026111-vanilla-os-xlarge-xlarge-aws-v2,1,ip-172-31-25-7,ranking,benchANT
2026-09-18 10:25:10+00:00,processes,zombies,0,dbms,09-2026,yugabyte-2026111-vanilla-os-xlarge-xlarge-aws-v2,1,ip-172-31-25-7,ranking,benchANT
2026-09-18 10:25:20+00:00,processes,zombies,0,dbms,09-2026,yugabyte-2026111-vanilla-os-xlarge-xlarge-aws-v2,1,ip-172-31-25-7,ranking,benchANT
2026-09-18 10:25:30+00:00,processes,zombies,0,dbms,09-2026,yugabyte-2026111-vanilla-os-xlarge-xlarge-aws-v2,1,ip-172-31-25-7,ranking,benchANT
2026-09-18 10:25:40+00:00,processes,zombies,0,dbms,09-2026,yugabyte-2026111-vanilla-os-xlarge-xlarge-aws-v2,1,ip-172-31-25-7,ranking,benchANT
2026-09-18 10:25:50+00:00,processes,zombies,0,dbms,09-2026,yugabyte-2026111-vanilla-os-xlarge-xlarge-aws-v2,1,ip-172-31-25-7,ranking,benchANT
2026-09-18 10:26:00+00:00,processes,zombies,0,dbms,09-2026,yugabyte-2026111-vanilla-os-xlarge-xlarge-aws-v2,1,ip-172-31-25-7,ranking,benchANT
2026-09-18 10:26:10+00:00,processes,zombies,0,dbms,09-2026,yugabyte-2026111-vanilla-os-xlarge-xlarge-aws-v2,1,ip-172-31-25-7,ranking,benchANT
2026-09-18 10:26:20+00:00,processes,zombies,0,dbms,09-2026,yugabyte-2026111-vanilla-os-xlarge-xlarge-aws-v2,1,ip-172-31-25-7,ranking,benchANT
2026-09-18 10:26:30+00:00,processes,zombies,0,dbms,09-2026,yugabyte-2026111-vanilla-os-xlarge-xlarge-aws-v2,1,ip-172-31-25-7,ranking,benchANT
2026-09-18 10:26:40+00:00,processes,zombies,0,dbms,09-2026,yugabyte-2026111-vanilla-os-xlarge-xlarge-aws-v2,1,ip-172-31-25-7,ranking,benchANT
2026-09-18 10:26:50+00:00,processes,zombies,0,dbms,09-2026,yugabyte-2026111-vanilla-os-xlarge-xlarge-aws-v2,1,ip-172-31-25-7,ranking,benchANT
2026-09-18 10:27:00+00:00,processes,zombies,0,dbms,09-2026,yugabyte-2026111-vanilla-os-xlarge-xlarge-aws-v2,1,ip-172-31-25-7,ranking,benchANT
2026-09-18 10:27:10+00:00,processes,zombies,0,dbms,09-2026,yugabyte-2026111-vanilla-os-xlarge-xlarge-aws-v2,1,ip-172-31-25-7,ranking,benchANT
2026-09-18 10:27:20+00:00,processes,zombies,0,dbms,09-2026,yugabyte-2026111-vanilla-os-xlarge-xlarge-aws-v2,1,ip-172-31-25-7,ranking,benchANT
2026-09-18 10:27:30+00:00,processes,zombies,0,dbms,09-2026,yugabyte-2026111-vanilla-os-xlarge-xlarge-aws-v2,1,ip-172-31-25-7,ranking,benchANT
2026-09-18 10:27:40+00:00,processes,zombies,0,dbms,09-2026,yugabyte-2026111-vanilla-os-xlarge-xlarge-aws-v2,1,ip-172-31-25-7,ranking,benchANT
2026-09-18 10:27:50+00:00,processes,zombies,0,dbms,09-2026,yugabyte-2026111-vanilla-os-xlarge-xlarge-aws-v2,1,ip-172-31-25-7,ranking,benchANT
2026-09-18 10:28:00+00:00,processes,zombies,0,dbms,09-2026,yugabyte-2026111-vanilla-os-xlarge-xlarge-aws-v2,1,ip-172-31-25-7,ranking,benchANT
2026-09-18 10:28:10+00:00,processes,zombies,0,dbms,09-2026,yugabyte-2026111-vanilla-os-xlarge-xlarge-aws-v2,1,ip-172-31-25-7,ranking,benchANT
2026-09-18 10:28:20+00:00,processes,zombies,0,dbms,09-2026,yugabyte-2026111-vanilla-os-xlarge-xlarge-aws-v2,1,ip-172-31-25-7,ranking,benchANT
2026-09-18 10:28:30+00:00,processes,zombies,0,dbms,09-2026,yugabyte-2026111-vanilla-os-xlarge-xlarge-aws-v2,1,ip-172-31-25-7,ranking,benchANT
2026-09-18 10:28:40+00:00,processes,zombies,0,dbms,09-2026,yugabyte-2026111-vanilla-os-xlarge-xlarge-aws-v2,1,ip-172-31-25-7,ranking,benchANT
2026-09-18 10:28:50+00:00,processes,zombies,0,dbms,09-2026,yugabyte-2026111-vanilla-os-xlarge-xlarge-aws-v2,1,ip-172-31-25-7,ranking,benchANT
2026-09-18 10:29:00+00:00,processes,zombies,0,dbms,09-2026,yugabyte-2026111-vanilla-os-xlarge-xlarge-aws-v2,1,ip-172-31-25-7,ranking,benchANT
2026-09-18 10:29:10+00:00,processes,zombies,0,dbms,09-2026,yugabyte-2026111-vanilla-os-xlarge-xlarge-aws-v2,1,ip-172-31-25-7,ranking,benchANT
2026-09-18 10:29:20+00:00,processes,zombies,0,dbms,09-2026,yugabyte-2026111-vanilla-os-xlarge-xlarge-aws-v2,1,ip-172-31-25-7,ranking,benchANT
2026-09-18 10:29:30+00:00,processes,zombies,0,dbms,09-2026,yugabyte-2026111-vanilla-os-xlarge-xlarge-aws-v2,1,ip-172-31-25-7,ranking,benchANT
2026-09-18 10:29:40+00:00,processes,zombies,0,dbms,09-2026,yugabyte-2026111-vanilla-os-xlarge-xlarge-aws-v2,1,ip-172-31-25-7,ranking,benchANT
2026-09-18 10:29:50+00:00,processes,zombies,0,dbms,09-2026,yugabyte-2026111-vanilla-os-xlarge-xlarge-aws-v2,1,ip-172-31-25-7,ranking,benchANT
2026-09-18 10:30:00+00:00,processes,zombies,0,dbms,09-2026,yugabyte-2026111-vanilla-os-xlarge-xlarge-aws-v2,1,ip-172-31-25-7,ranking,benchANT
2026-09-18 10:30:10+00:00,processes,zombies,0,dbms,09-2026,yugabyte-2026111-vanilla-os-xlarge-xlarge-aws-v2,1,ip-172-31-25-7,ranking,benchANT
2026-09-18 10:30:20+00:00,processes,zombies,0,dbms,09-2026,yugabyte-2026111-vanilla-os-xlarge-xlarge-aws-v2,1,ip-172-31-25-7,ranking,benchANT
2026-09-18 10:30:30+00:00,processes,zombies,0,dbms,09-2026,yugabyte-2026111-vanilla-os-xlarge-xlarge-aws-v2,1,ip-172-31-25-7,ranking,benchANT
2026-09-18 10:30:40+00:00,processes,zombies,0,dbms,09-2026,yugabyte-2026111-vanilla-os-xlarge-xlarge-aws-v2,1,ip-172-31-25-7,ranking,benchANT
2026-09-18 10:30:50+00:00,processes,zombies,0,dbms,09-2026,yugabyte-2026111-vanilla-os-xlarge-xlarge-aws-v2,1,ip-172-31-25-7,ranking,benchANT
2026-09-18 10:31:00+00:00,processes,zombies,0,dbms,09-2026,yugabyte-2026111-vanilla-os-xlarge-xlarge-aws-v2,1,ip-172-31-25-7,ranking,benchANT
2026-09-18 10:31:10+00:00,processes,zombies,0,dbms,09-2026,yugabyte-2026111-vanilla-os-xlarge-xlarge-aws-v2,1,ip-172-31-25-7,ranking,benchANT
2026-09-18 10:31:20+00:00,processes,zombies,0,dbms,09-2026,yugabyte-2026111-vanilla-os-xlarge-xlarge-aws-v2,1,ip-172-31-25-7,ranking,benchANT
2026-09-18 10:23:00+00:00,processes,blocked,0,dbms,09-2026,yugabyte-2026111-vanilla-os-xlarge-xlarge-aws-v2,1,ip-172-31-26-24,ranking,benchANT
2026-09-18 10:23:10+00:00,processes,blocked,0,dbms,09-2026,yugabyte-2026111-vanilla-os-xlarge-xlarge-aws-v2,1,ip-172-31-26-24,ranking,benchANT
2026-09-18 10:23:20+00:00,processes,blocked,0,dbms,09-2026,yugabyte-2026111-vanilla-os-xlarge-xlarge-aws-v2,1,ip-172-31-26-24,ranking,benchANT
2026-09-18 10:23:30+00:00,processes,blocked,0,dbms,09-2026,yugabyte-2026111-vanilla-os-xlarge-xlarge-aws-v2,1,ip-172-31-26-24,ranking,benchANT
2026-09-18 10:23:40+00:00,processes,blocked,0,dbms,09-2026,yugabyte-2026111-vanilla-os-xlarge-xlarge-aws-v2,1,ip-172-31-26-24,ranking,benchANT
2026-09-18 10:23:50+00:00,processes,blocked,0,dbms,09-2026,yugabyte-2026111-vanilla-os-xlarge-xlarge-aws-v2,1,ip-172-31-26-24,ranking,benchANT
2026-09-18 10:24:00+00:00,processes,blocked,0,dbms,09-2026,yugabyte-2026111-vanilla-os-xlarge-xlarge-aws-v2,1,ip-172-31-26-24,ranking,benchANT
2026-09-18 10:24:10+00:00,processes,blocked,0,dbms,09-2026,yugabyte-2026111-vanilla-os-xlarge-xlarge-aws-v2,1,ip-172-31-26-24,ranking,benchANT
2026-09-18 10:24:20+00:00,processes,blocked,1,dbms,09-2026,yugabyte-2026111-vanilla-os-xlarge-xlarge-aws-v2,1,ip-172-31-26-24,ranking,benchANT
2026-09-18 10:24:30+00:00,processes,blocked,2,dbms,09-2026,yugabyte-2026111-vanilla-os-xlarge-xlarge-aws-v2,1,ip-172-31-26-24,ranking,benchANT
2026-09-18 10:24:40+00:00,processes,blocked,0,dbms,09-2026,yugabyte-2026111-vanilla-os-xlarge-xlarge-aws-v2,1,ip-172-31-26-24,ranking,benchANT
2026-09-18 10:24:50+00:00,processes,blocked,0,dbms,09-2026,yugabyte-2026111-vanilla-os-xlarge-xlarge-aws-v2,1,ip-172-31-26-24,ranking,benchANT
2026-09-18 10:25:00+00:00,processes,blocked,0,dbms,09-2026,yugabyte-2026111-vanilla-os-xlarge-xlarge-aws-v2,1,ip-172-31-26-24,ranking,benchANT
2026-09-18 10:25:10+00:00,processes,blocked,0,dbms,09-2026,yugabyte-2026111-vanilla-os-xlarge-xlarge-aws-v2,1,ip-172-31-26-24,ranking,benchANT
2026-09-18 10:25:20+00:00,processes,blocked,0,dbms,09-2026,yugabyte-2026111-vanilla-os-xlarge-xlarge-aws-v2,1,ip-172-31-26-24,ranking,benchANT
2026-09-18 10:25:30+00:00,processes,blocked,2,dbms,09-2026,yugabyte-2026111-vanilla-os-xlarge-xlarge-aws-v2,1,ip-172-31-26-24,ranking,benchANT
2026-09-18 10:25:40+00:00,processes,blocked,0,dbms,09-2026,yugabyte-2026111-vanilla-os-xlarge-xlarge-aws-v2,1,ip-172-31-26-24,ranking,benchANT
2026-09-18 10:25:50+00:00,processes,blocked,0,dbms,09-2026,yugabyte-2026111-vanilla-os-xlarge-xlarge-aws-v2,1,ip-172-31-26-24,ranking,benchANT
2026-09-18 10:26:00+00:00,processes,blocked,0,dbms,09-2026,yugabyte-2026111-vanilla-os-xlarge-xlarge-aws-v2,1,ip-172-31-26-24,ranking,benchANT
2026-09-18 10:26:10+00:00,processes,blocked,0,dbms,09-2026,yugabyte-2026111-vanilla-os-xlarge-xlarge-aws-v2,1,ip-172-31-26-24,ranking,benchANT
2026-09-18 10:26:20+00:00,processes,blocked,0,dbms,09-2026,yugabyte-2026111-vanilla-os-xlarge-xlarge-aws-v2,1,ip-172-31-26-24,ranking,benchANT
2026-09-18 10:26:30+00:00,processes,blocked,0,dbms,09-2026,yugabyte-2026111-vanilla-os-xlarge-xlarge-aws-v2,1,ip-172-31-26-24,ranking,benchANT
2026-09-18 10:26:40+00:00,processes,blocked,0,dbms,09-2026,yugabyte-2026111-vanilla-os-xlarge-xlarge-aws-v2,1,ip-172-31-26-24,ranking,benchANT
2026-09-18 10:26:50+00:00,processes,blocked,0,dbms,09-2026,yugabyte-2026111-vanilla-os-xlarge-xlarge-aws-v2,1,ip-172-31-26-24,ranking,benchANT
2026-09-18 10:27:00+00:00,processes,blocked,0,dbms,09-2026,yugabyte-2026111-vanilla-os-xlarge-xlarge-aws-v2,1,ip-172-31-26-24,ranking,benchANT
2026-09-18 10:27:10+00:00,processes,blocked,0,dbms,09-2026,yugabyte-2026111-vanilla-os-xlarge-xlarge-aws-v2,1,ip-172-31-26-24,ranking,benchANT
2026-09-18 10:27:20+00:00,processes,blocked,0,dbms,09-2026,yugabyte-2026111-vanilla-os-xlarge-xlarge-aws-v2,1,ip-172-31-26-24,ranking,benchANT
2026-09-18 10:27:30+00:00,processes,blocked,0,dbms,09-2026,yugabyte-2026111-vanilla-os-xlarge-xlarge-aws-v2,1,ip-172-31-26-24,ranking,benchANT
2026-09-18 10:27:40+00:00,processes,blocked,0,dbms,09-2026,yugabyte-2026111-vanilla-os-xlarge-xlarge-aws-v2,1,ip-172-31-26-24,ranking,benchANT
2026-09-18 10:27:50+00:00,processes,blocked,1,dbms,09-2026,yugabyte-2026111-vanilla-os-xlarge-xlarge-aws-v2,1,ip-172-31-26-24,ranking,benchANT
2026-09-18 10:28:00+00:00,processes,blocked,0,dbms,09-2026,yugabyte-2026111-vanilla-os-xlarge-xlarge-aws-v2,1,ip-172-31-26-24,ranking,benchANT
2026-09-18 10:28:10+00:00,processes,blocked,0,dbms,09-2026,yugabyte-2026111-vanilla-os-xlarge-xlarge-aws-v2,1,ip-172-31-26-24,ranking,benchANT
2026-09-18 10:28:20+00:00,processes,blocked,0,dbms,09-2026,yugabyte-2026111-vanilla-os-xlarge-xlarge-aws-v2,1,ip-172-31-26-24,ranking,benchANT
2026-09-18 10:28:30+00:00,processes,blocked,0,dbms,09-2026,yugabyte-2026111-vanilla-os-xlarge-xlarge-aws-v2,1,ip-172-31-26-24,ranking,benchANT
2026-09-18 10:28:40+00:00,processes,blocked,0,dbms,09-2026,yugabyte-2026111-vanilla-os-xlarge-xlarge-aws-v2,1,ip-172-31-26-24,ranking,benchANT
2026-09-18 10:28:50+00:00,processes,blocked,0,dbms,09-2026,yugabyte-2026111-vanilla-os-xlarge-xlarge-aws-v2,1,ip-172-31-26-24,ranking,benchANT
2026-09-18 10:29:00+00:00,processes,blocked,0,dbms,09-2026,yugabyte-2026111-vanilla-os-xlarge-xlarge-aws-v2,1,ip-172-31-26-24,ranking,benchANT
2026-09-18 10:29:10+00:00,processes,blocked,2,dbms,09-2026,yugabyte-2026111-vanilla-os-xlarge-xlarge-aws-v2,1,ip-172-31-26-24,ranking,benchANT
2026-09-18 10:29:20+00:00,processes,blocked,1,dbms,09-2026,yugabyte-2026111-vanilla-os-xlarge-xlarge-aws-v2,1,ip-172-31-26-24,ranking,benchANT
2026-09-18 10:29:30+00:00,processes,blocked,0,dbms,09-2026,yugabyte-2026111-vanilla-os-xlarge-xlarge-aws-v2,1,ip-172-31-26-24,ranking,benchANT
2026-09-18 10:29:40+00:00,processes,blocked,0,dbms,09-2026,yugabyte-2026111-vanilla-os-xlarge-xlarge-aws-v2,1,ip-172-31-26-24,ranking,benchANT
2026-09-18 10:29:50+00:00,processes,blocked,0,dbms,09-2026,yugabyte-2026111-vanilla-os-xlarge-xlarge-aws-v2,1,ip-172-31-26-24,ranking,benchANT
2026-09-18 10:30:00+00:00,processes,blocked,0,dbms,09-2026,yugabyte-2026111-vanilla-os-xlarge-xlarge-aws-v2,1,ip-172-31-26-24,ranking,benchANT
2026-09-18 10:30:10+00:00,processes,blocked,0,dbms,09-2026,yugabyte-2026111-vanilla-os-xlarge-xlarge-aws-v2,1,ip-172-31-26-24,ranking,benchANT
2026-09-18 10:30:20+00:00,processes,blocked,0,dbms,09-2026,yugabyte-2026111-vanilla-os-xlarge-xlarge-aws-v2,1,ip-172-31-26-24,ranking,benchANT
2026-09-18 10:30:30+00:00,processes,blocked,1,dbms,09-2026,yugabyte-2026111-vanilla-os-xlarge-xlarge-aws-v2,1,ip-172-31-26-24,ranking,benchANT
2026-09-18 10:30:40+00:00,processes,blocked,0,dbms,09-2026,yugabyte-2026111-vanilla-os-xlarge-xlarge-aws-v2,1,ip-172-31-26-24,ranking,benchANT
2026-09-18 10:30:50+00:00,processes,blocked,0,dbms,09-2026,yugabyte-2026111-vanilla-os-xlarge-xlarge-aws-v2,1,ip-172-31-26-24,ranking,benchANT
2026-09-18 10:31:00+00:00,processes,blocked,0,dbms,09-2026,yugabyte-2026111-vanilla-os-xlarge-xlarge-aws-v2,1,ip-172-31-26-24,ranking,benchANT
2026-09-18 10:31:10+00:00,processes,blocked,0,dbms,09-2026,yugabyte-2026111-vanilla-os-xlarge-xlarge-aws-v2,1,ip-172-31-26-24,ranking,benchANT
2026-09-18 10:31:20+00:00,processes,blocked,0,dbms,09-2026,yugabyte-2026111-vanilla-os-xlarge-xlarge-aws-v2,1,ip-172-31-26-24,ranking,benchANT
2026-09-18 10:23:00+00:00,processes,dead,0,dbms,09-2026,yugabyte-2026111-vanilla-os-xlarge-xlarge-aws-v2,1,ip-172-31-26-24,ranking,benchANT
2026-09-18 10:23:10+00:00,processes,dead,0,dbms,09-2026,yugabyte-2026111-vanilla-os-xlarge-xlarge-aws-v2,1,ip-172-31-26-24,ranking,benchANT
2026-09-18 10:23:20+00:00,processes,dead,0,dbms,09-2026,yugabyte-2026111-vanilla-os-xlarge-xlarge-aws-v2,1,ip-172-31-26-24,ranking,benchANT
2026-09-18 10:23:30+00:00,processes,dead,0,dbms,09-2026,yugabyte-2026111-vanilla-os-xlarge-xlarge-aws-v2,1,ip-172-31-26-24,ranking,benchANT
2026-09-18 10:23:40+00:00,processes,dead,0,dbms,09-2026,yugabyte-2026111-vanilla-os-xlarge-xlarge-aws-v2,1,ip-172-31-26-24,ranking,benchANT
2026-09-18 10:23:50+00:00,processes,dead,0,dbms,09-2026,yugabyte-2026111-vanilla-os-xlarge-xlarge-aws-v2,1,ip-172-31-26-24,ranking,benchANT
2026-09-18 10:24:00+00:00,processes,dead,0,dbms,09-2026,yugabyte-2026111-vanilla-os-xlarge-xlarge-aws-v2,1,ip-172-31-26-24,ranking,benchANT
2026-09-18 10:24:10+00:00,processes,dead,0,dbms,09-2026,yugabyte-2026111-vanilla-os-xlarge-xlarge-aws-v2,1,ip-172-31-26-24,ranking,benchANT
2026-09-18 10:24:20+00:00,processes,dead,0,dbms,09-2026,yugabyte-2026111-vanilla-os-xlarge-xlarge-aws-v2,1,ip-172-31-26-24,ranking,benchANT
2026-09-18 10:24:30+00:00,processes,dead,0,dbms,09-2026,yugabyte-2026111-vanilla-os-xlarge-xlarge-aws-v2,1,ip-172-31-26-24,ranking,benchANT
2026-09-18 10:24:40+00:00,processes,dead,0,dbms,09-2026,yugabyte-2026111-vanilla-os-xlarge-xlarge-aws-v2,1,ip-172-31-26-24,ranking,benchANT
2026-09-18 10:24:50+00:00,processes,dead,0,dbms,09-2026,yugabyte-2026111-vanilla-os-xlarge-xlarge-aws-v2,1,ip-172-31-26-24,ranking,benchANT
2026-09-18 10:25:00+00:00,processes,dead,0,dbms,09-2026,yugabyte-2026111-vanilla-os-xlarge-xlarge-aws-v2,1,ip-172-31-26-24,ranking,benchANT
2026-09-18 10:25:10+00:00,processes,dead,0,dbms,09-2026,yugabyte-2026111-vanilla-os-xlarge-xlarge-aws-v2,1,ip-172-31-26-24,ranking,benchANT
2026-09-18 10:25:20+00:00,processes,dead,0,dbms,09-2026,yugabyte-2026111-vanilla-os-xlarge-xlarge-aws-v2,1,ip-172-31-26-24,ranking,benchANT
2026-09-18 10:25:30+00:00,processes,dead,0,dbms,09-2026,yugabyte-2026111-vanilla-os-xlarge-xlarge-aws-v2,1,ip-172-31-26-24,ranking,benchANT
2026-09-18 10:25:40+00:00,processes,dead,0,dbms,09-2026,yugabyte-2026111-vanilla-os-xlarge-xlarge-aws-v2,1,ip-172-31-26-24,ranking,benchANT
2026-09-18 10:25:50+00:00,processes,dead,0,dbms,09-2026,yugabyte-2026111-vanilla-os-xlarge-xlarge-aws-v2,1,ip-172-31-26-24,ranking,benchANT
2026-09-18 10:26:00+00:00,processes,dead,0,dbms,09-2026,yugabyte-2026111-vanilla-os-xlarge-xlarge-aws-v2,1,ip-172-31-26-24,ranking,benchANT
2026-09-18 10:26:10+00:00,processes,dead,0,dbms,09-2026,yugabyte-2026111-vanilla-os-xlarge-xlarge-aws-v2,1,ip-172-31-26-24,ranking,benchANT
2026-09-18 10:26:20+00:00,processes,dead,0,dbms,09-2026,yugabyte-2026111-vanilla-os-xlarge-xlarge-aws-v2,1,ip-172-31-26-24,ranking,benchANT
2026-09-18 10:26:30+00:00,processes,dead,0,dbms,09-2026,yugabyte-2026111-vanilla-os-xlarge-xlarge-aws-v2,1,ip-172-31-26-24,ranking,benchANT
2026-09-18 10:26:40+00:00,processes,dead,0,dbms,09-2026,yugabyte-2026111-vanilla-os-xlarge-xlarge-aws-v2,1,ip-172-31-26-24,ranking,benchANT
2026-09-18 10:26:50+00:00,processes,dead,0,dbms,09-2026,yugabyte-2026111-vanilla-os-xlarge-xlarge-aws-v2,1,ip-172-31-26-24,ranking,benchANT
2026-09-18 10:27:00+00:00,processes,dead,0,dbms,09-2026,yugabyte-2026111-vanilla-os-xlarge-xlarge-aws-v2,1,ip-172-31-26-24,ranking,benchANT
2026-09-18 10:27:10+00:00,processes,dead,0,dbms,09-2026,yugabyte-2026111-vanilla-os-xlarge-xlarge-aws-v2,1,ip-172-31-26-24,ranking,benchANT
2026-09-18 10:27:20+00:00,processes,dead,0,dbms,09-2026,yugabyte-2026111-vanilla-os-xlarge-xlarge-aws-v2,1,ip-172-31-26-24,ranking,benchANT
2026-09-18 10:27:30+00:00,processes,dead,0,dbms,09-2026,yugabyte-2026111-vanilla-os-xlarge-xlarge-aws-v2,1,ip-172-31-26-24,ranking,benchANT
2026-09-18 10:27:40+00:00,processes,dead,0,dbms,09-2026,yugabyte-2026111-vanilla-os-xlarge-xlarge-aws-v2,1,ip-172-31-26-24,ranking,benchANT
2026-09-18 10:27:50+00:00,processes,dead,0,dbms,09-2026,yugabyte-2026111-vanilla-os-xlarge-xlarge-aws-v2,1,ip-172-31-26-24,ranking,benchANT
2026-09-18 10:28:00+00:00,processes,dead,0,dbms,09-2026,yugabyte-2026111-vanilla-os-xlarge-xlarge-aws-v2,1,ip-172-31-26-24,ranking,benchANT
2026-09-18 10:28:10+00:00,processes,dead,0,dbms,09-2026,yugabyte-2026111-vanilla-os-xlarge-xlarge-aws-v2,1,ip-172-31-26-24,ranking,benchANT
2026-09-18 10:28:20+00:00,processes,dead,0,dbms,09-2026,yugabyte-2026111-vanilla-os-xlarge-xlarge-aws-v2,1,ip-172-31-26-24,ranking,benchANT
2026-09-18 10:28:30+00:00,processes,dead,0,dbms,09-2026,yugabyte-2026111-vanilla-os-xlarge-xlarge-aws-v2,1,ip-172-31-26-24,ranking,benchANT
2026-09-18 10:28:40+00:00,processes,dead,0,dbms,09-2026,yugabyte-2026111-vanilla-os-xlarge-xlarge-aws-v2,1,ip-172-31-26-24,ranking,benchANT
2026-09-18 10:28:50+00:00,processes,dead,0,dbms,09-2026,yugabyte-2026111-vanilla-os-xlarge-xlarge-aws-v2,1,ip-172-31-26-24,ranking,benchANT
2026-09-18 10:29:00+00:00,processes,dead,0,dbms,09-2026,yugabyte-2026111-vanilla-os-xlarge-xlarge-aws-v2,1,ip-172-31-26-24,ranking,benchANT
2026-09-18 10:29:10+00:00,processes,dead,0,dbms,09-2026,yugabyte-2026111-vanilla-os-xlarge-xlarge-aws-v2,1,ip-172-31-26-24,ranking,benchANT
2026-09-18 10:29:20+00:00,processes,dead,0,dbms,09-2026,yugabyte-2026111-vanilla-os-xlarge-xlarge-aws-v2,1,ip-172-31-26-24,ranking,benchANT
2026-09-18 10:29:30+00:00,processes,dead,0,dbms,09-2026,yugabyte-2026111-vanilla-os-xlarge-xlarge-aws-v2,1,ip-172-31-26-24,ranking,benchANT
2026-09-18 10:29:40+00:00,processes,dead,0,dbms,09-2026,yugabyte-2026111-vanilla-os-xlarge-xlarge-aws-v2,1,ip-172-31-26-24,ranking,benchANT
2026-09-18 10:29:50+00:00,processes,dead,0,dbms,09-2026,yugabyte-2026111-vanilla-os-xlarge-xlarge-aws-v2,1,ip-172-31-26-24,ranking,benchANT
2026-09-18 10:30:00+00:00,processes,dead,0,dbms,09-2026,yugabyte-2026111-vanilla-os-xlarge-xlarge-aws-v2,1,ip-172-31-26-24,ranking,benchANT
2026-09-18 10:30:10+00:00,processes,dead,0,dbms,09-2026,yugabyte-2026111-vanilla-os-xlarge-xlarge-aws-v2,1,ip-172-31-26-24,ranking,benchANT
2026-09-18 10:30:20+00:00,processes,dead,0,dbms,09-2026,yugabyte-2026111-vanilla-os-xlarge-xlarge-aws-v2,1,ip-172-31-26-24,ranking,benchANT
2026-09-18 10:30:30+00:00,processes,dead,0,dbms,09-2026,yugabyte-2026111-vanilla-os-xlarge-xlarge-aws-v2,1,ip-172-31-26-24,ranking,benchANT
2026-09-18 10:30:40+00:00,processes,dead,0,dbms,09-2026,yugabyte-2026111-vanilla-os-xlarge-xlarge-aws-v2,1,ip-172-31-26-24,ranking,benchANT
2026-09-18 10:30:50+00:00,processes,dead,0,dbms,09-2026,yugabyte-2026111-vanilla-os-xlarge-xlarge-aws-v2,1,ip-172-31-26-24,ranking,benchANT
2026-09-18 10:31:00+00:00,processes,dead,0,dbms,09-2026,yugabyte-2026111-vanilla-os-xlarge-xlarge-aws-v2,1,ip-172-31-26-24,ranking,benchANT
2026-09-18 10:31:10+00:00,processes,dead,0,dbms,09-2026,yugabyte-2026111-vanilla-os-xlarge-xlarge-aws-v2,1,ip-172-31-26-24,ranking,benchANT
2026-09-18 10:31:20+00:00,processes,dead,0,dbms,09-2026,yugabyte-2026111-vanilla-os-xlarge-xlarge-aws-v2,1,ip-172-31-26-24,ranking,benchANT
2026-09-18 10:23:00+00:00,processes,idle,77,dbms,09-2026,yugabyte-2026111-vanilla-os-xlarge-xlarge-aws-v2,1,ip-172-31-26-24,ranking,benchANT
2026-09-18 10:23:10+00:00,processes,idle,77,dbms,09-2026,yugabyte-2026111-vanilla-os-xlarge-xlarge-aws-v2,1,ip-172-31-26-24,ranking,benchANT
2026-09-18 10:23:20+00:00,processes,idle,77,dbms,09-2026,yugabyte-2026111-vanilla-os-xlarge-xlarge-aws-v2,1,ip-172-31-26-24,ranking,benchANT
2026-09-18 10:23:30+00:00,processes,idle,79,dbms,09-2026,yugabyte-2026111-vanilla-os-xlarge-xlarge-aws-v2,1,ip-172-31-26-24,ranking,benchANT
2026-09-18 10:23:40+00:00,processes,idle,79,dbms,09-2026,yugabyte-2026111-vanilla-os-xlarge-xlarge-aws-v2,1,ip-172-31-26-24,ranking,benchANT
2026-09-18 10:23:50+00:00,processes,idle,79,dbms,09-2026,yugabyte-2026111-vanilla-os-xlarge-xlarge-aws-v2,1,ip-172-31-26-24,ranking,benchANT
2026-09-18 10:24:00+00:00,processes,idle,79,dbms,09-2026,yugabyte-2026111-vanilla-os-xlarge-xlarge-aws-v2,1,ip-172-31-26-24,ranking,benchANT
2026-09-18 10:24:10+00:00,processes,idle,79,dbms,09-2026,yugabyte-2026111-vanilla-os-xlarge-xlarge-aws-v2,1,ip-172-31-26-24,ranking,benchANT
2026-09-18 10:24:20+00:00,processes,idle,79,dbms,09-2026,yugabyte-2026111-vanilla-os-xlarge-xlarge-aws-v2,1,ip-172-31-26-24,ranking,benchANT
2026-09-18 10:24:30+00:00,processes,idle,78,dbms,09-2026,yugabyte-2026111-vanilla-os-xlarge-xlarge-aws-v2,1,ip-172-31-26-24,ranking,benchANT
2026-09-18 10:24:40+00:00,processes,idle,79,dbms,09-2026,yugabyte-2026111-vanilla-os-xlarge-xlarge-aws-v2,1,ip-172-31-26-24,ranking,benchANT
2026-09-18 10:24:50+00:00,processes,idle,79,dbms,09-2026,yugabyte-2026111-vanilla-os-xlarge-xlarge-aws-v2,1,ip-172-31-26-24,ranking,benchANT
2026-09-18 10:25:00+00:00,processes,idle,79,dbms,09-2026,yugabyte-2026111-vanilla-os-xlarge-xlarge-aws-v2,1,ip-172-31-26-24,ranking,benchANT
2026-09-18 10:25:10+00:00,processes,idle,79,dbms,09-2026,yugabyte-2026111-vanilla-os-xlarge-xlarge-aws-v2,1,ip-172-31-26-24,ranking,benchANT
2026-09-18 10:25:20+00:00,processes,idle,78,dbms,09-2026,yugabyte-2026111-vanilla-os-xlarge-xlarge-aws-v2,1,ip-172-31-26-24,ranking,benchANT
2026-09-18 10:25:30+00:00,processes,idle,77,dbms,09-2026,yugabyte-2026111-vanilla-os-xlarge-xlarge-aws-v2,1,ip-172-31-26-24,ranking,benchANT
2026-09-18 10:25:40+00:00,processes,idle,78,dbms,09-2026,yugabyte-2026111-vanilla-os-xlarge-xlarge-aws-v2,1,ip-172-31-26-24,ranking,benchANT
2026-09-18 10:25:50+00:00,processes,idle,78,dbms,09-2026,yugabyte-2026111-vanilla-os-xlarge-xlarge-aws-v2,1,ip-172-31-26-24,ranking,benchANT
2026-09-18 10:26:00+00:00,processes,idle,78,dbms,09-2026,yugabyte-2026111-vanilla-os-xlarge-xlarge-aws-v2,1,ip-172-31-26-24,ranking,benchANT
2026-09-18 10:26:10+00:00,processes,idle,78,dbms,09-2026,yugabyte-2026111-vanilla-os-xlarge-xlarge-aws-v2,1,ip-172-31-26-24,ranking,benchANT
2026-09-18 10:26:20+00:00,processes,idle,78,dbms,09-2026,yugabyte-2026111-vanilla-os-xlarge-xlarge-aws-v2,1,ip-172-31-26-24,ranking,benchANT
2026-09-18 10:26:30+00:00,processes,idle,78,dbms,09-2026,yugabyte-2026111-vanilla-os-xlarge-xlarge-aws-v2,1,ip-172-31-26-24,ranking,benchANT
2026-09-18 10:26:40+00:00,processes,idle,78,dbms,09-2026,yugabyte-2026111-vanilla-os-xlarge-xlarge-aws-v2,1,ip-172-31-26-24,ranking,benchANT
2026-09-18 10:26:50+00:00,processes,idle,78,dbms,09-2026,yugabyte-2026111-vanilla-os-xlarge-xlarge-aws-v2,1,ip-172-31-26-24,ranking,benchANT
2026-09-18 10:27:00+00:00,processes,idle,78,dbms,09-2026,yugabyte-2026111-vanilla-os-xlarge-xlarge-aws-v2,1,ip-172-31-26-24,ranking,benchANT
2026-09-18 10:27:10+00:00,processes,idle,78,dbms,09-2026,yugabyte-2026111-vanilla-os-xlarge-xlarge-aws-v2,1,ip-172-31-26-24,ranking,benchANT
2026-09-18 10:27:20+00:00,processes,idle,78,dbms,09-2026,yugabyte-2026111-vanilla-os-xlarge-xlarge-aws-v2,1,ip-172-31-26-24,ranking,benchANT
2026-09-18 10:27:30+00:00,processes,idle,78,dbms,09-2026,yugabyte-2026111-vanilla-os-xlarge-xlarge-aws-v2,1,ip-172-31-26-24,ranking,benchANT
2026-09-18 10:27:40+00:00,processes,idle,78,dbms,09-2026,yugabyte-2026111-vanilla-os-xlarge-xlarge-aws-v2,1,ip-172-31-26-24,ranking,benchANT
2026-09-18 10:27:50+00:00,processes,idle,78,dbms,09-2026,yugabyte-2026111-vanilla-os-xlarge-xlarge-aws-v2,1,ip-172-31-26-24,ranking,benchANT
2026-09-18 10:28:00+00:00,processes,idle,78,dbms,09-2026,yugabyte-2026111-vanilla-os-xlarge-xlarge-aws-v2,1,ip-172-31-26-24,ranking,benchANT
2026-09-18 10:28:10+00:00,processes,idle,78,dbms,09-2026,yugabyte-2026111-vanilla-os-xlarge-xlarge-aws-v2,1,ip-172-31-26-24,ranking,benchANT
2026-09-18 10:28:20+00:00,processes,idle,78,dbms,09-2026,yugabyte-2026111-vanilla-os-xlarge-xlarge-aws-v2,1,ip-172-31-26-24,ranking,benchANT
2026-09-18 10:28:30+00:00,processes,idle,77,dbms,09-2026,yugabyte-2026111-vanilla-os-xlarge-xlarge-aws-v2,1,ip-172-31-26-24,ranking,benchANT
2026-09-18 10:28:40+00:00,processes,idle,77,dbms,09-2026,yugabyte-2026111-vanilla-os-xlarge-xlarge-aws-v2,1,ip-172-31-26-24,ranking,benchANT
2026-09-18 10:28:50+00:00,processes,idle,77,dbms,09-2026,yugabyte-2026111-vanilla-os-xlarge-xlarge-aws-v2,1,ip-172-31-26-24,ranking,benchANT
2026-09-18 10:29:00+00:00,processes,idle,77,dbms,09-2026,yugabyte-2026111-vanilla-os-xlarge-xlarge-aws-v2,1,ip-172-31-26-24,ranking,benchANT
2026-09-18 10:29:10+00:00,processes,idle,76,dbms,09-2026,yugabyte-2026111-vanilla-os-xlarge-xlarge-aws-v2,1,ip-172-31-26-24,ranking,benchANT
2026-09-18 10:29:20+00:00,processes,idle,77,dbms,09-2026,yugabyte-2026111-vanilla-os-xlarge-xlarge-aws-v2,1,ip-172-31-26-24,ranking,benchANT
2026-09-18 10:29:30+00:00,processes,idle,77,dbms,09-2026,yugabyte-2026111-vanilla-os-xlarge-xlarge-aws-v2,1,ip-172-31-26-24,ranking,benchANT
2026-09-18 10:29:40+00:00,processes,idle,77,dbms,09-2026,yugabyte-2026111-vanilla-os-xlarge-xlarge-aws-v2,1,ip-172-31-26-24,ranking,benchANT
2026-09-18 10:29:50+00:00,processes,idle,77,dbms,09-2026,yugabyte-2026111-vanilla-os-xlarge-xlarge-aws-v2,1,ip-172-31-26-24,ranking,benchANT
2026-09-18 10:30:00+00:00,processes,idle,77,dbms,09-2026,yugabyte-2026111-vanilla-os-xlarge-xlarge-aws-v2,1,ip-172-31-26-24,ranking,benchANT
2026-09-18 10:30:10+00:00,processes,idle,78,dbms,09-2026,yugabyte-2026111-vanilla-os-xlarge-xlarge-aws-v2,1,ip-172-31-26-24,ranking,benchANT
2026-09-18 10:30:20+00:00,processes,idle,78,dbms,09-2026,yugabyte-2026111-vanilla-os-xlarge-xlarge-aws-v2,1,ip-172-31-26-24,ranking,benchANT
2026-09-18 10:30:30+00:00,processes,idle,78,dbms,09-2026,yugabyte-2026111-vanilla-os-xlarge-xlarge-aws-v2,1,ip-172-31-26-24,ranking,benchANT
2026-09-18 10:30:40+00:00,processes,idle,77,dbms,09-2026,yugabyte-2026111-vanilla-os-xlarge-xlarge-aws-v2,1,ip-172-31-26-24,ranking,benchANT
2026-09-18 10:30:50+00:00,processes,idle,78,dbms,09-2026,yugabyte-2026111-vanilla-os-xlarge-xlarge-aws-v2,1,ip-172-31-26-24,ranking,benchANT
2026-09-18 10:31:00+00:00,processes,idle,78,dbms,09-2026,yugabyte-2026111-vanilla-os-xlarge-xlarge-aws-v2,1,ip-172-31-26-24,ranking,benchANT
2026-09-18 10:31:10+00:00,processes,idle,78,dbms,09-2026,yugabyte-2026111-vanilla-os-xlarge-xlarge-aws-v2,1,ip-172-31-26-24,ranking,benchANT
2026-09-18 10:31:20+00:00,processes,idle,78,dbms,09-2026,yugabyte-2026111-vanilla-os-xlarge-xlarge-aws-v2,1,ip-172-31-26-24,ranking,benchANT
2026-09-18 10:23:00+00:00,processes,paging,0,dbms,09-2026,yugabyte-2026111-vanilla-os-xlarge-xlarge-aws-v2,1,ip-172-31-26-24,ranking,benchANT
2026-09-18 10:23:10+00:00,processes,paging,0,dbms,09-2026,yugabyte-2026111-vanilla-os-xlarge-xlarge-aws-v2,1,ip-172-31-26-24,ranking,benchANT
2026-09-18 10:23:20+00:00,processes,paging,0,dbms,09-2026,yugabyte-2026111-vanilla-os-xlarge-xlarge-aws-v2,1,ip-172-31-26-24,ranking,benchANT
2026-09-18 10:23:30+00:00,processes,paging,0,dbms,09-2026,yugabyte-2026111-vanilla-os-xlarge-xlarge-aws-v2,1,ip-172-31-26-24,ranking,benchANT
2026-09-18 10:23:40+00:00,processes,paging,0,dbms,09-2026,yugabyte-2026111-vanilla-os-xlarge-xlarge-aws-v2,1,ip-172-31-26-24,ranking,benchANT
2026-09-18 10:23:50+00:00,processes,paging,0,dbms,09-2026,yugabyte-2026111-vanilla-os-xlarge-xlarge-aws-v2,1,ip-172-31-26-24,ranking,benchANT
2026-09-18 10:24:00+00:00,processes,paging,0,dbms,09-2026,yugabyte-2026111-vanilla-os-xlarge-xlarge-aws-v2,1,ip-172-31-26-24,ranking,benchANT
2026-09-18 10:24:10+00:00,processes,paging,0,dbms,09-2026,yugabyte-2026111-vanilla-os-xlarge-xlarge-aws-v2,1,ip-172-31-26-24,ranking,benchANT
2026-09-18 10:24:20+00:00,processes,paging,0,dbms,09-2026,yugabyte-2026111-vanilla-os-xlarge-xlarge-aws-v2,1,ip-172-31-26-24,ranking,benchANT
2026-09-18 10:24:30+00:00,processes,paging,0,dbms,09-2026,yugabyte-2026111-vanilla-os-xlarge-xlarge-aws-v2,1,ip-172-31-26-24,ranking,benchANT
2026-09-18 10:24:40+00:00,processes,paging,0,dbms,09-2026,yugabyte-2026111-vanilla-os-xlarge-xlarge-aws-v2,1,ip-172-31-26-24,ranking,benchANT
2026-09-18 10:24:50+00:00,processes,paging,0,dbms,09-2026,yugabyte-2026111-vanilla-os-xlarge-xlarge-aws-v2,1,ip-172-31-26-24,ranking,benchANT
2026-09-18 10:25:00+00:00,processes,paging,0,dbms,09-2026,yugabyte-2026111-vanilla-os-xlarge-xlarge-aws-v2,1,ip-172-31-26-24,ranking,benchANT
2026-09-18 10:25:10+00:00,processes,paging,0,dbms,09-2026,yugabyte-2026111-vanilla-os-xlarge-xlarge-aws-v2,1,ip-172-31-26-24,ranking,benchANT
2026-09-18 10:25:20+00:00,processes,paging,0,dbms,09-2026,yugabyte-2026111-vanilla-os-xlarge-xlarge-aws-v2,1,ip-172-31-26-24,ranking,benchANT
2026-09-18 10:25:30+00:00,processes,paging,0,dbms,09-2026,yugabyte-2026111-vanilla-os-xlarge-xlarge-aws-v2,1,ip-172-31-26-24,ranking,benchANT
2026-09-18 10:25:40+00:00,processes,paging,0,dbms,09-2026,yugabyte-2026111-vanilla-os-xlarge-xlarge-aws-v2,1,ip-172-31-26-24,ranking,benchANT
2026-09-18 10:25:50+00:00,processes,paging,0,dbms,09-2026,yugabyte-2026111-vanilla-os-xlarge-xlarge-aws-v2,1,ip-172-31-26-24,ranking,benchANT
2026-09-18 10:26:00+00:00,processes,paging,0,dbms,09-2026,yugabyte-2026111-vanilla-os-xlarge-xlarge-aws-v2,1,ip-172-31-26-24,ranking,benchANT
2026-09-18 10:26:10+00:00,processes,paging,0,dbms,09-2026,yugabyte-2026111-vanilla-os-xlarge-xlarge-aws-v2,1,ip-172-31-26-24,ranking,benchANT
2026-09-18 10:26:20+00:00,processes,paging,0,dbms,09-2026,yugabyte-2026111-vanilla-os-xlarge-xlarge-aws-v2,1,ip-172-31-26-24,ranking,benchANT
2026-09-18 10:26:30+00:00,processes,paging,0,dbms,09-2026,yugabyte-2026111-vanilla-os-xlarge-xlarge-aws-v2,1,ip-172-31-26-24,ranking,benchANT
2026-09-18 10:26:40+00:00,processes,paging,0,dbms,09-2026,yugabyte-2026111-vanilla-os-xlarge-xlarge-aws-v2,1,ip-172-31-26-24,ranking,benchANT
2026-09-18 10:26:50+00:00,processes,paging,0,dbms,09-2026,yugabyte-2026111-vanilla-os-xlarge-xlarge-aws-v2,1,ip-172-31-26-24,ranking,benchANT
2026-09-18 10:27:00+00:00,processes,paging,0,dbms,09-2026,yugabyte-2026111-vanilla-os-xlarge-xlarge-aws-v2,1,ip-172-31-26-24,ranking,benchANT
2026-09-18 10:27:10+00:00,processes,paging,0,dbms,09-2026,yugabyte-2026111-vanilla-os-xlarge-xlarge-aws-v2,1,ip-172-31-26-24,ranking,benchANT
2026-09-18 10:27:20+00:00,processes,paging,0,dbms,09-2026,yugabyte-2026111-vanilla-os-xlarge-xlarge-aws-v2,1,ip-172-31-26-24,ranking,benchANT
2026-09-18 10:27:30+00:00,processes,paging,0,dbms,09-2026,yugabyte-2026111-vanilla-os-xlarge-xlarge-aws-v2,1,ip-172-31-26-24,ranking,benchANT
2026-09-18 10:27:40+00:00,processes,paging,0,dbms,09-2026,yugabyte-2026111-vanilla-os-xlarge-xlarge-aws-v2,1,ip-172-31-26-24,ranking,benchANT
2026-09-18 10:27:50+00:00,processes,paging,0,dbms,09-2026,yugabyte-2026111-vanilla-os-xlarge-xlarge-aws-v2,1,ip-172-31-26-24,ranking,benchANT
2026-09-18 10:28:00+00:00,processes,paging,0,dbms,09-2026,yugabyte-2026111-vanilla-os-xlarge-xlarge-aws-v2,1,ip-172-31-26-24,ranking,benchANT
2026-09-18 10:28:10+00:00,processes,paging,0,dbms,09-2026,yugabyte-2026111-vanilla-os-xlarge-xlarge-aws-v2,1,ip-172-31-26-24,ranking,benchANT
2026-09-18 10:28:20+00:00,processes,paging,0,dbms,09-2026,yugabyte-2026111-vanilla-os-xlarge-xlarge-aws-v2,1,ip-172-31-26-24,ranking,benchANT
2026-09-18 10:28:30+00:00,processes,paging,0,dbms,09-2026,yugabyte-2026111-vanilla-os-xlarge-xlarge-aws-v2,1,ip-172-31-26-24,ranking,benchANT
2026-09-18 10:28:40+00:00,processes,paging,0,dbms,09-2026,yugabyte-2026111-vanilla-os-xlarge-xlarge-aws-v2,1,ip-172-31-26-24,ranking,benchANT
2026-09-18 10:28:50+00:00,processes,paging,0,dbms,09-2026,yugabyte-2026111-vanilla-os-xlarge-xlarge-aws-v2,1,ip-172-31-26-24,ranking,benchANT
2026-09-18 10:29:00+00:00,processes,paging,0,dbms,09-2026,yugabyte-2026111-vanilla-os-xlarge-xlarge-aws-v2,1,ip-172-31-26-24,ranking,benchANT
2026-09-18 10:29:10+00:00,processes,paging,0,dbms,09-2026,yugabyte-2026111-vanilla-os-xlarge-xlarge-aws-v2,1,ip-172-31-26-24,ranking,benchANT
2026-09-18 10:29:20+00:00,processes,paging,0,dbms,09-2026,yugabyte-2026111-vanilla-os-xlarge-xlarge-aws-v2,1,ip-172-31-26-24,ranking,benchANT
2026-09-18 10:29:30+00:00,processes,paging,0,dbms,09-2026,yugabyte-2026111-vanilla-os-xlarge-xlarge-aws-v2,1,ip-172-31-26-24,ranking,benchANT
2026-09-18 10:29:40+00:00,processes,paging,0,dbms,09-2026,yugabyte-2026111-vanilla-os-xlarge-xlarge-aws-v2,1,ip-172-31-26-24,ranking,benchANT
2026-09-18 10:29:50+00:00,processes,paging,0,dbms,09-2026,yugabyte-2026111-vanilla-os-xlarge-xlarge-aws-v2,1,ip-172-31-26-24,ranking,benchANT
2026-09-18 10:30:00+00:00,processes,paging,0,dbms,09-2026,yugabyte-2026111-vanilla-os-xlarge-xlarge-aws-v2,1,ip-172-31-26-24,ranking,benchANT
2026-09-18 10:30:10+00:00,processes,paging,0,dbms,09-2026,yugabyte-2026111-vanilla-os-xlarge-xlarge-aws-v2,1,ip-172-31-26-24,ranking,benchANT
2026-09-18 10:30:20+00:00,processes,paging,0,dbms,09-2026,yugabyte-2026111-vanilla-os-xlarge-xlarge-aws-v2,1,ip-172-31-26-24,ranking,benchANT
2026-09-18 10:30:30+00:00,processes,paging,0,dbms,09-2026,yugabyte-2026111-vanilla-os-xlarge-xlarge-aws-v2,1,ip-172-31-26-24,ranking,benchANT
2026-09-18 10:30:40+00:00,processes,paging,0,dbms,09-2026,yugabyte-2026111-vanilla-os-xlarge-xlarge-aws-v2,1,ip-172-31-26-24,ranking,benchANT
2026-09-18 10:30:50+00:00,processes,paging,0,dbms,09-2026,yugabyte-2026111-vanilla-os-xlarge-xlarge-aws-v2,1,ip-172-31-26-24,ranking,benchANT
2026-09-18 10:31:00+00:00,processes,paging,0,dbms,09-2026,yugabyte-2026111-vanilla-os-xlarge-xlarge-aws-v2,1,ip-172-31-26-24,ranking,benchANT
2026-09-18 10:31:10+00:00,processes,paging,0,dbms,09-2026,yugabyte-2026111-vanilla-os-xlarge-xlarge-aws-v2,1,ip-172-31-26-24,ranking,benchANT
2026-09-18 10:31:20+00:00,processes,paging,0,dbms,09-2026,yugabyte-2026111-vanilla-os-xlarge-xlarge-aws-v2,1,ip-172-31-26-24,ranking,benchANT
2026-09-18 10:23:00+00:00,processes,running,8,dbms,09-2026,yugabyte-2026111-vanilla-os-xlarge-xlarge-aws-v2,1,ip-172-31-26-24,ranking,benchANT
2026-09-18 10:23:10+00:00,processes,running,3,dbms,09-2026,yugabyte-2026111-vanilla-os-xlarge-xlarge-aws-v2,1,ip-172-31-26-24,ranking,benchANT
2026-09-18 10:23:20+00:00,processes,running,4,dbms,09-2026,yugabyte-2026111-vanilla-os-xlarge-xlarge-aws-v2,1,ip-172-31-26-24,ranking,benchANT
2026-09-18 10:23:30+00:00,processes,running,2,dbms,09-2026,yugabyte-2026111-vanilla-os-xlarge-xlarge-aws-v2,1,ip-172-31-26-24,ranking,benchANT
2026-09-18 10:23:40+00:00,processes,running,2,dbms,09-2026,yugabyte-2026111-vanilla-os-xlarge-xlarge-aws-v2,1,ip-172-31-26-24,ranking,benchANT
2026-09-18 10:23:50+00:00,processes,running,1,dbms,09-2026,yugabyte-2026111-vanilla-os-xlarge-xlarge-aws-v2,1,ip-172-31-26-24,ranking,benchANT
2026-09-18 10:24:00+00:00,processes,running,2,dbms,09-2026,yugabyte-2026111-vanilla-os-xlarge-xlarge-aws-v2,1,ip-172-31-26-24,ranking,benchANT
2026-09-18 10:24:10+00:00,processes,running,1,dbms,09-2026,yugabyte-2026111-vanilla-os-xlarge-xlarge-aws-v2,1,ip-172-31-26-24,ranking,benchANT
2026-09-18 10:24:20+00:00,processes,running,3,dbms,09-2026,yugabyte-2026111-vanilla-os-xlarge-xlarge-aws-v2,1,ip-172-31-26-24,ranking,benchANT
2026-09-18 10:24:30+00:00,processes,running,6,dbms,09-2026,yugabyte-2026111-vanilla-os-xlarge-xlarge-aws-v2,1,ip-172-31-26-24,ranking,benchANT
2026-09-18 10:24:40+00:00,processes,running,2,dbms,09-2026,yugabyte-2026111-vanilla-os-xlarge-xlarge-aws-v2,1,ip-172-31-26-24,ranking,benchANT
2026-09-18 10:24:50+00:00,processes,running,5,dbms,09-2026,yugabyte-2026111-vanilla-os-xlarge-xlarge-aws-v2,1,ip-172-31-26-24,ranking,benchANT
2026-09-18 10:25:00+00:00,processes,running,1,dbms,09-2026,yugabyte-2026111-vanilla-os-xlarge-xlarge-aws-v2,1,ip-172-31-26-24,ranking,benchANT
2026-09-18 10:25:10+00:00,processes,running,3,dbms,09-2026,yugabyte-2026111-vanilla-os-xlarge-xlarge-aws-v2,1,ip-172-31-26-24,ranking,benchANT
2026-09-18 10:25:20+00:00,processes,running,3,dbms,09-2026,yugabyte-2026111-vanilla-os-xlarge-xlarge-aws-v2,1,ip-172-31-26-24,ranking,benchANT
2026-09-18 10:25:30+00:00,processes,running,5,dbms,09-2026,yugabyte-2026111-vanilla-os-xlarge-xlarge-aws-v2,1,ip-172-31-26-24,ranking,benchANT
2026-09-18 10:25:40+00:00,processes,running,5,dbms,09-2026,yugabyte-2026111-vanilla-os-xlarge-xlarge-aws-v2,1,ip-172-31-26-24,ranking,benchANT
2026-09-18 10:25:50+00:00,processes,running,4,dbms,09-2026,yugabyte-2026111-vanilla-os-xlarge-xlarge-aws-v2,1,ip-172-31-26-24,ranking,benchANT
2026-09-18 10:26:00+00:00,processes,running,4,dbms,09-2026,yugabyte-2026111-vanilla-os-xlarge-xlarge-aws-v2,1,ip-172-31-26-24,ranking,benchANT
2026-09-18 10:26:10+00:00,processes,running,2,dbms,09-2026,yugabyte-2026111-vanilla-os-xlarge-xlarge-aws-v2,1,ip-172-31-26-24,ranking,benchANT
2026-09-18 10:26:20+00:00,processes,running,1,dbms,09-2026,yugabyte-2026111-vanilla-os-xlarge-xlarge-aws-v2,1,ip-172-31-26-24,ranking,benchANT
2026-09-18 10:26:30+00:00,processes,running,5,dbms,09-2026,yugabyte-2026111-vanilla-os-xlarge-xlarge-aws-v2,1,ip-172-31-26-24,ranking,benchANT
2026-09-18 10:26:40+00:00,processes,running,1,dbms,09-2026,yugabyte-2026111-vanilla-os-xlarge-xlarge-aws-v2,1,ip-172-31-26-24,ranking,benchANT
2026-09-18 10:26:50+00:00,processes,running,3,dbms,09-2026,yugabyte-2026111-vanilla-os-xlarge-xlarge-aws-v2,1,ip-172-31-26-24,ranking,benchANT
2026-09-18 10:27:00+00:00,processes,running,2,dbms,09-2026,yugabyte-2026111-vanilla-os-xlarge-xlarge-aws-v2,1,ip-172-31-26-24,ranking,benchANT
2026-09-18 10:27:10+00:00,processes,running,3,dbms,09-2026,yugabyte-2026111-vanilla-os-xlarge-xlarge-aws-v2,1,ip-172-31-26-24,ranking,benchANT
2026-09-18 10:27:20+00:00,processes,running,7,dbms,09-2026,yugabyte-2026111-vanilla-os-xlarge-xlarge-aws-v2,1,ip-172-31-26-24,ranking,benchANT
2026-09-18 10:27:30+00:00,processes,running,2,dbms,09-2026,yugabyte-2026111-vanilla-os-xlarge-xlarge-aws-v2,1,ip-172-31-26-24,ranking,benchANT
2026-09-18 10:27:40+00:00,processes,running,6,dbms,09-2026,yugabyte-2026111-vanilla-os-xlarge-xlarge-aws-v2,1,ip-172-31-26-24,ranking,benchANT
2026-09-18 10:27:50+00:00,processes,running,3,dbms,09-2026,yugabyte-2026111-vanilla-os-xlarge-xlarge-aws-v2,1,ip-172-31-26-24,ranking,benchANT
2026-09-18 10:28:00+00:00,processes,running,3,dbms,09-2026,yugabyte-2026111-vanilla-os-xlarge-xlarge-aws-v2,1,ip-172-31-26-24,ranking,benchANT
2026-09-18 10:28:10+00:00,processes,running,3,dbms,09-2026,yugabyte-2026111-vanilla-os-xlarge-xlarge-aws-v2,1,ip-172-31-26-24,ranking,benchANT
2026-09-18 10:28:20+00:00,processes,running,2,dbms,09-2026,yugabyte-2026111-vanilla-os-xlarge-xlarge-aws-v2,1,ip-172-31-26-24,ranking,benchANT
2026-09-18 10:28:30+00:00,processes,running,3,dbms,09-2026,yugabyte-2026111-vanilla-os-xlarge-xlarge-aws-v2,1,ip-172-31-26-24,ranking,benchANT
2026-09-18 10:28:40+00:00,processes,running,2,dbms,09-2026,yugabyte-2026111-vanilla-os-xlarge-xlarge-aws-v2,1,ip-172-31-26-24,ranking,benchANT
2026-09-18 10:28:50+00:00,processes,running,2,dbms,09-2026,yugabyte-2026111-vanilla-os-xlarge-xlarge-aws-v2,1,ip-172-31-26-24,ranking,benchANT
2026-09-18 10:29:00+00:00,processes,running,9,dbms,09-2026,yugabyte-2026111-vanilla-os-xlarge-xlarge-aws-v2,1,ip-172-31-26-24,ranking,benchANT
2026-09-18 10:29:10+00:00,processes,running,1,dbms,09-2026,yugabyte-2026111-vanilla-os-xlarge-xlarge-aws-v2,1,ip-172-31-26-24,ranking,benchANT
2026-09-18 10:29:20+00:00,processes,running,5,dbms,09-2026,yugabyte-2026111-vanilla-os-xlarge-xlarge-aws-v2,1,ip-172-31-26-24,ranking,benchANT
2026-09-18 10:29:30+00:00,processes,running,2,dbms,09-2026,yugabyte-2026111-vanilla-os-xlarge-xlarge-aws-v2,1,ip-172-31-26-24,ranking,benchANT
2026-09-18 10:29:40+00:00,processes,running,2,dbms,09-2026,yugabyte-2026111-vanilla-os-xlarge-xlarge-aws-v2,1,ip-172-31-26-24,ranking,benchANT
2026-09-18 10:29:50+00:00,processes,running,4,dbms,09-2026,yugabyte-2026111-vanilla-os-xlarge-xlarge-aws-v2,1,ip-172-31-26-24,ranking,benchANT
2026-09-18 10:30:00+00:00,processes,running,2,dbms,09-2026,yugabyte-2026111-vanilla-os-xlarge-xlarge-aws-v2,1,ip-172-31-26-24,ranking,benchANT
2026-09-18 10:30:10+00:00,processes,running,4,dbms,09-2026,yugabyte-2026111-vanilla-os-xlarge-xlarge-aws-v2,1,ip-172-31-26-24,ranking,benchANT
2026-09-18 10:30:20+00:00,processes,running,3,dbms,09-2026,yugabyte-2026111-vanilla-os-xlarge-xlarge-aws-v2,1,ip-172-31-26-24,ranking,benchANT
2026-09-18 10:30:30+00:00,processes,running,5,dbms,09-2026,yugabyte-2026111-vanilla-os-xlarge-xlarge-aws-v2,1,ip-172-31-26-24,ranking,benchANT
2026-09-18 10:30:40+00:00,processes,running,6,dbms,09-2026,yugabyte-2026111-vanilla-os-xlarge-xlarge-aws-v2,1,ip-172-31-26-24,ranking,benchANT
2026-09-18 10:30:50+00:00,processes,running,5,dbms,09-2026,yugabyte-2026111-vanilla-os-xlarge-xlarge-aws-v2,1,ip-172-31-26-24,ranking,benchANT
2026-09-18 10:31:00+00:00,processes,running,0,dbms,09-2026,yugabyte-2026111-vanilla-os-xlarge-xlarge-aws-v2,1,ip-172-31-26-24,ranking,benchANT
2026-09-18 10:31:10+00:00,processes,running,0,dbms,09-2026,yugabyte-2026111-vanilla-os-xlarge-xlarge-aws-v2,1,ip-172-31-26-24,ranking,benchANT
2026-09-18 10:31:20+00:00,processes,running,0,dbms,09-2026,yugabyte-2026111-vanilla-os-xlarge-xlarge-aws-v2,1,ip-172-31-26-24,ranking,benchANT
2026-09-18 10:23:00+00:00,processes,sleeping,142,dbms,09-2026,yugabyte-2026111-vanilla-os-xlarge-xlarge-aws-v2,1,ip-172-31-26-24,ranking,benchANT
2026-09-18 10:23:10+00:00,processes,sleeping,147,dbms,09-2026,yugabyte-2026111-vanilla-os-xlarge-xlarge-aws-v2,1,ip-172-31-26-24,ranking,benchANT
2026-09-18 10:23:20+00:00,processes,sleeping,146,dbms,09-2026,yugabyte-2026111-vanilla-os-xlarge-xlarge-aws-v2,1,ip-172-31-26-24,ranking,benchANT
2026-09-18 10:23:30+00:00,processes,sleeping,148,dbms,09-2026,yugabyte-2026111-vanilla-os-xlarge-xlarge-aws-v2,1,ip-172-31-26-24,ranking,benchANT
2026-09-18 10:23:40+00:00,processes,sleeping,148,dbms,09-2026,yugabyte-2026111-vanilla-os-xlarge-xlarge-aws-v2,1,ip-172-31-26-24,ranking,benchANT
2026-09-18 10:23:50+00:00,processes,sleeping,149,dbms,09-2026,yugabyte-2026111-vanilla-os-xlarge-xlarge-aws-v2,1,ip-172-31-26-24,ranking,benchANT
2026-09-18 10:24:00+00:00,processes,sleeping,148,dbms,09-2026,yugabyte-2026111-vanilla-os-xlarge-xlarge-aws-v2,1,ip-172-31-26-24,ranking,benchANT
2026-09-18 10:24:10+00:00,processes,sleeping,149,dbms,09-2026,yugabyte-2026111-vanilla-os-xlarge-xlarge-aws-v2,1,ip-172-31-26-24,ranking,benchANT
2026-09-18 10:24:20+00:00,processes,sleeping,146,dbms,09-2026,yugabyte-2026111-vanilla-os-xlarge-xlarge-aws-v2,1,ip-172-31-26-24,ranking,benchANT
2026-09-18 10:24:30+00:00,processes,sleeping,143,dbms,09-2026,yugabyte-2026111-vanilla-os-xlarge-xlarge-aws-v2,1,ip-172-31-26-24,ranking,benchANT
2026-09-18 10:24:40+00:00,processes,sleeping,148,dbms,09-2026,yugabyte-2026111-vanilla-os-xlarge-xlarge-aws-v2,1,ip-172-31-26-24,ranking,benchANT
2026-09-18 10:24:50+00:00,processes,sleeping,145,dbms,09-2026,yugabyte-2026111-vanilla-os-xlarge-xlarge-aws-v2,1,ip-172-31-26-24,ranking,benchANT
2026-09-18 10:25:00+00:00,processes,sleeping,149,dbms,09-2026,yugabyte-2026111-vanilla-os-xlarge-xlarge-aws-v2,1,ip-172-31-26-24,ranking,benchANT
2026-09-18 10:25:10+00:00,processes,sleeping,147,dbms,09-2026,yugabyte-2026111-vanilla-os-xlarge-xlarge-aws-v2,1,ip-172-31-26-24,ranking,benchANT
2026-09-18 10:25:20+00:00,processes,sleeping,147,dbms,09-2026,yugabyte-2026111-vanilla-os-xlarge-xlarge-aws-v2,1,ip-172-31-26-24,ranking,benchANT
2026-09-18 10:25:30+00:00,processes,sleeping,144,dbms,09-2026,yugabyte-2026111-vanilla-os-xlarge-xlarge-aws-v2,1,ip-172-31-26-24,ranking,benchANT
2026-09-18 10:25:40+00:00,processes,sleeping,145,dbms,09-2026,yugabyte-2026111-vanilla-os-xlarge-xlarge-aws-v2,1,ip-172-31-26-24,ranking,benchANT
2026-09-18 10:25:50+00:00,processes,sleeping,146,dbms,09-2026,yugabyte-2026111-vanilla-os-xlarge-xlarge-aws-v2,1,ip-172-31-26-24,ranking,benchANT
2026-09-18 10:26:00+00:00,processes,sleeping,146,dbms,09-2026,yugabyte-2026111-vanilla-os-xlarge-xlarge-aws-v2,1,ip-172-31-26-24,ranking,benchANT
2026-09-18 10:26:10+00:00,processes,sleeping,148,dbms,09-2026,yugabyte-2026111-vanilla-os-xlarge-xlarge-aws-v2,1,ip-172-31-26-24,ranking,benchANT
2026-09-18 10:26:20+00:00,processes,sleeping,149,dbms,09-2026,yugabyte-2026111-vanilla-os-xlarge-xlarge-aws-v2,1,ip-172-31-26-24,ranking,benchANT
2026-09-18 10:26:30+00:00,processes,sleeping,145,dbms,09-2026,yugabyte-2026111-vanilla-os-xlarge-xlarge-aws-v2,1,ip-172-31-26-24,ranking,benchANT
2026-09-18 10:26:40+00:00,processes,sleeping,149,dbms,09-2026,yugabyte-2026111-vanilla-os-xlarge-xlarge-aws-v2,1,ip-172-31-26-24,ranking,benchANT
2026-09-18 10:26:50+00:00,processes,sleeping,147,dbms,09-2026,yugabyte-2026111-vanilla-os-xlarge-xlarge-aws-v2,1,ip-172-31-26-24,ranking,benchANT
2026-09-18 10:27:00+00:00,processes,sleeping,148,dbms,09-2026,yugabyte-2026111-vanilla-os-xlarge-xlarge-aws-v2,1,ip-172-31-26-24,ranking,benchANT
2026-09-18 10:27:10+00:00,processes,sleeping,147,dbms,09-2026,yugabyte-2026111-vanilla-os-xlarge-xlarge-aws-v2,1,ip-172-31-26-24,ranking,benchANT
2026-09-18 10:27:20+00:00,processes,sleeping,143,dbms,09-2026,yugabyte-2026111-vanilla-os-xlarge-xlarge-aws-v2,1,ip-172-31-26-24,ranking,benchANT
2026-09-18 10:27:30+00:00,processes,sleeping,148,dbms,09-2026,yugabyte-2026111-vanilla-os-xlarge-xlarge-aws-v2,1,ip-172-31-26-24,ranking,benchANT
2026-09-18 10:27:40+00:00,processes,sleeping,144,dbms,09-2026,yugabyte-2026111-vanilla-os-xlarge-xlarge-aws-v2,1,ip-172-31-26-24,ranking,benchANT
2026-09-18 10:27:50+00:00,processes,sleeping,146,dbms,09-2026,yugabyte-2026111-vanilla-os-xlarge-xlarge-aws-v2,1,ip-172-31-26-24,ranking,benchANT
2026-09-18 10:28:00+00:00,processes,sleeping,147,dbms,09-2026,yugabyte-2026111-vanilla-os-xlarge-xlarge-aws-v2,1,ip-172-31-26-24,ranking,benchANT
2026-09-18 10:28:10+00:00,processes,sleeping,147,dbms,09-2026,yugabyte-2026111-vanilla-os-xlarge-xlarge-aws-v2,1,ip-172-31-26-24,ranking,benchANT
2026-09-18 10:28:20+00:00,processes,sleeping,148,dbms,09-2026,yugabyte-2026111-vanilla-os-xlarge-xlarge-aws-v2,1,ip-172-31-26-24,ranking,benchANT
2026-09-18 10:28:30+00:00,processes,sleeping,147,dbms,09-2026,yugabyte-2026111-vanilla-os-xlarge-xlarge-aws-v2,1,ip-172-31-26-24,ranking,benchANT
2026-09-18 10:28:40+00:00,processes,sleeping,148,dbms,09-2026,yugabyte-2026111-vanilla-os-xlarge-xlarge-aws-v2,1,ip-172-31-26-24,ranking,benchANT
2026-09-18 10:28:50+00:00,processes,sleeping,148,dbms,09-2026,yugabyte-2026111-vanilla-os-xlarge-xlarge-aws-v2,1,ip-172-31-26-24,ranking,benchANT
2026-09-18 10:29:00+00:00,processes,sleeping,141,dbms,09-2026,yugabyte-2026111-vanilla-os-xlarge-xlarge-aws-v2,1,ip-172-31-26-24,ranking,benchANT
2026-09-18 10:29:10+00:00,processes,sleeping,148,dbms,09-2026,yugabyte-2026111-vanilla-os-xlarge-xlarge-aws-v2,1,ip-172-31-26-24,ranking,benchANT
2026-09-18 10:29:20+00:00,processes,sleeping,144,dbms,09-2026,yugabyte-2026111-vanilla-os-xlarge-xlarge-aws-v2,1,ip-172-31-26-24,ranking,benchANT
2026-09-18 10:29:30+00:00,processes,sleeping,148,dbms,09-2026,yugabyte-2026111-vanilla-os-xlarge-xlarge-aws-v2,1,ip-172-31-26-24,ranking,benchANT
2026-09-18 10:29:40+00:00,processes,sleeping,148,dbms,09-2026,yugabyte-2026111-vanilla-os-xlarge-xlarge-aws-v2,1,ip-172-31-26-24,ranking,benchANT
2026-09-18 10:29:50+00:00,processes,sleeping,146,dbms,09-2026,yugabyte-2026111-vanilla-os-xlarge-xlarge-aws-v2,1,ip-172-31-26-24,ranking,benchANT
2026-09-18 10:30:00+00:00,processes,sleeping,148,dbms,09-2026,yugabyte-2026111-vanilla-os-xlarge-xlarge-aws-v2,1,ip-172-31-26-24,ranking,benchANT
2026-09-18 10:30:10+00:00,processes,sleeping,146,dbms,09-2026,yugabyte-2026111-vanilla-os-xlarge-xlarge-aws-v2,1,ip-172-31-26-24,ranking,benchANT
2026-09-18 10:30:20+00:00,processes,sleeping,145,dbms,09-2026,yugabyte-2026111-vanilla-os-xlarge-xlarge-aws-v2,1,ip-172-31-26-24,ranking,benchANT
2026-09-18 10:30:30+00:00,processes,sleeping,140,dbms,09-2026,yugabyte-2026111-vanilla-os-xlarge-xlarge-aws-v2,1,ip-172-31-26-24,ranking,benchANT
2026-09-18 10:30:40+00:00,processes,sleeping,132,dbms,09-2026,yugabyte-2026111-vanilla-os-xlarge-xlarge-aws-v2,1,ip-172-31-26-24,ranking,benchANT
2026-09-18 10:30:50+00:00,processes,sleeping,109,dbms,09-2026,yugabyte-2026111-vanilla-os-xlarge-xlarge-aws-v2,1,ip-172-31-26-24,ranking,benchANT
2026-09-18 10:31:00+00:00,processes,sleeping,84,dbms,09-2026,yugabyte-2026111-vanilla-os-xlarge-xlarge-aws-v2,1,ip-172-31-26-24,ranking,benchANT
2026-09-18 10:31:10+00:00,processes,sleeping,83,dbms,09-2026,yugabyte-2026111-vanilla-os-xlarge-xlarge-aws-v2,1,ip-172-31-26-24,ranking,benchANT
2026-09-18 10:31:20+00:00,processes,sleeping,83,dbms,09-2026,yugabyte-2026111-vanilla-os-xlarge-xlarge-aws-v2,1,ip-172-31-26-24,ranking,benchANT
2026-09-18 10:23:00+00:00,processes,stopped,0,dbms,09-2026,yugabyte-2026111-vanilla-os-xlarge-xlarge-aws-v2,1,ip-172-31-26-24,ranking,benchANT
2026-09-18 10:23:10+00:00,processes,stopped,0,dbms,09-2026,yugabyte-2026111-vanilla-os-xlarge-xlarge-aws-v2,1,ip-172-31-26-24,ranking,benchANT
2026-09-18 10:23:20+00:00,processes,stopped,0,dbms,09-2026,yugabyte-2026111-vanilla-os-xlarge-xlarge-aws-v2,1,ip-172-31-26-24,ranking,benchANT
2026-09-18 10:23:30+00:00,processes,stopped,0,dbms,09-2026,yugabyte-2026111-vanilla-os-xlarge-xlarge-aws-v2,1,ip-172-31-26-24,ranking,benchANT
2026-09-18 10:23:40+00:00,processes,stopped,0,dbms,09-2026,yugabyte-2026111-vanilla-os-xlarge-xlarge-aws-v2,1,ip-172-31-26-24,ranking,benchANT
2026-09-18 10:23:50+00:00,processes,stopped,0,dbms,09-2026,yugabyte-2026111-vanilla-os-xlarge-xlarge-aws-v2,1,ip-172-31-26-24,ranking,benchANT
2026-09-18 10:24:00+00:00,processes,stopped,0,dbms,09-2026,yugabyte-2026111-vanilla-os-xlarge-xlarge-aws-v2,1,ip-172-31-26-24,ranking,benchANT
2026-09-18 10:24:10+00:00,processes,stopped,0,dbms,09-2026,yugabyte-2026111-vanilla-os-xlarge-xlarge-aws-v2,1,ip-172-31-26-24,ranking,benchANT
2026-09-18 10:24:20+00:00,processes,stopped,0,dbms,09-2026,yugabyte-2026111-vanilla-os-xlarge-xlarge-aws-v2,1,ip-172-31-26-24,ranking,benchANT
2026-09-18 10:24:30+00:00,processes,stopped,0,dbms,09-2026,yugabyte-2026111-vanilla-os-xlarge-xlarge-aws-v2,1,ip-172-31-26-24,ranking,benchANT
2026-09-18 10:24:40+00:00,processes,stopped,0,dbms,09-2026,yugabyte-2026111-vanilla-os-xlarge-xlarge-aws-v2,1,ip-172-31-26-24,ranking,benchANT
2026-09-18 10:24:50+00:00,processes,stopped,0,dbms,09-2026,yugabyte-2026111-vanilla-os-xlarge-xlarge-aws-v2,1,ip-172-31-26-24,ranking,benchANT
2026-09-18 10:25:00+00:00,processes,stopped,0,dbms,09-2026,yugabyte-2026111-vanilla-os-xlarge-xlarge-aws-v2,1,ip-172-31-26-24,ranking,benchANT
2026-09-18 10:25:10+00:00,processes,stopped,0,dbms,09-2026,yugabyte-2026111-vanilla-os-xlarge-xlarge-aws-v2,1,ip-172-31-26-24,ranking,benchANT
2026-09-18 10:25:20+00:00,processes,stopped,0,dbms,09-2026,yugabyte-2026111-vanilla-os-xlarge-xlarge-aws-v2,1,ip-172-31-26-24,ranking,benchANT
2026-09-18 10:25:30+00:00,processes,stopped,0,dbms,09-2026,yugabyte-2026111-vanilla-os-xlarge-xlarge-aws-v2,1,ip-172-31-26-24,ranking,benchANT
2026-09-18 10:25:40+00:00,processes,stopped,0,dbms,09-2026,yugabyte-2026111-vanilla-os-xlarge-xlarge-aws-v2,1,ip-172-31-26-24,ranking,benchANT
2026-09-18 10:25:50+00:00,processes,stopped,0,dbms,09-2026,yugabyte-2026111-vanilla-os-xlarge-xlarge-aws-v2,1,ip-172-31-26-24,ranking,benchANT
2026-09-18 10:26:00+00:00,processes,stopped,0,dbms,09-2026,yugabyte-2026111-vanilla-os-xlarge-xlarge-aws-v2,1,ip-172-31-26-24,ranking,benchANT
2026-09-18 10:26:10+00:00,processes,stopped,0,dbms,09-2026,yugabyte-2026111-vanilla-os-xlarge-xlarge-aws-v2,1,ip-172-31-26-24,ranking,benchANT
2026-09-18 10:26:20+00:00,processes,stopped,0,dbms,09-2026,yugabyte-2026111-vanilla-os-xlarge-xlarge-aws-v2,1,ip-172-31-26-24,ranking,benchANT
2026-09-18 10:26:30+00:00,processes,stopped,0,dbms,09-2026,yugabyte-2026111-vanilla-os-xlarge-xlarge-aws-v2,1,ip-172-31-26-24,ranking,benchANT
2026-09-18 10:26:40+00:00,processes,stopped,0,dbms,09-2026,yugabyte-2026111-vanilla-os-xlarge-xlarge-aws-v2,1,ip-172-31-26-24,ranking,benchANT
2026-09-18 10:26:50+00:00,processes,stopped,0,dbms,09-2026,yugabyte-2026111-vanilla-os-xlarge-xlarge-aws-v2,1,ip-172-31-26-24,ranking,benchANT
2026-09-18 10:27:00+00:00,processes,stopped,0,dbms,09-2026,yugabyte-2026111-vanilla-os-xlarge-xlarge-aws-v2,1,ip-172-31-26-24,ranking,benchANT
2026-09-18 10:27:10+00:00,processes,stopped,0,dbms,09-2026,yugabyte-2026111-vanilla-os-xlarge-xlarge-aws-v2,1,ip-172-31-26-24,ranking,benchANT
2026-09-18 10:27:20+00:00,processes,stopped,0,dbms,09-2026,yugabyte-2026111-vanilla-os-xlarge-xlarge-aws-v2,1,ip-172-31-26-24,ranking,benchANT
2026-09-18 10:27:30+00:00,processes,stopped,0,dbms,09-2026,yugabyte-2026111-vanilla-os-xlarge-xlarge-aws-v2,1,ip-172-31-26-24,ranking,benchANT
2026-09-18 10:27:40+00:00,processes,stopped,0,dbms,09-2026,yugabyte-2026111-vanilla-os-xlarge-xlarge-aws-v2,1,ip-172-31-26-24,ranking,benchANT
2026-09-18 10:27:50+00:00,processes,stopped,0,dbms,09-2026,yugabyte-2026111-vanilla-os-xlarge-xlarge-aws-v2,1,ip-172-31-26-24,ranking,benchANT
2026-09-18 10:28:00+00:00,processes,stopped,0,dbms,09-2026,yugabyte-2026111-vanilla-os-xlarge-xlarge-aws-v2,1,ip-172-31-26-24,ranking,benchANT
2026-09-18 10:28:10+00:00,processes,stopped,0,dbms,09-2026,yugabyte-2026111-vanilla-os-xlarge-xlarge-aws-v2,1,ip-172-31-26-24,ranking,benchANT
2026-09-18 10:28:20+00:00,processes,stopped,0,dbms,09-2026,yugabyte-2026111-vanilla-os-xlarge-xlarge-aws-v2,1,ip-172-31-26-24,ranking,benchANT
2026-09-18 10:28:30+00:00,processes,stopped,0,dbms,09-2026,yugabyte-2026111-vanilla-os-xlarge-xlarge-aws-v2,1,ip-172-31-26-24,ranking,benchANT
2026-09-18 10:28:40+00:00,processes,stopped,0,dbms,09-2026,yugabyte-2026111-vanilla-os-xlarge-xlarge-aws-v2,1,ip-172-31-26-24,ranking,benchANT
2026-09-18 10:28:50+00:00,processes,stopped,0,dbms,09-2026,yugabyte-2026111-vanilla-os-xlarge-xlarge-aws-v2,1,ip-172-31-26-24,ranking,benchANT
2026-09-18 10:29:00+00:00,processes,stopped,0,dbms,09-2026,yugabyte-2026111-vanilla-os-xlarge-xlarge-aws-v2,1,ip-172-31-26-24,ranking,benchANT
2026-09-18 10:29:10+00:00,processes,stopped,0,dbms,09-2026,yugabyte-2026111-vanilla-os-xlarge-xlarge-aws-v2,1,ip-172-31-26-24,ranking,benchANT
2026-09-18 10:29:20+00:00,processes,stopped,0,dbms,09-2026,yugabyte-2026111-vanilla-os-xlarge-xlarge-aws-v2,1,ip-172-31-26-24,ranking,benchANT
2026-09-18 10:29:30+00:00,processes,stopped,0,dbms,09-2026,yugabyte-2026111-vanilla-os-xlarge-xlarge-aws-v2,1,ip-172-31-26-24,ranking,benchANT
2026-09-18 10:29:40+00:00,processes,stopped,0,dbms,09-2026,yugabyte-2026111-vanilla-os-xlarge-xlarge-aws-v2,1,ip-172-31-26-24,ranking,benchANT
2026-09-18 10:29:50+00:00,processes,stopped,0,dbms,09-2026,yugabyte-2026111-vanilla-os-xlarge-xlarge-aws-v2,1,ip-172-31-26-24,ranking,benchANT
2026-09-18 10:30:00+00:00,processes,stopped,0,dbms,09-2026,yugabyte-2026111-vanilla-os-xlarge-xlarge-aws-v2,1,ip-172-31-26-24,ranking,benchANT
2026-09-18 10:30:10+00:00,processes,stopped,0,dbms,09-2026,yugabyte-2026111-vanilla-os-xlarge-xlarge-aws-v2,1,ip-172-31-26-24,ranking,benchANT
2026-09-18 10:30:20+00:00,processes,stopped,0,dbms,09-2026,yugabyte-2026111-vanilla-os-xlarge-xlarge-aws-v2,1,ip-172-31-26-24,ranking,benchANT
2026-09-18 10:30:30+00:00,processes,stopped,0,dbms,09-2026,yugabyte-2026111-vanilla-os-xlarge-xlarge-aws-v2,1,ip-172-31-26-24,ranking,benchANT
2026-09-18 10:30:40+00:00,processes,stopped,0,dbms,09-2026,yugabyte-2026111-vanilla-os-xlarge-xlarge-aws-v2,1,ip-172-31-26-24,ranking,benchANT
2026-09-18 10:30:50+00:00,processes,stopped,0,dbms,09-2026,yugabyte-2026111-vanilla-os-xlarge-xlarge-aws-v2,1,ip-172-31-26-24,ranking,benchANT
2026-09-18 10:31:00+00:00,processes,stopped,0,dbms,09-2026,yugabyte-2026111-vanilla-os-xlarge-xlarge-aws-v2,1,ip-172-31-26-24,ranking,benchANT
2026-09-18 10:31:10+00:00,processes,stopped,0,dbms,09-2026,yugabyte-2026111-vanilla-os-xlarge-xlarge-aws-v2,1,ip-172-31-26-24,ranking,benchANT
2026-09-18 10:31:20+00:00,processes,stopped,0,dbms,09-2026,yugabyte-2026111-vanilla-os-xlarge-xlarge-aws-v2,1,ip-172-31-26-24,ranking,benchANT
2026-09-18 10:23:00+00:00,processes,total,227,dbms,09-2026,yugabyte-2026111-vanilla-os-xlarge-xlarge-aws-v2,1,ip-172-31-26-24,ranking,benchANT
2026-09-18 10:23:10+00:00,processes,total,227,dbms,09-2026,yugabyte-2026111-vanilla-os-xlarge-xlarge-aws-v2,1,ip-172-31-26-24,ranking,benchANT
2026-09-18 10:23:20+00:00,processes,total,227,dbms,09-2026,yugabyte-2026111-vanilla-os-xlarge-xlarge-aws-v2,1,ip-172-31-26-24,ranking,benchANT
2026-09-18 10:23:30+00:00,processes,total,229,dbms,09-2026,yugabyte-2026111-vanilla-os-xlarge-xlarge-aws-v2,1,ip-172-31-26-24,ranking,benchANT
2026-09-18 10:23:40+00:00,processes,total,229,dbms,09-2026,yugabyte-2026111-vanilla-os-xlarge-xlarge-aws-v2,1,ip-172-31-26-24,ranking,benchANT
2026-09-18 10:23:50+00:00,processes,total,229,dbms,09-2026,yugabyte-2026111-vanilla-os-xlarge-xlarge-aws-v2,1,ip-172-31-26-24,ranking,benchANT
2026-09-18 10:24:00+00:00,processes,total,229,dbms,09-2026,yugabyte-2026111-vanilla-os-xlarge-xlarge-aws-v2,1,ip-172-31-26-24,ranking,benchANT
2026-09-18 10:24:10+00:00,processes,total,229,dbms,09-2026,yugabyte-2026111-vanilla-os-xlarge-xlarge-aws-v2,1,ip-172-31-26-24,ranking,benchANT
2026-09-18 10:24:20+00:00,processes,total,229,dbms,09-2026,yugabyte-2026111-vanilla-os-xlarge-xlarge-aws-v2,1,ip-172-31-26-24,ranking,benchANT
2026-09-18 10:24:30+00:00,processes,total,229,dbms,09-2026,yugabyte-2026111-vanilla-os-xlarge-xlarge-aws-v2,1,ip-172-31-26-24,ranking,benchANT
2026-09-18 10:24:40+00:00,processes,total,229,dbms,09-2026,yugabyte-2026111-vanilla-os-xlarge-xlarge-aws-v2,1,ip-172-31-26-24,ranking,benchANT
2026-09-18 10:24:50+00:00,processes,total,229,dbms,09-2026,yugabyte-2026111-vanilla-os-xlarge-xlarge-aws-v2,1,ip-172-31-26-24,ranking,benchANT
2026-09-18 10:25:00+00:00,processes,total,229,dbms,09-2026,yugabyte-2026111-vanilla-os-xlarge-xlarge-aws-v2,1,ip-172-31-26-24,ranking,benchANT
2026-09-18 10:25:10+00:00,processes,total,229,dbms,09-2026,yugabyte-2026111-vanilla-os-xlarge-xlarge-aws-v2,1,ip-172-31-26-24,ranking,benchANT
2026-09-18 10:25:20+00:00,processes,total,228,dbms,09-2026,yugabyte-2026111-vanilla-os-xlarge-xlarge-aws-v2,1,ip-172-31-26-24,ranking,benchANT
2026-09-18 10:25:30+00:00,processes,total,228,dbms,09-2026,yugabyte-2026111-vanilla-os-xlarge-xlarge-aws-v2,1,ip-172-31-26-24,ranking,benchANT
2026-09-18 10:25:40+00:00,processes,total,228,dbms,09-2026,yugabyte-2026111-vanilla-os-xlarge-xlarge-aws-v2,1,ip-172-31-26-24,ranking,benchANT
2026-09-18 10:25:50+00:00,processes,total,228,dbms,09-2026,yugabyte-2026111-vanilla-os-xlarge-xlarge-aws-v2,1,ip-172-31-26-24,ranking,benchANT
2026-09-18 10:26:00+00:00,processes,total,228,dbms,09-2026,yugabyte-2026111-vanilla-os-xlarge-xlarge-aws-v2,1,ip-172-31-26-24,ranking,benchANT
2026-09-18 10:26:10+00:00,processes,total,228,dbms,09-2026,yugabyte-2026111-vanilla-os-xlarge-xlarge-aws-v2,1,ip-172-31-26-24,ranking,benchANT
2026-09-18 10:26:20+00:00,processes,total,228,dbms,09-2026,yugabyte-2026111-vanilla-os-xlarge-xlarge-aws-v2,1,ip-172-31-26-24,ranking,benchANT
2026-09-18 10:26:30+00:00,processes,total,228,dbms,09-2026,yugabyte-2026111-vanilla-os-xlarge-xlarge-aws-v2,1,ip-172-31-26-24,ranking,benchANT
2026-09-18 10:26:40+00:00,processes,total,228,dbms,09-2026,yugabyte-2026111-vanilla-os-xlarge-xlarge-aws-v2,1,ip-172-31-26-24,ranking,benchANT
2026-09-18 10:26:50+00:00,processes,total,228,dbms,09-2026,yugabyte-2026111-vanilla-os-xlarge-xlarge-aws-v2,1,ip-172-31-26-24,ranking,benchANT
2026-09-18 10:27:00+00:00,processes,total,228,dbms,09-2026,yugabyte-2026111-vanilla-os-xlarge-xlarge-aws-v2,1,ip-172-31-26-24,ranking,benchANT
2026-09-18 10:27:10+00:00,processes,total,228,dbms,09-2026,yugabyte-2026111-vanilla-os-xlarge-xlarge-aws-v2,1,ip-172-31-26-24,ranking,benchANT
2026-09-18 10:27:20+00:00,processes,total,228,dbms,09-2026,yugabyte-2026111-vanilla-os-xlarge-xlarge-aws-v2,1,ip-172-31-26-24,ranking,benchANT
2026-09-18 10:27:30+00:00,processes,total,228,dbms,09-2026,yugabyte-2026111-vanilla-os-xlarge-xlarge-aws-v2,1,ip-172-31-26-24,ranking,benchANT
2026-09-18 10:27:40+00:00,processes,total,228,dbms,09-2026,yugabyte-2026111-vanilla-os-xlarge-xlarge-aws-v2,1,ip-172-31-26-24,ranking,benchANT
2026-09-18 10:27:50+00:00,processes,total,228,dbms,09-2026,yugabyte-2026111-vanilla-os-xlarge-xlarge-aws-v2,1,ip-172-31-26-24,ranking,benchANT
2026-09-18 10:28:00+00:00,processes,total,228,dbms,09-2026,yugabyte-2026111-vanilla-os-xlarge-xlarge-aws-v2,1,ip-172-31-26-24,ranking,benchANT
2026-09-18 10:28:10+00:00,processes,total,228,dbms,09-2026,yugabyte-2026111-vanilla-os-xlarge-xlarge-aws-v2,1,ip-172-31-26-24,ranking,benchANT
2026-09-18 10:28:20+00:00,processes,total,228,dbms,09-2026,yugabyte-2026111-vanilla-os-xlarge-xlarge-aws-v2,1,ip-172-31-26-24,ranking,benchANT
2026-09-18 10:28:30+00:00,processes,total,227,dbms,09-2026,yugabyte-2026111-vanilla-os-xlarge-xlarge-aws-v2,1,ip-172-31-26-24,ranking,benchANT
2026-09-18 10:28:40+00:00,processes,total,227,dbms,09-2026,yugabyte-2026111-vanilla-os-xlarge-xlarge-aws-v2,1,ip-172-31-26-24,ranking,benchANT
2026-09-18 10:28:50+00:00,processes,total,227,dbms,09-2026,yugabyte-2026111-vanilla-os-xlarge-xlarge-aws-v2,1,ip-172-31-26-24,ranking,benchANT
2026-09-18 10:29:00+00:00,processes,total,227,dbms,09-2026,yugabyte-2026111-vanilla-os-xlarge-xlarge-aws-v2,1,ip-172-31-26-24,ranking,benchANT
2026-09-18 10:29:10+00:00,processes,total,227,dbms,09-2026,yugabyte-2026111-vanilla-os-xlarge-xlarge-aws-v2,1,ip-172-31-26-24,ranking,benchANT
2026-09-18 10:29:20+00:00,processes,total,227,dbms,09-2026,yugabyte-2026111-vanilla-os-xlarge-xlarge-aws-v2,1,ip-172-31-26-24,ranking,benchANT
2026-09-18 10:29:30+00:00,processes,total,227,dbms,09-2026,yugabyte-2026111-vanilla-os-xlarge-xlarge-aws-v2,1,ip-172-31-26-24,ranking,benchANT
2026-09-18 10:29:40+00:00,processes,total,227,dbms,09-2026,yugabyte-2026111-vanilla-os-xlarge-xlarge-aws-v2,1,ip-172-31-26-24,ranking,benchANT
2026-09-18 10:29:50+00:00,processes,total,227,dbms,09-2026,yugabyte-2026111-vanilla-os-xlarge-xlarge-aws-v2,1,ip-172-31-26-24,ranking,benchANT
2026-09-18 10:30:00+00:00,processes,total,227,dbms,09-2026,yugabyte-2026111-vanilla-os-xlarge-xlarge-aws-v2,1,ip-172-31-26-24,ranking,benchANT
2026-09-18 10:30:10+00:00,processes,total,228,dbms,09-2026,yugabyte-2026111-vanilla-os-xlarge-xlarge-aws-v2,1,ip-172-31-26-24,ranking,benchANT
2026-09-18 10:30:20+00:00,processes,total,226,dbms,09-2026,yugabyte-2026111-vanilla-os-xlarge-xlarge-aws-v2,1,ip-172-31-26-24,ranking,benchANT
2026-09-18 10:30:30+00:00,processes,total,224,dbms,09-2026,yugabyte-2026111-vanilla-os-xlarge-xlarge-aws-v2,1,ip-172-31-26-24,ranking,benchANT
2026-09-18 10:30:40+00:00,processes,total,215,dbms,09-2026,yugabyte-2026111-vanilla-os-xlarge-xlarge-aws-v2,1,ip-172-31-26-24,ranking,benchANT
2026-09-18 10:30:50+00:00,processes,total,192,dbms,09-2026,yugabyte-2026111-vanilla-os-xlarge-xlarge-aws-v2,1,ip-172-31-26-24,ranking,benchANT
2026-09-18 10:31:00+00:00,processes,total,162,dbms,09-2026,yugabyte-2026111-vanilla-os-xlarge-xlarge-aws-v2,1,ip-172-31-26-24,ranking,benchANT
2026-09-18 10:31:10+00:00,processes,total,161,dbms,09-2026,yugabyte-2026111-vanilla-os-xlarge-xlarge-aws-v2,1,ip-172-31-26-24,ranking,benchANT
2026-09-18 10:31:20+00:00,processes,total,161,dbms,09-2026,yugabyte-2026111-vanilla-os-xlarge-xlarge-aws-v2,1,ip-172-31-26-24,ranking,benchANT
2026-09-18 10:23:00+00:00,processes,total_threads,999,dbms,09-2026,yugabyte-2026111-vanilla-os-xlarge-xlarge-aws-v2,1,ip-172-31-26-24,ranking,benchANT
2026-09-18 10:23:10+00:00,processes,total_threads,1008,dbms,09-2026,yugabyte-2026111-vanilla-os-xlarge-xlarge-aws-v2,1,ip-172-31-26-24,ranking,benchANT
2026-09-18 10:23:20+00:00,processes,total_threads,1011,dbms,09-2026,yugabyte-2026111-vanilla-os-xlarge-xlarge-aws-v2,1,ip-172-31-26-24,ranking,benchANT
2026-09-18 10:23:30+00:00,processes,total_threads,1009,dbms,09-2026,yugabyte-2026111-vanilla-os-xlarge-xlarge-aws-v2,1,ip-172-31-26-24,ranking,benchANT
2026-09-18 10:23:40+00:00,processes,total_threads,1010,dbms,09-2026,yugabyte-2026111-vanilla-os-xlarge-xlarge-aws-v2,1,ip-172-31-26-24,ranking,benchANT
2026-09-18 10:23:50+00:00,processes,total_threads,1004,dbms,09-2026,yugabyte-2026111-vanilla-os-xlarge-xlarge-aws-v2,1,ip-172-31-26-24,ranking,benchANT
2026-09-18 10:24:00+00:00,processes,total_threads,1008,dbms,09-2026,yugabyte-2026111-vanilla-os-xlarge-xlarge-aws-v2,1,ip-172-31-26-24,ranking,benchANT
2026-09-18 10:24:10+00:00,processes,total_threads,1009,dbms,09-2026,yugabyte-2026111-vanilla-os-xlarge-xlarge-aws-v2,1,ip-172-31-26-24,ranking,benchANT
2026-09-18 10:24:20+00:00,processes,total_threads,1016,dbms,09-2026,yugabyte-2026111-vanilla-os-xlarge-xlarge-aws-v2,1,ip-172-31-26-24,ranking,benchANT
2026-09-18 10:24:30+00:00,processes,total_threads,1008,dbms,09-2026,yugabyte-2026111-vanilla-os-xlarge-xlarge-aws-v2,1,ip-172-31-26-24,ranking,benchANT
2026-09-18 10:24:40+00:00,processes,total_threads,1015,dbms,09-2026,yugabyte-2026111-vanilla-os-xlarge-xlarge-aws-v2,1,ip-172-31-26-24,ranking,benchANT
2026-09-18 10:24:50+00:00,processes,total_threads,1011,dbms,09-2026,yugabyte-2026111-vanilla-os-xlarge-xlarge-aws-v2,1,ip-172-31-26-24,ranking,benchANT
2026-09-18 10:25:00+00:00,processes,total_threads,1014,dbms,09-2026,yugabyte-2026111-vanilla-os-xlarge-xlarge-aws-v2,1,ip-172-31-26-24,ranking,benchANT
2026-09-18 10:25:10+00:00,processes,total_threads,1014,dbms,09-2026,yugabyte-2026111-vanilla-os-xlarge-xlarge-aws-v2,1,ip-172-31-26-24,ranking,benchANT
2026-09-18 10:25:20+00:00,processes,total_threads,1005,dbms,09-2026,yugabyte-2026111-vanilla-os-xlarge-xlarge-aws-v2,1,ip-172-31-26-24,ranking,benchANT
2026-09-18 10:25:30+00:00,processes,total_threads,1015,dbms,09-2026,yugabyte-2026111-vanilla-os-xlarge-xlarge-aws-v2,1,ip-172-31-26-24,ranking,benchANT
2026-09-18 10:25:40+00:00,processes,total_threads,1014,dbms,09-2026,yugabyte-2026111-vanilla-os-xlarge-xlarge-aws-v2,1,ip-172-31-26-24,ranking,benchANT
2026-09-18 10:25:50+00:00,processes,total_threads,1011,dbms,09-2026,yugabyte-2026111-vanilla-os-xlarge-xlarge-aws-v2,1,ip-172-31-26-24,ranking,benchANT
2026-09-18 10:26:00+00:00,processes,total_threads,1010,dbms,09-2026,yugabyte-2026111-vanilla-os-xlarge-xlarge-aws-v2,1,ip-172-31-26-24,ranking,benchANT
2026-09-18 10:26:10+00:00,processes,total_threads,1005,dbms,09-2026,yugabyte-2026111-vanilla-os-xlarge-xlarge-aws-v2,1,ip-172-31-26-24,ranking,benchANT
2026-09-18 10:26:20+00:00,processes,total_threads,1009,dbms,09-2026,yugabyte-2026111-vanilla-os-xlarge-xlarge-aws-v2,1,ip-172-31-26-24,ranking,benchANT
2026-09-18 10:26:30+00:00,processes,total_threads,1009,dbms,09-2026,yugabyte-2026111-vanilla-os-xlarge-xlarge-aws-v2,1,ip-172-31-26-24,ranking,benchANT
2026-09-18 10:26:40+00:00,processes,total_threads,1012,dbms,09-2026,yugabyte-2026111-vanilla-os-xlarge-xlarge-aws-v2,1,ip-172-31-26-24,ranking,benchANT
2026-09-18 10:26:50+00:00,processes,total_threads,1017,dbms,09-2026,yugabyte-2026111-vanilla-os-xlarge-xlarge-aws-v2,1,ip-172-31-26-24,ranking,benchANT
2026-09-18 10:27:00+00:00,processes,total_threads,1019,dbms,09-2026,yugabyte-2026111-vanilla-os-xlarge-xlarge-aws-v2,1,ip-172-31-26-24,ranking,benchANT
2026-09-18 10:27:10+00:00,processes,total_threads,1004,dbms,09-2026,yugabyte-2026111-vanilla-os-xlarge-xlarge-aws-v2,1,ip-172-31-26-24,ranking,benchANT
2026-09-18 10:27:20+00:00,processes,total_threads,1083,dbms,09-2026,yugabyte-2026111-vanilla-os-xlarge-xlarge-aws-v2,1,ip-172-31-26-24,ranking,benchANT
2026-09-18 10:27:30+00:00,processes,total_threads,1084,dbms,09-2026,yugabyte-2026111-vanilla-os-xlarge-xlarge-aws-v2,1,ip-172-31-26-24,ranking,benchANT
2026-09-18 10:27:40+00:00,processes,total_threads,1007,dbms,09-2026,yugabyte-2026111-vanilla-os-xlarge-xlarge-aws-v2,1,ip-172-31-26-24,ranking,benchANT
2026-09-18 10:27:50+00:00,processes,total_threads,1008,dbms,09-2026,yugabyte-2026111-vanilla-os-xlarge-xlarge-aws-v2,1,ip-172-31-26-24,ranking,benchANT
2026-09-18 10:28:00+00:00,processes,total_threads,1009,dbms,09-2026,yugabyte-2026111-vanilla-os-xlarge-xlarge-aws-v2,1,ip-172-31-26-24,ranking,benchANT
2026-09-18 10:28:10+00:00,processes,total_threads,1008,dbms,09-2026,yugabyte-2026111-vanilla-os-xlarge-xlarge-aws-v2,1,ip-172-31-26-24,ranking,benchANT
2026-09-18 10:28:20+00:00,processes,total_threads,1014,dbms,09-2026,yugabyte-2026111-vanilla-os-xlarge-xlarge-aws-v2,1,ip-172-31-26-24,ranking,benchANT
2026-09-18 10:28:30+00:00,processes,total_threads,1013,dbms,09-2026,yugabyte-2026111-vanilla-os-xlarge-xlarge-aws-v2,1,ip-172-31-26-24,ranking,benchANT
2026-09-18 10:28:40+00:00,processes,total_threads,1008,dbms,09-2026,yugabyte-2026111-vanilla-os-xlarge-xlarge-aws-v2,1,ip-172-31-26-24,ranking,benchANT
2026-09-18 10:28:50+00:00,processes,total_threads,1008,dbms,09-2026,yugabyte-2026111-vanilla-os-xlarge-xlarge-aws-v2,1,ip-172-31-26-24,ranking,benchANT
2026-09-18 10:29:00+00:00,processes,total_threads,1009,dbms,09-2026,yugabyte-2026111-vanilla-os-xlarge-xlarge-aws-v2,1,ip-172-31-26-24,ranking,benchANT
2026-09-18 10:29:10+00:00,processes,total_threads,1006,dbms,09-2026,yugabyte-2026111-vanilla-os-xlarge-xlarge-aws-v2,1,ip-172-31-26-24,ranking,benchANT
2026-09-18 10:29:20+00:00,processes,total_threads,1005,dbms,09-2026,yugabyte-2026111-vanilla-os-xlarge-xlarge-aws-v2,1,ip-172-31-26-24,ranking,benchANT
2026-09-18 10:29:30+00:00,processes,total_threads,1003,dbms,09-2026,yugabyte-2026111-vanilla-os-xlarge-xlarge-aws-v2,1,ip-172-31-26-24,ranking,benchANT
2026-09-18 10:29:40+00:00,processes,total_threads,1008,dbms,09-2026,yugabyte-2026111-vanilla-os-xlarge-xlarge-aws-v2,1,ip-172-31-26-24,ranking,benchANT
2026-09-18 10:29:50+00:00,processes,total_threads,1008,dbms,09-2026,yugabyte-2026111-vanilla-os-xlarge-xlarge-aws-v2,1,ip-172-31-26-24,ranking,benchANT
2026-09-18 10:30:00+00:00,processes,total_threads,1003,dbms,09-2026,yugabyte-2026111-vanilla-os-xlarge-xlarge-aws-v2,1,ip-172-31-26-24,ranking,benchANT
2026-09-18 10:30:10+00:00,processes,total_threads,1013,dbms,09-2026,yugabyte-2026111-vanilla-os-xlarge-xlarge-aws-v2,1,ip-172-31-26-24,ranking,benchANT
2026-09-18 10:30:20+00:00,processes,total_threads,991,dbms,09-2026,yugabyte-2026111-vanilla-os-xlarge-xlarge-aws-v2,1,ip-172-31-26-24,ranking,benchANT
2026-09-18 10:30:30+00:00,processes,total_threads,965,dbms,09-2026,yugabyte-2026111-vanilla-os-xlarge-xlarge-aws-v2,1,ip-172-31-26-24,ranking,benchANT
2026-09-18 10:30:40+00:00,processes,total_threads,871,dbms,09-2026,yugabyte-2026111-vanilla-os-xlarge-xlarge-aws-v2,1,ip-172-31-26-24,ranking,benchANT
2026-09-18 10:30:50+00:00,processes,total_threads,639,dbms,09-2026,yugabyte-2026111-vanilla-os-xlarge-xlarge-aws-v2,1,ip-172-31-26-24,ranking,benchANT
2026-09-18 10:31:00+00:00,processes,total_threads,335,dbms,09-2026,yugabyte-2026111-vanilla-os-xlarge-xlarge-aws-v2,1,ip-172-31-26-24,ranking,benchANT
2026-09-18 10:31:10+00:00,processes,total_threads,310,dbms,09-2026,yugabyte-2026111-vanilla-os-xlarge-xlarge-aws-v2,1,ip-172-31-26-24,ranking,benchANT
2026-09-18 10:31:20+00:00,processes,total_threads,300,dbms,09-2026,yugabyte-2026111-vanilla-os-xlarge-xlarge-aws-v2,1,ip-172-31-26-24,ranking,benchANT
2026-09-18 10:23:00+00:00,processes,unknown,0,dbms,09-2026,yugabyte-2026111-vanilla-os-xlarge-xlarge-aws-v2,1,ip-172-31-26-24,ranking,benchANT
2026-09-18 10:23:10+00:00,processes,unknown,0,dbms,09-2026,yugabyte-2026111-vanilla-os-xlarge-xlarge-aws-v2,1,ip-172-31-26-24,ranking,benchANT
2026-09-18 10:23:20+00:00,processes,unknown,0,dbms,09-2026,yugabyte-2026111-vanilla-os-xlarge-xlarge-aws-v2,1,ip-172-31-26-24,ranking,benchANT
2026-09-18 10:23:30+00:00,processes,unknown,0,dbms,09-2026,yugabyte-2026111-vanilla-os-xlarge-xlarge-aws-v2,1,ip-172-31-26-24,ranking,benchANT
2026-09-18 10:23:40+00:00,processes,unknown,0,dbms,09-2026,yugabyte-2026111-vanilla-os-xlarge-xlarge-aws-v2,1,ip-172-31-26-24,ranking,benchANT
2026-09-18 10:23:50+00:00,processes,unknown,0,dbms,09-2026,yugabyte-2026111-vanilla-os-xlarge-xlarge-aws-v2,1,ip-172-31-26-24,ranking,benchANT
2026-09-18 10:24:00+00:00,processes,unknown,0,dbms,09-2026,yugabyte-2026111-vanilla-os-xlarge-xlarge-aws-v2,1,ip-172-31-26-24,ranking,benchANT
2026-09-18 10:24:10+00:00,processes,unknown,0,dbms,09-2026,yugabyte-2026111-vanilla-os-xlarge-xlarge-aws-v2,1,ip-172-31-26-24,ranking,benchANT
2026-09-18 10:24:20+00:00,processes,unknown,0,dbms,09-2026,yugabyte-2026111-vanilla-os-xlarge-xlarge-aws-v2,1,ip-172-31-26-24,ranking,benchANT
2026-09-18 10:24:30+00:00,processes,unknown,0,dbms,09-2026,yugabyte-2026111-vanilla-os-xlarge-xlarge-aws-v2,1,ip-172-31-26-24,ranking,benchANT
2026-09-18 10:24:40+00:00,processes,unknown,0,dbms,09-2026,yugabyte-2026111-vanilla-os-xlarge-xlarge-aws-v2,1,ip-172-31-26-24,ranking,benchANT
2026-09-18 10:24:50+00:00,processes,unknown,0,dbms,09-2026,yugabyte-2026111-vanilla-os-xlarge-xlarge-aws-v2,1,ip-172-31-26-24,ranking,benchANT
2026-09-18 10:25:00+00:00,processes,unknown,0,dbms,09-2026,yugabyte-2026111-vanilla-os-xlarge-xlarge-aws-v2,1,ip-172-31-26-24,ranking,benchANT
2026-09-18 10:25:10+00:00,processes,unknown,0,dbms,09-2026,yugabyte-2026111-vanilla-os-xlarge-xlarge-aws-v2,1,ip-172-31-26-24,ranking,benchANT
2026-09-18 10:25:20+00:00,processes,unknown,0,dbms,09-2026,yugabyte-2026111-vanilla-os-xlarge-xlarge-aws-v2,1,ip-172-31-26-24,ranking,benchANT
2026-09-18 10:25:30+00:00,processes,unknown,0,dbms,09-2026,yugabyte-2026111-vanilla-os-xlarge-xlarge-aws-v2,1,ip-172-31-26-24,ranking,benchANT
2026-09-18 10:25:40+00:00,processes,unknown,0,dbms,09-2026,yugabyte-2026111-vanilla-os-xlarge-xlarge-aws-v2,1,ip-172-31-26-24,ranking,benchANT
2026-09-18 10:25:50+00:00,processes,unknown,0,dbms,09-2026,yugabyte-2026111-vanilla-os-xlarge-xlarge-aws-v2,1,ip-172-31-26-24,ranking,benchANT
2026-09-18 10:26:00+00:00,processes,unknown,0,dbms,09-2026,yugabyte-2026111-vanilla-os-xlarge-xlarge-aws-v2,1,ip-172-31-26-24,ranking,benchANT
2026-09-18 10:26:10+00:00,processes,unknown,0,dbms,09-2026,yugabyte-2026111-vanilla-os-xlarge-xlarge-aws-v2,1,ip-172-31-26-24,ranking,benchANT
2026-09-18 10:26:20+00:00,processes,unknown,0,dbms,09-2026,yugabyte-2026111-vanilla-os-xlarge-xlarge-aws-v2,1,ip-172-31-26-24,ranking,benchANT
2026-09-18 10:26:30+00:00,processes,unknown,0,dbms,09-2026,yugabyte-2026111-vanilla-os-xlarge-xlarge-aws-v2,1,ip-172-31-26-24,ranking,benchANT
2026-09-18 10:26:40+00:00,processes,unknown,0,dbms,09-2026,yugabyte-2026111-vanilla-os-xlarge-xlarge-aws-v2,1,ip-172-31-26-24,ranking,benchANT
2026-09-18 10:26:50+00:00,processes,unknown,0,dbms,09-2026,yugabyte-2026111-vanilla-os-xlarge-xlarge-aws-v2,1,ip-172-31-26-24,ranking,benchANT
2026-09-18 10:27:00+00:00,processes,unknown,0,dbms,09-2026,yugabyte-2026111-vanilla-os-xlarge-xlarge-aws-v2,1,ip-172-31-26-24,ranking,benchANT
2026-09-18 10:27:10+00:00,processes,unknown,0,dbms,09-2026,yugabyte-2026111-vanilla-os-xlarge-xlarge-aws-v2,1,ip-172-31-26-24,ranking,benchANT
2026-09-18 10:27:20+00:00,processes,unknown,0,dbms,09-2026,yugabyte-2026111-vanilla-os-xlarge-xlarge-aws-v2,1,ip-172-31-26-24,ranking,benchANT
2026-09-18 10:27:30+00:00,processes,unknown,0,dbms,09-2026,yugabyte-2026111-vanilla-os-xlarge-xlarge-aws-v2,1,ip-172-31-26-24,ranking,benchANT
2026-09-18 10:27:40+00:00,processes,unknown,0,dbms,09-2026,yugabyte-2026111-vanilla-os-xlarge-xlarge-aws-v2,1,ip-172-31-26-24,ranking,benchANT
2026-09-18 10:27:50+00:00,processes,unknown,0,dbms,09-2026,yugabyte-2026111-vanilla-os-xlarge-xlarge-aws-v2,1,ip-172-31-26-24,ranking,benchANT
2026-09-18 10:28:00+00:00,processes,unknown,0,dbms,09-2026,yugabyte-2026111-vanilla-os-xlarge-xlarge-aws-v2,1,ip-172-31-26-24,ranking,benchANT
2026-09-18 10:28:10+00:00,processes,unknown,0,dbms,09-2026,yugabyte-2026111-vanilla-os-xlarge-xlarge-aws-v2,1,ip-172-31-26-24,ranking,benchANT
2026-09-18 10:28:20+00:00,processes,unknown,0,dbms,09-2026,yugabyte-2026111-vanilla-os-xlarge-xlarge-aws-v2,1,ip-172-31-26-24,ranking,benchANT
2026-09-18 10:28:30+00:00,processes,unknown,0,dbms,09-2026,yugabyte-2026111-vanilla-os-xlarge-xlarge-aws-v2,1,ip-172-31-26-24,ranking,benchANT
2026-09-18 10:28:40+00:00,processes,unknown,0,dbms,09-2026,yugabyte-2026111-vanilla-os-xlarge-xlarge-aws-v2,1,ip-172-31-26-24,ranking,benchANT
2026-09-18 10:28:50+00:00,processes,unknown,0,dbms,09-2026,yugabyte-2026111-vanilla-os-xlarge-xlarge-aws-v2,1,ip-172-31-26-24,ranking,benchANT
2026-09-18 10:29:00+00:00,processes,unknown,0,dbms,09-2026,yugabyte-2026111-vanilla-os-xlarge-xlarge-aws-v2,1,ip-172-31-26-24,ranking,benchANT
2026-09-18 10:29:10+00:00,processes,unknown,0,dbms,09-2026,yugabyte-2026111-vanilla-os-xlarge-xlarge-aws-v2,1,ip-172-31-26-24,ranking,benchANT
2026-09-18 10:29:20+00:00,processes,unknown,0,dbms,09-2026,yugabyte-2026111-vanilla-os-xlarge-xlarge-aws-v2,1,ip-172-31-26-24,ranking,benchANT
2026-09-18 10:29:30+00:00,processes,unknown,0,dbms,09-2026,yugabyte-2026111-vanilla-os-xlarge-xlarge-aws-v2,1,ip-172-31-26-24,ranking,benchANT
2026-09-18 10:29:40+00:00,processes,unknown,0,dbms,09-2026,yugabyte-2026111-vanilla-os-xlarge-xlarge-aws-v2,1,ip-172-31-26-24,ranking,benchANT
2026-09-18 10:29:50+00:00,processes,unknown,0,dbms,09-2026,yugabyte-2026111-vanilla-os-xlarge-xlarge-aws-v2,1,ip-172-31-26-24,ranking,benchANT
2026-09-18 10:30:00+00:00,processes,unknown,0,dbms,09-2026,yugabyte-2026111-vanilla-os-xlarge-xlarge-aws-v2,1,ip-172-31-26-24,ranking,benchANT
2026-09-18 10:30:10+00:00,processes,unknown,0,dbms,09-2026,yugabyte-2026111-vanilla-os-xlarge-xlarge-aws-v2,1,ip-172-31-26-24,ranking,benchANT
2026-09-18 10:30:20+00:00,processes,unknown,0,dbms,09-2026,yugabyte-2026111-vanilla-os-xlarge-xlarge-aws-v2,1,ip-172-31-26-24,ranking,benchANT
2026-09-18 10:30:30+00:00,processes,unknown,0,dbms,09-2026,yugabyte-2026111-vanilla-os-xlarge-xlarge-aws-v2,1,ip-172-31-26-24,ranking,benchANT
2026-09-18 10:30:40+00:00,processes,unknown,0,dbms,09-2026,yugabyte-2026111-vanilla-os-xlarge-xlarge-aws-v2,1,ip-172-31-26-24,ranking,benchANT
2026-09-18 10:30:50+00:00,processes,unknown,0,dbms,09-2026,yugabyte-2026111-vanilla-os-xlarge-xlarge-aws-v2,1,ip-172-31-26-24,ranking,benchANT
2026-09-18 10:31:00+00:00,processes,unknown,0,dbms,09-2026,yugabyte-2026111-vanilla-os-xlarge-xlarge-aws-v2,1,ip-172-31-26-24,ranking,benchANT
2026-09-18 10:31:10+00:00,processes,unknown,0,dbms,09-2026,yugabyte-2026111-vanilla-os-xlarge-xlarge-aws-v2,1,ip-172-31-26-24,ranking,benchANT
2026-09-18 10:31:20+00:00,processes,unknown,0,dbms,09-2026,yugabyte-2026111-vanilla-os-xlarge-xlarge-aws-v2,1,ip-172-31-26-24,ranking,benchANT
2026-09-18 10:23:00+00:00,processes,zombies,0,dbms,09-2026,yugabyte-2026111-vanilla-os-xlarge-xlarge-aws-v2,1,ip-172-31-26-24,ranking,benchANT
2026-09-18 10:23:10+00:00,processes,zombies,0,dbms,09-2026,yugabyte-2026111-vanilla-os-xlarge-xlarge-aws-v2,1,ip-172-31-26-24,ranking,benchANT
2026-09-18 10:23:20+00:00,processes,zombies,0,dbms,09-2026,yugabyte-2026111-vanilla-os-xlarge-xlarge-aws-v2,1,ip-172-31-26-24,ranking,benchANT
2026-09-18 10:23:30+00:00,processes,zombies,0,dbms,09-2026,yugabyte-2026111-vanilla-os-xlarge-xlarge-aws-v2,1,ip-172-31-26-24,ranking,benchANT
2026-09-18 10:23:40+00:00,processes,zombies,0,dbms,09-2026,yugabyte-2026111-vanilla-os-xlarge-xlarge-aws-v2,1,ip-172-31-26-24,ranking,benchANT
2026-09-18 10:23:50+00:00,processes,zombies,0,dbms,09-2026,yugabyte-2026111-vanilla-os-xlarge-xlarge-aws-v2,1,ip-172-31-26-24,ranking,benchANT
2026-09-18 10:24:00+00:00,processes,zombies,0,dbms,09-2026,yugabyte-2026111-vanilla-os-xlarge-xlarge-aws-v2,1,ip-172-31-26-24,ranking,benchANT
2026-09-18 10:24:10+00:00,processes,zombies,0,dbms,09-2026,yugabyte-2026111-vanilla-os-xlarge-xlarge-aws-v2,1,ip-172-31-26-24,ranking,benchANT
2026-09-18 10:24:20+00:00,processes,zombies,0,dbms,09-2026,yugabyte-2026111-vanilla-os-xlarge-xlarge-aws-v2,1,ip-172-31-26-24,ranking,benchANT
2026-09-18 10:24:30+00:00,processes,zombies,0,dbms,09-2026,yugabyte-2026111-vanilla-os-xlarge-xlarge-aws-v2,1,ip-172-31-26-24,ranking,benchANT
2026-09-18 10:24:40+00:00,processes,zombies,0,dbms,09-2026,yugabyte-2026111-vanilla-os-xlarge-xlarge-aws-v2,1,ip-172-31-26-24,ranking,benchANT
2026-09-18 10:24:50+00:00,processes,zombies,0,dbms,09-2026,yugabyte-2026111-vanilla-os-xlarge-xlarge-aws-v2,1,ip-172-31-26-24,ranking,benchANT
2026-09-18 10:25:00+00:00,processes,zombies,0,dbms,09-2026,yugabyte-2026111-vanilla-os-xlarge-xlarge-aws-v2,1,ip-172-31-26-24,ranking,benchANT
2026-09-18 10:25:10+00:00,processes,zombies,0,dbms,09-2026,yugabyte-2026111-vanilla-os-xlarge-xlarge-aws-v2,1,ip-172-31-26-24,ranking,benchANT
2026-09-18 10:25:20+00:00,processes,zombies,0,dbms,09-2026,yugabyte-2026111-vanilla-os-xlarge-xlarge-aws-v2,1,ip-172-31-26-24,ranking,benchANT
2026-09-18 10:25:30+00:00,processes,zombies,0,dbms,09-2026,yugabyte-2026111-vanilla-os-xlarge-xlarge-aws-v2,1,ip-172-31-26-24,ranking,benchANT
2026-09-18 10:25:40+00:00,processes,zombies,0,dbms,09-2026,yugabyte-2026111-vanilla-os-xlarge-xlarge-aws-v2,1,ip-172-31-26-24,ranking,benchANT
2026-09-18 10:25:50+00:00,processes,zombies,0,dbms,09-2026,yugabyte-2026111-vanilla-os-xlarge-xlarge-aws-v2,1,ip-172-31-26-24,ranking,benchANT
2026-09-18 10:26:00+00:00,processes,zombies,0,dbms,09-2026,yugabyte-2026111-vanilla-os-xlarge-xlarge-aws-v2,1,ip-172-31-26-24,ranking,benchANT
2026-09-18 10:26:10+00:00,processes,zombies,0,dbms,09-2026,yugabyte-2026111-vanilla-os-xlarge-xlarge-aws-v2,1,ip-172-31-26-24,ranking,benchANT
2026-09-18 10:26:20+00:00,processes,zombies,0,dbms,09-2026,yugabyte-2026111-vanilla-os-xlarge-xlarge-aws-v2,1,ip-172-31-26-24,ranking,benchANT
2026-09-18 10:26:30+00:00,processes,zombies,0,dbms,09-2026,yugabyte-2026111-vanilla-os-xlarge-xlarge-aws-v2,1,ip-172-31-26-24,ranking,benchANT
2026-09-18 10:26:40+00:00,processes,zombies,0,dbms,09-2026,yugabyte-2026111-vanilla-os-xlarge-xlarge-aws-v2,1,ip-172-31-26-24,ranking,benchANT
2026-09-18 10:26:50+00:00,processes,zombies,0,dbms,09-2026,yugabyte-2026111-vanilla-os-xlarge-xlarge-aws-v2,1,ip-172-31-26-24,ranking,benchANT
2026-09-18 10:27:00+00:00,processes,zombies,0,dbms,09-2026,yugabyte-2026111-vanilla-os-xlarge-xlarge-aws-v2,1,ip-172-31-26-24,ranking,benchANT
2026-09-18 10:27:10+00:00,processes,zombies,0,dbms,09-2026,yugabyte-2026111-vanilla-os-xlarge-xlarge-aws-v2,1,ip-172-31-26-24,ranking,benchANT
2026-09-18 10:27:20+00:00,processes,zombies,0,dbms,09-2026,yugabyte-2026111-vanilla-os-xlarge-xlarge-aws-v2,1,ip-172-31-26-24,ranking,benchANT
2026-09-18 10:27:30+00:00,processes,zombies,0,dbms,09-2026,yugabyte-2026111-vanilla-os-xlarge-xlarge-aws-v2,1,ip-172-31-26-24,ranking,benchANT
2026-09-18 10:27:40+00:00,processes,zombies,0,dbms,09-2026,yugabyte-2026111-vanilla-os-xlarge-xlarge-aws-v2,1,ip-172-31-26-24,ranking,benchANT
2026-09-18 10:27:50+00:00,processes,zombies,0,dbms,09-2026,yugabyte-2026111-vanilla-os-xlarge-xlarge-aws-v2,1,ip-172-31-26-24,ranking,benchANT
2026-09-18 10:28:00+00:00,processes,zombies,0,dbms,09-2026,yugabyte-2026111-vanilla-os-xlarge-xlarge-aws-v2,1,ip-172-31-26-24,ranking,benchANT
2026-09-18 10:28:10+00:00,processes,zombies,0,dbms,09-2026,yugabyte-2026111-vanilla-os-xlarge-xlarge-aws-v2,1,ip-172-31-26-24,ranking,benchANT
2026-09-18 10:28:20+00:00,processes,zombies,0,dbms,09-2026,yugabyte-2026111-vanilla-os-xlarge-xlarge-aws-v2,1,ip-172-31-26-24,ranking,benchANT
2026-09-18 10:28:30+00:00,processes,zombies,0,dbms,09-2026,yugabyte-2026111-vanilla-os-xlarge-xlarge-aws-v2,1,ip-172-31-26-24,ranking,benchANT
2026-09-18 10:28:40+00:00,processes,zombies,0,dbms,09-2026,yugabyte-2026111-vanilla-os-xlarge-xlarge-aws-v2,1,ip-172-31-26-24,ranking,benchANT
2026-09-18 10:28:50+00:00,processes,zombies,0,dbms,09-2026,yugabyte-2026111-vanilla-os-xlarge-xlarge-aws-v2,1,ip-172-31-26-24,ranking,benchANT
2026-09-18 10:29:00+00:00,processes,zombies,0,dbms,09-2026,yugabyte-2026111-vanilla-os-xlarge-xlarge-aws-v2,1,ip-172-31-26-24,ranking,benchANT
2026-09-18 10:29:10+00:00,processes,zombies,0,dbms,09-2026,yugabyte-2026111-vanilla-os-xlarge-xlarge-aws-v2,1,ip-172-31-26-24,ranking,benchANT
2026-09-18 10:29:20+00:00,processes,zombies,0,dbms,09-2026,yugabyte-2026111-vanilla-os-xlarge-xlarge-aws-v2,1,ip-172-31-26-24,ranking,benchANT
2026-09-18 10:29:30+00:00,processes,zombies,0,dbms,09-2026,yugabyte-2026111-vanilla-os-xlarge-xlarge-aws-v2,1,ip-172-31-26-24,ranking,benchANT
2026-09-18 10:29:40+00:00,processes,zombies,0,dbms,09-2026,yugabyte-2026111-vanilla-os-xlarge-xlarge-aws-v2,1,ip-172-31-26-24,ranking,benchANT
2026-09-18 10:29:50+00:00,processes,zombies,0,dbms,09-2026,yugabyte-2026111-vanilla-os-xlarge-xlarge-aws-v2,1,ip-172-31-26-24,ranking,benchANT
2026-09-18 10:30:00+00:00,processes,zombies,0,dbms,09-2026,yugabyte-2026111-vanilla-os-xlarge-xlarge-aws-v2,1,ip-172-31-26-24,ranking,benchANT
2026-09-18 10:30:10+00:00,processes,zombies,0,dbms,09-2026,yugabyte-2026111-vanilla-os-xlarge-xlarge-aws-v2,1,ip-172-31-26-24,ranking,benchANT
2026-09-18 10:30:20+00:00,processes,zombies,0,dbms,09-2026,yugabyte-2026111-vanilla-os-xlarge-xlarge-aws-v2,1,ip-172-31-26-24,ranking,benchANT
2026-09-18 10:30:30+00:00,processes,zombies,0,dbms,09-2026,yugabyte-2026111-vanilla-os-xlarge-xlarge-aws-v2,1,ip-172-31-26-24,ranking,benchANT
2026-09-18 10:30:40+00:00,processes,zombies,0,dbms,09-2026,yugabyte-2026111-vanilla-os-xlarge-xlarge-aws-v2,1,ip-172-31-26-24,ranking,benchANT
2026-09-18 10:30:50+00:00,processes,zombies,0,dbms,09-2026,yugabyte-2026111-vanilla-os-xlarge-xlarge-aws-v2,1,ip-172-31-26-24,ranking,benchANT
2026-09-18 10:31:00+00:00,processes,zombies,0,dbms,09-2026,yugabyte-2026111-vanilla-os-xlarge-xlarge-aws-v2,1,ip-172-31-26-24,ranking,benchANT
2026-09-18 10:31:10+00:00,processes,zombies,0,dbms,09-2026,yugabyte-2026111-vanilla-os-xlarge-xlarge-aws-v2,1,ip-172-31-26-24,ranking,benchANT
2026-09-18 10:31:20+00:00,processes,zombies,0,dbms,09-2026,yugabyte-2026111-vanilla-os-xlarge-xlarge-aws-v2,1,ip-172-31-26-24,ranking,benchANT
2026-09-18 10:23:00+00:00,processes,blocked,0,dbms,09-2026,yugabyte-2026111-vanilla-os-xlarge-xlarge-aws-v2,1,ip-172-31-26-253,ranking,benchANT
2026-09-18 10:23:10+00:00,processes,blocked,0,dbms,09-2026,yugabyte-2026111-vanilla-os-xlarge-xlarge-aws-v2,1,ip-172-31-26-253,ranking,benchANT
2026-09-18 10:23:20+00:00,processes,blocked,1,dbms,09-2026,yugabyte-2026111-vanilla-os-xlarge-xlarge-aws-v2,1,ip-172-31-26-253,ranking,benchANT
2026-09-18 10:23:30+00:00,processes,blocked,0,dbms,09-2026,yugabyte-2026111-vanilla-os-xlarge-xlarge-aws-v2,1,ip-172-31-26-253,ranking,benchANT
2026-09-18 10:23:40+00:00,processes,blocked,1,dbms,09-2026,yugabyte-2026111-vanilla-os-xlarge-xlarge-aws-v2,1,ip-172-31-26-253,ranking,benchANT
2026-09-18 10:23:50+00:00,processes,blocked,0,dbms,09-2026,yugabyte-2026111-vanilla-os-xlarge-xlarge-aws-v2,1,ip-172-31-26-253,ranking,benchANT
2026-09-18 10:24:00+00:00,processes,blocked,0,dbms,09-2026,yugabyte-2026111-vanilla-os-xlarge-xlarge-aws-v2,1,ip-172-31-26-253,ranking,benchANT
2026-09-18 10:24:10+00:00,processes,blocked,0,dbms,09-2026,yugabyte-2026111-vanilla-os-xlarge-xlarge-aws-v2,1,ip-172-31-26-253,ranking,benchANT
2026-09-18 10:24:20+00:00,processes,blocked,2,dbms,09-2026,yugabyte-2026111-vanilla-os-xlarge-xlarge-aws-v2,1,ip-172-31-26-253,ranking,benchANT
2026-09-18 10:24:30+00:00,processes,blocked,1,dbms,09-2026,yugabyte-2026111-vanilla-os-xlarge-xlarge-aws-v2,1,ip-172-31-26-253,ranking,benchANT
2026-09-18 10:24:40+00:00,processes,blocked,0,dbms,09-2026,yugabyte-2026111-vanilla-os-xlarge-xlarge-aws-v2,1,ip-172-31-26-253,ranking,benchANT
2026-09-18 10:24:50+00:00,processes,blocked,0,dbms,09-2026,yugabyte-2026111-vanilla-os-xlarge-xlarge-aws-v2,1,ip-172-31-26-253,ranking,benchANT
2026-09-18 10:25:00+00:00,processes,blocked,0,dbms,09-2026,yugabyte-2026111-vanilla-os-xlarge-xlarge-aws-v2,1,ip-172-31-26-253,ranking,benchANT
2026-09-18 10:25:10+00:00,processes,blocked,0,dbms,09-2026,yugabyte-2026111-vanilla-os-xlarge-xlarge-aws-v2,1,ip-172-31-26-253,ranking,benchANT
2026-09-18 10:25:20+00:00,processes,blocked,0,dbms,09-2026,yugabyte-2026111-vanilla-os-xlarge-xlarge-aws-v2,1,ip-172-31-26-253,ranking,benchANT
2026-09-18 10:25:30+00:00,processes,blocked,0,dbms,09-2026,yugabyte-2026111-vanilla-os-xlarge-xlarge-aws-v2,1,ip-172-31-26-253,ranking,benchANT
2026-09-18 10:25:40+00:00,processes,blocked,0,dbms,09-2026,yugabyte-2026111-vanilla-os-xlarge-xlarge-aws-v2,1,ip-172-31-26-253,ranking,benchANT
2026-09-18 10:25:50+00:00,processes,blocked,0,dbms,09-2026,yugabyte-2026111-vanilla-os-xlarge-xlarge-aws-v2,1,ip-172-31-26-253,ranking,benchANT
2026-09-18 10:26:00+00:00,processes,blocked,0,dbms,09-2026,yugabyte-2026111-vanilla-os-xlarge-xlarge-aws-v2,1,ip-172-31-26-253,ranking,benchANT
2026-09-18 10:26:10+00:00,processes,blocked,0,dbms,09-2026,yugabyte-2026111-vanilla-os-xlarge-xlarge-aws-v2,1,ip-172-31-26-253,ranking,benchANT
2026-09-18 10:26:20+00:00,processes,blocked,0,dbms,09-2026,yugabyte-2026111-vanilla-os-xlarge-xlarge-aws-v2,1,ip-172-31-26-253,ranking,benchANT
2026-09-18 10:26:30+00:00,processes,blocked,1,dbms,09-2026,yugabyte-2026111-vanilla-os-xlarge-xlarge-aws-v2,1,ip-172-31-26-253,ranking,benchANT
2026-09-18 10:26:40+00:00,processes,blocked,0,dbms,09-2026,yugabyte-2026111-vanilla-os-xlarge-xlarge-aws-v2,1,ip-172-31-26-253,ranking,benchANT
2026-09-18 10:26:50+00:00,processes,blocked,0,dbms,09-2026,yugabyte-2026111-vanilla-os-xlarge-xlarge-aws-v2,1,ip-172-31-26-253,ranking,benchANT
2026-09-18 10:27:00+00:00,processes,blocked,0,dbms,09-2026,yugabyte-2026111-vanilla-os-xlarge-xlarge-aws-v2,1,ip-172-31-26-253,ranking,benchANT
2026-09-18 10:27:10+00:00,processes,blocked,0,dbms,09-2026,yugabyte-2026111-vanilla-os-xlarge-xlarge-aws-v2,1,ip-172-31-26-253,ranking,benchANT
2026-09-18 10:27:20+00:00,processes,blocked,0,dbms,09-2026,yugabyte-2026111-vanilla-os-xlarge-xlarge-aws-v2,1,ip-172-31-26-253,ranking,benchANT
2026-09-18 10:27:30+00:00,processes,blocked,0,dbms,09-2026,yugabyte-2026111-vanilla-os-xlarge-xlarge-aws-v2,1,ip-172-31-26-253,ranking,benchANT
2026-09-18 10:27:40+00:00,processes,blocked,0,dbms,09-2026,yugabyte-2026111-vanilla-os-xlarge-xlarge-aws-v2,1,ip-172-31-26-253,ranking,benchANT
2026-09-18 10:27:50+00:00,processes,blocked,0,dbms,09-2026,yugabyte-2026111-vanilla-os-xlarge-xlarge-aws-v2,1,ip-172-31-26-253,ranking,benchANT
2026-09-18 10:28:00+00:00,processes,blocked,0,dbms,09-2026,yugabyte-2026111-vanilla-os-xlarge-xlarge-aws-v2,1,ip-172-31-26-253,ranking,benchANT
2026-09-18 10:28:10+00:00,processes,blocked,0,dbms,09-2026,yugabyte-2026111-vanilla-os-xlarge-xlarge-aws-v2,1,ip-172-31-26-253,ranking,benchANT
2026-09-18 10:28:20+00:00,processes,blocked,0,dbms,09-2026,yugabyte-2026111-vanilla-os-xlarge-xlarge-aws-v2,1,ip-172-31-26-253,ranking,benchANT
2026-09-18 10:28:30+00:00,processes,blocked,0,dbms,09-2026,yugabyte-2026111-vanilla-os-xlarge-xlarge-aws-v2,1,ip-172-31-26-253,ranking,benchANT
2026-09-18 10:28:40+00:00,processes,blocked,0,dbms,09-2026,yugabyte-2026111-vanilla-os-xlarge-xlarge-aws-v2,1,ip-172-31-26-253,ranking,benchANT
2026-09-18 10:28:50+00:00,processes,blocked,0,dbms,09-2026,yugabyte-2026111-vanilla-os-xlarge-xlarge-aws-v2,1,ip-172-31-26-253,ranking,benchANT
2026-09-18 10:29:00+00:00,processes,blocked,1,dbms,09-2026,yugabyte-2026111-vanilla-os-xlarge-xlarge-aws-v2,1,ip-172-31-26-253,ranking,benchANT
2026-09-18 10:29:10+00:00,processes,blocked,0,dbms,09-2026,yugabyte-2026111-vanilla-os-xlarge-xlarge-aws-v2,1,ip-172-31-26-253,ranking,benchANT
2026-09-18 10:29:20+00:00,processes,blocked,2,dbms,09-2026,yugabyte-2026111-vanilla-os-xlarge-xlarge-aws-v2,1,ip-172-31-26-253,ranking,benchANT
2026-09-18 10:29:30+00:00,processes,blocked,2,dbms,09-2026,yugabyte-2026111-vanilla-os-xlarge-xlarge-aws-v2,1,ip-172-31-26-253,ranking,benchANT
2026-09-18 10:29:40+00:00,processes,blocked,0,dbms,09-2026,yugabyte-2026111-vanilla-os-xlarge-xlarge-aws-v2,1,ip-172-31-26-253,ranking,benchANT
2026-09-18 10:29:50+00:00,processes,blocked,0,dbms,09-2026,yugabyte-2026111-vanilla-os-xlarge-xlarge-aws-v2,1,ip-172-31-26-253,ranking,benchANT
2026-09-18 10:30:00+00:00,processes,blocked,0,dbms,09-2026,yugabyte-2026111-vanilla-os-xlarge-xlarge-aws-v2,1,ip-172-31-26-253,ranking,benchANT
2026-09-18 10:30:10+00:00,processes,blocked,0,dbms,09-2026,yugabyte-2026111-vanilla-os-xlarge-xlarge-aws-v2,1,ip-172-31-26-253,ranking,benchANT
2026-09-18 10:30:20+00:00,processes,blocked,0,dbms,09-2026,yugabyte-2026111-vanilla-os-xlarge-xlarge-aws-v2,1,ip-172-31-26-253,ranking,benchANT
2026-09-18 10:30:30+00:00,processes,blocked,0,dbms,09-2026,yugabyte-2026111-vanilla-os-xlarge-xlarge-aws-v2,1,ip-172-31-26-253,ranking,benchANT
2026-09-18 10:30:40+00:00,processes,blocked,0,dbms,09-2026,yugabyte-2026111-vanilla-os-xlarge-xlarge-aws-v2,1,ip-172-31-26-253,ranking,benchANT
2026-09-18 10:30:50+00:00,processes,blocked,0,dbms,09-2026,yugabyte-2026111-vanilla-os-xlarge-xlarge-aws-v2,1,ip-172-31-26-253,ranking,benchANT
2026-09-18 10:31:00+00:00,processes,blocked,0,dbms,09-2026,yugabyte-2026111-vanilla-os-xlarge-xlarge-aws-v2,1,ip-172-31-26-253,ranking,benchANT
2026-09-18 10:31:10+00:00,processes,blocked,0,dbms,09-2026,yugabyte-2026111-vanilla-os-xlarge-xlarge-aws-v2,1,ip-172-31-26-253,ranking,benchANT
2026-09-18 10:31:20+00:00,processes,blocked,0,dbms,09-2026,yugabyte-2026111-vanilla-os-xlarge-xlarge-aws-v2,1,ip-172-31-26-253,ranking,benchANT
2026-09-18 10:23:00+00:00,processes,dead,0,dbms,09-2026,yugabyte-2026111-vanilla-os-xlarge-xlarge-aws-v2,1,ip-172-31-26-253,ranking,benchANT
2026-09-18 10:23:10+00:00,processes,dead,0,dbms,09-2026,yugabyte-2026111-vanilla-os-xlarge-xlarge-aws-v2,1,ip-172-31-26-253,ranking,benchANT
2026-09-18 10:23:20+00:00,processes,dead,0,dbms,09-2026,yugabyte-2026111-vanilla-os-xlarge-xlarge-aws-v2,1,ip-172-31-26-253,ranking,benchANT
2026-09-18 10:23:30+00:00,processes,dead,0,dbms,09-2026,yugabyte-2026111-vanilla-os-xlarge-xlarge-aws-v2,1,ip-172-31-26-253,ranking,benchANT
2026-09-18 10:23:40+00:00,processes,dead,0,dbms,09-2026,yugabyte-2026111-vanilla-os-xlarge-xlarge-aws-v2,1,ip-172-31-26-253,ranking,benchANT
2026-09-18 10:23:50+00:00,processes,dead,0,dbms,09-2026,yugabyte-2026111-vanilla-os-xlarge-xlarge-aws-v2,1,ip-172-31-26-253,ranking,benchANT
2026-09-18 10:24:00+00:00,processes,dead,0,dbms,09-2026,yugabyte-2026111-vanilla-os-xlarge-xlarge-aws-v2,1,ip-172-31-26-253,ranking,benchANT
2026-09-18 10:24:10+00:00,processes,dead,0,dbms,09-2026,yugabyte-2026111-vanilla-os-xlarge-xlarge-aws-v2,1,ip-172-31-26-253,ranking,benchANT
2026-09-18 10:24:20+00:00,processes,dead,0,dbms,09-2026,yugabyte-2026111-vanilla-os-xlarge-xlarge-aws-v2,1,ip-172-31-26-253,ranking,benchANT
2026-09-18 10:24:30+00:00,processes,dead,0,dbms,09-2026,yugabyte-2026111-vanilla-os-xlarge-xlarge-aws-v2,1,ip-172-31-26-253,ranking,benchANT
2026-09-18 10:24:40+00:00,processes,dead,0,dbms,09-2026,yugabyte-2026111-vanilla-os-xlarge-xlarge-aws-v2,1,ip-172-31-26-253,ranking,benchANT
2026-09-18 10:24:50+00:00,processes,dead,0,dbms,09-2026,yugabyte-2026111-vanilla-os-xlarge-xlarge-aws-v2,1,ip-172-31-26-253,ranking,benchANT
2026-09-18 10:25:00+00:00,processes,dead,0,dbms,09-2026,yugabyte-2026111-vanilla-os-xlarge-xlarge-aws-v2,1,ip-172-31-26-253,ranking,benchANT
2026-09-18 10:25:10+00:00,processes,dead,0,dbms,09-2026,yugabyte-2026111-vanilla-os-xlarge-xlarge-aws-v2,1,ip-172-31-26-253,ranking,benchANT
2026-09-18 10:25:20+00:00,processes,dead,0,dbms,09-2026,yugabyte-2026111-vanilla-os-xlarge-xlarge-aws-v2,1,ip-172-31-26-253,ranking,benchANT
2026-09-18 10:25:30+00:00,processes,dead,0,dbms,09-2026,yugabyte-2026111-vanilla-os-xlarge-xlarge-aws-v2,1,ip-172-31-26-253,ranking,benchANT
2026-09-18 10:25:40+00:00,processes,dead,0,dbms,09-2026,yugabyte-2026111-vanilla-os-xlarge-xlarge-aws-v2,1,ip-172-31-26-253,ranking,benchANT
2026-09-18 10:25:50+00:00,processes,dead,0,dbms,09-2026,yugabyte-2026111-vanilla-os-xlarge-xlarge-aws-v2,1,ip-172-31-26-253,ranking,benchANT
2026-09-18 10:26:00+00:00,processes,dead,0,dbms,09-2026,yugabyte-2026111-vanilla-os-xlarge-xlarge-aws-v2,1,ip-172-31-26-253,ranking,benchANT
2026-09-18 10:26:10+00:00,processes,dead,0,dbms,09-2026,yugabyte-2026111-vanilla-os-xlarge-xlarge-aws-v2,1,ip-172-31-26-253,ranking,benchANT
2026-09-18 10:26:20+00:00,processes,dead,0,dbms,09-2026,yugabyte-2026111-vanilla-os-xlarge-xlarge-aws-v2,1,ip-172-31-26-253,ranking,benchANT
2026-09-18 10:26:30+00:00,processes,dead,0,dbms,09-2026,yugabyte-2026111-vanilla-os-xlarge-xlarge-aws-v2,1,ip-172-31-26-253,ranking,benchANT
2026-09-18 10:26:40+00:00,processes,dead,0,dbms,09-2026,yugabyte-2026111-vanilla-os-xlarge-xlarge-aws-v2,1,ip-172-31-26-253,ranking,benchANT
2026-09-18 10:26:50+00:00,processes,dead,0,dbms,09-2026,yugabyte-2026111-vanilla-os-xlarge-xlarge-aws-v2,1,ip-172-31-26-253,ranking,benchANT
2026-09-18 10:27:00+00:00,processes,dead,0,dbms,09-2026,yugabyte-2026111-vanilla-os-xlarge-xlarge-aws-v2,1,ip-172-31-26-253,ranking,benchANT
2026-09-18 10:27:10+00:00,processes,dead,0,dbms,09-2026,yugabyte-2026111-vanilla-os-xlarge-xlarge-aws-v2,1,ip-172-31-26-253,ranking,benchANT
2026-09-18 10:27:20+00:00,processes,dead,0,dbms,09-2026,yugabyte-2026111-vanilla-os-xlarge-xlarge-aws-v2,1,ip-172-31-26-253,ranking,benchANT
2026-09-18 10:27:30+00:00,processes,dead,0,dbms,09-2026,yugabyte-2026111-vanilla-os-xlarge-xlarge-aws-v2,1,ip-172-31-26-253,ranking,benchANT
2026-09-18 10:27:40+00:00,processes,dead,0,dbms,09-2026,yugabyte-2026111-vanilla-os-xlarge-xlarge-aws-v2,1,ip-172-31-26-253,ranking,benchANT
2026-09-18 10:27:50+00:00,processes,dead,0,dbms,09-2026,yugabyte-2026111-vanilla-os-xlarge-xlarge-aws-v2,1,ip-172-31-26-253,ranking,benchANT
2026-09-18 10:28:00+00:00,processes,dead,0,dbms,09-2026,yugabyte-2026111-vanilla-os-xlarge-xlarge-aws-v2,1,ip-172-31-26-253,ranking,benchANT
2026-09-18 10:28:10+00:00,processes,dead,0,dbms,09-2026,yugabyte-2026111-vanilla-os-xlarge-xlarge-aws-v2,1,ip-172-31-26-253,ranking,benchANT
2026-09-18 10:28:20+00:00,processes,dead,0,dbms,09-2026,yugabyte-2026111-vanilla-os-xlarge-xlarge-aws-v2,1,ip-172-31-26-253,ranking,benchANT
2026-09-18 10:28:30+00:00,processes,dead,0,dbms,09-2026,yugabyte-2026111-vanilla-os-xlarge-xlarge-aws-v2,1,ip-172-31-26-253,ranking,benchANT
2026-09-18 10:28:40+00:00,processes,dead,0,dbms,09-2026,yugabyte-2026111-vanilla-os-xlarge-xlarge-aws-v2,1,ip-172-31-26-253,ranking,benchANT
2026-09-18 10:28:50+00:00,processes,dead,0,dbms,09-2026,yugabyte-2026111-vanilla-os-xlarge-xlarge-aws-v2,1,ip-172-31-26-253,ranking,benchANT
2026-09-18 10:29:00+00:00,processes,dead,0,dbms,09-2026,yugabyte-2026111-vanilla-os-xlarge-xlarge-aws-v2,1,ip-172-31-26-253,ranking,benchANT
2026-09-18 10:29:10+00:00,processes,dead,0,dbms,09-2026,yugabyte-2026111-vanilla-os-xlarge-xlarge-aws-v2,1,ip-172-31-26-253,ranking,benchANT
2026-09-18 10:29:20+00:00,processes,dead,0,dbms,09-2026,yugabyte-2026111-vanilla-os-xlarge-xlarge-aws-v2,1,ip-172-31-26-253,ranking,benchANT
2026-09-18 10:29:30+00:00,processes,dead,0,dbms,09-2026,yugabyte-2026111-vanilla-os-xlarge-xlarge-aws-v2,1,ip-172-31-26-253,ranking,benchANT
2026-09-18 10:29:40+00:00,processes,dead,0,dbms,09-2026,yugabyte-2026111-vanilla-os-xlarge-xlarge-aws-v2,1,ip-172-31-26-253,ranking,benchANT
2026-09-18 10:29:50+00:00,processes,dead,0,dbms,09-2026,yugabyte-2026111-vanilla-os-xlarge-xlarge-aws-v2,1,ip-172-31-26-253,ranking,benchANT
2026-09-18 10:30:00+00:00,processes,dead,0,dbms,09-2026,yugabyte-2026111-vanilla-os-xlarge-xlarge-aws-v2,1,ip-172-31-26-253,ranking,benchANT
2026-09-18 10:30:10+00:00,processes,dead,0,dbms,09-2026,yugabyte-2026111-vanilla-os-xlarge-xlarge-aws-v2,1,ip-172-31-26-253,ranking,benchANT
2026-09-18 10:30:20+00:00,processes,dead,0,dbms,09-2026,yugabyte-2026111-vanilla-os-xlarge-xlarge-aws-v2,1,ip-172-31-26-253,ranking,benchANT
2026-09-18 10:30:30+00:00,processes,dead,0,dbms,09-2026,yugabyte-2026111-vanilla-os-xlarge-xlarge-aws-v2,1,ip-172-31-26-253,ranking,benchANT
2026-09-18 10:30:40+00:00,processes,dead,0,dbms,09-2026,yugabyte-2026111-vanilla-os-xlarge-xlarge-aws-v2,1,ip-172-31-26-253,ranking,benchANT
2026-09-18 10:30:50+00:00,processes,dead,0,dbms,09-2026,yugabyte-2026111-vanilla-os-xlarge-xlarge-aws-v2,1,ip-172-31-26-253,ranking,benchANT
2026-09-18 10:31:00+00:00,processes,dead,0,dbms,09-2026,yugabyte-2026111-vanilla-os-xlarge-xlarge-aws-v2,1,ip-172-31-26-253,ranking,benchANT
2026-09-18 10:31:10+00:00,processes,dead,0,dbms,09-2026,yugabyte-2026111-vanilla-os-xlarge-xlarge-aws-v2,1,ip-172-31-26-253,ranking,benchANT
2026-09-18 10:31:20+00:00,processes,dead,0,dbms,09-2026,yugabyte-2026111-vanilla-os-xlarge-xlarge-aws-v2,1,ip-172-31-26-253,ranking,benchANT
2026-09-18 10:23:00+00:00,processes,idle,79,dbms,09-2026,yugabyte-2026111-vanilla-os-xlarge-xlarge-aws-v2,1,ip-172-31-26-253,ranking,benchANT
2026-09-18 10:23:10+00:00,processes,idle,79,dbms,09-2026,yugabyte-2026111-vanilla-os-xlarge-xlarge-aws-v2,1,ip-172-31-26-253,ranking,benchANT
2026-09-18 10:23:20+00:00,processes,idle,78,dbms,09-2026,yugabyte-2026111-vanilla-os-xlarge-xlarge-aws-v2,1,ip-172-31-26-253,ranking,benchANT
2026-09-18 10:23:30+00:00,processes,idle,79,dbms,09-2026,yugabyte-2026111-vanilla-os-xlarge-xlarge-aws-v2,1,ip-172-31-26-253,ranking,benchANT
2026-09-18 10:23:40+00:00,processes,idle,79,dbms,09-2026,yugabyte-2026111-vanilla-os-xlarge-xlarge-aws-v2,1,ip-172-31-26-253,ranking,benchANT
2026-09-18 10:23:50+00:00,processes,idle,79,dbms,09-2026,yugabyte-2026111-vanilla-os-xlarge-xlarge-aws-v2,1,ip-172-31-26-253,ranking,benchANT
2026-09-18 10:24:00+00:00,processes,idle,79,dbms,09-2026,yugabyte-2026111-vanilla-os-xlarge-xlarge-aws-v2,1,ip-172-31-26-253,ranking,benchANT
2026-09-18 10:24:10+00:00,processes,idle,79,dbms,09-2026,yugabyte-2026111-vanilla-os-xlarge-xlarge-aws-v2,1,ip-172-31-26-253,ranking,benchANT
2026-09-18 10:24:20+00:00,processes,idle,78,dbms,09-2026,yugabyte-2026111-vanilla-os-xlarge-xlarge-aws-v2,1,ip-172-31-26-253,ranking,benchANT
2026-09-18 10:24:30+00:00,processes,idle,79,dbms,09-2026,yugabyte-2026111-vanilla-os-xlarge-xlarge-aws-v2,1,ip-172-31-26-253,ranking,benchANT
2026-09-18 10:24:40+00:00,processes,idle,79,dbms,09-2026,yugabyte-2026111-vanilla-os-xlarge-xlarge-aws-v2,1,ip-172-31-26-253,ranking,benchANT
2026-09-18 10:24:50+00:00,processes,idle,79,dbms,09-2026,yugabyte-2026111-vanilla-os-xlarge-xlarge-aws-v2,1,ip-172-31-26-253,ranking,benchANT
2026-09-18 10:25:00+00:00,processes,idle,79,dbms,09-2026,yugabyte-2026111-vanilla-os-xlarge-xlarge-aws-v2,1,ip-172-31-26-253,ranking,benchANT
2026-09-18 10:25:10+00:00,processes,idle,79,dbms,09-2026,yugabyte-2026111-vanilla-os-xlarge-xlarge-aws-v2,1,ip-172-31-26-253,ranking,benchANT
2026-09-18 10:25:20+00:00,processes,idle,78,dbms,09-2026,yugabyte-2026111-vanilla-os-xlarge-xlarge-aws-v2,1,ip-172-31-26-253,ranking,benchANT
2026-09-18 10:25:30+00:00,processes,idle,78,dbms,09-2026,yugabyte-2026111-vanilla-os-xlarge-xlarge-aws-v2,1,ip-172-31-26-253,ranking,benchANT
2026-09-18 10:25:40+00:00,processes,idle,76,dbms,09-2026,yugabyte-2026111-vanilla-os-xlarge-xlarge-aws-v2,1,ip-172-31-26-253,ranking,benchANT
2026-09-18 10:25:50+00:00,processes,idle,76,dbms,09-2026,yugabyte-2026111-vanilla-os-xlarge-xlarge-aws-v2,1,ip-172-31-26-253,ranking,benchANT
2026-09-18 10:26:00+00:00,processes,idle,76,dbms,09-2026,yugabyte-2026111-vanilla-os-xlarge-xlarge-aws-v2,1,ip-172-31-26-253,ranking,benchANT
2026-09-18 10:26:10+00:00,processes,idle,76,dbms,09-2026,yugabyte-2026111-vanilla-os-xlarge-xlarge-aws-v2,1,ip-172-31-26-253,ranking,benchANT
2026-09-18 10:26:20+00:00,processes,idle,76,dbms,09-2026,yugabyte-2026111-vanilla-os-xlarge-xlarge-aws-v2,1,ip-172-31-26-253,ranking,benchANT
2026-09-18 10:26:30+00:00,processes,idle,76,dbms,09-2026,yugabyte-2026111-vanilla-os-xlarge-xlarge-aws-v2,1,ip-172-31-26-253,ranking,benchANT
2026-09-18 10:26:40+00:00,processes,idle,77,dbms,09-2026,yugabyte-2026111-vanilla-os-xlarge-xlarge-aws-v2,1,ip-172-31-26-253,ranking,benchANT
2026-09-18 10:26:50+00:00,processes,idle,77,dbms,09-2026,yugabyte-2026111-vanilla-os-xlarge-xlarge-aws-v2,1,ip-172-31-26-253,ranking,benchANT
2026-09-18 10:27:00+00:00,processes,idle,77,dbms,09-2026,yugabyte-2026111-vanilla-os-xlarge-xlarge-aws-v2,1,ip-172-31-26-253,ranking,benchANT
2026-09-18 10:27:10+00:00,processes,idle,77,dbms,09-2026,yugabyte-2026111-vanilla-os-xlarge-xlarge-aws-v2,1,ip-172-31-26-253,ranking,benchANT
2026-09-18 10:27:20+00:00,processes,idle,77,dbms,09-2026,yugabyte-2026111-vanilla-os-xlarge-xlarge-aws-v2,1,ip-172-31-26-253,ranking,benchANT
2026-09-18 10:27:30+00:00,processes,idle,77,dbms,09-2026,yugabyte-2026111-vanilla-os-xlarge-xlarge-aws-v2,1,ip-172-31-26-253,ranking,benchANT
2026-09-18 10:27:40+00:00,processes,idle,77,dbms,09-2026,yugabyte-2026111-vanilla-os-xlarge-xlarge-aws-v2,1,ip-172-31-26-253,ranking,benchANT
2026-09-18 10:27:50+00:00,processes,idle,77,dbms,09-2026,yugabyte-2026111-vanilla-os-xlarge-xlarge-aws-v2,1,ip-172-31-26-253,ranking,benchANT
2026-09-18 10:28:00+00:00,processes,idle,77,dbms,09-2026,yugabyte-2026111-vanilla-os-xlarge-xlarge-aws-v2,1,ip-172-31-26-253,ranking,benchANT
2026-09-18 10:28:10+00:00,processes,idle,76,dbms,09-2026,yugabyte-2026111-vanilla-os-xlarge-xlarge-aws-v2,1,ip-172-31-26-253,ranking,benchANT
2026-09-18 10:28:20+00:00,processes,idle,77,dbms,09-2026,yugabyte-2026111-vanilla-os-xlarge-xlarge-aws-v2,1,ip-172-31-26-253,ranking,benchANT
2026-09-18 10:28:30+00:00,processes,idle,77,dbms,09-2026,yugabyte-2026111-vanilla-os-xlarge-xlarge-aws-v2,1,ip-172-31-26-253,ranking,benchANT
2026-09-18 10:28:40+00:00,processes,idle,77,dbms,09-2026,yugabyte-2026111-vanilla-os-xlarge-xlarge-aws-v2,1,ip-172-31-26-253,ranking,benchANT
2026-09-18 10:28:50+00:00,processes,idle,76,dbms,09-2026,yugabyte-2026111-vanilla-os-xlarge-xlarge-aws-v2,1,ip-172-31-26-253,ranking,benchANT
2026-09-18 10:29:00+00:00,processes,idle,77,dbms,09-2026,yugabyte-2026111-vanilla-os-xlarge-xlarge-aws-v2,1,ip-172-31-26-253,ranking,benchANT
2026-09-18 10:29:10+00:00,processes,idle,77,dbms,09-2026,yugabyte-2026111-vanilla-os-xlarge-xlarge-aws-v2,1,ip-172-31-26-253,ranking,benchANT
2026-09-18 10:29:20+00:00,processes,idle,76,dbms,09-2026,yugabyte-2026111-vanilla-os-xlarge-xlarge-aws-v2,1,ip-172-31-26-253,ranking,benchANT
2026-09-18 10:29:30+00:00,processes,idle,76,dbms,09-2026,yugabyte-2026111-vanilla-os-xlarge-xlarge-aws-v2,1,ip-172-31-26-253,ranking,benchANT
2026-09-18 10:29:40+00:00,processes,idle,77,dbms,09-2026,yugabyte-2026111-vanilla-os-xlarge-xlarge-aws-v2,1,ip-172-31-26-253,ranking,benchANT
2026-09-18 10:29:50+00:00,processes,idle,77,dbms,09-2026,yugabyte-2026111-vanilla-os-xlarge-xlarge-aws-v2,1,ip-172-31-26-253,ranking,benchANT
2026-09-18 10:30:00+00:00,processes,idle,77,dbms,09-2026,yugabyte-2026111-vanilla-os-xlarge-xlarge-aws-v2,1,ip-172-31-26-253,ranking,benchANT
2026-09-18 10:30:10+00:00,processes,idle,78,dbms,09-2026,yugabyte-2026111-vanilla-os-xlarge-xlarge-aws-v2,1,ip-172-31-26-253,ranking,benchANT
2026-09-18 10:30:20+00:00,processes,idle,78,dbms,09-2026,yugabyte-2026111-vanilla-os-xlarge-xlarge-aws-v2,1,ip-172-31-26-253,ranking,benchANT
2026-09-18 10:30:30+00:00,processes,idle,78,dbms,09-2026,yugabyte-2026111-vanilla-os-xlarge-xlarge-aws-v2,1,ip-172-31-26-253,ranking,benchANT
2026-09-18 10:30:40+00:00,processes,idle,78,dbms,09-2026,yugabyte-2026111-vanilla-os-xlarge-xlarge-aws-v2,1,ip-172-31-26-253,ranking,benchANT
2026-09-18 10:30:50+00:00,processes,idle,78,dbms,09-2026,yugabyte-2026111-vanilla-os-xlarge-xlarge-aws-v2,1,ip-172-31-26-253,ranking,benchANT
2026-09-18 10:31:00+00:00,processes,idle,78,dbms,09-2026,yugabyte-2026111-vanilla-os-xlarge-xlarge-aws-v2,1,ip-172-31-26-253,ranking,benchANT
2026-09-18 10:31:10+00:00,processes,idle,78,dbms,09-2026,yugabyte-2026111-vanilla-os-xlarge-xlarge-aws-v2,1,ip-172-31-26-253,ranking,benchANT
2026-09-18 10:31:20+00:00,processes,idle,78,dbms,09-2026,yugabyte-2026111-vanilla-os-xlarge-xlarge-aws-v2,1,ip-172-31-26-253,ranking,benchANT
2026-09-18 10:23:00+00:00,processes,paging,0,dbms,09-2026,yugabyte-2026111-vanilla-os-xlarge-xlarge-aws-v2,1,ip-172-31-26-253,ranking,benchANT
2026-09-18 10:23:10+00:00,processes,paging,0,dbms,09-2026,yugabyte-2026111-vanilla-os-xlarge-xlarge-aws-v2,1,ip-172-31-26-253,ranking,benchANT
2026-09-18 10:23:20+00:00,processes,paging,0,dbms,09-2026,yugabyte-2026111-vanilla-os-xlarge-xlarge-aws-v2,1,ip-172-31-26-253,ranking,benchANT
2026-09-18 10:23:30+00:00,processes,paging,0,dbms,09-2026,yugabyte-2026111-vanilla-os-xlarge-xlarge-aws-v2,1,ip-172-31-26-253,ranking,benchANT
2026-09-18 10:23:40+00:00,processes,paging,0,dbms,09-2026,yugabyte-2026111-vanilla-os-xlarge-xlarge-aws-v2,1,ip-172-31-26-253,ranking,benchANT
2026-09-18 10:23:50+00:00,processes,paging,0,dbms,09-2026,yugabyte-2026111-vanilla-os-xlarge-xlarge-aws-v2,1,ip-172-31-26-253,ranking,benchANT
2026-09-18 10:24:00+00:00,processes,paging,0,dbms,09-2026,yugabyte-2026111-vanilla-os-xlarge-xlarge-aws-v2,1,ip-172-31-26-253,ranking,benchANT
2026-09-18 10:24:10+00:00,processes,paging,0,dbms,09-2026,yugabyte-2026111-vanilla-os-xlarge-xlarge-aws-v2,1,ip-172-31-26-253,ranking,benchANT
2026-09-18 10:24:20+00:00,processes,paging,0,dbms,09-2026,yugabyte-2026111-vanilla-os-xlarge-xlarge-aws-v2,1,ip-172-31-26-253,ranking,benchANT
2026-09-18 10:24:30+00:00,processes,paging,0,dbms,09-2026,yugabyte-2026111-vanilla-os-xlarge-xlarge-aws-v2,1,ip-172-31-26-253,ranking,benchANT
2026-09-18 10:24:40+00:00,processes,paging,0,dbms,09-2026,yugabyte-2026111-vanilla-os-xlarge-xlarge-aws-v2,1,ip-172-31-26-253,ranking,benchANT
2026-09-18 10:24:50+00:00,processes,paging,0,dbms,09-2026,yugabyte-2026111-vanilla-os-xlarge-xlarge-aws-v2,1,ip-172-31-26-253,ranking,benchANT
2026-09-18 10:25:00+00:00,processes,paging,0,dbms,09-2026,yugabyte-2026111-vanilla-os-xlarge-xlarge-aws-v2,1,ip-172-31-26-253,ranking,benchANT
2026-09-18 10:25:10+00:00,processes,paging,0,dbms,09-2026,yugabyte-2026111-vanilla-os-xlarge-xlarge-aws-v2,1,ip-172-31-26-253,ranking,benchANT
2026-09-18 10:25:20+00:00,processes,paging,0,dbms,09-2026,yugabyte-2026111-vanilla-os-xlarge-xlarge-aws-v2,1,ip-172-31-26-253,ranking,benchANT
2026-09-18 10:25:30+00:00,processes,paging,0,dbms,09-2026,yugabyte-2026111-vanilla-os-xlarge-xlarge-aws-v2,1,ip-172-31-26-253,ranking,benchANT
2026-09-18 10:25:40+00:00,processes,paging,0,dbms,09-2026,yugabyte-2026111-vanilla-os-xlarge-xlarge-aws-v2,1,ip-172-31-26-253,ranking,benchANT
2026-09-18 10:25:50+00:00,processes,paging,0,dbms,09-2026,yugabyte-2026111-vanilla-os-xlarge-xlarge-aws-v2,1,ip-172-31-26-253,ranking,benchANT
2026-09-18 10:26:00+00:00,processes,paging,0,dbms,09-2026,yugabyte-2026111-vanilla-os-xlarge-xlarge-aws-v2,1,ip-172-31-26-253,ranking,benchANT
2026-09-18 10:26:10+00:00,processes,paging,0,dbms,09-2026,yugabyte-2026111-vanilla-os-xlarge-xlarge-aws-v2,1,ip-172-31-26-253,ranking,benchANT
2026-09-18 10:26:20+00:00,processes,paging,0,dbms,09-2026,yugabyte-2026111-vanilla-os-xlarge-xlarge-aws-v2,1,ip-172-31-26-253,ranking,benchANT
2026-09-18 10:26:30+00:00,processes,paging,0,dbms,09-2026,yugabyte-2026111-vanilla-os-xlarge-xlarge-aws-v2,1,ip-172-31-26-253,ranking,benchANT
2026-09-18 10:26:40+00:00,processes,paging,0,dbms,09-2026,yugabyte-2026111-vanilla-os-xlarge-xlarge-aws-v2,1,ip-172-31-26-253,ranking,benchANT
2026-09-18 10:26:50+00:00,processes,paging,0,dbms,09-2026,yugabyte-2026111-vanilla-os-xlarge-xlarge-aws-v2,1,ip-172-31-26-253,ranking,benchANT
2026-09-18 10:27:00+00:00,processes,paging,0,dbms,09-2026,yugabyte-2026111-vanilla-os-xlarge-xlarge-aws-v2,1,ip-172-31-26-253,ranking,benchANT
2026-09-18 10:27:10+00:00,processes,paging,0,dbms,09-2026,yugabyte-2026111-vanilla-os-xlarge-xlarge-aws-v2,1,ip-172-31-26-253,ranking,benchANT
2026-09-18 10:27:20+00:00,processes,paging,0,dbms,09-2026,yugabyte-2026111-vanilla-os-xlarge-xlarge-aws-v2,1,ip-172-31-26-253,ranking,benchANT
2026-09-18 10:27:30+00:00,processes,paging,0,dbms,09-2026,yugabyte-2026111-vanilla-os-xlarge-xlarge-aws-v2,1,ip-172-31-26-253,ranking,benchANT
2026-09-18 10:27:40+00:00,processes,paging,0,dbms,09-2026,yugabyte-2026111-vanilla-os-xlarge-xlarge-aws-v2,1,ip-172-31-26-253,ranking,benchANT
2026-09-18 10:27:50+00:00,processes,paging,0,dbms,09-2026,yugabyte-2026111-vanilla-os-xlarge-xlarge-aws-v2,1,ip-172-31-26-253,ranking,benchANT
2026-09-18 10:28:00+00:00,processes,paging,0,dbms,09-2026,yugabyte-2026111-vanilla-os-xlarge-xlarge-aws-v2,1,ip-172-31-26-253,ranking,benchANT
2026-09-18 10:28:10+00:00,processes,paging,0,dbms,09-2026,yugabyte-2026111-vanilla-os-xlarge-xlarge-aws-v2,1,ip-172-31-26-253,ranking,benchANT
2026-09-18 10:28:20+00:00,processes,paging,0,dbms,09-2026,yugabyte-2026111-vanilla-os-xlarge-xlarge-aws-v2,1,ip-172-31-26-253,ranking,benchANT
2026-09-18 10:28:30+00:00,processes,paging,0,dbms,09-2026,yugabyte-2026111-vanilla-os-xlarge-xlarge-aws-v2,1,ip-172-31-26-253,ranking,benchANT
2026-09-18 10:28:40+00:00,processes,paging,0,dbms,09-2026,yugabyte-2026111-vanilla-os-xlarge-xlarge-aws-v2,1,ip-172-31-26-253,ranking,benchANT
2026-09-18 10:28:50+00:00,processes,paging,0,dbms,09-2026,yugabyte-2026111-vanilla-os-xlarge-xlarge-aws-v2,1,ip-172-31-26-253,ranking,benchANT
2026-09-18 10:29:00+00:00,processes,paging,0,dbms,09-2026,yugabyte-2026111-vanilla-os-xlarge-xlarge-aws-v2,1,ip-172-31-26-253,ranking,benchANT
2026-09-18 10:29:10+00:00,processes,paging,0,dbms,09-2026,yugabyte-2026111-vanilla-os-xlarge-xlarge-aws-v2,1,ip-172-31-26-253,ranking,benchANT
2026-09-18 10:29:20+00:00,processes,paging,0,dbms,09-2026,yugabyte-2026111-vanilla-os-xlarge-xlarge-aws-v2,1,ip-172-31-26-253,ranking,benchANT
2026-09-18 10:29:30+00:00,processes,paging,0,dbms,09-2026,yugabyte-2026111-vanilla-os-xlarge-xlarge-aws-v2,1,ip-172-31-26-253,ranking,benchANT
2026-09-18 10:29:40+00:00,processes,paging,0,dbms,09-2026,yugabyte-2026111-vanilla-os-xlarge-xlarge-aws-v2,1,ip-172-31-26-253,ranking,benchANT
2026-09-18 10:29:50+00:00,processes,paging,0,dbms,09-2026,yugabyte-2026111-vanilla-os-xlarge-xlarge-aws-v2,1,ip-172-31-26-253,ranking,benchANT
2026-09-18 10:30:00+00:00,processes,paging,0,dbms,09-2026,yugabyte-2026111-vanilla-os-xlarge-xlarge-aws-v2,1,ip-172-31-26-253,ranking,benchANT
2026-09-18 10:30:10+00:00,processes,paging,0,dbms,09-2026,yugabyte-2026111-vanilla-os-xlarge-xlarge-aws-v2,1,ip-172-31-26-253,ranking,benchANT
2026-09-18 10:30:20+00:00,processes,paging,0,dbms,09-2026,yugabyte-2026111-vanilla-os-xlarge-xlarge-aws-v2,1,ip-172-31-26-253,ranking,benchANT
2026-09-18 10:30:30+00:00,processes,paging,0,dbms,09-2026,yugabyte-2026111-vanilla-os-xlarge-xlarge-aws-v2,1,ip-172-31-26-253,ranking,benchANT
2026-09-18 10:30:40+00:00,processes,paging,0,dbms,09-2026,yugabyte-2026111-vanilla-os-xlarge-xlarge-aws-v2,1,ip-172-31-26-253,ranking,benchANT
2026-09-18 10:30:50+00:00,processes,paging,0,dbms,09-2026,yugabyte-2026111-vanilla-os-xlarge-xlarge-aws-v2,1,ip-172-31-26-253,ranking,benchANT
2026-09-18 10:31:00+00:00,processes,paging,0,dbms,09-2026,yugabyte-2026111-vanilla-os-xlarge-xlarge-aws-v2,1,ip-172-31-26-253,ranking,benchANT
2026-09-18 10:31:10+00:00,processes,paging,0,dbms,09-2026,yugabyte-2026111-vanilla-os-xlarge-xlarge-aws-v2,1,ip-172-31-26-253,ranking,benchANT
2026-09-18 10:31:20+00:00,processes,paging,0,dbms,09-2026,yugabyte-2026111-vanilla-os-xlarge-xlarge-aws-v2,1,ip-172-31-26-253,ranking,benchANT
2026-09-18 10:23:00+00:00,processes,running,4,dbms,09-2026,yugabyte-2026111-vanilla-os-xlarge-xlarge-aws-v2,1,ip-172-31-26-253,ranking,benchANT
2026-09-18 10:23:10+00:00,processes,running,9,dbms,09-2026,yugabyte-2026111-vanilla-os-xlarge-xlarge-aws-v2,1,ip-172-31-26-253,ranking,benchANT
2026-09-18 10:23:20+00:00,processes,running,5,dbms,09-2026,yugabyte-2026111-vanilla-os-xlarge-xlarge-aws-v2,1,ip-172-31-26-253,ranking,benchANT
2026-09-18 10:23:30+00:00,processes,running,2,dbms,09-2026,yugabyte-2026111-vanilla-os-xlarge-xlarge-aws-v2,1,ip-172-31-26-253,ranking,benchANT
2026-09-18 10:23:40+00:00,processes,running,7,dbms,09-2026,yugabyte-2026111-vanilla-os-xlarge-xlarge-aws-v2,1,ip-172-31-26-253,ranking,benchANT
2026-09-18 10:23:50+00:00,processes,running,4,dbms,09-2026,yugabyte-2026111-vanilla-os-xlarge-xlarge-aws-v2,1,ip-172-31-26-253,ranking,benchANT
2026-09-18 10:24:00+00:00,processes,running,6,dbms,09-2026,yugabyte-2026111-vanilla-os-xlarge-xlarge-aws-v2,1,ip-172-31-26-253,ranking,benchANT
2026-09-18 10:24:10+00:00,processes,running,6,dbms,09-2026,yugabyte-2026111-vanilla-os-xlarge-xlarge-aws-v2,1,ip-172-31-26-253,ranking,benchANT
2026-09-18 10:24:20+00:00,processes,running,3,dbms,09-2026,yugabyte-2026111-vanilla-os-xlarge-xlarge-aws-v2,1,ip-172-31-26-253,ranking,benchANT
2026-09-18 10:24:30+00:00,processes,running,2,dbms,09-2026,yugabyte-2026111-vanilla-os-xlarge-xlarge-aws-v2,1,ip-172-31-26-253,ranking,benchANT
2026-09-18 10:24:40+00:00,processes,running,9,dbms,09-2026,yugabyte-2026111-vanilla-os-xlarge-xlarge-aws-v2,1,ip-172-31-26-253,ranking,benchANT
2026-09-18 10:24:50+00:00,processes,running,4,dbms,09-2026,yugabyte-2026111-vanilla-os-xlarge-xlarge-aws-v2,1,ip-172-31-26-253,ranking,benchANT
2026-09-18 10:25:00+00:00,processes,running,10,dbms,09-2026,yugabyte-2026111-vanilla-os-xlarge-xlarge-aws-v2,1,ip-172-31-26-253,ranking,benchANT
2026-09-18 10:25:10+00:00,processes,running,2,dbms,09-2026,yugabyte-2026111-vanilla-os-xlarge-xlarge-aws-v2,1,ip-172-31-26-253,ranking,benchANT
2026-09-18 10:25:20+00:00,processes,running,3,dbms,09-2026,yugabyte-2026111-vanilla-os-xlarge-xlarge-aws-v2,1,ip-172-31-26-253,ranking,benchANT
2026-09-18 10:25:30+00:00,processes,running,7,dbms,09-2026,yugabyte-2026111-vanilla-os-xlarge-xlarge-aws-v2,1,ip-172-31-26-253,ranking,benchANT
2026-09-18 10:25:40+00:00,processes,running,5,dbms,09-2026,yugabyte-2026111-vanilla-os-xlarge-xlarge-aws-v2,1,ip-172-31-26-253,ranking,benchANT
2026-09-18 10:25:50+00:00,processes,running,3,dbms,09-2026,yugabyte-2026111-vanilla-os-xlarge-xlarge-aws-v2,1,ip-172-31-26-253,ranking,benchANT
2026-09-18 10:26:00+00:00,processes,running,5,dbms,09-2026,yugabyte-2026111-vanilla-os-xlarge-xlarge-aws-v2,1,ip-172-31-26-253,ranking,benchANT
2026-09-18 10:26:10+00:00,processes,running,4,dbms,09-2026,yugabyte-2026111-vanilla-os-xlarge-xlarge-aws-v2,1,ip-172-31-26-253,ranking,benchANT
2026-09-18 10:26:20+00:00,processes,running,3,dbms,09-2026,yugabyte-2026111-vanilla-os-xlarge-xlarge-aws-v2,1,ip-172-31-26-253,ranking,benchANT
2026-09-18 10:26:30+00:00,processes,running,6,dbms,09-2026,yugabyte-2026111-vanilla-os-xlarge-xlarge-aws-v2,1,ip-172-31-26-253,ranking,benchANT
2026-09-18 10:26:40+00:00,processes,running,3,dbms,09-2026,yugabyte-2026111-vanilla-os-xlarge-xlarge-aws-v2,1,ip-172-31-26-253,ranking,benchANT
2026-09-18 10:26:50+00:00,processes,running,7,dbms,09-2026,yugabyte-2026111-vanilla-os-xlarge-xlarge-aws-v2,1,ip-172-31-26-253,ranking,benchANT
2026-09-18 10:27:00+00:00,processes,running,1,dbms,09-2026,yugabyte-2026111-vanilla-os-xlarge-xlarge-aws-v2,1,ip-172-31-26-253,ranking,benchANT
2026-09-18 10:27:10+00:00,processes,running,4,dbms,09-2026,yugabyte-2026111-vanilla-os-xlarge-xlarge-aws-v2,1,ip-172-31-26-253,ranking,benchANT
2026-09-18 10:27:20+00:00,processes,running,9,dbms,09-2026,yugabyte-2026111-vanilla-os-xlarge-xlarge-aws-v2,1,ip-172-31-26-253,ranking,benchANT
2026-09-18 10:27:30+00:00,processes,running,3,dbms,09-2026,yugabyte-2026111-vanilla-os-xlarge-xlarge-aws-v2,1,ip-172-31-26-253,ranking,benchANT
2026-09-18 10:27:40+00:00,processes,running,9,dbms,09-2026,yugabyte-2026111-vanilla-os-xlarge-xlarge-aws-v2,1,ip-172-31-26-253,ranking,benchANT
2026-09-18 10:27:50+00:00,processes,running,4,dbms,09-2026,yugabyte-2026111-vanilla-os-xlarge-xlarge-aws-v2,1,ip-172-31-26-253,ranking,benchANT
2026-09-18 10:28:00+00:00,processes,running,5,dbms,09-2026,yugabyte-2026111-vanilla-os-xlarge-xlarge-aws-v2,1,ip-172-31-26-253,ranking,benchANT
2026-09-18 10:28:10+00:00,processes,running,6,dbms,09-2026,yugabyte-2026111-vanilla-os-xlarge-xlarge-aws-v2,1,ip-172-31-26-253,ranking,benchANT
2026-09-18 10:28:20+00:00,processes,running,3,dbms,09-2026,yugabyte-2026111-vanilla-os-xlarge-xlarge-aws-v2,1,ip-172-31-26-253,ranking,benchANT
2026-09-18 10:28:30+00:00,processes,running,7,dbms,09-2026,yugabyte-2026111-vanilla-os-xlarge-xlarge-aws-v2,1,ip-172-31-26-253,ranking,benchANT
2026-09-18 10:28:40+00:00,processes,running,8,dbms,09-2026,yugabyte-2026111-vanilla-os-xlarge-xlarge-aws-v2,1,ip-172-31-26-253,ranking,benchANT
2026-09-18 10:28:50+00:00,processes,running,9,dbms,09-2026,yugabyte-2026111-vanilla-os-xlarge-xlarge-aws-v2,1,ip-172-31-26-253,ranking,benchANT
2026-09-18 10:29:00+00:00,processes,running,4,dbms,09-2026,yugabyte-2026111-vanilla-os-xlarge-xlarge-aws-v2,1,ip-172-31-26-253,ranking,benchANT
2026-09-18 10:29:10+00:00,processes,running,5,dbms,09-2026,yugabyte-2026111-vanilla-os-xlarge-xlarge-aws-v2,1,ip-172-31-26-253,ranking,benchANT
2026-09-18 10:29:20+00:00,processes,running,0,dbms,09-2026,yugabyte-2026111-vanilla-os-xlarge-xlarge-aws-v2,1,ip-172-31-26-253,ranking,benchANT
2026-09-18 10:29:30+00:00,processes,running,4,dbms,09-2026,yugabyte-2026111-vanilla-os-xlarge-xlarge-aws-v2,1,ip-172-31-26-253,ranking,benchANT
2026-09-18 10:29:40+00:00,processes,running,5,dbms,09-2026,yugabyte-2026111-vanilla-os-xlarge-xlarge-aws-v2,1,ip-172-31-26-253,ranking,benchANT
2026-09-18 10:29:50+00:00,processes,running,5,dbms,09-2026,yugabyte-2026111-vanilla-os-xlarge-xlarge-aws-v2,1,ip-172-31-26-253,ranking,benchANT
2026-09-18 10:30:00+00:00,processes,running,6,dbms,09-2026,yugabyte-2026111-vanilla-os-xlarge-xlarge-aws-v2,1,ip-172-31-26-253,ranking,benchANT
2026-09-18 10:30:10+00:00,processes,running,4,dbms,09-2026,yugabyte-2026111-vanilla-os-xlarge-xlarge-aws-v2,1,ip-172-31-26-253,ranking,benchANT
2026-09-18 10:30:20+00:00,processes,running,8,dbms,09-2026,yugabyte-2026111-vanilla-os-xlarge-xlarge-aws-v2,1,ip-172-31-26-253,ranking,benchANT
2026-09-18 10:30:30+00:00,processes,running,6,dbms,09-2026,yugabyte-2026111-vanilla-os-xlarge-xlarge-aws-v2,1,ip-172-31-26-253,ranking,benchANT
2026-09-18 10:30:40+00:00,processes,running,4,dbms,09-2026,yugabyte-2026111-vanilla-os-xlarge-xlarge-aws-v2,1,ip-172-31-26-253,ranking,benchANT
2026-09-18 10:30:50+00:00,processes,running,0,dbms,09-2026,yugabyte-2026111-vanilla-os-xlarge-xlarge-aws-v2,1,ip-172-31-26-253,ranking,benchANT
2026-09-18 10:31:00+00:00,processes,running,0,dbms,09-2026,yugabyte-2026111-vanilla-os-xlarge-xlarge-aws-v2,1,ip-172-31-26-253,ranking,benchANT
2026-09-18 10:31:10+00:00,processes,running,0,dbms,09-2026,yugabyte-2026111-vanilla-os-xlarge-xlarge-aws-v2,1,ip-172-31-26-253,ranking,benchANT
2026-09-18 10:31:20+00:00,processes,running,0,dbms,09-2026,yugabyte-2026111-vanilla-os-xlarge-xlarge-aws-v2,1,ip-172-31-26-253,ranking,benchANT
2026-09-18 10:23:00+00:00,processes,sleeping,146,dbms,09-2026,yugabyte-2026111-vanilla-os-xlarge-xlarge-aws-v2,1,ip-172-31-26-253,ranking,benchANT
2026-09-18 10:23:10+00:00,processes,sleeping,141,dbms,09-2026,yugabyte-2026111-vanilla-os-xlarge-xlarge-aws-v2,1,ip-172-31-26-253,ranking,benchANT
2026-09-18 10:23:20+00:00,processes,sleeping,145,dbms,09-2026,yugabyte-2026111-vanilla-os-xlarge-xlarge-aws-v2,1,ip-172-31-26-253,ranking,benchANT
2026-09-18 10:23:30+00:00,processes,sleeping,148,dbms,09-2026,yugabyte-2026111-vanilla-os-xlarge-xlarge-aws-v2,1,ip-172-31-26-253,ranking,benchANT
2026-09-18 10:23:40+00:00,processes,sleeping,142,dbms,09-2026,yugabyte-2026111-vanilla-os-xlarge-xlarge-aws-v2,1,ip-172-31-26-253,ranking,benchANT
2026-09-18 10:23:50+00:00,processes,sleeping,146,dbms,09-2026,yugabyte-2026111-vanilla-os-xlarge-xlarge-aws-v2,1,ip-172-31-26-253,ranking,benchANT
2026-09-18 10:24:00+00:00,processes,sleeping,144,dbms,09-2026,yugabyte-2026111-vanilla-os-xlarge-xlarge-aws-v2,1,ip-172-31-26-253,ranking,benchANT
2026-09-18 10:24:10+00:00,processes,sleeping,144,dbms,09-2026,yugabyte-2026111-vanilla-os-xlarge-xlarge-aws-v2,1,ip-172-31-26-253,ranking,benchANT
2026-09-18 10:24:20+00:00,processes,sleeping,146,dbms,09-2026,yugabyte-2026111-vanilla-os-xlarge-xlarge-aws-v2,1,ip-172-31-26-253,ranking,benchANT
2026-09-18 10:24:30+00:00,processes,sleeping,147,dbms,09-2026,yugabyte-2026111-vanilla-os-xlarge-xlarge-aws-v2,1,ip-172-31-26-253,ranking,benchANT
2026-09-18 10:24:40+00:00,processes,sleeping,141,dbms,09-2026,yugabyte-2026111-vanilla-os-xlarge-xlarge-aws-v2,1,ip-172-31-26-253,ranking,benchANT
2026-09-18 10:24:50+00:00,processes,sleeping,146,dbms,09-2026,yugabyte-2026111-vanilla-os-xlarge-xlarge-aws-v2,1,ip-172-31-26-253,ranking,benchANT
2026-09-18 10:25:00+00:00,processes,sleeping,140,dbms,09-2026,yugabyte-2026111-vanilla-os-xlarge-xlarge-aws-v2,1,ip-172-31-26-253,ranking,benchANT
2026-09-18 10:25:10+00:00,processes,sleeping,148,dbms,09-2026,yugabyte-2026111-vanilla-os-xlarge-xlarge-aws-v2,1,ip-172-31-26-253,ranking,benchANT
2026-09-18 10:25:20+00:00,processes,sleeping,147,dbms,09-2026,yugabyte-2026111-vanilla-os-xlarge-xlarge-aws-v2,1,ip-172-31-26-253,ranking,benchANT
2026-09-18 10:25:30+00:00,processes,sleeping,143,dbms,09-2026,yugabyte-2026111-vanilla-os-xlarge-xlarge-aws-v2,1,ip-172-31-26-253,ranking,benchANT
2026-09-18 10:25:40+00:00,processes,sleeping,145,dbms,09-2026,yugabyte-2026111-vanilla-os-xlarge-xlarge-aws-v2,1,ip-172-31-26-253,ranking,benchANT
2026-09-18 10:25:50+00:00,processes,sleeping,147,dbms,09-2026,yugabyte-2026111-vanilla-os-xlarge-xlarge-aws-v2,1,ip-172-31-26-253,ranking,benchANT
2026-09-18 10:26:00+00:00,processes,sleeping,145,dbms,09-2026,yugabyte-2026111-vanilla-os-xlarge-xlarge-aws-v2,1,ip-172-31-26-253,ranking,benchANT
2026-09-18 10:26:10+00:00,processes,sleeping,146,dbms,09-2026,yugabyte-2026111-vanilla-os-xlarge-xlarge-aws-v2,1,ip-172-31-26-253,ranking,benchANT
2026-09-18 10:26:20+00:00,processes,sleeping,147,dbms,09-2026,yugabyte-2026111-vanilla-os-xlarge-xlarge-aws-v2,1,ip-172-31-26-253,ranking,benchANT
2026-09-18 10:26:30+00:00,processes,sleeping,143,dbms,09-2026,yugabyte-2026111-vanilla-os-xlarge-xlarge-aws-v2,1,ip-172-31-26-253,ranking,benchANT
2026-09-18 10:26:40+00:00,processes,sleeping,147,dbms,09-2026,yugabyte-2026111-vanilla-os-xlarge-xlarge-aws-v2,1,ip-172-31-26-253,ranking,benchANT
2026-09-18 10:26:50+00:00,processes,sleeping,143,dbms,09-2026,yugabyte-2026111-vanilla-os-xlarge-xlarge-aws-v2,1,ip-172-31-26-253,ranking,benchANT
2026-09-18 10:27:00+00:00,processes,sleeping,149,dbms,09-2026,yugabyte-2026111-vanilla-os-xlarge-xlarge-aws-v2,1,ip-172-31-26-253,ranking,benchANT
2026-09-18 10:27:10+00:00,processes,sleeping,146,dbms,09-2026,yugabyte-2026111-vanilla-os-xlarge-xlarge-aws-v2,1,ip-172-31-26-253,ranking,benchANT
2026-09-18 10:27:20+00:00,processes,sleeping,141,dbms,09-2026,yugabyte-2026111-vanilla-os-xlarge-xlarge-aws-v2,1,ip-172-31-26-253,ranking,benchANT
2026-09-18 10:27:30+00:00,processes,sleeping,147,dbms,09-2026,yugabyte-2026111-vanilla-os-xlarge-xlarge-aws-v2,1,ip-172-31-26-253,ranking,benchANT
2026-09-18 10:27:40+00:00,processes,sleeping,141,dbms,09-2026,yugabyte-2026111-vanilla-os-xlarge-xlarge-aws-v2,1,ip-172-31-26-253,ranking,benchANT
2026-09-18 10:27:50+00:00,processes,sleeping,146,dbms,09-2026,yugabyte-2026111-vanilla-os-xlarge-xlarge-aws-v2,1,ip-172-31-26-253,ranking,benchANT
2026-09-18 10:28:00+00:00,processes,sleeping,145,dbms,09-2026,yugabyte-2026111-vanilla-os-xlarge-xlarge-aws-v2,1,ip-172-31-26-253,ranking,benchANT
2026-09-18 10:28:10+00:00,processes,sleeping,145,dbms,09-2026,yugabyte-2026111-vanilla-os-xlarge-xlarge-aws-v2,1,ip-172-31-26-253,ranking,benchANT
2026-09-18 10:28:20+00:00,processes,sleeping,147,dbms,09-2026,yugabyte-2026111-vanilla-os-xlarge-xlarge-aws-v2,1,ip-172-31-26-253,ranking,benchANT
2026-09-18 10:28:30+00:00,processes,sleeping,143,dbms,09-2026,yugabyte-2026111-vanilla-os-xlarge-xlarge-aws-v2,1,ip-172-31-26-253,ranking,benchANT
2026-09-18 10:28:40+00:00,processes,sleeping,142,dbms,09-2026,yugabyte-2026111-vanilla-os-xlarge-xlarge-aws-v2,1,ip-172-31-26-253,ranking,benchANT
2026-09-18 10:28:50+00:00,processes,sleeping,142,dbms,09-2026,yugabyte-2026111-vanilla-os-xlarge-xlarge-aws-v2,1,ip-172-31-26-253,ranking,benchANT
2026-09-18 10:29:00+00:00,processes,sleeping,145,dbms,09-2026,yugabyte-2026111-vanilla-os-xlarge-xlarge-aws-v2,1,ip-172-31-26-253,ranking,benchANT
2026-09-18 10:29:10+00:00,processes,sleeping,145,dbms,09-2026,yugabyte-2026111-vanilla-os-xlarge-xlarge-aws-v2,1,ip-172-31-26-253,ranking,benchANT
2026-09-18 10:29:20+00:00,processes,sleeping,149,dbms,09-2026,yugabyte-2026111-vanilla-os-xlarge-xlarge-aws-v2,1,ip-172-31-26-253,ranking,benchANT
2026-09-18 10:29:30+00:00,processes,sleeping,145,dbms,09-2026,yugabyte-2026111-vanilla-os-xlarge-xlarge-aws-v2,1,ip-172-31-26-253,ranking,benchANT
2026-09-18 10:29:40+00:00,processes,sleeping,145,dbms,09-2026,yugabyte-2026111-vanilla-os-xlarge-xlarge-aws-v2,1,ip-172-31-26-253,ranking,benchANT
2026-09-18 10:29:50+00:00,processes,sleeping,145,dbms,09-2026,yugabyte-2026111-vanilla-os-xlarge-xlarge-aws-v2,1,ip-172-31-26-253,ranking,benchANT
2026-09-18 10:30:00+00:00,processes,sleeping,144,dbms,09-2026,yugabyte-2026111-vanilla-os-xlarge-xlarge-aws-v2,1,ip-172-31-26-253,ranking,benchANT
2026-09-18 10:30:10+00:00,processes,sleeping,146,dbms,09-2026,yugabyte-2026111-vanilla-os-xlarge-xlarge-aws-v2,1,ip-172-31-26-253,ranking,benchANT
2026-09-18 10:30:20+00:00,processes,sleeping,142,dbms,09-2026,yugabyte-2026111-vanilla-os-xlarge-xlarge-aws-v2,1,ip-172-31-26-253,ranking,benchANT
2026-09-18 10:30:30+00:00,processes,sleeping,144,dbms,09-2026,yugabyte-2026111-vanilla-os-xlarge-xlarge-aws-v2,1,ip-172-31-26-253,ranking,benchANT
2026-09-18 10:30:40+00:00,processes,sleeping,141,dbms,09-2026,yugabyte-2026111-vanilla-os-xlarge-xlarge-aws-v2,1,ip-172-31-26-253,ranking,benchANT
2026-09-18 10:30:50+00:00,processes,sleeping,83,dbms,09-2026,yugabyte-2026111-vanilla-os-xlarge-xlarge-aws-v2,1,ip-172-31-26-253,ranking,benchANT
2026-09-18 10:31:00+00:00,processes,sleeping,83,dbms,09-2026,yugabyte-2026111-vanilla-os-xlarge-xlarge-aws-v2,1,ip-172-31-26-253,ranking,benchANT
2026-09-18 10:31:10+00:00,processes,sleeping,83,dbms,09-2026,yugabyte-2026111-vanilla-os-xlarge-xlarge-aws-v2,1,ip-172-31-26-253,ranking,benchANT
2026-09-18 10:31:20+00:00,processes,sleeping,83,dbms,09-2026,yugabyte-2026111-vanilla-os-xlarge-xlarge-aws-v2,1,ip-172-31-26-253,ranking,benchANT
2026-09-18 10:23:00+00:00,processes,stopped,0,dbms,09-2026,yugabyte-2026111-vanilla-os-xlarge-xlarge-aws-v2,1,ip-172-31-26-253,ranking,benchANT
2026-09-18 10:23:10+00:00,processes,stopped,0,dbms,09-2026,yugabyte-2026111-vanilla-os-xlarge-xlarge-aws-v2,1,ip-172-31-26-253,ranking,benchANT
2026-09-18 10:23:20+00:00,processes,stopped,0,dbms,09-2026,yugabyte-2026111-vanilla-os-xlarge-xlarge-aws-v2,1,ip-172-31-26-253,ranking,benchANT
2026-09-18 10:23:30+00:00,processes,stopped,0,dbms,09-2026,yugabyte-2026111-vanilla-os-xlarge-xlarge-aws-v2,1,ip-172-31-26-253,ranking,benchANT
2026-09-18 10:23:40+00:00,processes,stopped,0,dbms,09-2026,yugabyte-2026111-vanilla-os-xlarge-xlarge-aws-v2,1,ip-172-31-26-253,ranking,benchANT
2026-09-18 10:23:50+00:00,processes,stopped,0,dbms,09-2026,yugabyte-2026111-vanilla-os-xlarge-xlarge-aws-v2,1,ip-172-31-26-253,ranking,benchANT
2026-09-18 10:24:00+00:00,processes,stopped,0,dbms,09-2026,yugabyte-2026111-vanilla-os-xlarge-xlarge-aws-v2,1,ip-172-31-26-253,ranking,benchANT
2026-09-18 10:24:10+00:00,processes,stopped,0,dbms,09-2026,yugabyte-2026111-vanilla-os-xlarge-xlarge-aws-v2,1,ip-172-31-26-253,ranking,benchANT
2026-09-18 10:24:20+00:00,processes,stopped,0,dbms,09-2026,yugabyte-2026111-vanilla-os-xlarge-xlarge-aws-v2,1,ip-172-31-26-253,ranking,benchANT
2026-09-18 10:24:30+00:00,processes,stopped,0,dbms,09-2026,yugabyte-2026111-vanilla-os-xlarge-xlarge-aws-v2,1,ip-172-31-26-253,ranking,benchANT
2026-09-18 10:24:40+00:00,processes,stopped,0,dbms,09-2026,yugabyte-2026111-vanilla-os-xlarge-xlarge-aws-v2,1,ip-172-31-26-253,ranking,benchANT
2026-09-18 10:24:50+00:00,processes,stopped,0,dbms,09-2026,yugabyte-2026111-vanilla-os-xlarge-xlarge-aws-v2,1,ip-172-31-26-253,ranking,benchANT
2026-09-18 10:25:00+00:00,processes,stopped,0,dbms,09-2026,yugabyte-2026111-vanilla-os-xlarge-xlarge-aws-v2,1,ip-172-31-26-253,ranking,benchANT
2026-09-18 10:25:10+00:00,processes,stopped,0,dbms,09-2026,yugabyte-2026111-vanilla-os-xlarge-xlarge-aws-v2,1,ip-172-31-26-253,ranking,benchANT
2026-09-18 10:25:20+00:00,processes,stopped,0,dbms,09-2026,yugabyte-2026111-vanilla-os-xlarge-xlarge-aws-v2,1,ip-172-31-26-253,ranking,benchANT
2026-09-18 10:25:30+00:00,processes,stopped,0,dbms,09-2026,yugabyte-2026111-vanilla-os-xlarge-xlarge-aws-v2,1,ip-172-31-26-253,ranking,benchANT
2026-09-18 10:25:40+00:00,processes,stopped,0,dbms,09-2026,yugabyte-2026111-vanilla-os-xlarge-xlarge-aws-v2,1,ip-172-31-26-253,ranking,benchANT
2026-09-18 10:25:50+00:00,processes,stopped,0,dbms,09-2026,yugabyte-2026111-vanilla-os-xlarge-xlarge-aws-v2,1,ip-172-31-26-253,ranking,benchANT
2026-09-18 10:26:00+00:00,processes,stopped,0,dbms,09-2026,yugabyte-2026111-vanilla-os-xlarge-xlarge-aws-v2,1,ip-172-31-26-253,ranking,benchANT
2026-09-18 10:26:10+00:00,processes,stopped,0,dbms,09-2026,yugabyte-2026111-vanilla-os-xlarge-xlarge-aws-v2,1,ip-172-31-26-253,ranking,benchANT
2026-09-18 10:26:20+00:00,processes,stopped,0,dbms,09-2026,yugabyte-2026111-vanilla-os-xlarge-xlarge-aws-v2,1,ip-172-31-26-253,ranking,benchANT
2026-09-18 10:26:30+00:00,processes,stopped,0,dbms,09-2026,yugabyte-2026111-vanilla-os-xlarge-xlarge-aws-v2,1,ip-172-31-26-253,ranking,benchANT
2026-09-18 10:26:40+00:00,processes,stopped,0,dbms,09-2026,yugabyte-2026111-vanilla-os-xlarge-xlarge-aws-v2,1,ip-172-31-26-253,ranking,benchANT
2026-09-18 10:26:50+00:00,processes,stopped,0,dbms,09-2026,yugabyte-2026111-vanilla-os-xlarge-xlarge-aws-v2,1,ip-172-31-26-253,ranking,benchANT
2026-09-18 10:27:00+00:00,processes,stopped,0,dbms,09-2026,yugabyte-2026111-vanilla-os-xlarge-xlarge-aws-v2,1,ip-172-31-26-253,ranking,benchANT
2026-09-18 10:27:10+00:00,processes,stopped,0,dbms,09-2026,yugabyte-2026111-vanilla-os-xlarge-xlarge-aws-v2,1,ip-172-31-26-253,ranking,benchANT
2026-09-18 10:27:20+00:00,processes,stopped,0,dbms,09-2026,yugabyte-2026111-vanilla-os-xlarge-xlarge-aws-v2,1,ip-172-31-26-253,ranking,benchANT
2026-09-18 10:27:30+00:00,processes,stopped,0,dbms,09-2026,yugabyte-2026111-vanilla-os-xlarge-xlarge-aws-v2,1,ip-172-31-26-253,ranking,benchANT
2026-09-18 10:27:40+00:00,processes,stopped,0,dbms,09-2026,yugabyte-2026111-vanilla-os-xlarge-xlarge-aws-v2,1,ip-172-31-26-253,ranking,benchANT
2026-09-18 10:27:50+00:00,processes,stopped,0,dbms,09-2026,yugabyte-2026111-vanilla-os-xlarge-xlarge-aws-v2,1,ip-172-31-26-253,ranking,benchANT
2026-09-18 10:28:00+00:00,processes,stopped,0,dbms,09-2026,yugabyte-2026111-vanilla-os-xlarge-xlarge-aws-v2,1,ip-172-31-26-253,ranking,benchANT
2026-09-18 10:28:10+00:00,processes,stopped,0,dbms,09-2026,yugabyte-2026111-vanilla-os-xlarge-xlarge-aws-v2,1,ip-172-31-26-253,ranking,benchANT
2026-09-18 10:28:20+00:00,processes,stopped,0,dbms,09-2026,yugabyte-2026111-vanilla-os-xlarge-xlarge-aws-v2,1,ip-172-31-26-253,ranking,benchANT
2026-09-18 10:28:30+00:00,processes,stopped,0,dbms,09-2026,yugabyte-2026111-vanilla-os-xlarge-xlarge-aws-v2,1,ip-172-31-26-253,ranking,benchANT
2026-09-18 10:28:40+00:00,processes,stopped,0,dbms,09-2026,yugabyte-2026111-vanilla-os-xlarge-xlarge-aws-v2,1,ip-172-31-26-253,ranking,benchANT
2026-09-18 10:28:50+00:00,processes,stopped,0,dbms,09-2026,yugabyte-2026111-vanilla-os-xlarge-xlarge-aws-v2,1,ip-172-31-26-253,ranking,benchANT
2026-09-18 10:29:00+00:00,processes,stopped,0,dbms,09-2026,yugabyte-2026111-vanilla-os-xlarge-xlarge-aws-v2,1,ip-172-31-26-253,ranking,benchANT
2026-09-18 10:29:10+00:00,processes,stopped,0,dbms,09-2026,yugabyte-2026111-vanilla-os-xlarge-xlarge-aws-v2,1,ip-172-31-26-253,ranking,benchANT
2026-09-18 10:29:20+00:00,processes,stopped,0,dbms,09-2026,yugabyte-2026111-vanilla-os-xlarge-xlarge-aws-v2,1,ip-172-31-26-253,ranking,benchANT
2026-09-18 10:29:30+00:00,processes,stopped,0,dbms,09-2026,yugabyte-2026111-vanilla-os-xlarge-xlarge-aws-v2,1,ip-172-31-26-253,ranking,benchANT
2026-09-18 10:29:40+00:00,processes,stopped,0,dbms,09-2026,yugabyte-2026111-vanilla-os-xlarge-xlarge-aws-v2,1,ip-172-31-26-253,ranking,benchANT
2026-09-18 10:29:50+00:00,processes,stopped,0,dbms,09-2026,yugabyte-2026111-vanilla-os-xlarge-xlarge-aws-v2,1,ip-172-31-26-253,ranking,benchANT
2026-09-18 10:30:00+00:00,processes,stopped,0,dbms,09-2026,yugabyte-2026111-vanilla-os-xlarge-xlarge-aws-v2,1,ip-172-31-26-253,ranking,benchANT
2026-09-18 10:30:10+00:00,processes,stopped,0,dbms,09-2026,yugabyte-2026111-vanilla-os-xlarge-xlarge-aws-v2,1,ip-172-31-26-253,ranking,benchANT
2026-09-18 10:30:20+00:00,processes,stopped,0,dbms,09-2026,yugabyte-2026111-vanilla-os-xlarge-xlarge-aws-v2,1,ip-172-31-26-253,ranking,benchANT
2026-09-18 10:30:30+00:00,processes,stopped,0,dbms,09-2026,yugabyte-2026111-vanilla-os-xlarge-xlarge-aws-v2,1,ip-172-31-26-253,ranking,benchANT
2026-09-18 10:30:40+00:00,processes,stopped,0,dbms,09-2026,yugabyte-2026111-vanilla-os-xlarge-xlarge-aws-v2,1,ip-172-31-26-253,ranking,benchANT
2026-09-18 10:30:50+00:00,processes,stopped,0,dbms,09-2026,yugabyte-2026111-vanilla-os-xlarge-xlarge-aws-v2,1,ip-172-31-26-253,ranking,benchANT
2026-09-18 10:31:00+00:00,processes,stopped,0,dbms,09-2026,yugabyte-2026111-vanilla-os-xlarge-xlarge-aws-v2,1,ip-172-31-26-253,ranking,benchANT
2026-09-18 10:31:10+00:00,processes,stopped,0,dbms,09-2026,yugabyte-2026111-vanilla-os-xlarge-xlarge-aws-v2,1,ip-172-31-26-253,ranking,benchANT
2026-09-18 10:31:20+00:00,processes,stopped,0,dbms,09-2026,yugabyte-2026111-vanilla-os-xlarge-xlarge-aws-v2,1,ip-172-31-26-253,ranking,benchANT
2026-09-18 10:23:00+00:00,processes,total,229,dbms,09-2026,yugabyte-2026111-vanilla-os-xlarge-xlarge-aws-v2,1,ip-172-31-26-253,ranking,benchANT
2026-09-18 10:23:10+00:00,processes,total,229,dbms,09-2026,yugabyte-2026111-vanilla-os-xlarge-xlarge-aws-v2,1,ip-172-31-26-253,ranking,benchANT
2026-09-18 10:23:20+00:00,processes,total,229,dbms,09-2026,yugabyte-2026111-vanilla-os-xlarge-xlarge-aws-v2,1,ip-172-31-26-253,ranking,benchANT
2026-09-18 10:23:30+00:00,processes,total,229,dbms,09-2026,yugabyte-2026111-vanilla-os-xlarge-xlarge-aws-v2,1,ip-172-31-26-253,ranking,benchANT
2026-09-18 10:23:40+00:00,processes,total,229,dbms,09-2026,yugabyte-2026111-vanilla-os-xlarge-xlarge-aws-v2,1,ip-172-31-26-253,ranking,benchANT
2026-09-18 10:23:50+00:00,processes,total,229,dbms,09-2026,yugabyte-2026111-vanilla-os-xlarge-xlarge-aws-v2,1,ip-172-31-26-253,ranking,benchANT
2026-09-18 10:24:00+00:00,processes,total,229,dbms,09-2026,yugabyte-2026111-vanilla-os-xlarge-xlarge-aws-v2,1,ip-172-31-26-253,ranking,benchANT
2026-09-18 10:24:10+00:00,processes,total,229,dbms,09-2026,yugabyte-2026111-vanilla-os-xlarge-xlarge-aws-v2,1,ip-172-31-26-253,ranking,benchANT
2026-09-18 10:24:20+00:00,processes,total,229,dbms,09-2026,yugabyte-2026111-vanilla-os-xlarge-xlarge-aws-v2,1,ip-172-31-26-253,ranking,benchANT
2026-09-18 10:24:30+00:00,processes,total,229,dbms,09-2026,yugabyte-2026111-vanilla-os-xlarge-xlarge-aws-v2,1,ip-172-31-26-253,ranking,benchANT
2026-09-18 10:24:40+00:00,processes,total,229,dbms,09-2026,yugabyte-2026111-vanilla-os-xlarge-xlarge-aws-v2,1,ip-172-31-26-253,ranking,benchANT
2026-09-18 10:24:50+00:00,processes,total,229,dbms,09-2026,yugabyte-2026111-vanilla-os-xlarge-xlarge-aws-v2,1,ip-172-31-26-253,ranking,benchANT
2026-09-18 10:25:00+00:00,processes,total,229,dbms,09-2026,yugabyte-2026111-vanilla-os-xlarge-xlarge-aws-v2,1,ip-172-31-26-253,ranking,benchANT
2026-09-18 10:25:10+00:00,processes,total,229,dbms,09-2026,yugabyte-2026111-vanilla-os-xlarge-xlarge-aws-v2,1,ip-172-31-26-253,ranking,benchANT
2026-09-18 10:25:20+00:00,processes,total,228,dbms,09-2026,yugabyte-2026111-vanilla-os-xlarge-xlarge-aws-v2,1,ip-172-31-26-253,ranking,benchANT
2026-09-18 10:25:30+00:00,processes,total,228,dbms,09-2026,yugabyte-2026111-vanilla-os-xlarge-xlarge-aws-v2,1,ip-172-31-26-253,ranking,benchANT
2026-09-18 10:25:40+00:00,processes,total,226,dbms,09-2026,yugabyte-2026111-vanilla-os-xlarge-xlarge-aws-v2,1,ip-172-31-26-253,ranking,benchANT
2026-09-18 10:25:50+00:00,processes,total,226,dbms,09-2026,yugabyte-2026111-vanilla-os-xlarge-xlarge-aws-v2,1,ip-172-31-26-253,ranking,benchANT
2026-09-18 10:26:00+00:00,processes,total,226,dbms,09-2026,yugabyte-2026111-vanilla-os-xlarge-xlarge-aws-v2,1,ip-172-31-26-253,ranking,benchANT
2026-09-18 10:26:10+00:00,processes,total,226,dbms,09-2026,yugabyte-2026111-vanilla-os-xlarge-xlarge-aws-v2,1,ip-172-31-26-253,ranking,benchANT
2026-09-18 10:26:20+00:00,processes,total,226,dbms,09-2026,yugabyte-2026111-vanilla-os-xlarge-xlarge-aws-v2,1,ip-172-31-26-253,ranking,benchANT
2026-09-18 10:26:30+00:00,processes,total,226,dbms,09-2026,yugabyte-2026111-vanilla-os-xlarge-xlarge-aws-v2,1,ip-172-31-26-253,ranking,benchANT
2026-09-18 10:26:40+00:00,processes,total,227,dbms,09-2026,yugabyte-2026111-vanilla-os-xlarge-xlarge-aws-v2,1,ip-172-31-26-253,ranking,benchANT
2026-09-18 10:26:50+00:00,processes,total,227,dbms,09-2026,yugabyte-2026111-vanilla-os-xlarge-xlarge-aws-v2,1,ip-172-31-26-253,ranking,benchANT
2026-09-18 10:27:00+00:00,processes,total,227,dbms,09-2026,yugabyte-2026111-vanilla-os-xlarge-xlarge-aws-v2,1,ip-172-31-26-253,ranking,benchANT
2026-09-18 10:27:10+00:00,processes,total,227,dbms,09-2026,yugabyte-2026111-vanilla-os-xlarge-xlarge-aws-v2,1,ip-172-31-26-253,ranking,benchANT
2026-09-18 10:27:20+00:00,processes,total,227,dbms,09-2026,yugabyte-2026111-vanilla-os-xlarge-xlarge-aws-v2,1,ip-172-31-26-253,ranking,benchANT
2026-09-18 10:27:30+00:00,processes,total,227,dbms,09-2026,yugabyte-2026111-vanilla-os-xlarge-xlarge-aws-v2,1,ip-172-31-26-253,ranking,benchANT
2026-09-18 10:27:40+00:00,processes,total,227,dbms,09-2026,yugabyte-2026111-vanilla-os-xlarge-xlarge-aws-v2,1,ip-172-31-26-253,ranking,benchANT
2026-09-18 10:27:50+00:00,processes,total,227,dbms,09-2026,yugabyte-2026111-vanilla-os-xlarge-xlarge-aws-v2,1,ip-172-31-26-253,ranking,benchANT
2026-09-18 10:28:00+00:00,processes,total,227,dbms,09-2026,yugabyte-2026111-vanilla-os-xlarge-xlarge-aws-v2,1,ip-172-31-26-253,ranking,benchANT
2026-09-18 10:28:10+00:00,processes,total,227,dbms,09-2026,yugabyte-2026111-vanilla-os-xlarge-xlarge-aws-v2,1,ip-172-31-26-253,ranking,benchANT
2026-09-18 10:28:20+00:00,processes,total,227,dbms,09-2026,yugabyte-2026111-vanilla-os-xlarge-xlarge-aws-v2,1,ip-172-31-26-253,ranking,benchANT
2026-09-18 10:28:30+00:00,processes,total,227,dbms,09-2026,yugabyte-2026111-vanilla-os-xlarge-xlarge-aws-v2,1,ip-172-31-26-253,ranking,benchANT
2026-09-18 10:28:40+00:00,processes,total,227,dbms,09-2026,yugabyte-2026111-vanilla-os-xlarge-xlarge-aws-v2,1,ip-172-31-26-253,ranking,benchANT
2026-09-18 10:28:50+00:00,processes,total,227,dbms,09-2026,yugabyte-2026111-vanilla-os-xlarge-xlarge-aws-v2,1,ip-172-31-26-253,ranking,benchANT
2026-09-18 10:29:00+00:00,processes,total,227,dbms,09-2026,yugabyte-2026111-vanilla-os-xlarge-xlarge-aws-v2,1,ip-172-31-26-253,ranking,benchANT
2026-09-18 10:29:10+00:00,processes,total,227,dbms,09-2026,yugabyte-2026111-vanilla-os-xlarge-xlarge-aws-v2,1,ip-172-31-26-253,ranking,benchANT
2026-09-18 10:29:20+00:00,processes,total,227,dbms,09-2026,yugabyte-2026111-vanilla-os-xlarge-xlarge-aws-v2,1,ip-172-31-26-253,ranking,benchANT
2026-09-18 10:29:30+00:00,processes,total,227,dbms,09-2026,yugabyte-2026111-vanilla-os-xlarge-xlarge-aws-v2,1,ip-172-31-26-253,ranking,benchANT
2026-09-18 10:29:40+00:00,processes,total,227,dbms,09-2026,yugabyte-2026111-vanilla-os-xlarge-xlarge-aws-v2,1,ip-172-31-26-253,ranking,benchANT
2026-09-18 10:29:50+00:00,processes,total,227,dbms,09-2026,yugabyte-2026111-vanilla-os-xlarge-xlarge-aws-v2,1,ip-172-31-26-253,ranking,benchANT
2026-09-18 10:30:00+00:00,processes,total,227,dbms,09-2026,yugabyte-2026111-vanilla-os-xlarge-xlarge-aws-v2,1,ip-172-31-26-253,ranking,benchANT
2026-09-18 10:30:10+00:00,processes,total,228,dbms,09-2026,yugabyte-2026111-vanilla-os-xlarge-xlarge-aws-v2,1,ip-172-31-26-253,ranking,benchANT
2026-09-18 10:30:20+00:00,processes,total,228,dbms,09-2026,yugabyte-2026111-vanilla-os-xlarge-xlarge-aws-v2,1,ip-172-31-26-253,ranking,benchANT
2026-09-18 10:30:30+00:00,processes,total,228,dbms,09-2026,yugabyte-2026111-vanilla-os-xlarge-xlarge-aws-v2,1,ip-172-31-26-253,ranking,benchANT
2026-09-18 10:30:40+00:00,processes,total,223,dbms,09-2026,yugabyte-2026111-vanilla-os-xlarge-xlarge-aws-v2,1,ip-172-31-26-253,ranking,benchANT
2026-09-18 10:30:50+00:00,processes,total,161,dbms,09-2026,yugabyte-2026111-vanilla-os-xlarge-xlarge-aws-v2,1,ip-172-31-26-253,ranking,benchANT
2026-09-18 10:31:00+00:00,processes,total,161,dbms,09-2026,yugabyte-2026111-vanilla-os-xlarge-xlarge-aws-v2,1,ip-172-31-26-253,ranking,benchANT
2026-09-18 10:31:10+00:00,processes,total,161,dbms,09-2026,yugabyte-2026111-vanilla-os-xlarge-xlarge-aws-v2,1,ip-172-31-26-253,ranking,benchANT
2026-09-18 10:31:20+00:00,processes,total,161,dbms,09-2026,yugabyte-2026111-vanilla-os-xlarge-xlarge-aws-v2,1,ip-172-31-26-253,ranking,benchANT
2026-09-18 10:23:00+00:00,processes,total_threads,1013,dbms,09-2026,yugabyte-2026111-vanilla-os-xlarge-xlarge-aws-v2,1,ip-172-31-26-253,ranking,benchANT
2026-09-18 10:23:10+00:00,processes,total_threads,1016,dbms,09-2026,yugabyte-2026111-vanilla-os-xlarge-xlarge-aws-v2,1,ip-172-31-26-253,ranking,benchANT
2026-09-18 10:23:20+00:00,processes,total_threads,1022,dbms,09-2026,yugabyte-2026111-vanilla-os-xlarge-xlarge-aws-v2,1,ip-172-31-26-253,ranking,benchANT
2026-09-18 10:23:30+00:00,processes,total_threads,1020,dbms,09-2026,yugabyte-2026111-vanilla-os-xlarge-xlarge-aws-v2,1,ip-172-31-26-253,ranking,benchANT
2026-09-18 10:23:40+00:00,processes,total_threads,1028,dbms,09-2026,yugabyte-2026111-vanilla-os-xlarge-xlarge-aws-v2,1,ip-172-31-26-253,ranking,benchANT
2026-09-18 10:23:50+00:00,processes,total_threads,1013,dbms,09-2026,yugabyte-2026111-vanilla-os-xlarge-xlarge-aws-v2,1,ip-172-31-26-253,ranking,benchANT
2026-09-18 10:24:00+00:00,processes,total_threads,1016,dbms,09-2026,yugabyte-2026111-vanilla-os-xlarge-xlarge-aws-v2,1,ip-172-31-26-253,ranking,benchANT
2026-09-18 10:24:10+00:00,processes,total_threads,1016,dbms,09-2026,yugabyte-2026111-vanilla-os-xlarge-xlarge-aws-v2,1,ip-172-31-26-253,ranking,benchANT
2026-09-18 10:24:20+00:00,processes,total_threads,1016,dbms,09-2026,yugabyte-2026111-vanilla-os-xlarge-xlarge-aws-v2,1,ip-172-31-26-253,ranking,benchANT
2026-09-18 10:24:30+00:00,processes,total_threads,1019,dbms,09-2026,yugabyte-2026111-vanilla-os-xlarge-xlarge-aws-v2,1,ip-172-31-26-253,ranking,benchANT
2026-09-18 10:24:40+00:00,processes,total_threads,1017,dbms,09-2026,yugabyte-2026111-vanilla-os-xlarge-xlarge-aws-v2,1,ip-172-31-26-253,ranking,benchANT
2026-09-18 10:24:50+00:00,processes,total_threads,1022,dbms,09-2026,yugabyte-2026111-vanilla-os-xlarge-xlarge-aws-v2,1,ip-172-31-26-253,ranking,benchANT
2026-09-18 10:25:00+00:00,processes,total_threads,1021,dbms,09-2026,yugabyte-2026111-vanilla-os-xlarge-xlarge-aws-v2,1,ip-172-31-26-253,ranking,benchANT
2026-09-18 10:25:10+00:00,processes,total_threads,1020,dbms,09-2026,yugabyte-2026111-vanilla-os-xlarge-xlarge-aws-v2,1,ip-172-31-26-253,ranking,benchANT
2026-09-18 10:25:20+00:00,processes,total_threads,1021,dbms,09-2026,yugabyte-2026111-vanilla-os-xlarge-xlarge-aws-v2,1,ip-172-31-26-253,ranking,benchANT
2026-09-18 10:25:30+00:00,processes,total_threads,1027,dbms,09-2026,yugabyte-2026111-vanilla-os-xlarge-xlarge-aws-v2,1,ip-172-31-26-253,ranking,benchANT
2026-09-18 10:25:40+00:00,processes,total_threads,1026,dbms,09-2026,yugabyte-2026111-vanilla-os-xlarge-xlarge-aws-v2,1,ip-172-31-26-253,ranking,benchANT
2026-09-18 10:25:50+00:00,processes,total_threads,1019,dbms,09-2026,yugabyte-2026111-vanilla-os-xlarge-xlarge-aws-v2,1,ip-172-31-26-253,ranking,benchANT
2026-09-18 10:26:00+00:00,processes,total_threads,1011,dbms,09-2026,yugabyte-2026111-vanilla-os-xlarge-xlarge-aws-v2,1,ip-172-31-26-253,ranking,benchANT
2026-09-18 10:26:10+00:00,processes,total_threads,1015,dbms,09-2026,yugabyte-2026111-vanilla-os-xlarge-xlarge-aws-v2,1,ip-172-31-26-253,ranking,benchANT
2026-09-18 10:26:20+00:00,processes,total_threads,1014,dbms,09-2026,yugabyte-2026111-vanilla-os-xlarge-xlarge-aws-v2,1,ip-172-31-26-253,ranking,benchANT
2026-09-18 10:26:30+00:00,processes,total_threads,1013,dbms,09-2026,yugabyte-2026111-vanilla-os-xlarge-xlarge-aws-v2,1,ip-172-31-26-253,ranking,benchANT
2026-09-18 10:26:40+00:00,processes,total_threads,1021,dbms,09-2026,yugabyte-2026111-vanilla-os-xlarge-xlarge-aws-v2,1,ip-172-31-26-253,ranking,benchANT
2026-09-18 10:26:50+00:00,processes,total_threads,1021,dbms,09-2026,yugabyte-2026111-vanilla-os-xlarge-xlarge-aws-v2,1,ip-172-31-26-253,ranking,benchANT
2026-09-18 10:27:00+00:00,processes,total_threads,1012,dbms,09-2026,yugabyte-2026111-vanilla-os-xlarge-xlarge-aws-v2,1,ip-172-31-26-253,ranking,benchANT
2026-09-18 10:27:10+00:00,processes,total_threads,1022,dbms,09-2026,yugabyte-2026111-vanilla-os-xlarge-xlarge-aws-v2,1,ip-172-31-26-253,ranking,benchANT
2026-09-18 10:27:20+00:00,processes,total_threads,1122,dbms,09-2026,yugabyte-2026111-vanilla-os-xlarge-xlarge-aws-v2,1,ip-172-31-26-253,ranking,benchANT
2026-09-18 10:27:30+00:00,processes,total_threads,1120,dbms,09-2026,yugabyte-2026111-vanilla-os-xlarge-xlarge-aws-v2,1,ip-172-31-26-253,ranking,benchANT
2026-09-18 10:27:40+00:00,processes,total_threads,1034,dbms,09-2026,yugabyte-2026111-vanilla-os-xlarge-xlarge-aws-v2,1,ip-172-31-26-253,ranking,benchANT
2026-09-18 10:27:50+00:00,processes,total_threads,1034,dbms,09-2026,yugabyte-2026111-vanilla-os-xlarge-xlarge-aws-v2,1,ip-172-31-26-253,ranking,benchANT
2026-09-18 10:28:00+00:00,processes,total_threads,1042,dbms,09-2026,yugabyte-2026111-vanilla-os-xlarge-xlarge-aws-v2,1,ip-172-31-26-253,ranking,benchANT
2026-09-18 10:28:10+00:00,processes,total_threads,1033,dbms,09-2026,yugabyte-2026111-vanilla-os-xlarge-xlarge-aws-v2,1,ip-172-31-26-253,ranking,benchANT
2026-09-18 10:28:20+00:00,processes,total_threads,1036,dbms,09-2026,yugabyte-2026111-vanilla-os-xlarge-xlarge-aws-v2,1,ip-172-31-26-253,ranking,benchANT
2026-09-18 10:28:30+00:00,processes,total_threads,1036,dbms,09-2026,yugabyte-2026111-vanilla-os-xlarge-xlarge-aws-v2,1,ip-172-31-26-253,ranking,benchANT
2026-09-18 10:28:40+00:00,processes,total_threads,1023,dbms,09-2026,yugabyte-2026111-vanilla-os-xlarge-xlarge-aws-v2,1,ip-172-31-26-253,ranking,benchANT
2026-09-18 10:28:50+00:00,processes,total_threads,1022,dbms,09-2026,yugabyte-2026111-vanilla-os-xlarge-xlarge-aws-v2,1,ip-172-31-26-253,ranking,benchANT
2026-09-18 10:29:00+00:00,processes,total_threads,1028,dbms,09-2026,yugabyte-2026111-vanilla-os-xlarge-xlarge-aws-v2,1,ip-172-31-26-253,ranking,benchANT
2026-09-18 10:29:10+00:00,processes,total_threads,1041,dbms,09-2026,yugabyte-2026111-vanilla-os-xlarge-xlarge-aws-v2,1,ip-172-31-26-253,ranking,benchANT
2026-09-18 10:29:20+00:00,processes,total_threads,1041,dbms,09-2026,yugabyte-2026111-vanilla-os-xlarge-xlarge-aws-v2,1,ip-172-31-26-253,ranking,benchANT
2026-09-18 10:29:30+00:00,processes,total_threads,1035,dbms,09-2026,yugabyte-2026111-vanilla-os-xlarge-xlarge-aws-v2,1,ip-172-31-26-253,ranking,benchANT
2026-09-18 10:29:40+00:00,processes,total_threads,1056,dbms,09-2026,yugabyte-2026111-vanilla-os-xlarge-xlarge-aws-v2,1,ip-172-31-26-253,ranking,benchANT
2026-09-18 10:29:50+00:00,processes,total_threads,1049,dbms,09-2026,yugabyte-2026111-vanilla-os-xlarge-xlarge-aws-v2,1,ip-172-31-26-253,ranking,benchANT
2026-09-18 10:30:00+00:00,processes,total_threads,1041,dbms,09-2026,yugabyte-2026111-vanilla-os-xlarge-xlarge-aws-v2,1,ip-172-31-26-253,ranking,benchANT
2026-09-18 10:30:10+00:00,processes,total_threads,1027,dbms,09-2026,yugabyte-2026111-vanilla-os-xlarge-xlarge-aws-v2,1,ip-172-31-26-253,ranking,benchANT
2026-09-18 10:30:20+00:00,processes,total_threads,1030,dbms,09-2026,yugabyte-2026111-vanilla-os-xlarge-xlarge-aws-v2,1,ip-172-31-26-253,ranking,benchANT
2026-09-18 10:30:30+00:00,processes,total_threads,1035,dbms,09-2026,yugabyte-2026111-vanilla-os-xlarge-xlarge-aws-v2,1,ip-172-31-26-253,ranking,benchANT
2026-09-18 10:30:40+00:00,processes,total_threads,992,dbms,09-2026,yugabyte-2026111-vanilla-os-xlarge-xlarge-aws-v2,1,ip-172-31-26-253,ranking,benchANT
2026-09-18 10:30:50+00:00,processes,total_threads,367,dbms,09-2026,yugabyte-2026111-vanilla-os-xlarge-xlarge-aws-v2,1,ip-172-31-26-253,ranking,benchANT
2026-09-18 10:31:00+00:00,processes,total_threads,319,dbms,09-2026,yugabyte-2026111-vanilla-os-xlarge-xlarge-aws-v2,1,ip-172-31-26-253,ranking,benchANT
2026-09-18 10:31:10+00:00,processes,total_threads,312,dbms,09-2026,yugabyte-2026111-vanilla-os-xlarge-xlarge-aws-v2,1,ip-172-31-26-253,ranking,benchANT
2026-09-18 10:31:20+00:00,processes,total_threads,303,dbms,09-2026,yugabyte-2026111-vanilla-os-xlarge-xlarge-aws-v2,1,ip-172-31-26-253,ranking,benchANT
2026-09-18 10:23:00+00:00,processes,unknown,0,dbms,09-2026,yugabyte-2026111-vanilla-os-xlarge-xlarge-aws-v2,1,ip-172-31-26-253,ranking,benchANT
2026-09-18 10:23:10+00:00,processes,unknown,0,dbms,09-2026,yugabyte-2026111-vanilla-os-xlarge-xlarge-aws-v2,1,ip-172-31-26-253,ranking,benchANT
2026-09-18 10:23:20+00:00,processes,unknown,0,dbms,09-2026,yugabyte-2026111-vanilla-os-xlarge-xlarge-aws-v2,1,ip-172-31-26-253,ranking,benchANT
2026-09-18 10:23:30+00:00,processes,unknown,0,dbms,09-2026,yugabyte-2026111-vanilla-os-xlarge-xlarge-aws-v2,1,ip-172-31-26-253,ranking,benchANT
2026-09-18 10:23:40+00:00,processes,unknown,0,dbms,09-2026,yugabyte-2026111-vanilla-os-xlarge-xlarge-aws-v2,1,ip-172-31-26-253,ranking,benchANT
2026-09-18 10:23:50+00:00,processes,unknown,0,dbms,09-2026,yugabyte-2026111-vanilla-os-xlarge-xlarge-aws-v2,1,ip-172-31-26-253,ranking,benchANT
2026-09-18 10:24:00+00:00,processes,unknown,0,dbms,09-2026,yugabyte-2026111-vanilla-os-xlarge-xlarge-aws-v2,1,ip-172-31-26-253,ranking,benchANT
2026-09-18 10:24:10+00:00,processes,unknown,0,dbms,09-2026,yugabyte-2026111-vanilla-os-xlarge-xlarge-aws-v2,1,ip-172-31-26-253,ranking,benchANT
2026-09-18 10:24:20+00:00,processes,unknown,0,dbms,09-2026,yugabyte-2026111-vanilla-os-xlarge-xlarge-aws-v2,1,ip-172-31-26-253,ranking,benchANT
2026-09-18 10:24:30+00:00,processes,unknown,0,dbms,09-2026,yugabyte-2026111-vanilla-os-xlarge-xlarge-aws-v2,1,ip-172-31-26-253,ranking,benchANT
2026-09-18 10:24:40+00:00,processes,unknown,0,dbms,09-2026,yugabyte-2026111-vanilla-os-xlarge-xlarge-aws-v2,1,ip-172-31-26-253,ranking,benchANT
2026-09-18 10:24:50+00:00,processes,unknown,0,dbms,09-2026,yugabyte-2026111-vanilla-os-xlarge-xlarge-aws-v2,1,ip-172-31-26-253,ranking,benchANT
2026-09-18 10:25:00+00:00,processes,unknown,0,dbms,09-2026,yugabyte-2026111-vanilla-os-xlarge-xlarge-aws-v2,1,ip-172-31-26-253,ranking,benchANT
2026-09-18 10:25:10+00:00,processes,unknown,0,dbms,09-2026,yugabyte-2026111-vanilla-os-xlarge-xlarge-aws-v2,1,ip-172-31-26-253,ranking,benchANT
2026-09-18 10:25:20+00:00,processes,unknown,0,dbms,09-2026,yugabyte-2026111-vanilla-os-xlarge-xlarge-aws-v2,1,ip-172-31-26-253,ranking,benchANT
2026-09-18 10:25:30+00:00,processes,unknown,0,dbms,09-2026,yugabyte-2026111-vanilla-os-xlarge-xlarge-aws-v2,1,ip-172-31-26-253,ranking,benchANT
2026-09-18 10:25:40+00:00,processes,unknown,0,dbms,09-2026,yugabyte-2026111-vanilla-os-xlarge-xlarge-aws-v2,1,ip-172-31-26-253,ranking,benchANT
2026-09-18 10:25:50+00:00,processes,unknown,0,dbms,09-2026,yugabyte-2026111-vanilla-os-xlarge-xlarge-aws-v2,1,ip-172-31-26-253,ranking,benchANT
2026-09-18 10:26:00+00:00,processes,unknown,0,dbms,09-2026,yugabyte-2026111-vanilla-os-xlarge-xlarge-aws-v2,1,ip-172-31-26-253,ranking,benchANT
2026-09-18 10:26:10+00:00,processes,unknown,0,dbms,09-2026,yugabyte-2026111-vanilla-os-xlarge-xlarge-aws-v2,1,ip-172-31-26-253,ranking,benchANT
2026-09-18 10:26:20+00:00,processes,unknown,0,dbms,09-2026,yugabyte-2026111-vanilla-os-xlarge-xlarge-aws-v2,1,ip-172-31-26-253,ranking,benchANT
2026-09-18 10:26:30+00:00,processes,unknown,0,dbms,09-2026,yugabyte-2026111-vanilla-os-xlarge-xlarge-aws-v2,1,ip-172-31-26-253,ranking,benchANT
2026-09-18 10:26:40+00:00,processes,unknown,0,dbms,09-2026,yugabyte-2026111-vanilla-os-xlarge-xlarge-aws-v2,1,ip-172-31-26-253,ranking,benchANT
2026-09-18 10:26:50+00:00,processes,unknown,0,dbms,09-2026,yugabyte-2026111-vanilla-os-xlarge-xlarge-aws-v2,1,ip-172-31-26-253,ranking,benchANT
2026-09-18 10:27:00+00:00,processes,unknown,0,dbms,09-2026,yugabyte-2026111-vanilla-os-xlarge-xlarge-aws-v2,1,ip-172-31-26-253,ranking,benchANT
2026-09-18 10:27:10+00:00,processes,unknown,0,dbms,09-2026,yugabyte-2026111-vanilla-os-xlarge-xlarge-aws-v2,1,ip-172-31-26-253,ranking,benchANT
2026-09-18 10:27:20+00:00,processes,unknown,0,dbms,09-2026,yugabyte-2026111-vanilla-os-xlarge-xlarge-aws-v2,1,ip-172-31-26-253,ranking,benchANT
2026-09-18 10:27:30+00:00,processes,unknown,0,dbms,09-2026,yugabyte-2026111-vanilla-os-xlarge-xlarge-aws-v2,1,ip-172-31-26-253,ranking,benchANT
2026-09-18 10:27:40+00:00,processes,unknown,0,dbms,09-2026,yugabyte-2026111-vanilla-os-xlarge-xlarge-aws-v2,1,ip-172-31-26-253,ranking,benchANT
2026-09-18 10:27:50+00:00,processes,unknown,0,dbms,09-2026,yugabyte-2026111-vanilla-os-xlarge-xlarge-aws-v2,1,ip-172-31-26-253,ranking,benchANT
2026-09-18 10:28:00+00:00,processes,unknown,0,dbms,09-2026,yugabyte-2026111-vanilla-os-xlarge-xlarge-aws-v2,1,ip-172-31-26-253,ranking,benchANT
2026-09-18 10:28:10+00:00,processes,unknown,0,dbms,09-2026,yugabyte-2026111-vanilla-os-xlarge-xlarge-aws-v2,1,ip-172-31-26-253,ranking,benchANT
2026-09-18 10:28:20+00:00,processes,unknown,0,dbms,09-2026,yugabyte-2026111-vanilla-os-xlarge-xlarge-aws-v2,1,ip-172-31-26-253,ranking,benchANT
2026-09-18 10:28:30+00:00,processes,unknown,0,dbms,09-2026,yugabyte-2026111-vanilla-os-xlarge-xlarge-aws-v2,1,ip-172-31-26-253,ranking,benchANT
2026-09-18 10:28:40+00:00,processes,unknown,0,dbms,09-2026,yugabyte-2026111-vanilla-os-xlarge-xlarge-aws-v2,1,ip-172-31-26-253,ranking,benchANT
2026-09-18 10:28:50+00:00,processes,unknown,0,dbms,09-2026,yugabyte-2026111-vanilla-os-xlarge-xlarge-aws-v2,1,ip-172-31-26-253,ranking,benchANT
2026-09-18 10:29:00+00:00,processes,unknown,0,dbms,09-2026,yugabyte-2026111-vanilla-os-xlarge-xlarge-aws-v2,1,ip-172-31-26-253,ranking,benchANT
2026-09-18 10:29:10+00:00,processes,unknown,0,dbms,09-2026,yugabyte-2026111-vanilla-os-xlarge-xlarge-aws-v2,1,ip-172-31-26-253,ranking,benchANT
2026-09-18 10:29:20+00:00,processes,unknown,0,dbms,09-2026,yugabyte-2026111-vanilla-os-xlarge-xlarge-aws-v2,1,ip-172-31-26-253,ranking,benchANT
2026-09-18 10:29:30+00:00,processes,unknown,0,dbms,09-2026,yugabyte-2026111-vanilla-os-xlarge-xlarge-aws-v2,1,ip-172-31-26-253,ranking,benchANT
2026-09-18 10:29:40+00:00,processes,unknown,0,dbms,09-2026,yugabyte-2026111-vanilla-os-xlarge-xlarge-aws-v2,1,ip-172-31-26-253,ranking,benchANT
2026-09-18 10:29:50+00:00,processes,unknown,0,dbms,09-2026,yugabyte-2026111-vanilla-os-xlarge-xlarge-aws-v2,1,ip-172-31-26-253,ranking,benchANT
2026-09-18 10:30:00+00:00,processes,unknown,0,dbms,09-2026,yugabyte-2026111-vanilla-os-xlarge-xlarge-aws-v2,1,ip-172-31-26-253,ranking,benchANT
2026-09-18 10:30:10+00:00,processes,unknown,0,dbms,09-2026,yugabyte-2026111-vanilla-os-xlarge-xlarge-aws-v2,1,ip-172-31-26-253,ranking,benchANT
2026-09-18 10:30:20+00:00,processes,unknown,0,dbms,09-2026,yugabyte-2026111-vanilla-os-xlarge-xlarge-aws-v2,1,ip-172-31-26-253,ranking,benchANT
2026-09-18 10:30:30+00:00,processes,unknown,0,dbms,09-2026,yugabyte-2026111-vanilla-os-xlarge-xlarge-aws-v2,1,ip-172-31-26-253,ranking,benchANT
2026-09-18 10:30:40+00:00,processes,unknown,0,dbms,09-2026,yugabyte-2026111-vanilla-os-xlarge-xlarge-aws-v2,1,ip-172-31-26-253,ranking,benchANT
2026-09-18 10:30:50+00:00,processes,unknown,0,dbms,09-2026,yugabyte-2026111-vanilla-os-xlarge-xlarge-aws-v2,1,ip-172-31-26-253,ranking,benchANT
2026-09-18 10:31:00+00:00,processes,unknown,0,dbms,09-2026,yugabyte-2026111-vanilla-os-xlarge-xlarge-aws-v2,1,ip-172-31-26-253,ranking,benchANT
2026-09-18 10:31:10+00:00,processes,unknown,0,dbms,09-2026,yugabyte-2026111-vanilla-os-xlarge-xlarge-aws-v2,1,ip-172-31-26-253,ranking,benchANT
2026-09-18 10:31:20+00:00,processes,unknown,0,dbms,09-2026,yugabyte-2026111-vanilla-os-xlarge-xlarge-aws-v2,1,ip-172-31-26-253,ranking,benchANT
2026-09-18 10:23:00+00:00,processes,zombies,0,dbms,09-2026,yugabyte-2026111-vanilla-os-xlarge-xlarge-aws-v2,1,ip-172-31-26-253,ranking,benchANT
2026-09-18 10:23:10+00:00,processes,zombies,0,dbms,09-2026,yugabyte-2026111-vanilla-os-xlarge-xlarge-aws-v2,1,ip-172-31-26-253,ranking,benchANT
2026-09-18 10:23:20+00:00,processes,zombies,0,dbms,09-2026,yugabyte-2026111-vanilla-os-xlarge-xlarge-aws-v2,1,ip-172-31-26-253,ranking,benchANT
2026-09-18 10:23:30+00:00,processes,zombies,0,dbms,09-2026,yugabyte-2026111-vanilla-os-xlarge-xlarge-aws-v2,1,ip-172-31-26-253,ranking,benchANT
2026-09-18 10:23:40+00:00,processes,zombies,0,dbms,09-2026,yugabyte-2026111-vanilla-os-xlarge-xlarge-aws-v2,1,ip-172-31-26-253,ranking,benchANT
2026-09-18 10:23:50+00:00,processes,zombies,0,dbms,09-2026,yugabyte-2026111-vanilla-os-xlarge-xlarge-aws-v2,1,ip-172-31-26-253,ranking,benchANT
2026-09-18 10:24:00+00:00,processes,zombies,0,dbms,09-2026,yugabyte-2026111-vanilla-os-xlarge-xlarge-aws-v2,1,ip-172-31-26-253,ranking,benchANT
2026-09-18 10:24:10+00:00,processes,zombies,0,dbms,09-2026,yugabyte-2026111-vanilla-os-xlarge-xlarge-aws-v2,1,ip-172-31-26-253,ranking,benchANT
2026-09-18 10:24:20+00:00,processes,zombies,0,dbms,09-2026,yugabyte-2026111-vanilla-os-xlarge-xlarge-aws-v2,1,ip-172-31-26-253,ranking,benchANT
2026-09-18 10:24:30+00:00,processes,zombies,0,dbms,09-2026,yugabyte-2026111-vanilla-os-xlarge-xlarge-aws-v2,1,ip-172-31-26-253,ranking,benchANT
2026-09-18 10:24:40+00:00,processes,zombies,0,dbms,09-2026,yugabyte-2026111-vanilla-os-xlarge-xlarge-aws-v2,1,ip-172-31-26-253,ranking,benchANT
2026-09-18 10:24:50+00:00,processes,zombies,0,dbms,09-2026,yugabyte-2026111-vanilla-os-xlarge-xlarge-aws-v2,1,ip-172-31-26-253,ranking,benchANT
2026-09-18 10:25:00+00:00,processes,zombies,0,dbms,09-2026,yugabyte-2026111-vanilla-os-xlarge-xlarge-aws-v2,1,ip-172-31-26-253,ranking,benchANT
2026-09-18 10:25:10+00:00,processes,zombies,0,dbms,09-2026,yugabyte-2026111-vanilla-os-xlarge-xlarge-aws-v2,1,ip-172-31-26-253,ranking,benchANT
2026-09-18 10:25:20+00:00,processes,zombies,0,dbms,09-2026,yugabyte-2026111-vanilla-os-xlarge-xlarge-aws-v2,1,ip-172-31-26-253,ranking,benchANT
2026-09-18 10:25:30+00:00,processes,zombies,0,dbms,09-2026,yugabyte-2026111-vanilla-os-xlarge-xlarge-aws-v2,1,ip-172-31-26-253,ranking,benchANT
2026-09-18 10:25:40+00:00,processes,zombies,0,dbms,09-2026,yugabyte-2026111-vanilla-os-xlarge-xlarge-aws-v2,1,ip-172-31-26-253,ranking,benchANT
2026-09-18 10:25:50+00:00,processes,zombies,0,dbms,09-2026,yugabyte-2026111-vanilla-os-xlarge-xlarge-aws-v2,1,ip-172-31-26-253,ranking,benchANT
2026-09-18 10:26:00+00:00,processes,zombies,0,dbms,09-2026,yugabyte-2026111-vanilla-os-xlarge-xlarge-aws-v2,1,ip-172-31-26-253,ranking,benchANT
2026-09-18 10:26:10+00:00,processes,zombies,0,dbms,09-2026,yugabyte-2026111-vanilla-os-xlarge-xlarge-aws-v2,1,ip-172-31-26-253,ranking,benchANT
2026-09-18 10:26:20+00:00,processes,zombies,0,dbms,09-2026,yugabyte-2026111-vanilla-os-xlarge-xlarge-aws-v2,1,ip-172-31-26-253,ranking,benchANT
2026-09-18 10:26:30+00:00,processes,zombies,0,dbms,09-2026,yugabyte-2026111-vanilla-os-xlarge-xlarge-aws-v2,1,ip-172-31-26-253,ranking,benchANT
2026-09-18 10:26:40+00:00,processes,zombies,0,dbms,09-2026,yugabyte-2026111-vanilla-os-xlarge-xlarge-aws-v2,1,ip-172-31-26-253,ranking,benchANT
2026-09-18 10:26:50+00:00,processes,zombies,0,dbms,09-2026,yugabyte-2026111-vanilla-os-xlarge-xlarge-aws-v2,1,ip-172-31-26-253,ranking,benchANT
2026-09-18 10:27:00+00:00,processes,zombies,0,dbms,09-2026,yugabyte-2026111-vanilla-os-xlarge-xlarge-aws-v2,1,ip-172-31-26-253,ranking,benchANT
2026-09-18 10:27:10+00:00,processes,zombies,0,dbms,09-2026,yugabyte-2026111-vanilla-os-xlarge-xlarge-aws-v2,1,ip-172-31-26-253,ranking,benchANT
2026-09-18 10:27:20+00:00,processes,zombies,0,dbms,09-2026,yugabyte-2026111-vanilla-os-xlarge-xlarge-aws-v2,1,ip-172-31-26-253,ranking,benchANT
2026-09-18 10:27:30+00:00,processes,zombies,0,dbms,09-2026,yugabyte-2026111-vanilla-os-xlarge-xlarge-aws-v2,1,ip-172-31-26-253,ranking,benchANT
2026-09-18 10:27:40+00:00,processes,zombies,0,dbms,09-2026,yugabyte-2026111-vanilla-os-xlarge-xlarge-aws-v2,1,ip-172-31-26-253,ranking,benchANT
2026-09-18 10:27:50+00:00,processes,zombies,0,dbms,09-2026,yugabyte-2026111-vanilla-os-xlarge-xlarge-aws-v2,1,ip-172-31-26-253,ranking,benchANT
2026-09-18 10:28:00+00:00,processes,zombies,0,dbms,09-2026,yugabyte-2026111-vanilla-os-xlarge-xlarge-aws-v2,1,ip-172-31-26-253,ranking,benchANT
2026-09-18 10:28:10+00:00,processes,zombies,0,dbms,09-2026,yugabyte-2026111-vanilla-os-xlarge-xlarge-aws-v2,1,ip-172-31-26-253,ranking,benchANT
2026-09-18 10:28:20+00:00,processes,zombies,0,dbms,09-2026,yugabyte-2026111-vanilla-os-xlarge-xlarge-aws-v2,1,ip-172-31-26-253,ranking,benchANT
2026-09-18 10:28:30+00:00,processes,zombies,0,dbms,09-2026,yugabyte-2026111-vanilla-os-xlarge-xlarge-aws-v2,1,ip-172-31-26-253,ranking,benchANT
2026-09-18 10:28:40+00:00,processes,zombies,0,dbms,09-2026,yugabyte-2026111-vanilla-os-xlarge-xlarge-aws-v2,1,ip-172-31-26-253,ranking,benchANT
2026-09-18 10:28:50+00:00,processes,zombies,0,dbms,09-2026,yugabyte-2026111-vanilla-os-xlarge-xlarge-aws-v2,1,ip-172-31-26-253,ranking,benchANT
2026-09-18 10:29:00+00:00,processes,zombies,0,dbms,09-2026,yugabyte-2026111-vanilla-os-xlarge-xlarge-aws-v2,1,ip-172-31-26-253,ranking,benchANT
2026-09-18 10:29:10+00:00,processes,zombies,0,dbms,09-2026,yugabyte-2026111-vanilla-os-xlarge-xlarge-aws-v2,1,ip-172-31-26-253,ranking,benchANT
2026-09-18 10:29:20+00:00,processes,zombies,0,dbms,09-2026,yugabyte-2026111-vanilla-os-xlarge-xlarge-aws-v2,1,ip-172-31-26-253,ranking,benchANT
2026-09-18 10:29:30+00:00,processes,zombies,0,dbms,09-2026,yugabyte-2026111-vanilla-os-xlarge-xlarge-aws-v2,1,ip-172-31-26-253,ranking,benchANT
2026-09-18 10:29:40+00:00,processes,zombies,0,dbms,09-2026,yugabyte-2026111-vanilla-os-xlarge-xlarge-aws-v2,1,ip-172-31-26-253,ranking,benchANT
2026-09-18 10:29:50+00:00,processes,zombies,0,dbms,09-2026,yugabyte-2026111-vanilla-os-xlarge-xlarge-aws-v2,1,ip-172-31-26-253,ranking,benchANT
2026-09-18 10:30:00+00:00,processes,zombies,0,dbms,09-2026,yugabyte-2026111-vanilla-os-xlarge-xlarge-aws-v2,1,ip-172-31-26-253,ranking,benchANT
2026-09-18 10:30:10+00:00,processes,zombies,0,dbms,09-2026,yugabyte-2026111-vanilla-os-xlarge-xlarge-aws-v2,1,ip-172-31-26-253,ranking,benchANT
2026-09-18 10:30:20+00:00,processes,zombies,0,dbms,09-2026,yugabyte-2026111-vanilla-os-xlarge-xlarge-aws-v2,1,ip-172-31-26-253,ranking,benchANT
2026-09-18 10:30:30+00:00,processes,zombies,0,dbms,09-2026,yugabyte-2026111-vanilla-os-xlarge-xlarge-aws-v2,1,ip-172-31-26-253,ranking,benchANT
2026-09-18 10:30:40+00:00,processes,zombies,0,dbms,09-2026,yugabyte-2026111-vanilla-os-xlarge-xlarge-aws-v2,1,ip-172-31-26-253,ranking,benchANT
2026-09-18 10:30:50+00:00,processes,zombies,0,dbms,09-2026,yugabyte-2026111-vanilla-os-xlarge-xlarge-aws-v2,1,ip-172-31-26-253,ranking,benchANT
2026-09-18 10:31:00+00:00,processes,zombies,0,dbms,09-2026,yugabyte-2026111-vanilla-os-xlarge-xlarge-aws-v2,1,ip-172-31-26-253,ranking,benchANT
2026-09-18 10:31:10+00:00,processes,zombies,0,dbms,09-2026,yugabyte-2026111-vanilla-os-xlarge-xlarge-aws-v2,1,ip-172-31-26-253,ranking,benchANT
2026-09-18 10:31:20+00:00,processes,zombies,0,dbms,09-2026,yugabyte-2026111-vanilla-os-xlarge-xlarge-aws-v2,1,ip-172-31-26-253,ranking,benchANT
2026-09-18 10:23:00+00:00,processes,blocked,0,dbms,09-2026,yugabyte-2026111-vanilla-os-xlarge-xlarge-aws-v2,1,ip-172-31-26-56,ranking,benchANT
2026-09-18 10:23:10+00:00,processes,blocked,0,dbms,09-2026,yugabyte-2026111-vanilla-os-xlarge-xlarge-aws-v2,1,ip-172-31-26-56,ranking,benchANT
2026-09-18 10:23:20+00:00,processes,blocked,0,dbms,09-2026,yugabyte-2026111-vanilla-os-xlarge-xlarge-aws-v2,1,ip-172-31-26-56,ranking,benchANT
2026-09-18 10:23:30+00:00,processes,blocked,0,dbms,09-2026,yugabyte-2026111-vanilla-os-xlarge-xlarge-aws-v2,1,ip-172-31-26-56,ranking,benchANT
2026-09-18 10:23:40+00:00,processes,blocked,0,dbms,09-2026,yugabyte-2026111-vanilla-os-xlarge-xlarge-aws-v2,1,ip-172-31-26-56,ranking,benchANT
2026-09-18 10:23:50+00:00,processes,blocked,0,dbms,09-2026,yugabyte-2026111-vanilla-os-xlarge-xlarge-aws-v2,1,ip-172-31-26-56,ranking,benchANT
2026-09-18 10:24:00+00:00,processes,blocked,0,dbms,09-2026,yugabyte-2026111-vanilla-os-xlarge-xlarge-aws-v2,1,ip-172-31-26-56,ranking,benchANT
2026-09-18 10:24:10+00:00,processes,blocked,0,dbms,09-2026,yugabyte-2026111-vanilla-os-xlarge-xlarge-aws-v2,1,ip-172-31-26-56,ranking,benchANT
2026-09-18 10:24:20+00:00,processes,blocked,1,dbms,09-2026,yugabyte-2026111-vanilla-os-xlarge-xlarge-aws-v2,1,ip-172-31-26-56,ranking,benchANT
2026-09-18 10:24:30+00:00,processes,blocked,0,dbms,09-2026,yugabyte-2026111-vanilla-os-xlarge-xlarge-aws-v2,1,ip-172-31-26-56,ranking,benchANT
2026-09-18 10:24:40+00:00,processes,blocked,0,dbms,09-2026,yugabyte-2026111-vanilla-os-xlarge-xlarge-aws-v2,1,ip-172-31-26-56,ranking,benchANT
2026-09-18 10:24:50+00:00,processes,blocked,0,dbms,09-2026,yugabyte-2026111-vanilla-os-xlarge-xlarge-aws-v2,1,ip-172-31-26-56,ranking,benchANT
2026-09-18 10:25:00+00:00,processes,blocked,0,dbms,09-2026,yugabyte-2026111-vanilla-os-xlarge-xlarge-aws-v2,1,ip-172-31-26-56,ranking,benchANT
2026-09-18 10:25:10+00:00,processes,blocked,0,dbms,09-2026,yugabyte-2026111-vanilla-os-xlarge-xlarge-aws-v2,1,ip-172-31-26-56,ranking,benchANT
2026-09-18 10:25:20+00:00,processes,blocked,0,dbms,09-2026,yugabyte-2026111-vanilla-os-xlarge-xlarge-aws-v2,1,ip-172-31-26-56,ranking,benchANT
2026-09-18 10:25:30+00:00,processes,blocked,0,dbms,09-2026,yugabyte-2026111-vanilla-os-xlarge-xlarge-aws-v2,1,ip-172-31-26-56,ranking,benchANT
2026-09-18 10:25:40+00:00,processes,blocked,0,dbms,09-2026,yugabyte-2026111-vanilla-os-xlarge-xlarge-aws-v2,1,ip-172-31-26-56,ranking,benchANT
2026-09-18 10:25:50+00:00,processes,blocked,0,dbms,09-2026,yugabyte-2026111-vanilla-os-xlarge-xlarge-aws-v2,1,ip-172-31-26-56,ranking,benchANT
2026-09-18 10:26:00+00:00,processes,blocked,0,dbms,09-2026,yugabyte-2026111-vanilla-os-xlarge-xlarge-aws-v2,1,ip-172-31-26-56,ranking,benchANT
2026-09-18 10:26:10+00:00,processes,blocked,0,dbms,09-2026,yugabyte-2026111-vanilla-os-xlarge-xlarge-aws-v2,1,ip-172-31-26-56,ranking,benchANT
2026-09-18 10:26:20+00:00,processes,blocked,1,dbms,09-2026,yugabyte-2026111-vanilla-os-xlarge-xlarge-aws-v2,1,ip-172-31-26-56,ranking,benchANT
2026-09-18 10:26:30+00:00,processes,blocked,0,dbms,09-2026,yugabyte-2026111-vanilla-os-xlarge-xlarge-aws-v2,1,ip-172-31-26-56,ranking,benchANT
2026-09-18 10:26:40+00:00,processes,blocked,1,dbms,09-2026,yugabyte-2026111-vanilla-os-xlarge-xlarge-aws-v2,1,ip-172-31-26-56,ranking,benchANT
2026-09-18 10:26:50+00:00,processes,blocked,2,dbms,09-2026,yugabyte-2026111-vanilla-os-xlarge-xlarge-aws-v2,1,ip-172-31-26-56,ranking,benchANT
2026-09-18 10:27:00+00:00,processes,blocked,0,dbms,09-2026,yugabyte-2026111-vanilla-os-xlarge-xlarge-aws-v2,1,ip-172-31-26-56,ranking,benchANT
2026-09-18 10:27:10+00:00,processes,blocked,0,dbms,09-2026,yugabyte-2026111-vanilla-os-xlarge-xlarge-aws-v2,1,ip-172-31-26-56,ranking,benchANT
2026-09-18 10:27:20+00:00,processes,blocked,1,dbms,09-2026,yugabyte-2026111-vanilla-os-xlarge-xlarge-aws-v2,1,ip-172-31-26-56,ranking,benchANT
2026-09-18 10:27:30+00:00,processes,blocked,0,dbms,09-2026,yugabyte-2026111-vanilla-os-xlarge-xlarge-aws-v2,1,ip-172-31-26-56,ranking,benchANT
2026-09-18 10:27:40+00:00,processes,blocked,0,dbms,09-2026,yugabyte-2026111-vanilla-os-xlarge-xlarge-aws-v2,1,ip-172-31-26-56,ranking,benchANT
2026-09-18 10:27:50+00:00,processes,blocked,0,dbms,09-2026,yugabyte-2026111-vanilla-os-xlarge-xlarge-aws-v2,1,ip-172-31-26-56,ranking,benchANT
2026-09-18 10:28:00+00:00,processes,blocked,0,dbms,09-2026,yugabyte-2026111-vanilla-os-xlarge-xlarge-aws-v2,1,ip-172-31-26-56,ranking,benchANT
2026-09-18 10:28:10+00:00,processes,blocked,0,dbms,09-2026,yugabyte-2026111-vanilla-os-xlarge-xlarge-aws-v2,1,ip-172-31-26-56,ranking,benchANT
2026-09-18 10:28:20+00:00,processes,blocked,0,dbms,09-2026,yugabyte-2026111-vanilla-os-xlarge-xlarge-aws-v2,1,ip-172-31-26-56,ranking,benchANT
2026-09-18 10:28:30+00:00,processes,blocked,0,dbms,09-2026,yugabyte-2026111-vanilla-os-xlarge-xlarge-aws-v2,1,ip-172-31-26-56,ranking,benchANT
2026-09-18 10:28:40+00:00,processes,blocked,1,dbms,09-2026,yugabyte-2026111-vanilla-os-xlarge-xlarge-aws-v2,1,ip-172-31-26-56,ranking,benchANT
2026-09-18 10:28:50+00:00,processes,blocked,0,dbms,09-2026,yugabyte-2026111-vanilla-os-xlarge-xlarge-aws-v2,1,ip-172-31-26-56,ranking,benchANT
2026-09-18 10:29:00+00:00,processes,blocked,0,dbms,09-2026,yugabyte-2026111-vanilla-os-xlarge-xlarge-aws-v2,1,ip-172-31-26-56,ranking,benchANT
2026-09-18 10:29:10+00:00,processes,blocked,1,dbms,09-2026,yugabyte-2026111-vanilla-os-xlarge-xlarge-aws-v2,1,ip-172-31-26-56,ranking,benchANT
2026-09-18 10:29:20+00:00,processes,blocked,0,dbms,09-2026,yugabyte-2026111-vanilla-os-xlarge-xlarge-aws-v2,1,ip-172-31-26-56,ranking,benchANT
2026-09-18 10:29:30+00:00,processes,blocked,2,dbms,09-2026,yugabyte-2026111-vanilla-os-xlarge-xlarge-aws-v2,1,ip-172-31-26-56,ranking,benchANT
2026-09-18 10:29:40+00:00,processes,blocked,2,dbms,09-2026,yugabyte-2026111-vanilla-os-xlarge-xlarge-aws-v2,1,ip-172-31-26-56,ranking,benchANT
2026-09-18 10:29:50+00:00,processes,blocked,0,dbms,09-2026,yugabyte-2026111-vanilla-os-xlarge-xlarge-aws-v2,1,ip-172-31-26-56,ranking,benchANT
2026-09-18 10:30:00+00:00,processes,blocked,0,dbms,09-2026,yugabyte-2026111-vanilla-os-xlarge-xlarge-aws-v2,1,ip-172-31-26-56,ranking,benchANT
2026-09-18 10:30:10+00:00,processes,blocked,0,dbms,09-2026,yugabyte-2026111-vanilla-os-xlarge-xlarge-aws-v2,1,ip-172-31-26-56,ranking,benchANT
2026-09-18 10:30:20+00:00,processes,blocked,0,dbms,09-2026,yugabyte-2026111-vanilla-os-xlarge-xlarge-aws-v2,1,ip-172-31-26-56,ranking,benchANT
2026-09-18 10:30:30+00:00,processes,blocked,0,dbms,09-2026,yugabyte-2026111-vanilla-os-xlarge-xlarge-aws-v2,1,ip-172-31-26-56,ranking,benchANT
2026-09-18 10:30:40+00:00,processes,blocked,0,dbms,09-2026,yugabyte-2026111-vanilla-os-xlarge-xlarge-aws-v2,1,ip-172-31-26-56,ranking,benchANT
2026-09-18 10:30:50+00:00,processes,blocked,0,dbms,09-2026,yugabyte-2026111-vanilla-os-xlarge-xlarge-aws-v2,1,ip-172-31-26-56,ranking,benchANT
2026-09-18 10:31:00+00:00,processes,blocked,0,dbms,09-2026,yugabyte-2026111-vanilla-os-xlarge-xlarge-aws-v2,1,ip-172-31-26-56,ranking,benchANT
2026-09-18 10:31:10+00:00,processes,blocked,0,dbms,09-2026,yugabyte-2026111-vanilla-os-xlarge-xlarge-aws-v2,1,ip-172-31-26-56,ranking,benchANT
2026-09-18 10:31:20+00:00,processes,blocked,0,dbms,09-2026,yugabyte-2026111-vanilla-os-xlarge-xlarge-aws-v2,1,ip-172-31-26-56,ranking,benchANT
2026-09-18 10:23:00+00:00,processes,dead,0,dbms,09-2026,yugabyte-2026111-vanilla-os-xlarge-xlarge-aws-v2,1,ip-172-31-26-56,ranking,benchANT
2026-09-18 10:23:10+00:00,processes,dead,0,dbms,09-2026,yugabyte-2026111-vanilla-os-xlarge-xlarge-aws-v2,1,ip-172-31-26-56,ranking,benchANT
2026-09-18 10:23:20+00:00,processes,dead,0,dbms,09-2026,yugabyte-2026111-vanilla-os-xlarge-xlarge-aws-v2,1,ip-172-31-26-56,ranking,benchANT
2026-09-18 10:23:30+00:00,processes,dead,0,dbms,09-2026,yugabyte-2026111-vanilla-os-xlarge-xlarge-aws-v2,1,ip-172-31-26-56,ranking,benchANT
2026-09-18 10:23:40+00:00,processes,dead,0,dbms,09-2026,yugabyte-2026111-vanilla-os-xlarge-xlarge-aws-v2,1,ip-172-31-26-56,ranking,benchANT
2026-09-18 10:23:50+00:00,processes,dead,0,dbms,09-2026,yugabyte-2026111-vanilla-os-xlarge-xlarge-aws-v2,1,ip-172-31-26-56,ranking,benchANT
2026-09-18 10:24:00+00:00,processes,dead,0,dbms,09-2026,yugabyte-2026111-vanilla-os-xlarge-xlarge-aws-v2,1,ip-172-31-26-56,ranking,benchANT
2026-09-18 10:24:10+00:00,processes,dead,0,dbms,09-2026,yugabyte-2026111-vanilla-os-xlarge-xlarge-aws-v2,1,ip-172-31-26-56,ranking,benchANT
2026-09-18 10:24:20+00:00,processes,dead,0,dbms,09-2026,yugabyte-2026111-vanilla-os-xlarge-xlarge-aws-v2,1,ip-172-31-26-56,ranking,benchANT
2026-09-18 10:24:30+00:00,processes,dead,0,dbms,09-2026,yugabyte-2026111-vanilla-os-xlarge-xlarge-aws-v2,1,ip-172-31-26-56,ranking,benchANT
2026-09-18 10:24:40+00:00,processes,dead,0,dbms,09-2026,yugabyte-2026111-vanilla-os-xlarge-xlarge-aws-v2,1,ip-172-31-26-56,ranking,benchANT
2026-09-18 10:24:50+00:00,processes,dead,0,dbms,09-2026,yugabyte-2026111-vanilla-os-xlarge-xlarge-aws-v2,1,ip-172-31-26-56,ranking,benchANT
2026-09-18 10:25:00+00:00,processes,dead,0,dbms,09-2026,yugabyte-2026111-vanilla-os-xlarge-xlarge-aws-v2,1,ip-172-31-26-56,ranking,benchANT
2026-09-18 10:25:10+00:00,processes,dead,0,dbms,09-2026,yugabyte-2026111-vanilla-os-xlarge-xlarge-aws-v2,1,ip-172-31-26-56,ranking,benchANT
2026-09-18 10:25:20+00:00,processes,dead,0,dbms,09-2026,yugabyte-2026111-vanilla-os-xlarge-xlarge-aws-v2,1,ip-172-31-26-56,ranking,benchANT
2026-09-18 10:25:30+00:00,processes,dead,0,dbms,09-2026,yugabyte-2026111-vanilla-os-xlarge-xlarge-aws-v2,1,ip-172-31-26-56,ranking,benchANT
2026-09-18 10:25:40+00:00,processes,dead,0,dbms,09-2026,yugabyte-2026111-vanilla-os-xlarge-xlarge-aws-v2,1,ip-172-31-26-56,ranking,benchANT
2026-09-18 10:25:50+00:00,processes,dead,0,dbms,09-2026,yugabyte-2026111-vanilla-os-xlarge-xlarge-aws-v2,1,ip-172-31-26-56,ranking,benchANT
2026-09-18 10:26:00+00:00,processes,dead,0,dbms,09-2026,yugabyte-2026111-vanilla-os-xlarge-xlarge-aws-v2,1,ip-172-31-26-56,ranking,benchANT
2026-09-18 10:26:10+00:00,processes,dead,0,dbms,09-2026,yugabyte-2026111-vanilla-os-xlarge-xlarge-aws-v2,1,ip-172-31-26-56,ranking,benchANT
2026-09-18 10:26:20+00:00,processes,dead,0,dbms,09-2026,yugabyte-2026111-vanilla-os-xlarge-xlarge-aws-v2,1,ip-172-31-26-56,ranking,benchANT
2026-09-18 10:26:30+00:00,processes,dead,0,dbms,09-2026,yugabyte-2026111-vanilla-os-xlarge-xlarge-aws-v2,1,ip-172-31-26-56,ranking,benchANT
2026-09-18 10:26:40+00:00,processes,dead,0,dbms,09-2026,yugabyte-2026111-vanilla-os-xlarge-xlarge-aws-v2,1,ip-172-31-26-56,ranking,benchANT
2026-09-18 10:26:50+00:00,processes,dead,0,dbms,09-2026,yugabyte-2026111-vanilla-os-xlarge-xlarge-aws-v2,1,ip-172-31-26-56,ranking,benchANT
2026-09-18 10:27:00+00:00,processes,dead,0,dbms,09-2026,yugabyte-2026111-vanilla-os-xlarge-xlarge-aws-v2,1,ip-172-31-26-56,ranking,benchANT
2026-09-18 10:27:10+00:00,processes,dead,0,dbms,09-2026,yugabyte-2026111-vanilla-os-xlarge-xlarge-aws-v2,1,ip-172-31-26-56,ranking,benchANT
2026-09-18 10:27:20+00:00,processes,dead,0,dbms,09-2026,yugabyte-2026111-vanilla-os-xlarge-xlarge-aws-v2,1,ip-172-31-26-56,ranking,benchANT
2026-09-18 10:27:30+00:00,processes,dead,0,dbms,09-2026,yugabyte-2026111-vanilla-os-xlarge-xlarge-aws-v2,1,ip-172-31-26-56,ranking,benchANT
2026-09-18 10:27:40+00:00,processes,dead,0,dbms,09-2026,yugabyte-2026111-vanilla-os-xlarge-xlarge-aws-v2,1,ip-172-31-26-56,ranking,benchANT
2026-09-18 10:27:50+00:00,processes,dead,0,dbms,09-2026,yugabyte-2026111-vanilla-os-xlarge-xlarge-aws-v2,1,ip-172-31-26-56,ranking,benchANT
2026-09-18 10:28:00+00:00,processes,dead,0,dbms,09-2026,yugabyte-2026111-vanilla-os-xlarge-xlarge-aws-v2,1,ip-172-31-26-56,ranking,benchANT
2026-09-18 10:28:10+00:00,processes,dead,0,dbms,09-2026,yugabyte-2026111-vanilla-os-xlarge-xlarge-aws-v2,1,ip-172-31-26-56,ranking,benchANT
2026-09-18 10:28:20+00:00,processes,dead,0,dbms,09-2026,yugabyte-2026111-vanilla-os-xlarge-xlarge-aws-v2,1,ip-172-31-26-56,ranking,benchANT
2026-09-18 10:28:30+00:00,processes,dead,0,dbms,09-2026,yugabyte-2026111-vanilla-os-xlarge-xlarge-aws-v2,1,ip-172-31-26-56,ranking,benchANT
2026-09-18 10:28:40+00:00,processes,dead,0,dbms,09-2026,yugabyte-2026111-vanilla-os-xlarge-xlarge-aws-v2,1,ip-172-31-26-56,ranking,benchANT
2026-09-18 10:28:50+00:00,processes,dead,0,dbms,09-2026,yugabyte-2026111-vanilla-os-xlarge-xlarge-aws-v2,1,ip-172-31-26-56,ranking,benchANT
2026-09-18 10:29:00+00:00,processes,dead,0,dbms,09-2026,yugabyte-2026111-vanilla-os-xlarge-xlarge-aws-v2,1,ip-172-31-26-56,ranking,benchANT
2026-09-18 10:29:10+00:00,processes,dead,0,dbms,09-2026,yugabyte-2026111-vanilla-os-xlarge-xlarge-aws-v2,1,ip-172-31-26-56,ranking,benchANT
2026-09-18 10:29:20+00:00,processes,dead,0,dbms,09-2026,yugabyte-2026111-vanilla-os-xlarge-xlarge-aws-v2,1,ip-172-31-26-56,ranking,benchANT
2026-09-18 10:29:30+00:00,processes,dead,0,dbms,09-2026,yugabyte-2026111-vanilla-os-xlarge-xlarge-aws-v2,1,ip-172-31-26-56,ranking,benchANT
2026-09-18 10:29:40+00:00,processes,dead,0,dbms,09-2026,yugabyte-2026111-vanilla-os-xlarge-xlarge-aws-v2,1,ip-172-31-26-56,ranking,benchANT
2026-09-18 10:29:50+00:00,processes,dead,0,dbms,09-2026,yugabyte-2026111-vanilla-os-xlarge-xlarge-aws-v2,1,ip-172-31-26-56,ranking,benchANT
2026-09-18 10:30:00+00:00,processes,dead,0,dbms,09-2026,yugabyte-2026111-vanilla-os-xlarge-xlarge-aws-v2,1,ip-172-31-26-56,ranking,benchANT
2026-09-18 10:30:10+00:00,processes,dead,0,dbms,09-2026,yugabyte-2026111-vanilla-os-xlarge-xlarge-aws-v2,1,ip-172-31-26-56,ranking,benchANT
2026-09-18 10:30:20+00:00,processes,dead,0,dbms,09-2026,yugabyte-2026111-vanilla-os-xlarge-xlarge-aws-v2,1,ip-172-31-26-56,ranking,benchANT
2026-09-18 10:30:30+00:00,processes,dead,0,dbms,09-2026,yugabyte-2026111-vanilla-os-xlarge-xlarge-aws-v2,1,ip-172-31-26-56,ranking,benchANT
2026-09-18 10:30:40+00:00,processes,dead,0,dbms,09-2026,yugabyte-2026111-vanilla-os-xlarge-xlarge-aws-v2,1,ip-172-31-26-56,ranking,benchANT
2026-09-18 10:30:50+00:00,processes,dead,0,dbms,09-2026,yugabyte-2026111-vanilla-os-xlarge-xlarge-aws-v2,1,ip-172-31-26-56,ranking,benchANT
2026-09-18 10:31:00+00:00,processes,dead,0,dbms,09-2026,yugabyte-2026111-vanilla-os-xlarge-xlarge-aws-v2,1,ip-172-31-26-56,ranking,benchANT
2026-09-18 10:31:10+00:00,processes,dead,0,dbms,09-2026,yugabyte-2026111-vanilla-os-xlarge-xlarge-aws-v2,1,ip-172-31-26-56,ranking,benchANT
2026-09-18 10:31:20+00:00,processes,dead,0,dbms,09-2026,yugabyte-2026111-vanilla-os-xlarge-xlarge-aws-v2,1,ip-172-31-26-56,ranking,benchANT
2026-09-18 10:23:00+00:00,processes,idle,79,dbms,09-2026,yugabyte-2026111-vanilla-os-xlarge-xlarge-aws-v2,1,ip-172-31-26-56,ranking,benchANT
2026-09-18 10:23:10+00:00,processes,idle,79,dbms,09-2026,yugabyte-2026111-vanilla-os-xlarge-xlarge-aws-v2,1,ip-172-31-26-56,ranking,benchANT
2026-09-18 10:23:20+00:00,processes,idle,79,dbms,09-2026,yugabyte-2026111-vanilla-os-xlarge-xlarge-aws-v2,1,ip-172-31-26-56,ranking,benchANT
2026-09-18 10:23:30+00:00,processes,idle,79,dbms,09-2026,yugabyte-2026111-vanilla-os-xlarge-xlarge-aws-v2,1,ip-172-31-26-56,ranking,benchANT
2026-09-18 10:23:40+00:00,processes,idle,79,dbms,09-2026,yugabyte-2026111-vanilla-os-xlarge-xlarge-aws-v2,1,ip-172-31-26-56,ranking,benchANT
2026-09-18 10:23:50+00:00,processes,idle,79,dbms,09-2026,yugabyte-2026111-vanilla-os-xlarge-xlarge-aws-v2,1,ip-172-31-26-56,ranking,benchANT
2026-09-18 10:24:00+00:00,processes,idle,79,dbms,09-2026,yugabyte-2026111-vanilla-os-xlarge-xlarge-aws-v2,1,ip-172-31-26-56,ranking,benchANT
2026-09-18 10:24:10+00:00,processes,idle,79,dbms,09-2026,yugabyte-2026111-vanilla-os-xlarge-xlarge-aws-v2,1,ip-172-31-26-56,ranking,benchANT
2026-09-18 10:24:20+00:00,processes,idle,79,dbms,09-2026,yugabyte-2026111-vanilla-os-xlarge-xlarge-aws-v2,1,ip-172-31-26-56,ranking,benchANT
2026-09-18 10:24:30+00:00,processes,idle,79,dbms,09-2026,yugabyte-2026111-vanilla-os-xlarge-xlarge-aws-v2,1,ip-172-31-26-56,ranking,benchANT
2026-09-18 10:24:40+00:00,processes,idle,79,dbms,09-2026,yugabyte-2026111-vanilla-os-xlarge-xlarge-aws-v2,1,ip-172-31-26-56,ranking,benchANT
2026-09-18 10:24:50+00:00,processes,idle,79,dbms,09-2026,yugabyte-2026111-vanilla-os-xlarge-xlarge-aws-v2,1,ip-172-31-26-56,ranking,benchANT
2026-09-18 10:25:00+00:00,processes,idle,79,dbms,09-2026,yugabyte-2026111-vanilla-os-xlarge-xlarge-aws-v2,1,ip-172-31-26-56,ranking,benchANT
2026-09-18 10:25:10+00:00,processes,idle,78,dbms,09-2026,yugabyte-2026111-vanilla-os-xlarge-xlarge-aws-v2,1,ip-172-31-26-56,ranking,benchANT
2026-09-18 10:25:20+00:00,processes,idle,77,dbms,09-2026,yugabyte-2026111-vanilla-os-xlarge-xlarge-aws-v2,1,ip-172-31-26-56,ranking,benchANT
2026-09-18 10:25:30+00:00,processes,idle,77,dbms,09-2026,yugabyte-2026111-vanilla-os-xlarge-xlarge-aws-v2,1,ip-172-31-26-56,ranking,benchANT
2026-09-18 10:25:40+00:00,processes,idle,77,dbms,09-2026,yugabyte-2026111-vanilla-os-xlarge-xlarge-aws-v2,1,ip-172-31-26-56,ranking,benchANT
2026-09-18 10:25:50+00:00,processes,idle,76,dbms,09-2026,yugabyte-2026111-vanilla-os-xlarge-xlarge-aws-v2,1,ip-172-31-26-56,ranking,benchANT
2026-09-18 10:26:00+00:00,processes,idle,77,dbms,09-2026,yugabyte-2026111-vanilla-os-xlarge-xlarge-aws-v2,1,ip-172-31-26-56,ranking,benchANT
2026-09-18 10:26:10+00:00,processes,idle,77,dbms,09-2026,yugabyte-2026111-vanilla-os-xlarge-xlarge-aws-v2,1,ip-172-31-26-56,ranking,benchANT
2026-09-18 10:26:20+00:00,processes,idle,77,dbms,09-2026,yugabyte-2026111-vanilla-os-xlarge-xlarge-aws-v2,1,ip-172-31-26-56,ranking,benchANT
2026-09-18 10:26:30+00:00,processes,idle,77,dbms,09-2026,yugabyte-2026111-vanilla-os-xlarge-xlarge-aws-v2,1,ip-172-31-26-56,ranking,benchANT
2026-09-18 10:26:40+00:00,processes,idle,77,dbms,09-2026,yugabyte-2026111-vanilla-os-xlarge-xlarge-aws-v2,1,ip-172-31-26-56,ranking,benchANT
2026-09-18 10:26:50+00:00,processes,idle,76,dbms,09-2026,yugabyte-2026111-vanilla-os-xlarge-xlarge-aws-v2,1,ip-172-31-26-56,ranking,benchANT
2026-09-18 10:27:00+00:00,processes,idle,77,dbms,09-2026,yugabyte-2026111-vanilla-os-xlarge-xlarge-aws-v2,1,ip-172-31-26-56,ranking,benchANT
2026-09-18 10:27:10+00:00,processes,idle,77,dbms,09-2026,yugabyte-2026111-vanilla-os-xlarge-xlarge-aws-v2,1,ip-172-31-26-56,ranking,benchANT
2026-09-18 10:27:20+00:00,processes,idle,77,dbms,09-2026,yugabyte-2026111-vanilla-os-xlarge-xlarge-aws-v2,1,ip-172-31-26-56,ranking,benchANT
2026-09-18 10:27:30+00:00,processes,idle,77,dbms,09-2026,yugabyte-2026111-vanilla-os-xlarge-xlarge-aws-v2,1,ip-172-31-26-56,ranking,benchANT
2026-09-18 10:27:40+00:00,processes,idle,77,dbms,09-2026,yugabyte-2026111-vanilla-os-xlarge-xlarge-aws-v2,1,ip-172-31-26-56,ranking,benchANT
2026-09-18 10:27:50+00:00,processes,idle,77,dbms,09-2026,yugabyte-2026111-vanilla-os-xlarge-xlarge-aws-v2,1,ip-172-31-26-56,ranking,benchANT
2026-09-18 10:28:00+00:00,processes,idle,77,dbms,09-2026,yugabyte-2026111-vanilla-os-xlarge-xlarge-aws-v2,1,ip-172-31-26-56,ranking,benchANT
2026-09-18 10:28:10+00:00,processes,idle,77,dbms,09-2026,yugabyte-2026111-vanilla-os-xlarge-xlarge-aws-v2,1,ip-172-31-26-56,ranking,benchANT
2026-09-18 10:28:20+00:00,processes,idle,77,dbms,09-2026,yugabyte-2026111-vanilla-os-xlarge-xlarge-aws-v2,1,ip-172-31-26-56,ranking,benchANT
2026-09-18 10:28:30+00:00,processes,idle,77,dbms,09-2026,yugabyte-2026111-vanilla-os-xlarge-xlarge-aws-v2,1,ip-172-31-26-56,ranking,benchANT
2026-09-18 10:28:40+00:00,processes,idle,76,dbms,09-2026,yugabyte-2026111-vanilla-os-xlarge-xlarge-aws-v2,1,ip-172-31-26-56,ranking,benchANT
2026-09-18 10:28:50+00:00,processes,idle,77,dbms,09-2026,yugabyte-2026111-vanilla-os-xlarge-xlarge-aws-v2,1,ip-172-31-26-56,ranking,benchANT
2026-09-18 10:29:00+00:00,processes,idle,76,dbms,09-2026,yugabyte-2026111-vanilla-os-xlarge-xlarge-aws-v2,1,ip-172-31-26-56,ranking,benchANT
2026-09-18 10:29:10+00:00,processes,idle,77,dbms,09-2026,yugabyte-2026111-vanilla-os-xlarge-xlarge-aws-v2,1,ip-172-31-26-56,ranking,benchANT
2026-09-18 10:29:20+00:00,processes,idle,77,dbms,09-2026,yugabyte-2026111-vanilla-os-xlarge-xlarge-aws-v2,1,ip-172-31-26-56,ranking,benchANT
2026-09-18 10:29:30+00:00,processes,idle,76,dbms,09-2026,yugabyte-2026111-vanilla-os-xlarge-xlarge-aws-v2,1,ip-172-31-26-56,ranking,benchANT
2026-09-18 10:29:40+00:00,processes,idle,76,dbms,09-2026,yugabyte-2026111-vanilla-os-xlarge-xlarge-aws-v2,1,ip-172-31-26-56,ranking,benchANT
2026-09-18 10:29:50+00:00,processes,idle,77,dbms,09-2026,yugabyte-2026111-vanilla-os-xlarge-xlarge-aws-v2,1,ip-172-31-26-56,ranking,benchANT
2026-09-18 10:30:00+00:00,processes,idle,77,dbms,09-2026,yugabyte-2026111-vanilla-os-xlarge-xlarge-aws-v2,1,ip-172-31-26-56,ranking,benchANT
2026-09-18 10:30:10+00:00,processes,idle,78,dbms,09-2026,yugabyte-2026111-vanilla-os-xlarge-xlarge-aws-v2,1,ip-172-31-26-56,ranking,benchANT
2026-09-18 10:30:20+00:00,processes,idle,78,dbms,09-2026,yugabyte-2026111-vanilla-os-xlarge-xlarge-aws-v2,1,ip-172-31-26-56,ranking,benchANT
2026-09-18 10:30:30+00:00,processes,idle,77,dbms,09-2026,yugabyte-2026111-vanilla-os-xlarge-xlarge-aws-v2,1,ip-172-31-26-56,ranking,benchANT
2026-09-18 10:30:40+00:00,processes,idle,78,dbms,09-2026,yugabyte-2026111-vanilla-os-xlarge-xlarge-aws-v2,1,ip-172-31-26-56,ranking,benchANT
2026-09-18 10:30:50+00:00,processes,idle,78,dbms,09-2026,yugabyte-2026111-vanilla-os-xlarge-xlarge-aws-v2,1,ip-172-31-26-56,ranking,benchANT
2026-09-18 10:31:00+00:00,processes,idle,78,dbms,09-2026,yugabyte-2026111-vanilla-os-xlarge-xlarge-aws-v2,1,ip-172-31-26-56,ranking,benchANT
2026-09-18 10:31:10+00:00,processes,idle,78,dbms,09-2026,yugabyte-2026111-vanilla-os-xlarge-xlarge-aws-v2,1,ip-172-31-26-56,ranking,benchANT
2026-09-18 10:31:20+00:00,processes,idle,78,dbms,09-2026,yugabyte-2026111-vanilla-os-xlarge-xlarge-aws-v2,1,ip-172-31-26-56,ranking,benchANT
2026-09-18 10:23:00+00:00,processes,paging,0,dbms,09-2026,yugabyte-2026111-vanilla-os-xlarge-xlarge-aws-v2,1,ip-172-31-26-56,ranking,benchANT
2026-09-18 10:23:10+00:00,processes,paging,0,dbms,09-2026,yugabyte-2026111-vanilla-os-xlarge-xlarge-aws-v2,1,ip-172-31-26-56,ranking,benchANT
2026-09-18 10:23:20+00:00,processes,paging,0,dbms,09-2026,yugabyte-2026111-vanilla-os-xlarge-xlarge-aws-v2,1,ip-172-31-26-56,ranking,benchANT
2026-09-18 10:23:30+00:00,processes,paging,0,dbms,09-2026,yugabyte-2026111-vanilla-os-xlarge-xlarge-aws-v2,1,ip-172-31-26-56,ranking,benchANT
2026-09-18 10:23:40+00:00,processes,paging,0,dbms,09-2026,yugabyte-2026111-vanilla-os-xlarge-xlarge-aws-v2,1,ip-172-31-26-56,ranking,benchANT
2026-09-18 10:23:50+00:00,processes,paging,0,dbms,09-2026,yugabyte-2026111-vanilla-os-xlarge-xlarge-aws-v2,1,ip-172-31-26-56,ranking,benchANT
2026-09-18 10:24:00+00:00,processes,paging,0,dbms,09-2026,yugabyte-2026111-vanilla-os-xlarge-xlarge-aws-v2,1,ip-172-31-26-56,ranking,benchANT
2026-09-18 10:24:10+00:00,processes,paging,0,dbms,09-2026,yugabyte-2026111-vanilla-os-xlarge-xlarge-aws-v2,1,ip-172-31-26-56,ranking,benchANT
2026-09-18 10:24:20+00:00,processes,paging,0,dbms,09-2026,yugabyte-2026111-vanilla-os-xlarge-xlarge-aws-v2,1,ip-172-31-26-56,ranking,benchANT
2026-09-18 10:24:30+00:00,processes,paging,0,dbms,09-2026,yugabyte-2026111-vanilla-os-xlarge-xlarge-aws-v2,1,ip-172-31-26-56,ranking,benchANT
2026-09-18 10:24:40+00:00,processes,paging,0,dbms,09-2026,yugabyte-2026111-vanilla-os-xlarge-xlarge-aws-v2,1,ip-172-31-26-56,ranking,benchANT
2026-09-18 10:24:50+00:00,processes,paging,0,dbms,09-2026,yugabyte-2026111-vanilla-os-xlarge-xlarge-aws-v2,1,ip-172-31-26-56,ranking,benchANT
2026-09-18 10:25:00+00:00,processes,paging,0,dbms,09-2026,yugabyte-2026111-vanilla-os-xlarge-xlarge-aws-v2,1,ip-172-31-26-56,ranking,benchANT
2026-09-18 10:25:10+00:00,processes,paging,0,dbms,09-2026,yugabyte-2026111-vanilla-os-xlarge-xlarge-aws-v2,1,ip-172-31-26-56,ranking,benchANT
2026-09-18 10:25:20+00:00,processes,paging,0,dbms,09-2026,yugabyte-2026111-vanilla-os-xlarge-xlarge-aws-v2,1,ip-172-31-26-56,ranking,benchANT
2026-09-18 10:25:30+00:00,processes,paging,0,dbms,09-2026,yugabyte-2026111-vanilla-os-xlarge-xlarge-aws-v2,1,ip-172-31-26-56,ranking,benchANT
2026-09-18 10:25:40+00:00,processes,paging,0,dbms,09-2026,yugabyte-2026111-vanilla-os-xlarge-xlarge-aws-v2,1,ip-172-31-26-56,ranking,benchANT
2026-09-18 10:25:50+00:00,processes,paging,0,dbms,09-2026,yugabyte-2026111-vanilla-os-xlarge-xlarge-aws-v2,1,ip-172-31-26-56,ranking,benchANT
2026-09-18 10:26:00+00:00,processes,paging,0,dbms,09-2026,yugabyte-2026111-vanilla-os-xlarge-xlarge-aws-v2,1,ip-172-31-26-56,ranking,benchANT
2026-09-18 10:26:10+00:00,processes,paging,0,dbms,09-2026,yugabyte-2026111-vanilla-os-xlarge-xlarge-aws-v2,1,ip-172-31-26-56,ranking,benchANT
2026-09-18 10:26:20+00:00,processes,paging,0,dbms,09-2026,yugabyte-2026111-vanilla-os-xlarge-xlarge-aws-v2,1,ip-172-31-26-56,ranking,benchANT
2026-09-18 10:26:30+00:00,processes,paging,0,dbms,09-2026,yugabyte-2026111-vanilla-os-xlarge-xlarge-aws-v2,1,ip-172-31-26-56,ranking,benchANT
2026-09-18 10:26:40+00:00,processes,paging,0,dbms,09-2026,yugabyte-2026111-vanilla-os-xlarge-xlarge-aws-v2,1,ip-172-31-26-56,ranking,benchANT
2026-09-18 10:26:50+00:00,processes,paging,0,dbms,09-2026,yugabyte-2026111-vanilla-os-xlarge-xlarge-aws-v2,1,ip-172-31-26-56,ranking,benchANT
2026-09-18 10:27:00+00:00,processes,paging,0,dbms,09-2026,yugabyte-2026111-vanilla-os-xlarge-xlarge-aws-v2,1,ip-172-31-26-56,ranking,benchANT
2026-09-18 10:27:10+00:00,processes,paging,0,dbms,09-2026,yugabyte-2026111-vanilla-os-xlarge-xlarge-aws-v2,1,ip-172-31-26-56,ranking,benchANT
2026-09-18 10:27:20+00:00,processes,paging,0,dbms,09-2026,yugabyte-2026111-vanilla-os-xlarge-xlarge-aws-v2,1,ip-172-31-26-56,ranking,benchANT
2026-09-18 10:27:30+00:00,processes,paging,0,dbms,09-2026,yugabyte-2026111-vanilla-os-xlarge-xlarge-aws-v2,1,ip-172-31-26-56,ranking,benchANT
2026-09-18 10:27:40+00:00,processes,paging,0,dbms,09-2026,yugabyte-2026111-vanilla-os-xlarge-xlarge-aws-v2,1,ip-172-31-26-56,ranking,benchANT
2026-09-18 10:27:50+00:00,processes,paging,0,dbms,09-2026,yugabyte-2026111-vanilla-os-xlarge-xlarge-aws-v2,1,ip-172-31-26-56,ranking,benchANT
2026-09-18 10:28:00+00:00,processes,paging,0,dbms,09-2026,yugabyte-2026111-vanilla-os-xlarge-xlarge-aws-v2,1,ip-172-31-26-56,ranking,benchANT
2026-09-18 10:28:10+00:00,processes,paging,0,dbms,09-2026,yugabyte-2026111-vanilla-os-xlarge-xlarge-aws-v2,1,ip-172-31-26-56,ranking,benchANT
2026-09-18 10:28:20+00:00,processes,paging,0,dbms,09-2026,yugabyte-2026111-vanilla-os-xlarge-xlarge-aws-v2,1,ip-172-31-26-56,ranking,benchANT
2026-09-18 10:28:30+00:00,processes,paging,0,dbms,09-2026,yugabyte-2026111-vanilla-os-xlarge-xlarge-aws-v2,1,ip-172-31-26-56,ranking,benchANT
2026-09-18 10:28:40+00:00,processes,paging,0,dbms,09-2026,yugabyte-2026111-vanilla-os-xlarge-xlarge-aws-v2,1,ip-172-31-26-56,ranking,benchANT
2026-09-18 10:28:50+00:00,processes,paging,0,dbms,09-2026,yugabyte-2026111-vanilla-os-xlarge-xlarge-aws-v2,1,ip-172-31-26-56,ranking,benchANT
2026-09-18 10:29:00+00:00,processes,paging,0,dbms,09-2026,yugabyte-2026111-vanilla-os-xlarge-xlarge-aws-v2,1,ip-172-31-26-56,ranking,benchANT
2026-09-18 10:29:10+00:00,processes,paging,0,dbms,09-2026,yugabyte-2026111-vanilla-os-xlarge-xlarge-aws-v2,1,ip-172-31-26-56,ranking,benchANT
2026-09-18 10:29:20+00:00,processes,paging,0,dbms,09-2026,yugabyte-2026111-vanilla-os-xlarge-xlarge-aws-v2,1,ip-172-31-26-56,ranking,benchANT
2026-09-18 10:29:30+00:00,processes,paging,0,dbms,09-2026,yugabyte-2026111-vanilla-os-xlarge-xlarge-aws-v2,1,ip-172-31-26-56,ranking,benchANT
2026-09-18 10:29:40+00:00,processes,paging,0,dbms,09-2026,yugabyte-2026111-vanilla-os-xlarge-xlarge-aws-v2,1,ip-172-31-26-56,ranking,benchANT
2026-09-18 10:29:50+00:00,processes,paging,0,dbms,09-2026,yugabyte-2026111-vanilla-os-xlarge-xlarge-aws-v2,1,ip-172-31-26-56,ranking,benchANT
2026-09-18 10:30:00+00:00,processes,paging,0,dbms,09-2026,yugabyte-2026111-vanilla-os-xlarge-xlarge-aws-v2,1,ip-172-31-26-56,ranking,benchANT
2026-09-18 10:30:10+00:00,processes,paging,0,dbms,09-2026,yugabyte-2026111-vanilla-os-xlarge-xlarge-aws-v2,1,ip-172-31-26-56,ranking,benchANT
2026-09-18 10:30:20+00:00,processes,paging,0,dbms,09-2026,yugabyte-2026111-vanilla-os-xlarge-xlarge-aws-v2,1,ip-172-31-26-56,ranking,benchANT
2026-09-18 10:30:30+00:00,processes,paging,0,dbms,09-2026,yugabyte-2026111-vanilla-os-xlarge-xlarge-aws-v2,1,ip-172-31-26-56,ranking,benchANT
2026-09-18 10:30:40+00:00,processes,paging,0,dbms,09-2026,yugabyte-2026111-vanilla-os-xlarge-xlarge-aws-v2,1,ip-172-31-26-56,ranking,benchANT
2026-09-18 10:30:50+00:00,processes,paging,0,dbms,09-2026,yugabyte-2026111-vanilla-os-xlarge-xlarge-aws-v2,1,ip-172-31-26-56,ranking,benchANT
2026-09-18 10:31:00+00:00,processes,paging,0,dbms,09-2026,yugabyte-2026111-vanilla-os-xlarge-xlarge-aws-v2,1,ip-172-31-26-56,ranking,benchANT
2026-09-18 10:31:10+00:00,processes,paging,0,dbms,09-2026,yugabyte-2026111-vanilla-os-xlarge-xlarge-aws-v2,1,ip-172-31-26-56,ranking,benchANT
2026-09-18 10:31:20+00:00,processes,paging,0,dbms,09-2026,yugabyte-2026111-vanilla-os-xlarge-xlarge-aws-v2,1,ip-172-31-26-56,ranking,benchANT
2026-09-18 10:23:00+00:00,processes,running,4,dbms,09-2026,yugabyte-2026111-vanilla-os-xlarge-xlarge-aws-v2,1,ip-172-31-26-56,ranking,benchANT
2026-09-18 10:23:10+00:00,processes,running,3,dbms,09-2026,yugabyte-2026111-vanilla-os-xlarge-xlarge-aws-v2,1,ip-172-31-26-56,ranking,benchANT
2026-09-18 10:23:20+00:00,processes,running,5,dbms,09-2026,yugabyte-2026111-vanilla-os-xlarge-xlarge-aws-v2,1,ip-172-31-26-56,ranking,benchANT
2026-09-18 10:23:30+00:00,processes,running,6,dbms,09-2026,yugabyte-2026111-vanilla-os-xlarge-xlarge-aws-v2,1,ip-172-31-26-56,ranking,benchANT
2026-09-18 10:23:40+00:00,processes,running,4,dbms,09-2026,yugabyte-2026111-vanilla-os-xlarge-xlarge-aws-v2,1,ip-172-31-26-56,ranking,benchANT
2026-09-18 10:23:50+00:00,processes,running,5,dbms,09-2026,yugabyte-2026111-vanilla-os-xlarge-xlarge-aws-v2,1,ip-172-31-26-56,ranking,benchANT
2026-09-18 10:24:00+00:00,processes,running,1,dbms,09-2026,yugabyte-2026111-vanilla-os-xlarge-xlarge-aws-v2,1,ip-172-31-26-56,ranking,benchANT
2026-09-18 10:24:10+00:00,processes,running,3,dbms,09-2026,yugabyte-2026111-vanilla-os-xlarge-xlarge-aws-v2,1,ip-172-31-26-56,ranking,benchANT
2026-09-18 10:24:20+00:00,processes,running,3,dbms,09-2026,yugabyte-2026111-vanilla-os-xlarge-xlarge-aws-v2,1,ip-172-31-26-56,ranking,benchANT
2026-09-18 10:24:30+00:00,processes,running,13,dbms,09-2026,yugabyte-2026111-vanilla-os-xlarge-xlarge-aws-v2,1,ip-172-31-26-56,ranking,benchANT
2026-09-18 10:24:40+00:00,processes,running,7,dbms,09-2026,yugabyte-2026111-vanilla-os-xlarge-xlarge-aws-v2,1,ip-172-31-26-56,ranking,benchANT
2026-09-18 10:24:50+00:00,processes,running,5,dbms,09-2026,yugabyte-2026111-vanilla-os-xlarge-xlarge-aws-v2,1,ip-172-31-26-56,ranking,benchANT
2026-09-18 10:25:00+00:00,processes,running,4,dbms,09-2026,yugabyte-2026111-vanilla-os-xlarge-xlarge-aws-v2,1,ip-172-31-26-56,ranking,benchANT
2026-09-18 10:25:10+00:00,processes,running,3,dbms,09-2026,yugabyte-2026111-vanilla-os-xlarge-xlarge-aws-v2,1,ip-172-31-26-56,ranking,benchANT
2026-09-18 10:25:20+00:00,processes,running,7,dbms,09-2026,yugabyte-2026111-vanilla-os-xlarge-xlarge-aws-v2,1,ip-172-31-26-56,ranking,benchANT
2026-09-18 10:25:30+00:00,processes,running,6,dbms,09-2026,yugabyte-2026111-vanilla-os-xlarge-xlarge-aws-v2,1,ip-172-31-26-56,ranking,benchANT
2026-09-18 10:25:40+00:00,processes,running,9,dbms,09-2026,yugabyte-2026111-vanilla-os-xlarge-xlarge-aws-v2,1,ip-172-31-26-56,ranking,benchANT
2026-09-18 10:25:50+00:00,processes,running,3,dbms,09-2026,yugabyte-2026111-vanilla-os-xlarge-xlarge-aws-v2,1,ip-172-31-26-56,ranking,benchANT
2026-09-18 10:26:00+00:00,processes,running,3,dbms,09-2026,yugabyte-2026111-vanilla-os-xlarge-xlarge-aws-v2,1,ip-172-31-26-56,ranking,benchANT
2026-09-18 10:26:10+00:00,processes,running,4,dbms,09-2026,yugabyte-2026111-vanilla-os-xlarge-xlarge-aws-v2,1,ip-172-31-26-56,ranking,benchANT
2026-09-18 10:26:20+00:00,processes,running,3,dbms,09-2026,yugabyte-2026111-vanilla-os-xlarge-xlarge-aws-v2,1,ip-172-31-26-56,ranking,benchANT
2026-09-18 10:26:30+00:00,processes,running,8,dbms,09-2026,yugabyte-2026111-vanilla-os-xlarge-xlarge-aws-v2,1,ip-172-31-26-56,ranking,benchANT
2026-09-18 10:26:40+00:00,processes,running,5,dbms,09-2026,yugabyte-2026111-vanilla-os-xlarge-xlarge-aws-v2,1,ip-172-31-26-56,ranking,benchANT
2026-09-18 10:26:50+00:00,processes,running,2,dbms,09-2026,yugabyte-2026111-vanilla-os-xlarge-xlarge-aws-v2,1,ip-172-31-26-56,ranking,benchANT
2026-09-18 10:27:00+00:00,processes,running,9,dbms,09-2026,yugabyte-2026111-vanilla-os-xlarge-xlarge-aws-v2,1,ip-172-31-26-56,ranking,benchANT
2026-09-18 10:27:10+00:00,processes,running,1,dbms,09-2026,yugabyte-2026111-vanilla-os-xlarge-xlarge-aws-v2,1,ip-172-31-26-56,ranking,benchANT
2026-09-18 10:27:20+00:00,processes,running,5,dbms,09-2026,yugabyte-2026111-vanilla-os-xlarge-xlarge-aws-v2,1,ip-172-31-26-56,ranking,benchANT
2026-09-18 10:27:30+00:00,processes,running,4,dbms,09-2026,yugabyte-2026111-vanilla-os-xlarge-xlarge-aws-v2,1,ip-172-31-26-56,ranking,benchANT
2026-09-18 10:27:40+00:00,processes,running,1,dbms,09-2026,yugabyte-2026111-vanilla-os-xlarge-xlarge-aws-v2,1,ip-172-31-26-56,ranking,benchANT
2026-09-18 10:27:50+00:00,processes,running,7,dbms,09-2026,yugabyte-2026111-vanilla-os-xlarge-xlarge-aws-v2,1,ip-172-31-26-56,ranking,benchANT
2026-09-18 10:28:00+00:00,processes,running,6,dbms,09-2026,yugabyte-2026111-vanilla-os-xlarge-xlarge-aws-v2,1,ip-172-31-26-56,ranking,benchANT
2026-09-18 10:28:10+00:00,processes,running,5,dbms,09-2026,yugabyte-2026111-vanilla-os-xlarge-xlarge-aws-v2,1,ip-172-31-26-56,ranking,benchANT
2026-09-18 10:28:20+00:00,processes,running,6,dbms,09-2026,yugabyte-2026111-vanilla-os-xlarge-xlarge-aws-v2,1,ip-172-31-26-56,ranking,benchANT
2026-09-18 10:28:30+00:00,processes,running,3,dbms,09-2026,yugabyte-2026111-vanilla-os-xlarge-xlarge-aws-v2,1,ip-172-31-26-56,ranking,benchANT
2026-09-18 10:28:40+00:00,processes,running,4,dbms,09-2026,yugabyte-2026111-vanilla-os-xlarge-xlarge-aws-v2,1,ip-172-31-26-56,ranking,benchANT
2026-09-18 10:28:50+00:00,processes,running,4,dbms,09-2026,yugabyte-2026111-vanilla-os-xlarge-xlarge-aws-v2,1,ip-172-31-26-56,ranking,benchANT
2026-09-18 10:29:00+00:00,processes,running,6,dbms,09-2026,yugabyte-2026111-vanilla-os-xlarge-xlarge-aws-v2,1,ip-172-31-26-56,ranking,benchANT
2026-09-18 10:29:10+00:00,processes,running,4,dbms,09-2026,yugabyte-2026111-vanilla-os-xlarge-xlarge-aws-v2,1,ip-172-31-26-56,ranking,benchANT
2026-09-18 10:29:20+00:00,processes,running,2,dbms,09-2026,yugabyte-2026111-vanilla-os-xlarge-xlarge-aws-v2,1,ip-172-31-26-56,ranking,benchANT
2026-09-18 10:29:30+00:00,processes,running,5,dbms,09-2026,yugabyte-2026111-vanilla-os-xlarge-xlarge-aws-v2,1,ip-172-31-26-56,ranking,benchANT
2026-09-18 10:29:40+00:00,processes,running,4,dbms,09-2026,yugabyte-2026111-vanilla-os-xlarge-xlarge-aws-v2,1,ip-172-31-26-56,ranking,benchANT
2026-09-18 10:29:50+00:00,processes,running,3,dbms,09-2026,yugabyte-2026111-vanilla-os-xlarge-xlarge-aws-v2,1,ip-172-31-26-56,ranking,benchANT
2026-09-18 10:30:00+00:00,processes,running,10,dbms,09-2026,yugabyte-2026111-vanilla-os-xlarge-xlarge-aws-v2,1,ip-172-31-26-56,ranking,benchANT
2026-09-18 10:30:10+00:00,processes,running,6,dbms,09-2026,yugabyte-2026111-vanilla-os-xlarge-xlarge-aws-v2,1,ip-172-31-26-56,ranking,benchANT
2026-09-18 10:30:20+00:00,processes,running,11,dbms,09-2026,yugabyte-2026111-vanilla-os-xlarge-xlarge-aws-v2,1,ip-172-31-26-56,ranking,benchANT
2026-09-18 10:30:30+00:00,processes,running,5,dbms,09-2026,yugabyte-2026111-vanilla-os-xlarge-xlarge-aws-v2,1,ip-172-31-26-56,ranking,benchANT
2026-09-18 10:30:40+00:00,processes,running,8,dbms,09-2026,yugabyte-2026111-vanilla-os-xlarge-xlarge-aws-v2,1,ip-172-31-26-56,ranking,benchANT
2026-09-18 10:30:50+00:00,processes,running,4,dbms,09-2026,yugabyte-2026111-vanilla-os-xlarge-xlarge-aws-v2,1,ip-172-31-26-56,ranking,benchANT
2026-09-18 10:31:00+00:00,processes,running,0,dbms,09-2026,yugabyte-2026111-vanilla-os-xlarge-xlarge-aws-v2,1,ip-172-31-26-56,ranking,benchANT
2026-09-18 10:31:10+00:00,processes,running,0,dbms,09-2026,yugabyte-2026111-vanilla-os-xlarge-xlarge-aws-v2,1,ip-172-31-26-56,ranking,benchANT
2026-09-18 10:31:20+00:00,processes,running,0,dbms,09-2026,yugabyte-2026111-vanilla-os-xlarge-xlarge-aws-v2,1,ip-172-31-26-56,ranking,benchANT
2026-09-18 10:23:00+00:00,processes,sleeping,146,dbms,09-2026,yugabyte-2026111-vanilla-os-xlarge-xlarge-aws-v2,1,ip-172-31-26-56,ranking,benchANT
2026-09-18 10:23:10+00:00,processes,sleeping,147,dbms,09-2026,yugabyte-2026111-vanilla-os-xlarge-xlarge-aws-v2,1,ip-172-31-26-56,ranking,benchANT
2026-09-18 10:23:20+00:00,processes,sleeping,145,dbms,09-2026,yugabyte-2026111-vanilla-os-xlarge-xlarge-aws-v2,1,ip-172-31-26-56,ranking,benchANT
2026-09-18 10:23:30+00:00,processes,sleeping,144,dbms,09-2026,yugabyte-2026111-vanilla-os-xlarge-xlarge-aws-v2,1,ip-172-31-26-56,ranking,benchANT
2026-09-18 10:23:40+00:00,processes,sleeping,146,dbms,09-2026,yugabyte-2026111-vanilla-os-xlarge-xlarge-aws-v2,1,ip-172-31-26-56,ranking,benchANT
2026-09-18 10:23:50+00:00,processes,sleeping,145,dbms,09-2026,yugabyte-2026111-vanilla-os-xlarge-xlarge-aws-v2,1,ip-172-31-26-56,ranking,benchANT
2026-09-18 10:24:00+00:00,processes,sleeping,149,dbms,09-2026,yugabyte-2026111-vanilla-os-xlarge-xlarge-aws-v2,1,ip-172-31-26-56,ranking,benchANT
2026-09-18 10:24:10+00:00,processes,sleeping,147,dbms,09-2026,yugabyte-2026111-vanilla-os-xlarge-xlarge-aws-v2,1,ip-172-31-26-56,ranking,benchANT
2026-09-18 10:24:20+00:00,processes,sleeping,146,dbms,09-2026,yugabyte-2026111-vanilla-os-xlarge-xlarge-aws-v2,1,ip-172-31-26-56,ranking,benchANT
2026-09-18 10:24:30+00:00,processes,sleeping,137,dbms,09-2026,yugabyte-2026111-vanilla-os-xlarge-xlarge-aws-v2,1,ip-172-31-26-56,ranking,benchANT
2026-09-18 10:24:40+00:00,processes,sleeping,143,dbms,09-2026,yugabyte-2026111-vanilla-os-xlarge-xlarge-aws-v2,1,ip-172-31-26-56,ranking,benchANT
2026-09-18 10:24:50+00:00,processes,sleeping,145,dbms,09-2026,yugabyte-2026111-vanilla-os-xlarge-xlarge-aws-v2,1,ip-172-31-26-56,ranking,benchANT
2026-09-18 10:25:00+00:00,processes,sleeping,146,dbms,09-2026,yugabyte-2026111-vanilla-os-xlarge-xlarge-aws-v2,1,ip-172-31-26-56,ranking,benchANT
2026-09-18 10:25:10+00:00,processes,sleeping,147,dbms,09-2026,yugabyte-2026111-vanilla-os-xlarge-xlarge-aws-v2,1,ip-172-31-26-56,ranking,benchANT
2026-09-18 10:25:20+00:00,processes,sleeping,143,dbms,09-2026,yugabyte-2026111-vanilla-os-xlarge-xlarge-aws-v2,1,ip-172-31-26-56,ranking,benchANT
2026-09-18 10:25:30+00:00,processes,sleeping,144,dbms,09-2026,yugabyte-2026111-vanilla-os-xlarge-xlarge-aws-v2,1,ip-172-31-26-56,ranking,benchANT
2026-09-18 10:25:40+00:00,processes,sleeping,141,dbms,09-2026,yugabyte-2026111-vanilla-os-xlarge-xlarge-aws-v2,1,ip-172-31-26-56,ranking,benchANT
2026-09-18 10:25:50+00:00,processes,sleeping,148,dbms,09-2026,yugabyte-2026111-vanilla-os-xlarge-xlarge-aws-v2,1,ip-172-31-26-56,ranking,benchANT
2026-09-18 10:26:00+00:00,processes,sleeping,147,dbms,09-2026,yugabyte-2026111-vanilla-os-xlarge-xlarge-aws-v2,1,ip-172-31-26-56,ranking,benchANT
2026-09-18 10:26:10+00:00,processes,sleeping,146,dbms,09-2026,yugabyte-2026111-vanilla-os-xlarge-xlarge-aws-v2,1,ip-172-31-26-56,ranking,benchANT
2026-09-18 10:26:20+00:00,processes,sleeping,148,dbms,09-2026,yugabyte-2026111-vanilla-os-xlarge-xlarge-aws-v2,1,ip-172-31-26-56,ranking,benchANT
2026-09-18 10:26:30+00:00,processes,sleeping,142,dbms,09-2026,yugabyte-2026111-vanilla-os-xlarge-xlarge-aws-v2,1,ip-172-31-26-56,ranking,benchANT
2026-09-18 10:26:40+00:00,processes,sleeping,144,dbms,09-2026,yugabyte-2026111-vanilla-os-xlarge-xlarge-aws-v2,1,ip-172-31-26-56,ranking,benchANT
2026-09-18 10:26:50+00:00,processes,sleeping,147,dbms,09-2026,yugabyte-2026111-vanilla-os-xlarge-xlarge-aws-v2,1,ip-172-31-26-56,ranking,benchANT
2026-09-18 10:27:00+00:00,processes,sleeping,141,dbms,09-2026,yugabyte-2026111-vanilla-os-xlarge-xlarge-aws-v2,1,ip-172-31-26-56,ranking,benchANT
2026-09-18 10:27:10+00:00,processes,sleeping,149,dbms,09-2026,yugabyte-2026111-vanilla-os-xlarge-xlarge-aws-v2,1,ip-172-31-26-56,ranking,benchANT
2026-09-18 10:27:20+00:00,processes,sleeping,144,dbms,09-2026,yugabyte-2026111-vanilla-os-xlarge-xlarge-aws-v2,1,ip-172-31-26-56,ranking,benchANT
2026-09-18 10:27:30+00:00,processes,sleeping,146,dbms,09-2026,yugabyte-2026111-vanilla-os-xlarge-xlarge-aws-v2,1,ip-172-31-26-56,ranking,benchANT
2026-09-18 10:27:40+00:00,processes,sleeping,149,dbms,09-2026,yugabyte-2026111-vanilla-os-xlarge-xlarge-aws-v2,1,ip-172-31-26-56,ranking,benchANT
2026-09-18 10:27:50+00:00,processes,sleeping,143,dbms,09-2026,yugabyte-2026111-vanilla-os-xlarge-xlarge-aws-v2,1,ip-172-31-26-56,ranking,benchANT
2026-09-18 10:28:00+00:00,processes,sleeping,144,dbms,09-2026,yugabyte-2026111-vanilla-os-xlarge-xlarge-aws-v2,1,ip-172-31-26-56,ranking,benchANT
2026-09-18 10:28:10+00:00,processes,sleeping,145,dbms,09-2026,yugabyte-2026111-vanilla-os-xlarge-xlarge-aws-v2,1,ip-172-31-26-56,ranking,benchANT
2026-09-18 10:28:20+00:00,processes,sleeping,144,dbms,09-2026,yugabyte-2026111-vanilla-os-xlarge-xlarge-aws-v2,1,ip-172-31-26-56,ranking,benchANT
2026-09-18 10:28:30+00:00,processes,sleeping,147,dbms,09-2026,yugabyte-2026111-vanilla-os-xlarge-xlarge-aws-v2,1,ip-172-31-26-56,ranking,benchANT
2026-09-18 10:28:40+00:00,processes,sleeping,146,dbms,09-2026,yugabyte-2026111-vanilla-os-xlarge-xlarge-aws-v2,1,ip-172-31-26-56,ranking,benchANT
2026-09-18 10:28:50+00:00,processes,sleeping,146,dbms,09-2026,yugabyte-2026111-vanilla-os-xlarge-xlarge-aws-v2,1,ip-172-31-26-56,ranking,benchANT
2026-09-18 10:29:00+00:00,processes,sleeping,145,dbms,09-2026,yugabyte-2026111-vanilla-os-xlarge-xlarge-aws-v2,1,ip-172-31-26-56,ranking,benchANT
2026-09-18 10:29:10+00:00,processes,sleeping,145,dbms,09-2026,yugabyte-2026111-vanilla-os-xlarge-xlarge-aws-v2,1,ip-172-31-26-56,ranking,benchANT
2026-09-18 10:29:20+00:00,processes,sleeping,148,dbms,09-2026,yugabyte-2026111-vanilla-os-xlarge-xlarge-aws-v2,1,ip-172-31-26-56,ranking,benchANT
2026-09-18 10:29:30+00:00,processes,sleeping,144,dbms,09-2026,yugabyte-2026111-vanilla-os-xlarge-xlarge-aws-v2,1,ip-172-31-26-56,ranking,benchANT
2026-09-18 10:29:40+00:00,processes,sleeping,145,dbms,09-2026,yugabyte-2026111-vanilla-os-xlarge-xlarge-aws-v2,1,ip-172-31-26-56,ranking,benchANT
2026-09-18 10:29:50+00:00,processes,sleeping,147,dbms,09-2026,yugabyte-2026111-vanilla-os-xlarge-xlarge-aws-v2,1,ip-172-31-26-56,ranking,benchANT
2026-09-18 10:30:00+00:00,processes,sleeping,140,dbms,09-2026,yugabyte-2026111-vanilla-os-xlarge-xlarge-aws-v2,1,ip-172-31-26-56,ranking,benchANT
2026-09-18 10:30:10+00:00,processes,sleeping,144,dbms,09-2026,yugabyte-2026111-vanilla-os-xlarge-xlarge-aws-v2,1,ip-172-31-26-56,ranking,benchANT
2026-09-18 10:30:20+00:00,processes,sleeping,139,dbms,09-2026,yugabyte-2026111-vanilla-os-xlarge-xlarge-aws-v2,1,ip-172-31-26-56,ranking,benchANT
2026-09-18 10:30:30+00:00,processes,sleeping,146,dbms,09-2026,yugabyte-2026111-vanilla-os-xlarge-xlarge-aws-v2,1,ip-172-31-26-56,ranking,benchANT
2026-09-18 10:30:40+00:00,processes,sleeping,142,dbms,09-2026,yugabyte-2026111-vanilla-os-xlarge-xlarge-aws-v2,1,ip-172-31-26-56,ranking,benchANT
2026-09-18 10:30:50+00:00,processes,sleeping,114,dbms,09-2026,yugabyte-2026111-vanilla-os-xlarge-xlarge-aws-v2,1,ip-172-31-26-56,ranking,benchANT
2026-09-18 10:31:00+00:00,processes,sleeping,83,dbms,09-2026,yugabyte-2026111-vanilla-os-xlarge-xlarge-aws-v2,1,ip-172-31-26-56,ranking,benchANT
2026-09-18 10:31:10+00:00,processes,sleeping,83,dbms,09-2026,yugabyte-2026111-vanilla-os-xlarge-xlarge-aws-v2,1,ip-172-31-26-56,ranking,benchANT
2026-09-18 10:31:20+00:00,processes,sleeping,83,dbms,09-2026,yugabyte-2026111-vanilla-os-xlarge-xlarge-aws-v2,1,ip-172-31-26-56,ranking,benchANT
2026-09-18 10:23:00+00:00,processes,stopped,0,dbms,09-2026,yugabyte-2026111-vanilla-os-xlarge-xlarge-aws-v2,1,ip-172-31-26-56,ranking,benchANT
2026-09-18 10:23:10+00:00,processes,stopped,0,dbms,09-2026,yugabyte-2026111-vanilla-os-xlarge-xlarge-aws-v2,1,ip-172-31-26-56,ranking,benchANT
2026-09-18 10:23:20+00:00,processes,stopped,0,dbms,09-2026,yugabyte-2026111-vanilla-os-xlarge-xlarge-aws-v2,1,ip-172-31-26-56,ranking,benchANT
2026-09-18 10:23:30+00:00,processes,stopped,0,dbms,09-2026,yugabyte-2026111-vanilla-os-xlarge-xlarge-aws-v2,1,ip-172-31-26-56,ranking,benchANT
2026-09-18 10:23:40+00:00,processes,stopped,0,dbms,09-2026,yugabyte-2026111-vanilla-os-xlarge-xlarge-aws-v2,1,ip-172-31-26-56,ranking,benchANT
2026-09-18 10:23:50+00:00,processes,stopped,0,dbms,09-2026,yugabyte-2026111-vanilla-os-xlarge-xlarge-aws-v2,1,ip-172-31-26-56,ranking,benchANT
2026-09-18 10:24:00+00:00,processes,stopped,0,dbms,09-2026,yugabyte-2026111-vanilla-os-xlarge-xlarge-aws-v2,1,ip-172-31-26-56,ranking,benchANT
2026-09-18 10:24:10+00:00,processes,stopped,0,dbms,09-2026,yugabyte-2026111-vanilla-os-xlarge-xlarge-aws-v2,1,ip-172-31-26-56,ranking,benchANT
2026-09-18 10:24:20+00:00,processes,stopped,0,dbms,09-2026,yugabyte-2026111-vanilla-os-xlarge-xlarge-aws-v2,1,ip-172-31-26-56,ranking,benchANT
2026-09-18 10:24:30+00:00,processes,stopped,0,dbms,09-2026,yugabyte-2026111-vanilla-os-xlarge-xlarge-aws-v2,1,ip-172-31-26-56,ranking,benchANT
2026-09-18 10:24:40+00:00,processes,stopped,0,dbms,09-2026,yugabyte-2026111-vanilla-os-xlarge-xlarge-aws-v2,1,ip-172-31-26-56,ranking,benchANT
2026-09-18 10:24:50+00:00,processes,stopped,0,dbms,09-2026,yugabyte-2026111-vanilla-os-xlarge-xlarge-aws-v2,1,ip-172-31-26-56,ranking,benchANT
2026-09-18 10:25:00+00:00,processes,stopped,0,dbms,09-2026,yugabyte-2026111-vanilla-os-xlarge-xlarge-aws-v2,1,ip-172-31-26-56,ranking,benchANT
2026-09-18 10:25:10+00:00,processes,stopped,0,dbms,09-2026,yugabyte-2026111-vanilla-os-xlarge-xlarge-aws-v2,1,ip-172-31-26-56,ranking,benchANT
2026-09-18 10:25:20+00:00,processes,stopped,0,dbms,09-2026,yugabyte-2026111-vanilla-os-xlarge-xlarge-aws-v2,1,ip-172-31-26-56,ranking,benchANT
2026-09-18 10:25:30+00:00,processes,stopped,0,dbms,09-2026,yugabyte-2026111-vanilla-os-xlarge-xlarge-aws-v2,1,ip-172-31-26-56,ranking,benchANT
2026-09-18 10:25:40+00:00,processes,stopped,0,dbms,09-2026,yugabyte-2026111-vanilla-os-xlarge-xlarge-aws-v2,1,ip-172-31-26-56,ranking,benchANT
2026-09-18 10:25:50+00:00,processes,stopped,0,dbms,09-2026,yugabyte-2026111-vanilla-os-xlarge-xlarge-aws-v2,1,ip-172-31-26-56,ranking,benchANT
2026-09-18 10:26:00+00:00,processes,stopped,0,dbms,09-2026,yugabyte-2026111-vanilla-os-xlarge-xlarge-aws-v2,1,ip-172-31-26-56,ranking,benchANT
2026-09-18 10:26:10+00:00,processes,stopped,0,dbms,09-2026,yugabyte-2026111-vanilla-os-xlarge-xlarge-aws-v2,1,ip-172-31-26-56,ranking,benchANT
2026-09-18 10:26:20+00:00,processes,stopped,0,dbms,09-2026,yugabyte-2026111-vanilla-os-xlarge-xlarge-aws-v2,1,ip-172-31-26-56,ranking,benchANT
2026-09-18 10:26:30+00:00,processes,stopped,0,dbms,09-2026,yugabyte-2026111-vanilla-os-xlarge-xlarge-aws-v2,1,ip-172-31-26-56,ranking,benchANT
2026-09-18 10:26:40+00:00,processes,stopped,0,dbms,09-2026,yugabyte-2026111-vanilla-os-xlarge-xlarge-aws-v2,1,ip-172-31-26-56,ranking,benchANT
2026-09-18 10:26:50+00:00,processes,stopped,0,dbms,09-2026,yugabyte-2026111-vanilla-os-xlarge-xlarge-aws-v2,1,ip-172-31-26-56,ranking,benchANT
2026-09-18 10:27:00+00:00,processes,stopped,0,dbms,09-2026,yugabyte-2026111-vanilla-os-xlarge-xlarge-aws-v2,1,ip-172-31-26-56,ranking,benchANT
2026-09-18 10:27:10+00:00,processes,stopped,0,dbms,09-2026,yugabyte-2026111-vanilla-os-xlarge-xlarge-aws-v2,1,ip-172-31-26-56,ranking,benchANT
2026-09-18 10:27:20+00:00,processes,stopped,0,dbms,09-2026,yugabyte-2026111-vanilla-os-xlarge-xlarge-aws-v2,1,ip-172-31-26-56,ranking,benchANT
2026-09-18 10:27:30+00:00,processes,stopped,0,dbms,09-2026,yugabyte-2026111-vanilla-os-xlarge-xlarge-aws-v2,1,ip-172-31-26-56,ranking,benchANT
2026-09-18 10:27:40+00:00,processes,stopped,0,dbms,09-2026,yugabyte-2026111-vanilla-os-xlarge-xlarge-aws-v2,1,ip-172-31-26-56,ranking,benchANT
2026-09-18 10:27:50+00:00,processes,stopped,0,dbms,09-2026,yugabyte-2026111-vanilla-os-xlarge-xlarge-aws-v2,1,ip-172-31-26-56,ranking,benchANT
2026-09-18 10:28:00+00:00,processes,stopped,0,dbms,09-2026,yugabyte-2026111-vanilla-os-xlarge-xlarge-aws-v2,1,ip-172-31-26-56,ranking,benchANT
2026-09-18 10:28:10+00:00,processes,stopped,0,dbms,09-2026,yugabyte-2026111-vanilla-os-xlarge-xlarge-aws-v2,1,ip-172-31-26-56,ranking,benchANT
2026-09-18 10:28:20+00:00,processes,stopped,0,dbms,09-2026,yugabyte-2026111-vanilla-os-xlarge-xlarge-aws-v2,1,ip-172-31-26-56,ranking,benchANT
2026-09-18 10:28:30+00:00,processes,stopped,0,dbms,09-2026,yugabyte-2026111-vanilla-os-xlarge-xlarge-aws-v2,1,ip-172-31-26-56,ranking,benchANT
2026-09-18 10:28:40+00:00,processes,stopped,0,dbms,09-2026,yugabyte-2026111-vanilla-os-xlarge-xlarge-aws-v2,1,ip-172-31-26-56,ranking,benchANT
2026-09-18 10:28:50+00:00,processes,stopped,0,dbms,09-2026,yugabyte-2026111-vanilla-os-xlarge-xlarge-aws-v2,1,ip-172-31-26-56,ranking,benchANT
2026-09-18 10:29:00+00:00,processes,stopped,0,dbms,09-2026,yugabyte-2026111-vanilla-os-xlarge-xlarge-aws-v2,1,ip-172-31-26-56,ranking,benchANT
2026-09-18 10:29:10+00:00,processes,stopped,0,dbms,09-2026,yugabyte-2026111-vanilla-os-xlarge-xlarge-aws-v2,1,ip-172-31-26-56,ranking,benchANT
2026-09-18 10:29:20+00:00,processes,stopped,0,dbms,09-2026,yugabyte-2026111-vanilla-os-xlarge-xlarge-aws-v2,1,ip-172-31-26-56,ranking,benchANT
2026-09-18 10:29:30+00:00,processes,stopped,0,dbms,09-2026,yugabyte-2026111-vanilla-os-xlarge-xlarge-aws-v2,1,ip-172-31-26-56,ranking,benchANT
2026-09-18 10:29:40+00:00,processes,stopped,0,dbms,09-2026,yugabyte-2026111-vanilla-os-xlarge-xlarge-aws-v2,1,ip-172-31-26-56,ranking,benchANT
2026-09-18 10:29:50+00:00,processes,stopped,0,dbms,09-2026,yugabyte-2026111-vanilla-os-xlarge-xlarge-aws-v2,1,ip-172-31-26-56,ranking,benchANT
2026-09-18 10:30:00+00:00,processes,stopped,0,dbms,09-2026,yugabyte-2026111-vanilla-os-xlarge-xlarge-aws-v2,1,ip-172-31-26-56,ranking,benchANT
2026-09-18 10:30:10+00:00,processes,stopped,0,dbms,09-2026,yugabyte-2026111-vanilla-os-xlarge-xlarge-aws-v2,1,ip-172-31-26-56,ranking,benchANT
2026-09-18 10:30:20+00:00,processes,stopped,0,dbms,09-2026,yugabyte-2026111-vanilla-os-xlarge-xlarge-aws-v2,1,ip-172-31-26-56,ranking,benchANT
2026-09-18 10:30:30+00:00,processes,stopped,0,dbms,09-2026,yugabyte-2026111-vanilla-os-xlarge-xlarge-aws-v2,1,ip-172-31-26-56,ranking,benchANT
2026-09-18 10:30:40+00:00,processes,stopped,0,dbms,09-2026,yugabyte-2026111-vanilla-os-xlarge-xlarge-aws-v2,1,ip-172-31-26-56,ranking,benchANT
2026-09-18 10:30:50+00:00,processes,stopped,0,dbms,09-2026,yugabyte-2026111-vanilla-os-xlarge-xlarge-aws-v2,1,ip-172-31-26-56,ranking,benchANT
2026-09-18 10:31:00+00:00,processes,stopped,0,dbms,09-2026,yugabyte-2026111-vanilla-os-xlarge-xlarge-aws-v2,1,ip-172-31-26-56,ranking,benchANT
2026-09-18 10:31:10+00:00,processes,stopped,0,dbms,09-2026,yugabyte-2026111-vanilla-os-xlarge-xlarge-aws-v2,1,ip-172-31-26-56,ranking,benchANT
2026-09-18 10:31:20+00:00,processes,stopped,0,dbms,09-2026,yugabyte-2026111-vanilla-os-xlarge-xlarge-aws-v2,1,ip-172-31-26-56,ranking,benchANT
2026-09-18 10:23:00+00:00,processes,total,229,dbms,09-2026,yugabyte-2026111-vanilla-os-xlarge-xlarge-aws-v2,1,ip-172-31-26-56,ranking,benchANT
2026-09-18 10:23:10+00:00,processes,total,229,dbms,09-2026,yugabyte-2026111-vanilla-os-xlarge-xlarge-aws-v2,1,ip-172-31-26-56,ranking,benchANT
2026-09-18 10:23:20+00:00,processes,total,229,dbms,09-2026,yugabyte-2026111-vanilla-os-xlarge-xlarge-aws-v2,1,ip-172-31-26-56,ranking,benchANT
2026-09-18 10:23:30+00:00,processes,total,229,dbms,09-2026,yugabyte-2026111-vanilla-os-xlarge-xlarge-aws-v2,1,ip-172-31-26-56,ranking,benchANT
2026-09-18 10:23:40+00:00,processes,total,229,dbms,09-2026,yugabyte-2026111-vanilla-os-xlarge-xlarge-aws-v2,1,ip-172-31-26-56,ranking,benchANT
2026-09-18 10:23:50+00:00,processes,total,229,dbms,09-2026,yugabyte-2026111-vanilla-os-xlarge-xlarge-aws-v2,1,ip-172-31-26-56,ranking,benchANT
2026-09-18 10:24:00+00:00,processes,total,229,dbms,09-2026,yugabyte-2026111-vanilla-os-xlarge-xlarge-aws-v2,1,ip-172-31-26-56,ranking,benchANT
2026-09-18 10:24:10+00:00,processes,total,229,dbms,09-2026,yugabyte-2026111-vanilla-os-xlarge-xlarge-aws-v2,1,ip-172-31-26-56,ranking,benchANT
2026-09-18 10:24:20+00:00,processes,total,229,dbms,09-2026,yugabyte-2026111-vanilla-os-xlarge-xlarge-aws-v2,1,ip-172-31-26-56,ranking,benchANT
2026-09-18 10:24:30+00:00,processes,total,229,dbms,09-2026,yugabyte-2026111-vanilla-os-xlarge-xlarge-aws-v2,1,ip-172-31-26-56,ranking,benchANT
2026-09-18 10:24:40+00:00,processes,total,229,dbms,09-2026,yugabyte-2026111-vanilla-os-xlarge-xlarge-aws-v2,1,ip-172-31-26-56,ranking,benchANT
2026-09-18 10:24:50+00:00,processes,total,229,dbms,09-2026,yugabyte-2026111-vanilla-os-xlarge-xlarge-aws-v2,1,ip-172-31-26-56,ranking,benchANT
2026-09-18 10:25:00+00:00,processes,total,229,dbms,09-2026,yugabyte-2026111-vanilla-os-xlarge-xlarge-aws-v2,1,ip-172-31-26-56,ranking,benchANT
2026-09-18 10:25:10+00:00,processes,total,228,dbms,09-2026,yugabyte-2026111-vanilla-os-xlarge-xlarge-aws-v2,1,ip-172-31-26-56,ranking,benchANT
2026-09-18 10:25:20+00:00,processes,total,227,dbms,09-2026,yugabyte-2026111-vanilla-os-xlarge-xlarge-aws-v2,1,ip-172-31-26-56,ranking,benchANT
2026-09-18 10:25:30+00:00,processes,total,227,dbms,09-2026,yugabyte-2026111-vanilla-os-xlarge-xlarge-aws-v2,1,ip-172-31-26-56,ranking,benchANT
2026-09-18 10:25:40+00:00,processes,total,227,dbms,09-2026,yugabyte-2026111-vanilla-os-xlarge-xlarge-aws-v2,1,ip-172-31-26-56,ranking,benchANT
2026-09-18 10:25:50+00:00,processes,total,227,dbms,09-2026,yugabyte-2026111-vanilla-os-xlarge-xlarge-aws-v2,1,ip-172-31-26-56,ranking,benchANT
2026-09-18 10:26:00+00:00,processes,total,227,dbms,09-2026,yugabyte-2026111-vanilla-os-xlarge-xlarge-aws-v2,1,ip-172-31-26-56,ranking,benchANT
2026-09-18 10:26:10+00:00,processes,total,227,dbms,09-2026,yugabyte-2026111-vanilla-os-xlarge-xlarge-aws-v2,1,ip-172-31-26-56,ranking,benchANT
2026-09-18 10:26:20+00:00,processes,total,229,dbms,09-2026,yugabyte-2026111-vanilla-os-xlarge-xlarge-aws-v2,1,ip-172-31-26-56,ranking,benchANT
2026-09-18 10:26:30+00:00,processes,total,227,dbms,09-2026,yugabyte-2026111-vanilla-os-xlarge-xlarge-aws-v2,1,ip-172-31-26-56,ranking,benchANT
2026-09-18 10:26:40+00:00,processes,total,227,dbms,09-2026,yugabyte-2026111-vanilla-os-xlarge-xlarge-aws-v2,1,ip-172-31-26-56,ranking,benchANT
2026-09-18 10:26:50+00:00,processes,total,227,dbms,09-2026,yugabyte-2026111-vanilla-os-xlarge-xlarge-aws-v2,1,ip-172-31-26-56,ranking,benchANT
2026-09-18 10:27:00+00:00,processes,total,227,dbms,09-2026,yugabyte-2026111-vanilla-os-xlarge-xlarge-aws-v2,1,ip-172-31-26-56,ranking,benchANT
2026-09-18 10:27:10+00:00,processes,total,227,dbms,09-2026,yugabyte-2026111-vanilla-os-xlarge-xlarge-aws-v2,1,ip-172-31-26-56,ranking,benchANT
2026-09-18 10:27:20+00:00,processes,total,227,dbms,09-2026,yugabyte-2026111-vanilla-os-xlarge-xlarge-aws-v2,1,ip-172-31-26-56,ranking,benchANT
2026-09-18 10:27:30+00:00,processes,total,227,dbms,09-2026,yugabyte-2026111-vanilla-os-xlarge-xlarge-aws-v2,1,ip-172-31-26-56,ranking,benchANT
2026-09-18 10:27:40+00:00,processes,total,227,dbms,09-2026,yugabyte-2026111-vanilla-os-xlarge-xlarge-aws-v2,1,ip-172-31-26-56,ranking,benchANT
2026-09-18 10:27:50+00:00,processes,total,227,dbms,09-2026,yugabyte-2026111-vanilla-os-xlarge-xlarge-aws-v2,1,ip-172-31-26-56,ranking,benchANT
2026-09-18 10:28:00+00:00,processes,total,227,dbms,09-2026,yugabyte-2026111-vanilla-os-xlarge-xlarge-aws-v2,1,ip-172-31-26-56,ranking,benchANT
2026-09-18 10:28:10+00:00,processes,total,227,dbms,09-2026,yugabyte-2026111-vanilla-os-xlarge-xlarge-aws-v2,1,ip-172-31-26-56,ranking,benchANT
2026-09-18 10:28:20+00:00,processes,total,227,dbms,09-2026,yugabyte-2026111-vanilla-os-xlarge-xlarge-aws-v2,1,ip-172-31-26-56,ranking,benchANT
2026-09-18 10:28:30+00:00,processes,total,227,dbms,09-2026,yugabyte-2026111-vanilla-os-xlarge-xlarge-aws-v2,1,ip-172-31-26-56,ranking,benchANT
2026-09-18 10:28:40+00:00,processes,total,227,dbms,09-2026,yugabyte-2026111-vanilla-os-xlarge-xlarge-aws-v2,1,ip-172-31-26-56,ranking,benchANT
2026-09-18 10:28:50+00:00,processes,total,227,dbms,09-2026,yugabyte-2026111-vanilla-os-xlarge-xlarge-aws-v2,1,ip-172-31-26-56,ranking,benchANT
2026-09-18 10:29:00+00:00,processes,total,227,dbms,09-2026,yugabyte-2026111-vanilla-os-xlarge-xlarge-aws-v2,1,ip-172-31-26-56,ranking,benchANT
2026-09-18 10:29:10+00:00,processes,total,227,dbms,09-2026,yugabyte-2026111-vanilla-os-xlarge-xlarge-aws-v2,1,ip-172-31-26-56,ranking,benchANT
2026-09-18 10:29:20+00:00,processes,total,227,dbms,09-2026,yugabyte-2026111-vanilla-os-xlarge-xlarge-aws-v2,1,ip-172-31-26-56,ranking,benchANT
2026-09-18 10:29:30+00:00,processes,total,227,dbms,09-2026,yugabyte-2026111-vanilla-os-xlarge-xlarge-aws-v2,1,ip-172-31-26-56,ranking,benchANT
2026-09-18 10:29:40+00:00,processes,total,227,dbms,09-2026,yugabyte-2026111-vanilla-os-xlarge-xlarge-aws-v2,1,ip-172-31-26-56,ranking,benchANT
2026-09-18 10:29:50+00:00,processes,total,227,dbms,09-2026,yugabyte-2026111-vanilla-os-xlarge-xlarge-aws-v2,1,ip-172-31-26-56,ranking,benchANT
2026-09-18 10:30:00+00:00,processes,total,227,dbms,09-2026,yugabyte-2026111-vanilla-os-xlarge-xlarge-aws-v2,1,ip-172-31-26-56,ranking,benchANT
2026-09-18 10:30:10+00:00,processes,total,228,dbms,09-2026,yugabyte-2026111-vanilla-os-xlarge-xlarge-aws-v2,1,ip-172-31-26-56,ranking,benchANT
2026-09-18 10:30:20+00:00,processes,total,228,dbms,09-2026,yugabyte-2026111-vanilla-os-xlarge-xlarge-aws-v2,1,ip-172-31-26-56,ranking,benchANT
2026-09-18 10:30:30+00:00,processes,total,228,dbms,09-2026,yugabyte-2026111-vanilla-os-xlarge-xlarge-aws-v2,1,ip-172-31-26-56,ranking,benchANT
2026-09-18 10:30:40+00:00,processes,total,228,dbms,09-2026,yugabyte-2026111-vanilla-os-xlarge-xlarge-aws-v2,1,ip-172-31-26-56,ranking,benchANT
2026-09-18 10:30:50+00:00,processes,total,196,dbms,09-2026,yugabyte-2026111-vanilla-os-xlarge-xlarge-aws-v2,1,ip-172-31-26-56,ranking,benchANT
2026-09-18 10:31:00+00:00,processes,total,161,dbms,09-2026,yugabyte-2026111-vanilla-os-xlarge-xlarge-aws-v2,1,ip-172-31-26-56,ranking,benchANT
2026-09-18 10:31:10+00:00,processes,total,161,dbms,09-2026,yugabyte-2026111-vanilla-os-xlarge-xlarge-aws-v2,1,ip-172-31-26-56,ranking,benchANT
2026-09-18 10:31:20+00:00,processes,total,161,dbms,09-2026,yugabyte-2026111-vanilla-os-xlarge-xlarge-aws-v2,1,ip-172-31-26-56,ranking,benchANT
2026-09-18 10:23:00+00:00,processes,total_threads,1010,dbms,09-2026,yugabyte-2026111-vanilla-os-xlarge-xlarge-aws-v2,1,ip-172-31-26-56,ranking,benchANT
2026-09-18 10:23:10+00:00,processes,total_threads,1018,dbms,09-2026,yugabyte-2026111-vanilla-os-xlarge-xlarge-aws-v2,1,ip-172-31-26-56,ranking,benchANT
2026-09-18 10:23:20+00:00,processes,total_threads,1015,dbms,09-2026,yugabyte-2026111-vanilla-os-xlarge-xlarge-aws-v2,1,ip-172-31-26-56,ranking,benchANT
2026-09-18 10:23:30+00:00,processes,total_threads,1016,dbms,09-2026,yugabyte-2026111-vanilla-os-xlarge-xlarge-aws-v2,1,ip-172-31-26-56,ranking,benchANT
2026-09-18 10:23:40+00:00,processes,total_threads,1017,dbms,09-2026,yugabyte-2026111-vanilla-os-xlarge-xlarge-aws-v2,1,ip-172-31-26-56,ranking,benchANT
2026-09-18 10:23:50+00:00,processes,total_threads,1018,dbms,09-2026,yugabyte-2026111-vanilla-os-xlarge-xlarge-aws-v2,1,ip-172-31-26-56,ranking,benchANT
2026-09-18 10:24:00+00:00,processes,total_threads,1029,dbms,09-2026,yugabyte-2026111-vanilla-os-xlarge-xlarge-aws-v2,1,ip-172-31-26-56,ranking,benchANT
2026-09-18 10:24:10+00:00,processes,total_threads,1026,dbms,09-2026,yugabyte-2026111-vanilla-os-xlarge-xlarge-aws-v2,1,ip-172-31-26-56,ranking,benchANT
2026-09-18 10:24:20+00:00,processes,total_threads,1035,dbms,09-2026,yugabyte-2026111-vanilla-os-xlarge-xlarge-aws-v2,1,ip-172-31-26-56,ranking,benchANT
2026-09-18 10:24:30+00:00,processes,total_threads,1036,dbms,09-2026,yugabyte-2026111-vanilla-os-xlarge-xlarge-aws-v2,1,ip-172-31-26-56,ranking,benchANT
2026-09-18 10:24:40+00:00,processes,total_threads,1014,dbms,09-2026,yugabyte-2026111-vanilla-os-xlarge-xlarge-aws-v2,1,ip-172-31-26-56,ranking,benchANT
2026-09-18 10:24:50+00:00,processes,total_threads,1024,dbms,09-2026,yugabyte-2026111-vanilla-os-xlarge-xlarge-aws-v2,1,ip-172-31-26-56,ranking,benchANT
2026-09-18 10:25:00+00:00,processes,total_threads,1036,dbms,09-2026,yugabyte-2026111-vanilla-os-xlarge-xlarge-aws-v2,1,ip-172-31-26-56,ranking,benchANT
2026-09-18 10:25:10+00:00,processes,total_threads,1034,dbms,09-2026,yugabyte-2026111-vanilla-os-xlarge-xlarge-aws-v2,1,ip-172-31-26-56,ranking,benchANT
2026-09-18 10:25:20+00:00,processes,total_threads,1031,dbms,09-2026,yugabyte-2026111-vanilla-os-xlarge-xlarge-aws-v2,1,ip-172-31-26-56,ranking,benchANT
2026-09-18 10:25:30+00:00,processes,total_threads,1026,dbms,09-2026,yugabyte-2026111-vanilla-os-xlarge-xlarge-aws-v2,1,ip-172-31-26-56,ranking,benchANT
2026-09-18 10:25:40+00:00,processes,total_threads,1027,dbms,09-2026,yugabyte-2026111-vanilla-os-xlarge-xlarge-aws-v2,1,ip-172-31-26-56,ranking,benchANT
2026-09-18 10:25:50+00:00,processes,total_threads,1022,dbms,09-2026,yugabyte-2026111-vanilla-os-xlarge-xlarge-aws-v2,1,ip-172-31-26-56,ranking,benchANT
2026-09-18 10:26:00+00:00,processes,total_threads,1027,dbms,09-2026,yugabyte-2026111-vanilla-os-xlarge-xlarge-aws-v2,1,ip-172-31-26-56,ranking,benchANT
2026-09-18 10:26:10+00:00,processes,total_threads,1031,dbms,09-2026,yugabyte-2026111-vanilla-os-xlarge-xlarge-aws-v2,1,ip-172-31-26-56,ranking,benchANT
2026-09-18 10:26:20+00:00,processes,total_threads,1033,dbms,09-2026,yugabyte-2026111-vanilla-os-xlarge-xlarge-aws-v2,1,ip-172-31-26-56,ranking,benchANT
2026-09-18 10:26:30+00:00,processes,total_threads,1025,dbms,09-2026,yugabyte-2026111-vanilla-os-xlarge-xlarge-aws-v2,1,ip-172-31-26-56,ranking,benchANT
2026-09-18 10:26:40+00:00,processes,total_threads,1030,dbms,09-2026,yugabyte-2026111-vanilla-os-xlarge-xlarge-aws-v2,1,ip-172-31-26-56,ranking,benchANT
2026-09-18 10:26:50+00:00,processes,total_threads,1027,dbms,09-2026,yugabyte-2026111-vanilla-os-xlarge-xlarge-aws-v2,1,ip-172-31-26-56,ranking,benchANT
2026-09-18 10:27:00+00:00,processes,total_threads,1020,dbms,09-2026,yugabyte-2026111-vanilla-os-xlarge-xlarge-aws-v2,1,ip-172-31-26-56,ranking,benchANT
2026-09-18 10:27:10+00:00,processes,total_threads,1021,dbms,09-2026,yugabyte-2026111-vanilla-os-xlarge-xlarge-aws-v2,1,ip-172-31-26-56,ranking,benchANT
2026-09-18 10:27:20+00:00,processes,total_threads,1039,dbms,09-2026,yugabyte-2026111-vanilla-os-xlarge-xlarge-aws-v2,1,ip-172-31-26-56,ranking,benchANT
2026-09-18 10:27:30+00:00,processes,total_threads,1038,dbms,09-2026,yugabyte-2026111-vanilla-os-xlarge-xlarge-aws-v2,1,ip-172-31-26-56,ranking,benchANT
2026-09-18 10:27:40+00:00,processes,total_threads,1016,dbms,09-2026,yugabyte-2026111-vanilla-os-xlarge-xlarge-aws-v2,1,ip-172-31-26-56,ranking,benchANT
2026-09-18 10:27:50+00:00,processes,total_threads,1013,dbms,09-2026,yugabyte-2026111-vanilla-os-xlarge-xlarge-aws-v2,1,ip-172-31-26-56,ranking,benchANT
2026-09-18 10:28:00+00:00,processes,total_threads,1018,dbms,09-2026,yugabyte-2026111-vanilla-os-xlarge-xlarge-aws-v2,1,ip-172-31-26-56,ranking,benchANT
2026-09-18 10:28:10+00:00,processes,total_threads,1022,dbms,09-2026,yugabyte-2026111-vanilla-os-xlarge-xlarge-aws-v2,1,ip-172-31-26-56,ranking,benchANT
2026-09-18 10:28:20+00:00,processes,total_threads,1029,dbms,09-2026,yugabyte-2026111-vanilla-os-xlarge-xlarge-aws-v2,1,ip-172-31-26-56,ranking,benchANT
2026-09-18 10:28:30+00:00,processes,total_threads,1027,dbms,09-2026,yugabyte-2026111-vanilla-os-xlarge-xlarge-aws-v2,1,ip-172-31-26-56,ranking,benchANT
2026-09-18 10:28:40+00:00,processes,total_threads,1016,dbms,09-2026,yugabyte-2026111-vanilla-os-xlarge-xlarge-aws-v2,1,ip-172-31-26-56,ranking,benchANT
2026-09-18 10:28:50+00:00,processes,total_threads,1017,dbms,09-2026,yugabyte-2026111-vanilla-os-xlarge-xlarge-aws-v2,1,ip-172-31-26-56,ranking,benchANT
2026-09-18 10:29:00+00:00,processes,total_threads,1030,dbms,09-2026,yugabyte-2026111-vanilla-os-xlarge-xlarge-aws-v2,1,ip-172-31-26-56,ranking,benchANT
2026-09-18 10:29:10+00:00,processes,total_threads,1031,dbms,09-2026,yugabyte-2026111-vanilla-os-xlarge-xlarge-aws-v2,1,ip-172-31-26-56,ranking,benchANT
2026-09-18 10:29:20+00:00,processes,total_threads,1032,dbms,09-2026,yugabyte-2026111-vanilla-os-xlarge-xlarge-aws-v2,1,ip-172-31-26-56,ranking,benchANT
2026-09-18 10:29:30+00:00,processes,total_threads,1020,dbms,09-2026,yugabyte-2026111-vanilla-os-xlarge-xlarge-aws-v2,1,ip-172-31-26-56,ranking,benchANT
2026-09-18 10:29:40+00:00,processes,total_threads,1019,dbms,09-2026,yugabyte-2026111-vanilla-os-xlarge-xlarge-aws-v2,1,ip-172-31-26-56,ranking,benchANT
2026-09-18 10:29:50+00:00,processes,total_threads,1017,dbms,09-2026,yugabyte-2026111-vanilla-os-xlarge-xlarge-aws-v2,1,ip-172-31-26-56,ranking,benchANT
2026-09-18 10:30:00+00:00,processes,total_threads,1015,dbms,09-2026,yugabyte-2026111-vanilla-os-xlarge-xlarge-aws-v2,1,ip-172-31-26-56,ranking,benchANT
2026-09-18 10:30:10+00:00,processes,total_threads,1032,dbms,09-2026,yugabyte-2026111-vanilla-os-xlarge-xlarge-aws-v2,1,ip-172-31-26-56,ranking,benchANT
2026-09-18 10:30:20+00:00,processes,total_threads,1023,dbms,09-2026,yugabyte-2026111-vanilla-os-xlarge-xlarge-aws-v2,1,ip-172-31-26-56,ranking,benchANT
2026-09-18 10:30:30+00:00,processes,total_threads,1022,dbms,09-2026,yugabyte-2026111-vanilla-os-xlarge-xlarge-aws-v2,1,ip-172-31-26-56,ranking,benchANT
2026-09-18 10:30:40+00:00,processes,total_threads,1025,dbms,09-2026,yugabyte-2026111-vanilla-os-xlarge-xlarge-aws-v2,1,ip-172-31-26-56,ranking,benchANT
2026-09-18 10:30:50+00:00,processes,total_threads,733,dbms,09-2026,yugabyte-2026111-vanilla-os-xlarge-xlarge-aws-v2,1,ip-172-31-26-56,ranking,benchANT
2026-09-18 10:31:00+00:00,processes,total_threads,349,dbms,09-2026,yugabyte-2026111-vanilla-os-xlarge-xlarge-aws-v2,1,ip-172-31-26-56,ranking,benchANT
2026-09-18 10:31:10+00:00,processes,total_threads,309,dbms,09-2026,yugabyte-2026111-vanilla-os-xlarge-xlarge-aws-v2,1,ip-172-31-26-56,ranking,benchANT
2026-09-18 10:31:20+00:00,processes,total_threads,300,dbms,09-2026,yugabyte-2026111-vanilla-os-xlarge-xlarge-aws-v2,1,ip-172-31-26-56,ranking,benchANT
2026-09-18 10:23:00+00:00,processes,unknown,0,dbms,09-2026,yugabyte-2026111-vanilla-os-xlarge-xlarge-aws-v2,1,ip-172-31-26-56,ranking,benchANT
2026-09-18 10:23:10+00:00,processes,unknown,0,dbms,09-2026,yugabyte-2026111-vanilla-os-xlarge-xlarge-aws-v2,1,ip-172-31-26-56,ranking,benchANT
2026-09-18 10:23:20+00:00,processes,unknown,0,dbms,09-2026,yugabyte-2026111-vanilla-os-xlarge-xlarge-aws-v2,1,ip-172-31-26-56,ranking,benchANT
2026-09-18 10:23:30+00:00,processes,unknown,0,dbms,09-2026,yugabyte-2026111-vanilla-os-xlarge-xlarge-aws-v2,1,ip-172-31-26-56,ranking,benchANT
2026-09-18 10:23:40+00:00,processes,unknown,0,dbms,09-2026,yugabyte-2026111-vanilla-os-xlarge-xlarge-aws-v2,1,ip-172-31-26-56,ranking,benchANT
2026-09-18 10:23:50+00:00,processes,unknown,0,dbms,09-2026,yugabyte-2026111-vanilla-os-xlarge-xlarge-aws-v2,1,ip-172-31-26-56,ranking,benchANT
2026-09-18 10:24:00+00:00,processes,unknown,0,dbms,09-2026,yugabyte-2026111-vanilla-os-xlarge-xlarge-aws-v2,1,ip-172-31-26-56,ranking,benchANT
2026-09-18 10:24:10+00:00,processes,unknown,0,dbms,09-2026,yugabyte-2026111-vanilla-os-xlarge-xlarge-aws-v2,1,ip-172-31-26-56,ranking,benchANT
2026-09-18 10:24:20+00:00,processes,unknown,0,dbms,09-2026,yugabyte-2026111-vanilla-os-xlarge-xlarge-aws-v2,1,ip-172-31-26-56,ranking,benchANT
2026-09-18 10:24:30+00:00,processes,unknown,0,dbms,09-2026,yugabyte-2026111-vanilla-os-xlarge-xlarge-aws-v2,1,ip-172-31-26-56,ranking,benchANT
2026-09-18 10:24:40+00:00,processes,unknown,0,dbms,09-2026,yugabyte-2026111-vanilla-os-xlarge-xlarge-aws-v2,1,ip-172-31-26-56,ranking,benchANT
2026-09-18 10:24:50+00:00,processes,unknown,0,dbms,09-2026,yugabyte-2026111-vanilla-os-xlarge-xlarge-aws-v2,1,ip-172-31-26-56,ranking,benchANT
2026-09-18 10:25:00+00:00,processes,unknown,0,dbms,09-2026,yugabyte-2026111-vanilla-os-xlarge-xlarge-aws-v2,1,ip-172-31-26-56,ranking,benchANT
2026-09-18 10:25:10+00:00,processes,unknown,0,dbms,09-2026,yugabyte-2026111-vanilla-os-xlarge-xlarge-aws-v2,1,ip-172-31-26-56,ranking,benchANT
2026-09-18 10:25:20+00:00,processes,unknown,0,dbms,09-2026,yugabyte-2026111-vanilla-os-xlarge-xlarge-aws-v2,1,ip-172-31-26-56,ranking,benchANT
2026-09-18 10:25:30+00:00,processes,unknown,0,dbms,09-2026,yugabyte-2026111-vanilla-os-xlarge-xlarge-aws-v2,1,ip-172-31-26-56,ranking,benchANT
2026-09-18 10:25:40+00:00,processes,unknown,0,dbms,09-2026,yugabyte-2026111-vanilla-os-xlarge-xlarge-aws-v2,1,ip-172-31-26-56,ranking,benchANT
2026-09-18 10:25:50+00:00,processes,unknown,0,dbms,09-2026,yugabyte-2026111-vanilla-os-xlarge-xlarge-aws-v2,1,ip-172-31-26-56,ranking,benchANT
2026-09-18 10:26:00+00:00,processes,unknown,0,dbms,09-2026,yugabyte-2026111-vanilla-os-xlarge-xlarge-aws-v2,1,ip-172-31-26-56,ranking,benchANT
2026-09-18 10:26:10+00:00,processes,unknown,0,dbms,09-2026,yugabyte-2026111-vanilla-os-xlarge-xlarge-aws-v2,1,ip-172-31-26-56,ranking,benchANT
2026-09-18 10:26:20+00:00,processes,unknown,0,dbms,09-2026,yugabyte-2026111-vanilla-os-xlarge-xlarge-aws-v2,1,ip-172-31-26-56,ranking,benchANT
2026-09-18 10:26:30+00:00,processes,unknown,0,dbms,09-2026,yugabyte-2026111-vanilla-os-xlarge-xlarge-aws-v2,1,ip-172-31-26-56,ranking,benchANT
2026-09-18 10:26:40+00:00,processes,unknown,0,dbms,09-2026,yugabyte-2026111-vanilla-os-xlarge-xlarge-aws-v2,1,ip-172-31-26-56,ranking,benchANT
2026-09-18 10:26:50+00:00,processes,unknown,0,dbms,09-2026,yugabyte-2026111-vanilla-os-xlarge-xlarge-aws-v2,1,ip-172-31-26-56,ranking,benchANT
2026-09-18 10:27:00+00:00,processes,unknown,0,dbms,09-2026,yugabyte-2026111-vanilla-os-xlarge-xlarge-aws-v2,1,ip-172-31-26-56,ranking,benchANT
2026-09-18 10:27:10+00:00,processes,unknown,0,dbms,09-2026,yugabyte-2026111-vanilla-os-xlarge-xlarge-aws-v2,1,ip-172-31-26-56,ranking,benchANT
2026-09-18 10:27:20+00:00,processes,unknown,0,dbms,09-2026,yugabyte-2026111-vanilla-os-xlarge-xlarge-aws-v2,1,ip-172-31-26-56,ranking,benchANT
2026-09-18 10:27:30+00:00,processes,unknown,0,dbms,09-2026,yugabyte-2026111-vanilla-os-xlarge-xlarge-aws-v2,1,ip-172-31-26-56,ranking,benchANT
2026-09-18 10:27:40+00:00,processes,unknown,0,dbms,09-2026,yugabyte-2026111-vanilla-os-xlarge-xlarge-aws-v2,1,ip-172-31-26-56,ranking,benchANT
2026-09-18 10:27:50+00:00,processes,unknown,0,dbms,09-2026,yugabyte-2026111-vanilla-os-xlarge-xlarge-aws-v2,1,ip-172-31-26-56,ranking,benchANT
2026-09-18 10:28:00+00:00,processes,unknown,0,dbms,09-2026,yugabyte-2026111-vanilla-os-xlarge-xlarge-aws-v2,1,ip-172-31-26-56,ranking,benchANT
2026-09-18 10:28:10+00:00,processes,unknown,0,dbms,09-2026,yugabyte-2026111-vanilla-os-xlarge-xlarge-aws-v2,1,ip-172-31-26-56,ranking,benchANT
2026-09-18 10:28:20+00:00,processes,unknown,0,dbms,09-2026,yugabyte-2026111-vanilla-os-xlarge-xlarge-aws-v2,1,ip-172-31-26-56,ranking,benchANT
2026-09-18 10:28:30+00:00,processes,unknown,0,dbms,09-2026,yugabyte-2026111-vanilla-os-xlarge-xlarge-aws-v2,1,ip-172-31-26-56,ranking,benchANT
2026-09-18 10:28:40+00:00,processes,unknown,0,dbms,09-2026,yugabyte-2026111-vanilla-os-xlarge-xlarge-aws-v2,1,ip-172-31-26-56,ranking,benchANT
2026-09-18 10:28:50+00:00,processes,unknown,0,dbms,09-2026,yugabyte-2026111-vanilla-os-xlarge-xlarge-aws-v2,1,ip-172-31-26-56,ranking,benchANT
2026-09-18 10:29:00+00:00,processes,unknown,0,dbms,09-2026,yugabyte-2026111-vanilla-os-xlarge-xlarge-aws-v2,1,ip-172-31-26-56,ranking,benchANT
2026-09-18 10:29:10+00:00,processes,unknown,0,dbms,09-2026,yugabyte-2026111-vanilla-os-xlarge-xlarge-aws-v2,1,ip-172-31-26-56,ranking,benchANT
2026-09-18 10:29:20+00:00,processes,unknown,0,dbms,09-2026,yugabyte-2026111-vanilla-os-xlarge-xlarge-aws-v2,1,ip-172-31-26-56,ranking,benchANT
2026-09-18 10:29:30+00:00,processes,unknown,0,dbms,09-2026,yugabyte-2026111-vanilla-os-xlarge-xlarge-aws-v2,1,ip-172-31-26-56,ranking,benchANT
2026-09-18 10:29:40+00:00,processes,unknown,0,dbms,09-2026,yugabyte-2026111-vanilla-os-xlarge-xlarge-aws-v2,1,ip-172-31-26-56,ranking,benchANT
2026-09-18 10:29:50+00:00,processes,unknown,0,dbms,09-2026,yugabyte-2026111-vanilla-os-xlarge-xlarge-aws-v2,1,ip-172-31-26-56,ranking,benchANT
2026-09-18 10:30:00+00:00,processes,unknown,0,dbms,09-2026,yugabyte-2026111-vanilla-os-xlarge-xlarge-aws-v2,1,ip-172-31-26-56,ranking,benchANT
2026-09-18 10:30:10+00:00,processes,unknown,0,dbms,09-2026,yugabyte-2026111-vanilla-os-xlarge-xlarge-aws-v2,1,ip-172-31-26-56,ranking,benchANT
2026-09-18 10:30:20+00:00,processes,unknown,0,dbms,09-2026,yugabyte-2026111-vanilla-os-xlarge-xlarge-aws-v2,1,ip-172-31-26-56,ranking,benchANT
2026-09-18 10:30:30+00:00,processes,unknown,0,dbms,09-2026,yugabyte-2026111-vanilla-os-xlarge-xlarge-aws-v2,1,ip-172-31-26-56,ranking,benchANT
2026-09-18 10:30:40+00:00,processes,unknown,0,dbms,09-2026,yugabyte-2026111-vanilla-os-xlarge-xlarge-aws-v2,1,ip-172-31-26-56,ranking,benchANT
2026-09-18 10:30:50+00:00,processes,unknown,0,dbms,09-2026,yugabyte-2026111-vanilla-os-xlarge-xlarge-aws-v2,1,ip-172-31-26-56,ranking,benchANT
2026-09-18 10:31:00+00:00,processes,unknown,0,dbms,09-2026,yugabyte-2026111-vanilla-os-xlarge-xlarge-aws-v2,1,ip-172-31-26-56,ranking,benchANT
2026-09-18 10:31:10+00:00,processes,unknown,0,dbms,09-2026,yugabyte-2026111-vanilla-os-xlarge-xlarge-aws-v2,1,ip-172-31-26-56,ranking,benchANT
2026-09-18 10:31:20+00:00,processes,unknown,0,dbms,09-2026,yugabyte-2026111-vanilla-os-xlarge-xlarge-aws-v2,1,ip-172-31-26-56,ranking,benchANT
2026-09-18 10:23:00+00:00,processes,zombies,0,dbms,09-2026,yugabyte-2026111-vanilla-os-xlarge-xlarge-aws-v2,1,ip-172-31-26-56,ranking,benchANT
2026-09-18 10:23:10+00:00,processes,zombies,0,dbms,09-2026,yugabyte-2026111-vanilla-os-xlarge-xlarge-aws-v2,1,ip-172-31-26-56,ranking,benchANT
2026-09-18 10:23:20+00:00,processes,zombies,0,dbms,09-2026,yugabyte-2026111-vanilla-os-xlarge-xlarge-aws-v2,1,ip-172-31-26-56,ranking,benchANT
2026-09-18 10:23:30+00:00,processes,zombies,0,dbms,09-2026,yugabyte-2026111-vanilla-os-xlarge-xlarge-aws-v2,1,ip-172-31-26-56,ranking,benchANT
2026-09-18 10:23:40+00:00,processes,zombies,0,dbms,09-2026,yugabyte-2026111-vanilla-os-xlarge-xlarge-aws-v2,1,ip-172-31-26-56,ranking,benchANT
2026-09-18 10:23:50+00:00,processes,zombies,0,dbms,09-2026,yugabyte-2026111-vanilla-os-xlarge-xlarge-aws-v2,1,ip-172-31-26-56,ranking,benchANT
2026-09-18 10:24:00+00:00,processes,zombies,0,dbms,09-2026,yugabyte-2026111-vanilla-os-xlarge-xlarge-aws-v2,1,ip-172-31-26-56,ranking,benchANT
2026-09-18 10:24:10+00:00,processes,zombies,0,dbms,09-2026,yugabyte-2026111-vanilla-os-xlarge-xlarge-aws-v2,1,ip-172-31-26-56,ranking,benchANT
2026-09-18 10:24:20+00:00,processes,zombies,0,dbms,09-2026,yugabyte-2026111-vanilla-os-xlarge-xlarge-aws-v2,1,ip-172-31-26-56,ranking,benchANT
2026-09-18 10:24:30+00:00,processes,zombies,0,dbms,09-2026,yugabyte-2026111-vanilla-os-xlarge-xlarge-aws-v2,1,ip-172-31-26-56,ranking,benchANT
2026-09-18 10:24:40+00:00,processes,zombies,0,dbms,09-2026,yugabyte-2026111-vanilla-os-xlarge-xlarge-aws-v2,1,ip-172-31-26-56,ranking,benchANT
2026-09-18 10:24:50+00:00,processes,zombies,0,dbms,09-2026,yugabyte-2026111-vanilla-os-xlarge-xlarge-aws-v2,1,ip-172-31-26-56,ranking,benchANT
2026-09-18 10:25:00+00:00,processes,zombies,0,dbms,09-2026,yugabyte-2026111-vanilla-os-xlarge-xlarge-aws-v2,1,ip-172-31-26-56,ranking,benchANT
2026-09-18 10:25:10+00:00,processes,zombies,0,dbms,09-2026,yugabyte-2026111-vanilla-os-xlarge-xlarge-aws-v2,1,ip-172-31-26-56,ranking,benchANT
2026-09-18 10:25:20+00:00,processes,zombies,0,dbms,09-2026,yugabyte-2026111-vanilla-os-xlarge-xlarge-aws-v2,1,ip-172-31-26-56,ranking,benchANT
2026-09-18 10:25:30+00:00,processes,zombies,0,dbms,09-2026,yugabyte-2026111-vanilla-os-xlarge-xlarge-aws-v2,1,ip-172-31-26-56,ranking,benchANT
2026-09-18 10:25:40+00:00,processes,zombies,0,dbms,09-2026,yugabyte-2026111-vanilla-os-xlarge-xlarge-aws-v2,1,ip-172-31-26-56,ranking,benchANT
2026-09-18 10:25:50+00:00,processes,zombies,0,dbms,09-2026,yugabyte-2026111-vanilla-os-xlarge-xlarge-aws-v2,1,ip-172-31-26-56,ranking,benchANT
2026-09-18 10:26:00+00:00,processes,zombies,0,dbms,09-2026,yugabyte-2026111-vanilla-os-xlarge-xlarge-aws-v2,1,ip-172-31-26-56,ranking,benchANT
2026-09-18 10:26:10+00:00,processes,zombies,0,dbms,09-2026,yugabyte-2026111-vanilla-os-xlarge-xlarge-aws-v2,1,ip-172-31-26-56,ranking,benchANT
2026-09-18 10:26:20+00:00,processes,zombies,0,dbms,09-2026,yugabyte-2026111-vanilla-os-xlarge-xlarge-aws-v2,1,ip-172-31-26-56,ranking,benchANT
2026-09-18 10:26:30+00:00,processes,zombies,0,dbms,09-2026,yugabyte-2026111-vanilla-os-xlarge-xlarge-aws-v2,1,ip-172-31-26-56,ranking,benchANT
2026-09-18 10:26:40+00:00,processes,zombies,0,dbms,09-2026,yugabyte-2026111-vanilla-os-xlarge-xlarge-aws-v2,1,ip-172-31-26-56,ranking,benchANT
2026-09-18 10:26:50+00:00,processes,zombies,0,dbms,09-2026,yugabyte-2026111-vanilla-os-xlarge-xlarge-aws-v2,1,ip-172-31-26-56,ranking,benchANT
2026-09-18 10:27:00+00:00,processes,zombies,0,dbms,09-2026,yugabyte-2026111-vanilla-os-xlarge-xlarge-aws-v2,1,ip-172-31-26-56,ranking,benchANT
2026-09-18 10:27:10+00:00,processes,zombies,0,dbms,09-2026,yugabyte-2026111-vanilla-os-xlarge-xlarge-aws-v2,1,ip-172-31-26-56,ranking,benchANT
2026-09-18 10:27:20+00:00,processes,zombies,0,dbms,09-2026,yugabyte-2026111-vanilla-os-xlarge-xlarge-aws-v2,1,ip-172-31-26-56,ranking,benchANT
2026-09-18 10:27:30+00:00,processes,zombies,0,dbms,09-2026,yugabyte-2026111-vanilla-os-xlarge-xlarge-aws-v2,1,ip-172-31-26-56,ranking,benchANT
2026-09-18 10:27:40+00:00,processes,zombies,0,dbms,09-2026,yugabyte-2026111-vanilla-os-xlarge-xlarge-aws-v2,1,ip-172-31-26-56,ranking,benchANT
2026-09-18 10:27:50+00:00,processes,zombies,0,dbms,09-2026,yugabyte-2026111-vanilla-os-xlarge-xlarge-aws-v2,1,ip-172-31-26-56,ranking,benchANT
2026-09-18 10:28:00+00:00,processes,zombies,0,dbms,09-2026,yugabyte-2026111-vanilla-os-xlarge-xlarge-aws-v2,1,ip-172-31-26-56,ranking,benchANT
2026-09-18 10:28:10+00:00,processes,zombies,0,dbms,09-2026,yugabyte-2026111-vanilla-os-xlarge-xlarge-aws-v2,1,ip-172-31-26-56,ranking,benchANT
2026-09-18 10:28:20+00:00,processes,zombies,0,dbms,09-2026,yugabyte-2026111-vanilla-os-xlarge-xlarge-aws-v2,1,ip-172-31-26-56,ranking,benchANT
2026-09-18 10:28:30+00:00,processes,zombies,0,dbms,09-2026,yugabyte-2026111-vanilla-os-xlarge-xlarge-aws-v2,1,ip-172-31-26-56,ranking,benchANT
2026-09-18 10:28:40+00:00,processes,zombies,0,dbms,09-2026,yugabyte-2026111-vanilla-os-xlarge-xlarge-aws-v2,1,ip-172-31-26-56,ranking,benchANT
2026-09-18 10:28:50+00:00,processes,zombies,0,dbms,09-2026,yugabyte-2026111-vanilla-os-xlarge-xlarge-aws-v2,1,ip-172-31-26-56,ranking,benchANT
2026-09-18 10:29:00+00:00,processes,zombies,0,dbms,09-2026,yugabyte-2026111-vanilla-os-xlarge-xlarge-aws-v2,1,ip-172-31-26-56,ranking,benchANT
2026-09-18 10:29:10+00:00,processes,zombies,0,dbms,09-2026,yugabyte-2026111-vanilla-os-xlarge-xlarge-aws-v2,1,ip-172-31-26-56,ranking,benchANT
2026-09-18 10:29:20+00:00,processes,zombies,0,dbms,09-2026,yugabyte-2026111-vanilla-os-xlarge-xlarge-aws-v2,1,ip-172-31-26-56,ranking,benchANT
2026-09-18 10:29:30+00:00,processes,zombies,0,dbms,09-2026,yugabyte-2026111-vanilla-os-xlarge-xlarge-aws-v2,1,ip-172-31-26-56,ranking,benchANT
2026-09-18 10:29:40+00:00,processes,zombies,0,dbms,09-2026,yugabyte-2026111-vanilla-os-xlarge-xlarge-aws-v2,1,ip-172-31-26-56,ranking,benchANT
2026-09-18 10:29:50+00:00,processes,zombies,0,dbms,09-2026,yugabyte-2026111-vanilla-os-xlarge-xlarge-aws-v2,1,ip-172-31-26-56,ranking,benchANT
2026-09-18 10:30:00+00:00,processes,zombies,0,dbms,09-2026,yugabyte-2026111-vanilla-os-xlarge-xlarge-aws-v2,1,ip-172-31-26-56,ranking,benchANT
2026-09-18 10:30:10+00:00,processes,zombies,0,dbms,09-2026,yugabyte-2026111-vanilla-os-xlarge-xlarge-aws-v2,1,ip-172-31-26-56,ranking,benchANT
2026-09-18 10:30:20+00:00,processes,zombies,0,dbms,09-2026,yugabyte-2026111-vanilla-os-xlarge-xlarge-aws-v2,1,ip-172-31-26-56,ranking,benchANT
2026-09-18 10:30:30+00:00,processes,zombies,0,dbms,09-2026,yugabyte-2026111-vanilla-os-xlarge-xlarge-aws-v2,1,ip-172-31-26-56,ranking,benchANT
2026-09-18 10:30:40+00:00,processes,zombies,0,dbms,09-2026,yugabyte-2026111-vanilla-os-xlarge-xlarge-aws-v2,1,ip-172-31-26-56,ranking,benchANT
2026-09-18 10:30:50+00:00,processes,zombies,0,dbms,09-2026,yugabyte-2026111-vanilla-os-xlarge-xlarge-aws-v2,1,ip-172-31-26-56,ranking,benchANT
2026-09-18 10:31:00+00:00,processes,zombies,0,dbms,09-2026,yugabyte-2026111-vanilla-os-xlarge-xlarge-aws-v2,1,ip-172-31-26-56,ranking,benchANT
2026-09-18 10:31:10+00:00,processes,zombies,0,dbms,09-2026,yugabyte-2026111-vanilla-os-xlarge-xlarge-aws-v2,1,ip-172-31-26-56,ranking,benchANT
2026-09-18 10:31:20+00:00,processes,zombies,0,dbms,09-2026,yugabyte-2026111-vanilla-os-xlarge-xlarge-aws-v2,1,ip-172-31-26-56,ranking,benchANT
2026-09-18 10:23:00+00:00,processes,blocked,0,dbms,09-2026,yugabyte-2026111-vanilla-os-xlarge-xlarge-aws-v2,1,ip-172-31-31-95,ranking,benchANT
2026-09-18 10:23:10+00:00,processes,blocked,0,dbms,09-2026,yugabyte-2026111-vanilla-os-xlarge-xlarge-aws-v2,1,ip-172-31-31-95,ranking,benchANT
2026-09-18 10:23:20+00:00,processes,blocked,0,dbms,09-2026,yugabyte-2026111-vanilla-os-xlarge-xlarge-aws-v2,1,ip-172-31-31-95,ranking,benchANT
2026-09-18 10:23:30+00:00,processes,blocked,0,dbms,09-2026,yugabyte-2026111-vanilla-os-xlarge-xlarge-aws-v2,1,ip-172-31-31-95,ranking,benchANT
2026-09-18 10:23:40+00:00,processes,blocked,0,dbms,09-2026,yugabyte-2026111-vanilla-os-xlarge-xlarge-aws-v2,1,ip-172-31-31-95,ranking,benchANT
2026-09-18 10:23:50+00:00,processes,blocked,0,dbms,09-2026,yugabyte-2026111-vanilla-os-xlarge-xlarge-aws-v2,1,ip-172-31-31-95,ranking,benchANT
2026-09-18 10:24:00+00:00,processes,blocked,0,dbms,09-2026,yugabyte-2026111-vanilla-os-xlarge-xlarge-aws-v2,1,ip-172-31-31-95,ranking,benchANT
2026-09-18 10:24:10+00:00,processes,blocked,0,dbms,09-2026,yugabyte-2026111-vanilla-os-xlarge-xlarge-aws-v2,1,ip-172-31-31-95,ranking,benchANT
2026-09-18 10:24:20+00:00,processes,blocked,2,dbms,09-2026,yugabyte-2026111-vanilla-os-xlarge-xlarge-aws-v2,1,ip-172-31-31-95,ranking,benchANT
2026-09-18 10:24:30+00:00,processes,blocked,1,dbms,09-2026,yugabyte-2026111-vanilla-os-xlarge-xlarge-aws-v2,1,ip-172-31-31-95,ranking,benchANT
2026-09-18 10:24:40+00:00,processes,blocked,0,dbms,09-2026,yugabyte-2026111-vanilla-os-xlarge-xlarge-aws-v2,1,ip-172-31-31-95,ranking,benchANT
2026-09-18 10:24:50+00:00,processes,blocked,0,dbms,09-2026,yugabyte-2026111-vanilla-os-xlarge-xlarge-aws-v2,1,ip-172-31-31-95,ranking,benchANT
2026-09-18 10:25:00+00:00,processes,blocked,0,dbms,09-2026,yugabyte-2026111-vanilla-os-xlarge-xlarge-aws-v2,1,ip-172-31-31-95,ranking,benchANT
2026-09-18 10:25:10+00:00,processes,blocked,0,dbms,09-2026,yugabyte-2026111-vanilla-os-xlarge-xlarge-aws-v2,1,ip-172-31-31-95,ranking,benchANT
2026-09-18 10:25:20+00:00,processes,blocked,0,dbms,09-2026,yugabyte-2026111-vanilla-os-xlarge-xlarge-aws-v2,1,ip-172-31-31-95,ranking,benchANT
2026-09-18 10:25:30+00:00,processes,blocked,0,dbms,09-2026,yugabyte-2026111-vanilla-os-xlarge-xlarge-aws-v2,1,ip-172-31-31-95,ranking,benchANT
2026-09-18 10:25:40+00:00,processes,blocked,0,dbms,09-2026,yugabyte-2026111-vanilla-os-xlarge-xlarge-aws-v2,1,ip-172-31-31-95,ranking,benchANT
2026-09-18 10:25:50+00:00,processes,blocked,0,dbms,09-2026,yugabyte-2026111-vanilla-os-xlarge-xlarge-aws-v2,1,ip-172-31-31-95,ranking,benchANT
2026-09-18 10:26:00+00:00,processes,blocked,0,dbms,09-2026,yugabyte-2026111-vanilla-os-xlarge-xlarge-aws-v2,1,ip-172-31-31-95,ranking,benchANT
2026-09-18 10:26:10+00:00,processes,blocked,0,dbms,09-2026,yugabyte-2026111-vanilla-os-xlarge-xlarge-aws-v2,1,ip-172-31-31-95,ranking,benchANT
2026-09-18 10:26:20+00:00,processes,blocked,0,dbms,09-2026,yugabyte-2026111-vanilla-os-xlarge-xlarge-aws-v2,1,ip-172-31-31-95,ranking,benchANT
2026-09-18 10:26:30+00:00,processes,blocked,0,dbms,09-2026,yugabyte-2026111-vanilla-os-xlarge-xlarge-aws-v2,1,ip-172-31-31-95,ranking,benchANT
2026-09-18 10:26:40+00:00,processes,blocked,0,dbms,09-2026,yugabyte-2026111-vanilla-os-xlarge-xlarge-aws-v2,1,ip-172-31-31-95,ranking,benchANT
2026-09-18 10:26:50+00:00,processes,blocked,0,dbms,09-2026,yugabyte-2026111-vanilla-os-xlarge-xlarge-aws-v2,1,ip-172-31-31-95,ranking,benchANT
2026-09-18 10:27:00+00:00,processes,blocked,0,dbms,09-2026,yugabyte-2026111-vanilla-os-xlarge-xlarge-aws-v2,1,ip-172-31-31-95,ranking,benchANT
2026-09-18 10:27:10+00:00,processes,blocked,0,dbms,09-2026,yugabyte-2026111-vanilla-os-xlarge-xlarge-aws-v2,1,ip-172-31-31-95,ranking,benchANT
2026-09-18 10:27:20+00:00,processes,blocked,0,dbms,09-2026,yugabyte-2026111-vanilla-os-xlarge-xlarge-aws-v2,1,ip-172-31-31-95,ranking,benchANT
2026-09-18 10:27:30+00:00,processes,blocked,0,dbms,09-2026,yugabyte-2026111-vanilla-os-xlarge-xlarge-aws-v2,1,ip-172-31-31-95,ranking,benchANT
2026-09-18 10:27:40+00:00,processes,blocked,0,dbms,09-2026,yugabyte-2026111-vanilla-os-xlarge-xlarge-aws-v2,1,ip-172-31-31-95,ranking,benchANT
2026-09-18 10:27:50+00:00,processes,blocked,0,dbms,09-2026,yugabyte-2026111-vanilla-os-xlarge-xlarge-aws-v2,1,ip-172-31-31-95,ranking,benchANT
2026-09-18 10:28:00+00:00,processes,blocked,0,dbms,09-2026,yugabyte-2026111-vanilla-os-xlarge-xlarge-aws-v2,1,ip-172-31-31-95,ranking,benchANT
2026-09-18 10:28:10+00:00,processes,blocked,0,dbms,09-2026,yugabyte-2026111-vanilla-os-xlarge-xlarge-aws-v2,1,ip-172-31-31-95,ranking,benchANT
2026-09-18 10:28:20+00:00,processes,blocked,0,dbms,09-2026,yugabyte-2026111-vanilla-os-xlarge-xlarge-aws-v2,1,ip-172-31-31-95,ranking,benchANT
2026-09-18 10:28:30+00:00,processes,blocked,0,dbms,09-2026,yugabyte-2026111-vanilla-os-xlarge-xlarge-aws-v2,1,ip-172-31-31-95,ranking,benchANT
2026-09-18 10:28:40+00:00,processes,blocked,0,dbms,09-2026,yugabyte-2026111-vanilla-os-xlarge-xlarge-aws-v2,1,ip-172-31-31-95,ranking,benchANT
2026-09-18 10:28:50+00:00,processes,blocked,0,dbms,09-2026,yugabyte-2026111-vanilla-os-xlarge-xlarge-aws-v2,1,ip-172-31-31-95,ranking,benchANT
2026-09-18 10:29:00+00:00,processes,blocked,1,dbms,09-2026,yugabyte-2026111-vanilla-os-xlarge-xlarge-aws-v2,1,ip-172-31-31-95,ranking,benchANT
2026-09-18 10:29:10+00:00,processes,blocked,0,dbms,09-2026,yugabyte-2026111-vanilla-os-xlarge-xlarge-aws-v2,1,ip-172-31-31-95,ranking,benchANT
2026-09-18 10:29:20+00:00,processes,blocked,2,dbms,09-2026,yugabyte-2026111-vanilla-os-xlarge-xlarge-aws-v2,1,ip-172-31-31-95,ranking,benchANT
2026-09-18 10:29:30+00:00,processes,blocked,1,dbms,09-2026,yugabyte-2026111-vanilla-os-xlarge-xlarge-aws-v2,1,ip-172-31-31-95,ranking,benchANT
2026-09-18 10:29:40+00:00,processes,blocked,0,dbms,09-2026,yugabyte-2026111-vanilla-os-xlarge-xlarge-aws-v2,1,ip-172-31-31-95,ranking,benchANT
2026-09-18 10:29:50+00:00,processes,blocked,0,dbms,09-2026,yugabyte-2026111-vanilla-os-xlarge-xlarge-aws-v2,1,ip-172-31-31-95,ranking,benchANT
2026-09-18 10:30:00+00:00,processes,blocked,0,dbms,09-2026,yugabyte-2026111-vanilla-os-xlarge-xlarge-aws-v2,1,ip-172-31-31-95,ranking,benchANT
2026-09-18 10:30:10+00:00,processes,blocked,0,dbms,09-2026,yugabyte-2026111-vanilla-os-xlarge-xlarge-aws-v2,1,ip-172-31-31-95,ranking,benchANT
2026-09-18 10:30:20+00:00,processes,blocked,0,dbms,09-2026,yugabyte-2026111-vanilla-os-xlarge-xlarge-aws-v2,1,ip-172-31-31-95,ranking,benchANT
2026-09-18 10:30:30+00:00,processes,blocked,0,dbms,09-2026,yugabyte-2026111-vanilla-os-xlarge-xlarge-aws-v2,1,ip-172-31-31-95,ranking,benchANT
2026-09-18 10:30:40+00:00,processes,blocked,0,dbms,09-2026,yugabyte-2026111-vanilla-os-xlarge-xlarge-aws-v2,1,ip-172-31-31-95,ranking,benchANT
2026-09-18 10:30:50+00:00,processes,blocked,0,dbms,09-2026,yugabyte-2026111-vanilla-os-xlarge-xlarge-aws-v2,1,ip-172-31-31-95,ranking,benchANT
2026-09-18 10:31:00+00:00,processes,blocked,0,dbms,09-2026,yugabyte-2026111-vanilla-os-xlarge-xlarge-aws-v2,1,ip-172-31-31-95,ranking,benchANT
2026-09-18 10:31:10+00:00,processes,blocked,0,dbms,09-2026,yugabyte-2026111-vanilla-os-xlarge-xlarge-aws-v2,1,ip-172-31-31-95,ranking,benchANT
2026-09-18 10:31:20+00:00,processes,blocked,0,dbms,09-2026,yugabyte-2026111-vanilla-os-xlarge-xlarge-aws-v2,1,ip-172-31-31-95,ranking,benchANT
2026-09-18 10:23:00+00:00,processes,dead,0,dbms,09-2026,yugabyte-2026111-vanilla-os-xlarge-xlarge-aws-v2,1,ip-172-31-31-95,ranking,benchANT
2026-09-18 10:23:10+00:00,processes,dead,0,dbms,09-2026,yugabyte-2026111-vanilla-os-xlarge-xlarge-aws-v2,1,ip-172-31-31-95,ranking,benchANT
2026-09-18 10:23:20+00:00,processes,dead,0,dbms,09-2026,yugabyte-2026111-vanilla-os-xlarge-xlarge-aws-v2,1,ip-172-31-31-95,ranking,benchANT
2026-09-18 10:23:30+00:00,processes,dead,0,dbms,09-2026,yugabyte-2026111-vanilla-os-xlarge-xlarge-aws-v2,1,ip-172-31-31-95,ranking,benchANT
2026-09-18 10:23:40+00:00,processes,dead,0,dbms,09-2026,yugabyte-2026111-vanilla-os-xlarge-xlarge-aws-v2,1,ip-172-31-31-95,ranking,benchANT
2026-09-18 10:23:50+00:00,processes,dead,0,dbms,09-2026,yugabyte-2026111-vanilla-os-xlarge-xlarge-aws-v2,1,ip-172-31-31-95,ranking,benchANT
2026-09-18 10:24:00+00:00,processes,dead,0,dbms,09-2026,yugabyte-2026111-vanilla-os-xlarge-xlarge-aws-v2,1,ip-172-31-31-95,ranking,benchANT
2026-09-18 10:24:10+00:00,processes,dead,0,dbms,09-2026,yugabyte-2026111-vanilla-os-xlarge-xlarge-aws-v2,1,ip-172-31-31-95,ranking,benchANT
2026-09-18 10:24:20+00:00,processes,dead,0,dbms,09-2026,yugabyte-2026111-vanilla-os-xlarge-xlarge-aws-v2,1,ip-172-31-31-95,ranking,benchANT
2026-09-18 10:24:30+00:00,processes,dead,0,dbms,09-2026,yugabyte-2026111-vanilla-os-xlarge-xlarge-aws-v2,1,ip-172-31-31-95,ranking,benchANT
2026-09-18 10:24:40+00:00,processes,dead,0,dbms,09-2026,yugabyte-2026111-vanilla-os-xlarge-xlarge-aws-v2,1,ip-172-31-31-95,ranking,benchANT
2026-09-18 10:24:50+00:00,processes,dead,0,dbms,09-2026,yugabyte-2026111-vanilla-os-xlarge-xlarge-aws-v2,1,ip-172-31-31-95,ranking,benchANT
2026-09-18 10:25:00+00:00,processes,dead,0,dbms,09-2026,yugabyte-2026111-vanilla-os-xlarge-xlarge-aws-v2,1,ip-172-31-31-95,ranking,benchANT
2026-09-18 10:25:10+00:00,processes,dead,0,dbms,09-2026,yugabyte-2026111-vanilla-os-xlarge-xlarge-aws-v2,1,ip-172-31-31-95,ranking,benchANT
2026-09-18 10:25:20+00:00,processes,dead,0,dbms,09-2026,yugabyte-2026111-vanilla-os-xlarge-xlarge-aws-v2,1,ip-172-31-31-95,ranking,benchANT
2026-09-18 10:25:30+00:00,processes,dead,0,dbms,09-2026,yugabyte-2026111-vanilla-os-xlarge-xlarge-aws-v2,1,ip-172-31-31-95,ranking,benchANT
2026-09-18 10:25:40+00:00,processes,dead,0,dbms,09-2026,yugabyte-2026111-vanilla-os-xlarge-xlarge-aws-v2,1,ip-172-31-31-95,ranking,benchANT
2026-09-18 10:25:50+00:00,processes,dead,0,dbms,09-2026,yugabyte-2026111-vanilla-os-xlarge-xlarge-aws-v2,1,ip-172-31-31-95,ranking,benchANT
2026-09-18 10:26:00+00:00,processes,dead,0,dbms,09-2026,yugabyte-2026111-vanilla-os-xlarge-xlarge-aws-v2,1,ip-172-31-31-95,ranking,benchANT
2026-09-18 10:26:10+00:00,processes,dead,0,dbms,09-2026,yugabyte-2026111-vanilla-os-xlarge-xlarge-aws-v2,1,ip-172-31-31-95,ranking,benchANT
2026-09-18 10:26:20+00:00,processes,dead,0,dbms,09-2026,yugabyte-2026111-vanilla-os-xlarge-xlarge-aws-v2,1,ip-172-31-31-95,ranking,benchANT
2026-09-18 10:26:30+00:00,processes,dead,0,dbms,09-2026,yugabyte-2026111-vanilla-os-xlarge-xlarge-aws-v2,1,ip-172-31-31-95,ranking,benchANT
2026-09-18 10:26:40+00:00,processes,dead,0,dbms,09-2026,yugabyte-2026111-vanilla-os-xlarge-xlarge-aws-v2,1,ip-172-31-31-95,ranking,benchANT
2026-09-18 10:26:50+00:00,processes,dead,0,dbms,09-2026,yugabyte-2026111-vanilla-os-xlarge-xlarge-aws-v2,1,ip-172-31-31-95,ranking,benchANT
2026-09-18 10:27:00+00:00,processes,dead,0,dbms,09-2026,yugabyte-2026111-vanilla-os-xlarge-xlarge-aws-v2,1,ip-172-31-31-95,ranking,benchANT
2026-09-18 10:27:10+00:00,processes,dead,0,dbms,09-2026,yugabyte-2026111-vanilla-os-xlarge-xlarge-aws-v2,1,ip-172-31-31-95,ranking,benchANT
2026-09-18 10:27:20+00:00,processes,dead,0,dbms,09-2026,yugabyte-2026111-vanilla-os-xlarge-xlarge-aws-v2,1,ip-172-31-31-95,ranking,benchANT
2026-09-18 10:27:30+00:00,processes,dead,0,dbms,09-2026,yugabyte-2026111-vanilla-os-xlarge-xlarge-aws-v2,1,ip-172-31-31-95,ranking,benchANT
2026-09-18 10:27:40+00:00,processes,dead,0,dbms,09-2026,yugabyte-2026111-vanilla-os-xlarge-xlarge-aws-v2,1,ip-172-31-31-95,ranking,benchANT
2026-09-18 10:27:50+00:00,processes,dead,0,dbms,09-2026,yugabyte-2026111-vanilla-os-xlarge-xlarge-aws-v2,1,ip-172-31-31-95,ranking,benchANT
2026-09-18 10:28:00+00:00,processes,dead,0,dbms,09-2026,yugabyte-2026111-vanilla-os-xlarge-xlarge-aws-v2,1,ip-172-31-31-95,ranking,benchANT
2026-09-18 10:28:10+00:00,processes,dead,0,dbms,09-2026,yugabyte-2026111-vanilla-os-xlarge-xlarge-aws-v2,1,ip-172-31-31-95,ranking,benchANT
2026-09-18 10:28:20+00:00,processes,dead,0,dbms,09-2026,yugabyte-2026111-vanilla-os-xlarge-xlarge-aws-v2,1,ip-172-31-31-95,ranking,benchANT
2026-09-18 10:28:30+00:00,processes,dead,0,dbms,09-2026,yugabyte-2026111-vanilla-os-xlarge-xlarge-aws-v2,1,ip-172-31-31-95,ranking,benchANT
2026-09-18 10:28:40+00:00,processes,dead,0,dbms,09-2026,yugabyte-2026111-vanilla-os-xlarge-xlarge-aws-v2,1,ip-172-31-31-95,ranking,benchANT
2026-09-18 10:28:50+00:00,processes,dead,0,dbms,09-2026,yugabyte-2026111-vanilla-os-xlarge-xlarge-aws-v2,1,ip-172-31-31-95,ranking,benchANT
2026-09-18 10:29:00+00:00,processes,dead,0,dbms,09-2026,yugabyte-2026111-vanilla-os-xlarge-xlarge-aws-v2,1,ip-172-31-31-95,ranking,benchANT
2026-09-18 10:29:10+00:00,processes,dead,0,dbms,09-2026,yugabyte-2026111-vanilla-os-xlarge-xlarge-aws-v2,1,ip-172-31-31-95,ranking,benchANT
2026-09-18 10:29:20+00:00,processes,dead,0,dbms,09-2026,yugabyte-2026111-vanilla-os-xlarge-xlarge-aws-v2,1,ip-172-31-31-95,ranking,benchANT
2026-09-18 10:29:30+00:00,processes,dead,0,dbms,09-2026,yugabyte-2026111-vanilla-os-xlarge-xlarge-aws-v2,1,ip-172-31-31-95,ranking,benchANT
2026-09-18 10:29:40+00:00,processes,dead,0,dbms,09-2026,yugabyte-2026111-vanilla-os-xlarge-xlarge-aws-v2,1,ip-172-31-31-95,ranking,benchANT
2026-09-18 10:29:50+00:00,processes,dead,0,dbms,09-2026,yugabyte-2026111-vanilla-os-xlarge-xlarge-aws-v2,1,ip-172-31-31-95,ranking,benchANT
2026-09-18 10:30:00+00:00,processes,dead,0,dbms,09-2026,yugabyte-2026111-vanilla-os-xlarge-xlarge-aws-v2,1,ip-172-31-31-95,ranking,benchANT
2026-09-18 10:30:10+00:00,processes,dead,0,dbms,09-2026,yugabyte-2026111-vanilla-os-xlarge-xlarge-aws-v2,1,ip-172-31-31-95,ranking,benchANT
2026-09-18 10:30:20+00:00,processes,dead,0,dbms,09-2026,yugabyte-2026111-vanilla-os-xlarge-xlarge-aws-v2,1,ip-172-31-31-95,ranking,benchANT
2026-09-18 10:30:30+00:00,processes,dead,0,dbms,09-2026,yugabyte-2026111-vanilla-os-xlarge-xlarge-aws-v2,1,ip-172-31-31-95,ranking,benchANT
2026-09-18 10:30:40+00:00,processes,dead,0,dbms,09-2026,yugabyte-2026111-vanilla-os-xlarge-xlarge-aws-v2,1,ip-172-31-31-95,ranking,benchANT
2026-09-18 10:30:50+00:00,processes,dead,0,dbms,09-2026,yugabyte-2026111-vanilla-os-xlarge-xlarge-aws-v2,1,ip-172-31-31-95,ranking,benchANT
2026-09-18 10:31:00+00:00,processes,dead,0,dbms,09-2026,yugabyte-2026111-vanilla-os-xlarge-xlarge-aws-v2,1,ip-172-31-31-95,ranking,benchANT
2026-09-18 10:31:10+00:00,processes,dead,0,dbms,09-2026,yugabyte-2026111-vanilla-os-xlarge-xlarge-aws-v2,1,ip-172-31-31-95,ranking,benchANT
2026-09-18 10:31:20+00:00,processes,dead,0,dbms,09-2026,yugabyte-2026111-vanilla-os-xlarge-xlarge-aws-v2,1,ip-172-31-31-95,ranking,benchANT
2026-09-18 10:23:00+00:00,processes,idle,78,dbms,09-2026,yugabyte-2026111-vanilla-os-xlarge-xlarge-aws-v2,1,ip-172-31-31-95,ranking,benchANT
2026-09-18 10:23:10+00:00,processes,idle,78,dbms,09-2026,yugabyte-2026111-vanilla-os-xlarge-xlarge-aws-v2,1,ip-172-31-31-95,ranking,benchANT
2026-09-18 10:23:20+00:00,processes,idle,78,dbms,09-2026,yugabyte-2026111-vanilla-os-xlarge-xlarge-aws-v2,1,ip-172-31-31-95,ranking,benchANT
2026-09-18 10:23:30+00:00,processes,idle,78,dbms,09-2026,yugabyte-2026111-vanilla-os-xlarge-xlarge-aws-v2,1,ip-172-31-31-95,ranking,benchANT
2026-09-18 10:23:40+00:00,processes,idle,78,dbms,09-2026,yugabyte-2026111-vanilla-os-xlarge-xlarge-aws-v2,1,ip-172-31-31-95,ranking,benchANT
2026-09-18 10:23:50+00:00,processes,idle,78,dbms,09-2026,yugabyte-2026111-vanilla-os-xlarge-xlarge-aws-v2,1,ip-172-31-31-95,ranking,benchANT
2026-09-18 10:24:00+00:00,processes,idle,78,dbms,09-2026,yugabyte-2026111-vanilla-os-xlarge-xlarge-aws-v2,1,ip-172-31-31-95,ranking,benchANT
2026-09-18 10:24:10+00:00,processes,idle,78,dbms,09-2026,yugabyte-2026111-vanilla-os-xlarge-xlarge-aws-v2,1,ip-172-31-31-95,ranking,benchANT
2026-09-18 10:24:20+00:00,processes,idle,77,dbms,09-2026,yugabyte-2026111-vanilla-os-xlarge-xlarge-aws-v2,1,ip-172-31-31-95,ranking,benchANT
2026-09-18 10:24:30+00:00,processes,idle,78,dbms,09-2026,yugabyte-2026111-vanilla-os-xlarge-xlarge-aws-v2,1,ip-172-31-31-95,ranking,benchANT
2026-09-18 10:24:40+00:00,processes,idle,78,dbms,09-2026,yugabyte-2026111-vanilla-os-xlarge-xlarge-aws-v2,1,ip-172-31-31-95,ranking,benchANT
2026-09-18 10:24:50+00:00,processes,idle,78,dbms,09-2026,yugabyte-2026111-vanilla-os-xlarge-xlarge-aws-v2,1,ip-172-31-31-95,ranking,benchANT
2026-09-18 10:25:00+00:00,processes,idle,78,dbms,09-2026,yugabyte-2026111-vanilla-os-xlarge-xlarge-aws-v2,1,ip-172-31-31-95,ranking,benchANT
2026-09-18 10:25:10+00:00,processes,idle,77,dbms,09-2026,yugabyte-2026111-vanilla-os-xlarge-xlarge-aws-v2,1,ip-172-31-31-95,ranking,benchANT
2026-09-18 10:25:20+00:00,processes,idle,77,dbms,09-2026,yugabyte-2026111-vanilla-os-xlarge-xlarge-aws-v2,1,ip-172-31-31-95,ranking,benchANT
2026-09-18 10:25:30+00:00,processes,idle,77,dbms,09-2026,yugabyte-2026111-vanilla-os-xlarge-xlarge-aws-v2,1,ip-172-31-31-95,ranking,benchANT
2026-09-18 10:25:40+00:00,processes,idle,77,dbms,09-2026,yugabyte-2026111-vanilla-os-xlarge-xlarge-aws-v2,1,ip-172-31-31-95,ranking,benchANT
2026-09-18 10:25:50+00:00,processes,idle,77,dbms,09-2026,yugabyte-2026111-vanilla-os-xlarge-xlarge-aws-v2,1,ip-172-31-31-95,ranking,benchANT
2026-09-18 10:26:00+00:00,processes,idle,77,dbms,09-2026,yugabyte-2026111-vanilla-os-xlarge-xlarge-aws-v2,1,ip-172-31-31-95,ranking,benchANT
2026-09-18 10:26:10+00:00,processes,idle,77,dbms,09-2026,yugabyte-2026111-vanilla-os-xlarge-xlarge-aws-v2,1,ip-172-31-31-95,ranking,benchANT
2026-09-18 10:26:20+00:00,processes,idle,77,dbms,09-2026,yugabyte-2026111-vanilla-os-xlarge-xlarge-aws-v2,1,ip-172-31-31-95,ranking,benchANT
2026-09-18 10:26:30+00:00,processes,idle,77,dbms,09-2026,yugabyte-2026111-vanilla-os-xlarge-xlarge-aws-v2,1,ip-172-31-31-95,ranking,benchANT
2026-09-18 10:26:40+00:00,processes,idle,77,dbms,09-2026,yugabyte-2026111-vanilla-os-xlarge-xlarge-aws-v2,1,ip-172-31-31-95,ranking,benchANT
2026-09-18 10:26:50+00:00,processes,idle,78,dbms,09-2026,yugabyte-2026111-vanilla-os-xlarge-xlarge-aws-v2,1,ip-172-31-31-95,ranking,benchANT
2026-09-18 10:27:00+00:00,processes,idle,78,dbms,09-2026,yugabyte-2026111-vanilla-os-xlarge-xlarge-aws-v2,1,ip-172-31-31-95,ranking,benchANT
2026-09-18 10:27:10+00:00,processes,idle,78,dbms,09-2026,yugabyte-2026111-vanilla-os-xlarge-xlarge-aws-v2,1,ip-172-31-31-95,ranking,benchANT
2026-09-18 10:27:20+00:00,processes,idle,78,dbms,09-2026,yugabyte-2026111-vanilla-os-xlarge-xlarge-aws-v2,1,ip-172-31-31-95,ranking,benchANT
2026-09-18 10:27:30+00:00,processes,idle,78,dbms,09-2026,yugabyte-2026111-vanilla-os-xlarge-xlarge-aws-v2,1,ip-172-31-31-95,ranking,benchANT
2026-09-18 10:27:40+00:00,processes,idle,78,dbms,09-2026,yugabyte-2026111-vanilla-os-xlarge-xlarge-aws-v2,1,ip-172-31-31-95,ranking,benchANT
2026-09-18 10:27:50+00:00,processes,idle,78,dbms,09-2026,yugabyte-2026111-vanilla-os-xlarge-xlarge-aws-v2,1,ip-172-31-31-95,ranking,benchANT
2026-09-18 10:28:00+00:00,processes,idle,78,dbms,09-2026,yugabyte-2026111-vanilla-os-xlarge-xlarge-aws-v2,1,ip-172-31-31-95,ranking,benchANT
2026-09-18 10:28:10+00:00,processes,idle,78,dbms,09-2026,yugabyte-2026111-vanilla-os-xlarge-xlarge-aws-v2,1,ip-172-31-31-95,ranking,benchANT
2026-09-18 10:28:20+00:00,processes,idle,78,dbms,09-2026,yugabyte-2026111-vanilla-os-xlarge-xlarge-aws-v2,1,ip-172-31-31-95,ranking,benchANT
2026-09-18 10:28:30+00:00,processes,idle,78,dbms,09-2026,yugabyte-2026111-vanilla-os-xlarge-xlarge-aws-v2,1,ip-172-31-31-95,ranking,benchANT
2026-09-18 10:28:40+00:00,processes,idle,78,dbms,09-2026,yugabyte-2026111-vanilla-os-xlarge-xlarge-aws-v2,1,ip-172-31-31-95,ranking,benchANT
2026-09-18 10:28:50+00:00,processes,idle,78,dbms,09-2026,yugabyte-2026111-vanilla-os-xlarge-xlarge-aws-v2,1,ip-172-31-31-95,ranking,benchANT
2026-09-18 10:29:00+00:00,processes,idle,78,dbms,09-2026,yugabyte-2026111-vanilla-os-xlarge-xlarge-aws-v2,1,ip-172-31-31-95,ranking,benchANT
2026-09-18 10:29:10+00:00,processes,idle,78,dbms,09-2026,yugabyte-2026111-vanilla-os-xlarge-xlarge-aws-v2,1,ip-172-31-31-95,ranking,benchANT
2026-09-18 10:29:20+00:00,processes,idle,77,dbms,09-2026,yugabyte-2026111-vanilla-os-xlarge-xlarge-aws-v2,1,ip-172-31-31-95,ranking,benchANT
2026-09-18 10:29:30+00:00,processes,idle,77,dbms,09-2026,yugabyte-2026111-vanilla-os-xlarge-xlarge-aws-v2,1,ip-172-31-31-95,ranking,benchANT
2026-09-18 10:29:40+00:00,processes,idle,78,dbms,09-2026,yugabyte-2026111-vanilla-os-xlarge-xlarge-aws-v2,1,ip-172-31-31-95,ranking,benchANT
2026-09-18 10:29:50+00:00,processes,idle,78,dbms,09-2026,yugabyte-2026111-vanilla-os-xlarge-xlarge-aws-v2,1,ip-172-31-31-95,ranking,benchANT
2026-09-18 10:30:00+00:00,processes,idle,78,dbms,09-2026,yugabyte-2026111-vanilla-os-xlarge-xlarge-aws-v2,1,ip-172-31-31-95,ranking,benchANT
2026-09-18 10:30:10+00:00,processes,idle,79,dbms,09-2026,yugabyte-2026111-vanilla-os-xlarge-xlarge-aws-v2,1,ip-172-31-31-95,ranking,benchANT
2026-09-18 10:30:20+00:00,processes,idle,79,dbms,09-2026,yugabyte-2026111-vanilla-os-xlarge-xlarge-aws-v2,1,ip-172-31-31-95,ranking,benchANT
2026-09-18 10:30:30+00:00,processes,idle,79,dbms,09-2026,yugabyte-2026111-vanilla-os-xlarge-xlarge-aws-v2,1,ip-172-31-31-95,ranking,benchANT
2026-09-18 10:30:40+00:00,processes,idle,79,dbms,09-2026,yugabyte-2026111-vanilla-os-xlarge-xlarge-aws-v2,1,ip-172-31-31-95,ranking,benchANT
2026-09-18 10:30:50+00:00,processes,idle,79,dbms,09-2026,yugabyte-2026111-vanilla-os-xlarge-xlarge-aws-v2,1,ip-172-31-31-95,ranking,benchANT
2026-09-18 10:31:00+00:00,processes,idle,79,dbms,09-2026,yugabyte-2026111-vanilla-os-xlarge-xlarge-aws-v2,1,ip-172-31-31-95,ranking,benchANT
2026-09-18 10:31:10+00:00,processes,idle,79,dbms,09-2026,yugabyte-2026111-vanilla-os-xlarge-xlarge-aws-v2,1,ip-172-31-31-95,ranking,benchANT
2026-09-18 10:31:20+00:00,processes,idle,79,dbms,09-2026,yugabyte-2026111-vanilla-os-xlarge-xlarge-aws-v2,1,ip-172-31-31-95,ranking,benchANT
2026-09-18 10:23:00+00:00,processes,paging,0,dbms,09-2026,yugabyte-2026111-vanilla-os-xlarge-xlarge-aws-v2,1,ip-172-31-31-95,ranking,benchANT
2026-09-18 10:23:10+00:00,processes,paging,0,dbms,09-2026,yugabyte-2026111-vanilla-os-xlarge-xlarge-aws-v2,1,ip-172-31-31-95,ranking,benchANT
2026-09-18 10:23:20+00:00,processes,paging,0,dbms,09-2026,yugabyte-2026111-vanilla-os-xlarge-xlarge-aws-v2,1,ip-172-31-31-95,ranking,benchANT
2026-09-18 10:23:30+00:00,processes,paging,0,dbms,09-2026,yugabyte-2026111-vanilla-os-xlarge-xlarge-aws-v2,1,ip-172-31-31-95,ranking,benchANT
2026-09-18 10:23:40+00:00,processes,paging,0,dbms,09-2026,yugabyte-2026111-vanilla-os-xlarge-xlarge-aws-v2,1,ip-172-31-31-95,ranking,benchANT
2026-09-18 10:23:50+00:00,processes,paging,0,dbms,09-2026,yugabyte-2026111-vanilla-os-xlarge-xlarge-aws-v2,1,ip-172-31-31-95,ranking,benchANT
2026-09-18 10:24:00+00:00,processes,paging,0,dbms,09-2026,yugabyte-2026111-vanilla-os-xlarge-xlarge-aws-v2,1,ip-172-31-31-95,ranking,benchANT
2026-09-18 10:24:10+00:00,processes,paging,0,dbms,09-2026,yugabyte-2026111-vanilla-os-xlarge-xlarge-aws-v2,1,ip-172-31-31-95,ranking,benchANT
2026-09-18 10:24:20+00:00,processes,paging,0,dbms,09-2026,yugabyte-2026111-vanilla-os-xlarge-xlarge-aws-v2,1,ip-172-31-31-95,ranking,benchANT
2026-09-18 10:24:30+00:00,processes,paging,0,dbms,09-2026,yugabyte-2026111-vanilla-os-xlarge-xlarge-aws-v2,1,ip-172-31-31-95,ranking,benchANT
2026-09-18 10:24:40+00:00,processes,paging,0,dbms,09-2026,yugabyte-2026111-vanilla-os-xlarge-xlarge-aws-v2,1,ip-172-31-31-95,ranking,benchANT
2026-09-18 10:24:50+00:00,processes,paging,0,dbms,09-2026,yugabyte-2026111-vanilla-os-xlarge-xlarge-aws-v2,1,ip-172-31-31-95,ranking,benchANT
2026-09-18 10:25:00+00:00,processes,paging,0,dbms,09-2026,yugabyte-2026111-vanilla-os-xlarge-xlarge-aws-v2,1,ip-172-31-31-95,ranking,benchANT
2026-09-18 10:25:10+00:00,processes,paging,0,dbms,09-2026,yugabyte-2026111-vanilla-os-xlarge-xlarge-aws-v2,1,ip-172-31-31-95,ranking,benchANT
2026-09-18 10:25:20+00:00,processes,paging,0,dbms,09-2026,yugabyte-2026111-vanilla-os-xlarge-xlarge-aws-v2,1,ip-172-31-31-95,ranking,benchANT
2026-09-18 10:25:30+00:00,processes,paging,0,dbms,09-2026,yugabyte-2026111-vanilla-os-xlarge-xlarge-aws-v2,1,ip-172-31-31-95,ranking,benchANT
2026-09-18 10:25:40+00:00,processes,paging,0,dbms,09-2026,yugabyte-2026111-vanilla-os-xlarge-xlarge-aws-v2,1,ip-172-31-31-95,ranking,benchANT
2026-09-18 10:25:50+00:00,processes,paging,0,dbms,09-2026,yugabyte-2026111-vanilla-os-xlarge-xlarge-aws-v2,1,ip-172-31-31-95,ranking,benchANT
2026-09-18 10:26:00+00:00,processes,paging,0,dbms,09-2026,yugabyte-2026111-vanilla-os-xlarge-xlarge-aws-v2,1,ip-172-31-31-95,ranking,benchANT
2026-09-18 10:26:10+00:00,processes,paging,0,dbms,09-2026,yugabyte-2026111-vanilla-os-xlarge-xlarge-aws-v2,1,ip-172-31-31-95,ranking,benchANT
2026-09-18 10:26:20+00:00,processes,paging,0,dbms,09-2026,yugabyte-2026111-vanilla-os-xlarge-xlarge-aws-v2,1,ip-172-31-31-95,ranking,benchANT
2026-09-18 10:26:30+00:00,processes,paging,0,dbms,09-2026,yugabyte-2026111-vanilla-os-xlarge-xlarge-aws-v2,1,ip-172-31-31-95,ranking,benchANT
2026-09-18 10:26:40+00:00,processes,paging,0,dbms,09-2026,yugabyte-2026111-vanilla-os-xlarge-xlarge-aws-v2,1,ip-172-31-31-95,ranking,benchANT
2026-09-18 10:26:50+00:00,processes,paging,0,dbms,09-2026,yugabyte-2026111-vanilla-os-xlarge-xlarge-aws-v2,1,ip-172-31-31-95,ranking,benchANT
2026-09-18 10:27:00+00:00,processes,paging,0,dbms,09-2026,yugabyte-2026111-vanilla-os-xlarge-xlarge-aws-v2,1,ip-172-31-31-95,ranking,benchANT
2026-09-18 10:27:10+00:00,processes,paging,0,dbms,09-2026,yugabyte-2026111-vanilla-os-xlarge-xlarge-aws-v2,1,ip-172-31-31-95,ranking,benchANT
2026-09-18 10:27:20+00:00,processes,paging,0,dbms,09-2026,yugabyte-2026111-vanilla-os-xlarge-xlarge-aws-v2,1,ip-172-31-31-95,ranking,benchANT
2026-09-18 10:27:30+00:00,processes,paging,0,dbms,09-2026,yugabyte-2026111-vanilla-os-xlarge-xlarge-aws-v2,1,ip-172-31-31-95,ranking,benchANT
2026-09-18 10:27:40+00:00,processes,paging,0,dbms,09-2026,yugabyte-2026111-vanilla-os-xlarge-xlarge-aws-v2,1,ip-172-31-31-95,ranking,benchANT
2026-09-18 10:27:50+00:00,processes,paging,0,dbms,09-2026,yugabyte-2026111-vanilla-os-xlarge-xlarge-aws-v2,1,ip-172-31-31-95,ranking,benchANT
2026-09-18 10:28:00+00:00,processes,paging,0,dbms,09-2026,yugabyte-2026111-vanilla-os-xlarge-xlarge-aws-v2,1,ip-172-31-31-95,ranking,benchANT
2026-09-18 10:28:10+00:00,processes,paging,0,dbms,09-2026,yugabyte-2026111-vanilla-os-xlarge-xlarge-aws-v2,1,ip-172-31-31-95,ranking,benchANT
2026-09-18 10:28:20+00:00,processes,paging,0,dbms,09-2026,yugabyte-2026111-vanilla-os-xlarge-xlarge-aws-v2,1,ip-172-31-31-95,ranking,benchANT
2026-09-18 10:28:30+00:00,processes,paging,0,dbms,09-2026,yugabyte-2026111-vanilla-os-xlarge-xlarge-aws-v2,1,ip-172-31-31-95,ranking,benchANT
2026-09-18 10:28:40+00:00,processes,paging,0,dbms,09-2026,yugabyte-2026111-vanilla-os-xlarge-xlarge-aws-v2,1,ip-172-31-31-95,ranking,benchANT
2026-09-18 10:28:50+00:00,processes,paging,0,dbms,09-2026,yugabyte-2026111-vanilla-os-xlarge-xlarge-aws-v2,1,ip-172-31-31-95,ranking,benchANT
2026-09-18 10:29:00+00:00,processes,paging,0,dbms,09-2026,yugabyte-2026111-vanilla-os-xlarge-xlarge-aws-v2,1,ip-172-31-31-95,ranking,benchANT
2026-09-18 10:29:10+00:00,processes,paging,0,dbms,09-2026,yugabyte-2026111-vanilla-os-xlarge-xlarge-aws-v2,1,ip-172-31-31-95,ranking,benchANT
2026-09-18 10:29:20+00:00,processes,paging,0,dbms,09-2026,yugabyte-2026111-vanilla-os-xlarge-xlarge-aws-v2,1,ip-172-31-31-95,ranking,benchANT
2026-09-18 10:29:30+00:00,processes,paging,0,dbms,09-2026,yugabyte-2026111-vanilla-os-xlarge-xlarge-aws-v2,1,ip-172-31-31-95,ranking,benchANT
2026-09-18 10:29:40+00:00,processes,paging,0,dbms,09-2026,yugabyte-2026111-vanilla-os-xlarge-xlarge-aws-v2,1,ip-172-31-31-95,ranking,benchANT
2026-09-18 10:29:50+00:00,processes,paging,0,dbms,09-2026,yugabyte-2026111-vanilla-os-xlarge-xlarge-aws-v2,1,ip-172-31-31-95,ranking,benchANT
2026-09-18 10:30:00+00:00,processes,paging,0,dbms,09-2026,yugabyte-2026111-vanilla-os-xlarge-xlarge-aws-v2,1,ip-172-31-31-95,ranking,benchANT
2026-09-18 10:30:10+00:00,processes,paging,0,dbms,09-2026,yugabyte-2026111-vanilla-os-xlarge-xlarge-aws-v2,1,ip-172-31-31-95,ranking,benchANT
2026-09-18 10:30:20+00:00,processes,paging,0,dbms,09-2026,yugabyte-2026111-vanilla-os-xlarge-xlarge-aws-v2,1,ip-172-31-31-95,ranking,benchANT
2026-09-18 10:30:30+00:00,processes,paging,0,dbms,09-2026,yugabyte-2026111-vanilla-os-xlarge-xlarge-aws-v2,1,ip-172-31-31-95,ranking,benchANT
2026-09-18 10:30:40+00:00,processes,paging,0,dbms,09-2026,yugabyte-2026111-vanilla-os-xlarge-xlarge-aws-v2,1,ip-172-31-31-95,ranking,benchANT
2026-09-18 10:30:50+00:00,processes,paging,0,dbms,09-2026,yugabyte-2026111-vanilla-os-xlarge-xlarge-aws-v2,1,ip-172-31-31-95,ranking,benchANT
2026-09-18 10:31:00+00:00,processes,paging,0,dbms,09-2026,yugabyte-2026111-vanilla-os-xlarge-xlarge-aws-v2,1,ip-172-31-31-95,ranking,benchANT
2026-09-18 10:31:10+00:00,processes,paging,0,dbms,09-2026,yugabyte-2026111-vanilla-os-xlarge-xlarge-aws-v2,1,ip-172-31-31-95,ranking,benchANT
2026-09-18 10:31:20+00:00,processes,paging,0,dbms,09-2026,yugabyte-2026111-vanilla-os-xlarge-xlarge-aws-v2,1,ip-172-31-31-95,ranking,benchANT
2026-09-18 10:23:00+00:00,processes,running,3,dbms,09-2026,yugabyte-2026111-vanilla-os-xlarge-xlarge-aws-v2,1,ip-172-31-31-95,ranking,benchANT
2026-09-18 10:23:10+00:00,processes,running,6,dbms,09-2026,yugabyte-2026111-vanilla-os-xlarge-xlarge-aws-v2,1,ip-172-31-31-95,ranking,benchANT
2026-09-18 10:23:20+00:00,processes,running,4,dbms,09-2026,yugabyte-2026111-vanilla-os-xlarge-xlarge-aws-v2,1,ip-172-31-31-95,ranking,benchANT
2026-09-18 10:23:30+00:00,processes,running,5,dbms,09-2026,yugabyte-2026111-vanilla-os-xlarge-xlarge-aws-v2,1,ip-172-31-31-95,ranking,benchANT
2026-09-18 10:23:40+00:00,processes,running,6,dbms,09-2026,yugabyte-2026111-vanilla-os-xlarge-xlarge-aws-v2,1,ip-172-31-31-95,ranking,benchANT
2026-09-18 10:23:50+00:00,processes,running,4,dbms,09-2026,yugabyte-2026111-vanilla-os-xlarge-xlarge-aws-v2,1,ip-172-31-31-95,ranking,benchANT
2026-09-18 10:24:00+00:00,processes,running,6,dbms,09-2026,yugabyte-2026111-vanilla-os-xlarge-xlarge-aws-v2,1,ip-172-31-31-95,ranking,benchANT
2026-09-18 10:24:10+00:00,processes,running,6,dbms,09-2026,yugabyte-2026111-vanilla-os-xlarge-xlarge-aws-v2,1,ip-172-31-31-95,ranking,benchANT
2026-09-18 10:24:20+00:00,processes,running,2,dbms,09-2026,yugabyte-2026111-vanilla-os-xlarge-xlarge-aws-v2,1,ip-172-31-31-95,ranking,benchANT
2026-09-18 10:24:30+00:00,processes,running,2,dbms,09-2026,yugabyte-2026111-vanilla-os-xlarge-xlarge-aws-v2,1,ip-172-31-31-95,ranking,benchANT
2026-09-18 10:24:40+00:00,processes,running,7,dbms,09-2026,yugabyte-2026111-vanilla-os-xlarge-xlarge-aws-v2,1,ip-172-31-31-95,ranking,benchANT
2026-09-18 10:24:50+00:00,processes,running,5,dbms,09-2026,yugabyte-2026111-vanilla-os-xlarge-xlarge-aws-v2,1,ip-172-31-31-95,ranking,benchANT
2026-09-18 10:25:00+00:00,processes,running,7,dbms,09-2026,yugabyte-2026111-vanilla-os-xlarge-xlarge-aws-v2,1,ip-172-31-31-95,ranking,benchANT
2026-09-18 10:25:10+00:00,processes,running,7,dbms,09-2026,yugabyte-2026111-vanilla-os-xlarge-xlarge-aws-v2,1,ip-172-31-31-95,ranking,benchANT
2026-09-18 10:25:20+00:00,processes,running,2,dbms,09-2026,yugabyte-2026111-vanilla-os-xlarge-xlarge-aws-v2,1,ip-172-31-31-95,ranking,benchANT
2026-09-18 10:25:30+00:00,processes,running,7,dbms,09-2026,yugabyte-2026111-vanilla-os-xlarge-xlarge-aws-v2,1,ip-172-31-31-95,ranking,benchANT
2026-09-18 10:25:40+00:00,processes,running,5,dbms,09-2026,yugabyte-2026111-vanilla-os-xlarge-xlarge-aws-v2,1,ip-172-31-31-95,ranking,benchANT
2026-09-18 10:25:50+00:00,processes,running,2,dbms,09-2026,yugabyte-2026111-vanilla-os-xlarge-xlarge-aws-v2,1,ip-172-31-31-95,ranking,benchANT
2026-09-18 10:26:00+00:00,processes,running,6,dbms,09-2026,yugabyte-2026111-vanilla-os-xlarge-xlarge-aws-v2,1,ip-172-31-31-95,ranking,benchANT
2026-09-18 10:26:10+00:00,processes,running,2,dbms,09-2026,yugabyte-2026111-vanilla-os-xlarge-xlarge-aws-v2,1,ip-172-31-31-95,ranking,benchANT
2026-09-18 10:26:20+00:00,processes,running,5,dbms,09-2026,yugabyte-2026111-vanilla-os-xlarge-xlarge-aws-v2,1,ip-172-31-31-95,ranking,benchANT
2026-09-18 10:26:30+00:00,processes,running,1,dbms,09-2026,yugabyte-2026111-vanilla-os-xlarge-xlarge-aws-v2,1,ip-172-31-31-95,ranking,benchANT
2026-09-18 10:26:40+00:00,processes,running,7,dbms,09-2026,yugabyte-2026111-vanilla-os-xlarge-xlarge-aws-v2,1,ip-172-31-31-95,ranking,benchANT
2026-09-18 10:26:50+00:00,processes,running,2,dbms,09-2026,yugabyte-2026111-vanilla-os-xlarge-xlarge-aws-v2,1,ip-172-31-31-95,ranking,benchANT
2026-09-18 10:27:00+00:00,processes,running,11,dbms,09-2026,yugabyte-2026111-vanilla-os-xlarge-xlarge-aws-v2,1,ip-172-31-31-95,ranking,benchANT
2026-09-18 10:27:10+00:00,processes,running,1,dbms,09-2026,yugabyte-2026111-vanilla-os-xlarge-xlarge-aws-v2,1,ip-172-31-31-95,ranking,benchANT
2026-09-18 10:27:20+00:00,processes,running,9,dbms,09-2026,yugabyte-2026111-vanilla-os-xlarge-xlarge-aws-v2,1,ip-172-31-31-95,ranking,benchANT
2026-09-18 10:27:30+00:00,processes,running,9,dbms,09-2026,yugabyte-2026111-vanilla-os-xlarge-xlarge-aws-v2,1,ip-172-31-31-95,ranking,benchANT
2026-09-18 10:27:40+00:00,processes,running,5,dbms,09-2026,yugabyte-2026111-vanilla-os-xlarge-xlarge-aws-v2,1,ip-172-31-31-95,ranking,benchANT
2026-09-18 10:27:50+00:00,processes,running,4,dbms,09-2026,yugabyte-2026111-vanilla-os-xlarge-xlarge-aws-v2,1,ip-172-31-31-95,ranking,benchANT
2026-09-18 10:28:00+00:00,processes,running,5,dbms,09-2026,yugabyte-2026111-vanilla-os-xlarge-xlarge-aws-v2,1,ip-172-31-31-95,ranking,benchANT
2026-09-18 10:28:10+00:00,processes,running,6,dbms,09-2026,yugabyte-2026111-vanilla-os-xlarge-xlarge-aws-v2,1,ip-172-31-31-95,ranking,benchANT
2026-09-18 10:28:20+00:00,processes,running,5,dbms,09-2026,yugabyte-2026111-vanilla-os-xlarge-xlarge-aws-v2,1,ip-172-31-31-95,ranking,benchANT
2026-09-18 10:28:30+00:00,processes,running,7,dbms,09-2026,yugabyte-2026111-vanilla-os-xlarge-xlarge-aws-v2,1,ip-172-31-31-95,ranking,benchANT
2026-09-18 10:28:40+00:00,processes,running,6,dbms,09-2026,yugabyte-2026111-vanilla-os-xlarge-xlarge-aws-v2,1,ip-172-31-31-95,ranking,benchANT
2026-09-18 10:28:50+00:00,processes,running,6,dbms,09-2026,yugabyte-2026111-vanilla-os-xlarge-xlarge-aws-v2,1,ip-172-31-31-95,ranking,benchANT
2026-09-18 10:29:00+00:00,processes,running,3,dbms,09-2026,yugabyte-2026111-vanilla-os-xlarge-xlarge-aws-v2,1,ip-172-31-31-95,ranking,benchANT
2026-09-18 10:29:10+00:00,processes,running,0,dbms,09-2026,yugabyte-2026111-vanilla-os-xlarge-xlarge-aws-v2,1,ip-172-31-31-95,ranking,benchANT
2026-09-18 10:29:20+00:00,processes,running,2,dbms,09-2026,yugabyte-2026111-vanilla-os-xlarge-xlarge-aws-v2,1,ip-172-31-31-95,ranking,benchANT
2026-09-18 10:29:30+00:00,processes,running,3,dbms,09-2026,yugabyte-2026111-vanilla-os-xlarge-xlarge-aws-v2,1,ip-172-31-31-95,ranking,benchANT
2026-09-18 10:29:40+00:00,processes,running,3,dbms,09-2026,yugabyte-2026111-vanilla-os-xlarge-xlarge-aws-v2,1,ip-172-31-31-95,ranking,benchANT
2026-09-18 10:29:50+00:00,processes,running,6,dbms,09-2026,yugabyte-2026111-vanilla-os-xlarge-xlarge-aws-v2,1,ip-172-31-31-95,ranking,benchANT
2026-09-18 10:30:00+00:00,processes,running,2,dbms,09-2026,yugabyte-2026111-vanilla-os-xlarge-xlarge-aws-v2,1,ip-172-31-31-95,ranking,benchANT
2026-09-18 10:30:10+00:00,processes,running,5,dbms,09-2026,yugabyte-2026111-vanilla-os-xlarge-xlarge-aws-v2,1,ip-172-31-31-95,ranking,benchANT
2026-09-18 10:30:20+00:00,processes,running,5,dbms,09-2026,yugabyte-2026111-vanilla-os-xlarge-xlarge-aws-v2,1,ip-172-31-31-95,ranking,benchANT
2026-09-18 10:30:30+00:00,processes,running,4,dbms,09-2026,yugabyte-2026111-vanilla-os-xlarge-xlarge-aws-v2,1,ip-172-31-31-95,ranking,benchANT
2026-09-18 10:30:40+00:00,processes,running,2,dbms,09-2026,yugabyte-2026111-vanilla-os-xlarge-xlarge-aws-v2,1,ip-172-31-31-95,ranking,benchANT
2026-09-18 10:30:50+00:00,processes,running,4,dbms,09-2026,yugabyte-2026111-vanilla-os-xlarge-xlarge-aws-v2,1,ip-172-31-31-95,ranking,benchANT
2026-09-18 10:31:00+00:00,processes,running,0,dbms,09-2026,yugabyte-2026111-vanilla-os-xlarge-xlarge-aws-v2,1,ip-172-31-31-95,ranking,benchANT
2026-09-18 10:31:10+00:00,processes,running,0,dbms,09-2026,yugabyte-2026111-vanilla-os-xlarge-xlarge-aws-v2,1,ip-172-31-31-95,ranking,benchANT
2026-09-18 10:31:20+00:00,processes,running,0,dbms,09-2026,yugabyte-2026111-vanilla-os-xlarge-xlarge-aws-v2,1,ip-172-31-31-95,ranking,benchANT
2026-09-18 10:23:00+00:00,processes,sleeping,147,dbms,09-2026,yugabyte-2026111-vanilla-os-xlarge-xlarge-aws-v2,1,ip-172-31-31-95,ranking,benchANT
2026-09-18 10:23:10+00:00,processes,sleeping,144,dbms,09-2026,yugabyte-2026111-vanilla-os-xlarge-xlarge-aws-v2,1,ip-172-31-31-95,ranking,benchANT
2026-09-18 10:23:20+00:00,processes,sleeping,146,dbms,09-2026,yugabyte-2026111-vanilla-os-xlarge-xlarge-aws-v2,1,ip-172-31-31-95,ranking,benchANT
2026-09-18 10:23:30+00:00,processes,sleeping,145,dbms,09-2026,yugabyte-2026111-vanilla-os-xlarge-xlarge-aws-v2,1,ip-172-31-31-95,ranking,benchANT
2026-09-18 10:23:40+00:00,processes,sleeping,144,dbms,09-2026,yugabyte-2026111-vanilla-os-xlarge-xlarge-aws-v2,1,ip-172-31-31-95,ranking,benchANT
2026-09-18 10:23:50+00:00,processes,sleeping,146,dbms,09-2026,yugabyte-2026111-vanilla-os-xlarge-xlarge-aws-v2,1,ip-172-31-31-95,ranking,benchANT
2026-09-18 10:24:00+00:00,processes,sleeping,144,dbms,09-2026,yugabyte-2026111-vanilla-os-xlarge-xlarge-aws-v2,1,ip-172-31-31-95,ranking,benchANT
2026-09-18 10:24:10+00:00,processes,sleeping,144,dbms,09-2026,yugabyte-2026111-vanilla-os-xlarge-xlarge-aws-v2,1,ip-172-31-31-95,ranking,benchANT
2026-09-18 10:24:20+00:00,processes,sleeping,147,dbms,09-2026,yugabyte-2026111-vanilla-os-xlarge-xlarge-aws-v2,1,ip-172-31-31-95,ranking,benchANT
2026-09-18 10:24:30+00:00,processes,sleeping,147,dbms,09-2026,yugabyte-2026111-vanilla-os-xlarge-xlarge-aws-v2,1,ip-172-31-31-95,ranking,benchANT
2026-09-18 10:24:40+00:00,processes,sleeping,143,dbms,09-2026,yugabyte-2026111-vanilla-os-xlarge-xlarge-aws-v2,1,ip-172-31-31-95,ranking,benchANT
2026-09-18 10:24:50+00:00,processes,sleeping,145,dbms,09-2026,yugabyte-2026111-vanilla-os-xlarge-xlarge-aws-v2,1,ip-172-31-31-95,ranking,benchANT
2026-09-18 10:25:00+00:00,processes,sleeping,143,dbms,09-2026,yugabyte-2026111-vanilla-os-xlarge-xlarge-aws-v2,1,ip-172-31-31-95,ranking,benchANT
2026-09-18 10:25:10+00:00,processes,sleeping,143,dbms,09-2026,yugabyte-2026111-vanilla-os-xlarge-xlarge-aws-v2,1,ip-172-31-31-95,ranking,benchANT
2026-09-18 10:25:20+00:00,processes,sleeping,148,dbms,09-2026,yugabyte-2026111-vanilla-os-xlarge-xlarge-aws-v2,1,ip-172-31-31-95,ranking,benchANT
2026-09-18 10:25:30+00:00,processes,sleeping,143,dbms,09-2026,yugabyte-2026111-vanilla-os-xlarge-xlarge-aws-v2,1,ip-172-31-31-95,ranking,benchANT
2026-09-18 10:25:40+00:00,processes,sleeping,145,dbms,09-2026,yugabyte-2026111-vanilla-os-xlarge-xlarge-aws-v2,1,ip-172-31-31-95,ranking,benchANT
2026-09-18 10:25:50+00:00,processes,sleeping,148,dbms,09-2026,yugabyte-2026111-vanilla-os-xlarge-xlarge-aws-v2,1,ip-172-31-31-95,ranking,benchANT
2026-09-18 10:26:00+00:00,processes,sleeping,144,dbms,09-2026,yugabyte-2026111-vanilla-os-xlarge-xlarge-aws-v2,1,ip-172-31-31-95,ranking,benchANT
2026-09-18 10:26:10+00:00,processes,sleeping,148,dbms,09-2026,yugabyte-2026111-vanilla-os-xlarge-xlarge-aws-v2,1,ip-172-31-31-95,ranking,benchANT
2026-09-18 10:26:20+00:00,processes,sleeping,145,dbms,09-2026,yugabyte-2026111-vanilla-os-xlarge-xlarge-aws-v2,1,ip-172-31-31-95,ranking,benchANT
2026-09-18 10:26:30+00:00,processes,sleeping,149,dbms,09-2026,yugabyte-2026111-vanilla-os-xlarge-xlarge-aws-v2,1,ip-172-31-31-95,ranking,benchANT
2026-09-18 10:26:40+00:00,processes,sleeping,143,dbms,09-2026,yugabyte-2026111-vanilla-os-xlarge-xlarge-aws-v2,1,ip-172-31-31-95,ranking,benchANT
2026-09-18 10:26:50+00:00,processes,sleeping,148,dbms,09-2026,yugabyte-2026111-vanilla-os-xlarge-xlarge-aws-v2,1,ip-172-31-31-95,ranking,benchANT
2026-09-18 10:27:00+00:00,processes,sleeping,139,dbms,09-2026,yugabyte-2026111-vanilla-os-xlarge-xlarge-aws-v2,1,ip-172-31-31-95,ranking,benchANT
2026-09-18 10:27:10+00:00,processes,sleeping,149,dbms,09-2026,yugabyte-2026111-vanilla-os-xlarge-xlarge-aws-v2,1,ip-172-31-31-95,ranking,benchANT
2026-09-18 10:27:20+00:00,processes,sleeping,141,dbms,09-2026,yugabyte-2026111-vanilla-os-xlarge-xlarge-aws-v2,1,ip-172-31-31-95,ranking,benchANT
2026-09-18 10:27:30+00:00,processes,sleeping,141,dbms,09-2026,yugabyte-2026111-vanilla-os-xlarge-xlarge-aws-v2,1,ip-172-31-31-95,ranking,benchANT
2026-09-18 10:27:40+00:00,processes,sleeping,145,dbms,09-2026,yugabyte-2026111-vanilla-os-xlarge-xlarge-aws-v2,1,ip-172-31-31-95,ranking,benchANT
2026-09-18 10:27:50+00:00,processes,sleeping,146,dbms,09-2026,yugabyte-2026111-vanilla-os-xlarge-xlarge-aws-v2,1,ip-172-31-31-95,ranking,benchANT
2026-09-18 10:28:00+00:00,processes,sleeping,145,dbms,09-2026,yugabyte-2026111-vanilla-os-xlarge-xlarge-aws-v2,1,ip-172-31-31-95,ranking,benchANT
2026-09-18 10:28:10+00:00,processes,sleeping,144,dbms,09-2026,yugabyte-2026111-vanilla-os-xlarge-xlarge-aws-v2,1,ip-172-31-31-95,ranking,benchANT
2026-09-18 10:28:20+00:00,processes,sleeping,145,dbms,09-2026,yugabyte-2026111-vanilla-os-xlarge-xlarge-aws-v2,1,ip-172-31-31-95,ranking,benchANT
2026-09-18 10:28:30+00:00,processes,sleeping,143,dbms,09-2026,yugabyte-2026111-vanilla-os-xlarge-xlarge-aws-v2,1,ip-172-31-31-95,ranking,benchANT
2026-09-18 10:28:40+00:00,processes,sleeping,144,dbms,09-2026,yugabyte-2026111-vanilla-os-xlarge-xlarge-aws-v2,1,ip-172-31-31-95,ranking,benchANT
2026-09-18 10:28:50+00:00,processes,sleeping,144,dbms,09-2026,yugabyte-2026111-vanilla-os-xlarge-xlarge-aws-v2,1,ip-172-31-31-95,ranking,benchANT
2026-09-18 10:29:00+00:00,processes,sleeping,146,dbms,09-2026,yugabyte-2026111-vanilla-os-xlarge-xlarge-aws-v2,1,ip-172-31-31-95,ranking,benchANT
2026-09-18 10:29:10+00:00,processes,sleeping,150,dbms,09-2026,yugabyte-2026111-vanilla-os-xlarge-xlarge-aws-v2,1,ip-172-31-31-95,ranking,benchANT
2026-09-18 10:29:20+00:00,processes,sleeping,147,dbms,09-2026,yugabyte-2026111-vanilla-os-xlarge-xlarge-aws-v2,1,ip-172-31-31-95,ranking,benchANT
2026-09-18 10:29:30+00:00,processes,sleeping,147,dbms,09-2026,yugabyte-2026111-vanilla-os-xlarge-xlarge-aws-v2,1,ip-172-31-31-95,ranking,benchANT
2026-09-18 10:29:40+00:00,processes,sleeping,147,dbms,09-2026,yugabyte-2026111-vanilla-os-xlarge-xlarge-aws-v2,1,ip-172-31-31-95,ranking,benchANT
2026-09-18 10:29:50+00:00,processes,sleeping,144,dbms,09-2026,yugabyte-2026111-vanilla-os-xlarge-xlarge-aws-v2,1,ip-172-31-31-95,ranking,benchANT
2026-09-18 10:30:00+00:00,processes,sleeping,148,dbms,09-2026,yugabyte-2026111-vanilla-os-xlarge-xlarge-aws-v2,1,ip-172-31-31-95,ranking,benchANT
2026-09-18 10:30:10+00:00,processes,sleeping,145,dbms,09-2026,yugabyte-2026111-vanilla-os-xlarge-xlarge-aws-v2,1,ip-172-31-31-95,ranking,benchANT
2026-09-18 10:30:20+00:00,processes,sleeping,145,dbms,09-2026,yugabyte-2026111-vanilla-os-xlarge-xlarge-aws-v2,1,ip-172-31-31-95,ranking,benchANT
2026-09-18 10:30:30+00:00,processes,sleeping,146,dbms,09-2026,yugabyte-2026111-vanilla-os-xlarge-xlarge-aws-v2,1,ip-172-31-31-95,ranking,benchANT
2026-09-18 10:30:40+00:00,processes,sleeping,148,dbms,09-2026,yugabyte-2026111-vanilla-os-xlarge-xlarge-aws-v2,1,ip-172-31-31-95,ranking,benchANT
2026-09-18 10:30:50+00:00,processes,sleeping,140,dbms,09-2026,yugabyte-2026111-vanilla-os-xlarge-xlarge-aws-v2,1,ip-172-31-31-95,ranking,benchANT
2026-09-18 10:31:00+00:00,processes,sleeping,84,dbms,09-2026,yugabyte-2026111-vanilla-os-xlarge-xlarge-aws-v2,1,ip-172-31-31-95,ranking,benchANT
2026-09-18 10:31:10+00:00,processes,sleeping,84,dbms,09-2026,yugabyte-2026111-vanilla-os-xlarge-xlarge-aws-v2,1,ip-172-31-31-95,ranking,benchANT
2026-09-18 10:31:20+00:00,processes,sleeping,84,dbms,09-2026,yugabyte-2026111-vanilla-os-xlarge-xlarge-aws-v2,1,ip-172-31-31-95,ranking,benchANT
2026-09-18 10:23:00+00:00,processes,stopped,0,dbms,09-2026,yugabyte-2026111-vanilla-os-xlarge-xlarge-aws-v2,1,ip-172-31-31-95,ranking,benchANT
2026-09-18 10:23:10+00:00,processes,stopped,0,dbms,09-2026,yugabyte-2026111-vanilla-os-xlarge-xlarge-aws-v2,1,ip-172-31-31-95,ranking,benchANT
2026-09-18 10:23:20+00:00,processes,stopped,0,dbms,09-2026,yugabyte-2026111-vanilla-os-xlarge-xlarge-aws-v2,1,ip-172-31-31-95,ranking,benchANT
2026-09-18 10:23:30+00:00,processes,stopped,0,dbms,09-2026,yugabyte-2026111-vanilla-os-xlarge-xlarge-aws-v2,1,ip-172-31-31-95,ranking,benchANT
2026-09-18 10:23:40+00:00,processes,stopped,0,dbms,09-2026,yugabyte-2026111-vanilla-os-xlarge-xlarge-aws-v2,1,ip-172-31-31-95,ranking,benchANT
2026-09-18 10:23:50+00:00,processes,stopped,0,dbms,09-2026,yugabyte-2026111-vanilla-os-xlarge-xlarge-aws-v2,1,ip-172-31-31-95,ranking,benchANT
2026-09-18 10:24:00+00:00,processes,stopped,0,dbms,09-2026,yugabyte-2026111-vanilla-os-xlarge-xlarge-aws-v2,1,ip-172-31-31-95,ranking,benchANT
2026-09-18 10:24:10+00:00,processes,stopped,0,dbms,09-2026,yugabyte-2026111-vanilla-os-xlarge-xlarge-aws-v2,1,ip-172-31-31-95,ranking,benchANT
2026-09-18 10:24:20+00:00,processes,stopped,0,dbms,09-2026,yugabyte-2026111-vanilla-os-xlarge-xlarge-aws-v2,1,ip-172-31-31-95,ranking,benchANT
2026-09-18 10:24:30+00:00,processes,stopped,0,dbms,09-2026,yugabyte-2026111-vanilla-os-xlarge-xlarge-aws-v2,1,ip-172-31-31-95,ranking,benchANT
2026-09-18 10:24:40+00:00,processes,stopped,0,dbms,09-2026,yugabyte-2026111-vanilla-os-xlarge-xlarge-aws-v2,1,ip-172-31-31-95,ranking,benchANT
2026-09-18 10:24:50+00:00,processes,stopped,0,dbms,09-2026,yugabyte-2026111-vanilla-os-xlarge-xlarge-aws-v2,1,ip-172-31-31-95,ranking,benchANT
2026-09-18 10:25:00+00:00,processes,stopped,0,dbms,09-2026,yugabyte-2026111-vanilla-os-xlarge-xlarge-aws-v2,1,ip-172-31-31-95,ranking,benchANT
2026-09-18 10:25:10+00:00,processes,stopped,0,dbms,09-2026,yugabyte-2026111-vanilla-os-xlarge-xlarge-aws-v2,1,ip-172-31-31-95,ranking,benchANT
2026-09-18 10:25:20+00:00,processes,stopped,0,dbms,09-2026,yugabyte-2026111-vanilla-os-xlarge-xlarge-aws-v2,1,ip-172-31-31-95,ranking,benchANT
2026-09-18 10:25:30+00:00,processes,stopped,0,dbms,09-2026,yugabyte-2026111-vanilla-os-xlarge-xlarge-aws-v2,1,ip-172-31-31-95,ranking,benchANT
2026-09-18 10:25:40+00:00,processes,stopped,0,dbms,09-2026,yugabyte-2026111-vanilla-os-xlarge-xlarge-aws-v2,1,ip-172-31-31-95,ranking,benchANT
2026-09-18 10:25:50+00:00,processes,stopped,0,dbms,09-2026,yugabyte-2026111-vanilla-os-xlarge-xlarge-aws-v2,1,ip-172-31-31-95,ranking,benchANT
2026-09-18 10:26:00+00:00,processes,stopped,0,dbms,09-2026,yugabyte-2026111-vanilla-os-xlarge-xlarge-aws-v2,1,ip-172-31-31-95,ranking,benchANT
2026-09-18 10:26:10+00:00,processes,stopped,0,dbms,09-2026,yugabyte-2026111-vanilla-os-xlarge-xlarge-aws-v2,1,ip-172-31-31-95,ranking,benchANT
2026-09-18 10:26:20+00:00,processes,stopped,0,dbms,09-2026,yugabyte-2026111-vanilla-os-xlarge-xlarge-aws-v2,1,ip-172-31-31-95,ranking,benchANT
2026-09-18 10:26:30+00:00,processes,stopped,0,dbms,09-2026,yugabyte-2026111-vanilla-os-xlarge-xlarge-aws-v2,1,ip-172-31-31-95,ranking,benchANT
2026-09-18 10:26:40+00:00,processes,stopped,0,dbms,09-2026,yugabyte-2026111-vanilla-os-xlarge-xlarge-aws-v2,1,ip-172-31-31-95,ranking,benchANT
2026-09-18 10:26:50+00:00,processes,stopped,0,dbms,09-2026,yugabyte-2026111-vanilla-os-xlarge-xlarge-aws-v2,1,ip-172-31-31-95,ranking,benchANT
2026-09-18 10:27:00+00:00,processes,stopped,0,dbms,09-2026,yugabyte-2026111-vanilla-os-xlarge-xlarge-aws-v2,1,ip-172-31-31-95,ranking,benchANT
2026-09-18 10:27:10+00:00,processes,stopped,0,dbms,09-2026,yugabyte-2026111-vanilla-os-xlarge-xlarge-aws-v2,1,ip-172-31-31-95,ranking,benchANT
2026-09-18 10:27:20+00:00,processes,stopped,0,dbms,09-2026,yugabyte-2026111-vanilla-os-xlarge-xlarge-aws-v2,1,ip-172-31-31-95,ranking,benchANT
2026-09-18 10:27:30+00:00,processes,stopped,0,dbms,09-2026,yugabyte-2026111-vanilla-os-xlarge-xlarge-aws-v2,1,ip-172-31-31-95,ranking,benchANT
2026-09-18 10:27:40+00:00,processes,stopped,0,dbms,09-2026,yugabyte-2026111-vanilla-os-xlarge-xlarge-aws-v2,1,ip-172-31-31-95,ranking,benchANT
2026-09-18 10:27:50+00:00,processes,stopped,0,dbms,09-2026,yugabyte-2026111-vanilla-os-xlarge-xlarge-aws-v2,1,ip-172-31-31-95,ranking,benchANT
2026-09-18 10:28:00+00:00,processes,stopped,0,dbms,09-2026,yugabyte-2026111-vanilla-os-xlarge-xlarge-aws-v2,1,ip-172-31-31-95,ranking,benchANT
2026-09-18 10:28:10+00:00,processes,stopped,0,dbms,09-2026,yugabyte-2026111-vanilla-os-xlarge-xlarge-aws-v2,1,ip-172-31-31-95,ranking,benchANT
2026-09-18 10:28:20+00:00,processes,stopped,0,dbms,09-2026,yugabyte-2026111-vanilla-os-xlarge-xlarge-aws-v2,1,ip-172-31-31-95,ranking,benchANT
2026-09-18 10:28:30+00:00,processes,stopped,0,dbms,09-2026,yugabyte-2026111-vanilla-os-xlarge-xlarge-aws-v2,1,ip-172-31-31-95,ranking,benchANT
2026-09-18 10:28:40+00:00,processes,stopped,0,dbms,09-2026,yugabyte-2026111-vanilla-os-xlarge-xlarge-aws-v2,1,ip-172-31-31-95,ranking,benchANT
2026-09-18 10:28:50+00:00,processes,stopped,0,dbms,09-2026,yugabyte-2026111-vanilla-os-xlarge-xlarge-aws-v2,1,ip-172-31-31-95,ranking,benchANT
2026-09-18 10:29:00+00:00,processes,stopped,0,dbms,09-2026,yugabyte-2026111-vanilla-os-xlarge-xlarge-aws-v2,1,ip-172-31-31-95,ranking,benchANT
2026-09-18 10:29:10+00:00,processes,stopped,0,dbms,09-2026,yugabyte-2026111-vanilla-os-xlarge-xlarge-aws-v2,1,ip-172-31-31-95,ranking,benchANT
2026-09-18 10:29:20+00:00,processes,stopped,0,dbms,09-2026,yugabyte-2026111-vanilla-os-xlarge-xlarge-aws-v2,1,ip-172-31-31-95,ranking,benchANT
2026-09-18 10:29:30+00:00,processes,stopped,0,dbms,09-2026,yugabyte-2026111-vanilla-os-xlarge-xlarge-aws-v2,1,ip-172-31-31-95,ranking,benchANT
2026-09-18 10:29:40+00:00,processes,stopped,0,dbms,09-2026,yugabyte-2026111-vanilla-os-xlarge-xlarge-aws-v2,1,ip-172-31-31-95,ranking,benchANT
2026-09-18 10:29:50+00:00,processes,stopped,0,dbms,09-2026,yugabyte-2026111-vanilla-os-xlarge-xlarge-aws-v2,1,ip-172-31-31-95,ranking,benchANT
2026-09-18 10:30:00+00:00,processes,stopped,0,dbms,09-2026,yugabyte-2026111-vanilla-os-xlarge-xlarge-aws-v2,1,ip-172-31-31-95,ranking,benchANT
2026-09-18 10:30:10+00:00,processes,stopped,0,dbms,09-2026,yugabyte-2026111-vanilla-os-xlarge-xlarge-aws-v2,1,ip-172-31-31-95,ranking,benchANT
2026-09-18 10:30:20+00:00,processes,stopped,0,dbms,09-2026,yugabyte-2026111-vanilla-os-xlarge-xlarge-aws-v2,1,ip-172-31-31-95,ranking,benchANT
2026-09-18 10:30:30+00:00,processes,stopped,0,dbms,09-2026,yugabyte-2026111-vanilla-os-xlarge-xlarge-aws-v2,1,ip-172-31-31-95,ranking,benchANT
2026-09-18 10:30:40+00:00,processes,stopped,0,dbms,09-2026,yugabyte-2026111-vanilla-os-xlarge-xlarge-aws-v2,1,ip-172-31-31-95,ranking,benchANT
2026-09-18 10:30:50+00:00,processes,stopped,0,dbms,09-2026,yugabyte-2026111-vanilla-os-xlarge-xlarge-aws-v2,1,ip-172-31-31-95,ranking,benchANT
2026-09-18 10:31:00+00:00,processes,stopped,0,dbms,09-2026,yugabyte-2026111-vanilla-os-xlarge-xlarge-aws-v2,1,ip-172-31-31-95,ranking,benchANT
2026-09-18 10:31:10+00:00,processes,stopped,0,dbms,09-2026,yugabyte-2026111-vanilla-os-xlarge-xlarge-aws-v2,1,ip-172-31-31-95,ranking,benchANT
2026-09-18 10:31:20+00:00,processes,stopped,0,dbms,09-2026,yugabyte-2026111-vanilla-os-xlarge-xlarge-aws-v2,1,ip-172-31-31-95,ranking,benchANT
2026-09-18 10:23:00+00:00,processes,total,228,dbms,09-2026,yugabyte-2026111-vanilla-os-xlarge-xlarge-aws-v2,1,ip-172-31-31-95,ranking,benchANT
2026-09-18 10:23:10+00:00,processes,total,228,dbms,09-2026,yugabyte-2026111-vanilla-os-xlarge-xlarge-aws-v2,1,ip-172-31-31-95,ranking,benchANT
2026-09-18 10:23:20+00:00,processes,total,228,dbms,09-2026,yugabyte-2026111-vanilla-os-xlarge-xlarge-aws-v2,1,ip-172-31-31-95,ranking,benchANT
2026-09-18 10:23:30+00:00,processes,total,228,dbms,09-2026,yugabyte-2026111-vanilla-os-xlarge-xlarge-aws-v2,1,ip-172-31-31-95,ranking,benchANT
2026-09-18 10:23:40+00:00,processes,total,228,dbms,09-2026,yugabyte-2026111-vanilla-os-xlarge-xlarge-aws-v2,1,ip-172-31-31-95,ranking,benchANT
2026-09-18 10:23:50+00:00,processes,total,228,dbms,09-2026,yugabyte-2026111-vanilla-os-xlarge-xlarge-aws-v2,1,ip-172-31-31-95,ranking,benchANT
2026-09-18 10:24:00+00:00,processes,total,228,dbms,09-2026,yugabyte-2026111-vanilla-os-xlarge-xlarge-aws-v2,1,ip-172-31-31-95,ranking,benchANT
2026-09-18 10:24:10+00:00,processes,total,228,dbms,09-2026,yugabyte-2026111-vanilla-os-xlarge-xlarge-aws-v2,1,ip-172-31-31-95,ranking,benchANT
2026-09-18 10:24:20+00:00,processes,total,228,dbms,09-2026,yugabyte-2026111-vanilla-os-xlarge-xlarge-aws-v2,1,ip-172-31-31-95,ranking,benchANT
2026-09-18 10:24:30+00:00,processes,total,228,dbms,09-2026,yugabyte-2026111-vanilla-os-xlarge-xlarge-aws-v2,1,ip-172-31-31-95,ranking,benchANT
2026-09-18 10:24:40+00:00,processes,total,228,dbms,09-2026,yugabyte-2026111-vanilla-os-xlarge-xlarge-aws-v2,1,ip-172-31-31-95,ranking,benchANT
2026-09-18 10:24:50+00:00,processes,total,228,dbms,09-2026,yugabyte-2026111-vanilla-os-xlarge-xlarge-aws-v2,1,ip-172-31-31-95,ranking,benchANT
2026-09-18 10:25:00+00:00,processes,total,228,dbms,09-2026,yugabyte-2026111-vanilla-os-xlarge-xlarge-aws-v2,1,ip-172-31-31-95,ranking,benchANT
2026-09-18 10:25:10+00:00,processes,total,227,dbms,09-2026,yugabyte-2026111-vanilla-os-xlarge-xlarge-aws-v2,1,ip-172-31-31-95,ranking,benchANT
2026-09-18 10:25:20+00:00,processes,total,227,dbms,09-2026,yugabyte-2026111-vanilla-os-xlarge-xlarge-aws-v2,1,ip-172-31-31-95,ranking,benchANT
2026-09-18 10:25:30+00:00,processes,total,227,dbms,09-2026,yugabyte-2026111-vanilla-os-xlarge-xlarge-aws-v2,1,ip-172-31-31-95,ranking,benchANT
2026-09-18 10:25:40+00:00,processes,total,227,dbms,09-2026,yugabyte-2026111-vanilla-os-xlarge-xlarge-aws-v2,1,ip-172-31-31-95,ranking,benchANT
2026-09-18 10:25:50+00:00,processes,total,227,dbms,09-2026,yugabyte-2026111-vanilla-os-xlarge-xlarge-aws-v2,1,ip-172-31-31-95,ranking,benchANT
2026-09-18 10:26:00+00:00,processes,total,227,dbms,09-2026,yugabyte-2026111-vanilla-os-xlarge-xlarge-aws-v2,1,ip-172-31-31-95,ranking,benchANT
2026-09-18 10:26:10+00:00,processes,total,227,dbms,09-2026,yugabyte-2026111-vanilla-os-xlarge-xlarge-aws-v2,1,ip-172-31-31-95,ranking,benchANT
2026-09-18 10:26:20+00:00,processes,total,227,dbms,09-2026,yugabyte-2026111-vanilla-os-xlarge-xlarge-aws-v2,1,ip-172-31-31-95,ranking,benchANT
2026-09-18 10:26:30+00:00,processes,total,227,dbms,09-2026,yugabyte-2026111-vanilla-os-xlarge-xlarge-aws-v2,1,ip-172-31-31-95,ranking,benchANT
2026-09-18 10:26:40+00:00,processes,total,227,dbms,09-2026,yugabyte-2026111-vanilla-os-xlarge-xlarge-aws-v2,1,ip-172-31-31-95,ranking,benchANT
2026-09-18 10:26:50+00:00,processes,total,228,dbms,09-2026,yugabyte-2026111-vanilla-os-xlarge-xlarge-aws-v2,1,ip-172-31-31-95,ranking,benchANT
2026-09-18 10:27:00+00:00,processes,total,228,dbms,09-2026,yugabyte-2026111-vanilla-os-xlarge-xlarge-aws-v2,1,ip-172-31-31-95,ranking,benchANT
2026-09-18 10:27:10+00:00,processes,total,228,dbms,09-2026,yugabyte-2026111-vanilla-os-xlarge-xlarge-aws-v2,1,ip-172-31-31-95,ranking,benchANT
2026-09-18 10:27:20+00:00,processes,total,228,dbms,09-2026,yugabyte-2026111-vanilla-os-xlarge-xlarge-aws-v2,1,ip-172-31-31-95,ranking,benchANT
2026-09-18 10:27:30+00:00,processes,total,228,dbms,09-2026,yugabyte-2026111-vanilla-os-xlarge-xlarge-aws-v2,1,ip-172-31-31-95,ranking,benchANT
2026-09-18 10:27:40+00:00,processes,total,228,dbms,09-2026,yugabyte-2026111-vanilla-os-xlarge-xlarge-aws-v2,1,ip-172-31-31-95,ranking,benchANT
2026-09-18 10:27:50+00:00,processes,total,228,dbms,09-2026,yugabyte-2026111-vanilla-os-xlarge-xlarge-aws-v2,1,ip-172-31-31-95,ranking,benchANT
2026-09-18 10:28:00+00:00,processes,total,228,dbms,09-2026,yugabyte-2026111-vanilla-os-xlarge-xlarge-aws-v2,1,ip-172-31-31-95,ranking,benchANT
2026-09-18 10:28:10+00:00,processes,total,228,dbms,09-2026,yugabyte-2026111-vanilla-os-xlarge-xlarge-aws-v2,1,ip-172-31-31-95,ranking,benchANT
2026-09-18 10:28:20+00:00,processes,total,228,dbms,09-2026,yugabyte-2026111-vanilla-os-xlarge-xlarge-aws-v2,1,ip-172-31-31-95,ranking,benchANT
2026-09-18 10:28:30+00:00,processes,total,228,dbms,09-2026,yugabyte-2026111-vanilla-os-xlarge-xlarge-aws-v2,1,ip-172-31-31-95,ranking,benchANT
2026-09-18 10:28:40+00:00,processes,total,228,dbms,09-2026,yugabyte-2026111-vanilla-os-xlarge-xlarge-aws-v2,1,ip-172-31-31-95,ranking,benchANT
2026-09-18 10:28:50+00:00,processes,total,228,dbms,09-2026,yugabyte-2026111-vanilla-os-xlarge-xlarge-aws-v2,1,ip-172-31-31-95,ranking,benchANT
2026-09-18 10:29:00+00:00,processes,total,228,dbms,09-2026,yugabyte-2026111-vanilla-os-xlarge-xlarge-aws-v2,1,ip-172-31-31-95,ranking,benchANT
2026-09-18 10:29:10+00:00,processes,total,228,dbms,09-2026,yugabyte-2026111-vanilla-os-xlarge-xlarge-aws-v2,1,ip-172-31-31-95,ranking,benchANT
2026-09-18 10:29:20+00:00,processes,total,228,dbms,09-2026,yugabyte-2026111-vanilla-os-xlarge-xlarge-aws-v2,1,ip-172-31-31-95,ranking,benchANT
2026-09-18 10:29:30+00:00,processes,total,228,dbms,09-2026,yugabyte-2026111-vanilla-os-xlarge-xlarge-aws-v2,1,ip-172-31-31-95,ranking,benchANT
2026-09-18 10:29:40+00:00,processes,total,228,dbms,09-2026,yugabyte-2026111-vanilla-os-xlarge-xlarge-aws-v2,1,ip-172-31-31-95,ranking,benchANT
2026-09-18 10:29:50+00:00,processes,total,228,dbms,09-2026,yugabyte-2026111-vanilla-os-xlarge-xlarge-aws-v2,1,ip-172-31-31-95,ranking,benchANT
2026-09-18 10:30:00+00:00,processes,total,228,dbms,09-2026,yugabyte-2026111-vanilla-os-xlarge-xlarge-aws-v2,1,ip-172-31-31-95,ranking,benchANT
2026-09-18 10:30:10+00:00,processes,total,229,dbms,09-2026,yugabyte-2026111-vanilla-os-xlarge-xlarge-aws-v2,1,ip-172-31-31-95,ranking,benchANT
2026-09-18 10:30:20+00:00,processes,total,229,dbms,09-2026,yugabyte-2026111-vanilla-os-xlarge-xlarge-aws-v2,1,ip-172-31-31-95,ranking,benchANT
2026-09-18 10:30:30+00:00,processes,total,229,dbms,09-2026,yugabyte-2026111-vanilla-os-xlarge-xlarge-aws-v2,1,ip-172-31-31-95,ranking,benchANT
2026-09-18 10:30:40+00:00,processes,total,229,dbms,09-2026,yugabyte-2026111-vanilla-os-xlarge-xlarge-aws-v2,1,ip-172-31-31-95,ranking,benchANT
2026-09-18 10:30:50+00:00,processes,total,223,dbms,09-2026,yugabyte-2026111-vanilla-os-xlarge-xlarge-aws-v2,1,ip-172-31-31-95,ranking,benchANT
2026-09-18 10:31:00+00:00,processes,total,163,dbms,09-2026,yugabyte-2026111-vanilla-os-xlarge-xlarge-aws-v2,1,ip-172-31-31-95,ranking,benchANT
2026-09-18 10:31:10+00:00,processes,total,163,dbms,09-2026,yugabyte-2026111-vanilla-os-xlarge-xlarge-aws-v2,1,ip-172-31-31-95,ranking,benchANT
2026-09-18 10:31:20+00:00,processes,total,163,dbms,09-2026,yugabyte-2026111-vanilla-os-xlarge-xlarge-aws-v2,1,ip-172-31-31-95,ranking,benchANT
2026-09-18 10:23:00+00:00,processes,total_threads,1036,dbms,09-2026,yugabyte-2026111-vanilla-os-xlarge-xlarge-aws-v2,1,ip-172-31-31-95,ranking,benchANT
2026-09-18 10:23:10+00:00,processes,total_threads,1042,dbms,09-2026,yugabyte-2026111-vanilla-os-xlarge-xlarge-aws-v2,1,ip-172-31-31-95,ranking,benchANT
2026-09-18 10:23:20+00:00,processes,total_threads,1054,dbms,09-2026,yugabyte-2026111-vanilla-os-xlarge-xlarge-aws-v2,1,ip-172-31-31-95,ranking,benchANT
2026-09-18 10:23:30+00:00,processes,total_threads,1055,dbms,09-2026,yugabyte-2026111-vanilla-os-xlarge-xlarge-aws-v2,1,ip-172-31-31-95,ranking,benchANT
2026-09-18 10:23:40+00:00,processes,total_threads,1050,dbms,09-2026,yugabyte-2026111-vanilla-os-xlarge-xlarge-aws-v2,1,ip-172-31-31-95,ranking,benchANT
2026-09-18 10:23:50+00:00,processes,total_threads,1057,dbms,09-2026,yugabyte-2026111-vanilla-os-xlarge-xlarge-aws-v2,1,ip-172-31-31-95,ranking,benchANT
2026-09-18 10:24:00+00:00,processes,total_threads,1057,dbms,09-2026,yugabyte-2026111-vanilla-os-xlarge-xlarge-aws-v2,1,ip-172-31-31-95,ranking,benchANT
2026-09-18 10:24:10+00:00,processes,total_threads,1054,dbms,09-2026,yugabyte-2026111-vanilla-os-xlarge-xlarge-aws-v2,1,ip-172-31-31-95,ranking,benchANT
2026-09-18 10:24:20+00:00,processes,total_threads,1052,dbms,09-2026,yugabyte-2026111-vanilla-os-xlarge-xlarge-aws-v2,1,ip-172-31-31-95,ranking,benchANT
2026-09-18 10:24:30+00:00,processes,total_threads,1055,dbms,09-2026,yugabyte-2026111-vanilla-os-xlarge-xlarge-aws-v2,1,ip-172-31-31-95,ranking,benchANT
2026-09-18 10:24:40+00:00,processes,total_threads,1053,dbms,09-2026,yugabyte-2026111-vanilla-os-xlarge-xlarge-aws-v2,1,ip-172-31-31-95,ranking,benchANT
2026-09-18 10:24:50+00:00,processes,total_threads,1053,dbms,09-2026,yugabyte-2026111-vanilla-os-xlarge-xlarge-aws-v2,1,ip-172-31-31-95,ranking,benchANT
2026-09-18 10:25:00+00:00,processes,total_threads,1049,dbms,09-2026,yugabyte-2026111-vanilla-os-xlarge-xlarge-aws-v2,1,ip-172-31-31-95,ranking,benchANT
2026-09-18 10:25:10+00:00,processes,total_threads,1052,dbms,09-2026,yugabyte-2026111-vanilla-os-xlarge-xlarge-aws-v2,1,ip-172-31-31-95,ranking,benchANT
2026-09-18 10:25:20+00:00,processes,total_threads,1050,dbms,09-2026,yugabyte-2026111-vanilla-os-xlarge-xlarge-aws-v2,1,ip-172-31-31-95,ranking,benchANT
2026-09-18 10:25:30+00:00,processes,total_threads,1051,dbms,09-2026,yugabyte-2026111-vanilla-os-xlarge-xlarge-aws-v2,1,ip-172-31-31-95,ranking,benchANT
2026-09-18 10:25:40+00:00,processes,total_threads,1056,dbms,09-2026,yugabyte-2026111-vanilla-os-xlarge-xlarge-aws-v2,1,ip-172-31-31-95,ranking,benchANT
2026-09-18 10:25:50+00:00,processes,total_threads,1057,dbms,09-2026,yugabyte-2026111-vanilla-os-xlarge-xlarge-aws-v2,1,ip-172-31-31-95,ranking,benchANT
2026-09-18 10:26:00+00:00,processes,total_threads,1052,dbms,09-2026,yugabyte-2026111-vanilla-os-xlarge-xlarge-aws-v2,1,ip-172-31-31-95,ranking,benchANT
2026-09-18 10:26:10+00:00,processes,total_threads,1051,dbms,09-2026,yugabyte-2026111-vanilla-os-xlarge-xlarge-aws-v2,1,ip-172-31-31-95,ranking,benchANT
2026-09-18 10:26:20+00:00,processes,total_threads,1054,dbms,09-2026,yugabyte-2026111-vanilla-os-xlarge-xlarge-aws-v2,1,ip-172-31-31-95,ranking,benchANT
2026-09-18 10:26:30+00:00,processes,total_threads,1051,dbms,09-2026,yugabyte-2026111-vanilla-os-xlarge-xlarge-aws-v2,1,ip-172-31-31-95,ranking,benchANT
2026-09-18 10:26:40+00:00,processes,total_threads,1053,dbms,09-2026,yugabyte-2026111-vanilla-os-xlarge-xlarge-aws-v2,1,ip-172-31-31-95,ranking,benchANT
2026-09-18 10:26:50+00:00,processes,total_threads,1055,dbms,09-2026,yugabyte-2026111-vanilla-os-xlarge-xlarge-aws-v2,1,ip-172-31-31-95,ranking,benchANT
2026-09-18 10:27:00+00:00,processes,total_threads,1070,dbms,09-2026,yugabyte-2026111-vanilla-os-xlarge-xlarge-aws-v2,1,ip-172-31-31-95,ranking,benchANT
2026-09-18 10:27:10+00:00,processes,total_threads,1056,dbms,09-2026,yugabyte-2026111-vanilla-os-xlarge-xlarge-aws-v2,1,ip-172-31-31-95,ranking,benchANT
2026-09-18 10:27:20+00:00,processes,total_threads,1114,dbms,09-2026,yugabyte-2026111-vanilla-os-xlarge-xlarge-aws-v2,1,ip-172-31-31-95,ranking,benchANT
2026-09-18 10:27:30+00:00,processes,total_threads,1112,dbms,09-2026,yugabyte-2026111-vanilla-os-xlarge-xlarge-aws-v2,1,ip-172-31-31-95,ranking,benchANT
2026-09-18 10:27:40+00:00,processes,total_threads,1047,dbms,09-2026,yugabyte-2026111-vanilla-os-xlarge-xlarge-aws-v2,1,ip-172-31-31-95,ranking,benchANT
2026-09-18 10:27:50+00:00,processes,total_threads,1053,dbms,09-2026,yugabyte-2026111-vanilla-os-xlarge-xlarge-aws-v2,1,ip-172-31-31-95,ranking,benchANT
2026-09-18 10:28:00+00:00,processes,total_threads,1053,dbms,09-2026,yugabyte-2026111-vanilla-os-xlarge-xlarge-aws-v2,1,ip-172-31-31-95,ranking,benchANT
2026-09-18 10:28:10+00:00,processes,total_threads,1064,dbms,09-2026,yugabyte-2026111-vanilla-os-xlarge-xlarge-aws-v2,1,ip-172-31-31-95,ranking,benchANT
2026-09-18 10:28:20+00:00,processes,total_threads,1063,dbms,09-2026,yugabyte-2026111-vanilla-os-xlarge-xlarge-aws-v2,1,ip-172-31-31-95,ranking,benchANT
2026-09-18 10:28:30+00:00,processes,total_threads,1051,dbms,09-2026,yugabyte-2026111-vanilla-os-xlarge-xlarge-aws-v2,1,ip-172-31-31-95,ranking,benchANT
2026-09-18 10:28:40+00:00,processes,total_threads,1067,dbms,09-2026,yugabyte-2026111-vanilla-os-xlarge-xlarge-aws-v2,1,ip-172-31-31-95,ranking,benchANT
2026-09-18 10:28:50+00:00,processes,total_threads,1070,dbms,09-2026,yugabyte-2026111-vanilla-os-xlarge-xlarge-aws-v2,1,ip-172-31-31-95,ranking,benchANT
2026-09-18 10:29:00+00:00,processes,total_threads,1054,dbms,09-2026,yugabyte-2026111-vanilla-os-xlarge-xlarge-aws-v2,1,ip-172-31-31-95,ranking,benchANT
2026-09-18 10:29:10+00:00,processes,total_threads,1052,dbms,09-2026,yugabyte-2026111-vanilla-os-xlarge-xlarge-aws-v2,1,ip-172-31-31-95,ranking,benchANT
2026-09-18 10:29:20+00:00,processes,total_threads,1047,dbms,09-2026,yugabyte-2026111-vanilla-os-xlarge-xlarge-aws-v2,1,ip-172-31-31-95,ranking,benchANT
2026-09-18 10:29:30+00:00,processes,total_threads,1070,dbms,09-2026,yugabyte-2026111-vanilla-os-xlarge-xlarge-aws-v2,1,ip-172-31-31-95,ranking,benchANT
2026-09-18 10:29:40+00:00,processes,total_threads,1068,dbms,09-2026,yugabyte-2026111-vanilla-os-xlarge-xlarge-aws-v2,1,ip-172-31-31-95,ranking,benchANT
2026-09-18 10:29:50+00:00,processes,total_threads,1045,dbms,09-2026,yugabyte-2026111-vanilla-os-xlarge-xlarge-aws-v2,1,ip-172-31-31-95,ranking,benchANT
2026-09-18 10:30:00+00:00,processes,total_threads,1046,dbms,09-2026,yugabyte-2026111-vanilla-os-xlarge-xlarge-aws-v2,1,ip-172-31-31-95,ranking,benchANT
2026-09-18 10:30:10+00:00,processes,total_threads,1047,dbms,09-2026,yugabyte-2026111-vanilla-os-xlarge-xlarge-aws-v2,1,ip-172-31-31-95,ranking,benchANT
2026-09-18 10:30:20+00:00,processes,total_threads,1044,dbms,09-2026,yugabyte-2026111-vanilla-os-xlarge-xlarge-aws-v2,1,ip-172-31-31-95,ranking,benchANT
2026-09-18 10:30:30+00:00,processes,total_threads,1051,dbms,09-2026,yugabyte-2026111-vanilla-os-xlarge-xlarge-aws-v2,1,ip-172-31-31-95,ranking,benchANT
2026-09-18 10:30:40+00:00,processes,total_threads,1050,dbms,09-2026,yugabyte-2026111-vanilla-os-xlarge-xlarge-aws-v2,1,ip-172-31-31-95,ranking,benchANT
2026-09-18 10:30:50+00:00,processes,total_threads,995,dbms,09-2026,yugabyte-2026111-vanilla-os-xlarge-xlarge-aws-v2,1,ip-172-31-31-95,ranking,benchANT
2026-09-18 10:31:00+00:00,processes,total_threads,387,dbms,09-2026,yugabyte-2026111-vanilla-os-xlarge-xlarge-aws-v2,1,ip-172-31-31-95,ranking,benchANT
2026-09-18 10:31:10+00:00,processes,total_threads,348,dbms,09-2026,yugabyte-2026111-vanilla-os-xlarge-xlarge-aws-v2,1,ip-172-31-31-95,ranking,benchANT
2026-09-18 10:31:20+00:00,processes,total_threads,340,dbms,09-2026,yugabyte-2026111-vanilla-os-xlarge-xlarge-aws-v2,1,ip-172-31-31-95,ranking,benchANT
2026-09-18 10:23:00+00:00,processes,unknown,0,dbms,09-2026,yugabyte-2026111-vanilla-os-xlarge-xlarge-aws-v2,1,ip-172-31-31-95,ranking,benchANT
2026-09-18 10:23:10+00:00,processes,unknown,0,dbms,09-2026,yugabyte-2026111-vanilla-os-xlarge-xlarge-aws-v2,1,ip-172-31-31-95,ranking,benchANT
2026-09-18 10:23:20+00:00,processes,unknown,0,dbms,09-2026,yugabyte-2026111-vanilla-os-xlarge-xlarge-aws-v2,1,ip-172-31-31-95,ranking,benchANT
2026-09-18 10:23:30+00:00,processes,unknown,0,dbms,09-2026,yugabyte-2026111-vanilla-os-xlarge-xlarge-aws-v2,1,ip-172-31-31-95,ranking,benchANT
2026-09-18 10:23:40+00:00,processes,unknown,0,dbms,09-2026,yugabyte-2026111-vanilla-os-xlarge-xlarge-aws-v2,1,ip-172-31-31-95,ranking,benchANT
2026-09-18 10:23:50+00:00,processes,unknown,0,dbms,09-2026,yugabyte-2026111-vanilla-os-xlarge-xlarge-aws-v2,1,ip-172-31-31-95,ranking,benchANT
2026-09-18 10:24:00+00:00,processes,unknown,0,dbms,09-2026,yugabyte-2026111-vanilla-os-xlarge-xlarge-aws-v2,1,ip-172-31-31-95,ranking,benchANT
2026-09-18 10:24:10+00:00,processes,unknown,0,dbms,09-2026,yugabyte-2026111-vanilla-os-xlarge-xlarge-aws-v2,1,ip-172-31-31-95,ranking,benchANT
2026-09-18 10:24:20+00:00,processes,unknown,0,dbms,09-2026,yugabyte-2026111-vanilla-os-xlarge-xlarge-aws-v2,1,ip-172-31-31-95,ranking,benchANT
2026-09-18 10:24:30+00:00,processes,unknown,0,dbms,09-2026,yugabyte-2026111-vanilla-os-xlarge-xlarge-aws-v2,1,ip-172-31-31-95,ranking,benchANT
2026-09-18 10:24:40+00:00,processes,unknown,0,dbms,09-2026,yugabyte-2026111-vanilla-os-xlarge-xlarge-aws-v2,1,ip-172-31-31-95,ranking,benchANT
2026-09-18 10:24:50+00:00,processes,unknown,0,dbms,09-2026,yugabyte-2026111-vanilla-os-xlarge-xlarge-aws-v2,1,ip-172-31-31-95,ranking,benchANT
2026-09-18 10:25:00+00:00,processes,unknown,0,dbms,09-2026,yugabyte-2026111-vanilla-os-xlarge-xlarge-aws-v2,1,ip-172-31-31-95,ranking,benchANT
2026-09-18 10:25:10+00:00,processes,unknown,0,dbms,09-2026,yugabyte-2026111-vanilla-os-xlarge-xlarge-aws-v2,1,ip-172-31-31-95,ranking,benchANT
2026-09-18 10:25:20+00:00,processes,unknown,0,dbms,09-2026,yugabyte-2026111-vanilla-os-xlarge-xlarge-aws-v2,1,ip-172-31-31-95,ranking,benchANT
2026-09-18 10:25:30+00:00,processes,unknown,0,dbms,09-2026,yugabyte-2026111-vanilla-os-xlarge-xlarge-aws-v2,1,ip-172-31-31-95,ranking,benchANT
2026-09-18 10:25:40+00:00,processes,unknown,0,dbms,09-2026,yugabyte-2026111-vanilla-os-xlarge-xlarge-aws-v2,1,ip-172-31-31-95,ranking,benchANT
2026-09-18 10:25:50+00:00,processes,unknown,0,dbms,09-2026,yugabyte-2026111-vanilla-os-xlarge-xlarge-aws-v2,1,ip-172-31-31-95,ranking,benchANT
2026-09-18 10:26:00+00:00,processes,unknown,0,dbms,09-2026,yugabyte-2026111-vanilla-os-xlarge-xlarge-aws-v2,1,ip-172-31-31-95,ranking,benchANT
2026-09-18 10:26:10+00:00,processes,unknown,0,dbms,09-2026,yugabyte-2026111-vanilla-os-xlarge-xlarge-aws-v2,1,ip-172-31-31-95,ranking,benchANT
2026-09-18 10:26:20+00:00,processes,unknown,0,dbms,09-2026,yugabyte-2026111-vanilla-os-xlarge-xlarge-aws-v2,1,ip-172-31-31-95,ranking,benchANT
2026-09-18 10:26:30+00:00,processes,unknown,0,dbms,09-2026,yugabyte-2026111-vanilla-os-xlarge-xlarge-aws-v2,1,ip-172-31-31-95,ranking,benchANT
2026-09-18 10:26:40+00:00,processes,unknown,0,dbms,09-2026,yugabyte-2026111-vanilla-os-xlarge-xlarge-aws-v2,1,ip-172-31-31-95,ranking,benchANT
2026-09-18 10:26:50+00:00,processes,unknown,0,dbms,09-2026,yugabyte-2026111-vanilla-os-xlarge-xlarge-aws-v2,1,ip-172-31-31-95,ranking,benchANT
2026-09-18 10:27:00+00:00,processes,unknown,0,dbms,09-2026,yugabyte-2026111-vanilla-os-xlarge-xlarge-aws-v2,1,ip-172-31-31-95,ranking,benchANT
2026-09-18 10:27:10+00:00,processes,unknown,0,dbms,09-2026,yugabyte-2026111-vanilla-os-xlarge-xlarge-aws-v2,1,ip-172-31-31-95,ranking,benchANT
2026-09-18 10:27:20+00:00,processes,unknown,0,dbms,09-2026,yugabyte-2026111-vanilla-os-xlarge-xlarge-aws-v2,1,ip-172-31-31-95,ranking,benchANT
2026-09-18 10:27:30+00:00,processes,unknown,0,dbms,09-2026,yugabyte-2026111-vanilla-os-xlarge-xlarge-aws-v2,1,ip-172-31-31-95,ranking,benchANT
2026-09-18 10:27:40+00:00,processes,unknown,0,dbms,09-2026,yugabyte-2026111-vanilla-os-xlarge-xlarge-aws-v2,1,ip-172-31-31-95,ranking,benchANT
2026-09-18 10:27:50+00:00,processes,unknown,0,dbms,09-2026,yugabyte-2026111-vanilla-os-xlarge-xlarge-aws-v2,1,ip-172-31-31-95,ranking,benchANT
2026-09-18 10:28:00+00:00,processes,unknown,0,dbms,09-2026,yugabyte-2026111-vanilla-os-xlarge-xlarge-aws-v2,1,ip-172-31-31-95,ranking,benchANT
2026-09-18 10:28:10+00:00,processes,unknown,0,dbms,09-2026,yugabyte-2026111-vanilla-os-xlarge-xlarge-aws-v2,1,ip-172-31-31-95,ranking,benchANT
2026-09-18 10:28:20+00:00,processes,unknown,0,dbms,09-2026,yugabyte-2026111-vanilla-os-xlarge-xlarge-aws-v2,1,ip-172-31-31-95,ranking,benchANT
2026-09-18 10:28:30+00:00,processes,unknown,0,dbms,09-2026,yugabyte-2026111-vanilla-os-xlarge-xlarge-aws-v2,1,ip-172-31-31-95,ranking,benchANT
2026-09-18 10:28:40+00:00,processes,unknown,0,dbms,09-2026,yugabyte-2026111-vanilla-os-xlarge-xlarge-aws-v2,1,ip-172-31-31-95,ranking,benchANT
2026-09-18 10:28:50+00:00,processes,unknown,0,dbms,09-2026,yugabyte-2026111-vanilla-os-xlarge-xlarge-aws-v2,1,ip-172-31-31-95,ranking,benchANT
2026-09-18 10:29:00+00:00,processes,unknown,0,dbms,09-2026,yugabyte-2026111-vanilla-os-xlarge-xlarge-aws-v2,1,ip-172-31-31-95,ranking,benchANT
2026-09-18 10:29:10+00:00,processes,unknown,0,dbms,09-2026,yugabyte-2026111-vanilla-os-xlarge-xlarge-aws-v2,1,ip-172-31-31-95,ranking,benchANT
2026-09-18 10:29:20+00:00,processes,unknown,0,dbms,09-2026,yugabyte-2026111-vanilla-os-xlarge-xlarge-aws-v2,1,ip-172-31-31-95,ranking,benchANT
2026-09-18 10:29:30+00:00,processes,unknown,0,dbms,09-2026,yugabyte-2026111-vanilla-os-xlarge-xlarge-aws-v2,1,ip-172-31-31-95,ranking,benchANT
2026-09-18 10:29:40+00:00,processes,unknown,0,dbms,09-2026,yugabyte-2026111-vanilla-os-xlarge-xlarge-aws-v2,1,ip-172-31-31-95,ranking,benchANT
2026-09-18 10:29:50+00:00,processes,unknown,0,dbms,09-2026,yugabyte-2026111-vanilla-os-xlarge-xlarge-aws-v2,1,ip-172-31-31-95,ranking,benchANT
2026-09-18 10:30:00+00:00,processes,unknown,0,dbms,09-2026,yugabyte-2026111-vanilla-os-xlarge-xlarge-aws-v2,1,ip-172-31-31-95,ranking,benchANT
2026-09-18 10:30:10+00:00,processes,unknown,0,dbms,09-2026,yugabyte-2026111-vanilla-os-xlarge-xlarge-aws-v2,1,ip-172-31-31-95,ranking,benchANT
2026-09-18 10:30:20+00:00,processes,unknown,0,dbms,09-2026,yugabyte-2026111-vanilla-os-xlarge-xlarge-aws-v2,1,ip-172-31-31-95,ranking,benchANT
2026-09-18 10:30:30+00:00,processes,unknown,0,dbms,09-2026,yugabyte-2026111-vanilla-os-xlarge-xlarge-aws-v2,1,ip-172-31-31-95,ranking,benchANT
2026-09-18 10:30:40+00:00,processes,unknown,0,dbms,09-2026,yugabyte-2026111-vanilla-os-xlarge-xlarge-aws-v2,1,ip-172-31-31-95,ranking,benchANT
2026-09-18 10:30:50+00:00,processes,unknown,0,dbms,09-2026,yugabyte-2026111-vanilla-os-xlarge-xlarge-aws-v2,1,ip-172-31-31-95,ranking,benchANT
2026-09-18 10:31:00+00:00,processes,unknown,0,dbms,09-2026,yugabyte-2026111-vanilla-os-xlarge-xlarge-aws-v2,1,ip-172-31-31-95,ranking,benchANT
2026-09-18 10:31:10+00:00,processes,unknown,0,dbms,09-2026,yugabyte-2026111-vanilla-os-xlarge-xlarge-aws-v2,1,ip-172-31-31-95,ranking,benchANT
2026-09-18 10:31:20+00:00,processes,unknown,0,dbms,09-2026,yugabyte-2026111-vanilla-os-xlarge-xlarge-aws-v2,1,ip-172-31-31-95,ranking,benchANT
2026-09-18 10:23:00+00:00,processes,zombies,0,dbms,09-2026,yugabyte-2026111-vanilla-os-xlarge-xlarge-aws-v2,1,ip-172-31-31-95,ranking,benchANT
2026-09-18 10:23:10+00:00,processes,zombies,0,dbms,09-2026,yugabyte-2026111-vanilla-os-xlarge-xlarge-aws-v2,1,ip-172-31-31-95,ranking,benchANT
2026-09-18 10:23:20+00:00,processes,zombies,0,dbms,09-2026,yugabyte-2026111-vanilla-os-xlarge-xlarge-aws-v2,1,ip-172-31-31-95,ranking,benchANT
2026-09-18 10:23:30+00:00,processes,zombies,0,dbms,09-2026,yugabyte-2026111-vanilla-os-xlarge-xlarge-aws-v2,1,ip-172-31-31-95,ranking,benchANT
2026-09-18 10:23:40+00:00,processes,zombies,0,dbms,09-2026,yugabyte-2026111-vanilla-os-xlarge-xlarge-aws-v2,1,ip-172-31-31-95,ranking,benchANT
2026-09-18 10:23:50+00:00,processes,zombies,0,dbms,09-2026,yugabyte-2026111-vanilla-os-xlarge-xlarge-aws-v2,1,ip-172-31-31-95,ranking,benchANT
2026-09-18 10:24:00+00:00,processes,zombies,0,dbms,09-2026,yugabyte-2026111-vanilla-os-xlarge-xlarge-aws-v2,1,ip-172-31-31-95,ranking,benchANT
2026-09-18 10:24:10+00:00,processes,zombies,0,dbms,09-2026,yugabyte-2026111-vanilla-os-xlarge-xlarge-aws-v2,1,ip-172-31-31-95,ranking,benchANT
2026-09-18 10:24:20+00:00,processes,zombies,0,dbms,09-2026,yugabyte-2026111-vanilla-os-xlarge-xlarge-aws-v2,1,ip-172-31-31-95,ranking,benchANT
2026-09-18 10:24:30+00:00,processes,zombies,0,dbms,09-2026,yugabyte-2026111-vanilla-os-xlarge-xlarge-aws-v2,1,ip-172-31-31-95,ranking,benchANT
2026-09-18 10:24:40+00:00,processes,zombies,0,dbms,09-2026,yugabyte-2026111-vanilla-os-xlarge-xlarge-aws-v2,1,ip-172-31-31-95,ranking,benchANT
2026-09-18 10:24:50+00:00,processes,zombies,0,dbms,09-2026,yugabyte-2026111-vanilla-os-xlarge-xlarge-aws-v2,1,ip-172-31-31-95,ranking,benchANT
2026-09-18 10:25:00+00:00,processes,zombies,0,dbms,09-2026,yugabyte-2026111-vanilla-os-xlarge-xlarge-aws-v2,1,ip-172-31-31-95,ranking,benchANT
2026-09-18 10:25:10+00:00,processes,zombies,0,dbms,09-2026,yugabyte-2026111-vanilla-os-xlarge-xlarge-aws-v2,1,ip-172-31-31-95,ranking,benchANT
2026-09-18 10:25:20+00:00,processes,zombies,0,dbms,09-2026,yugabyte-2026111-vanilla-os-xlarge-xlarge-aws-v2,1,ip-172-31-31-95,ranking,benchANT
2026-09-18 10:25:30+00:00,processes,zombies,0,dbms,09-2026,yugabyte-2026111-vanilla-os-xlarge-xlarge-aws-v2,1,ip-172-31-31-95,ranking,benchANT
2026-09-18 10:25:40+00:00,processes,zombies,0,dbms,09-2026,yugabyte-2026111-vanilla-os-xlarge-xlarge-aws-v2,1,ip-172-31-31-95,ranking,benchANT
2026-09-18 10:25:50+00:00,processes,zombies,0,dbms,09-2026,yugabyte-2026111-vanilla-os-xlarge-xlarge-aws-v2,1,ip-172-31-31-95,ranking,benchANT
2026-09-18 10:26:00+00:00,processes,zombies,0,dbms,09-2026,yugabyte-2026111-vanilla-os-xlarge-xlarge-aws-v2,1,ip-172-31-31-95,ranking,benchANT
2026-09-18 10:26:10+00:00,processes,zombies,0,dbms,09-2026,yugabyte-2026111-vanilla-os-xlarge-xlarge-aws-v2,1,ip-172-31-31-95,ranking,benchANT
2026-09-18 10:26:20+00:00,processes,zombies,0,dbms,09-2026,yugabyte-2026111-vanilla-os-xlarge-xlarge-aws-v2,1,ip-172-31-31-95,ranking,benchANT
2026-09-18 10:26:30+00:00,processes,zombies,0,dbms,09-2026,yugabyte-2026111-vanilla-os-xlarge-xlarge-aws-v2,1,ip-172-31-31-95,ranking,benchANT
2026-09-18 10:26:40+00:00,processes,zombies,0,dbms,09-2026,yugabyte-2026111-vanilla-os-xlarge-xlarge-aws-v2,1,ip-172-31-31-95,ranking,benchANT
2026-09-18 10:26:50+00:00,processes,zombies,0,dbms,09-2026,yugabyte-2026111-vanilla-os-xlarge-xlarge-aws-v2,1,ip-172-31-31-95,ranking,benchANT
2026-09-18 10:27:00+00:00,processes,zombies,0,dbms,09-2026,yugabyte-2026111-vanilla-os-xlarge-xlarge-aws-v2,1,ip-172-31-31-95,ranking,benchANT
2026-09-18 10:27:10+00:00,processes,zombies,0,dbms,09-2026,yugabyte-2026111-vanilla-os-xlarge-xlarge-aws-v2,1,ip-172-31-31-95,ranking,benchANT
2026-09-18 10:27:20+00:00,processes,zombies,0,dbms,09-2026,yugabyte-2026111-vanilla-os-xlarge-xlarge-aws-v2,1,ip-172-31-31-95,ranking,benchANT
2026-09-18 10:27:30+00:00,processes,zombies,0,dbms,09-2026,yugabyte-2026111-vanilla-os-xlarge-xlarge-aws-v2,1,ip-172-31-31-95,ranking,benchANT
2026-09-18 10:27:40+00:00,processes,zombies,0,dbms,09-2026,yugabyte-2026111-vanilla-os-xlarge-xlarge-aws-v2,1,ip-172-31-31-95,ranking,benchANT
2026-09-18 10:27:50+00:00,processes,zombies,0,dbms,09-2026,yugabyte-2026111-vanilla-os-xlarge-xlarge-aws-v2,1,ip-172-31-31-95,ranking,benchANT
2026-09-18 10:28:00+00:00,processes,zombies,0,dbms,09-2026,yugabyte-2026111-vanilla-os-xlarge-xlarge-aws-v2,1,ip-172-31-31-95,ranking,benchANT
2026-09-18 10:28:10+00:00,processes,zombies,0,dbms,09-2026,yugabyte-2026111-vanilla-os-xlarge-xlarge-aws-v2,1,ip-172-31-31-95,ranking,benchANT
2026-09-18 10:28:20+00:00,processes,zombies,0,dbms,09-2026,yugabyte-2026111-vanilla-os-xlarge-xlarge-aws-v2,1,ip-172-31-31-95,ranking,benchANT
2026-09-18 10:28:30+00:00,processes,zombies,0,dbms,09-2026,yugabyte-2026111-vanilla-os-xlarge-xlarge-aws-v2,1,ip-172-31-31-95,ranking,benchANT
2026-09-18 10:28:40+00:00,processes,zombies,0,dbms,09-2026,yugabyte-2026111-vanilla-os-xlarge-xlarge-aws-v2,1,ip-172-31-31-95,ranking,benchANT
2026-09-18 10:28:50+00:00,processes,zombies,0,dbms,09-2026,yugabyte-2026111-vanilla-os-xlarge-xlarge-aws-v2,1,ip-172-31-31-95,ranking,benchANT
2026-09-18 10:29:00+00:00,processes,zombies,0,dbms,09-2026,yugabyte-2026111-vanilla-os-xlarge-xlarge-aws-v2,1,ip-172-31-31-95,ranking,benchANT
2026-09-18 10:29:10+00:00,processes,zombies,0,dbms,09-2026,yugabyte-2026111-vanilla-os-xlarge-xlarge-aws-v2,1,ip-172-31-31-95,ranking,benchANT
2026-09-18 10:29:20+00:00,processes,zombies,0,dbms,09-2026,yugabyte-2026111-vanilla-os-xlarge-xlarge-aws-v2,1,ip-172-31-31-95,ranking,benchANT
2026-09-18 10:29:30+00:00,processes,zombies,0,dbms,09-2026,yugabyte-2026111-vanilla-os-xlarge-xlarge-aws-v2,1,ip-172-31-31-95,ranking,benchANT
2026-09-18 10:29:40+00:00,processes,zombies,0,dbms,09-2026,yugabyte-2026111-vanilla-os-xlarge-xlarge-aws-v2,1,ip-172-31-31-95,ranking,benchANT
2026-09-18 10:29:50+00:00,processes,zombies,0,dbms,09-2026,yugabyte-2026111-vanilla-os-xlarge-xlarge-aws-v2,1,ip-172-31-31-95,ranking,benchANT
2026-09-18 10:30:00+00:00,processes,zombies,0,dbms,09-2026,yugabyte-2026111-vanilla-os-xlarge-xlarge-aws-v2,1,ip-172-31-31-95,ranking,benchANT
2026-09-18 10:30:10+00:00,processes,zombies,0,dbms,09-2026,yugabyte-2026111-vanilla-os-xlarge-xlarge-aws-v2,1,ip-172-31-31-95,ranking,benchANT
2026-09-18 10:30:20+00:00,processes,zombies,0,dbms,09-2026,yugabyte-2026111-vanilla-os-xlarge-xlarge-aws-v2,1,ip-172-31-31-95,ranking,benchANT
2026-09-18 10:30:30+00:00,processes,zombies,0,dbms,09-2026,yugabyte-2026111-vanilla-os-xlarge-xlarge-aws-v2,1,ip-172-31-31-95,ranking,benchANT
2026-09-18 10:30:40+00:00,processes,zombies,0,dbms,09-2026,yugabyte-2026111-vanilla-os-xlarge-xlarge-aws-v2,1,ip-172-31-31-95,ranking,benchANT
2026-09-18 10:30:50+00:00,processes,zombies,0,dbms,09-2026,yugabyte-2026111-vanilla-os-xlarge-xlarge-aws-v2,1,ip-172-31-31-95,ranking,benchANT
2026-09-18 10:31:00+00:00,processes,zombies,0,dbms,09-2026,yugabyte-2026111-vanilla-os-xlarge-xlarge-aws-v2,1,ip-172-31-31-95,ranking,benchANT
2026-09-18 10:31:10+00:00,processes,zombies,0,dbms,09-2026,yugabyte-2026111-vanilla-os-xlarge-xlarge-aws-v2,1,ip-172-31-31-95,ranking,benchANT
2026-09-18 10:31:20+00:00,processes,zombies,0,dbms,09-2026,yugabyte-2026111-vanilla-os-xlarge-xlarge-aws-v2,1,ip-172-31-31-95,ranking,benchANT
