time,measurement,field,value,application,batchId,configurationId,executionCounter,host,projectId,userId
2026-08-12 14:00:20+00:00,processes,blocked,0,dbms,08-2026,couchbase-802-vanilla-ee-large-large-aws,1,ip-172-31-25-249,ranking,benchANT
2026-08-12 14:00:30+00:00,processes,blocked,0,dbms,08-2026,couchbase-802-vanilla-ee-large-large-aws,1,ip-172-31-25-249,ranking,benchANT
2026-08-12 14:00:40+00:00,processes,blocked,0,dbms,08-2026,couchbase-802-vanilla-ee-large-large-aws,1,ip-172-31-25-249,ranking,benchANT
2026-08-12 14:00:50+00:00,processes,blocked,0,dbms,08-2026,couchbase-802-vanilla-ee-large-large-aws,1,ip-172-31-25-249,ranking,benchANT
2026-08-12 14:01:00+00:00,processes,blocked,0,dbms,08-2026,couchbase-802-vanilla-ee-large-large-aws,1,ip-172-31-25-249,ranking,benchANT
2026-08-12 14:01:10+00:00,processes,blocked,0,dbms,08-2026,couchbase-802-vanilla-ee-large-large-aws,1,ip-172-31-25-249,ranking,benchANT
2026-08-12 14:01:20+00:00,processes,blocked,1,dbms,08-2026,couchbase-802-vanilla-ee-large-large-aws,1,ip-172-31-25-249,ranking,benchANT
2026-08-12 14:01:30+00:00,processes,blocked,0,dbms,08-2026,couchbase-802-vanilla-ee-large-large-aws,1,ip-172-31-25-249,ranking,benchANT
2026-08-12 14:01:40+00:00,processes,blocked,2,dbms,08-2026,couchbase-802-vanilla-ee-large-large-aws,1,ip-172-31-25-249,ranking,benchANT
2026-08-12 14:01:50+00:00,processes,blocked,1,dbms,08-2026,couchbase-802-vanilla-ee-large-large-aws,1,ip-172-31-25-249,ranking,benchANT
2026-08-12 14:02:00+00:00,processes,blocked,1,dbms,08-2026,couchbase-802-vanilla-ee-large-large-aws,1,ip-172-31-25-249,ranking,benchANT
2026-08-12 14:02:10+00:00,processes,blocked,1,dbms,08-2026,couchbase-802-vanilla-ee-large-large-aws,1,ip-172-31-25-249,ranking,benchANT
2026-08-12 14:02:20+00:00,processes,blocked,1,dbms,08-2026,couchbase-802-vanilla-ee-large-large-aws,1,ip-172-31-25-249,ranking,benchANT
2026-08-12 14:02:30+00:00,processes,blocked,1,dbms,08-2026,couchbase-802-vanilla-ee-large-large-aws,1,ip-172-31-25-249,ranking,benchANT
2026-08-12 14:02:40+00:00,processes,blocked,1,dbms,08-2026,couchbase-802-vanilla-ee-large-large-aws,1,ip-172-31-25-249,ranking,benchANT
2026-08-12 14:02:50+00:00,processes,blocked,0,dbms,08-2026,couchbase-802-vanilla-ee-large-large-aws,1,ip-172-31-25-249,ranking,benchANT
2026-08-12 14:03:00+00:00,processes,blocked,1,dbms,08-2026,couchbase-802-vanilla-ee-large-large-aws,1,ip-172-31-25-249,ranking,benchANT
2026-08-12 14:03:10+00:00,processes,blocked,0,dbms,08-2026,couchbase-802-vanilla-ee-large-large-aws,1,ip-172-31-25-249,ranking,benchANT
2026-08-12 14:03:20+00:00,processes,blocked,2,dbms,08-2026,couchbase-802-vanilla-ee-large-large-aws,1,ip-172-31-25-249,ranking,benchANT
2026-08-12 14:03:30+00:00,processes,blocked,1,dbms,08-2026,couchbase-802-vanilla-ee-large-large-aws,1,ip-172-31-25-249,ranking,benchANT
2026-08-12 14:03:40+00:00,processes,blocked,1,dbms,08-2026,couchbase-802-vanilla-ee-large-large-aws,1,ip-172-31-25-249,ranking,benchANT
2026-08-12 14:03:50+00:00,processes,blocked,1,dbms,08-2026,couchbase-802-vanilla-ee-large-large-aws,1,ip-172-31-25-249,ranking,benchANT
2026-08-12 14:04:00+00:00,processes,blocked,0,dbms,08-2026,couchbase-802-vanilla-ee-large-large-aws,1,ip-172-31-25-249,ranking,benchANT
2026-08-12 14:04:10+00:00,processes,blocked,1,dbms,08-2026,couchbase-802-vanilla-ee-large-large-aws,1,ip-172-31-25-249,ranking,benchANT
2026-08-12 14:04:20+00:00,processes,blocked,1,dbms,08-2026,couchbase-802-vanilla-ee-large-large-aws,1,ip-172-31-25-249,ranking,benchANT
2026-08-12 14:04:30+00:00,processes,blocked,1,dbms,08-2026,couchbase-802-vanilla-ee-large-large-aws,1,ip-172-31-25-249,ranking,benchANT
2026-08-12 14:04:40+00:00,processes,blocked,1,dbms,08-2026,couchbase-802-vanilla-ee-large-large-aws,1,ip-172-31-25-249,ranking,benchANT
2026-08-12 14:04:50+00:00,processes,blocked,1,dbms,08-2026,couchbase-802-vanilla-ee-large-large-aws,1,ip-172-31-25-249,ranking,benchANT
2026-08-12 14:05:00+00:00,processes,blocked,1,dbms,08-2026,couchbase-802-vanilla-ee-large-large-aws,1,ip-172-31-25-249,ranking,benchANT
2026-08-12 14:05:10+00:00,processes,blocked,0,dbms,08-2026,couchbase-802-vanilla-ee-large-large-aws,1,ip-172-31-25-249,ranking,benchANT
2026-08-12 14:05:20+00:00,processes,blocked,1,dbms,08-2026,couchbase-802-vanilla-ee-large-large-aws,1,ip-172-31-25-249,ranking,benchANT
2026-08-12 14:05:30+00:00,processes,blocked,1,dbms,08-2026,couchbase-802-vanilla-ee-large-large-aws,1,ip-172-31-25-249,ranking,benchANT
2026-08-12 14:05:40+00:00,processes,blocked,1,dbms,08-2026,couchbase-802-vanilla-ee-large-large-aws,1,ip-172-31-25-249,ranking,benchANT
2026-08-12 14:05:50+00:00,processes,blocked,1,dbms,08-2026,couchbase-802-vanilla-ee-large-large-aws,1,ip-172-31-25-249,ranking,benchANT
2026-08-12 14:06:00+00:00,processes,blocked,1,dbms,08-2026,couchbase-802-vanilla-ee-large-large-aws,1,ip-172-31-25-249,ranking,benchANT
2026-08-12 14:06:10+00:00,processes,blocked,0,dbms,08-2026,couchbase-802-vanilla-ee-large-large-aws,1,ip-172-31-25-249,ranking,benchANT
2026-08-12 14:06:20+00:00,processes,blocked,1,dbms,08-2026,couchbase-802-vanilla-ee-large-large-aws,1,ip-172-31-25-249,ranking,benchANT
2026-08-12 14:06:30+00:00,processes,blocked,1,dbms,08-2026,couchbase-802-vanilla-ee-large-large-aws,1,ip-172-31-25-249,ranking,benchANT
2026-08-12 14:06:40+00:00,processes,blocked,1,dbms,08-2026,couchbase-802-vanilla-ee-large-large-aws,1,ip-172-31-25-249,ranking,benchANT
2026-08-12 14:06:50+00:00,processes,blocked,2,dbms,08-2026,couchbase-802-vanilla-ee-large-large-aws,1,ip-172-31-25-249,ranking,benchANT
2026-08-12 14:07:00+00:00,processes,blocked,1,dbms,08-2026,couchbase-802-vanilla-ee-large-large-aws,1,ip-172-31-25-249,ranking,benchANT
2026-08-12 14:07:10+00:00,processes,blocked,1,dbms,08-2026,couchbase-802-vanilla-ee-large-large-aws,1,ip-172-31-25-249,ranking,benchANT
2026-08-12 14:07:20+00:00,processes,blocked,1,dbms,08-2026,couchbase-802-vanilla-ee-large-large-aws,1,ip-172-31-25-249,ranking,benchANT
2026-08-12 14:07:30+00:00,processes,blocked,1,dbms,08-2026,couchbase-802-vanilla-ee-large-large-aws,1,ip-172-31-25-249,ranking,benchANT
2026-08-12 14:07:40+00:00,processes,blocked,1,dbms,08-2026,couchbase-802-vanilla-ee-large-large-aws,1,ip-172-31-25-249,ranking,benchANT
2026-08-12 14:00:20+00:00,processes,dead,0,dbms,08-2026,couchbase-802-vanilla-ee-large-large-aws,1,ip-172-31-25-249,ranking,benchANT
2026-08-12 14:00:30+00:00,processes,dead,0,dbms,08-2026,couchbase-802-vanilla-ee-large-large-aws,1,ip-172-31-25-249,ranking,benchANT
2026-08-12 14:00:40+00:00,processes,dead,0,dbms,08-2026,couchbase-802-vanilla-ee-large-large-aws,1,ip-172-31-25-249,ranking,benchANT
2026-08-12 14:00:50+00:00,processes,dead,0,dbms,08-2026,couchbase-802-vanilla-ee-large-large-aws,1,ip-172-31-25-249,ranking,benchANT
2026-08-12 14:01:00+00:00,processes,dead,0,dbms,08-2026,couchbase-802-vanilla-ee-large-large-aws,1,ip-172-31-25-249,ranking,benchANT
2026-08-12 14:01:10+00:00,processes,dead,0,dbms,08-2026,couchbase-802-vanilla-ee-large-large-aws,1,ip-172-31-25-249,ranking,benchANT
2026-08-12 14:01:20+00:00,processes,dead,0,dbms,08-2026,couchbase-802-vanilla-ee-large-large-aws,1,ip-172-31-25-249,ranking,benchANT
2026-08-12 14:01:30+00:00,processes,dead,0,dbms,08-2026,couchbase-802-vanilla-ee-large-large-aws,1,ip-172-31-25-249,ranking,benchANT
2026-08-12 14:01:40+00:00,processes,dead,0,dbms,08-2026,couchbase-802-vanilla-ee-large-large-aws,1,ip-172-31-25-249,ranking,benchANT
2026-08-12 14:01:50+00:00,processes,dead,0,dbms,08-2026,couchbase-802-vanilla-ee-large-large-aws,1,ip-172-31-25-249,ranking,benchANT
2026-08-12 14:02:00+00:00,processes,dead,0,dbms,08-2026,couchbase-802-vanilla-ee-large-large-aws,1,ip-172-31-25-249,ranking,benchANT
2026-08-12 14:02:10+00:00,processes,dead,0,dbms,08-2026,couchbase-802-vanilla-ee-large-large-aws,1,ip-172-31-25-249,ranking,benchANT
2026-08-12 14:02:20+00:00,processes,dead,0,dbms,08-2026,couchbase-802-vanilla-ee-large-large-aws,1,ip-172-31-25-249,ranking,benchANT
2026-08-12 14:02:30+00:00,processes,dead,0,dbms,08-2026,couchbase-802-vanilla-ee-large-large-aws,1,ip-172-31-25-249,ranking,benchANT
2026-08-12 14:02:40+00:00,processes,dead,0,dbms,08-2026,couchbase-802-vanilla-ee-large-large-aws,1,ip-172-31-25-249,ranking,benchANT
2026-08-12 14:02:50+00:00,processes,dead,0,dbms,08-2026,couchbase-802-vanilla-ee-large-large-aws,1,ip-172-31-25-249,ranking,benchANT
2026-08-12 14:03:00+00:00,processes,dead,0,dbms,08-2026,couchbase-802-vanilla-ee-large-large-aws,1,ip-172-31-25-249,ranking,benchANT
2026-08-12 14:03:10+00:00,processes,dead,0,dbms,08-2026,couchbase-802-vanilla-ee-large-large-aws,1,ip-172-31-25-249,ranking,benchANT
2026-08-12 14:03:20+00:00,processes,dead,0,dbms,08-2026,couchbase-802-vanilla-ee-large-large-aws,1,ip-172-31-25-249,ranking,benchANT
2026-08-12 14:03:30+00:00,processes,dead,0,dbms,08-2026,couchbase-802-vanilla-ee-large-large-aws,1,ip-172-31-25-249,ranking,benchANT
2026-08-12 14:03:40+00:00,processes,dead,0,dbms,08-2026,couchbase-802-vanilla-ee-large-large-aws,1,ip-172-31-25-249,ranking,benchANT
2026-08-12 14:03:50+00:00,processes,dead,0,dbms,08-2026,couchbase-802-vanilla-ee-large-large-aws,1,ip-172-31-25-249,ranking,benchANT
2026-08-12 14:04:00+00:00,processes,dead,0,dbms,08-2026,couchbase-802-vanilla-ee-large-large-aws,1,ip-172-31-25-249,ranking,benchANT
2026-08-12 14:04:10+00:00,processes,dead,0,dbms,08-2026,couchbase-802-vanilla-ee-large-large-aws,1,ip-172-31-25-249,ranking,benchANT
2026-08-12 14:04:20+00:00,processes,dead,0,dbms,08-2026,couchbase-802-vanilla-ee-large-large-aws,1,ip-172-31-25-249,ranking,benchANT
2026-08-12 14:04:30+00:00,processes,dead,0,dbms,08-2026,couchbase-802-vanilla-ee-large-large-aws,1,ip-172-31-25-249,ranking,benchANT
2026-08-12 14:04:40+00:00,processes,dead,0,dbms,08-2026,couchbase-802-vanilla-ee-large-large-aws,1,ip-172-31-25-249,ranking,benchANT
2026-08-12 14:04:50+00:00,processes,dead,0,dbms,08-2026,couchbase-802-vanilla-ee-large-large-aws,1,ip-172-31-25-249,ranking,benchANT
2026-08-12 14:05:00+00:00,processes,dead,0,dbms,08-2026,couchbase-802-vanilla-ee-large-large-aws,1,ip-172-31-25-249,ranking,benchANT
2026-08-12 14:05:10+00:00,processes,dead,0,dbms,08-2026,couchbase-802-vanilla-ee-large-large-aws,1,ip-172-31-25-249,ranking,benchANT
2026-08-12 14:05:20+00:00,processes,dead,0,dbms,08-2026,couchbase-802-vanilla-ee-large-large-aws,1,ip-172-31-25-249,ranking,benchANT
2026-08-12 14:05:30+00:00,processes,dead,0,dbms,08-2026,couchbase-802-vanilla-ee-large-large-aws,1,ip-172-31-25-249,ranking,benchANT
2026-08-12 14:05:40+00:00,processes,dead,0,dbms,08-2026,couchbase-802-vanilla-ee-large-large-aws,1,ip-172-31-25-249,ranking,benchANT
2026-08-12 14:05:50+00:00,processes,dead,0,dbms,08-2026,couchbase-802-vanilla-ee-large-large-aws,1,ip-172-31-25-249,ranking,benchANT
2026-08-12 14:06:00+00:00,processes,dead,0,dbms,08-2026,couchbase-802-vanilla-ee-large-large-aws,1,ip-172-31-25-249,ranking,benchANT
2026-08-12 14:06:10+00:00,processes,dead,0,dbms,08-2026,couchbase-802-vanilla-ee-large-large-aws,1,ip-172-31-25-249,ranking,benchANT
2026-08-12 14:06:20+00:00,processes,dead,0,dbms,08-2026,couchbase-802-vanilla-ee-large-large-aws,1,ip-172-31-25-249,ranking,benchANT
2026-08-12 14:06:30+00:00,processes,dead,0,dbms,08-2026,couchbase-802-vanilla-ee-large-large-aws,1,ip-172-31-25-249,ranking,benchANT
2026-08-12 14:06:40+00:00,processes,dead,0,dbms,08-2026,couchbase-802-vanilla-ee-large-large-aws,1,ip-172-31-25-249,ranking,benchANT
2026-08-12 14:06:50+00:00,processes,dead,0,dbms,08-2026,couchbase-802-vanilla-ee-large-large-aws,1,ip-172-31-25-249,ranking,benchANT
2026-08-12 14:07:00+00:00,processes,dead,0,dbms,08-2026,couchbase-802-vanilla-ee-large-large-aws,1,ip-172-31-25-249,ranking,benchANT
2026-08-12 14:07:10+00:00,processes,dead,0,dbms,08-2026,couchbase-802-vanilla-ee-large-large-aws,1,ip-172-31-25-249,ranking,benchANT
2026-08-12 14:07:20+00:00,processes,dead,0,dbms,08-2026,couchbase-802-vanilla-ee-large-large-aws,1,ip-172-31-25-249,ranking,benchANT
2026-08-12 14:07:30+00:00,processes,dead,0,dbms,08-2026,couchbase-802-vanilla-ee-large-large-aws,1,ip-172-31-25-249,ranking,benchANT
2026-08-12 14:07:40+00:00,processes,dead,0,dbms,08-2026,couchbase-802-vanilla-ee-large-large-aws,1,ip-172-31-25-249,ranking,benchANT
2026-08-12 14:00:20+00:00,processes,idle,75,dbms,08-2026,couchbase-802-vanilla-ee-large-large-aws,1,ip-172-31-25-249,ranking,benchANT
2026-08-12 14:00:30+00:00,processes,idle,76,dbms,08-2026,couchbase-802-vanilla-ee-large-large-aws,1,ip-172-31-25-249,ranking,benchANT
2026-08-12 14:00:40+00:00,processes,idle,76,dbms,08-2026,couchbase-802-vanilla-ee-large-large-aws,1,ip-172-31-25-249,ranking,benchANT
2026-08-12 14:00:50+00:00,processes,idle,76,dbms,08-2026,couchbase-802-vanilla-ee-large-large-aws,1,ip-172-31-25-249,ranking,benchANT
2026-08-12 14:01:00+00:00,processes,idle,76,dbms,08-2026,couchbase-802-vanilla-ee-large-large-aws,1,ip-172-31-25-249,ranking,benchANT
2026-08-12 14:01:10+00:00,processes,idle,76,dbms,08-2026,couchbase-802-vanilla-ee-large-large-aws,1,ip-172-31-25-249,ranking,benchANT
2026-08-12 14:01:20+00:00,processes,idle,76,dbms,08-2026,couchbase-802-vanilla-ee-large-large-aws,1,ip-172-31-25-249,ranking,benchANT
2026-08-12 14:01:30+00:00,processes,idle,76,dbms,08-2026,couchbase-802-vanilla-ee-large-large-aws,1,ip-172-31-25-249,ranking,benchANT
2026-08-12 14:01:40+00:00,processes,idle,75,dbms,08-2026,couchbase-802-vanilla-ee-large-large-aws,1,ip-172-31-25-249,ranking,benchANT
2026-08-12 14:01:50+00:00,processes,idle,76,dbms,08-2026,couchbase-802-vanilla-ee-large-large-aws,1,ip-172-31-25-249,ranking,benchANT
2026-08-12 14:02:00+00:00,processes,idle,76,dbms,08-2026,couchbase-802-vanilla-ee-large-large-aws,1,ip-172-31-25-249,ranking,benchANT
2026-08-12 14:02:10+00:00,processes,idle,77,dbms,08-2026,couchbase-802-vanilla-ee-large-large-aws,1,ip-172-31-25-249,ranking,benchANT
2026-08-12 14:02:20+00:00,processes,idle,77,dbms,08-2026,couchbase-802-vanilla-ee-large-large-aws,1,ip-172-31-25-249,ranking,benchANT
2026-08-12 14:02:30+00:00,processes,idle,77,dbms,08-2026,couchbase-802-vanilla-ee-large-large-aws,1,ip-172-31-25-249,ranking,benchANT
2026-08-12 14:02:40+00:00,processes,idle,77,dbms,08-2026,couchbase-802-vanilla-ee-large-large-aws,1,ip-172-31-25-249,ranking,benchANT
2026-08-12 14:02:50+00:00,processes,idle,77,dbms,08-2026,couchbase-802-vanilla-ee-large-large-aws,1,ip-172-31-25-249,ranking,benchANT
2026-08-12 14:03:00+00:00,processes,idle,76,dbms,08-2026,couchbase-802-vanilla-ee-large-large-aws,1,ip-172-31-25-249,ranking,benchANT
2026-08-12 14:03:10+00:00,processes,idle,76,dbms,08-2026,couchbase-802-vanilla-ee-large-large-aws,1,ip-172-31-25-249,ranking,benchANT
2026-08-12 14:03:20+00:00,processes,idle,76,dbms,08-2026,couchbase-802-vanilla-ee-large-large-aws,1,ip-172-31-25-249,ranking,benchANT
2026-08-12 14:03:30+00:00,processes,idle,77,dbms,08-2026,couchbase-802-vanilla-ee-large-large-aws,1,ip-172-31-25-249,ranking,benchANT
2026-08-12 14:03:40+00:00,processes,idle,77,dbms,08-2026,couchbase-802-vanilla-ee-large-large-aws,1,ip-172-31-25-249,ranking,benchANT
2026-08-12 14:03:50+00:00,processes,idle,77,dbms,08-2026,couchbase-802-vanilla-ee-large-large-aws,1,ip-172-31-25-249,ranking,benchANT
2026-08-12 14:04:00+00:00,processes,idle,77,dbms,08-2026,couchbase-802-vanilla-ee-large-large-aws,1,ip-172-31-25-249,ranking,benchANT
2026-08-12 14:04:10+00:00,processes,idle,77,dbms,08-2026,couchbase-802-vanilla-ee-large-large-aws,1,ip-172-31-25-249,ranking,benchANT
2026-08-12 14:04:20+00:00,processes,idle,77,dbms,08-2026,couchbase-802-vanilla-ee-large-large-aws,1,ip-172-31-25-249,ranking,benchANT
2026-08-12 14:04:30+00:00,processes,idle,77,dbms,08-2026,couchbase-802-vanilla-ee-large-large-aws,1,ip-172-31-25-249,ranking,benchANT
2026-08-12 14:04:40+00:00,processes,idle,77,dbms,08-2026,couchbase-802-vanilla-ee-large-large-aws,1,ip-172-31-25-249,ranking,benchANT
2026-08-12 14:04:50+00:00,processes,idle,77,dbms,08-2026,couchbase-802-vanilla-ee-large-large-aws,1,ip-172-31-25-249,ranking,benchANT
2026-08-12 14:05:00+00:00,processes,idle,77,dbms,08-2026,couchbase-802-vanilla-ee-large-large-aws,1,ip-172-31-25-249,ranking,benchANT
2026-08-12 14:05:10+00:00,processes,idle,77,dbms,08-2026,couchbase-802-vanilla-ee-large-large-aws,1,ip-172-31-25-249,ranking,benchANT
2026-08-12 14:05:20+00:00,processes,idle,77,dbms,08-2026,couchbase-802-vanilla-ee-large-large-aws,1,ip-172-31-25-249,ranking,benchANT
2026-08-12 14:05:30+00:00,processes,idle,76,dbms,08-2026,couchbase-802-vanilla-ee-large-large-aws,1,ip-172-31-25-249,ranking,benchANT
2026-08-12 14:05:40+00:00,processes,idle,76,dbms,08-2026,couchbase-802-vanilla-ee-large-large-aws,1,ip-172-31-25-249,ranking,benchANT
2026-08-12 14:05:50+00:00,processes,idle,76,dbms,08-2026,couchbase-802-vanilla-ee-large-large-aws,1,ip-172-31-25-249,ranking,benchANT
2026-08-12 14:06:00+00:00,processes,idle,76,dbms,08-2026,couchbase-802-vanilla-ee-large-large-aws,1,ip-172-31-25-249,ranking,benchANT
2026-08-12 14:06:10+00:00,processes,idle,76,dbms,08-2026,couchbase-802-vanilla-ee-large-large-aws,1,ip-172-31-25-249,ranking,benchANT
2026-08-12 14:06:20+00:00,processes,idle,76,dbms,08-2026,couchbase-802-vanilla-ee-large-large-aws,1,ip-172-31-25-249,ranking,benchANT
2026-08-12 14:06:30+00:00,processes,idle,76,dbms,08-2026,couchbase-802-vanilla-ee-large-large-aws,1,ip-172-31-25-249,ranking,benchANT
2026-08-12 14:06:40+00:00,processes,idle,76,dbms,08-2026,couchbase-802-vanilla-ee-large-large-aws,1,ip-172-31-25-249,ranking,benchANT
2026-08-12 14:06:50+00:00,processes,idle,75,dbms,08-2026,couchbase-802-vanilla-ee-large-large-aws,1,ip-172-31-25-249,ranking,benchANT
2026-08-12 14:07:00+00:00,processes,idle,76,dbms,08-2026,couchbase-802-vanilla-ee-large-large-aws,1,ip-172-31-25-249,ranking,benchANT
2026-08-12 14:07:10+00:00,processes,idle,75,dbms,08-2026,couchbase-802-vanilla-ee-large-large-aws,1,ip-172-31-25-249,ranking,benchANT
2026-08-12 14:07:20+00:00,processes,idle,75,dbms,08-2026,couchbase-802-vanilla-ee-large-large-aws,1,ip-172-31-25-249,ranking,benchANT
2026-08-12 14:07:30+00:00,processes,idle,75,dbms,08-2026,couchbase-802-vanilla-ee-large-large-aws,1,ip-172-31-25-249,ranking,benchANT
2026-08-12 14:07:40+00:00,processes,idle,75,dbms,08-2026,couchbase-802-vanilla-ee-large-large-aws,1,ip-172-31-25-249,ranking,benchANT
2026-08-12 14:00:20+00:00,processes,paging,0,dbms,08-2026,couchbase-802-vanilla-ee-large-large-aws,1,ip-172-31-25-249,ranking,benchANT
2026-08-12 14:00:30+00:00,processes,paging,0,dbms,08-2026,couchbase-802-vanilla-ee-large-large-aws,1,ip-172-31-25-249,ranking,benchANT
2026-08-12 14:00:40+00:00,processes,paging,0,dbms,08-2026,couchbase-802-vanilla-ee-large-large-aws,1,ip-172-31-25-249,ranking,benchANT
2026-08-12 14:00:50+00:00,processes,paging,0,dbms,08-2026,couchbase-802-vanilla-ee-large-large-aws,1,ip-172-31-25-249,ranking,benchANT
2026-08-12 14:01:00+00:00,processes,paging,0,dbms,08-2026,couchbase-802-vanilla-ee-large-large-aws,1,ip-172-31-25-249,ranking,benchANT
2026-08-12 14:01:10+00:00,processes,paging,0,dbms,08-2026,couchbase-802-vanilla-ee-large-large-aws,1,ip-172-31-25-249,ranking,benchANT
2026-08-12 14:01:20+00:00,processes,paging,0,dbms,08-2026,couchbase-802-vanilla-ee-large-large-aws,1,ip-172-31-25-249,ranking,benchANT
2026-08-12 14:01:30+00:00,processes,paging,0,dbms,08-2026,couchbase-802-vanilla-ee-large-large-aws,1,ip-172-31-25-249,ranking,benchANT
2026-08-12 14:01:40+00:00,processes,paging,0,dbms,08-2026,couchbase-802-vanilla-ee-large-large-aws,1,ip-172-31-25-249,ranking,benchANT
2026-08-12 14:01:50+00:00,processes,paging,0,dbms,08-2026,couchbase-802-vanilla-ee-large-large-aws,1,ip-172-31-25-249,ranking,benchANT
2026-08-12 14:02:00+00:00,processes,paging,0,dbms,08-2026,couchbase-802-vanilla-ee-large-large-aws,1,ip-172-31-25-249,ranking,benchANT
2026-08-12 14:02:10+00:00,processes,paging,0,dbms,08-2026,couchbase-802-vanilla-ee-large-large-aws,1,ip-172-31-25-249,ranking,benchANT
2026-08-12 14:02:20+00:00,processes,paging,0,dbms,08-2026,couchbase-802-vanilla-ee-large-large-aws,1,ip-172-31-25-249,ranking,benchANT
2026-08-12 14:02:30+00:00,processes,paging,0,dbms,08-2026,couchbase-802-vanilla-ee-large-large-aws,1,ip-172-31-25-249,ranking,benchANT
2026-08-12 14:02:40+00:00,processes,paging,0,dbms,08-2026,couchbase-802-vanilla-ee-large-large-aws,1,ip-172-31-25-249,ranking,benchANT
2026-08-12 14:02:50+00:00,processes,paging,0,dbms,08-2026,couchbase-802-vanilla-ee-large-large-aws,1,ip-172-31-25-249,ranking,benchANT
2026-08-12 14:03:00+00:00,processes,paging,0,dbms,08-2026,couchbase-802-vanilla-ee-large-large-aws,1,ip-172-31-25-249,ranking,benchANT
2026-08-12 14:03:10+00:00,processes,paging,0,dbms,08-2026,couchbase-802-vanilla-ee-large-large-aws,1,ip-172-31-25-249,ranking,benchANT
2026-08-12 14:03:20+00:00,processes,paging,0,dbms,08-2026,couchbase-802-vanilla-ee-large-large-aws,1,ip-172-31-25-249,ranking,benchANT
2026-08-12 14:03:30+00:00,processes,paging,0,dbms,08-2026,couchbase-802-vanilla-ee-large-large-aws,1,ip-172-31-25-249,ranking,benchANT
2026-08-12 14:03:40+00:00,processes,paging,0,dbms,08-2026,couchbase-802-vanilla-ee-large-large-aws,1,ip-172-31-25-249,ranking,benchANT
2026-08-12 14:03:50+00:00,processes,paging,0,dbms,08-2026,couchbase-802-vanilla-ee-large-large-aws,1,ip-172-31-25-249,ranking,benchANT
2026-08-12 14:04:00+00:00,processes,paging,0,dbms,08-2026,couchbase-802-vanilla-ee-large-large-aws,1,ip-172-31-25-249,ranking,benchANT
2026-08-12 14:04:10+00:00,processes,paging,0,dbms,08-2026,couchbase-802-vanilla-ee-large-large-aws,1,ip-172-31-25-249,ranking,benchANT
2026-08-12 14:04:20+00:00,processes,paging,0,dbms,08-2026,couchbase-802-vanilla-ee-large-large-aws,1,ip-172-31-25-249,ranking,benchANT
2026-08-12 14:04:30+00:00,processes,paging,0,dbms,08-2026,couchbase-802-vanilla-ee-large-large-aws,1,ip-172-31-25-249,ranking,benchANT
2026-08-12 14:04:40+00:00,processes,paging,0,dbms,08-2026,couchbase-802-vanilla-ee-large-large-aws,1,ip-172-31-25-249,ranking,benchANT
2026-08-12 14:04:50+00:00,processes,paging,0,dbms,08-2026,couchbase-802-vanilla-ee-large-large-aws,1,ip-172-31-25-249,ranking,benchANT
2026-08-12 14:05:00+00:00,processes,paging,0,dbms,08-2026,couchbase-802-vanilla-ee-large-large-aws,1,ip-172-31-25-249,ranking,benchANT
2026-08-12 14:05:10+00:00,processes,paging,0,dbms,08-2026,couchbase-802-vanilla-ee-large-large-aws,1,ip-172-31-25-249,ranking,benchANT
2026-08-12 14:05:20+00:00,processes,paging,0,dbms,08-2026,couchbase-802-vanilla-ee-large-large-aws,1,ip-172-31-25-249,ranking,benchANT
2026-08-12 14:05:30+00:00,processes,paging,0,dbms,08-2026,couchbase-802-vanilla-ee-large-large-aws,1,ip-172-31-25-249,ranking,benchANT
2026-08-12 14:05:40+00:00,processes,paging,0,dbms,08-2026,couchbase-802-vanilla-ee-large-large-aws,1,ip-172-31-25-249,ranking,benchANT
2026-08-12 14:05:50+00:00,processes,paging,0,dbms,08-2026,couchbase-802-vanilla-ee-large-large-aws,1,ip-172-31-25-249,ranking,benchANT
2026-08-12 14:06:00+00:00,processes,paging,0,dbms,08-2026,couchbase-802-vanilla-ee-large-large-aws,1,ip-172-31-25-249,ranking,benchANT
2026-08-12 14:06:10+00:00,processes,paging,0,dbms,08-2026,couchbase-802-vanilla-ee-large-large-aws,1,ip-172-31-25-249,ranking,benchANT
2026-08-12 14:06:20+00:00,processes,paging,0,dbms,08-2026,couchbase-802-vanilla-ee-large-large-aws,1,ip-172-31-25-249,ranking,benchANT
2026-08-12 14:06:30+00:00,processes,paging,0,dbms,08-2026,couchbase-802-vanilla-ee-large-large-aws,1,ip-172-31-25-249,ranking,benchANT
2026-08-12 14:06:40+00:00,processes,paging,0,dbms,08-2026,couchbase-802-vanilla-ee-large-large-aws,1,ip-172-31-25-249,ranking,benchANT
2026-08-12 14:06:50+00:00,processes,paging,0,dbms,08-2026,couchbase-802-vanilla-ee-large-large-aws,1,ip-172-31-25-249,ranking,benchANT
2026-08-12 14:07:00+00:00,processes,paging,0,dbms,08-2026,couchbase-802-vanilla-ee-large-large-aws,1,ip-172-31-25-249,ranking,benchANT
2026-08-12 14:07:10+00:00,processes,paging,0,dbms,08-2026,couchbase-802-vanilla-ee-large-large-aws,1,ip-172-31-25-249,ranking,benchANT
2026-08-12 14:07:20+00:00,processes,paging,0,dbms,08-2026,couchbase-802-vanilla-ee-large-large-aws,1,ip-172-31-25-249,ranking,benchANT
2026-08-12 14:07:30+00:00,processes,paging,0,dbms,08-2026,couchbase-802-vanilla-ee-large-large-aws,1,ip-172-31-25-249,ranking,benchANT
2026-08-12 14:07:40+00:00,processes,paging,0,dbms,08-2026,couchbase-802-vanilla-ee-large-large-aws,1,ip-172-31-25-249,ranking,benchANT
2026-08-12 14:00:20+00:00,processes,running,0,dbms,08-2026,couchbase-802-vanilla-ee-large-large-aws,1,ip-172-31-25-249,ranking,benchANT
2026-08-12 14:00:30+00:00,processes,running,0,dbms,08-2026,couchbase-802-vanilla-ee-large-large-aws,1,ip-172-31-25-249,ranking,benchANT
2026-08-12 14:00:40+00:00,processes,running,0,dbms,08-2026,couchbase-802-vanilla-ee-large-large-aws,1,ip-172-31-25-249,ranking,benchANT
2026-08-12 14:00:50+00:00,processes,running,0,dbms,08-2026,couchbase-802-vanilla-ee-large-large-aws,1,ip-172-31-25-249,ranking,benchANT
2026-08-12 14:01:00+00:00,processes,running,0,dbms,08-2026,couchbase-802-vanilla-ee-large-large-aws,1,ip-172-31-25-249,ranking,benchANT
2026-08-12 14:01:10+00:00,processes,running,0,dbms,08-2026,couchbase-802-vanilla-ee-large-large-aws,1,ip-172-31-25-249,ranking,benchANT
2026-08-12 14:01:20+00:00,processes,running,0,dbms,08-2026,couchbase-802-vanilla-ee-large-large-aws,1,ip-172-31-25-249,ranking,benchANT
2026-08-12 14:01:30+00:00,processes,running,0,dbms,08-2026,couchbase-802-vanilla-ee-large-large-aws,1,ip-172-31-25-249,ranking,benchANT
2026-08-12 14:01:40+00:00,processes,running,0,dbms,08-2026,couchbase-802-vanilla-ee-large-large-aws,1,ip-172-31-25-249,ranking,benchANT
2026-08-12 14:01:50+00:00,processes,running,0,dbms,08-2026,couchbase-802-vanilla-ee-large-large-aws,1,ip-172-31-25-249,ranking,benchANT
2026-08-12 14:02:00+00:00,processes,running,0,dbms,08-2026,couchbase-802-vanilla-ee-large-large-aws,1,ip-172-31-25-249,ranking,benchANT
2026-08-12 14:02:10+00:00,processes,running,0,dbms,08-2026,couchbase-802-vanilla-ee-large-large-aws,1,ip-172-31-25-249,ranking,benchANT
2026-08-12 14:02:20+00:00,processes,running,0,dbms,08-2026,couchbase-802-vanilla-ee-large-large-aws,1,ip-172-31-25-249,ranking,benchANT
2026-08-12 14:02:30+00:00,processes,running,0,dbms,08-2026,couchbase-802-vanilla-ee-large-large-aws,1,ip-172-31-25-249,ranking,benchANT
2026-08-12 14:02:40+00:00,processes,running,0,dbms,08-2026,couchbase-802-vanilla-ee-large-large-aws,1,ip-172-31-25-249,ranking,benchANT
2026-08-12 14:02:50+00:00,processes,running,0,dbms,08-2026,couchbase-802-vanilla-ee-large-large-aws,1,ip-172-31-25-249,ranking,benchANT
2026-08-12 14:03:00+00:00,processes,running,0,dbms,08-2026,couchbase-802-vanilla-ee-large-large-aws,1,ip-172-31-25-249,ranking,benchANT
2026-08-12 14:03:10+00:00,processes,running,1,dbms,08-2026,couchbase-802-vanilla-ee-large-large-aws,1,ip-172-31-25-249,ranking,benchANT
2026-08-12 14:03:20+00:00,processes,running,1,dbms,08-2026,couchbase-802-vanilla-ee-large-large-aws,1,ip-172-31-25-249,ranking,benchANT
2026-08-12 14:03:30+00:00,processes,running,0,dbms,08-2026,couchbase-802-vanilla-ee-large-large-aws,1,ip-172-31-25-249,ranking,benchANT
2026-08-12 14:03:40+00:00,processes,running,0,dbms,08-2026,couchbase-802-vanilla-ee-large-large-aws,1,ip-172-31-25-249,ranking,benchANT
2026-08-12 14:03:50+00:00,processes,running,0,dbms,08-2026,couchbase-802-vanilla-ee-large-large-aws,1,ip-172-31-25-249,ranking,benchANT
2026-08-12 14:04:00+00:00,processes,running,1,dbms,08-2026,couchbase-802-vanilla-ee-large-large-aws,1,ip-172-31-25-249,ranking,benchANT
2026-08-12 14:04:10+00:00,processes,running,0,dbms,08-2026,couchbase-802-vanilla-ee-large-large-aws,1,ip-172-31-25-249,ranking,benchANT
2026-08-12 14:04:20+00:00,processes,running,0,dbms,08-2026,couchbase-802-vanilla-ee-large-large-aws,1,ip-172-31-25-249,ranking,benchANT
2026-08-12 14:04:30+00:00,processes,running,0,dbms,08-2026,couchbase-802-vanilla-ee-large-large-aws,1,ip-172-31-25-249,ranking,benchANT
2026-08-12 14:04:40+00:00,processes,running,0,dbms,08-2026,couchbase-802-vanilla-ee-large-large-aws,1,ip-172-31-25-249,ranking,benchANT
2026-08-12 14:04:50+00:00,processes,running,0,dbms,08-2026,couchbase-802-vanilla-ee-large-large-aws,1,ip-172-31-25-249,ranking,benchANT
2026-08-12 14:05:00+00:00,processes,running,0,dbms,08-2026,couchbase-802-vanilla-ee-large-large-aws,1,ip-172-31-25-249,ranking,benchANT
2026-08-12 14:05:10+00:00,processes,running,1,dbms,08-2026,couchbase-802-vanilla-ee-large-large-aws,1,ip-172-31-25-249,ranking,benchANT
2026-08-12 14:05:20+00:00,processes,running,0,dbms,08-2026,couchbase-802-vanilla-ee-large-large-aws,1,ip-172-31-25-249,ranking,benchANT
2026-08-12 14:05:30+00:00,processes,running,0,dbms,08-2026,couchbase-802-vanilla-ee-large-large-aws,1,ip-172-31-25-249,ranking,benchANT
2026-08-12 14:05:40+00:00,processes,running,0,dbms,08-2026,couchbase-802-vanilla-ee-large-large-aws,1,ip-172-31-25-249,ranking,benchANT
2026-08-12 14:05:50+00:00,processes,running,0,dbms,08-2026,couchbase-802-vanilla-ee-large-large-aws,1,ip-172-31-25-249,ranking,benchANT
2026-08-12 14:06:00+00:00,processes,running,0,dbms,08-2026,couchbase-802-vanilla-ee-large-large-aws,1,ip-172-31-25-249,ranking,benchANT
2026-08-12 14:06:10+00:00,processes,running,0,dbms,08-2026,couchbase-802-vanilla-ee-large-large-aws,1,ip-172-31-25-249,ranking,benchANT
2026-08-12 14:06:20+00:00,processes,running,0,dbms,08-2026,couchbase-802-vanilla-ee-large-large-aws,1,ip-172-31-25-249,ranking,benchANT
2026-08-12 14:06:30+00:00,processes,running,0,dbms,08-2026,couchbase-802-vanilla-ee-large-large-aws,1,ip-172-31-25-249,ranking,benchANT
2026-08-12 14:06:40+00:00,processes,running,0,dbms,08-2026,couchbase-802-vanilla-ee-large-large-aws,1,ip-172-31-25-249,ranking,benchANT
2026-08-12 14:06:50+00:00,processes,running,0,dbms,08-2026,couchbase-802-vanilla-ee-large-large-aws,1,ip-172-31-25-249,ranking,benchANT
2026-08-12 14:07:00+00:00,processes,running,0,dbms,08-2026,couchbase-802-vanilla-ee-large-large-aws,1,ip-172-31-25-249,ranking,benchANT
2026-08-12 14:07:10+00:00,processes,running,0,dbms,08-2026,couchbase-802-vanilla-ee-large-large-aws,1,ip-172-31-25-249,ranking,benchANT
2026-08-12 14:07:20+00:00,processes,running,0,dbms,08-2026,couchbase-802-vanilla-ee-large-large-aws,1,ip-172-31-25-249,ranking,benchANT
2026-08-12 14:07:30+00:00,processes,running,0,dbms,08-2026,couchbase-802-vanilla-ee-large-large-aws,1,ip-172-31-25-249,ranking,benchANT
2026-08-12 14:07:40+00:00,processes,running,0,dbms,08-2026,couchbase-802-vanilla-ee-large-large-aws,1,ip-172-31-25-249,ranking,benchANT
2026-08-12 14:00:20+00:00,processes,sleeping,107,dbms,08-2026,couchbase-802-vanilla-ee-large-large-aws,1,ip-172-31-25-249,ranking,benchANT
2026-08-12 14:00:30+00:00,processes,sleeping,107,dbms,08-2026,couchbase-802-vanilla-ee-large-large-aws,1,ip-172-31-25-249,ranking,benchANT
2026-08-12 14:00:40+00:00,processes,sleeping,107,dbms,08-2026,couchbase-802-vanilla-ee-large-large-aws,1,ip-172-31-25-249,ranking,benchANT
2026-08-12 14:00:50+00:00,processes,sleeping,107,dbms,08-2026,couchbase-802-vanilla-ee-large-large-aws,1,ip-172-31-25-249,ranking,benchANT
2026-08-12 14:01:00+00:00,processes,sleeping,107,dbms,08-2026,couchbase-802-vanilla-ee-large-large-aws,1,ip-172-31-25-249,ranking,benchANT
2026-08-12 14:01:10+00:00,processes,sleeping,107,dbms,08-2026,couchbase-802-vanilla-ee-large-large-aws,1,ip-172-31-25-249,ranking,benchANT
2026-08-12 14:01:20+00:00,processes,sleeping,106,dbms,08-2026,couchbase-802-vanilla-ee-large-large-aws,1,ip-172-31-25-249,ranking,benchANT
2026-08-12 14:01:30+00:00,processes,sleeping,107,dbms,08-2026,couchbase-802-vanilla-ee-large-large-aws,1,ip-172-31-25-249,ranking,benchANT
2026-08-12 14:01:40+00:00,processes,sleeping,106,dbms,08-2026,couchbase-802-vanilla-ee-large-large-aws,1,ip-172-31-25-249,ranking,benchANT
2026-08-12 14:01:50+00:00,processes,sleeping,106,dbms,08-2026,couchbase-802-vanilla-ee-large-large-aws,1,ip-172-31-25-249,ranking,benchANT
2026-08-12 14:02:00+00:00,processes,sleeping,106,dbms,08-2026,couchbase-802-vanilla-ee-large-large-aws,1,ip-172-31-25-249,ranking,benchANT
2026-08-12 14:02:10+00:00,processes,sleeping,106,dbms,08-2026,couchbase-802-vanilla-ee-large-large-aws,1,ip-172-31-25-249,ranking,benchANT
2026-08-12 14:02:20+00:00,processes,sleeping,106,dbms,08-2026,couchbase-802-vanilla-ee-large-large-aws,1,ip-172-31-25-249,ranking,benchANT
2026-08-12 14:02:30+00:00,processes,sleeping,106,dbms,08-2026,couchbase-802-vanilla-ee-large-large-aws,1,ip-172-31-25-249,ranking,benchANT
2026-08-12 14:02:40+00:00,processes,sleeping,106,dbms,08-2026,couchbase-802-vanilla-ee-large-large-aws,1,ip-172-31-25-249,ranking,benchANT
2026-08-12 14:02:50+00:00,processes,sleeping,107,dbms,08-2026,couchbase-802-vanilla-ee-large-large-aws,1,ip-172-31-25-249,ranking,benchANT
2026-08-12 14:03:00+00:00,processes,sleeping,106,dbms,08-2026,couchbase-802-vanilla-ee-large-large-aws,1,ip-172-31-25-249,ranking,benchANT
2026-08-12 14:03:10+00:00,processes,sleeping,106,dbms,08-2026,couchbase-802-vanilla-ee-large-large-aws,1,ip-172-31-25-249,ranking,benchANT
2026-08-12 14:03:20+00:00,processes,sleeping,105,dbms,08-2026,couchbase-802-vanilla-ee-large-large-aws,1,ip-172-31-25-249,ranking,benchANT
2026-08-12 14:03:30+00:00,processes,sleeping,106,dbms,08-2026,couchbase-802-vanilla-ee-large-large-aws,1,ip-172-31-25-249,ranking,benchANT
2026-08-12 14:03:40+00:00,processes,sleeping,106,dbms,08-2026,couchbase-802-vanilla-ee-large-large-aws,1,ip-172-31-25-249,ranking,benchANT
2026-08-12 14:03:50+00:00,processes,sleeping,106,dbms,08-2026,couchbase-802-vanilla-ee-large-large-aws,1,ip-172-31-25-249,ranking,benchANT
2026-08-12 14:04:00+00:00,processes,sleeping,106,dbms,08-2026,couchbase-802-vanilla-ee-large-large-aws,1,ip-172-31-25-249,ranking,benchANT
2026-08-12 14:04:10+00:00,processes,sleeping,106,dbms,08-2026,couchbase-802-vanilla-ee-large-large-aws,1,ip-172-31-25-249,ranking,benchANT
2026-08-12 14:04:20+00:00,processes,sleeping,106,dbms,08-2026,couchbase-802-vanilla-ee-large-large-aws,1,ip-172-31-25-249,ranking,benchANT
2026-08-12 14:04:30+00:00,processes,sleeping,106,dbms,08-2026,couchbase-802-vanilla-ee-large-large-aws,1,ip-172-31-25-249,ranking,benchANT
2026-08-12 14:04:40+00:00,processes,sleeping,106,dbms,08-2026,couchbase-802-vanilla-ee-large-large-aws,1,ip-172-31-25-249,ranking,benchANT
2026-08-12 14:04:50+00:00,processes,sleeping,106,dbms,08-2026,couchbase-802-vanilla-ee-large-large-aws,1,ip-172-31-25-249,ranking,benchANT
2026-08-12 14:05:00+00:00,processes,sleeping,106,dbms,08-2026,couchbase-802-vanilla-ee-large-large-aws,1,ip-172-31-25-249,ranking,benchANT
2026-08-12 14:05:10+00:00,processes,sleeping,106,dbms,08-2026,couchbase-802-vanilla-ee-large-large-aws,1,ip-172-31-25-249,ranking,benchANT
2026-08-12 14:05:20+00:00,processes,sleeping,106,dbms,08-2026,couchbase-802-vanilla-ee-large-large-aws,1,ip-172-31-25-249,ranking,benchANT
2026-08-12 14:05:30+00:00,processes,sleeping,106,dbms,08-2026,couchbase-802-vanilla-ee-large-large-aws,1,ip-172-31-25-249,ranking,benchANT
2026-08-12 14:05:40+00:00,processes,sleeping,106,dbms,08-2026,couchbase-802-vanilla-ee-large-large-aws,1,ip-172-31-25-249,ranking,benchANT
2026-08-12 14:05:50+00:00,processes,sleeping,106,dbms,08-2026,couchbase-802-vanilla-ee-large-large-aws,1,ip-172-31-25-249,ranking,benchANT
2026-08-12 14:06:00+00:00,processes,sleeping,106,dbms,08-2026,couchbase-802-vanilla-ee-large-large-aws,1,ip-172-31-25-249,ranking,benchANT
2026-08-12 14:06:10+00:00,processes,sleeping,107,dbms,08-2026,couchbase-802-vanilla-ee-large-large-aws,1,ip-172-31-25-249,ranking,benchANT
2026-08-12 14:06:20+00:00,processes,sleeping,106,dbms,08-2026,couchbase-802-vanilla-ee-large-large-aws,1,ip-172-31-25-249,ranking,benchANT
2026-08-12 14:06:30+00:00,processes,sleeping,106,dbms,08-2026,couchbase-802-vanilla-ee-large-large-aws,1,ip-172-31-25-249,ranking,benchANT
2026-08-12 14:06:40+00:00,processes,sleeping,106,dbms,08-2026,couchbase-802-vanilla-ee-large-large-aws,1,ip-172-31-25-249,ranking,benchANT
2026-08-12 14:06:50+00:00,processes,sleeping,106,dbms,08-2026,couchbase-802-vanilla-ee-large-large-aws,1,ip-172-31-25-249,ranking,benchANT
2026-08-12 14:07:00+00:00,processes,sleeping,106,dbms,08-2026,couchbase-802-vanilla-ee-large-large-aws,1,ip-172-31-25-249,ranking,benchANT
2026-08-12 14:07:10+00:00,processes,sleeping,106,dbms,08-2026,couchbase-802-vanilla-ee-large-large-aws,1,ip-172-31-25-249,ranking,benchANT
2026-08-12 14:07:20+00:00,processes,sleeping,106,dbms,08-2026,couchbase-802-vanilla-ee-large-large-aws,1,ip-172-31-25-249,ranking,benchANT
2026-08-12 14:07:30+00:00,processes,sleeping,106,dbms,08-2026,couchbase-802-vanilla-ee-large-large-aws,1,ip-172-31-25-249,ranking,benchANT
2026-08-12 14:07:40+00:00,processes,sleeping,106,dbms,08-2026,couchbase-802-vanilla-ee-large-large-aws,1,ip-172-31-25-249,ranking,benchANT
2026-08-12 14:00:20+00:00,processes,stopped,0,dbms,08-2026,couchbase-802-vanilla-ee-large-large-aws,1,ip-172-31-25-249,ranking,benchANT
2026-08-12 14:00:30+00:00,processes,stopped,0,dbms,08-2026,couchbase-802-vanilla-ee-large-large-aws,1,ip-172-31-25-249,ranking,benchANT
2026-08-12 14:00:40+00:00,processes,stopped,0,dbms,08-2026,couchbase-802-vanilla-ee-large-large-aws,1,ip-172-31-25-249,ranking,benchANT
2026-08-12 14:00:50+00:00,processes,stopped,0,dbms,08-2026,couchbase-802-vanilla-ee-large-large-aws,1,ip-172-31-25-249,ranking,benchANT
2026-08-12 14:01:00+00:00,processes,stopped,0,dbms,08-2026,couchbase-802-vanilla-ee-large-large-aws,1,ip-172-31-25-249,ranking,benchANT
2026-08-12 14:01:10+00:00,processes,stopped,0,dbms,08-2026,couchbase-802-vanilla-ee-large-large-aws,1,ip-172-31-25-249,ranking,benchANT
2026-08-12 14:01:20+00:00,processes,stopped,0,dbms,08-2026,couchbase-802-vanilla-ee-large-large-aws,1,ip-172-31-25-249,ranking,benchANT
2026-08-12 14:01:30+00:00,processes,stopped,0,dbms,08-2026,couchbase-802-vanilla-ee-large-large-aws,1,ip-172-31-25-249,ranking,benchANT
2026-08-12 14:01:40+00:00,processes,stopped,0,dbms,08-2026,couchbase-802-vanilla-ee-large-large-aws,1,ip-172-31-25-249,ranking,benchANT
2026-08-12 14:01:50+00:00,processes,stopped,0,dbms,08-2026,couchbase-802-vanilla-ee-large-large-aws,1,ip-172-31-25-249,ranking,benchANT
2026-08-12 14:02:00+00:00,processes,stopped,0,dbms,08-2026,couchbase-802-vanilla-ee-large-large-aws,1,ip-172-31-25-249,ranking,benchANT
2026-08-12 14:02:10+00:00,processes,stopped,0,dbms,08-2026,couchbase-802-vanilla-ee-large-large-aws,1,ip-172-31-25-249,ranking,benchANT
2026-08-12 14:02:20+00:00,processes,stopped,0,dbms,08-2026,couchbase-802-vanilla-ee-large-large-aws,1,ip-172-31-25-249,ranking,benchANT
2026-08-12 14:02:30+00:00,processes,stopped,0,dbms,08-2026,couchbase-802-vanilla-ee-large-large-aws,1,ip-172-31-25-249,ranking,benchANT
2026-08-12 14:02:40+00:00,processes,stopped,0,dbms,08-2026,couchbase-802-vanilla-ee-large-large-aws,1,ip-172-31-25-249,ranking,benchANT
2026-08-12 14:02:50+00:00,processes,stopped,0,dbms,08-2026,couchbase-802-vanilla-ee-large-large-aws,1,ip-172-31-25-249,ranking,benchANT
2026-08-12 14:03:00+00:00,processes,stopped,0,dbms,08-2026,couchbase-802-vanilla-ee-large-large-aws,1,ip-172-31-25-249,ranking,benchANT
2026-08-12 14:03:10+00:00,processes,stopped,0,dbms,08-2026,couchbase-802-vanilla-ee-large-large-aws,1,ip-172-31-25-249,ranking,benchANT
2026-08-12 14:03:20+00:00,processes,stopped,0,dbms,08-2026,couchbase-802-vanilla-ee-large-large-aws,1,ip-172-31-25-249,ranking,benchANT
2026-08-12 14:03:30+00:00,processes,stopped,0,dbms,08-2026,couchbase-802-vanilla-ee-large-large-aws,1,ip-172-31-25-249,ranking,benchANT
2026-08-12 14:03:40+00:00,processes,stopped,0,dbms,08-2026,couchbase-802-vanilla-ee-large-large-aws,1,ip-172-31-25-249,ranking,benchANT
2026-08-12 14:03:50+00:00,processes,stopped,0,dbms,08-2026,couchbase-802-vanilla-ee-large-large-aws,1,ip-172-31-25-249,ranking,benchANT
2026-08-12 14:04:00+00:00,processes,stopped,0,dbms,08-2026,couchbase-802-vanilla-ee-large-large-aws,1,ip-172-31-25-249,ranking,benchANT
2026-08-12 14:04:10+00:00,processes,stopped,0,dbms,08-2026,couchbase-802-vanilla-ee-large-large-aws,1,ip-172-31-25-249,ranking,benchANT
2026-08-12 14:04:20+00:00,processes,stopped,0,dbms,08-2026,couchbase-802-vanilla-ee-large-large-aws,1,ip-172-31-25-249,ranking,benchANT
2026-08-12 14:04:30+00:00,processes,stopped,0,dbms,08-2026,couchbase-802-vanilla-ee-large-large-aws,1,ip-172-31-25-249,ranking,benchANT
2026-08-12 14:04:40+00:00,processes,stopped,0,dbms,08-2026,couchbase-802-vanilla-ee-large-large-aws,1,ip-172-31-25-249,ranking,benchANT
2026-08-12 14:04:50+00:00,processes,stopped,0,dbms,08-2026,couchbase-802-vanilla-ee-large-large-aws,1,ip-172-31-25-249,ranking,benchANT
2026-08-12 14:05:00+00:00,processes,stopped,0,dbms,08-2026,couchbase-802-vanilla-ee-large-large-aws,1,ip-172-31-25-249,ranking,benchANT
2026-08-12 14:05:10+00:00,processes,stopped,0,dbms,08-2026,couchbase-802-vanilla-ee-large-large-aws,1,ip-172-31-25-249,ranking,benchANT
2026-08-12 14:05:20+00:00,processes,stopped,0,dbms,08-2026,couchbase-802-vanilla-ee-large-large-aws,1,ip-172-31-25-249,ranking,benchANT
2026-08-12 14:05:30+00:00,processes,stopped,0,dbms,08-2026,couchbase-802-vanilla-ee-large-large-aws,1,ip-172-31-25-249,ranking,benchANT
2026-08-12 14:05:40+00:00,processes,stopped,0,dbms,08-2026,couchbase-802-vanilla-ee-large-large-aws,1,ip-172-31-25-249,ranking,benchANT
2026-08-12 14:05:50+00:00,processes,stopped,0,dbms,08-2026,couchbase-802-vanilla-ee-large-large-aws,1,ip-172-31-25-249,ranking,benchANT
2026-08-12 14:06:00+00:00,processes,stopped,0,dbms,08-2026,couchbase-802-vanilla-ee-large-large-aws,1,ip-172-31-25-249,ranking,benchANT
2026-08-12 14:06:10+00:00,processes,stopped,0,dbms,08-2026,couchbase-802-vanilla-ee-large-large-aws,1,ip-172-31-25-249,ranking,benchANT
2026-08-12 14:06:20+00:00,processes,stopped,0,dbms,08-2026,couchbase-802-vanilla-ee-large-large-aws,1,ip-172-31-25-249,ranking,benchANT
2026-08-12 14:06:30+00:00,processes,stopped,0,dbms,08-2026,couchbase-802-vanilla-ee-large-large-aws,1,ip-172-31-25-249,ranking,benchANT
2026-08-12 14:06:40+00:00,processes,stopped,0,dbms,08-2026,couchbase-802-vanilla-ee-large-large-aws,1,ip-172-31-25-249,ranking,benchANT
2026-08-12 14:06:50+00:00,processes,stopped,0,dbms,08-2026,couchbase-802-vanilla-ee-large-large-aws,1,ip-172-31-25-249,ranking,benchANT
2026-08-12 14:07:00+00:00,processes,stopped,0,dbms,08-2026,couchbase-802-vanilla-ee-large-large-aws,1,ip-172-31-25-249,ranking,benchANT
2026-08-12 14:07:10+00:00,processes,stopped,0,dbms,08-2026,couchbase-802-vanilla-ee-large-large-aws,1,ip-172-31-25-249,ranking,benchANT
2026-08-12 14:07:20+00:00,processes,stopped,0,dbms,08-2026,couchbase-802-vanilla-ee-large-large-aws,1,ip-172-31-25-249,ranking,benchANT
2026-08-12 14:07:30+00:00,processes,stopped,0,dbms,08-2026,couchbase-802-vanilla-ee-large-large-aws,1,ip-172-31-25-249,ranking,benchANT
2026-08-12 14:07:40+00:00,processes,stopped,0,dbms,08-2026,couchbase-802-vanilla-ee-large-large-aws,1,ip-172-31-25-249,ranking,benchANT
2026-08-12 14:00:20+00:00,processes,total,182,dbms,08-2026,couchbase-802-vanilla-ee-large-large-aws,1,ip-172-31-25-249,ranking,benchANT
2026-08-12 14:00:30+00:00,processes,total,183,dbms,08-2026,couchbase-802-vanilla-ee-large-large-aws,1,ip-172-31-25-249,ranking,benchANT
2026-08-12 14:00:40+00:00,processes,total,183,dbms,08-2026,couchbase-802-vanilla-ee-large-large-aws,1,ip-172-31-25-249,ranking,benchANT
2026-08-12 14:00:50+00:00,processes,total,183,dbms,08-2026,couchbase-802-vanilla-ee-large-large-aws,1,ip-172-31-25-249,ranking,benchANT
2026-08-12 14:01:00+00:00,processes,total,183,dbms,08-2026,couchbase-802-vanilla-ee-large-large-aws,1,ip-172-31-25-249,ranking,benchANT
2026-08-12 14:01:10+00:00,processes,total,183,dbms,08-2026,couchbase-802-vanilla-ee-large-large-aws,1,ip-172-31-25-249,ranking,benchANT
2026-08-12 14:01:20+00:00,processes,total,183,dbms,08-2026,couchbase-802-vanilla-ee-large-large-aws,1,ip-172-31-25-249,ranking,benchANT
2026-08-12 14:01:30+00:00,processes,total,183,dbms,08-2026,couchbase-802-vanilla-ee-large-large-aws,1,ip-172-31-25-249,ranking,benchANT
2026-08-12 14:01:40+00:00,processes,total,183,dbms,08-2026,couchbase-802-vanilla-ee-large-large-aws,1,ip-172-31-25-249,ranking,benchANT
2026-08-12 14:01:50+00:00,processes,total,183,dbms,08-2026,couchbase-802-vanilla-ee-large-large-aws,1,ip-172-31-25-249,ranking,benchANT
2026-08-12 14:02:00+00:00,processes,total,183,dbms,08-2026,couchbase-802-vanilla-ee-large-large-aws,1,ip-172-31-25-249,ranking,benchANT
2026-08-12 14:02:10+00:00,processes,total,184,dbms,08-2026,couchbase-802-vanilla-ee-large-large-aws,1,ip-172-31-25-249,ranking,benchANT
2026-08-12 14:02:20+00:00,processes,total,184,dbms,08-2026,couchbase-802-vanilla-ee-large-large-aws,1,ip-172-31-25-249,ranking,benchANT
2026-08-12 14:02:30+00:00,processes,total,184,dbms,08-2026,couchbase-802-vanilla-ee-large-large-aws,1,ip-172-31-25-249,ranking,benchANT
2026-08-12 14:02:40+00:00,processes,total,184,dbms,08-2026,couchbase-802-vanilla-ee-large-large-aws,1,ip-172-31-25-249,ranking,benchANT
2026-08-12 14:02:50+00:00,processes,total,184,dbms,08-2026,couchbase-802-vanilla-ee-large-large-aws,1,ip-172-31-25-249,ranking,benchANT
2026-08-12 14:03:00+00:00,processes,total,183,dbms,08-2026,couchbase-802-vanilla-ee-large-large-aws,1,ip-172-31-25-249,ranking,benchANT
2026-08-12 14:03:10+00:00,processes,total,183,dbms,08-2026,couchbase-802-vanilla-ee-large-large-aws,1,ip-172-31-25-249,ranking,benchANT
2026-08-12 14:03:20+00:00,processes,total,184,dbms,08-2026,couchbase-802-vanilla-ee-large-large-aws,1,ip-172-31-25-249,ranking,benchANT
2026-08-12 14:03:30+00:00,processes,total,184,dbms,08-2026,couchbase-802-vanilla-ee-large-large-aws,1,ip-172-31-25-249,ranking,benchANT
2026-08-12 14:03:40+00:00,processes,total,184,dbms,08-2026,couchbase-802-vanilla-ee-large-large-aws,1,ip-172-31-25-249,ranking,benchANT
2026-08-12 14:03:50+00:00,processes,total,184,dbms,08-2026,couchbase-802-vanilla-ee-large-large-aws,1,ip-172-31-25-249,ranking,benchANT
2026-08-12 14:04:00+00:00,processes,total,184,dbms,08-2026,couchbase-802-vanilla-ee-large-large-aws,1,ip-172-31-25-249,ranking,benchANT
2026-08-12 14:04:10+00:00,processes,total,184,dbms,08-2026,couchbase-802-vanilla-ee-large-large-aws,1,ip-172-31-25-249,ranking,benchANT
2026-08-12 14:04:20+00:00,processes,total,184,dbms,08-2026,couchbase-802-vanilla-ee-large-large-aws,1,ip-172-31-25-249,ranking,benchANT
2026-08-12 14:04:30+00:00,processes,total,184,dbms,08-2026,couchbase-802-vanilla-ee-large-large-aws,1,ip-172-31-25-249,ranking,benchANT
2026-08-12 14:04:40+00:00,processes,total,184,dbms,08-2026,couchbase-802-vanilla-ee-large-large-aws,1,ip-172-31-25-249,ranking,benchANT
2026-08-12 14:04:50+00:00,processes,total,184,dbms,08-2026,couchbase-802-vanilla-ee-large-large-aws,1,ip-172-31-25-249,ranking,benchANT
2026-08-12 14:05:00+00:00,processes,total,184,dbms,08-2026,couchbase-802-vanilla-ee-large-large-aws,1,ip-172-31-25-249,ranking,benchANT
2026-08-12 14:05:10+00:00,processes,total,184,dbms,08-2026,couchbase-802-vanilla-ee-large-large-aws,1,ip-172-31-25-249,ranking,benchANT
2026-08-12 14:05:20+00:00,processes,total,184,dbms,08-2026,couchbase-802-vanilla-ee-large-large-aws,1,ip-172-31-25-249,ranking,benchANT
2026-08-12 14:05:30+00:00,processes,total,183,dbms,08-2026,couchbase-802-vanilla-ee-large-large-aws,1,ip-172-31-25-249,ranking,benchANT
2026-08-12 14:05:40+00:00,processes,total,183,dbms,08-2026,couchbase-802-vanilla-ee-large-large-aws,1,ip-172-31-25-249,ranking,benchANT
2026-08-12 14:05:50+00:00,processes,total,183,dbms,08-2026,couchbase-802-vanilla-ee-large-large-aws,1,ip-172-31-25-249,ranking,benchANT
2026-08-12 14:06:00+00:00,processes,total,183,dbms,08-2026,couchbase-802-vanilla-ee-large-large-aws,1,ip-172-31-25-249,ranking,benchANT
2026-08-12 14:06:10+00:00,processes,total,183,dbms,08-2026,couchbase-802-vanilla-ee-large-large-aws,1,ip-172-31-25-249,ranking,benchANT
2026-08-12 14:06:20+00:00,processes,total,183,dbms,08-2026,couchbase-802-vanilla-ee-large-large-aws,1,ip-172-31-25-249,ranking,benchANT
2026-08-12 14:06:30+00:00,processes,total,183,dbms,08-2026,couchbase-802-vanilla-ee-large-large-aws,1,ip-172-31-25-249,ranking,benchANT
2026-08-12 14:06:40+00:00,processes,total,183,dbms,08-2026,couchbase-802-vanilla-ee-large-large-aws,1,ip-172-31-25-249,ranking,benchANT
2026-08-12 14:06:50+00:00,processes,total,183,dbms,08-2026,couchbase-802-vanilla-ee-large-large-aws,1,ip-172-31-25-249,ranking,benchANT
2026-08-12 14:07:00+00:00,processes,total,183,dbms,08-2026,couchbase-802-vanilla-ee-large-large-aws,1,ip-172-31-25-249,ranking,benchANT
2026-08-12 14:07:10+00:00,processes,total,182,dbms,08-2026,couchbase-802-vanilla-ee-large-large-aws,1,ip-172-31-25-249,ranking,benchANT
2026-08-12 14:07:20+00:00,processes,total,182,dbms,08-2026,couchbase-802-vanilla-ee-large-large-aws,1,ip-172-31-25-249,ranking,benchANT
2026-08-12 14:07:30+00:00,processes,total,182,dbms,08-2026,couchbase-802-vanilla-ee-large-large-aws,1,ip-172-31-25-249,ranking,benchANT
2026-08-12 14:07:40+00:00,processes,total,182,dbms,08-2026,couchbase-802-vanilla-ee-large-large-aws,1,ip-172-31-25-249,ranking,benchANT
2026-08-12 14:00:20+00:00,processes,total_threads,515,dbms,08-2026,couchbase-802-vanilla-ee-large-large-aws,1,ip-172-31-25-249,ranking,benchANT
2026-08-12 14:00:30+00:00,processes,total_threads,516,dbms,08-2026,couchbase-802-vanilla-ee-large-large-aws,1,ip-172-31-25-249,ranking,benchANT
2026-08-12 14:00:40+00:00,processes,total_threads,516,dbms,08-2026,couchbase-802-vanilla-ee-large-large-aws,1,ip-172-31-25-249,ranking,benchANT
2026-08-12 14:00:50+00:00,processes,total_threads,516,dbms,08-2026,couchbase-802-vanilla-ee-large-large-aws,1,ip-172-31-25-249,ranking,benchANT
2026-08-12 14:01:00+00:00,processes,total_threads,516,dbms,08-2026,couchbase-802-vanilla-ee-large-large-aws,1,ip-172-31-25-249,ranking,benchANT
2026-08-12 14:01:10+00:00,processes,total_threads,516,dbms,08-2026,couchbase-802-vanilla-ee-large-large-aws,1,ip-172-31-25-249,ranking,benchANT
2026-08-12 14:01:20+00:00,processes,total_threads,516,dbms,08-2026,couchbase-802-vanilla-ee-large-large-aws,1,ip-172-31-25-249,ranking,benchANT
2026-08-12 14:01:30+00:00,processes,total_threads,516,dbms,08-2026,couchbase-802-vanilla-ee-large-large-aws,1,ip-172-31-25-249,ranking,benchANT
2026-08-12 14:01:40+00:00,processes,total_threads,516,dbms,08-2026,couchbase-802-vanilla-ee-large-large-aws,1,ip-172-31-25-249,ranking,benchANT
2026-08-12 14:01:50+00:00,processes,total_threads,516,dbms,08-2026,couchbase-802-vanilla-ee-large-large-aws,1,ip-172-31-25-249,ranking,benchANT
2026-08-12 14:02:00+00:00,processes,total_threads,516,dbms,08-2026,couchbase-802-vanilla-ee-large-large-aws,1,ip-172-31-25-249,ranking,benchANT
2026-08-12 14:02:10+00:00,processes,total_threads,517,dbms,08-2026,couchbase-802-vanilla-ee-large-large-aws,1,ip-172-31-25-249,ranking,benchANT
2026-08-12 14:02:20+00:00,processes,total_threads,517,dbms,08-2026,couchbase-802-vanilla-ee-large-large-aws,1,ip-172-31-25-249,ranking,benchANT
2026-08-12 14:02:30+00:00,processes,total_threads,517,dbms,08-2026,couchbase-802-vanilla-ee-large-large-aws,1,ip-172-31-25-249,ranking,benchANT
2026-08-12 14:02:40+00:00,processes,total_threads,517,dbms,08-2026,couchbase-802-vanilla-ee-large-large-aws,1,ip-172-31-25-249,ranking,benchANT
2026-08-12 14:02:50+00:00,processes,total_threads,517,dbms,08-2026,couchbase-802-vanilla-ee-large-large-aws,1,ip-172-31-25-249,ranking,benchANT
2026-08-12 14:03:00+00:00,processes,total_threads,516,dbms,08-2026,couchbase-802-vanilla-ee-large-large-aws,1,ip-172-31-25-249,ranking,benchANT
2026-08-12 14:03:10+00:00,processes,total_threads,516,dbms,08-2026,couchbase-802-vanilla-ee-large-large-aws,1,ip-172-31-25-249,ranking,benchANT
2026-08-12 14:03:20+00:00,processes,total_threads,517,dbms,08-2026,couchbase-802-vanilla-ee-large-large-aws,1,ip-172-31-25-249,ranking,benchANT
2026-08-12 14:03:30+00:00,processes,total_threads,517,dbms,08-2026,couchbase-802-vanilla-ee-large-large-aws,1,ip-172-31-25-249,ranking,benchANT
2026-08-12 14:03:40+00:00,processes,total_threads,517,dbms,08-2026,couchbase-802-vanilla-ee-large-large-aws,1,ip-172-31-25-249,ranking,benchANT
2026-08-12 14:03:50+00:00,processes,total_threads,517,dbms,08-2026,couchbase-802-vanilla-ee-large-large-aws,1,ip-172-31-25-249,ranking,benchANT
2026-08-12 14:04:00+00:00,processes,total_threads,517,dbms,08-2026,couchbase-802-vanilla-ee-large-large-aws,1,ip-172-31-25-249,ranking,benchANT
2026-08-12 14:04:10+00:00,processes,total_threads,517,dbms,08-2026,couchbase-802-vanilla-ee-large-large-aws,1,ip-172-31-25-249,ranking,benchANT
2026-08-12 14:04:20+00:00,processes,total_threads,517,dbms,08-2026,couchbase-802-vanilla-ee-large-large-aws,1,ip-172-31-25-249,ranking,benchANT
2026-08-12 14:04:30+00:00,processes,total_threads,517,dbms,08-2026,couchbase-802-vanilla-ee-large-large-aws,1,ip-172-31-25-249,ranking,benchANT
2026-08-12 14:04:40+00:00,processes,total_threads,517,dbms,08-2026,couchbase-802-vanilla-ee-large-large-aws,1,ip-172-31-25-249,ranking,benchANT
2026-08-12 14:04:50+00:00,processes,total_threads,517,dbms,08-2026,couchbase-802-vanilla-ee-large-large-aws,1,ip-172-31-25-249,ranking,benchANT
2026-08-12 14:05:00+00:00,processes,total_threads,517,dbms,08-2026,couchbase-802-vanilla-ee-large-large-aws,1,ip-172-31-25-249,ranking,benchANT
2026-08-12 14:05:10+00:00,processes,total_threads,517,dbms,08-2026,couchbase-802-vanilla-ee-large-large-aws,1,ip-172-31-25-249,ranking,benchANT
2026-08-12 14:05:20+00:00,processes,total_threads,517,dbms,08-2026,couchbase-802-vanilla-ee-large-large-aws,1,ip-172-31-25-249,ranking,benchANT
2026-08-12 14:05:30+00:00,processes,total_threads,516,dbms,08-2026,couchbase-802-vanilla-ee-large-large-aws,1,ip-172-31-25-249,ranking,benchANT
2026-08-12 14:05:40+00:00,processes,total_threads,516,dbms,08-2026,couchbase-802-vanilla-ee-large-large-aws,1,ip-172-31-25-249,ranking,benchANT
2026-08-12 14:05:50+00:00,processes,total_threads,516,dbms,08-2026,couchbase-802-vanilla-ee-large-large-aws,1,ip-172-31-25-249,ranking,benchANT
2026-08-12 14:06:00+00:00,processes,total_threads,516,dbms,08-2026,couchbase-802-vanilla-ee-large-large-aws,1,ip-172-31-25-249,ranking,benchANT
2026-08-12 14:06:10+00:00,processes,total_threads,516,dbms,08-2026,couchbase-802-vanilla-ee-large-large-aws,1,ip-172-31-25-249,ranking,benchANT
2026-08-12 14:06:20+00:00,processes,total_threads,516,dbms,08-2026,couchbase-802-vanilla-ee-large-large-aws,1,ip-172-31-25-249,ranking,benchANT
2026-08-12 14:06:30+00:00,processes,total_threads,516,dbms,08-2026,couchbase-802-vanilla-ee-large-large-aws,1,ip-172-31-25-249,ranking,benchANT
2026-08-12 14:06:40+00:00,processes,total_threads,516,dbms,08-2026,couchbase-802-vanilla-ee-large-large-aws,1,ip-172-31-25-249,ranking,benchANT
2026-08-12 14:06:50+00:00,processes,total_threads,516,dbms,08-2026,couchbase-802-vanilla-ee-large-large-aws,1,ip-172-31-25-249,ranking,benchANT
2026-08-12 14:07:00+00:00,processes,total_threads,516,dbms,08-2026,couchbase-802-vanilla-ee-large-large-aws,1,ip-172-31-25-249,ranking,benchANT
2026-08-12 14:07:10+00:00,processes,total_threads,516,dbms,08-2026,couchbase-802-vanilla-ee-large-large-aws,1,ip-172-31-25-249,ranking,benchANT
2026-08-12 14:07:20+00:00,processes,total_threads,515,dbms,08-2026,couchbase-802-vanilla-ee-large-large-aws,1,ip-172-31-25-249,ranking,benchANT
2026-08-12 14:07:30+00:00,processes,total_threads,516,dbms,08-2026,couchbase-802-vanilla-ee-large-large-aws,1,ip-172-31-25-249,ranking,benchANT
2026-08-12 14:07:40+00:00,processes,total_threads,516,dbms,08-2026,couchbase-802-vanilla-ee-large-large-aws,1,ip-172-31-25-249,ranking,benchANT
2026-08-12 14:00:20+00:00,processes,unknown,0,dbms,08-2026,couchbase-802-vanilla-ee-large-large-aws,1,ip-172-31-25-249,ranking,benchANT
2026-08-12 14:00:30+00:00,processes,unknown,0,dbms,08-2026,couchbase-802-vanilla-ee-large-large-aws,1,ip-172-31-25-249,ranking,benchANT
2026-08-12 14:00:40+00:00,processes,unknown,0,dbms,08-2026,couchbase-802-vanilla-ee-large-large-aws,1,ip-172-31-25-249,ranking,benchANT
2026-08-12 14:00:50+00:00,processes,unknown,0,dbms,08-2026,couchbase-802-vanilla-ee-large-large-aws,1,ip-172-31-25-249,ranking,benchANT
2026-08-12 14:01:00+00:00,processes,unknown,0,dbms,08-2026,couchbase-802-vanilla-ee-large-large-aws,1,ip-172-31-25-249,ranking,benchANT
2026-08-12 14:01:10+00:00,processes,unknown,0,dbms,08-2026,couchbase-802-vanilla-ee-large-large-aws,1,ip-172-31-25-249,ranking,benchANT
2026-08-12 14:01:20+00:00,processes,unknown,0,dbms,08-2026,couchbase-802-vanilla-ee-large-large-aws,1,ip-172-31-25-249,ranking,benchANT
2026-08-12 14:01:30+00:00,processes,unknown,0,dbms,08-2026,couchbase-802-vanilla-ee-large-large-aws,1,ip-172-31-25-249,ranking,benchANT
2026-08-12 14:01:40+00:00,processes,unknown,0,dbms,08-2026,couchbase-802-vanilla-ee-large-large-aws,1,ip-172-31-25-249,ranking,benchANT
2026-08-12 14:01:50+00:00,processes,unknown,0,dbms,08-2026,couchbase-802-vanilla-ee-large-large-aws,1,ip-172-31-25-249,ranking,benchANT
2026-08-12 14:02:00+00:00,processes,unknown,0,dbms,08-2026,couchbase-802-vanilla-ee-large-large-aws,1,ip-172-31-25-249,ranking,benchANT
2026-08-12 14:02:10+00:00,processes,unknown,0,dbms,08-2026,couchbase-802-vanilla-ee-large-large-aws,1,ip-172-31-25-249,ranking,benchANT
2026-08-12 14:02:20+00:00,processes,unknown,0,dbms,08-2026,couchbase-802-vanilla-ee-large-large-aws,1,ip-172-31-25-249,ranking,benchANT
2026-08-12 14:02:30+00:00,processes,unknown,0,dbms,08-2026,couchbase-802-vanilla-ee-large-large-aws,1,ip-172-31-25-249,ranking,benchANT
2026-08-12 14:02:40+00:00,processes,unknown,0,dbms,08-2026,couchbase-802-vanilla-ee-large-large-aws,1,ip-172-31-25-249,ranking,benchANT
2026-08-12 14:02:50+00:00,processes,unknown,0,dbms,08-2026,couchbase-802-vanilla-ee-large-large-aws,1,ip-172-31-25-249,ranking,benchANT
2026-08-12 14:03:00+00:00,processes,unknown,0,dbms,08-2026,couchbase-802-vanilla-ee-large-large-aws,1,ip-172-31-25-249,ranking,benchANT
2026-08-12 14:03:10+00:00,processes,unknown,0,dbms,08-2026,couchbase-802-vanilla-ee-large-large-aws,1,ip-172-31-25-249,ranking,benchANT
2026-08-12 14:03:20+00:00,processes,unknown,0,dbms,08-2026,couchbase-802-vanilla-ee-large-large-aws,1,ip-172-31-25-249,ranking,benchANT
2026-08-12 14:03:30+00:00,processes,unknown,0,dbms,08-2026,couchbase-802-vanilla-ee-large-large-aws,1,ip-172-31-25-249,ranking,benchANT
2026-08-12 14:03:40+00:00,processes,unknown,0,dbms,08-2026,couchbase-802-vanilla-ee-large-large-aws,1,ip-172-31-25-249,ranking,benchANT
2026-08-12 14:03:50+00:00,processes,unknown,0,dbms,08-2026,couchbase-802-vanilla-ee-large-large-aws,1,ip-172-31-25-249,ranking,benchANT
2026-08-12 14:04:00+00:00,processes,unknown,0,dbms,08-2026,couchbase-802-vanilla-ee-large-large-aws,1,ip-172-31-25-249,ranking,benchANT
2026-08-12 14:04:10+00:00,processes,unknown,0,dbms,08-2026,couchbase-802-vanilla-ee-large-large-aws,1,ip-172-31-25-249,ranking,benchANT
2026-08-12 14:04:20+00:00,processes,unknown,0,dbms,08-2026,couchbase-802-vanilla-ee-large-large-aws,1,ip-172-31-25-249,ranking,benchANT
2026-08-12 14:04:30+00:00,processes,unknown,0,dbms,08-2026,couchbase-802-vanilla-ee-large-large-aws,1,ip-172-31-25-249,ranking,benchANT
2026-08-12 14:04:40+00:00,processes,unknown,0,dbms,08-2026,couchbase-802-vanilla-ee-large-large-aws,1,ip-172-31-25-249,ranking,benchANT
2026-08-12 14:04:50+00:00,processes,unknown,0,dbms,08-2026,couchbase-802-vanilla-ee-large-large-aws,1,ip-172-31-25-249,ranking,benchANT
2026-08-12 14:05:00+00:00,processes,unknown,0,dbms,08-2026,couchbase-802-vanilla-ee-large-large-aws,1,ip-172-31-25-249,ranking,benchANT
2026-08-12 14:05:10+00:00,processes,unknown,0,dbms,08-2026,couchbase-802-vanilla-ee-large-large-aws,1,ip-172-31-25-249,ranking,benchANT
2026-08-12 14:05:20+00:00,processes,unknown,0,dbms,08-2026,couchbase-802-vanilla-ee-large-large-aws,1,ip-172-31-25-249,ranking,benchANT
2026-08-12 14:05:30+00:00,processes,unknown,0,dbms,08-2026,couchbase-802-vanilla-ee-large-large-aws,1,ip-172-31-25-249,ranking,benchANT
2026-08-12 14:05:40+00:00,processes,unknown,0,dbms,08-2026,couchbase-802-vanilla-ee-large-large-aws,1,ip-172-31-25-249,ranking,benchANT
2026-08-12 14:05:50+00:00,processes,unknown,0,dbms,08-2026,couchbase-802-vanilla-ee-large-large-aws,1,ip-172-31-25-249,ranking,benchANT
2026-08-12 14:06:00+00:00,processes,unknown,0,dbms,08-2026,couchbase-802-vanilla-ee-large-large-aws,1,ip-172-31-25-249,ranking,benchANT
2026-08-12 14:06:10+00:00,processes,unknown,0,dbms,08-2026,couchbase-802-vanilla-ee-large-large-aws,1,ip-172-31-25-249,ranking,benchANT
2026-08-12 14:06:20+00:00,processes,unknown,0,dbms,08-2026,couchbase-802-vanilla-ee-large-large-aws,1,ip-172-31-25-249,ranking,benchANT
2026-08-12 14:06:30+00:00,processes,unknown,0,dbms,08-2026,couchbase-802-vanilla-ee-large-large-aws,1,ip-172-31-25-249,ranking,benchANT
2026-08-12 14:06:40+00:00,processes,unknown,0,dbms,08-2026,couchbase-802-vanilla-ee-large-large-aws,1,ip-172-31-25-249,ranking,benchANT
2026-08-12 14:06:50+00:00,processes,unknown,0,dbms,08-2026,couchbase-802-vanilla-ee-large-large-aws,1,ip-172-31-25-249,ranking,benchANT
2026-08-12 14:07:00+00:00,processes,unknown,0,dbms,08-2026,couchbase-802-vanilla-ee-large-large-aws,1,ip-172-31-25-249,ranking,benchANT
2026-08-12 14:07:10+00:00,processes,unknown,0,dbms,08-2026,couchbase-802-vanilla-ee-large-large-aws,1,ip-172-31-25-249,ranking,benchANT
2026-08-12 14:07:20+00:00,processes,unknown,0,dbms,08-2026,couchbase-802-vanilla-ee-large-large-aws,1,ip-172-31-25-249,ranking,benchANT
2026-08-12 14:07:30+00:00,processes,unknown,0,dbms,08-2026,couchbase-802-vanilla-ee-large-large-aws,1,ip-172-31-25-249,ranking,benchANT
2026-08-12 14:07:40+00:00,processes,unknown,0,dbms,08-2026,couchbase-802-vanilla-ee-large-large-aws,1,ip-172-31-25-249,ranking,benchANT
2026-08-12 14:00:20+00:00,processes,zombies,0,dbms,08-2026,couchbase-802-vanilla-ee-large-large-aws,1,ip-172-31-25-249,ranking,benchANT
2026-08-12 14:00:30+00:00,processes,zombies,0,dbms,08-2026,couchbase-802-vanilla-ee-large-large-aws,1,ip-172-31-25-249,ranking,benchANT
2026-08-12 14:00:40+00:00,processes,zombies,0,dbms,08-2026,couchbase-802-vanilla-ee-large-large-aws,1,ip-172-31-25-249,ranking,benchANT
2026-08-12 14:00:50+00:00,processes,zombies,0,dbms,08-2026,couchbase-802-vanilla-ee-large-large-aws,1,ip-172-31-25-249,ranking,benchANT
2026-08-12 14:01:00+00:00,processes,zombies,0,dbms,08-2026,couchbase-802-vanilla-ee-large-large-aws,1,ip-172-31-25-249,ranking,benchANT
2026-08-12 14:01:10+00:00,processes,zombies,0,dbms,08-2026,couchbase-802-vanilla-ee-large-large-aws,1,ip-172-31-25-249,ranking,benchANT
2026-08-12 14:01:20+00:00,processes,zombies,0,dbms,08-2026,couchbase-802-vanilla-ee-large-large-aws,1,ip-172-31-25-249,ranking,benchANT
2026-08-12 14:01:30+00:00,processes,zombies,0,dbms,08-2026,couchbase-802-vanilla-ee-large-large-aws,1,ip-172-31-25-249,ranking,benchANT
2026-08-12 14:01:40+00:00,processes,zombies,0,dbms,08-2026,couchbase-802-vanilla-ee-large-large-aws,1,ip-172-31-25-249,ranking,benchANT
2026-08-12 14:01:50+00:00,processes,zombies,0,dbms,08-2026,couchbase-802-vanilla-ee-large-large-aws,1,ip-172-31-25-249,ranking,benchANT
2026-08-12 14:02:00+00:00,processes,zombies,0,dbms,08-2026,couchbase-802-vanilla-ee-large-large-aws,1,ip-172-31-25-249,ranking,benchANT
2026-08-12 14:02:10+00:00,processes,zombies,0,dbms,08-2026,couchbase-802-vanilla-ee-large-large-aws,1,ip-172-31-25-249,ranking,benchANT
2026-08-12 14:02:20+00:00,processes,zombies,0,dbms,08-2026,couchbase-802-vanilla-ee-large-large-aws,1,ip-172-31-25-249,ranking,benchANT
2026-08-12 14:02:30+00:00,processes,zombies,0,dbms,08-2026,couchbase-802-vanilla-ee-large-large-aws,1,ip-172-31-25-249,ranking,benchANT
2026-08-12 14:02:40+00:00,processes,zombies,0,dbms,08-2026,couchbase-802-vanilla-ee-large-large-aws,1,ip-172-31-25-249,ranking,benchANT
2026-08-12 14:02:50+00:00,processes,zombies,0,dbms,08-2026,couchbase-802-vanilla-ee-large-large-aws,1,ip-172-31-25-249,ranking,benchANT
2026-08-12 14:03:00+00:00,processes,zombies,0,dbms,08-2026,couchbase-802-vanilla-ee-large-large-aws,1,ip-172-31-25-249,ranking,benchANT
2026-08-12 14:03:10+00:00,processes,zombies,0,dbms,08-2026,couchbase-802-vanilla-ee-large-large-aws,1,ip-172-31-25-249,ranking,benchANT
2026-08-12 14:03:20+00:00,processes,zombies,0,dbms,08-2026,couchbase-802-vanilla-ee-large-large-aws,1,ip-172-31-25-249,ranking,benchANT
2026-08-12 14:03:30+00:00,processes,zombies,0,dbms,08-2026,couchbase-802-vanilla-ee-large-large-aws,1,ip-172-31-25-249,ranking,benchANT
2026-08-12 14:03:40+00:00,processes,zombies,0,dbms,08-2026,couchbase-802-vanilla-ee-large-large-aws,1,ip-172-31-25-249,ranking,benchANT
2026-08-12 14:03:50+00:00,processes,zombies,0,dbms,08-2026,couchbase-802-vanilla-ee-large-large-aws,1,ip-172-31-25-249,ranking,benchANT
2026-08-12 14:04:00+00:00,processes,zombies,0,dbms,08-2026,couchbase-802-vanilla-ee-large-large-aws,1,ip-172-31-25-249,ranking,benchANT
2026-08-12 14:04:10+00:00,processes,zombies,0,dbms,08-2026,couchbase-802-vanilla-ee-large-large-aws,1,ip-172-31-25-249,ranking,benchANT
2026-08-12 14:04:20+00:00,processes,zombies,0,dbms,08-2026,couchbase-802-vanilla-ee-large-large-aws,1,ip-172-31-25-249,ranking,benchANT
2026-08-12 14:04:30+00:00,processes,zombies,0,dbms,08-2026,couchbase-802-vanilla-ee-large-large-aws,1,ip-172-31-25-249,ranking,benchANT
2026-08-12 14:04:40+00:00,processes,zombies,0,dbms,08-2026,couchbase-802-vanilla-ee-large-large-aws,1,ip-172-31-25-249,ranking,benchANT
2026-08-12 14:04:50+00:00,processes,zombies,0,dbms,08-2026,couchbase-802-vanilla-ee-large-large-aws,1,ip-172-31-25-249,ranking,benchANT
2026-08-12 14:05:00+00:00,processes,zombies,0,dbms,08-2026,couchbase-802-vanilla-ee-large-large-aws,1,ip-172-31-25-249,ranking,benchANT
2026-08-12 14:05:10+00:00,processes,zombies,0,dbms,08-2026,couchbase-802-vanilla-ee-large-large-aws,1,ip-172-31-25-249,ranking,benchANT
2026-08-12 14:05:20+00:00,processes,zombies,0,dbms,08-2026,couchbase-802-vanilla-ee-large-large-aws,1,ip-172-31-25-249,ranking,benchANT
2026-08-12 14:05:30+00:00,processes,zombies,0,dbms,08-2026,couchbase-802-vanilla-ee-large-large-aws,1,ip-172-31-25-249,ranking,benchANT
2026-08-12 14:05:40+00:00,processes,zombies,0,dbms,08-2026,couchbase-802-vanilla-ee-large-large-aws,1,ip-172-31-25-249,ranking,benchANT
2026-08-12 14:05:50+00:00,processes,zombies,0,dbms,08-2026,couchbase-802-vanilla-ee-large-large-aws,1,ip-172-31-25-249,ranking,benchANT
2026-08-12 14:06:00+00:00,processes,zombies,0,dbms,08-2026,couchbase-802-vanilla-ee-large-large-aws,1,ip-172-31-25-249,ranking,benchANT
2026-08-12 14:06:10+00:00,processes,zombies,0,dbms,08-2026,couchbase-802-vanilla-ee-large-large-aws,1,ip-172-31-25-249,ranking,benchANT
2026-08-12 14:06:20+00:00,processes,zombies,0,dbms,08-2026,couchbase-802-vanilla-ee-large-large-aws,1,ip-172-31-25-249,ranking,benchANT
2026-08-12 14:06:30+00:00,processes,zombies,0,dbms,08-2026,couchbase-802-vanilla-ee-large-large-aws,1,ip-172-31-25-249,ranking,benchANT
2026-08-12 14:06:40+00:00,processes,zombies,0,dbms,08-2026,couchbase-802-vanilla-ee-large-large-aws,1,ip-172-31-25-249,ranking,benchANT
2026-08-12 14:06:50+00:00,processes,zombies,0,dbms,08-2026,couchbase-802-vanilla-ee-large-large-aws,1,ip-172-31-25-249,ranking,benchANT
2026-08-12 14:07:00+00:00,processes,zombies,0,dbms,08-2026,couchbase-802-vanilla-ee-large-large-aws,1,ip-172-31-25-249,ranking,benchANT
2026-08-12 14:07:10+00:00,processes,zombies,0,dbms,08-2026,couchbase-802-vanilla-ee-large-large-aws,1,ip-172-31-25-249,ranking,benchANT
2026-08-12 14:07:20+00:00,processes,zombies,0,dbms,08-2026,couchbase-802-vanilla-ee-large-large-aws,1,ip-172-31-25-249,ranking,benchANT
2026-08-12 14:07:30+00:00,processes,zombies,0,dbms,08-2026,couchbase-802-vanilla-ee-large-large-aws,1,ip-172-31-25-249,ranking,benchANT
2026-08-12 14:07:40+00:00,processes,zombies,0,dbms,08-2026,couchbase-802-vanilla-ee-large-large-aws,1,ip-172-31-25-249,ranking,benchANT
2026-08-12 14:00:20+00:00,processes,blocked,0,dbms,08-2026,couchbase-802-vanilla-ee-large-large-aws,1,ip-172-31-28-138,ranking,benchANT
2026-08-12 14:00:30+00:00,processes,blocked,0,dbms,08-2026,couchbase-802-vanilla-ee-large-large-aws,1,ip-172-31-28-138,ranking,benchANT
2026-08-12 14:00:40+00:00,processes,blocked,0,dbms,08-2026,couchbase-802-vanilla-ee-large-large-aws,1,ip-172-31-28-138,ranking,benchANT
2026-08-12 14:00:50+00:00,processes,blocked,0,dbms,08-2026,couchbase-802-vanilla-ee-large-large-aws,1,ip-172-31-28-138,ranking,benchANT
2026-08-12 14:01:00+00:00,processes,blocked,0,dbms,08-2026,couchbase-802-vanilla-ee-large-large-aws,1,ip-172-31-28-138,ranking,benchANT
2026-08-12 14:01:10+00:00,processes,blocked,0,dbms,08-2026,couchbase-802-vanilla-ee-large-large-aws,1,ip-172-31-28-138,ranking,benchANT
2026-08-12 14:01:20+00:00,processes,blocked,1,dbms,08-2026,couchbase-802-vanilla-ee-large-large-aws,1,ip-172-31-28-138,ranking,benchANT
2026-08-12 14:01:30+00:00,processes,blocked,1,dbms,08-2026,couchbase-802-vanilla-ee-large-large-aws,1,ip-172-31-28-138,ranking,benchANT
2026-08-12 14:01:40+00:00,processes,blocked,2,dbms,08-2026,couchbase-802-vanilla-ee-large-large-aws,1,ip-172-31-28-138,ranking,benchANT
2026-08-12 14:01:50+00:00,processes,blocked,0,dbms,08-2026,couchbase-802-vanilla-ee-large-large-aws,1,ip-172-31-28-138,ranking,benchANT
2026-08-12 14:02:00+00:00,processes,blocked,1,dbms,08-2026,couchbase-802-vanilla-ee-large-large-aws,1,ip-172-31-28-138,ranking,benchANT
2026-08-12 14:02:10+00:00,processes,blocked,1,dbms,08-2026,couchbase-802-vanilla-ee-large-large-aws,1,ip-172-31-28-138,ranking,benchANT
2026-08-12 14:02:20+00:00,processes,blocked,1,dbms,08-2026,couchbase-802-vanilla-ee-large-large-aws,1,ip-172-31-28-138,ranking,benchANT
2026-08-12 14:02:30+00:00,processes,blocked,1,dbms,08-2026,couchbase-802-vanilla-ee-large-large-aws,1,ip-172-31-28-138,ranking,benchANT
2026-08-12 14:02:40+00:00,processes,blocked,1,dbms,08-2026,couchbase-802-vanilla-ee-large-large-aws,1,ip-172-31-28-138,ranking,benchANT
2026-08-12 14:02:50+00:00,processes,blocked,1,dbms,08-2026,couchbase-802-vanilla-ee-large-large-aws,1,ip-172-31-28-138,ranking,benchANT
2026-08-12 14:03:00+00:00,processes,blocked,1,dbms,08-2026,couchbase-802-vanilla-ee-large-large-aws,1,ip-172-31-28-138,ranking,benchANT
2026-08-12 14:03:10+00:00,processes,blocked,1,dbms,08-2026,couchbase-802-vanilla-ee-large-large-aws,1,ip-172-31-28-138,ranking,benchANT
2026-08-12 14:03:20+00:00,processes,blocked,0,dbms,08-2026,couchbase-802-vanilla-ee-large-large-aws,1,ip-172-31-28-138,ranking,benchANT
2026-08-12 14:03:30+00:00,processes,blocked,1,dbms,08-2026,couchbase-802-vanilla-ee-large-large-aws,1,ip-172-31-28-138,ranking,benchANT
2026-08-12 14:03:40+00:00,processes,blocked,1,dbms,08-2026,couchbase-802-vanilla-ee-large-large-aws,1,ip-172-31-28-138,ranking,benchANT
2026-08-12 14:03:50+00:00,processes,blocked,1,dbms,08-2026,couchbase-802-vanilla-ee-large-large-aws,1,ip-172-31-28-138,ranking,benchANT
2026-08-12 14:04:00+00:00,processes,blocked,1,dbms,08-2026,couchbase-802-vanilla-ee-large-large-aws,1,ip-172-31-28-138,ranking,benchANT
2026-08-12 14:04:10+00:00,processes,blocked,1,dbms,08-2026,couchbase-802-vanilla-ee-large-large-aws,1,ip-172-31-28-138,ranking,benchANT
2026-08-12 14:04:20+00:00,processes,blocked,1,dbms,08-2026,couchbase-802-vanilla-ee-large-large-aws,1,ip-172-31-28-138,ranking,benchANT
2026-08-12 14:04:30+00:00,processes,blocked,2,dbms,08-2026,couchbase-802-vanilla-ee-large-large-aws,1,ip-172-31-28-138,ranking,benchANT
2026-08-12 14:04:40+00:00,processes,blocked,1,dbms,08-2026,couchbase-802-vanilla-ee-large-large-aws,1,ip-172-31-28-138,ranking,benchANT
2026-08-12 14:04:50+00:00,processes,blocked,1,dbms,08-2026,couchbase-802-vanilla-ee-large-large-aws,1,ip-172-31-28-138,ranking,benchANT
2026-08-12 14:05:00+00:00,processes,blocked,0,dbms,08-2026,couchbase-802-vanilla-ee-large-large-aws,1,ip-172-31-28-138,ranking,benchANT
2026-08-12 14:05:10+00:00,processes,blocked,1,dbms,08-2026,couchbase-802-vanilla-ee-large-large-aws,1,ip-172-31-28-138,ranking,benchANT
2026-08-12 14:05:20+00:00,processes,blocked,1,dbms,08-2026,couchbase-802-vanilla-ee-large-large-aws,1,ip-172-31-28-138,ranking,benchANT
2026-08-12 14:05:30+00:00,processes,blocked,1,dbms,08-2026,couchbase-802-vanilla-ee-large-large-aws,1,ip-172-31-28-138,ranking,benchANT
2026-08-12 14:05:40+00:00,processes,blocked,1,dbms,08-2026,couchbase-802-vanilla-ee-large-large-aws,1,ip-172-31-28-138,ranking,benchANT
2026-08-12 14:05:50+00:00,processes,blocked,2,dbms,08-2026,couchbase-802-vanilla-ee-large-large-aws,1,ip-172-31-28-138,ranking,benchANT
2026-08-12 14:06:00+00:00,processes,blocked,1,dbms,08-2026,couchbase-802-vanilla-ee-large-large-aws,1,ip-172-31-28-138,ranking,benchANT
2026-08-12 14:06:10+00:00,processes,blocked,1,dbms,08-2026,couchbase-802-vanilla-ee-large-large-aws,1,ip-172-31-28-138,ranking,benchANT
2026-08-12 14:06:20+00:00,processes,blocked,1,dbms,08-2026,couchbase-802-vanilla-ee-large-large-aws,1,ip-172-31-28-138,ranking,benchANT
2026-08-12 14:06:30+00:00,processes,blocked,0,dbms,08-2026,couchbase-802-vanilla-ee-large-large-aws,1,ip-172-31-28-138,ranking,benchANT
2026-08-12 14:06:40+00:00,processes,blocked,1,dbms,08-2026,couchbase-802-vanilla-ee-large-large-aws,1,ip-172-31-28-138,ranking,benchANT
2026-08-12 14:06:50+00:00,processes,blocked,1,dbms,08-2026,couchbase-802-vanilla-ee-large-large-aws,1,ip-172-31-28-138,ranking,benchANT
2026-08-12 14:07:00+00:00,processes,blocked,0,dbms,08-2026,couchbase-802-vanilla-ee-large-large-aws,1,ip-172-31-28-138,ranking,benchANT
2026-08-12 14:07:10+00:00,processes,blocked,0,dbms,08-2026,couchbase-802-vanilla-ee-large-large-aws,1,ip-172-31-28-138,ranking,benchANT
2026-08-12 14:07:20+00:00,processes,blocked,0,dbms,08-2026,couchbase-802-vanilla-ee-large-large-aws,1,ip-172-31-28-138,ranking,benchANT
2026-08-12 14:07:30+00:00,processes,blocked,0,dbms,08-2026,couchbase-802-vanilla-ee-large-large-aws,1,ip-172-31-28-138,ranking,benchANT
2026-08-12 14:07:40+00:00,processes,blocked,0,dbms,08-2026,couchbase-802-vanilla-ee-large-large-aws,1,ip-172-31-28-138,ranking,benchANT
2026-08-12 14:00:20+00:00,processes,dead,0,dbms,08-2026,couchbase-802-vanilla-ee-large-large-aws,1,ip-172-31-28-138,ranking,benchANT
2026-08-12 14:00:30+00:00,processes,dead,0,dbms,08-2026,couchbase-802-vanilla-ee-large-large-aws,1,ip-172-31-28-138,ranking,benchANT
2026-08-12 14:00:40+00:00,processes,dead,0,dbms,08-2026,couchbase-802-vanilla-ee-large-large-aws,1,ip-172-31-28-138,ranking,benchANT
2026-08-12 14:00:50+00:00,processes,dead,0,dbms,08-2026,couchbase-802-vanilla-ee-large-large-aws,1,ip-172-31-28-138,ranking,benchANT
2026-08-12 14:01:00+00:00,processes,dead,0,dbms,08-2026,couchbase-802-vanilla-ee-large-large-aws,1,ip-172-31-28-138,ranking,benchANT
2026-08-12 14:01:10+00:00,processes,dead,0,dbms,08-2026,couchbase-802-vanilla-ee-large-large-aws,1,ip-172-31-28-138,ranking,benchANT
2026-08-12 14:01:20+00:00,processes,dead,0,dbms,08-2026,couchbase-802-vanilla-ee-large-large-aws,1,ip-172-31-28-138,ranking,benchANT
2026-08-12 14:01:30+00:00,processes,dead,0,dbms,08-2026,couchbase-802-vanilla-ee-large-large-aws,1,ip-172-31-28-138,ranking,benchANT
2026-08-12 14:01:40+00:00,processes,dead,0,dbms,08-2026,couchbase-802-vanilla-ee-large-large-aws,1,ip-172-31-28-138,ranking,benchANT
2026-08-12 14:01:50+00:00,processes,dead,0,dbms,08-2026,couchbase-802-vanilla-ee-large-large-aws,1,ip-172-31-28-138,ranking,benchANT
2026-08-12 14:02:00+00:00,processes,dead,0,dbms,08-2026,couchbase-802-vanilla-ee-large-large-aws,1,ip-172-31-28-138,ranking,benchANT
2026-08-12 14:02:10+00:00,processes,dead,0,dbms,08-2026,couchbase-802-vanilla-ee-large-large-aws,1,ip-172-31-28-138,ranking,benchANT
2026-08-12 14:02:20+00:00,processes,dead,0,dbms,08-2026,couchbase-802-vanilla-ee-large-large-aws,1,ip-172-31-28-138,ranking,benchANT
2026-08-12 14:02:30+00:00,processes,dead,0,dbms,08-2026,couchbase-802-vanilla-ee-large-large-aws,1,ip-172-31-28-138,ranking,benchANT
2026-08-12 14:02:40+00:00,processes,dead,0,dbms,08-2026,couchbase-802-vanilla-ee-large-large-aws,1,ip-172-31-28-138,ranking,benchANT
2026-08-12 14:02:50+00:00,processes,dead,0,dbms,08-2026,couchbase-802-vanilla-ee-large-large-aws,1,ip-172-31-28-138,ranking,benchANT
2026-08-12 14:03:00+00:00,processes,dead,0,dbms,08-2026,couchbase-802-vanilla-ee-large-large-aws,1,ip-172-31-28-138,ranking,benchANT
2026-08-12 14:03:10+00:00,processes,dead,0,dbms,08-2026,couchbase-802-vanilla-ee-large-large-aws,1,ip-172-31-28-138,ranking,benchANT
2026-08-12 14:03:20+00:00,processes,dead,0,dbms,08-2026,couchbase-802-vanilla-ee-large-large-aws,1,ip-172-31-28-138,ranking,benchANT
2026-08-12 14:03:30+00:00,processes,dead,0,dbms,08-2026,couchbase-802-vanilla-ee-large-large-aws,1,ip-172-31-28-138,ranking,benchANT
2026-08-12 14:03:40+00:00,processes,dead,0,dbms,08-2026,couchbase-802-vanilla-ee-large-large-aws,1,ip-172-31-28-138,ranking,benchANT
2026-08-12 14:03:50+00:00,processes,dead,0,dbms,08-2026,couchbase-802-vanilla-ee-large-large-aws,1,ip-172-31-28-138,ranking,benchANT
2026-08-12 14:04:00+00:00,processes,dead,0,dbms,08-2026,couchbase-802-vanilla-ee-large-large-aws,1,ip-172-31-28-138,ranking,benchANT
2026-08-12 14:04:10+00:00,processes,dead,0,dbms,08-2026,couchbase-802-vanilla-ee-large-large-aws,1,ip-172-31-28-138,ranking,benchANT
2026-08-12 14:04:20+00:00,processes,dead,0,dbms,08-2026,couchbase-802-vanilla-ee-large-large-aws,1,ip-172-31-28-138,ranking,benchANT
2026-08-12 14:04:30+00:00,processes,dead,0,dbms,08-2026,couchbase-802-vanilla-ee-large-large-aws,1,ip-172-31-28-138,ranking,benchANT
2026-08-12 14:04:40+00:00,processes,dead,0,dbms,08-2026,couchbase-802-vanilla-ee-large-large-aws,1,ip-172-31-28-138,ranking,benchANT
2026-08-12 14:04:50+00:00,processes,dead,0,dbms,08-2026,couchbase-802-vanilla-ee-large-large-aws,1,ip-172-31-28-138,ranking,benchANT
2026-08-12 14:05:00+00:00,processes,dead,0,dbms,08-2026,couchbase-802-vanilla-ee-large-large-aws,1,ip-172-31-28-138,ranking,benchANT
2026-08-12 14:05:10+00:00,processes,dead,0,dbms,08-2026,couchbase-802-vanilla-ee-large-large-aws,1,ip-172-31-28-138,ranking,benchANT
2026-08-12 14:05:20+00:00,processes,dead,0,dbms,08-2026,couchbase-802-vanilla-ee-large-large-aws,1,ip-172-31-28-138,ranking,benchANT
2026-08-12 14:05:30+00:00,processes,dead,0,dbms,08-2026,couchbase-802-vanilla-ee-large-large-aws,1,ip-172-31-28-138,ranking,benchANT
2026-08-12 14:05:40+00:00,processes,dead,0,dbms,08-2026,couchbase-802-vanilla-ee-large-large-aws,1,ip-172-31-28-138,ranking,benchANT
2026-08-12 14:05:50+00:00,processes,dead,0,dbms,08-2026,couchbase-802-vanilla-ee-large-large-aws,1,ip-172-31-28-138,ranking,benchANT
2026-08-12 14:06:00+00:00,processes,dead,0,dbms,08-2026,couchbase-802-vanilla-ee-large-large-aws,1,ip-172-31-28-138,ranking,benchANT
2026-08-12 14:06:10+00:00,processes,dead,0,dbms,08-2026,couchbase-802-vanilla-ee-large-large-aws,1,ip-172-31-28-138,ranking,benchANT
2026-08-12 14:06:20+00:00,processes,dead,0,dbms,08-2026,couchbase-802-vanilla-ee-large-large-aws,1,ip-172-31-28-138,ranking,benchANT
2026-08-12 14:06:30+00:00,processes,dead,0,dbms,08-2026,couchbase-802-vanilla-ee-large-large-aws,1,ip-172-31-28-138,ranking,benchANT
2026-08-12 14:06:40+00:00,processes,dead,0,dbms,08-2026,couchbase-802-vanilla-ee-large-large-aws,1,ip-172-31-28-138,ranking,benchANT
2026-08-12 14:06:50+00:00,processes,dead,0,dbms,08-2026,couchbase-802-vanilla-ee-large-large-aws,1,ip-172-31-28-138,ranking,benchANT
2026-08-12 14:07:00+00:00,processes,dead,0,dbms,08-2026,couchbase-802-vanilla-ee-large-large-aws,1,ip-172-31-28-138,ranking,benchANT
2026-08-12 14:07:10+00:00,processes,dead,0,dbms,08-2026,couchbase-802-vanilla-ee-large-large-aws,1,ip-172-31-28-138,ranking,benchANT
2026-08-12 14:07:20+00:00,processes,dead,0,dbms,08-2026,couchbase-802-vanilla-ee-large-large-aws,1,ip-172-31-28-138,ranking,benchANT
2026-08-12 14:07:30+00:00,processes,dead,0,dbms,08-2026,couchbase-802-vanilla-ee-large-large-aws,1,ip-172-31-28-138,ranking,benchANT
2026-08-12 14:07:40+00:00,processes,dead,0,dbms,08-2026,couchbase-802-vanilla-ee-large-large-aws,1,ip-172-31-28-138,ranking,benchANT
2026-08-12 14:00:20+00:00,processes,idle,74,dbms,08-2026,couchbase-802-vanilla-ee-large-large-aws,1,ip-172-31-28-138,ranking,benchANT
2026-08-12 14:00:30+00:00,processes,idle,74,dbms,08-2026,couchbase-802-vanilla-ee-large-large-aws,1,ip-172-31-28-138,ranking,benchANT
2026-08-12 14:00:40+00:00,processes,idle,76,dbms,08-2026,couchbase-802-vanilla-ee-large-large-aws,1,ip-172-31-28-138,ranking,benchANT
2026-08-12 14:00:50+00:00,processes,idle,76,dbms,08-2026,couchbase-802-vanilla-ee-large-large-aws,1,ip-172-31-28-138,ranking,benchANT
2026-08-12 14:01:00+00:00,processes,idle,76,dbms,08-2026,couchbase-802-vanilla-ee-large-large-aws,1,ip-172-31-28-138,ranking,benchANT
2026-08-12 14:01:10+00:00,processes,idle,77,dbms,08-2026,couchbase-802-vanilla-ee-large-large-aws,1,ip-172-31-28-138,ranking,benchANT
2026-08-12 14:01:20+00:00,processes,idle,77,dbms,08-2026,couchbase-802-vanilla-ee-large-large-aws,1,ip-172-31-28-138,ranking,benchANT
2026-08-12 14:01:30+00:00,processes,idle,77,dbms,08-2026,couchbase-802-vanilla-ee-large-large-aws,1,ip-172-31-28-138,ranking,benchANT
2026-08-12 14:01:40+00:00,processes,idle,76,dbms,08-2026,couchbase-802-vanilla-ee-large-large-aws,1,ip-172-31-28-138,ranking,benchANT
2026-08-12 14:01:50+00:00,processes,idle,77,dbms,08-2026,couchbase-802-vanilla-ee-large-large-aws,1,ip-172-31-28-138,ranking,benchANT
2026-08-12 14:02:00+00:00,processes,idle,77,dbms,08-2026,couchbase-802-vanilla-ee-large-large-aws,1,ip-172-31-28-138,ranking,benchANT
2026-08-12 14:02:10+00:00,processes,idle,77,dbms,08-2026,couchbase-802-vanilla-ee-large-large-aws,1,ip-172-31-28-138,ranking,benchANT
2026-08-12 14:02:20+00:00,processes,idle,77,dbms,08-2026,couchbase-802-vanilla-ee-large-large-aws,1,ip-172-31-28-138,ranking,benchANT
2026-08-12 14:02:30+00:00,processes,idle,77,dbms,08-2026,couchbase-802-vanilla-ee-large-large-aws,1,ip-172-31-28-138,ranking,benchANT
2026-08-12 14:02:40+00:00,processes,idle,77,dbms,08-2026,couchbase-802-vanilla-ee-large-large-aws,1,ip-172-31-28-138,ranking,benchANT
2026-08-12 14:02:50+00:00,processes,idle,77,dbms,08-2026,couchbase-802-vanilla-ee-large-large-aws,1,ip-172-31-28-138,ranking,benchANT
2026-08-12 14:03:00+00:00,processes,idle,77,dbms,08-2026,couchbase-802-vanilla-ee-large-large-aws,1,ip-172-31-28-138,ranking,benchANT
2026-08-12 14:03:10+00:00,processes,idle,77,dbms,08-2026,couchbase-802-vanilla-ee-large-large-aws,1,ip-172-31-28-138,ranking,benchANT
2026-08-12 14:03:20+00:00,processes,idle,76,dbms,08-2026,couchbase-802-vanilla-ee-large-large-aws,1,ip-172-31-28-138,ranking,benchANT
2026-08-12 14:03:30+00:00,processes,idle,76,dbms,08-2026,couchbase-802-vanilla-ee-large-large-aws,1,ip-172-31-28-138,ranking,benchANT
2026-08-12 14:03:40+00:00,processes,idle,76,dbms,08-2026,couchbase-802-vanilla-ee-large-large-aws,1,ip-172-31-28-138,ranking,benchANT
2026-08-12 14:03:50+00:00,processes,idle,76,dbms,08-2026,couchbase-802-vanilla-ee-large-large-aws,1,ip-172-31-28-138,ranking,benchANT
2026-08-12 14:04:00+00:00,processes,idle,76,dbms,08-2026,couchbase-802-vanilla-ee-large-large-aws,1,ip-172-31-28-138,ranking,benchANT
2026-08-12 14:04:10+00:00,processes,idle,76,dbms,08-2026,couchbase-802-vanilla-ee-large-large-aws,1,ip-172-31-28-138,ranking,benchANT
2026-08-12 14:04:20+00:00,processes,idle,76,dbms,08-2026,couchbase-802-vanilla-ee-large-large-aws,1,ip-172-31-28-138,ranking,benchANT
2026-08-12 14:04:30+00:00,processes,idle,75,dbms,08-2026,couchbase-802-vanilla-ee-large-large-aws,1,ip-172-31-28-138,ranking,benchANT
2026-08-12 14:04:40+00:00,processes,idle,76,dbms,08-2026,couchbase-802-vanilla-ee-large-large-aws,1,ip-172-31-28-138,ranking,benchANT
2026-08-12 14:04:50+00:00,processes,idle,76,dbms,08-2026,couchbase-802-vanilla-ee-large-large-aws,1,ip-172-31-28-138,ranking,benchANT
2026-08-12 14:05:00+00:00,processes,idle,76,dbms,08-2026,couchbase-802-vanilla-ee-large-large-aws,1,ip-172-31-28-138,ranking,benchANT
2026-08-12 14:05:10+00:00,processes,idle,76,dbms,08-2026,couchbase-802-vanilla-ee-large-large-aws,1,ip-172-31-28-138,ranking,benchANT
2026-08-12 14:05:20+00:00,processes,idle,76,dbms,08-2026,couchbase-802-vanilla-ee-large-large-aws,1,ip-172-31-28-138,ranking,benchANT
2026-08-12 14:05:30+00:00,processes,idle,76,dbms,08-2026,couchbase-802-vanilla-ee-large-large-aws,1,ip-172-31-28-138,ranking,benchANT
2026-08-12 14:05:40+00:00,processes,idle,76,dbms,08-2026,couchbase-802-vanilla-ee-large-large-aws,1,ip-172-31-28-138,ranking,benchANT
2026-08-12 14:05:50+00:00,processes,idle,75,dbms,08-2026,couchbase-802-vanilla-ee-large-large-aws,1,ip-172-31-28-138,ranking,benchANT
2026-08-12 14:06:00+00:00,processes,idle,76,dbms,08-2026,couchbase-802-vanilla-ee-large-large-aws,1,ip-172-31-28-138,ranking,benchANT
2026-08-12 14:06:10+00:00,processes,idle,73,dbms,08-2026,couchbase-802-vanilla-ee-large-large-aws,1,ip-172-31-28-138,ranking,benchANT
2026-08-12 14:06:20+00:00,processes,idle,74,dbms,08-2026,couchbase-802-vanilla-ee-large-large-aws,1,ip-172-31-28-138,ranking,benchANT
2026-08-12 14:06:30+00:00,processes,idle,74,dbms,08-2026,couchbase-802-vanilla-ee-large-large-aws,1,ip-172-31-28-138,ranking,benchANT
2026-08-12 14:06:40+00:00,processes,idle,74,dbms,08-2026,couchbase-802-vanilla-ee-large-large-aws,1,ip-172-31-28-138,ranking,benchANT
2026-08-12 14:06:50+00:00,processes,idle,74,dbms,08-2026,couchbase-802-vanilla-ee-large-large-aws,1,ip-172-31-28-138,ranking,benchANT
2026-08-12 14:07:00+00:00,processes,idle,74,dbms,08-2026,couchbase-802-vanilla-ee-large-large-aws,1,ip-172-31-28-138,ranking,benchANT
2026-08-12 14:07:10+00:00,processes,idle,74,dbms,08-2026,couchbase-802-vanilla-ee-large-large-aws,1,ip-172-31-28-138,ranking,benchANT
2026-08-12 14:07:20+00:00,processes,idle,74,dbms,08-2026,couchbase-802-vanilla-ee-large-large-aws,1,ip-172-31-28-138,ranking,benchANT
2026-08-12 14:07:30+00:00,processes,idle,75,dbms,08-2026,couchbase-802-vanilla-ee-large-large-aws,1,ip-172-31-28-138,ranking,benchANT
2026-08-12 14:07:40+00:00,processes,idle,74,dbms,08-2026,couchbase-802-vanilla-ee-large-large-aws,1,ip-172-31-28-138,ranking,benchANT
2026-08-12 14:00:20+00:00,processes,paging,0,dbms,08-2026,couchbase-802-vanilla-ee-large-large-aws,1,ip-172-31-28-138,ranking,benchANT
2026-08-12 14:00:30+00:00,processes,paging,0,dbms,08-2026,couchbase-802-vanilla-ee-large-large-aws,1,ip-172-31-28-138,ranking,benchANT
2026-08-12 14:00:40+00:00,processes,paging,0,dbms,08-2026,couchbase-802-vanilla-ee-large-large-aws,1,ip-172-31-28-138,ranking,benchANT
2026-08-12 14:00:50+00:00,processes,paging,0,dbms,08-2026,couchbase-802-vanilla-ee-large-large-aws,1,ip-172-31-28-138,ranking,benchANT
2026-08-12 14:01:00+00:00,processes,paging,0,dbms,08-2026,couchbase-802-vanilla-ee-large-large-aws,1,ip-172-31-28-138,ranking,benchANT
2026-08-12 14:01:10+00:00,processes,paging,0,dbms,08-2026,couchbase-802-vanilla-ee-large-large-aws,1,ip-172-31-28-138,ranking,benchANT
2026-08-12 14:01:20+00:00,processes,paging,0,dbms,08-2026,couchbase-802-vanilla-ee-large-large-aws,1,ip-172-31-28-138,ranking,benchANT
2026-08-12 14:01:30+00:00,processes,paging,0,dbms,08-2026,couchbase-802-vanilla-ee-large-large-aws,1,ip-172-31-28-138,ranking,benchANT
2026-08-12 14:01:40+00:00,processes,paging,0,dbms,08-2026,couchbase-802-vanilla-ee-large-large-aws,1,ip-172-31-28-138,ranking,benchANT
2026-08-12 14:01:50+00:00,processes,paging,0,dbms,08-2026,couchbase-802-vanilla-ee-large-large-aws,1,ip-172-31-28-138,ranking,benchANT
2026-08-12 14:02:00+00:00,processes,paging,0,dbms,08-2026,couchbase-802-vanilla-ee-large-large-aws,1,ip-172-31-28-138,ranking,benchANT
2026-08-12 14:02:10+00:00,processes,paging,0,dbms,08-2026,couchbase-802-vanilla-ee-large-large-aws,1,ip-172-31-28-138,ranking,benchANT
2026-08-12 14:02:20+00:00,processes,paging,0,dbms,08-2026,couchbase-802-vanilla-ee-large-large-aws,1,ip-172-31-28-138,ranking,benchANT
2026-08-12 14:02:30+00:00,processes,paging,0,dbms,08-2026,couchbase-802-vanilla-ee-large-large-aws,1,ip-172-31-28-138,ranking,benchANT
2026-08-12 14:02:40+00:00,processes,paging,0,dbms,08-2026,couchbase-802-vanilla-ee-large-large-aws,1,ip-172-31-28-138,ranking,benchANT
2026-08-12 14:02:50+00:00,processes,paging,0,dbms,08-2026,couchbase-802-vanilla-ee-large-large-aws,1,ip-172-31-28-138,ranking,benchANT
2026-08-12 14:03:00+00:00,processes,paging,0,dbms,08-2026,couchbase-802-vanilla-ee-large-large-aws,1,ip-172-31-28-138,ranking,benchANT
2026-08-12 14:03:10+00:00,processes,paging,0,dbms,08-2026,couchbase-802-vanilla-ee-large-large-aws,1,ip-172-31-28-138,ranking,benchANT
2026-08-12 14:03:20+00:00,processes,paging,0,dbms,08-2026,couchbase-802-vanilla-ee-large-large-aws,1,ip-172-31-28-138,ranking,benchANT
2026-08-12 14:03:30+00:00,processes,paging,0,dbms,08-2026,couchbase-802-vanilla-ee-large-large-aws,1,ip-172-31-28-138,ranking,benchANT
2026-08-12 14:03:40+00:00,processes,paging,0,dbms,08-2026,couchbase-802-vanilla-ee-large-large-aws,1,ip-172-31-28-138,ranking,benchANT
2026-08-12 14:03:50+00:00,processes,paging,0,dbms,08-2026,couchbase-802-vanilla-ee-large-large-aws,1,ip-172-31-28-138,ranking,benchANT
2026-08-12 14:04:00+00:00,processes,paging,0,dbms,08-2026,couchbase-802-vanilla-ee-large-large-aws,1,ip-172-31-28-138,ranking,benchANT
2026-08-12 14:04:10+00:00,processes,paging,0,dbms,08-2026,couchbase-802-vanilla-ee-large-large-aws,1,ip-172-31-28-138,ranking,benchANT
2026-08-12 14:04:20+00:00,processes,paging,0,dbms,08-2026,couchbase-802-vanilla-ee-large-large-aws,1,ip-172-31-28-138,ranking,benchANT
2026-08-12 14:04:30+00:00,processes,paging,0,dbms,08-2026,couchbase-802-vanilla-ee-large-large-aws,1,ip-172-31-28-138,ranking,benchANT
2026-08-12 14:04:40+00:00,processes,paging,0,dbms,08-2026,couchbase-802-vanilla-ee-large-large-aws,1,ip-172-31-28-138,ranking,benchANT
2026-08-12 14:04:50+00:00,processes,paging,0,dbms,08-2026,couchbase-802-vanilla-ee-large-large-aws,1,ip-172-31-28-138,ranking,benchANT
2026-08-12 14:05:00+00:00,processes,paging,0,dbms,08-2026,couchbase-802-vanilla-ee-large-large-aws,1,ip-172-31-28-138,ranking,benchANT
2026-08-12 14:05:10+00:00,processes,paging,0,dbms,08-2026,couchbase-802-vanilla-ee-large-large-aws,1,ip-172-31-28-138,ranking,benchANT
2026-08-12 14:05:20+00:00,processes,paging,0,dbms,08-2026,couchbase-802-vanilla-ee-large-large-aws,1,ip-172-31-28-138,ranking,benchANT
2026-08-12 14:05:30+00:00,processes,paging,0,dbms,08-2026,couchbase-802-vanilla-ee-large-large-aws,1,ip-172-31-28-138,ranking,benchANT
2026-08-12 14:05:40+00:00,processes,paging,0,dbms,08-2026,couchbase-802-vanilla-ee-large-large-aws,1,ip-172-31-28-138,ranking,benchANT
2026-08-12 14:05:50+00:00,processes,paging,0,dbms,08-2026,couchbase-802-vanilla-ee-large-large-aws,1,ip-172-31-28-138,ranking,benchANT
2026-08-12 14:06:00+00:00,processes,paging,0,dbms,08-2026,couchbase-802-vanilla-ee-large-large-aws,1,ip-172-31-28-138,ranking,benchANT
2026-08-12 14:06:10+00:00,processes,paging,0,dbms,08-2026,couchbase-802-vanilla-ee-large-large-aws,1,ip-172-31-28-138,ranking,benchANT
2026-08-12 14:06:20+00:00,processes,paging,0,dbms,08-2026,couchbase-802-vanilla-ee-large-large-aws,1,ip-172-31-28-138,ranking,benchANT
2026-08-12 14:06:30+00:00,processes,paging,0,dbms,08-2026,couchbase-802-vanilla-ee-large-large-aws,1,ip-172-31-28-138,ranking,benchANT
2026-08-12 14:06:40+00:00,processes,paging,0,dbms,08-2026,couchbase-802-vanilla-ee-large-large-aws,1,ip-172-31-28-138,ranking,benchANT
2026-08-12 14:06:50+00:00,processes,paging,0,dbms,08-2026,couchbase-802-vanilla-ee-large-large-aws,1,ip-172-31-28-138,ranking,benchANT
2026-08-12 14:07:00+00:00,processes,paging,0,dbms,08-2026,couchbase-802-vanilla-ee-large-large-aws,1,ip-172-31-28-138,ranking,benchANT
2026-08-12 14:07:10+00:00,processes,paging,0,dbms,08-2026,couchbase-802-vanilla-ee-large-large-aws,1,ip-172-31-28-138,ranking,benchANT
2026-08-12 14:07:20+00:00,processes,paging,0,dbms,08-2026,couchbase-802-vanilla-ee-large-large-aws,1,ip-172-31-28-138,ranking,benchANT
2026-08-12 14:07:30+00:00,processes,paging,0,dbms,08-2026,couchbase-802-vanilla-ee-large-large-aws,1,ip-172-31-28-138,ranking,benchANT
2026-08-12 14:07:40+00:00,processes,paging,0,dbms,08-2026,couchbase-802-vanilla-ee-large-large-aws,1,ip-172-31-28-138,ranking,benchANT
2026-08-12 14:00:20+00:00,processes,running,0,dbms,08-2026,couchbase-802-vanilla-ee-large-large-aws,1,ip-172-31-28-138,ranking,benchANT
2026-08-12 14:00:30+00:00,processes,running,0,dbms,08-2026,couchbase-802-vanilla-ee-large-large-aws,1,ip-172-31-28-138,ranking,benchANT
2026-08-12 14:00:40+00:00,processes,running,0,dbms,08-2026,couchbase-802-vanilla-ee-large-large-aws,1,ip-172-31-28-138,ranking,benchANT
2026-08-12 14:00:50+00:00,processes,running,0,dbms,08-2026,couchbase-802-vanilla-ee-large-large-aws,1,ip-172-31-28-138,ranking,benchANT
2026-08-12 14:01:00+00:00,processes,running,0,dbms,08-2026,couchbase-802-vanilla-ee-large-large-aws,1,ip-172-31-28-138,ranking,benchANT
2026-08-12 14:01:10+00:00,processes,running,0,dbms,08-2026,couchbase-802-vanilla-ee-large-large-aws,1,ip-172-31-28-138,ranking,benchANT
2026-08-12 14:01:20+00:00,processes,running,0,dbms,08-2026,couchbase-802-vanilla-ee-large-large-aws,1,ip-172-31-28-138,ranking,benchANT
2026-08-12 14:01:30+00:00,processes,running,0,dbms,08-2026,couchbase-802-vanilla-ee-large-large-aws,1,ip-172-31-28-138,ranking,benchANT
2026-08-12 14:01:40+00:00,processes,running,0,dbms,08-2026,couchbase-802-vanilla-ee-large-large-aws,1,ip-172-31-28-138,ranking,benchANT
2026-08-12 14:01:50+00:00,processes,running,1,dbms,08-2026,couchbase-802-vanilla-ee-large-large-aws,1,ip-172-31-28-138,ranking,benchANT
2026-08-12 14:02:00+00:00,processes,running,0,dbms,08-2026,couchbase-802-vanilla-ee-large-large-aws,1,ip-172-31-28-138,ranking,benchANT
2026-08-12 14:02:10+00:00,processes,running,0,dbms,08-2026,couchbase-802-vanilla-ee-large-large-aws,1,ip-172-31-28-138,ranking,benchANT
2026-08-12 14:02:20+00:00,processes,running,0,dbms,08-2026,couchbase-802-vanilla-ee-large-large-aws,1,ip-172-31-28-138,ranking,benchANT
2026-08-12 14:02:30+00:00,processes,running,0,dbms,08-2026,couchbase-802-vanilla-ee-large-large-aws,1,ip-172-31-28-138,ranking,benchANT
2026-08-12 14:02:40+00:00,processes,running,0,dbms,08-2026,couchbase-802-vanilla-ee-large-large-aws,1,ip-172-31-28-138,ranking,benchANT
2026-08-12 14:02:50+00:00,processes,running,0,dbms,08-2026,couchbase-802-vanilla-ee-large-large-aws,1,ip-172-31-28-138,ranking,benchANT
2026-08-12 14:03:00+00:00,processes,running,0,dbms,08-2026,couchbase-802-vanilla-ee-large-large-aws,1,ip-172-31-28-138,ranking,benchANT
2026-08-12 14:03:10+00:00,processes,running,0,dbms,08-2026,couchbase-802-vanilla-ee-large-large-aws,1,ip-172-31-28-138,ranking,benchANT
2026-08-12 14:03:20+00:00,processes,running,0,dbms,08-2026,couchbase-802-vanilla-ee-large-large-aws,1,ip-172-31-28-138,ranking,benchANT
2026-08-12 14:03:30+00:00,processes,running,0,dbms,08-2026,couchbase-802-vanilla-ee-large-large-aws,1,ip-172-31-28-138,ranking,benchANT
2026-08-12 14:03:40+00:00,processes,running,0,dbms,08-2026,couchbase-802-vanilla-ee-large-large-aws,1,ip-172-31-28-138,ranking,benchANT
2026-08-12 14:03:50+00:00,processes,running,0,dbms,08-2026,couchbase-802-vanilla-ee-large-large-aws,1,ip-172-31-28-138,ranking,benchANT
2026-08-12 14:04:00+00:00,processes,running,0,dbms,08-2026,couchbase-802-vanilla-ee-large-large-aws,1,ip-172-31-28-138,ranking,benchANT
2026-08-12 14:04:10+00:00,processes,running,0,dbms,08-2026,couchbase-802-vanilla-ee-large-large-aws,1,ip-172-31-28-138,ranking,benchANT
2026-08-12 14:04:20+00:00,processes,running,0,dbms,08-2026,couchbase-802-vanilla-ee-large-large-aws,1,ip-172-31-28-138,ranking,benchANT
2026-08-12 14:04:30+00:00,processes,running,0,dbms,08-2026,couchbase-802-vanilla-ee-large-large-aws,1,ip-172-31-28-138,ranking,benchANT
2026-08-12 14:04:40+00:00,processes,running,0,dbms,08-2026,couchbase-802-vanilla-ee-large-large-aws,1,ip-172-31-28-138,ranking,benchANT
2026-08-12 14:04:50+00:00,processes,running,0,dbms,08-2026,couchbase-802-vanilla-ee-large-large-aws,1,ip-172-31-28-138,ranking,benchANT
2026-08-12 14:05:00+00:00,processes,running,0,dbms,08-2026,couchbase-802-vanilla-ee-large-large-aws,1,ip-172-31-28-138,ranking,benchANT
2026-08-12 14:05:10+00:00,processes,running,0,dbms,08-2026,couchbase-802-vanilla-ee-large-large-aws,1,ip-172-31-28-138,ranking,benchANT
2026-08-12 14:05:20+00:00,processes,running,0,dbms,08-2026,couchbase-802-vanilla-ee-large-large-aws,1,ip-172-31-28-138,ranking,benchANT
2026-08-12 14:05:30+00:00,processes,running,1,dbms,08-2026,couchbase-802-vanilla-ee-large-large-aws,1,ip-172-31-28-138,ranking,benchANT
2026-08-12 14:05:40+00:00,processes,running,0,dbms,08-2026,couchbase-802-vanilla-ee-large-large-aws,1,ip-172-31-28-138,ranking,benchANT
2026-08-12 14:05:50+00:00,processes,running,0,dbms,08-2026,couchbase-802-vanilla-ee-large-large-aws,1,ip-172-31-28-138,ranking,benchANT
2026-08-12 14:06:00+00:00,processes,running,0,dbms,08-2026,couchbase-802-vanilla-ee-large-large-aws,1,ip-172-31-28-138,ranking,benchANT
2026-08-12 14:06:10+00:00,processes,running,1,dbms,08-2026,couchbase-802-vanilla-ee-large-large-aws,1,ip-172-31-28-138,ranking,benchANT
2026-08-12 14:06:20+00:00,processes,running,0,dbms,08-2026,couchbase-802-vanilla-ee-large-large-aws,1,ip-172-31-28-138,ranking,benchANT
2026-08-12 14:06:30+00:00,processes,running,1,dbms,08-2026,couchbase-802-vanilla-ee-large-large-aws,1,ip-172-31-28-138,ranking,benchANT
2026-08-12 14:06:40+00:00,processes,running,0,dbms,08-2026,couchbase-802-vanilla-ee-large-large-aws,1,ip-172-31-28-138,ranking,benchANT
2026-08-12 14:06:50+00:00,processes,running,0,dbms,08-2026,couchbase-802-vanilla-ee-large-large-aws,1,ip-172-31-28-138,ranking,benchANT
2026-08-12 14:07:00+00:00,processes,running,0,dbms,08-2026,couchbase-802-vanilla-ee-large-large-aws,1,ip-172-31-28-138,ranking,benchANT
2026-08-12 14:07:10+00:00,processes,running,0,dbms,08-2026,couchbase-802-vanilla-ee-large-large-aws,1,ip-172-31-28-138,ranking,benchANT
2026-08-12 14:07:20+00:00,processes,running,0,dbms,08-2026,couchbase-802-vanilla-ee-large-large-aws,1,ip-172-31-28-138,ranking,benchANT
2026-08-12 14:07:30+00:00,processes,running,0,dbms,08-2026,couchbase-802-vanilla-ee-large-large-aws,1,ip-172-31-28-138,ranking,benchANT
2026-08-12 14:07:40+00:00,processes,running,1,dbms,08-2026,couchbase-802-vanilla-ee-large-large-aws,1,ip-172-31-28-138,ranking,benchANT
2026-08-12 14:00:20+00:00,processes,sleeping,107,dbms,08-2026,couchbase-802-vanilla-ee-large-large-aws,1,ip-172-31-28-138,ranking,benchANT
2026-08-12 14:00:30+00:00,processes,sleeping,107,dbms,08-2026,couchbase-802-vanilla-ee-large-large-aws,1,ip-172-31-28-138,ranking,benchANT
2026-08-12 14:00:40+00:00,processes,sleeping,107,dbms,08-2026,couchbase-802-vanilla-ee-large-large-aws,1,ip-172-31-28-138,ranking,benchANT
2026-08-12 14:00:50+00:00,processes,sleeping,107,dbms,08-2026,couchbase-802-vanilla-ee-large-large-aws,1,ip-172-31-28-138,ranking,benchANT
2026-08-12 14:01:00+00:00,processes,sleeping,107,dbms,08-2026,couchbase-802-vanilla-ee-large-large-aws,1,ip-172-31-28-138,ranking,benchANT
2026-08-12 14:01:10+00:00,processes,sleeping,107,dbms,08-2026,couchbase-802-vanilla-ee-large-large-aws,1,ip-172-31-28-138,ranking,benchANT
2026-08-12 14:01:20+00:00,processes,sleeping,106,dbms,08-2026,couchbase-802-vanilla-ee-large-large-aws,1,ip-172-31-28-138,ranking,benchANT
2026-08-12 14:01:30+00:00,processes,sleeping,106,dbms,08-2026,couchbase-802-vanilla-ee-large-large-aws,1,ip-172-31-28-138,ranking,benchANT
2026-08-12 14:01:40+00:00,processes,sleeping,106,dbms,08-2026,couchbase-802-vanilla-ee-large-large-aws,1,ip-172-31-28-138,ranking,benchANT
2026-08-12 14:01:50+00:00,processes,sleeping,106,dbms,08-2026,couchbase-802-vanilla-ee-large-large-aws,1,ip-172-31-28-138,ranking,benchANT
2026-08-12 14:02:00+00:00,processes,sleeping,106,dbms,08-2026,couchbase-802-vanilla-ee-large-large-aws,1,ip-172-31-28-138,ranking,benchANT
2026-08-12 14:02:10+00:00,processes,sleeping,106,dbms,08-2026,couchbase-802-vanilla-ee-large-large-aws,1,ip-172-31-28-138,ranking,benchANT
2026-08-12 14:02:20+00:00,processes,sleeping,106,dbms,08-2026,couchbase-802-vanilla-ee-large-large-aws,1,ip-172-31-28-138,ranking,benchANT
2026-08-12 14:02:30+00:00,processes,sleeping,106,dbms,08-2026,couchbase-802-vanilla-ee-large-large-aws,1,ip-172-31-28-138,ranking,benchANT
2026-08-12 14:02:40+00:00,processes,sleeping,106,dbms,08-2026,couchbase-802-vanilla-ee-large-large-aws,1,ip-172-31-28-138,ranking,benchANT
2026-08-12 14:02:50+00:00,processes,sleeping,106,dbms,08-2026,couchbase-802-vanilla-ee-large-large-aws,1,ip-172-31-28-138,ranking,benchANT
2026-08-12 14:03:00+00:00,processes,sleeping,106,dbms,08-2026,couchbase-802-vanilla-ee-large-large-aws,1,ip-172-31-28-138,ranking,benchANT
2026-08-12 14:03:10+00:00,processes,sleeping,106,dbms,08-2026,couchbase-802-vanilla-ee-large-large-aws,1,ip-172-31-28-138,ranking,benchANT
2026-08-12 14:03:20+00:00,processes,sleeping,107,dbms,08-2026,couchbase-802-vanilla-ee-large-large-aws,1,ip-172-31-28-138,ranking,benchANT
2026-08-12 14:03:30+00:00,processes,sleeping,106,dbms,08-2026,couchbase-802-vanilla-ee-large-large-aws,1,ip-172-31-28-138,ranking,benchANT
2026-08-12 14:03:40+00:00,processes,sleeping,106,dbms,08-2026,couchbase-802-vanilla-ee-large-large-aws,1,ip-172-31-28-138,ranking,benchANT
2026-08-12 14:03:50+00:00,processes,sleeping,106,dbms,08-2026,couchbase-802-vanilla-ee-large-large-aws,1,ip-172-31-28-138,ranking,benchANT
2026-08-12 14:04:00+00:00,processes,sleeping,106,dbms,08-2026,couchbase-802-vanilla-ee-large-large-aws,1,ip-172-31-28-138,ranking,benchANT
2026-08-12 14:04:10+00:00,processes,sleeping,106,dbms,08-2026,couchbase-802-vanilla-ee-large-large-aws,1,ip-172-31-28-138,ranking,benchANT
2026-08-12 14:04:20+00:00,processes,sleeping,106,dbms,08-2026,couchbase-802-vanilla-ee-large-large-aws,1,ip-172-31-28-138,ranking,benchANT
2026-08-12 14:04:30+00:00,processes,sleeping,106,dbms,08-2026,couchbase-802-vanilla-ee-large-large-aws,1,ip-172-31-28-138,ranking,benchANT
2026-08-12 14:04:40+00:00,processes,sleeping,106,dbms,08-2026,couchbase-802-vanilla-ee-large-large-aws,1,ip-172-31-28-138,ranking,benchANT
2026-08-12 14:04:50+00:00,processes,sleeping,106,dbms,08-2026,couchbase-802-vanilla-ee-large-large-aws,1,ip-172-31-28-138,ranking,benchANT
2026-08-12 14:05:00+00:00,processes,sleeping,107,dbms,08-2026,couchbase-802-vanilla-ee-large-large-aws,1,ip-172-31-28-138,ranking,benchANT
2026-08-12 14:05:10+00:00,processes,sleeping,106,dbms,08-2026,couchbase-802-vanilla-ee-large-large-aws,1,ip-172-31-28-138,ranking,benchANT
2026-08-12 14:05:20+00:00,processes,sleeping,106,dbms,08-2026,couchbase-802-vanilla-ee-large-large-aws,1,ip-172-31-28-138,ranking,benchANT
2026-08-12 14:05:30+00:00,processes,sleeping,105,dbms,08-2026,couchbase-802-vanilla-ee-large-large-aws,1,ip-172-31-28-138,ranking,benchANT
2026-08-12 14:05:40+00:00,processes,sleeping,106,dbms,08-2026,couchbase-802-vanilla-ee-large-large-aws,1,ip-172-31-28-138,ranking,benchANT
2026-08-12 14:05:50+00:00,processes,sleeping,106,dbms,08-2026,couchbase-802-vanilla-ee-large-large-aws,1,ip-172-31-28-138,ranking,benchANT
2026-08-12 14:06:00+00:00,processes,sleeping,106,dbms,08-2026,couchbase-802-vanilla-ee-large-large-aws,1,ip-172-31-28-138,ranking,benchANT
2026-08-12 14:06:10+00:00,processes,sleeping,106,dbms,08-2026,couchbase-802-vanilla-ee-large-large-aws,1,ip-172-31-28-138,ranking,benchANT
2026-08-12 14:06:20+00:00,processes,sleeping,106,dbms,08-2026,couchbase-802-vanilla-ee-large-large-aws,1,ip-172-31-28-138,ranking,benchANT
2026-08-12 14:06:30+00:00,processes,sleeping,106,dbms,08-2026,couchbase-802-vanilla-ee-large-large-aws,1,ip-172-31-28-138,ranking,benchANT
2026-08-12 14:06:40+00:00,processes,sleeping,106,dbms,08-2026,couchbase-802-vanilla-ee-large-large-aws,1,ip-172-31-28-138,ranking,benchANT
2026-08-12 14:06:50+00:00,processes,sleeping,106,dbms,08-2026,couchbase-802-vanilla-ee-large-large-aws,1,ip-172-31-28-138,ranking,benchANT
2026-08-12 14:07:00+00:00,processes,sleeping,107,dbms,08-2026,couchbase-802-vanilla-ee-large-large-aws,1,ip-172-31-28-138,ranking,benchANT
2026-08-12 14:07:10+00:00,processes,sleeping,107,dbms,08-2026,couchbase-802-vanilla-ee-large-large-aws,1,ip-172-31-28-138,ranking,benchANT
2026-08-12 14:07:20+00:00,processes,sleeping,107,dbms,08-2026,couchbase-802-vanilla-ee-large-large-aws,1,ip-172-31-28-138,ranking,benchANT
2026-08-12 14:07:30+00:00,processes,sleeping,107,dbms,08-2026,couchbase-802-vanilla-ee-large-large-aws,1,ip-172-31-28-138,ranking,benchANT
2026-08-12 14:07:40+00:00,processes,sleeping,107,dbms,08-2026,couchbase-802-vanilla-ee-large-large-aws,1,ip-172-31-28-138,ranking,benchANT
2026-08-12 14:00:20+00:00,processes,stopped,0,dbms,08-2026,couchbase-802-vanilla-ee-large-large-aws,1,ip-172-31-28-138,ranking,benchANT
2026-08-12 14:00:30+00:00,processes,stopped,0,dbms,08-2026,couchbase-802-vanilla-ee-large-large-aws,1,ip-172-31-28-138,ranking,benchANT
2026-08-12 14:00:40+00:00,processes,stopped,0,dbms,08-2026,couchbase-802-vanilla-ee-large-large-aws,1,ip-172-31-28-138,ranking,benchANT
2026-08-12 14:00:50+00:00,processes,stopped,0,dbms,08-2026,couchbase-802-vanilla-ee-large-large-aws,1,ip-172-31-28-138,ranking,benchANT
2026-08-12 14:01:00+00:00,processes,stopped,0,dbms,08-2026,couchbase-802-vanilla-ee-large-large-aws,1,ip-172-31-28-138,ranking,benchANT
2026-08-12 14:01:10+00:00,processes,stopped,0,dbms,08-2026,couchbase-802-vanilla-ee-large-large-aws,1,ip-172-31-28-138,ranking,benchANT
2026-08-12 14:01:20+00:00,processes,stopped,0,dbms,08-2026,couchbase-802-vanilla-ee-large-large-aws,1,ip-172-31-28-138,ranking,benchANT
2026-08-12 14:01:30+00:00,processes,stopped,0,dbms,08-2026,couchbase-802-vanilla-ee-large-large-aws,1,ip-172-31-28-138,ranking,benchANT
2026-08-12 14:01:40+00:00,processes,stopped,0,dbms,08-2026,couchbase-802-vanilla-ee-large-large-aws,1,ip-172-31-28-138,ranking,benchANT
2026-08-12 14:01:50+00:00,processes,stopped,0,dbms,08-2026,couchbase-802-vanilla-ee-large-large-aws,1,ip-172-31-28-138,ranking,benchANT
2026-08-12 14:02:00+00:00,processes,stopped,0,dbms,08-2026,couchbase-802-vanilla-ee-large-large-aws,1,ip-172-31-28-138,ranking,benchANT
2026-08-12 14:02:10+00:00,processes,stopped,0,dbms,08-2026,couchbase-802-vanilla-ee-large-large-aws,1,ip-172-31-28-138,ranking,benchANT
2026-08-12 14:02:20+00:00,processes,stopped,0,dbms,08-2026,couchbase-802-vanilla-ee-large-large-aws,1,ip-172-31-28-138,ranking,benchANT
2026-08-12 14:02:30+00:00,processes,stopped,0,dbms,08-2026,couchbase-802-vanilla-ee-large-large-aws,1,ip-172-31-28-138,ranking,benchANT
2026-08-12 14:02:40+00:00,processes,stopped,0,dbms,08-2026,couchbase-802-vanilla-ee-large-large-aws,1,ip-172-31-28-138,ranking,benchANT
2026-08-12 14:02:50+00:00,processes,stopped,0,dbms,08-2026,couchbase-802-vanilla-ee-large-large-aws,1,ip-172-31-28-138,ranking,benchANT
2026-08-12 14:03:00+00:00,processes,stopped,0,dbms,08-2026,couchbase-802-vanilla-ee-large-large-aws,1,ip-172-31-28-138,ranking,benchANT
2026-08-12 14:03:10+00:00,processes,stopped,0,dbms,08-2026,couchbase-802-vanilla-ee-large-large-aws,1,ip-172-31-28-138,ranking,benchANT
2026-08-12 14:03:20+00:00,processes,stopped,0,dbms,08-2026,couchbase-802-vanilla-ee-large-large-aws,1,ip-172-31-28-138,ranking,benchANT
2026-08-12 14:03:30+00:00,processes,stopped,0,dbms,08-2026,couchbase-802-vanilla-ee-large-large-aws,1,ip-172-31-28-138,ranking,benchANT
2026-08-12 14:03:40+00:00,processes,stopped,0,dbms,08-2026,couchbase-802-vanilla-ee-large-large-aws,1,ip-172-31-28-138,ranking,benchANT
2026-08-12 14:03:50+00:00,processes,stopped,0,dbms,08-2026,couchbase-802-vanilla-ee-large-large-aws,1,ip-172-31-28-138,ranking,benchANT
2026-08-12 14:04:00+00:00,processes,stopped,0,dbms,08-2026,couchbase-802-vanilla-ee-large-large-aws,1,ip-172-31-28-138,ranking,benchANT
2026-08-12 14:04:10+00:00,processes,stopped,0,dbms,08-2026,couchbase-802-vanilla-ee-large-large-aws,1,ip-172-31-28-138,ranking,benchANT
2026-08-12 14:04:20+00:00,processes,stopped,0,dbms,08-2026,couchbase-802-vanilla-ee-large-large-aws,1,ip-172-31-28-138,ranking,benchANT
2026-08-12 14:04:30+00:00,processes,stopped,0,dbms,08-2026,couchbase-802-vanilla-ee-large-large-aws,1,ip-172-31-28-138,ranking,benchANT
2026-08-12 14:04:40+00:00,processes,stopped,0,dbms,08-2026,couchbase-802-vanilla-ee-large-large-aws,1,ip-172-31-28-138,ranking,benchANT
2026-08-12 14:04:50+00:00,processes,stopped,0,dbms,08-2026,couchbase-802-vanilla-ee-large-large-aws,1,ip-172-31-28-138,ranking,benchANT
2026-08-12 14:05:00+00:00,processes,stopped,0,dbms,08-2026,couchbase-802-vanilla-ee-large-large-aws,1,ip-172-31-28-138,ranking,benchANT
2026-08-12 14:05:10+00:00,processes,stopped,0,dbms,08-2026,couchbase-802-vanilla-ee-large-large-aws,1,ip-172-31-28-138,ranking,benchANT
2026-08-12 14:05:20+00:00,processes,stopped,0,dbms,08-2026,couchbase-802-vanilla-ee-large-large-aws,1,ip-172-31-28-138,ranking,benchANT
2026-08-12 14:05:30+00:00,processes,stopped,0,dbms,08-2026,couchbase-802-vanilla-ee-large-large-aws,1,ip-172-31-28-138,ranking,benchANT
2026-08-12 14:05:40+00:00,processes,stopped,0,dbms,08-2026,couchbase-802-vanilla-ee-large-large-aws,1,ip-172-31-28-138,ranking,benchANT
2026-08-12 14:05:50+00:00,processes,stopped,0,dbms,08-2026,couchbase-802-vanilla-ee-large-large-aws,1,ip-172-31-28-138,ranking,benchANT
2026-08-12 14:06:00+00:00,processes,stopped,0,dbms,08-2026,couchbase-802-vanilla-ee-large-large-aws,1,ip-172-31-28-138,ranking,benchANT
2026-08-12 14:06:10+00:00,processes,stopped,0,dbms,08-2026,couchbase-802-vanilla-ee-large-large-aws,1,ip-172-31-28-138,ranking,benchANT
2026-08-12 14:06:20+00:00,processes,stopped,0,dbms,08-2026,couchbase-802-vanilla-ee-large-large-aws,1,ip-172-31-28-138,ranking,benchANT
2026-08-12 14:06:30+00:00,processes,stopped,0,dbms,08-2026,couchbase-802-vanilla-ee-large-large-aws,1,ip-172-31-28-138,ranking,benchANT
2026-08-12 14:06:40+00:00,processes,stopped,0,dbms,08-2026,couchbase-802-vanilla-ee-large-large-aws,1,ip-172-31-28-138,ranking,benchANT
2026-08-12 14:06:50+00:00,processes,stopped,0,dbms,08-2026,couchbase-802-vanilla-ee-large-large-aws,1,ip-172-31-28-138,ranking,benchANT
2026-08-12 14:07:00+00:00,processes,stopped,0,dbms,08-2026,couchbase-802-vanilla-ee-large-large-aws,1,ip-172-31-28-138,ranking,benchANT
2026-08-12 14:07:10+00:00,processes,stopped,0,dbms,08-2026,couchbase-802-vanilla-ee-large-large-aws,1,ip-172-31-28-138,ranking,benchANT
2026-08-12 14:07:20+00:00,processes,stopped,0,dbms,08-2026,couchbase-802-vanilla-ee-large-large-aws,1,ip-172-31-28-138,ranking,benchANT
2026-08-12 14:07:30+00:00,processes,stopped,0,dbms,08-2026,couchbase-802-vanilla-ee-large-large-aws,1,ip-172-31-28-138,ranking,benchANT
2026-08-12 14:07:40+00:00,processes,stopped,0,dbms,08-2026,couchbase-802-vanilla-ee-large-large-aws,1,ip-172-31-28-138,ranking,benchANT
2026-08-12 14:00:20+00:00,processes,total,181,dbms,08-2026,couchbase-802-vanilla-ee-large-large-aws,1,ip-172-31-28-138,ranking,benchANT
2026-08-12 14:00:30+00:00,processes,total,181,dbms,08-2026,couchbase-802-vanilla-ee-large-large-aws,1,ip-172-31-28-138,ranking,benchANT
2026-08-12 14:00:40+00:00,processes,total,183,dbms,08-2026,couchbase-802-vanilla-ee-large-large-aws,1,ip-172-31-28-138,ranking,benchANT
2026-08-12 14:00:50+00:00,processes,total,183,dbms,08-2026,couchbase-802-vanilla-ee-large-large-aws,1,ip-172-31-28-138,ranking,benchANT
2026-08-12 14:01:00+00:00,processes,total,183,dbms,08-2026,couchbase-802-vanilla-ee-large-large-aws,1,ip-172-31-28-138,ranking,benchANT
2026-08-12 14:01:10+00:00,processes,total,184,dbms,08-2026,couchbase-802-vanilla-ee-large-large-aws,1,ip-172-31-28-138,ranking,benchANT
2026-08-12 14:01:20+00:00,processes,total,184,dbms,08-2026,couchbase-802-vanilla-ee-large-large-aws,1,ip-172-31-28-138,ranking,benchANT
2026-08-12 14:01:30+00:00,processes,total,184,dbms,08-2026,couchbase-802-vanilla-ee-large-large-aws,1,ip-172-31-28-138,ranking,benchANT
2026-08-12 14:01:40+00:00,processes,total,184,dbms,08-2026,couchbase-802-vanilla-ee-large-large-aws,1,ip-172-31-28-138,ranking,benchANT
2026-08-12 14:01:50+00:00,processes,total,184,dbms,08-2026,couchbase-802-vanilla-ee-large-large-aws,1,ip-172-31-28-138,ranking,benchANT
2026-08-12 14:02:00+00:00,processes,total,184,dbms,08-2026,couchbase-802-vanilla-ee-large-large-aws,1,ip-172-31-28-138,ranking,benchANT
2026-08-12 14:02:10+00:00,processes,total,184,dbms,08-2026,couchbase-802-vanilla-ee-large-large-aws,1,ip-172-31-28-138,ranking,benchANT
2026-08-12 14:02:20+00:00,processes,total,184,dbms,08-2026,couchbase-802-vanilla-ee-large-large-aws,1,ip-172-31-28-138,ranking,benchANT
2026-08-12 14:02:30+00:00,processes,total,184,dbms,08-2026,couchbase-802-vanilla-ee-large-large-aws,1,ip-172-31-28-138,ranking,benchANT
2026-08-12 14:02:40+00:00,processes,total,184,dbms,08-2026,couchbase-802-vanilla-ee-large-large-aws,1,ip-172-31-28-138,ranking,benchANT
2026-08-12 14:02:50+00:00,processes,total,184,dbms,08-2026,couchbase-802-vanilla-ee-large-large-aws,1,ip-172-31-28-138,ranking,benchANT
2026-08-12 14:03:00+00:00,processes,total,184,dbms,08-2026,couchbase-802-vanilla-ee-large-large-aws,1,ip-172-31-28-138,ranking,benchANT
2026-08-12 14:03:10+00:00,processes,total,184,dbms,08-2026,couchbase-802-vanilla-ee-large-large-aws,1,ip-172-31-28-138,ranking,benchANT
2026-08-12 14:03:20+00:00,processes,total,183,dbms,08-2026,couchbase-802-vanilla-ee-large-large-aws,1,ip-172-31-28-138,ranking,benchANT
2026-08-12 14:03:30+00:00,processes,total,183,dbms,08-2026,couchbase-802-vanilla-ee-large-large-aws,1,ip-172-31-28-138,ranking,benchANT
2026-08-12 14:03:40+00:00,processes,total,183,dbms,08-2026,couchbase-802-vanilla-ee-large-large-aws,1,ip-172-31-28-138,ranking,benchANT
2026-08-12 14:03:50+00:00,processes,total,183,dbms,08-2026,couchbase-802-vanilla-ee-large-large-aws,1,ip-172-31-28-138,ranking,benchANT
2026-08-12 14:04:00+00:00,processes,total,183,dbms,08-2026,couchbase-802-vanilla-ee-large-large-aws,1,ip-172-31-28-138,ranking,benchANT
2026-08-12 14:04:10+00:00,processes,total,183,dbms,08-2026,couchbase-802-vanilla-ee-large-large-aws,1,ip-172-31-28-138,ranking,benchANT
2026-08-12 14:04:20+00:00,processes,total,183,dbms,08-2026,couchbase-802-vanilla-ee-large-large-aws,1,ip-172-31-28-138,ranking,benchANT
2026-08-12 14:04:30+00:00,processes,total,183,dbms,08-2026,couchbase-802-vanilla-ee-large-large-aws,1,ip-172-31-28-138,ranking,benchANT
2026-08-12 14:04:40+00:00,processes,total,183,dbms,08-2026,couchbase-802-vanilla-ee-large-large-aws,1,ip-172-31-28-138,ranking,benchANT
2026-08-12 14:04:50+00:00,processes,total,183,dbms,08-2026,couchbase-802-vanilla-ee-large-large-aws,1,ip-172-31-28-138,ranking,benchANT
2026-08-12 14:05:00+00:00,processes,total,183,dbms,08-2026,couchbase-802-vanilla-ee-large-large-aws,1,ip-172-31-28-138,ranking,benchANT
2026-08-12 14:05:10+00:00,processes,total,183,dbms,08-2026,couchbase-802-vanilla-ee-large-large-aws,1,ip-172-31-28-138,ranking,benchANT
2026-08-12 14:05:20+00:00,processes,total,183,dbms,08-2026,couchbase-802-vanilla-ee-large-large-aws,1,ip-172-31-28-138,ranking,benchANT
2026-08-12 14:05:30+00:00,processes,total,183,dbms,08-2026,couchbase-802-vanilla-ee-large-large-aws,1,ip-172-31-28-138,ranking,benchANT
2026-08-12 14:05:40+00:00,processes,total,183,dbms,08-2026,couchbase-802-vanilla-ee-large-large-aws,1,ip-172-31-28-138,ranking,benchANT
2026-08-12 14:05:50+00:00,processes,total,183,dbms,08-2026,couchbase-802-vanilla-ee-large-large-aws,1,ip-172-31-28-138,ranking,benchANT
2026-08-12 14:06:00+00:00,processes,total,183,dbms,08-2026,couchbase-802-vanilla-ee-large-large-aws,1,ip-172-31-28-138,ranking,benchANT
2026-08-12 14:06:10+00:00,processes,total,181,dbms,08-2026,couchbase-802-vanilla-ee-large-large-aws,1,ip-172-31-28-138,ranking,benchANT
2026-08-12 14:06:20+00:00,processes,total,181,dbms,08-2026,couchbase-802-vanilla-ee-large-large-aws,1,ip-172-31-28-138,ranking,benchANT
2026-08-12 14:06:30+00:00,processes,total,181,dbms,08-2026,couchbase-802-vanilla-ee-large-large-aws,1,ip-172-31-28-138,ranking,benchANT
2026-08-12 14:06:40+00:00,processes,total,181,dbms,08-2026,couchbase-802-vanilla-ee-large-large-aws,1,ip-172-31-28-138,ranking,benchANT
2026-08-12 14:06:50+00:00,processes,total,181,dbms,08-2026,couchbase-802-vanilla-ee-large-large-aws,1,ip-172-31-28-138,ranking,benchANT
2026-08-12 14:07:00+00:00,processes,total,181,dbms,08-2026,couchbase-802-vanilla-ee-large-large-aws,1,ip-172-31-28-138,ranking,benchANT
2026-08-12 14:07:10+00:00,processes,total,181,dbms,08-2026,couchbase-802-vanilla-ee-large-large-aws,1,ip-172-31-28-138,ranking,benchANT
2026-08-12 14:07:20+00:00,processes,total,181,dbms,08-2026,couchbase-802-vanilla-ee-large-large-aws,1,ip-172-31-28-138,ranking,benchANT
2026-08-12 14:07:30+00:00,processes,total,182,dbms,08-2026,couchbase-802-vanilla-ee-large-large-aws,1,ip-172-31-28-138,ranking,benchANT
2026-08-12 14:07:40+00:00,processes,total,182,dbms,08-2026,couchbase-802-vanilla-ee-large-large-aws,1,ip-172-31-28-138,ranking,benchANT
2026-08-12 14:00:20+00:00,processes,total_threads,513,dbms,08-2026,couchbase-802-vanilla-ee-large-large-aws,1,ip-172-31-28-138,ranking,benchANT
2026-08-12 14:00:30+00:00,processes,total_threads,513,dbms,08-2026,couchbase-802-vanilla-ee-large-large-aws,1,ip-172-31-28-138,ranking,benchANT
2026-08-12 14:00:40+00:00,processes,total_threads,515,dbms,08-2026,couchbase-802-vanilla-ee-large-large-aws,1,ip-172-31-28-138,ranking,benchANT
2026-08-12 14:00:50+00:00,processes,total_threads,515,dbms,08-2026,couchbase-802-vanilla-ee-large-large-aws,1,ip-172-31-28-138,ranking,benchANT
2026-08-12 14:01:00+00:00,processes,total_threads,515,dbms,08-2026,couchbase-802-vanilla-ee-large-large-aws,1,ip-172-31-28-138,ranking,benchANT
2026-08-12 14:01:10+00:00,processes,total_threads,516,dbms,08-2026,couchbase-802-vanilla-ee-large-large-aws,1,ip-172-31-28-138,ranking,benchANT
2026-08-12 14:01:20+00:00,processes,total_threads,516,dbms,08-2026,couchbase-802-vanilla-ee-large-large-aws,1,ip-172-31-28-138,ranking,benchANT
2026-08-12 14:01:30+00:00,processes,total_threads,516,dbms,08-2026,couchbase-802-vanilla-ee-large-large-aws,1,ip-172-31-28-138,ranking,benchANT
2026-08-12 14:01:40+00:00,processes,total_threads,516,dbms,08-2026,couchbase-802-vanilla-ee-large-large-aws,1,ip-172-31-28-138,ranking,benchANT
2026-08-12 14:01:50+00:00,processes,total_threads,516,dbms,08-2026,couchbase-802-vanilla-ee-large-large-aws,1,ip-172-31-28-138,ranking,benchANT
2026-08-12 14:02:00+00:00,processes,total_threads,516,dbms,08-2026,couchbase-802-vanilla-ee-large-large-aws,1,ip-172-31-28-138,ranking,benchANT
2026-08-12 14:02:10+00:00,processes,total_threads,516,dbms,08-2026,couchbase-802-vanilla-ee-large-large-aws,1,ip-172-31-28-138,ranking,benchANT
2026-08-12 14:02:20+00:00,processes,total_threads,516,dbms,08-2026,couchbase-802-vanilla-ee-large-large-aws,1,ip-172-31-28-138,ranking,benchANT
2026-08-12 14:02:30+00:00,processes,total_threads,516,dbms,08-2026,couchbase-802-vanilla-ee-large-large-aws,1,ip-172-31-28-138,ranking,benchANT
2026-08-12 14:02:40+00:00,processes,total_threads,516,dbms,08-2026,couchbase-802-vanilla-ee-large-large-aws,1,ip-172-31-28-138,ranking,benchANT
2026-08-12 14:02:50+00:00,processes,total_threads,516,dbms,08-2026,couchbase-802-vanilla-ee-large-large-aws,1,ip-172-31-28-138,ranking,benchANT
2026-08-12 14:03:00+00:00,processes,total_threads,516,dbms,08-2026,couchbase-802-vanilla-ee-large-large-aws,1,ip-172-31-28-138,ranking,benchANT
2026-08-12 14:03:10+00:00,processes,total_threads,516,dbms,08-2026,couchbase-802-vanilla-ee-large-large-aws,1,ip-172-31-28-138,ranking,benchANT
2026-08-12 14:03:20+00:00,processes,total_threads,515,dbms,08-2026,couchbase-802-vanilla-ee-large-large-aws,1,ip-172-31-28-138,ranking,benchANT
2026-08-12 14:03:30+00:00,processes,total_threads,515,dbms,08-2026,couchbase-802-vanilla-ee-large-large-aws,1,ip-172-31-28-138,ranking,benchANT
2026-08-12 14:03:40+00:00,processes,total_threads,515,dbms,08-2026,couchbase-802-vanilla-ee-large-large-aws,1,ip-172-31-28-138,ranking,benchANT
2026-08-12 14:03:50+00:00,processes,total_threads,515,dbms,08-2026,couchbase-802-vanilla-ee-large-large-aws,1,ip-172-31-28-138,ranking,benchANT
2026-08-12 14:04:00+00:00,processes,total_threads,515,dbms,08-2026,couchbase-802-vanilla-ee-large-large-aws,1,ip-172-31-28-138,ranking,benchANT
2026-08-12 14:04:10+00:00,processes,total_threads,515,dbms,08-2026,couchbase-802-vanilla-ee-large-large-aws,1,ip-172-31-28-138,ranking,benchANT
2026-08-12 14:04:20+00:00,processes,total_threads,515,dbms,08-2026,couchbase-802-vanilla-ee-large-large-aws,1,ip-172-31-28-138,ranking,benchANT
2026-08-12 14:04:30+00:00,processes,total_threads,515,dbms,08-2026,couchbase-802-vanilla-ee-large-large-aws,1,ip-172-31-28-138,ranking,benchANT
2026-08-12 14:04:40+00:00,processes,total_threads,515,dbms,08-2026,couchbase-802-vanilla-ee-large-large-aws,1,ip-172-31-28-138,ranking,benchANT
2026-08-12 14:04:50+00:00,processes,total_threads,515,dbms,08-2026,couchbase-802-vanilla-ee-large-large-aws,1,ip-172-31-28-138,ranking,benchANT
2026-08-12 14:05:00+00:00,processes,total_threads,515,dbms,08-2026,couchbase-802-vanilla-ee-large-large-aws,1,ip-172-31-28-138,ranking,benchANT
2026-08-12 14:05:10+00:00,processes,total_threads,515,dbms,08-2026,couchbase-802-vanilla-ee-large-large-aws,1,ip-172-31-28-138,ranking,benchANT
2026-08-12 14:05:20+00:00,processes,total_threads,515,dbms,08-2026,couchbase-802-vanilla-ee-large-large-aws,1,ip-172-31-28-138,ranking,benchANT
2026-08-12 14:05:30+00:00,processes,total_threads,515,dbms,08-2026,couchbase-802-vanilla-ee-large-large-aws,1,ip-172-31-28-138,ranking,benchANT
2026-08-12 14:05:40+00:00,processes,total_threads,515,dbms,08-2026,couchbase-802-vanilla-ee-large-large-aws,1,ip-172-31-28-138,ranking,benchANT
2026-08-12 14:05:50+00:00,processes,total_threads,515,dbms,08-2026,couchbase-802-vanilla-ee-large-large-aws,1,ip-172-31-28-138,ranking,benchANT
2026-08-12 14:06:00+00:00,processes,total_threads,515,dbms,08-2026,couchbase-802-vanilla-ee-large-large-aws,1,ip-172-31-28-138,ranking,benchANT
2026-08-12 14:06:10+00:00,processes,total_threads,513,dbms,08-2026,couchbase-802-vanilla-ee-large-large-aws,1,ip-172-31-28-138,ranking,benchANT
2026-08-12 14:06:20+00:00,processes,total_threads,513,dbms,08-2026,couchbase-802-vanilla-ee-large-large-aws,1,ip-172-31-28-138,ranking,benchANT
2026-08-12 14:06:30+00:00,processes,total_threads,513,dbms,08-2026,couchbase-802-vanilla-ee-large-large-aws,1,ip-172-31-28-138,ranking,benchANT
2026-08-12 14:06:40+00:00,processes,total_threads,513,dbms,08-2026,couchbase-802-vanilla-ee-large-large-aws,1,ip-172-31-28-138,ranking,benchANT
2026-08-12 14:06:50+00:00,processes,total_threads,513,dbms,08-2026,couchbase-802-vanilla-ee-large-large-aws,1,ip-172-31-28-138,ranking,benchANT
2026-08-12 14:07:00+00:00,processes,total_threads,514,dbms,08-2026,couchbase-802-vanilla-ee-large-large-aws,1,ip-172-31-28-138,ranking,benchANT
2026-08-12 14:07:10+00:00,processes,total_threads,515,dbms,08-2026,couchbase-802-vanilla-ee-large-large-aws,1,ip-172-31-28-138,ranking,benchANT
2026-08-12 14:07:20+00:00,processes,total_threads,514,dbms,08-2026,couchbase-802-vanilla-ee-large-large-aws,1,ip-172-31-28-138,ranking,benchANT
2026-08-12 14:07:30+00:00,processes,total_threads,515,dbms,08-2026,couchbase-802-vanilla-ee-large-large-aws,1,ip-172-31-28-138,ranking,benchANT
2026-08-12 14:07:40+00:00,processes,total_threads,515,dbms,08-2026,couchbase-802-vanilla-ee-large-large-aws,1,ip-172-31-28-138,ranking,benchANT
2026-08-12 14:00:20+00:00,processes,unknown,0,dbms,08-2026,couchbase-802-vanilla-ee-large-large-aws,1,ip-172-31-28-138,ranking,benchANT
2026-08-12 14:00:30+00:00,processes,unknown,0,dbms,08-2026,couchbase-802-vanilla-ee-large-large-aws,1,ip-172-31-28-138,ranking,benchANT
2026-08-12 14:00:40+00:00,processes,unknown,0,dbms,08-2026,couchbase-802-vanilla-ee-large-large-aws,1,ip-172-31-28-138,ranking,benchANT
2026-08-12 14:00:50+00:00,processes,unknown,0,dbms,08-2026,couchbase-802-vanilla-ee-large-large-aws,1,ip-172-31-28-138,ranking,benchANT
2026-08-12 14:01:00+00:00,processes,unknown,0,dbms,08-2026,couchbase-802-vanilla-ee-large-large-aws,1,ip-172-31-28-138,ranking,benchANT
2026-08-12 14:01:10+00:00,processes,unknown,0,dbms,08-2026,couchbase-802-vanilla-ee-large-large-aws,1,ip-172-31-28-138,ranking,benchANT
2026-08-12 14:01:20+00:00,processes,unknown,0,dbms,08-2026,couchbase-802-vanilla-ee-large-large-aws,1,ip-172-31-28-138,ranking,benchANT
2026-08-12 14:01:30+00:00,processes,unknown,0,dbms,08-2026,couchbase-802-vanilla-ee-large-large-aws,1,ip-172-31-28-138,ranking,benchANT
2026-08-12 14:01:40+00:00,processes,unknown,0,dbms,08-2026,couchbase-802-vanilla-ee-large-large-aws,1,ip-172-31-28-138,ranking,benchANT
2026-08-12 14:01:50+00:00,processes,unknown,0,dbms,08-2026,couchbase-802-vanilla-ee-large-large-aws,1,ip-172-31-28-138,ranking,benchANT
2026-08-12 14:02:00+00:00,processes,unknown,0,dbms,08-2026,couchbase-802-vanilla-ee-large-large-aws,1,ip-172-31-28-138,ranking,benchANT
2026-08-12 14:02:10+00:00,processes,unknown,0,dbms,08-2026,couchbase-802-vanilla-ee-large-large-aws,1,ip-172-31-28-138,ranking,benchANT
2026-08-12 14:02:20+00:00,processes,unknown,0,dbms,08-2026,couchbase-802-vanilla-ee-large-large-aws,1,ip-172-31-28-138,ranking,benchANT
2026-08-12 14:02:30+00:00,processes,unknown,0,dbms,08-2026,couchbase-802-vanilla-ee-large-large-aws,1,ip-172-31-28-138,ranking,benchANT
2026-08-12 14:02:40+00:00,processes,unknown,0,dbms,08-2026,couchbase-802-vanilla-ee-large-large-aws,1,ip-172-31-28-138,ranking,benchANT
2026-08-12 14:02:50+00:00,processes,unknown,0,dbms,08-2026,couchbase-802-vanilla-ee-large-large-aws,1,ip-172-31-28-138,ranking,benchANT
2026-08-12 14:03:00+00:00,processes,unknown,0,dbms,08-2026,couchbase-802-vanilla-ee-large-large-aws,1,ip-172-31-28-138,ranking,benchANT
2026-08-12 14:03:10+00:00,processes,unknown,0,dbms,08-2026,couchbase-802-vanilla-ee-large-large-aws,1,ip-172-31-28-138,ranking,benchANT
2026-08-12 14:03:20+00:00,processes,unknown,0,dbms,08-2026,couchbase-802-vanilla-ee-large-large-aws,1,ip-172-31-28-138,ranking,benchANT
2026-08-12 14:03:30+00:00,processes,unknown,0,dbms,08-2026,couchbase-802-vanilla-ee-large-large-aws,1,ip-172-31-28-138,ranking,benchANT
2026-08-12 14:03:40+00:00,processes,unknown,0,dbms,08-2026,couchbase-802-vanilla-ee-large-large-aws,1,ip-172-31-28-138,ranking,benchANT
2026-08-12 14:03:50+00:00,processes,unknown,0,dbms,08-2026,couchbase-802-vanilla-ee-large-large-aws,1,ip-172-31-28-138,ranking,benchANT
2026-08-12 14:04:00+00:00,processes,unknown,0,dbms,08-2026,couchbase-802-vanilla-ee-large-large-aws,1,ip-172-31-28-138,ranking,benchANT
2026-08-12 14:04:10+00:00,processes,unknown,0,dbms,08-2026,couchbase-802-vanilla-ee-large-large-aws,1,ip-172-31-28-138,ranking,benchANT
2026-08-12 14:04:20+00:00,processes,unknown,0,dbms,08-2026,couchbase-802-vanilla-ee-large-large-aws,1,ip-172-31-28-138,ranking,benchANT
2026-08-12 14:04:30+00:00,processes,unknown,0,dbms,08-2026,couchbase-802-vanilla-ee-large-large-aws,1,ip-172-31-28-138,ranking,benchANT
2026-08-12 14:04:40+00:00,processes,unknown,0,dbms,08-2026,couchbase-802-vanilla-ee-large-large-aws,1,ip-172-31-28-138,ranking,benchANT
2026-08-12 14:04:50+00:00,processes,unknown,0,dbms,08-2026,couchbase-802-vanilla-ee-large-large-aws,1,ip-172-31-28-138,ranking,benchANT
2026-08-12 14:05:00+00:00,processes,unknown,0,dbms,08-2026,couchbase-802-vanilla-ee-large-large-aws,1,ip-172-31-28-138,ranking,benchANT
2026-08-12 14:05:10+00:00,processes,unknown,0,dbms,08-2026,couchbase-802-vanilla-ee-large-large-aws,1,ip-172-31-28-138,ranking,benchANT
2026-08-12 14:05:20+00:00,processes,unknown,0,dbms,08-2026,couchbase-802-vanilla-ee-large-large-aws,1,ip-172-31-28-138,ranking,benchANT
2026-08-12 14:05:30+00:00,processes,unknown,0,dbms,08-2026,couchbase-802-vanilla-ee-large-large-aws,1,ip-172-31-28-138,ranking,benchANT
2026-08-12 14:05:40+00:00,processes,unknown,0,dbms,08-2026,couchbase-802-vanilla-ee-large-large-aws,1,ip-172-31-28-138,ranking,benchANT
2026-08-12 14:05:50+00:00,processes,unknown,0,dbms,08-2026,couchbase-802-vanilla-ee-large-large-aws,1,ip-172-31-28-138,ranking,benchANT
2026-08-12 14:06:00+00:00,processes,unknown,0,dbms,08-2026,couchbase-802-vanilla-ee-large-large-aws,1,ip-172-31-28-138,ranking,benchANT
2026-08-12 14:06:10+00:00,processes,unknown,0,dbms,08-2026,couchbase-802-vanilla-ee-large-large-aws,1,ip-172-31-28-138,ranking,benchANT
2026-08-12 14:06:20+00:00,processes,unknown,0,dbms,08-2026,couchbase-802-vanilla-ee-large-large-aws,1,ip-172-31-28-138,ranking,benchANT
2026-08-12 14:06:30+00:00,processes,unknown,0,dbms,08-2026,couchbase-802-vanilla-ee-large-large-aws,1,ip-172-31-28-138,ranking,benchANT
2026-08-12 14:06:40+00:00,processes,unknown,0,dbms,08-2026,couchbase-802-vanilla-ee-large-large-aws,1,ip-172-31-28-138,ranking,benchANT
2026-08-12 14:06:50+00:00,processes,unknown,0,dbms,08-2026,couchbase-802-vanilla-ee-large-large-aws,1,ip-172-31-28-138,ranking,benchANT
2026-08-12 14:07:00+00:00,processes,unknown,0,dbms,08-2026,couchbase-802-vanilla-ee-large-large-aws,1,ip-172-31-28-138,ranking,benchANT
2026-08-12 14:07:10+00:00,processes,unknown,0,dbms,08-2026,couchbase-802-vanilla-ee-large-large-aws,1,ip-172-31-28-138,ranking,benchANT
2026-08-12 14:07:20+00:00,processes,unknown,0,dbms,08-2026,couchbase-802-vanilla-ee-large-large-aws,1,ip-172-31-28-138,ranking,benchANT
2026-08-12 14:07:30+00:00,processes,unknown,0,dbms,08-2026,couchbase-802-vanilla-ee-large-large-aws,1,ip-172-31-28-138,ranking,benchANT
2026-08-12 14:07:40+00:00,processes,unknown,0,dbms,08-2026,couchbase-802-vanilla-ee-large-large-aws,1,ip-172-31-28-138,ranking,benchANT
2026-08-12 14:00:20+00:00,processes,zombies,0,dbms,08-2026,couchbase-802-vanilla-ee-large-large-aws,1,ip-172-31-28-138,ranking,benchANT
2026-08-12 14:00:30+00:00,processes,zombies,0,dbms,08-2026,couchbase-802-vanilla-ee-large-large-aws,1,ip-172-31-28-138,ranking,benchANT
2026-08-12 14:00:40+00:00,processes,zombies,0,dbms,08-2026,couchbase-802-vanilla-ee-large-large-aws,1,ip-172-31-28-138,ranking,benchANT
2026-08-12 14:00:50+00:00,processes,zombies,0,dbms,08-2026,couchbase-802-vanilla-ee-large-large-aws,1,ip-172-31-28-138,ranking,benchANT
2026-08-12 14:01:00+00:00,processes,zombies,0,dbms,08-2026,couchbase-802-vanilla-ee-large-large-aws,1,ip-172-31-28-138,ranking,benchANT
2026-08-12 14:01:10+00:00,processes,zombies,0,dbms,08-2026,couchbase-802-vanilla-ee-large-large-aws,1,ip-172-31-28-138,ranking,benchANT
2026-08-12 14:01:20+00:00,processes,zombies,0,dbms,08-2026,couchbase-802-vanilla-ee-large-large-aws,1,ip-172-31-28-138,ranking,benchANT
2026-08-12 14:01:30+00:00,processes,zombies,0,dbms,08-2026,couchbase-802-vanilla-ee-large-large-aws,1,ip-172-31-28-138,ranking,benchANT
2026-08-12 14:01:40+00:00,processes,zombies,0,dbms,08-2026,couchbase-802-vanilla-ee-large-large-aws,1,ip-172-31-28-138,ranking,benchANT
2026-08-12 14:01:50+00:00,processes,zombies,0,dbms,08-2026,couchbase-802-vanilla-ee-large-large-aws,1,ip-172-31-28-138,ranking,benchANT
2026-08-12 14:02:00+00:00,processes,zombies,0,dbms,08-2026,couchbase-802-vanilla-ee-large-large-aws,1,ip-172-31-28-138,ranking,benchANT
2026-08-12 14:02:10+00:00,processes,zombies,0,dbms,08-2026,couchbase-802-vanilla-ee-large-large-aws,1,ip-172-31-28-138,ranking,benchANT
2026-08-12 14:02:20+00:00,processes,zombies,0,dbms,08-2026,couchbase-802-vanilla-ee-large-large-aws,1,ip-172-31-28-138,ranking,benchANT
2026-08-12 14:02:30+00:00,processes,zombies,0,dbms,08-2026,couchbase-802-vanilla-ee-large-large-aws,1,ip-172-31-28-138,ranking,benchANT
2026-08-12 14:02:40+00:00,processes,zombies,0,dbms,08-2026,couchbase-802-vanilla-ee-large-large-aws,1,ip-172-31-28-138,ranking,benchANT
2026-08-12 14:02:50+00:00,processes,zombies,0,dbms,08-2026,couchbase-802-vanilla-ee-large-large-aws,1,ip-172-31-28-138,ranking,benchANT
2026-08-12 14:03:00+00:00,processes,zombies,0,dbms,08-2026,couchbase-802-vanilla-ee-large-large-aws,1,ip-172-31-28-138,ranking,benchANT
2026-08-12 14:03:10+00:00,processes,zombies,0,dbms,08-2026,couchbase-802-vanilla-ee-large-large-aws,1,ip-172-31-28-138,ranking,benchANT
2026-08-12 14:03:20+00:00,processes,zombies,0,dbms,08-2026,couchbase-802-vanilla-ee-large-large-aws,1,ip-172-31-28-138,ranking,benchANT
2026-08-12 14:03:30+00:00,processes,zombies,0,dbms,08-2026,couchbase-802-vanilla-ee-large-large-aws,1,ip-172-31-28-138,ranking,benchANT
2026-08-12 14:03:40+00:00,processes,zombies,0,dbms,08-2026,couchbase-802-vanilla-ee-large-large-aws,1,ip-172-31-28-138,ranking,benchANT
2026-08-12 14:03:50+00:00,processes,zombies,0,dbms,08-2026,couchbase-802-vanilla-ee-large-large-aws,1,ip-172-31-28-138,ranking,benchANT
2026-08-12 14:04:00+00:00,processes,zombies,0,dbms,08-2026,couchbase-802-vanilla-ee-large-large-aws,1,ip-172-31-28-138,ranking,benchANT
2026-08-12 14:04:10+00:00,processes,zombies,0,dbms,08-2026,couchbase-802-vanilla-ee-large-large-aws,1,ip-172-31-28-138,ranking,benchANT
2026-08-12 14:04:20+00:00,processes,zombies,0,dbms,08-2026,couchbase-802-vanilla-ee-large-large-aws,1,ip-172-31-28-138,ranking,benchANT
2026-08-12 14:04:30+00:00,processes,zombies,0,dbms,08-2026,couchbase-802-vanilla-ee-large-large-aws,1,ip-172-31-28-138,ranking,benchANT
2026-08-12 14:04:40+00:00,processes,zombies,0,dbms,08-2026,couchbase-802-vanilla-ee-large-large-aws,1,ip-172-31-28-138,ranking,benchANT
2026-08-12 14:04:50+00:00,processes,zombies,0,dbms,08-2026,couchbase-802-vanilla-ee-large-large-aws,1,ip-172-31-28-138,ranking,benchANT
2026-08-12 14:05:00+00:00,processes,zombies,0,dbms,08-2026,couchbase-802-vanilla-ee-large-large-aws,1,ip-172-31-28-138,ranking,benchANT
2026-08-12 14:05:10+00:00,processes,zombies,0,dbms,08-2026,couchbase-802-vanilla-ee-large-large-aws,1,ip-172-31-28-138,ranking,benchANT
2026-08-12 14:05:20+00:00,processes,zombies,0,dbms,08-2026,couchbase-802-vanilla-ee-large-large-aws,1,ip-172-31-28-138,ranking,benchANT
2026-08-12 14:05:30+00:00,processes,zombies,0,dbms,08-2026,couchbase-802-vanilla-ee-large-large-aws,1,ip-172-31-28-138,ranking,benchANT
2026-08-12 14:05:40+00:00,processes,zombies,0,dbms,08-2026,couchbase-802-vanilla-ee-large-large-aws,1,ip-172-31-28-138,ranking,benchANT
2026-08-12 14:05:50+00:00,processes,zombies,0,dbms,08-2026,couchbase-802-vanilla-ee-large-large-aws,1,ip-172-31-28-138,ranking,benchANT
2026-08-12 14:06:00+00:00,processes,zombies,0,dbms,08-2026,couchbase-802-vanilla-ee-large-large-aws,1,ip-172-31-28-138,ranking,benchANT
2026-08-12 14:06:10+00:00,processes,zombies,0,dbms,08-2026,couchbase-802-vanilla-ee-large-large-aws,1,ip-172-31-28-138,ranking,benchANT
2026-08-12 14:06:20+00:00,processes,zombies,0,dbms,08-2026,couchbase-802-vanilla-ee-large-large-aws,1,ip-172-31-28-138,ranking,benchANT
2026-08-12 14:06:30+00:00,processes,zombies,0,dbms,08-2026,couchbase-802-vanilla-ee-large-large-aws,1,ip-172-31-28-138,ranking,benchANT
2026-08-12 14:06:40+00:00,processes,zombies,0,dbms,08-2026,couchbase-802-vanilla-ee-large-large-aws,1,ip-172-31-28-138,ranking,benchANT
2026-08-12 14:06:50+00:00,processes,zombies,0,dbms,08-2026,couchbase-802-vanilla-ee-large-large-aws,1,ip-172-31-28-138,ranking,benchANT
2026-08-12 14:07:00+00:00,processes,zombies,0,dbms,08-2026,couchbase-802-vanilla-ee-large-large-aws,1,ip-172-31-28-138,ranking,benchANT
2026-08-12 14:07:10+00:00,processes,zombies,0,dbms,08-2026,couchbase-802-vanilla-ee-large-large-aws,1,ip-172-31-28-138,ranking,benchANT
2026-08-12 14:07:20+00:00,processes,zombies,0,dbms,08-2026,couchbase-802-vanilla-ee-large-large-aws,1,ip-172-31-28-138,ranking,benchANT
2026-08-12 14:07:30+00:00,processes,zombies,0,dbms,08-2026,couchbase-802-vanilla-ee-large-large-aws,1,ip-172-31-28-138,ranking,benchANT
2026-08-12 14:07:40+00:00,processes,zombies,0,dbms,08-2026,couchbase-802-vanilla-ee-large-large-aws,1,ip-172-31-28-138,ranking,benchANT
2026-08-12 14:00:20+00:00,processes,blocked,0,dbms,08-2026,couchbase-802-vanilla-ee-large-large-aws,1,ip-172-31-29-67,ranking,benchANT
2026-08-12 14:00:30+00:00,processes,blocked,0,dbms,08-2026,couchbase-802-vanilla-ee-large-large-aws,1,ip-172-31-29-67,ranking,benchANT
2026-08-12 14:00:40+00:00,processes,blocked,0,dbms,08-2026,couchbase-802-vanilla-ee-large-large-aws,1,ip-172-31-29-67,ranking,benchANT
2026-08-12 14:00:50+00:00,processes,blocked,0,dbms,08-2026,couchbase-802-vanilla-ee-large-large-aws,1,ip-172-31-29-67,ranking,benchANT
2026-08-12 14:01:00+00:00,processes,blocked,0,dbms,08-2026,couchbase-802-vanilla-ee-large-large-aws,1,ip-172-31-29-67,ranking,benchANT
2026-08-12 14:01:10+00:00,processes,blocked,0,dbms,08-2026,couchbase-802-vanilla-ee-large-large-aws,1,ip-172-31-29-67,ranking,benchANT
2026-08-12 14:01:20+00:00,processes,blocked,1,dbms,08-2026,couchbase-802-vanilla-ee-large-large-aws,1,ip-172-31-29-67,ranking,benchANT
2026-08-12 14:01:30+00:00,processes,blocked,1,dbms,08-2026,couchbase-802-vanilla-ee-large-large-aws,1,ip-172-31-29-67,ranking,benchANT
2026-08-12 14:01:40+00:00,processes,blocked,1,dbms,08-2026,couchbase-802-vanilla-ee-large-large-aws,1,ip-172-31-29-67,ranking,benchANT
2026-08-12 14:01:50+00:00,processes,blocked,1,dbms,08-2026,couchbase-802-vanilla-ee-large-large-aws,1,ip-172-31-29-67,ranking,benchANT
2026-08-12 14:02:00+00:00,processes,blocked,0,dbms,08-2026,couchbase-802-vanilla-ee-large-large-aws,1,ip-172-31-29-67,ranking,benchANT
2026-08-12 14:02:10+00:00,processes,blocked,1,dbms,08-2026,couchbase-802-vanilla-ee-large-large-aws,1,ip-172-31-29-67,ranking,benchANT
2026-08-12 14:02:20+00:00,processes,blocked,0,dbms,08-2026,couchbase-802-vanilla-ee-large-large-aws,1,ip-172-31-29-67,ranking,benchANT
2026-08-12 14:02:30+00:00,processes,blocked,0,dbms,08-2026,couchbase-802-vanilla-ee-large-large-aws,1,ip-172-31-29-67,ranking,benchANT
2026-08-12 14:02:40+00:00,processes,blocked,0,dbms,08-2026,couchbase-802-vanilla-ee-large-large-aws,1,ip-172-31-29-67,ranking,benchANT
2026-08-12 14:02:50+00:00,processes,blocked,0,dbms,08-2026,couchbase-802-vanilla-ee-large-large-aws,1,ip-172-31-29-67,ranking,benchANT
2026-08-12 14:03:00+00:00,processes,blocked,1,dbms,08-2026,couchbase-802-vanilla-ee-large-large-aws,1,ip-172-31-29-67,ranking,benchANT
2026-08-12 14:03:10+00:00,processes,blocked,0,dbms,08-2026,couchbase-802-vanilla-ee-large-large-aws,1,ip-172-31-29-67,ranking,benchANT
2026-08-12 14:03:20+00:00,processes,blocked,0,dbms,08-2026,couchbase-802-vanilla-ee-large-large-aws,1,ip-172-31-29-67,ranking,benchANT
2026-08-12 14:03:30+00:00,processes,blocked,1,dbms,08-2026,couchbase-802-vanilla-ee-large-large-aws,1,ip-172-31-29-67,ranking,benchANT
2026-08-12 14:03:40+00:00,processes,blocked,1,dbms,08-2026,couchbase-802-vanilla-ee-large-large-aws,1,ip-172-31-29-67,ranking,benchANT
2026-08-12 14:03:50+00:00,processes,blocked,1,dbms,08-2026,couchbase-802-vanilla-ee-large-large-aws,1,ip-172-31-29-67,ranking,benchANT
2026-08-12 14:04:00+00:00,processes,blocked,1,dbms,08-2026,couchbase-802-vanilla-ee-large-large-aws,1,ip-172-31-29-67,ranking,benchANT
2026-08-12 14:04:10+00:00,processes,blocked,1,dbms,08-2026,couchbase-802-vanilla-ee-large-large-aws,1,ip-172-31-29-67,ranking,benchANT
2026-08-12 14:04:20+00:00,processes,blocked,1,dbms,08-2026,couchbase-802-vanilla-ee-large-large-aws,1,ip-172-31-29-67,ranking,benchANT
2026-08-12 14:04:30+00:00,processes,blocked,1,dbms,08-2026,couchbase-802-vanilla-ee-large-large-aws,1,ip-172-31-29-67,ranking,benchANT
2026-08-12 14:04:40+00:00,processes,blocked,1,dbms,08-2026,couchbase-802-vanilla-ee-large-large-aws,1,ip-172-31-29-67,ranking,benchANT
2026-08-12 14:04:50+00:00,processes,blocked,1,dbms,08-2026,couchbase-802-vanilla-ee-large-large-aws,1,ip-172-31-29-67,ranking,benchANT
2026-08-12 14:05:00+00:00,processes,blocked,0,dbms,08-2026,couchbase-802-vanilla-ee-large-large-aws,1,ip-172-31-29-67,ranking,benchANT
2026-08-12 14:05:10+00:00,processes,blocked,1,dbms,08-2026,couchbase-802-vanilla-ee-large-large-aws,1,ip-172-31-29-67,ranking,benchANT
2026-08-12 14:05:20+00:00,processes,blocked,1,dbms,08-2026,couchbase-802-vanilla-ee-large-large-aws,1,ip-172-31-29-67,ranking,benchANT
2026-08-12 14:05:30+00:00,processes,blocked,1,dbms,08-2026,couchbase-802-vanilla-ee-large-large-aws,1,ip-172-31-29-67,ranking,benchANT
2026-08-12 14:05:40+00:00,processes,blocked,1,dbms,08-2026,couchbase-802-vanilla-ee-large-large-aws,1,ip-172-31-29-67,ranking,benchANT
2026-08-12 14:05:50+00:00,processes,blocked,1,dbms,08-2026,couchbase-802-vanilla-ee-large-large-aws,1,ip-172-31-29-67,ranking,benchANT
2026-08-12 14:06:00+00:00,processes,blocked,0,dbms,08-2026,couchbase-802-vanilla-ee-large-large-aws,1,ip-172-31-29-67,ranking,benchANT
2026-08-12 14:06:10+00:00,processes,blocked,0,dbms,08-2026,couchbase-802-vanilla-ee-large-large-aws,1,ip-172-31-29-67,ranking,benchANT
2026-08-12 14:06:20+00:00,processes,blocked,1,dbms,08-2026,couchbase-802-vanilla-ee-large-large-aws,1,ip-172-31-29-67,ranking,benchANT
2026-08-12 14:06:30+00:00,processes,blocked,0,dbms,08-2026,couchbase-802-vanilla-ee-large-large-aws,1,ip-172-31-29-67,ranking,benchANT
2026-08-12 14:06:40+00:00,processes,blocked,1,dbms,08-2026,couchbase-802-vanilla-ee-large-large-aws,1,ip-172-31-29-67,ranking,benchANT
2026-08-12 14:06:50+00:00,processes,blocked,1,dbms,08-2026,couchbase-802-vanilla-ee-large-large-aws,1,ip-172-31-29-67,ranking,benchANT
2026-08-12 14:07:00+00:00,processes,blocked,1,dbms,08-2026,couchbase-802-vanilla-ee-large-large-aws,1,ip-172-31-29-67,ranking,benchANT
2026-08-12 14:07:10+00:00,processes,blocked,0,dbms,08-2026,couchbase-802-vanilla-ee-large-large-aws,1,ip-172-31-29-67,ranking,benchANT
2026-08-12 14:07:20+00:00,processes,blocked,1,dbms,08-2026,couchbase-802-vanilla-ee-large-large-aws,1,ip-172-31-29-67,ranking,benchANT
2026-08-12 14:07:30+00:00,processes,blocked,1,dbms,08-2026,couchbase-802-vanilla-ee-large-large-aws,1,ip-172-31-29-67,ranking,benchANT
2026-08-12 14:07:40+00:00,processes,blocked,0,dbms,08-2026,couchbase-802-vanilla-ee-large-large-aws,1,ip-172-31-29-67,ranking,benchANT
2026-08-12 14:00:20+00:00,processes,dead,0,dbms,08-2026,couchbase-802-vanilla-ee-large-large-aws,1,ip-172-31-29-67,ranking,benchANT
2026-08-12 14:00:30+00:00,processes,dead,0,dbms,08-2026,couchbase-802-vanilla-ee-large-large-aws,1,ip-172-31-29-67,ranking,benchANT
2026-08-12 14:00:40+00:00,processes,dead,0,dbms,08-2026,couchbase-802-vanilla-ee-large-large-aws,1,ip-172-31-29-67,ranking,benchANT
2026-08-12 14:00:50+00:00,processes,dead,0,dbms,08-2026,couchbase-802-vanilla-ee-large-large-aws,1,ip-172-31-29-67,ranking,benchANT
2026-08-12 14:01:00+00:00,processes,dead,0,dbms,08-2026,couchbase-802-vanilla-ee-large-large-aws,1,ip-172-31-29-67,ranking,benchANT
2026-08-12 14:01:10+00:00,processes,dead,0,dbms,08-2026,couchbase-802-vanilla-ee-large-large-aws,1,ip-172-31-29-67,ranking,benchANT
2026-08-12 14:01:20+00:00,processes,dead,0,dbms,08-2026,couchbase-802-vanilla-ee-large-large-aws,1,ip-172-31-29-67,ranking,benchANT
2026-08-12 14:01:30+00:00,processes,dead,0,dbms,08-2026,couchbase-802-vanilla-ee-large-large-aws,1,ip-172-31-29-67,ranking,benchANT
2026-08-12 14:01:40+00:00,processes,dead,0,dbms,08-2026,couchbase-802-vanilla-ee-large-large-aws,1,ip-172-31-29-67,ranking,benchANT
2026-08-12 14:01:50+00:00,processes,dead,0,dbms,08-2026,couchbase-802-vanilla-ee-large-large-aws,1,ip-172-31-29-67,ranking,benchANT
2026-08-12 14:02:00+00:00,processes,dead,0,dbms,08-2026,couchbase-802-vanilla-ee-large-large-aws,1,ip-172-31-29-67,ranking,benchANT
2026-08-12 14:02:10+00:00,processes,dead,0,dbms,08-2026,couchbase-802-vanilla-ee-large-large-aws,1,ip-172-31-29-67,ranking,benchANT
2026-08-12 14:02:20+00:00,processes,dead,0,dbms,08-2026,couchbase-802-vanilla-ee-large-large-aws,1,ip-172-31-29-67,ranking,benchANT
2026-08-12 14:02:30+00:00,processes,dead,0,dbms,08-2026,couchbase-802-vanilla-ee-large-large-aws,1,ip-172-31-29-67,ranking,benchANT
2026-08-12 14:02:40+00:00,processes,dead,0,dbms,08-2026,couchbase-802-vanilla-ee-large-large-aws,1,ip-172-31-29-67,ranking,benchANT
2026-08-12 14:02:50+00:00,processes,dead,0,dbms,08-2026,couchbase-802-vanilla-ee-large-large-aws,1,ip-172-31-29-67,ranking,benchANT
2026-08-12 14:03:00+00:00,processes,dead,0,dbms,08-2026,couchbase-802-vanilla-ee-large-large-aws,1,ip-172-31-29-67,ranking,benchANT
2026-08-12 14:03:10+00:00,processes,dead,0,dbms,08-2026,couchbase-802-vanilla-ee-large-large-aws,1,ip-172-31-29-67,ranking,benchANT
2026-08-12 14:03:20+00:00,processes,dead,0,dbms,08-2026,couchbase-802-vanilla-ee-large-large-aws,1,ip-172-31-29-67,ranking,benchANT
2026-08-12 14:03:30+00:00,processes,dead,0,dbms,08-2026,couchbase-802-vanilla-ee-large-large-aws,1,ip-172-31-29-67,ranking,benchANT
2026-08-12 14:03:40+00:00,processes,dead,0,dbms,08-2026,couchbase-802-vanilla-ee-large-large-aws,1,ip-172-31-29-67,ranking,benchANT
2026-08-12 14:03:50+00:00,processes,dead,0,dbms,08-2026,couchbase-802-vanilla-ee-large-large-aws,1,ip-172-31-29-67,ranking,benchANT
2026-08-12 14:04:00+00:00,processes,dead,0,dbms,08-2026,couchbase-802-vanilla-ee-large-large-aws,1,ip-172-31-29-67,ranking,benchANT
2026-08-12 14:04:10+00:00,processes,dead,0,dbms,08-2026,couchbase-802-vanilla-ee-large-large-aws,1,ip-172-31-29-67,ranking,benchANT
2026-08-12 14:04:20+00:00,processes,dead,0,dbms,08-2026,couchbase-802-vanilla-ee-large-large-aws,1,ip-172-31-29-67,ranking,benchANT
2026-08-12 14:04:30+00:00,processes,dead,0,dbms,08-2026,couchbase-802-vanilla-ee-large-large-aws,1,ip-172-31-29-67,ranking,benchANT
2026-08-12 14:04:40+00:00,processes,dead,0,dbms,08-2026,couchbase-802-vanilla-ee-large-large-aws,1,ip-172-31-29-67,ranking,benchANT
2026-08-12 14:04:50+00:00,processes,dead,0,dbms,08-2026,couchbase-802-vanilla-ee-large-large-aws,1,ip-172-31-29-67,ranking,benchANT
2026-08-12 14:05:00+00:00,processes,dead,0,dbms,08-2026,couchbase-802-vanilla-ee-large-large-aws,1,ip-172-31-29-67,ranking,benchANT
2026-08-12 14:05:10+00:00,processes,dead,0,dbms,08-2026,couchbase-802-vanilla-ee-large-large-aws,1,ip-172-31-29-67,ranking,benchANT
2026-08-12 14:05:20+00:00,processes,dead,0,dbms,08-2026,couchbase-802-vanilla-ee-large-large-aws,1,ip-172-31-29-67,ranking,benchANT
2026-08-12 14:05:30+00:00,processes,dead,0,dbms,08-2026,couchbase-802-vanilla-ee-large-large-aws,1,ip-172-31-29-67,ranking,benchANT
2026-08-12 14:05:40+00:00,processes,dead,0,dbms,08-2026,couchbase-802-vanilla-ee-large-large-aws,1,ip-172-31-29-67,ranking,benchANT
2026-08-12 14:05:50+00:00,processes,dead,0,dbms,08-2026,couchbase-802-vanilla-ee-large-large-aws,1,ip-172-31-29-67,ranking,benchANT
2026-08-12 14:06:00+00:00,processes,dead,0,dbms,08-2026,couchbase-802-vanilla-ee-large-large-aws,1,ip-172-31-29-67,ranking,benchANT
2026-08-12 14:06:10+00:00,processes,dead,0,dbms,08-2026,couchbase-802-vanilla-ee-large-large-aws,1,ip-172-31-29-67,ranking,benchANT
2026-08-12 14:06:20+00:00,processes,dead,0,dbms,08-2026,couchbase-802-vanilla-ee-large-large-aws,1,ip-172-31-29-67,ranking,benchANT
2026-08-12 14:06:30+00:00,processes,dead,0,dbms,08-2026,couchbase-802-vanilla-ee-large-large-aws,1,ip-172-31-29-67,ranking,benchANT
2026-08-12 14:06:40+00:00,processes,dead,0,dbms,08-2026,couchbase-802-vanilla-ee-large-large-aws,1,ip-172-31-29-67,ranking,benchANT
2026-08-12 14:06:50+00:00,processes,dead,0,dbms,08-2026,couchbase-802-vanilla-ee-large-large-aws,1,ip-172-31-29-67,ranking,benchANT
2026-08-12 14:07:00+00:00,processes,dead,0,dbms,08-2026,couchbase-802-vanilla-ee-large-large-aws,1,ip-172-31-29-67,ranking,benchANT
2026-08-12 14:07:10+00:00,processes,dead,0,dbms,08-2026,couchbase-802-vanilla-ee-large-large-aws,1,ip-172-31-29-67,ranking,benchANT
2026-08-12 14:07:20+00:00,processes,dead,0,dbms,08-2026,couchbase-802-vanilla-ee-large-large-aws,1,ip-172-31-29-67,ranking,benchANT
2026-08-12 14:07:30+00:00,processes,dead,0,dbms,08-2026,couchbase-802-vanilla-ee-large-large-aws,1,ip-172-31-29-67,ranking,benchANT
2026-08-12 14:07:40+00:00,processes,dead,0,dbms,08-2026,couchbase-802-vanilla-ee-large-large-aws,1,ip-172-31-29-67,ranking,benchANT
2026-08-12 14:00:20+00:00,processes,idle,77,dbms,08-2026,couchbase-802-vanilla-ee-large-large-aws,1,ip-172-31-29-67,ranking,benchANT
2026-08-12 14:00:30+00:00,processes,idle,76,dbms,08-2026,couchbase-802-vanilla-ee-large-large-aws,1,ip-172-31-29-67,ranking,benchANT
2026-08-12 14:00:40+00:00,processes,idle,77,dbms,08-2026,couchbase-802-vanilla-ee-large-large-aws,1,ip-172-31-29-67,ranking,benchANT
2026-08-12 14:00:50+00:00,processes,idle,77,dbms,08-2026,couchbase-802-vanilla-ee-large-large-aws,1,ip-172-31-29-67,ranking,benchANT
2026-08-12 14:01:00+00:00,processes,idle,77,dbms,08-2026,couchbase-802-vanilla-ee-large-large-aws,1,ip-172-31-29-67,ranking,benchANT
2026-08-12 14:01:10+00:00,processes,idle,77,dbms,08-2026,couchbase-802-vanilla-ee-large-large-aws,1,ip-172-31-29-67,ranking,benchANT
2026-08-12 14:01:20+00:00,processes,idle,77,dbms,08-2026,couchbase-802-vanilla-ee-large-large-aws,1,ip-172-31-29-67,ranking,benchANT
2026-08-12 14:01:30+00:00,processes,idle,77,dbms,08-2026,couchbase-802-vanilla-ee-large-large-aws,1,ip-172-31-29-67,ranking,benchANT
2026-08-12 14:01:40+00:00,processes,idle,77,dbms,08-2026,couchbase-802-vanilla-ee-large-large-aws,1,ip-172-31-29-67,ranking,benchANT
2026-08-12 14:01:50+00:00,processes,idle,77,dbms,08-2026,couchbase-802-vanilla-ee-large-large-aws,1,ip-172-31-29-67,ranking,benchANT
2026-08-12 14:02:00+00:00,processes,idle,78,dbms,08-2026,couchbase-802-vanilla-ee-large-large-aws,1,ip-172-31-29-67,ranking,benchANT
2026-08-12 14:02:10+00:00,processes,idle,78,dbms,08-2026,couchbase-802-vanilla-ee-large-large-aws,1,ip-172-31-29-67,ranking,benchANT
2026-08-12 14:02:20+00:00,processes,idle,78,dbms,08-2026,couchbase-802-vanilla-ee-large-large-aws,1,ip-172-31-29-67,ranking,benchANT
2026-08-12 14:02:30+00:00,processes,idle,78,dbms,08-2026,couchbase-802-vanilla-ee-large-large-aws,1,ip-172-31-29-67,ranking,benchANT
2026-08-12 14:02:40+00:00,processes,idle,78,dbms,08-2026,couchbase-802-vanilla-ee-large-large-aws,1,ip-172-31-29-67,ranking,benchANT
2026-08-12 14:02:50+00:00,processes,idle,78,dbms,08-2026,couchbase-802-vanilla-ee-large-large-aws,1,ip-172-31-29-67,ranking,benchANT
2026-08-12 14:03:00+00:00,processes,idle,79,dbms,08-2026,couchbase-802-vanilla-ee-large-large-aws,1,ip-172-31-29-67,ranking,benchANT
2026-08-12 14:03:10+00:00,processes,idle,79,dbms,08-2026,couchbase-802-vanilla-ee-large-large-aws,1,ip-172-31-29-67,ranking,benchANT
2026-08-12 14:03:20+00:00,processes,idle,78,dbms,08-2026,couchbase-802-vanilla-ee-large-large-aws,1,ip-172-31-29-67,ranking,benchANT
2026-08-12 14:03:30+00:00,processes,idle,78,dbms,08-2026,couchbase-802-vanilla-ee-large-large-aws,1,ip-172-31-29-67,ranking,benchANT
2026-08-12 14:03:40+00:00,processes,idle,78,dbms,08-2026,couchbase-802-vanilla-ee-large-large-aws,1,ip-172-31-29-67,ranking,benchANT
2026-08-12 14:03:50+00:00,processes,idle,78,dbms,08-2026,couchbase-802-vanilla-ee-large-large-aws,1,ip-172-31-29-67,ranking,benchANT
2026-08-12 14:04:00+00:00,processes,idle,78,dbms,08-2026,couchbase-802-vanilla-ee-large-large-aws,1,ip-172-31-29-67,ranking,benchANT
2026-08-12 14:04:10+00:00,processes,idle,78,dbms,08-2026,couchbase-802-vanilla-ee-large-large-aws,1,ip-172-31-29-67,ranking,benchANT
2026-08-12 14:04:20+00:00,processes,idle,78,dbms,08-2026,couchbase-802-vanilla-ee-large-large-aws,1,ip-172-31-29-67,ranking,benchANT
2026-08-12 14:04:30+00:00,processes,idle,78,dbms,08-2026,couchbase-802-vanilla-ee-large-large-aws,1,ip-172-31-29-67,ranking,benchANT
2026-08-12 14:04:40+00:00,processes,idle,78,dbms,08-2026,couchbase-802-vanilla-ee-large-large-aws,1,ip-172-31-29-67,ranking,benchANT
2026-08-12 14:04:50+00:00,processes,idle,78,dbms,08-2026,couchbase-802-vanilla-ee-large-large-aws,1,ip-172-31-29-67,ranking,benchANT
2026-08-12 14:05:00+00:00,processes,idle,78,dbms,08-2026,couchbase-802-vanilla-ee-large-large-aws,1,ip-172-31-29-67,ranking,benchANT
2026-08-12 14:05:10+00:00,processes,idle,78,dbms,08-2026,couchbase-802-vanilla-ee-large-large-aws,1,ip-172-31-29-67,ranking,benchANT
2026-08-12 14:05:20+00:00,processes,idle,78,dbms,08-2026,couchbase-802-vanilla-ee-large-large-aws,1,ip-172-31-29-67,ranking,benchANT
2026-08-12 14:05:30+00:00,processes,idle,77,dbms,08-2026,couchbase-802-vanilla-ee-large-large-aws,1,ip-172-31-29-67,ranking,benchANT
2026-08-12 14:05:40+00:00,processes,idle,77,dbms,08-2026,couchbase-802-vanilla-ee-large-large-aws,1,ip-172-31-29-67,ranking,benchANT
2026-08-12 14:05:50+00:00,processes,idle,77,dbms,08-2026,couchbase-802-vanilla-ee-large-large-aws,1,ip-172-31-29-67,ranking,benchANT
2026-08-12 14:06:00+00:00,processes,idle,77,dbms,08-2026,couchbase-802-vanilla-ee-large-large-aws,1,ip-172-31-29-67,ranking,benchANT
2026-08-12 14:06:10+00:00,processes,idle,77,dbms,08-2026,couchbase-802-vanilla-ee-large-large-aws,1,ip-172-31-29-67,ranking,benchANT
2026-08-12 14:06:20+00:00,processes,idle,77,dbms,08-2026,couchbase-802-vanilla-ee-large-large-aws,1,ip-172-31-29-67,ranking,benchANT
2026-08-12 14:06:30+00:00,processes,idle,77,dbms,08-2026,couchbase-802-vanilla-ee-large-large-aws,1,ip-172-31-29-67,ranking,benchANT
2026-08-12 14:06:40+00:00,processes,idle,77,dbms,08-2026,couchbase-802-vanilla-ee-large-large-aws,1,ip-172-31-29-67,ranking,benchANT
2026-08-12 14:06:50+00:00,processes,idle,77,dbms,08-2026,couchbase-802-vanilla-ee-large-large-aws,1,ip-172-31-29-67,ranking,benchANT
2026-08-12 14:07:00+00:00,processes,idle,77,dbms,08-2026,couchbase-802-vanilla-ee-large-large-aws,1,ip-172-31-29-67,ranking,benchANT
2026-08-12 14:07:10+00:00,processes,idle,76,dbms,08-2026,couchbase-802-vanilla-ee-large-large-aws,1,ip-172-31-29-67,ranking,benchANT
2026-08-12 14:07:20+00:00,processes,idle,76,dbms,08-2026,couchbase-802-vanilla-ee-large-large-aws,1,ip-172-31-29-67,ranking,benchANT
2026-08-12 14:07:30+00:00,processes,idle,76,dbms,08-2026,couchbase-802-vanilla-ee-large-large-aws,1,ip-172-31-29-67,ranking,benchANT
2026-08-12 14:07:40+00:00,processes,idle,76,dbms,08-2026,couchbase-802-vanilla-ee-large-large-aws,1,ip-172-31-29-67,ranking,benchANT
2026-08-12 14:00:20+00:00,processes,paging,0,dbms,08-2026,couchbase-802-vanilla-ee-large-large-aws,1,ip-172-31-29-67,ranking,benchANT
2026-08-12 14:00:30+00:00,processes,paging,0,dbms,08-2026,couchbase-802-vanilla-ee-large-large-aws,1,ip-172-31-29-67,ranking,benchANT
2026-08-12 14:00:40+00:00,processes,paging,0,dbms,08-2026,couchbase-802-vanilla-ee-large-large-aws,1,ip-172-31-29-67,ranking,benchANT
2026-08-12 14:00:50+00:00,processes,paging,0,dbms,08-2026,couchbase-802-vanilla-ee-large-large-aws,1,ip-172-31-29-67,ranking,benchANT
2026-08-12 14:01:00+00:00,processes,paging,0,dbms,08-2026,couchbase-802-vanilla-ee-large-large-aws,1,ip-172-31-29-67,ranking,benchANT
2026-08-12 14:01:10+00:00,processes,paging,0,dbms,08-2026,couchbase-802-vanilla-ee-large-large-aws,1,ip-172-31-29-67,ranking,benchANT
2026-08-12 14:01:20+00:00,processes,paging,0,dbms,08-2026,couchbase-802-vanilla-ee-large-large-aws,1,ip-172-31-29-67,ranking,benchANT
2026-08-12 14:01:30+00:00,processes,paging,0,dbms,08-2026,couchbase-802-vanilla-ee-large-large-aws,1,ip-172-31-29-67,ranking,benchANT
2026-08-12 14:01:40+00:00,processes,paging,0,dbms,08-2026,couchbase-802-vanilla-ee-large-large-aws,1,ip-172-31-29-67,ranking,benchANT
2026-08-12 14:01:50+00:00,processes,paging,0,dbms,08-2026,couchbase-802-vanilla-ee-large-large-aws,1,ip-172-31-29-67,ranking,benchANT
2026-08-12 14:02:00+00:00,processes,paging,0,dbms,08-2026,couchbase-802-vanilla-ee-large-large-aws,1,ip-172-31-29-67,ranking,benchANT
2026-08-12 14:02:10+00:00,processes,paging,0,dbms,08-2026,couchbase-802-vanilla-ee-large-large-aws,1,ip-172-31-29-67,ranking,benchANT
2026-08-12 14:02:20+00:00,processes,paging,0,dbms,08-2026,couchbase-802-vanilla-ee-large-large-aws,1,ip-172-31-29-67,ranking,benchANT
2026-08-12 14:02:30+00:00,processes,paging,0,dbms,08-2026,couchbase-802-vanilla-ee-large-large-aws,1,ip-172-31-29-67,ranking,benchANT
2026-08-12 14:02:40+00:00,processes,paging,0,dbms,08-2026,couchbase-802-vanilla-ee-large-large-aws,1,ip-172-31-29-67,ranking,benchANT
2026-08-12 14:02:50+00:00,processes,paging,0,dbms,08-2026,couchbase-802-vanilla-ee-large-large-aws,1,ip-172-31-29-67,ranking,benchANT
2026-08-12 14:03:00+00:00,processes,paging,0,dbms,08-2026,couchbase-802-vanilla-ee-large-large-aws,1,ip-172-31-29-67,ranking,benchANT
2026-08-12 14:03:10+00:00,processes,paging,0,dbms,08-2026,couchbase-802-vanilla-ee-large-large-aws,1,ip-172-31-29-67,ranking,benchANT
2026-08-12 14:03:20+00:00,processes,paging,0,dbms,08-2026,couchbase-802-vanilla-ee-large-large-aws,1,ip-172-31-29-67,ranking,benchANT
2026-08-12 14:03:30+00:00,processes,paging,0,dbms,08-2026,couchbase-802-vanilla-ee-large-large-aws,1,ip-172-31-29-67,ranking,benchANT
2026-08-12 14:03:40+00:00,processes,paging,0,dbms,08-2026,couchbase-802-vanilla-ee-large-large-aws,1,ip-172-31-29-67,ranking,benchANT
2026-08-12 14:03:50+00:00,processes,paging,0,dbms,08-2026,couchbase-802-vanilla-ee-large-large-aws,1,ip-172-31-29-67,ranking,benchANT
2026-08-12 14:04:00+00:00,processes,paging,0,dbms,08-2026,couchbase-802-vanilla-ee-large-large-aws,1,ip-172-31-29-67,ranking,benchANT
2026-08-12 14:04:10+00:00,processes,paging,0,dbms,08-2026,couchbase-802-vanilla-ee-large-large-aws,1,ip-172-31-29-67,ranking,benchANT
2026-08-12 14:04:20+00:00,processes,paging,0,dbms,08-2026,couchbase-802-vanilla-ee-large-large-aws,1,ip-172-31-29-67,ranking,benchANT
2026-08-12 14:04:30+00:00,processes,paging,0,dbms,08-2026,couchbase-802-vanilla-ee-large-large-aws,1,ip-172-31-29-67,ranking,benchANT
2026-08-12 14:04:40+00:00,processes,paging,0,dbms,08-2026,couchbase-802-vanilla-ee-large-large-aws,1,ip-172-31-29-67,ranking,benchANT
2026-08-12 14:04:50+00:00,processes,paging,0,dbms,08-2026,couchbase-802-vanilla-ee-large-large-aws,1,ip-172-31-29-67,ranking,benchANT
2026-08-12 14:05:00+00:00,processes,paging,0,dbms,08-2026,couchbase-802-vanilla-ee-large-large-aws,1,ip-172-31-29-67,ranking,benchANT
2026-08-12 14:05:10+00:00,processes,paging,0,dbms,08-2026,couchbase-802-vanilla-ee-large-large-aws,1,ip-172-31-29-67,ranking,benchANT
2026-08-12 14:05:20+00:00,processes,paging,0,dbms,08-2026,couchbase-802-vanilla-ee-large-large-aws,1,ip-172-31-29-67,ranking,benchANT
2026-08-12 14:05:30+00:00,processes,paging,0,dbms,08-2026,couchbase-802-vanilla-ee-large-large-aws,1,ip-172-31-29-67,ranking,benchANT
2026-08-12 14:05:40+00:00,processes,paging,0,dbms,08-2026,couchbase-802-vanilla-ee-large-large-aws,1,ip-172-31-29-67,ranking,benchANT
2026-08-12 14:05:50+00:00,processes,paging,0,dbms,08-2026,couchbase-802-vanilla-ee-large-large-aws,1,ip-172-31-29-67,ranking,benchANT
2026-08-12 14:06:00+00:00,processes,paging,0,dbms,08-2026,couchbase-802-vanilla-ee-large-large-aws,1,ip-172-31-29-67,ranking,benchANT
2026-08-12 14:06:10+00:00,processes,paging,0,dbms,08-2026,couchbase-802-vanilla-ee-large-large-aws,1,ip-172-31-29-67,ranking,benchANT
2026-08-12 14:06:20+00:00,processes,paging,0,dbms,08-2026,couchbase-802-vanilla-ee-large-large-aws,1,ip-172-31-29-67,ranking,benchANT
2026-08-12 14:06:30+00:00,processes,paging,0,dbms,08-2026,couchbase-802-vanilla-ee-large-large-aws,1,ip-172-31-29-67,ranking,benchANT
2026-08-12 14:06:40+00:00,processes,paging,0,dbms,08-2026,couchbase-802-vanilla-ee-large-large-aws,1,ip-172-31-29-67,ranking,benchANT
2026-08-12 14:06:50+00:00,processes,paging,0,dbms,08-2026,couchbase-802-vanilla-ee-large-large-aws,1,ip-172-31-29-67,ranking,benchANT
2026-08-12 14:07:00+00:00,processes,paging,0,dbms,08-2026,couchbase-802-vanilla-ee-large-large-aws,1,ip-172-31-29-67,ranking,benchANT
2026-08-12 14:07:10+00:00,processes,paging,0,dbms,08-2026,couchbase-802-vanilla-ee-large-large-aws,1,ip-172-31-29-67,ranking,benchANT
2026-08-12 14:07:20+00:00,processes,paging,0,dbms,08-2026,couchbase-802-vanilla-ee-large-large-aws,1,ip-172-31-29-67,ranking,benchANT
2026-08-12 14:07:30+00:00,processes,paging,0,dbms,08-2026,couchbase-802-vanilla-ee-large-large-aws,1,ip-172-31-29-67,ranking,benchANT
2026-08-12 14:07:40+00:00,processes,paging,0,dbms,08-2026,couchbase-802-vanilla-ee-large-large-aws,1,ip-172-31-29-67,ranking,benchANT
2026-08-12 14:00:20+00:00,processes,running,0,dbms,08-2026,couchbase-802-vanilla-ee-large-large-aws,1,ip-172-31-29-67,ranking,benchANT
2026-08-12 14:00:30+00:00,processes,running,1,dbms,08-2026,couchbase-802-vanilla-ee-large-large-aws,1,ip-172-31-29-67,ranking,benchANT
2026-08-12 14:00:40+00:00,processes,running,0,dbms,08-2026,couchbase-802-vanilla-ee-large-large-aws,1,ip-172-31-29-67,ranking,benchANT
2026-08-12 14:00:50+00:00,processes,running,0,dbms,08-2026,couchbase-802-vanilla-ee-large-large-aws,1,ip-172-31-29-67,ranking,benchANT
2026-08-12 14:01:00+00:00,processes,running,0,dbms,08-2026,couchbase-802-vanilla-ee-large-large-aws,1,ip-172-31-29-67,ranking,benchANT
2026-08-12 14:01:10+00:00,processes,running,0,dbms,08-2026,couchbase-802-vanilla-ee-large-large-aws,1,ip-172-31-29-67,ranking,benchANT
2026-08-12 14:01:20+00:00,processes,running,0,dbms,08-2026,couchbase-802-vanilla-ee-large-large-aws,1,ip-172-31-29-67,ranking,benchANT
2026-08-12 14:01:30+00:00,processes,running,0,dbms,08-2026,couchbase-802-vanilla-ee-large-large-aws,1,ip-172-31-29-67,ranking,benchANT
2026-08-12 14:01:40+00:00,processes,running,0,dbms,08-2026,couchbase-802-vanilla-ee-large-large-aws,1,ip-172-31-29-67,ranking,benchANT
2026-08-12 14:01:50+00:00,processes,running,0,dbms,08-2026,couchbase-802-vanilla-ee-large-large-aws,1,ip-172-31-29-67,ranking,benchANT
2026-08-12 14:02:00+00:00,processes,running,0,dbms,08-2026,couchbase-802-vanilla-ee-large-large-aws,1,ip-172-31-29-67,ranking,benchANT
2026-08-12 14:02:10+00:00,processes,running,0,dbms,08-2026,couchbase-802-vanilla-ee-large-large-aws,1,ip-172-31-29-67,ranking,benchANT
2026-08-12 14:02:20+00:00,processes,running,0,dbms,08-2026,couchbase-802-vanilla-ee-large-large-aws,1,ip-172-31-29-67,ranking,benchANT
2026-08-12 14:02:30+00:00,processes,running,1,dbms,08-2026,couchbase-802-vanilla-ee-large-large-aws,1,ip-172-31-29-67,ranking,benchANT
2026-08-12 14:02:40+00:00,processes,running,0,dbms,08-2026,couchbase-802-vanilla-ee-large-large-aws,1,ip-172-31-29-67,ranking,benchANT
2026-08-12 14:02:50+00:00,processes,running,0,dbms,08-2026,couchbase-802-vanilla-ee-large-large-aws,1,ip-172-31-29-67,ranking,benchANT
2026-08-12 14:03:00+00:00,processes,running,1,dbms,08-2026,couchbase-802-vanilla-ee-large-large-aws,1,ip-172-31-29-67,ranking,benchANT
2026-08-12 14:03:10+00:00,processes,running,0,dbms,08-2026,couchbase-802-vanilla-ee-large-large-aws,1,ip-172-31-29-67,ranking,benchANT
2026-08-12 14:03:20+00:00,processes,running,0,dbms,08-2026,couchbase-802-vanilla-ee-large-large-aws,1,ip-172-31-29-67,ranking,benchANT
2026-08-12 14:03:30+00:00,processes,running,0,dbms,08-2026,couchbase-802-vanilla-ee-large-large-aws,1,ip-172-31-29-67,ranking,benchANT
2026-08-12 14:03:40+00:00,processes,running,0,dbms,08-2026,couchbase-802-vanilla-ee-large-large-aws,1,ip-172-31-29-67,ranking,benchANT
2026-08-12 14:03:50+00:00,processes,running,1,dbms,08-2026,couchbase-802-vanilla-ee-large-large-aws,1,ip-172-31-29-67,ranking,benchANT
2026-08-12 14:04:00+00:00,processes,running,1,dbms,08-2026,couchbase-802-vanilla-ee-large-large-aws,1,ip-172-31-29-67,ranking,benchANT
2026-08-12 14:04:10+00:00,processes,running,0,dbms,08-2026,couchbase-802-vanilla-ee-large-large-aws,1,ip-172-31-29-67,ranking,benchANT
2026-08-12 14:04:20+00:00,processes,running,0,dbms,08-2026,couchbase-802-vanilla-ee-large-large-aws,1,ip-172-31-29-67,ranking,benchANT
2026-08-12 14:04:30+00:00,processes,running,0,dbms,08-2026,couchbase-802-vanilla-ee-large-large-aws,1,ip-172-31-29-67,ranking,benchANT
2026-08-12 14:04:40+00:00,processes,running,0,dbms,08-2026,couchbase-802-vanilla-ee-large-large-aws,1,ip-172-31-29-67,ranking,benchANT
2026-08-12 14:04:50+00:00,processes,running,0,dbms,08-2026,couchbase-802-vanilla-ee-large-large-aws,1,ip-172-31-29-67,ranking,benchANT
2026-08-12 14:05:00+00:00,processes,running,1,dbms,08-2026,couchbase-802-vanilla-ee-large-large-aws,1,ip-172-31-29-67,ranking,benchANT
2026-08-12 14:05:10+00:00,processes,running,0,dbms,08-2026,couchbase-802-vanilla-ee-large-large-aws,1,ip-172-31-29-67,ranking,benchANT
2026-08-12 14:05:20+00:00,processes,running,0,dbms,08-2026,couchbase-802-vanilla-ee-large-large-aws,1,ip-172-31-29-67,ranking,benchANT
2026-08-12 14:05:30+00:00,processes,running,0,dbms,08-2026,couchbase-802-vanilla-ee-large-large-aws,1,ip-172-31-29-67,ranking,benchANT
2026-08-12 14:05:40+00:00,processes,running,0,dbms,08-2026,couchbase-802-vanilla-ee-large-large-aws,1,ip-172-31-29-67,ranking,benchANT
2026-08-12 14:05:50+00:00,processes,running,0,dbms,08-2026,couchbase-802-vanilla-ee-large-large-aws,1,ip-172-31-29-67,ranking,benchANT
2026-08-12 14:06:00+00:00,processes,running,0,dbms,08-2026,couchbase-802-vanilla-ee-large-large-aws,1,ip-172-31-29-67,ranking,benchANT
2026-08-12 14:06:10+00:00,processes,running,0,dbms,08-2026,couchbase-802-vanilla-ee-large-large-aws,1,ip-172-31-29-67,ranking,benchANT
2026-08-12 14:06:20+00:00,processes,running,0,dbms,08-2026,couchbase-802-vanilla-ee-large-large-aws,1,ip-172-31-29-67,ranking,benchANT
2026-08-12 14:06:30+00:00,processes,running,1,dbms,08-2026,couchbase-802-vanilla-ee-large-large-aws,1,ip-172-31-29-67,ranking,benchANT
2026-08-12 14:06:40+00:00,processes,running,0,dbms,08-2026,couchbase-802-vanilla-ee-large-large-aws,1,ip-172-31-29-67,ranking,benchANT
2026-08-12 14:06:50+00:00,processes,running,0,dbms,08-2026,couchbase-802-vanilla-ee-large-large-aws,1,ip-172-31-29-67,ranking,benchANT
2026-08-12 14:07:00+00:00,processes,running,0,dbms,08-2026,couchbase-802-vanilla-ee-large-large-aws,1,ip-172-31-29-67,ranking,benchANT
2026-08-12 14:07:10+00:00,processes,running,1,dbms,08-2026,couchbase-802-vanilla-ee-large-large-aws,1,ip-172-31-29-67,ranking,benchANT
2026-08-12 14:07:20+00:00,processes,running,0,dbms,08-2026,couchbase-802-vanilla-ee-large-large-aws,1,ip-172-31-29-67,ranking,benchANT
2026-08-12 14:07:30+00:00,processes,running,0,dbms,08-2026,couchbase-802-vanilla-ee-large-large-aws,1,ip-172-31-29-67,ranking,benchANT
2026-08-12 14:07:40+00:00,processes,running,0,dbms,08-2026,couchbase-802-vanilla-ee-large-large-aws,1,ip-172-31-29-67,ranking,benchANT
2026-08-12 14:00:20+00:00,processes,sleeping,107,dbms,08-2026,couchbase-802-vanilla-ee-large-large-aws,1,ip-172-31-29-67,ranking,benchANT
2026-08-12 14:00:30+00:00,processes,sleeping,107,dbms,08-2026,couchbase-802-vanilla-ee-large-large-aws,1,ip-172-31-29-67,ranking,benchANT
2026-08-12 14:00:40+00:00,processes,sleeping,107,dbms,08-2026,couchbase-802-vanilla-ee-large-large-aws,1,ip-172-31-29-67,ranking,benchANT
2026-08-12 14:00:50+00:00,processes,sleeping,107,dbms,08-2026,couchbase-802-vanilla-ee-large-large-aws,1,ip-172-31-29-67,ranking,benchANT
2026-08-12 14:01:00+00:00,processes,sleeping,107,dbms,08-2026,couchbase-802-vanilla-ee-large-large-aws,1,ip-172-31-29-67,ranking,benchANT
2026-08-12 14:01:10+00:00,processes,sleeping,107,dbms,08-2026,couchbase-802-vanilla-ee-large-large-aws,1,ip-172-31-29-67,ranking,benchANT
2026-08-12 14:01:20+00:00,processes,sleeping,106,dbms,08-2026,couchbase-802-vanilla-ee-large-large-aws,1,ip-172-31-29-67,ranking,benchANT
2026-08-12 14:01:30+00:00,processes,sleeping,106,dbms,08-2026,couchbase-802-vanilla-ee-large-large-aws,1,ip-172-31-29-67,ranking,benchANT
2026-08-12 14:01:40+00:00,processes,sleeping,106,dbms,08-2026,couchbase-802-vanilla-ee-large-large-aws,1,ip-172-31-29-67,ranking,benchANT
2026-08-12 14:01:50+00:00,processes,sleeping,106,dbms,08-2026,couchbase-802-vanilla-ee-large-large-aws,1,ip-172-31-29-67,ranking,benchANT
2026-08-12 14:02:00+00:00,processes,sleeping,107,dbms,08-2026,couchbase-802-vanilla-ee-large-large-aws,1,ip-172-31-29-67,ranking,benchANT
2026-08-12 14:02:10+00:00,processes,sleeping,106,dbms,08-2026,couchbase-802-vanilla-ee-large-large-aws,1,ip-172-31-29-67,ranking,benchANT
2026-08-12 14:02:20+00:00,processes,sleeping,107,dbms,08-2026,couchbase-802-vanilla-ee-large-large-aws,1,ip-172-31-29-67,ranking,benchANT
2026-08-12 14:02:30+00:00,processes,sleeping,106,dbms,08-2026,couchbase-802-vanilla-ee-large-large-aws,1,ip-172-31-29-67,ranking,benchANT
2026-08-12 14:02:40+00:00,processes,sleeping,107,dbms,08-2026,couchbase-802-vanilla-ee-large-large-aws,1,ip-172-31-29-67,ranking,benchANT
2026-08-12 14:02:50+00:00,processes,sleeping,107,dbms,08-2026,couchbase-802-vanilla-ee-large-large-aws,1,ip-172-31-29-67,ranking,benchANT
2026-08-12 14:03:00+00:00,processes,sleeping,107,dbms,08-2026,couchbase-802-vanilla-ee-large-large-aws,1,ip-172-31-29-67,ranking,benchANT
2026-08-12 14:03:10+00:00,processes,sleeping,108,dbms,08-2026,couchbase-802-vanilla-ee-large-large-aws,1,ip-172-31-29-67,ranking,benchANT
2026-08-12 14:03:20+00:00,processes,sleeping,108,dbms,08-2026,couchbase-802-vanilla-ee-large-large-aws,1,ip-172-31-29-67,ranking,benchANT
2026-08-12 14:03:30+00:00,processes,sleeping,107,dbms,08-2026,couchbase-802-vanilla-ee-large-large-aws,1,ip-172-31-29-67,ranking,benchANT
2026-08-12 14:03:40+00:00,processes,sleeping,107,dbms,08-2026,couchbase-802-vanilla-ee-large-large-aws,1,ip-172-31-29-67,ranking,benchANT
2026-08-12 14:03:50+00:00,processes,sleeping,106,dbms,08-2026,couchbase-802-vanilla-ee-large-large-aws,1,ip-172-31-29-67,ranking,benchANT
2026-08-12 14:04:00+00:00,processes,sleeping,106,dbms,08-2026,couchbase-802-vanilla-ee-large-large-aws,1,ip-172-31-29-67,ranking,benchANT
2026-08-12 14:04:10+00:00,processes,sleeping,107,dbms,08-2026,couchbase-802-vanilla-ee-large-large-aws,1,ip-172-31-29-67,ranking,benchANT
2026-08-12 14:04:20+00:00,processes,sleeping,107,dbms,08-2026,couchbase-802-vanilla-ee-large-large-aws,1,ip-172-31-29-67,ranking,benchANT
2026-08-12 14:04:30+00:00,processes,sleeping,107,dbms,08-2026,couchbase-802-vanilla-ee-large-large-aws,1,ip-172-31-29-67,ranking,benchANT
2026-08-12 14:04:40+00:00,processes,sleeping,107,dbms,08-2026,couchbase-802-vanilla-ee-large-large-aws,1,ip-172-31-29-67,ranking,benchANT
2026-08-12 14:04:50+00:00,processes,sleeping,107,dbms,08-2026,couchbase-802-vanilla-ee-large-large-aws,1,ip-172-31-29-67,ranking,benchANT
2026-08-12 14:05:00+00:00,processes,sleeping,107,dbms,08-2026,couchbase-802-vanilla-ee-large-large-aws,1,ip-172-31-29-67,ranking,benchANT
2026-08-12 14:05:10+00:00,processes,sleeping,107,dbms,08-2026,couchbase-802-vanilla-ee-large-large-aws,1,ip-172-31-29-67,ranking,benchANT
2026-08-12 14:05:20+00:00,processes,sleeping,107,dbms,08-2026,couchbase-802-vanilla-ee-large-large-aws,1,ip-172-31-29-67,ranking,benchANT
2026-08-12 14:05:30+00:00,processes,sleeping,107,dbms,08-2026,couchbase-802-vanilla-ee-large-large-aws,1,ip-172-31-29-67,ranking,benchANT
2026-08-12 14:05:40+00:00,processes,sleeping,107,dbms,08-2026,couchbase-802-vanilla-ee-large-large-aws,1,ip-172-31-29-67,ranking,benchANT
2026-08-12 14:05:50+00:00,processes,sleeping,107,dbms,08-2026,couchbase-802-vanilla-ee-large-large-aws,1,ip-172-31-29-67,ranking,benchANT
2026-08-12 14:06:00+00:00,processes,sleeping,108,dbms,08-2026,couchbase-802-vanilla-ee-large-large-aws,1,ip-172-31-29-67,ranking,benchANT
2026-08-12 14:06:10+00:00,processes,sleeping,108,dbms,08-2026,couchbase-802-vanilla-ee-large-large-aws,1,ip-172-31-29-67,ranking,benchANT
2026-08-12 14:06:20+00:00,processes,sleeping,107,dbms,08-2026,couchbase-802-vanilla-ee-large-large-aws,1,ip-172-31-29-67,ranking,benchANT
2026-08-12 14:06:30+00:00,processes,sleeping,107,dbms,08-2026,couchbase-802-vanilla-ee-large-large-aws,1,ip-172-31-29-67,ranking,benchANT
2026-08-12 14:06:40+00:00,processes,sleeping,107,dbms,08-2026,couchbase-802-vanilla-ee-large-large-aws,1,ip-172-31-29-67,ranking,benchANT
2026-08-12 14:06:50+00:00,processes,sleeping,107,dbms,08-2026,couchbase-802-vanilla-ee-large-large-aws,1,ip-172-31-29-67,ranking,benchANT
2026-08-12 14:07:00+00:00,processes,sleeping,107,dbms,08-2026,couchbase-802-vanilla-ee-large-large-aws,1,ip-172-31-29-67,ranking,benchANT
2026-08-12 14:07:10+00:00,processes,sleeping,107,dbms,08-2026,couchbase-802-vanilla-ee-large-large-aws,1,ip-172-31-29-67,ranking,benchANT
2026-08-12 14:07:20+00:00,processes,sleeping,107,dbms,08-2026,couchbase-802-vanilla-ee-large-large-aws,1,ip-172-31-29-67,ranking,benchANT
2026-08-12 14:07:30+00:00,processes,sleeping,107,dbms,08-2026,couchbase-802-vanilla-ee-large-large-aws,1,ip-172-31-29-67,ranking,benchANT
2026-08-12 14:07:40+00:00,processes,sleeping,108,dbms,08-2026,couchbase-802-vanilla-ee-large-large-aws,1,ip-172-31-29-67,ranking,benchANT
2026-08-12 14:00:20+00:00,processes,stopped,0,dbms,08-2026,couchbase-802-vanilla-ee-large-large-aws,1,ip-172-31-29-67,ranking,benchANT
2026-08-12 14:00:30+00:00,processes,stopped,0,dbms,08-2026,couchbase-802-vanilla-ee-large-large-aws,1,ip-172-31-29-67,ranking,benchANT
2026-08-12 14:00:40+00:00,processes,stopped,0,dbms,08-2026,couchbase-802-vanilla-ee-large-large-aws,1,ip-172-31-29-67,ranking,benchANT
2026-08-12 14:00:50+00:00,processes,stopped,0,dbms,08-2026,couchbase-802-vanilla-ee-large-large-aws,1,ip-172-31-29-67,ranking,benchANT
2026-08-12 14:01:00+00:00,processes,stopped,0,dbms,08-2026,couchbase-802-vanilla-ee-large-large-aws,1,ip-172-31-29-67,ranking,benchANT
2026-08-12 14:01:10+00:00,processes,stopped,0,dbms,08-2026,couchbase-802-vanilla-ee-large-large-aws,1,ip-172-31-29-67,ranking,benchANT
2026-08-12 14:01:20+00:00,processes,stopped,0,dbms,08-2026,couchbase-802-vanilla-ee-large-large-aws,1,ip-172-31-29-67,ranking,benchANT
2026-08-12 14:01:30+00:00,processes,stopped,0,dbms,08-2026,couchbase-802-vanilla-ee-large-large-aws,1,ip-172-31-29-67,ranking,benchANT
2026-08-12 14:01:40+00:00,processes,stopped,0,dbms,08-2026,couchbase-802-vanilla-ee-large-large-aws,1,ip-172-31-29-67,ranking,benchANT
2026-08-12 14:01:50+00:00,processes,stopped,0,dbms,08-2026,couchbase-802-vanilla-ee-large-large-aws,1,ip-172-31-29-67,ranking,benchANT
2026-08-12 14:02:00+00:00,processes,stopped,0,dbms,08-2026,couchbase-802-vanilla-ee-large-large-aws,1,ip-172-31-29-67,ranking,benchANT
2026-08-12 14:02:10+00:00,processes,stopped,0,dbms,08-2026,couchbase-802-vanilla-ee-large-large-aws,1,ip-172-31-29-67,ranking,benchANT
2026-08-12 14:02:20+00:00,processes,stopped,0,dbms,08-2026,couchbase-802-vanilla-ee-large-large-aws,1,ip-172-31-29-67,ranking,benchANT
2026-08-12 14:02:30+00:00,processes,stopped,0,dbms,08-2026,couchbase-802-vanilla-ee-large-large-aws,1,ip-172-31-29-67,ranking,benchANT
2026-08-12 14:02:40+00:00,processes,stopped,0,dbms,08-2026,couchbase-802-vanilla-ee-large-large-aws,1,ip-172-31-29-67,ranking,benchANT
2026-08-12 14:02:50+00:00,processes,stopped,0,dbms,08-2026,couchbase-802-vanilla-ee-large-large-aws,1,ip-172-31-29-67,ranking,benchANT
2026-08-12 14:03:00+00:00,processes,stopped,0,dbms,08-2026,couchbase-802-vanilla-ee-large-large-aws,1,ip-172-31-29-67,ranking,benchANT
2026-08-12 14:03:10+00:00,processes,stopped,0,dbms,08-2026,couchbase-802-vanilla-ee-large-large-aws,1,ip-172-31-29-67,ranking,benchANT
2026-08-12 14:03:20+00:00,processes,stopped,0,dbms,08-2026,couchbase-802-vanilla-ee-large-large-aws,1,ip-172-31-29-67,ranking,benchANT
2026-08-12 14:03:30+00:00,processes,stopped,0,dbms,08-2026,couchbase-802-vanilla-ee-large-large-aws,1,ip-172-31-29-67,ranking,benchANT
2026-08-12 14:03:40+00:00,processes,stopped,0,dbms,08-2026,couchbase-802-vanilla-ee-large-large-aws,1,ip-172-31-29-67,ranking,benchANT
2026-08-12 14:03:50+00:00,processes,stopped,0,dbms,08-2026,couchbase-802-vanilla-ee-large-large-aws,1,ip-172-31-29-67,ranking,benchANT
2026-08-12 14:04:00+00:00,processes,stopped,0,dbms,08-2026,couchbase-802-vanilla-ee-large-large-aws,1,ip-172-31-29-67,ranking,benchANT
2026-08-12 14:04:10+00:00,processes,stopped,0,dbms,08-2026,couchbase-802-vanilla-ee-large-large-aws,1,ip-172-31-29-67,ranking,benchANT
2026-08-12 14:04:20+00:00,processes,stopped,0,dbms,08-2026,couchbase-802-vanilla-ee-large-large-aws,1,ip-172-31-29-67,ranking,benchANT
2026-08-12 14:04:30+00:00,processes,stopped,0,dbms,08-2026,couchbase-802-vanilla-ee-large-large-aws,1,ip-172-31-29-67,ranking,benchANT
2026-08-12 14:04:40+00:00,processes,stopped,0,dbms,08-2026,couchbase-802-vanilla-ee-large-large-aws,1,ip-172-31-29-67,ranking,benchANT
2026-08-12 14:04:50+00:00,processes,stopped,0,dbms,08-2026,couchbase-802-vanilla-ee-large-large-aws,1,ip-172-31-29-67,ranking,benchANT
2026-08-12 14:05:00+00:00,processes,stopped,0,dbms,08-2026,couchbase-802-vanilla-ee-large-large-aws,1,ip-172-31-29-67,ranking,benchANT
2026-08-12 14:05:10+00:00,processes,stopped,0,dbms,08-2026,couchbase-802-vanilla-ee-large-large-aws,1,ip-172-31-29-67,ranking,benchANT
2026-08-12 14:05:20+00:00,processes,stopped,0,dbms,08-2026,couchbase-802-vanilla-ee-large-large-aws,1,ip-172-31-29-67,ranking,benchANT
2026-08-12 14:05:30+00:00,processes,stopped,0,dbms,08-2026,couchbase-802-vanilla-ee-large-large-aws,1,ip-172-31-29-67,ranking,benchANT
2026-08-12 14:05:40+00:00,processes,stopped,0,dbms,08-2026,couchbase-802-vanilla-ee-large-large-aws,1,ip-172-31-29-67,ranking,benchANT
2026-08-12 14:05:50+00:00,processes,stopped,0,dbms,08-2026,couchbase-802-vanilla-ee-large-large-aws,1,ip-172-31-29-67,ranking,benchANT
2026-08-12 14:06:00+00:00,processes,stopped,0,dbms,08-2026,couchbase-802-vanilla-ee-large-large-aws,1,ip-172-31-29-67,ranking,benchANT
2026-08-12 14:06:10+00:00,processes,stopped,0,dbms,08-2026,couchbase-802-vanilla-ee-large-large-aws,1,ip-172-31-29-67,ranking,benchANT
2026-08-12 14:06:20+00:00,processes,stopped,0,dbms,08-2026,couchbase-802-vanilla-ee-large-large-aws,1,ip-172-31-29-67,ranking,benchANT
2026-08-12 14:06:30+00:00,processes,stopped,0,dbms,08-2026,couchbase-802-vanilla-ee-large-large-aws,1,ip-172-31-29-67,ranking,benchANT
2026-08-12 14:06:40+00:00,processes,stopped,0,dbms,08-2026,couchbase-802-vanilla-ee-large-large-aws,1,ip-172-31-29-67,ranking,benchANT
2026-08-12 14:06:50+00:00,processes,stopped,0,dbms,08-2026,couchbase-802-vanilla-ee-large-large-aws,1,ip-172-31-29-67,ranking,benchANT
2026-08-12 14:07:00+00:00,processes,stopped,0,dbms,08-2026,couchbase-802-vanilla-ee-large-large-aws,1,ip-172-31-29-67,ranking,benchANT
2026-08-12 14:07:10+00:00,processes,stopped,0,dbms,08-2026,couchbase-802-vanilla-ee-large-large-aws,1,ip-172-31-29-67,ranking,benchANT
2026-08-12 14:07:20+00:00,processes,stopped,0,dbms,08-2026,couchbase-802-vanilla-ee-large-large-aws,1,ip-172-31-29-67,ranking,benchANT
2026-08-12 14:07:30+00:00,processes,stopped,0,dbms,08-2026,couchbase-802-vanilla-ee-large-large-aws,1,ip-172-31-29-67,ranking,benchANT
2026-08-12 14:07:40+00:00,processes,stopped,0,dbms,08-2026,couchbase-802-vanilla-ee-large-large-aws,1,ip-172-31-29-67,ranking,benchANT
2026-08-12 14:00:20+00:00,processes,total,184,dbms,08-2026,couchbase-802-vanilla-ee-large-large-aws,1,ip-172-31-29-67,ranking,benchANT
2026-08-12 14:00:30+00:00,processes,total,184,dbms,08-2026,couchbase-802-vanilla-ee-large-large-aws,1,ip-172-31-29-67,ranking,benchANT
2026-08-12 14:00:40+00:00,processes,total,184,dbms,08-2026,couchbase-802-vanilla-ee-large-large-aws,1,ip-172-31-29-67,ranking,benchANT
2026-08-12 14:00:50+00:00,processes,total,184,dbms,08-2026,couchbase-802-vanilla-ee-large-large-aws,1,ip-172-31-29-67,ranking,benchANT
2026-08-12 14:01:00+00:00,processes,total,184,dbms,08-2026,couchbase-802-vanilla-ee-large-large-aws,1,ip-172-31-29-67,ranking,benchANT
2026-08-12 14:01:10+00:00,processes,total,184,dbms,08-2026,couchbase-802-vanilla-ee-large-large-aws,1,ip-172-31-29-67,ranking,benchANT
2026-08-12 14:01:20+00:00,processes,total,184,dbms,08-2026,couchbase-802-vanilla-ee-large-large-aws,1,ip-172-31-29-67,ranking,benchANT
2026-08-12 14:01:30+00:00,processes,total,184,dbms,08-2026,couchbase-802-vanilla-ee-large-large-aws,1,ip-172-31-29-67,ranking,benchANT
2026-08-12 14:01:40+00:00,processes,total,184,dbms,08-2026,couchbase-802-vanilla-ee-large-large-aws,1,ip-172-31-29-67,ranking,benchANT
2026-08-12 14:01:50+00:00,processes,total,184,dbms,08-2026,couchbase-802-vanilla-ee-large-large-aws,1,ip-172-31-29-67,ranking,benchANT
2026-08-12 14:02:00+00:00,processes,total,185,dbms,08-2026,couchbase-802-vanilla-ee-large-large-aws,1,ip-172-31-29-67,ranking,benchANT
2026-08-12 14:02:10+00:00,processes,total,185,dbms,08-2026,couchbase-802-vanilla-ee-large-large-aws,1,ip-172-31-29-67,ranking,benchANT
2026-08-12 14:02:20+00:00,processes,total,185,dbms,08-2026,couchbase-802-vanilla-ee-large-large-aws,1,ip-172-31-29-67,ranking,benchANT
2026-08-12 14:02:30+00:00,processes,total,185,dbms,08-2026,couchbase-802-vanilla-ee-large-large-aws,1,ip-172-31-29-67,ranking,benchANT
2026-08-12 14:02:40+00:00,processes,total,185,dbms,08-2026,couchbase-802-vanilla-ee-large-large-aws,1,ip-172-31-29-67,ranking,benchANT
2026-08-12 14:02:50+00:00,processes,total,185,dbms,08-2026,couchbase-802-vanilla-ee-large-large-aws,1,ip-172-31-29-67,ranking,benchANT
2026-08-12 14:03:00+00:00,processes,total,188,dbms,08-2026,couchbase-802-vanilla-ee-large-large-aws,1,ip-172-31-29-67,ranking,benchANT
2026-08-12 14:03:10+00:00,processes,total,187,dbms,08-2026,couchbase-802-vanilla-ee-large-large-aws,1,ip-172-31-29-67,ranking,benchANT
2026-08-12 14:03:20+00:00,processes,total,186,dbms,08-2026,couchbase-802-vanilla-ee-large-large-aws,1,ip-172-31-29-67,ranking,benchANT
2026-08-12 14:03:30+00:00,processes,total,186,dbms,08-2026,couchbase-802-vanilla-ee-large-large-aws,1,ip-172-31-29-67,ranking,benchANT
2026-08-12 14:03:40+00:00,processes,total,186,dbms,08-2026,couchbase-802-vanilla-ee-large-large-aws,1,ip-172-31-29-67,ranking,benchANT
2026-08-12 14:03:50+00:00,processes,total,186,dbms,08-2026,couchbase-802-vanilla-ee-large-large-aws,1,ip-172-31-29-67,ranking,benchANT
2026-08-12 14:04:00+00:00,processes,total,186,dbms,08-2026,couchbase-802-vanilla-ee-large-large-aws,1,ip-172-31-29-67,ranking,benchANT
2026-08-12 14:04:10+00:00,processes,total,186,dbms,08-2026,couchbase-802-vanilla-ee-large-large-aws,1,ip-172-31-29-67,ranking,benchANT
2026-08-12 14:04:20+00:00,processes,total,186,dbms,08-2026,couchbase-802-vanilla-ee-large-large-aws,1,ip-172-31-29-67,ranking,benchANT
2026-08-12 14:04:30+00:00,processes,total,186,dbms,08-2026,couchbase-802-vanilla-ee-large-large-aws,1,ip-172-31-29-67,ranking,benchANT
2026-08-12 14:04:40+00:00,processes,total,186,dbms,08-2026,couchbase-802-vanilla-ee-large-large-aws,1,ip-172-31-29-67,ranking,benchANT
2026-08-12 14:04:50+00:00,processes,total,186,dbms,08-2026,couchbase-802-vanilla-ee-large-large-aws,1,ip-172-31-29-67,ranking,benchANT
2026-08-12 14:05:00+00:00,processes,total,186,dbms,08-2026,couchbase-802-vanilla-ee-large-large-aws,1,ip-172-31-29-67,ranking,benchANT
2026-08-12 14:05:10+00:00,processes,total,186,dbms,08-2026,couchbase-802-vanilla-ee-large-large-aws,1,ip-172-31-29-67,ranking,benchANT
2026-08-12 14:05:20+00:00,processes,total,186,dbms,08-2026,couchbase-802-vanilla-ee-large-large-aws,1,ip-172-31-29-67,ranking,benchANT
2026-08-12 14:05:30+00:00,processes,total,185,dbms,08-2026,couchbase-802-vanilla-ee-large-large-aws,1,ip-172-31-29-67,ranking,benchANT
2026-08-12 14:05:40+00:00,processes,total,185,dbms,08-2026,couchbase-802-vanilla-ee-large-large-aws,1,ip-172-31-29-67,ranking,benchANT
2026-08-12 14:05:50+00:00,processes,total,185,dbms,08-2026,couchbase-802-vanilla-ee-large-large-aws,1,ip-172-31-29-67,ranking,benchANT
2026-08-12 14:06:00+00:00,processes,total,185,dbms,08-2026,couchbase-802-vanilla-ee-large-large-aws,1,ip-172-31-29-67,ranking,benchANT
2026-08-12 14:06:10+00:00,processes,total,185,dbms,08-2026,couchbase-802-vanilla-ee-large-large-aws,1,ip-172-31-29-67,ranking,benchANT
2026-08-12 14:06:20+00:00,processes,total,185,dbms,08-2026,couchbase-802-vanilla-ee-large-large-aws,1,ip-172-31-29-67,ranking,benchANT
2026-08-12 14:06:30+00:00,processes,total,185,dbms,08-2026,couchbase-802-vanilla-ee-large-large-aws,1,ip-172-31-29-67,ranking,benchANT
2026-08-12 14:06:40+00:00,processes,total,185,dbms,08-2026,couchbase-802-vanilla-ee-large-large-aws,1,ip-172-31-29-67,ranking,benchANT
2026-08-12 14:06:50+00:00,processes,total,185,dbms,08-2026,couchbase-802-vanilla-ee-large-large-aws,1,ip-172-31-29-67,ranking,benchANT
2026-08-12 14:07:00+00:00,processes,total,185,dbms,08-2026,couchbase-802-vanilla-ee-large-large-aws,1,ip-172-31-29-67,ranking,benchANT
2026-08-12 14:07:10+00:00,processes,total,184,dbms,08-2026,couchbase-802-vanilla-ee-large-large-aws,1,ip-172-31-29-67,ranking,benchANT
2026-08-12 14:07:20+00:00,processes,total,184,dbms,08-2026,couchbase-802-vanilla-ee-large-large-aws,1,ip-172-31-29-67,ranking,benchANT
2026-08-12 14:07:30+00:00,processes,total,184,dbms,08-2026,couchbase-802-vanilla-ee-large-large-aws,1,ip-172-31-29-67,ranking,benchANT
2026-08-12 14:07:40+00:00,processes,total,184,dbms,08-2026,couchbase-802-vanilla-ee-large-large-aws,1,ip-172-31-29-67,ranking,benchANT
2026-08-12 14:00:20+00:00,processes,total_threads,514,dbms,08-2026,couchbase-802-vanilla-ee-large-large-aws,1,ip-172-31-29-67,ranking,benchANT
2026-08-12 14:00:30+00:00,processes,total_threads,514,dbms,08-2026,couchbase-802-vanilla-ee-large-large-aws,1,ip-172-31-29-67,ranking,benchANT
2026-08-12 14:00:40+00:00,processes,total_threads,514,dbms,08-2026,couchbase-802-vanilla-ee-large-large-aws,1,ip-172-31-29-67,ranking,benchANT
2026-08-12 14:00:50+00:00,processes,total_threads,514,dbms,08-2026,couchbase-802-vanilla-ee-large-large-aws,1,ip-172-31-29-67,ranking,benchANT
2026-08-12 14:01:00+00:00,processes,total_threads,514,dbms,08-2026,couchbase-802-vanilla-ee-large-large-aws,1,ip-172-31-29-67,ranking,benchANT
2026-08-12 14:01:10+00:00,processes,total_threads,514,dbms,08-2026,couchbase-802-vanilla-ee-large-large-aws,1,ip-172-31-29-67,ranking,benchANT
2026-08-12 14:01:20+00:00,processes,total_threads,514,dbms,08-2026,couchbase-802-vanilla-ee-large-large-aws,1,ip-172-31-29-67,ranking,benchANT
2026-08-12 14:01:30+00:00,processes,total_threads,514,dbms,08-2026,couchbase-802-vanilla-ee-large-large-aws,1,ip-172-31-29-67,ranking,benchANT
2026-08-12 14:01:40+00:00,processes,total_threads,514,dbms,08-2026,couchbase-802-vanilla-ee-large-large-aws,1,ip-172-31-29-67,ranking,benchANT
2026-08-12 14:01:50+00:00,processes,total_threads,514,dbms,08-2026,couchbase-802-vanilla-ee-large-large-aws,1,ip-172-31-29-67,ranking,benchANT
2026-08-12 14:02:00+00:00,processes,total_threads,515,dbms,08-2026,couchbase-802-vanilla-ee-large-large-aws,1,ip-172-31-29-67,ranking,benchANT
2026-08-12 14:02:10+00:00,processes,total_threads,515,dbms,08-2026,couchbase-802-vanilla-ee-large-large-aws,1,ip-172-31-29-67,ranking,benchANT
2026-08-12 14:02:20+00:00,processes,total_threads,515,dbms,08-2026,couchbase-802-vanilla-ee-large-large-aws,1,ip-172-31-29-67,ranking,benchANT
2026-08-12 14:02:30+00:00,processes,total_threads,515,dbms,08-2026,couchbase-802-vanilla-ee-large-large-aws,1,ip-172-31-29-67,ranking,benchANT
2026-08-12 14:02:40+00:00,processes,total_threads,515,dbms,08-2026,couchbase-802-vanilla-ee-large-large-aws,1,ip-172-31-29-67,ranking,benchANT
2026-08-12 14:02:50+00:00,processes,total_threads,515,dbms,08-2026,couchbase-802-vanilla-ee-large-large-aws,1,ip-172-31-29-67,ranking,benchANT
2026-08-12 14:03:00+00:00,processes,total_threads,523,dbms,08-2026,couchbase-802-vanilla-ee-large-large-aws,1,ip-172-31-29-67,ranking,benchANT
2026-08-12 14:03:10+00:00,processes,total_threads,522,dbms,08-2026,couchbase-802-vanilla-ee-large-large-aws,1,ip-172-31-29-67,ranking,benchANT
2026-08-12 14:03:20+00:00,processes,total_threads,519,dbms,08-2026,couchbase-802-vanilla-ee-large-large-aws,1,ip-172-31-29-67,ranking,benchANT
2026-08-12 14:03:30+00:00,processes,total_threads,519,dbms,08-2026,couchbase-802-vanilla-ee-large-large-aws,1,ip-172-31-29-67,ranking,benchANT
2026-08-12 14:03:40+00:00,processes,total_threads,519,dbms,08-2026,couchbase-802-vanilla-ee-large-large-aws,1,ip-172-31-29-67,ranking,benchANT
2026-08-12 14:03:50+00:00,processes,total_threads,519,dbms,08-2026,couchbase-802-vanilla-ee-large-large-aws,1,ip-172-31-29-67,ranking,benchANT
2026-08-12 14:04:00+00:00,processes,total_threads,519,dbms,08-2026,couchbase-802-vanilla-ee-large-large-aws,1,ip-172-31-29-67,ranking,benchANT
2026-08-12 14:04:10+00:00,processes,total_threads,519,dbms,08-2026,couchbase-802-vanilla-ee-large-large-aws,1,ip-172-31-29-67,ranking,benchANT
2026-08-12 14:04:20+00:00,processes,total_threads,519,dbms,08-2026,couchbase-802-vanilla-ee-large-large-aws,1,ip-172-31-29-67,ranking,benchANT
2026-08-12 14:04:30+00:00,processes,total_threads,519,dbms,08-2026,couchbase-802-vanilla-ee-large-large-aws,1,ip-172-31-29-67,ranking,benchANT
2026-08-12 14:04:40+00:00,processes,total_threads,519,dbms,08-2026,couchbase-802-vanilla-ee-large-large-aws,1,ip-172-31-29-67,ranking,benchANT
2026-08-12 14:04:50+00:00,processes,total_threads,519,dbms,08-2026,couchbase-802-vanilla-ee-large-large-aws,1,ip-172-31-29-67,ranking,benchANT
2026-08-12 14:05:00+00:00,processes,total_threads,519,dbms,08-2026,couchbase-802-vanilla-ee-large-large-aws,1,ip-172-31-29-67,ranking,benchANT
2026-08-12 14:05:10+00:00,processes,total_threads,519,dbms,08-2026,couchbase-802-vanilla-ee-large-large-aws,1,ip-172-31-29-67,ranking,benchANT
2026-08-12 14:05:20+00:00,processes,total_threads,519,dbms,08-2026,couchbase-802-vanilla-ee-large-large-aws,1,ip-172-31-29-67,ranking,benchANT
2026-08-12 14:05:30+00:00,processes,total_threads,518,dbms,08-2026,couchbase-802-vanilla-ee-large-large-aws,1,ip-172-31-29-67,ranking,benchANT
2026-08-12 14:05:40+00:00,processes,total_threads,519,dbms,08-2026,couchbase-802-vanilla-ee-large-large-aws,1,ip-172-31-29-67,ranking,benchANT
2026-08-12 14:05:50+00:00,processes,total_threads,519,dbms,08-2026,couchbase-802-vanilla-ee-large-large-aws,1,ip-172-31-29-67,ranking,benchANT
2026-08-12 14:06:00+00:00,processes,total_threads,519,dbms,08-2026,couchbase-802-vanilla-ee-large-large-aws,1,ip-172-31-29-67,ranking,benchANT
2026-08-12 14:06:10+00:00,processes,total_threads,519,dbms,08-2026,couchbase-802-vanilla-ee-large-large-aws,1,ip-172-31-29-67,ranking,benchANT
2026-08-12 14:06:20+00:00,processes,total_threads,519,dbms,08-2026,couchbase-802-vanilla-ee-large-large-aws,1,ip-172-31-29-67,ranking,benchANT
2026-08-12 14:06:30+00:00,processes,total_threads,519,dbms,08-2026,couchbase-802-vanilla-ee-large-large-aws,1,ip-172-31-29-67,ranking,benchANT
2026-08-12 14:06:40+00:00,processes,total_threads,519,dbms,08-2026,couchbase-802-vanilla-ee-large-large-aws,1,ip-172-31-29-67,ranking,benchANT
2026-08-12 14:06:50+00:00,processes,total_threads,519,dbms,08-2026,couchbase-802-vanilla-ee-large-large-aws,1,ip-172-31-29-67,ranking,benchANT
2026-08-12 14:07:00+00:00,processes,total_threads,519,dbms,08-2026,couchbase-802-vanilla-ee-large-large-aws,1,ip-172-31-29-67,ranking,benchANT
2026-08-12 14:07:10+00:00,processes,total_threads,519,dbms,08-2026,couchbase-802-vanilla-ee-large-large-aws,1,ip-172-31-29-67,ranking,benchANT
2026-08-12 14:07:20+00:00,processes,total_threads,518,dbms,08-2026,couchbase-802-vanilla-ee-large-large-aws,1,ip-172-31-29-67,ranking,benchANT
2026-08-12 14:07:30+00:00,processes,total_threads,518,dbms,08-2026,couchbase-802-vanilla-ee-large-large-aws,1,ip-172-31-29-67,ranking,benchANT
2026-08-12 14:07:40+00:00,processes,total_threads,518,dbms,08-2026,couchbase-802-vanilla-ee-large-large-aws,1,ip-172-31-29-67,ranking,benchANT
2026-08-12 14:00:20+00:00,processes,unknown,0,dbms,08-2026,couchbase-802-vanilla-ee-large-large-aws,1,ip-172-31-29-67,ranking,benchANT
2026-08-12 14:00:30+00:00,processes,unknown,0,dbms,08-2026,couchbase-802-vanilla-ee-large-large-aws,1,ip-172-31-29-67,ranking,benchANT
2026-08-12 14:00:40+00:00,processes,unknown,0,dbms,08-2026,couchbase-802-vanilla-ee-large-large-aws,1,ip-172-31-29-67,ranking,benchANT
2026-08-12 14:00:50+00:00,processes,unknown,0,dbms,08-2026,couchbase-802-vanilla-ee-large-large-aws,1,ip-172-31-29-67,ranking,benchANT
2026-08-12 14:01:00+00:00,processes,unknown,0,dbms,08-2026,couchbase-802-vanilla-ee-large-large-aws,1,ip-172-31-29-67,ranking,benchANT
2026-08-12 14:01:10+00:00,processes,unknown,0,dbms,08-2026,couchbase-802-vanilla-ee-large-large-aws,1,ip-172-31-29-67,ranking,benchANT
2026-08-12 14:01:20+00:00,processes,unknown,0,dbms,08-2026,couchbase-802-vanilla-ee-large-large-aws,1,ip-172-31-29-67,ranking,benchANT
2026-08-12 14:01:30+00:00,processes,unknown,0,dbms,08-2026,couchbase-802-vanilla-ee-large-large-aws,1,ip-172-31-29-67,ranking,benchANT
2026-08-12 14:01:40+00:00,processes,unknown,0,dbms,08-2026,couchbase-802-vanilla-ee-large-large-aws,1,ip-172-31-29-67,ranking,benchANT
2026-08-12 14:01:50+00:00,processes,unknown,0,dbms,08-2026,couchbase-802-vanilla-ee-large-large-aws,1,ip-172-31-29-67,ranking,benchANT
2026-08-12 14:02:00+00:00,processes,unknown,0,dbms,08-2026,couchbase-802-vanilla-ee-large-large-aws,1,ip-172-31-29-67,ranking,benchANT
2026-08-12 14:02:10+00:00,processes,unknown,0,dbms,08-2026,couchbase-802-vanilla-ee-large-large-aws,1,ip-172-31-29-67,ranking,benchANT
2026-08-12 14:02:20+00:00,processes,unknown,0,dbms,08-2026,couchbase-802-vanilla-ee-large-large-aws,1,ip-172-31-29-67,ranking,benchANT
2026-08-12 14:02:30+00:00,processes,unknown,0,dbms,08-2026,couchbase-802-vanilla-ee-large-large-aws,1,ip-172-31-29-67,ranking,benchANT
2026-08-12 14:02:40+00:00,processes,unknown,0,dbms,08-2026,couchbase-802-vanilla-ee-large-large-aws,1,ip-172-31-29-67,ranking,benchANT
2026-08-12 14:02:50+00:00,processes,unknown,0,dbms,08-2026,couchbase-802-vanilla-ee-large-large-aws,1,ip-172-31-29-67,ranking,benchANT
2026-08-12 14:03:00+00:00,processes,unknown,0,dbms,08-2026,couchbase-802-vanilla-ee-large-large-aws,1,ip-172-31-29-67,ranking,benchANT
2026-08-12 14:03:10+00:00,processes,unknown,0,dbms,08-2026,couchbase-802-vanilla-ee-large-large-aws,1,ip-172-31-29-67,ranking,benchANT
2026-08-12 14:03:20+00:00,processes,unknown,0,dbms,08-2026,couchbase-802-vanilla-ee-large-large-aws,1,ip-172-31-29-67,ranking,benchANT
2026-08-12 14:03:30+00:00,processes,unknown,0,dbms,08-2026,couchbase-802-vanilla-ee-large-large-aws,1,ip-172-31-29-67,ranking,benchANT
2026-08-12 14:03:40+00:00,processes,unknown,0,dbms,08-2026,couchbase-802-vanilla-ee-large-large-aws,1,ip-172-31-29-67,ranking,benchANT
2026-08-12 14:03:50+00:00,processes,unknown,0,dbms,08-2026,couchbase-802-vanilla-ee-large-large-aws,1,ip-172-31-29-67,ranking,benchANT
2026-08-12 14:04:00+00:00,processes,unknown,0,dbms,08-2026,couchbase-802-vanilla-ee-large-large-aws,1,ip-172-31-29-67,ranking,benchANT
2026-08-12 14:04:10+00:00,processes,unknown,0,dbms,08-2026,couchbase-802-vanilla-ee-large-large-aws,1,ip-172-31-29-67,ranking,benchANT
2026-08-12 14:04:20+00:00,processes,unknown,0,dbms,08-2026,couchbase-802-vanilla-ee-large-large-aws,1,ip-172-31-29-67,ranking,benchANT
2026-08-12 14:04:30+00:00,processes,unknown,0,dbms,08-2026,couchbase-802-vanilla-ee-large-large-aws,1,ip-172-31-29-67,ranking,benchANT
2026-08-12 14:04:40+00:00,processes,unknown,0,dbms,08-2026,couchbase-802-vanilla-ee-large-large-aws,1,ip-172-31-29-67,ranking,benchANT
2026-08-12 14:04:50+00:00,processes,unknown,0,dbms,08-2026,couchbase-802-vanilla-ee-large-large-aws,1,ip-172-31-29-67,ranking,benchANT
2026-08-12 14:05:00+00:00,processes,unknown,0,dbms,08-2026,couchbase-802-vanilla-ee-large-large-aws,1,ip-172-31-29-67,ranking,benchANT
2026-08-12 14:05:10+00:00,processes,unknown,0,dbms,08-2026,couchbase-802-vanilla-ee-large-large-aws,1,ip-172-31-29-67,ranking,benchANT
2026-08-12 14:05:20+00:00,processes,unknown,0,dbms,08-2026,couchbase-802-vanilla-ee-large-large-aws,1,ip-172-31-29-67,ranking,benchANT
2026-08-12 14:05:30+00:00,processes,unknown,0,dbms,08-2026,couchbase-802-vanilla-ee-large-large-aws,1,ip-172-31-29-67,ranking,benchANT
2026-08-12 14:05:40+00:00,processes,unknown,0,dbms,08-2026,couchbase-802-vanilla-ee-large-large-aws,1,ip-172-31-29-67,ranking,benchANT
2026-08-12 14:05:50+00:00,processes,unknown,0,dbms,08-2026,couchbase-802-vanilla-ee-large-large-aws,1,ip-172-31-29-67,ranking,benchANT
2026-08-12 14:06:00+00:00,processes,unknown,0,dbms,08-2026,couchbase-802-vanilla-ee-large-large-aws,1,ip-172-31-29-67,ranking,benchANT
2026-08-12 14:06:10+00:00,processes,unknown,0,dbms,08-2026,couchbase-802-vanilla-ee-large-large-aws,1,ip-172-31-29-67,ranking,benchANT
2026-08-12 14:06:20+00:00,processes,unknown,0,dbms,08-2026,couchbase-802-vanilla-ee-large-large-aws,1,ip-172-31-29-67,ranking,benchANT
2026-08-12 14:06:30+00:00,processes,unknown,0,dbms,08-2026,couchbase-802-vanilla-ee-large-large-aws,1,ip-172-31-29-67,ranking,benchANT
2026-08-12 14:06:40+00:00,processes,unknown,0,dbms,08-2026,couchbase-802-vanilla-ee-large-large-aws,1,ip-172-31-29-67,ranking,benchANT
2026-08-12 14:06:50+00:00,processes,unknown,0,dbms,08-2026,couchbase-802-vanilla-ee-large-large-aws,1,ip-172-31-29-67,ranking,benchANT
2026-08-12 14:07:00+00:00,processes,unknown,0,dbms,08-2026,couchbase-802-vanilla-ee-large-large-aws,1,ip-172-31-29-67,ranking,benchANT
2026-08-12 14:07:10+00:00,processes,unknown,0,dbms,08-2026,couchbase-802-vanilla-ee-large-large-aws,1,ip-172-31-29-67,ranking,benchANT
2026-08-12 14:07:20+00:00,processes,unknown,0,dbms,08-2026,couchbase-802-vanilla-ee-large-large-aws,1,ip-172-31-29-67,ranking,benchANT
2026-08-12 14:07:30+00:00,processes,unknown,0,dbms,08-2026,couchbase-802-vanilla-ee-large-large-aws,1,ip-172-31-29-67,ranking,benchANT
2026-08-12 14:07:40+00:00,processes,unknown,0,dbms,08-2026,couchbase-802-vanilla-ee-large-large-aws,1,ip-172-31-29-67,ranking,benchANT
2026-08-12 14:00:20+00:00,processes,zombies,0,dbms,08-2026,couchbase-802-vanilla-ee-large-large-aws,1,ip-172-31-29-67,ranking,benchANT
2026-08-12 14:00:30+00:00,processes,zombies,0,dbms,08-2026,couchbase-802-vanilla-ee-large-large-aws,1,ip-172-31-29-67,ranking,benchANT
2026-08-12 14:00:40+00:00,processes,zombies,0,dbms,08-2026,couchbase-802-vanilla-ee-large-large-aws,1,ip-172-31-29-67,ranking,benchANT
2026-08-12 14:00:50+00:00,processes,zombies,0,dbms,08-2026,couchbase-802-vanilla-ee-large-large-aws,1,ip-172-31-29-67,ranking,benchANT
2026-08-12 14:01:00+00:00,processes,zombies,0,dbms,08-2026,couchbase-802-vanilla-ee-large-large-aws,1,ip-172-31-29-67,ranking,benchANT
2026-08-12 14:01:10+00:00,processes,zombies,0,dbms,08-2026,couchbase-802-vanilla-ee-large-large-aws,1,ip-172-31-29-67,ranking,benchANT
2026-08-12 14:01:20+00:00,processes,zombies,0,dbms,08-2026,couchbase-802-vanilla-ee-large-large-aws,1,ip-172-31-29-67,ranking,benchANT
2026-08-12 14:01:30+00:00,processes,zombies,0,dbms,08-2026,couchbase-802-vanilla-ee-large-large-aws,1,ip-172-31-29-67,ranking,benchANT
2026-08-12 14:01:40+00:00,processes,zombies,0,dbms,08-2026,couchbase-802-vanilla-ee-large-large-aws,1,ip-172-31-29-67,ranking,benchANT
2026-08-12 14:01:50+00:00,processes,zombies,0,dbms,08-2026,couchbase-802-vanilla-ee-large-large-aws,1,ip-172-31-29-67,ranking,benchANT
2026-08-12 14:02:00+00:00,processes,zombies,0,dbms,08-2026,couchbase-802-vanilla-ee-large-large-aws,1,ip-172-31-29-67,ranking,benchANT
2026-08-12 14:02:10+00:00,processes,zombies,0,dbms,08-2026,couchbase-802-vanilla-ee-large-large-aws,1,ip-172-31-29-67,ranking,benchANT
2026-08-12 14:02:20+00:00,processes,zombies,0,dbms,08-2026,couchbase-802-vanilla-ee-large-large-aws,1,ip-172-31-29-67,ranking,benchANT
2026-08-12 14:02:30+00:00,processes,zombies,0,dbms,08-2026,couchbase-802-vanilla-ee-large-large-aws,1,ip-172-31-29-67,ranking,benchANT
2026-08-12 14:02:40+00:00,processes,zombies,0,dbms,08-2026,couchbase-802-vanilla-ee-large-large-aws,1,ip-172-31-29-67,ranking,benchANT
2026-08-12 14:02:50+00:00,processes,zombies,0,dbms,08-2026,couchbase-802-vanilla-ee-large-large-aws,1,ip-172-31-29-67,ranking,benchANT
2026-08-12 14:03:00+00:00,processes,zombies,0,dbms,08-2026,couchbase-802-vanilla-ee-large-large-aws,1,ip-172-31-29-67,ranking,benchANT
2026-08-12 14:03:10+00:00,processes,zombies,0,dbms,08-2026,couchbase-802-vanilla-ee-large-large-aws,1,ip-172-31-29-67,ranking,benchANT
2026-08-12 14:03:20+00:00,processes,zombies,0,dbms,08-2026,couchbase-802-vanilla-ee-large-large-aws,1,ip-172-31-29-67,ranking,benchANT
2026-08-12 14:03:30+00:00,processes,zombies,0,dbms,08-2026,couchbase-802-vanilla-ee-large-large-aws,1,ip-172-31-29-67,ranking,benchANT
2026-08-12 14:03:40+00:00,processes,zombies,0,dbms,08-2026,couchbase-802-vanilla-ee-large-large-aws,1,ip-172-31-29-67,ranking,benchANT
2026-08-12 14:03:50+00:00,processes,zombies,0,dbms,08-2026,couchbase-802-vanilla-ee-large-large-aws,1,ip-172-31-29-67,ranking,benchANT
2026-08-12 14:04:00+00:00,processes,zombies,0,dbms,08-2026,couchbase-802-vanilla-ee-large-large-aws,1,ip-172-31-29-67,ranking,benchANT
2026-08-12 14:04:10+00:00,processes,zombies,0,dbms,08-2026,couchbase-802-vanilla-ee-large-large-aws,1,ip-172-31-29-67,ranking,benchANT
2026-08-12 14:04:20+00:00,processes,zombies,0,dbms,08-2026,couchbase-802-vanilla-ee-large-large-aws,1,ip-172-31-29-67,ranking,benchANT
2026-08-12 14:04:30+00:00,processes,zombies,0,dbms,08-2026,couchbase-802-vanilla-ee-large-large-aws,1,ip-172-31-29-67,ranking,benchANT
2026-08-12 14:04:40+00:00,processes,zombies,0,dbms,08-2026,couchbase-802-vanilla-ee-large-large-aws,1,ip-172-31-29-67,ranking,benchANT
2026-08-12 14:04:50+00:00,processes,zombies,0,dbms,08-2026,couchbase-802-vanilla-ee-large-large-aws,1,ip-172-31-29-67,ranking,benchANT
2026-08-12 14:05:00+00:00,processes,zombies,0,dbms,08-2026,couchbase-802-vanilla-ee-large-large-aws,1,ip-172-31-29-67,ranking,benchANT
2026-08-12 14:05:10+00:00,processes,zombies,0,dbms,08-2026,couchbase-802-vanilla-ee-large-large-aws,1,ip-172-31-29-67,ranking,benchANT
2026-08-12 14:05:20+00:00,processes,zombies,0,dbms,08-2026,couchbase-802-vanilla-ee-large-large-aws,1,ip-172-31-29-67,ranking,benchANT
2026-08-12 14:05:30+00:00,processes,zombies,0,dbms,08-2026,couchbase-802-vanilla-ee-large-large-aws,1,ip-172-31-29-67,ranking,benchANT
2026-08-12 14:05:40+00:00,processes,zombies,0,dbms,08-2026,couchbase-802-vanilla-ee-large-large-aws,1,ip-172-31-29-67,ranking,benchANT
2026-08-12 14:05:50+00:00,processes,zombies,0,dbms,08-2026,couchbase-802-vanilla-ee-large-large-aws,1,ip-172-31-29-67,ranking,benchANT
2026-08-12 14:06:00+00:00,processes,zombies,0,dbms,08-2026,couchbase-802-vanilla-ee-large-large-aws,1,ip-172-31-29-67,ranking,benchANT
2026-08-12 14:06:10+00:00,processes,zombies,0,dbms,08-2026,couchbase-802-vanilla-ee-large-large-aws,1,ip-172-31-29-67,ranking,benchANT
2026-08-12 14:06:20+00:00,processes,zombies,0,dbms,08-2026,couchbase-802-vanilla-ee-large-large-aws,1,ip-172-31-29-67,ranking,benchANT
2026-08-12 14:06:30+00:00,processes,zombies,0,dbms,08-2026,couchbase-802-vanilla-ee-large-large-aws,1,ip-172-31-29-67,ranking,benchANT
2026-08-12 14:06:40+00:00,processes,zombies,0,dbms,08-2026,couchbase-802-vanilla-ee-large-large-aws,1,ip-172-31-29-67,ranking,benchANT
2026-08-12 14:06:50+00:00,processes,zombies,0,dbms,08-2026,couchbase-802-vanilla-ee-large-large-aws,1,ip-172-31-29-67,ranking,benchANT
2026-08-12 14:07:00+00:00,processes,zombies,0,dbms,08-2026,couchbase-802-vanilla-ee-large-large-aws,1,ip-172-31-29-67,ranking,benchANT
2026-08-12 14:07:10+00:00,processes,zombies,0,dbms,08-2026,couchbase-802-vanilla-ee-large-large-aws,1,ip-172-31-29-67,ranking,benchANT
2026-08-12 14:07:20+00:00,processes,zombies,0,dbms,08-2026,couchbase-802-vanilla-ee-large-large-aws,1,ip-172-31-29-67,ranking,benchANT
2026-08-12 14:07:30+00:00,processes,zombies,0,dbms,08-2026,couchbase-802-vanilla-ee-large-large-aws,1,ip-172-31-29-67,ranking,benchANT
2026-08-12 14:07:40+00:00,processes,zombies,0,dbms,08-2026,couchbase-802-vanilla-ee-large-large-aws,1,ip-172-31-29-67,ranking,benchANT
