Time (seconds),Requests,Throughput (requests/second),Minimum Latency (microseconds),25th Percentile Latency (microseconds),Median Latency (microseconds),Average Latency (microseconds),75th Percentile Latency (microseconds),90th Percentile Latency (microseconds),95th Percentile Latency (microseconds),99th Percentile Latency (microseconds),Maximum Latency (microseconds)
0,2261,2261.000,2281,12614,25464,32643,43284,69154,86002,123378,161123
1,2655,2655.000,2158,10986,22901,28158,38075,57982,71994,106064,157911
2,3111,3111.000,2093,10271,19995,24112,32045,44661,63615,86469,147455
3,3146,3146.000,2104,10123,20307,23921,31839,45169,60251,83969,119528
4,3488,3488.000,1985,9880,17948,21332,29169,38807,51508,73405,109085
5,3555,3555.000,1954,9491,17398,21032,28487,39301,53037,70647,106548
6,3791,3791.000,1924,9360,15792,19777,26941,35868,50005,65826,130854
7,3772,3772.000,1882,9333,17114,19817,27212,35224,44083,67444,96642
8,3723,3723.000,1915,9590,17947,20265,27744,35508,44104,68373,109494
9,3866,3866.000,1939,9177,16443,19411,26789,34436,42890,66351,83261
10,3862,3862.000,1928,9098,16617,19335,26789,33726,41373,66851,102350
11,3973,3973.000,1813,9016,15626,18838,25859,33499,43792,64128,122659
12,3992,3992.000,1867,9027,15776,18924,26198,33596,40300,65960,110620
13,3840,3840.000,1863,8838,16420,19455,26739,36033,48062,66560,92235
14,4004,4004.000,1938,8887,15913,18713,25424,33706,42396,65461,114141
15,3937,3937.000,1919,8795,16705,19019,26106,33681,45519,65246,93623
16,4232,4232.000,1860,8664,12962,17793,24780,31894,38535,63343,85842
17,4221,4221.000,1823,8807,14252,17711,24708,30868,36507,60536,78884
18,4188,4188.000,1953,8708,15033,17848,24759,31209,41872,61921,84216
19,4137,4137.000,1837,8690,15690,18188,25177,31890,39194,63257,83886
20,4136,4136.000,1914,8878,15266,18178,25064,31476,37647,63478,94105
21,4341,4341.000,1911,8500,13113,17164,23828,29754,35063,59070,81926
22,4147,4147.000,1915,8731,14194,18123,24946,31564,39937,65562,129511
23,4116,4116.000,1863,8760,14809,18209,25164,32053,38962,62944,103370
24,4480,4480.000,1903,8406,11497,16704,23590,29534,34542,57873,77035
25,4027,4027.000,1845,8669,16554,18708,25448,32589,43152,63050,122238
26,4172,4172.000,1859,8536,15504,17887,25016,31118,37427,61346,117081
27,4338,4338.000,1967,8461,13123,17403,24398,30358,35599,61176,91321
28,3896,3896.000,1917,8819,15929,19149,26008,34813,46026,67481,126410
29,4298,4298.000,1859,8512,14296,17437,24289,30431,36096,60361,77309
30,4265,4265.000,1918,8586,14498,17553,24525,30695,36173,59735,104756
31,4362,4362.000,1862,8482,13502,17224,24017,30059,36291,58928,99668
32,4408,4408.000,1798,8380,12638,17020,23628,29820,36457,59428,74470
33,4315,4315.000,1852,8587,13582,17364,23762,29954,35965,60294,155414
34,4573,4573.000,1902,8413,11656,16454,23219,28873,32838,57327,74070
35,4262,4262.000,1892,8555,14358,17508,24095,30315,36827,61259,120644
36,4549,4549.000,1902,8364,12253,16578,23404,28901,33077,58134,89444
37,4218,4218.000,1886,8608,14829,17705,24461,31465,37578,61196,87599
38,4316,4316.000,1853,8436,14242,17304,23972,30002,37211,58895,86034
39,4495,4495.000,1959,8308,12673,16712,23388,29243,33853,59323,85114
40,4375,4375.000,1923,8362,13120,17201,24009,29913,37508,59007,150377
41,4448,4448.000,1934,8341,12850,16877,23711,29304,34031,60058,81974
42,4166,4166.000,1922,8604,14590,18098,25027,32165,40314,64605,113789
43,4312,4312.000,1861,8240,13385,17247,23923,30298,39852,59995,91226
44,4314,4314.000,1826,8454,13786,17390,24330,30514,39160,59563,112656
45,4707,4707.000,1911,8140,11011,15938,22362,27982,31726,55256,75247
46,4488,4488.000,1828,8281,12160,16703,23332,29267,35431,57394,87014
47,4641,4641.000,1857,8236,10573,16139,22880,28260,32324,55063,65520
48,4455,4455.000,1892,8291,13669,16812,23755,29061,34659,57590,113903
49,4624,4624.000,1894,8137,11751,16243,22993,28370,32131,56173,113302
50,4347,4347.000,1881,8260,13360,17467,23867,30395,47785,60755,142236
51,3363,3363.000,1912,8686,14864,22047,30211,51414,59530,74105,121620
52,2916,2916.000,1866,9763,19794,25880,37054,53354,62191,84512,343906
53,4082,4082.000,1874,8203,15161,18247,24081,31010,50407,70252,154768
54,4473,4473.000,1833,8260,13630,16758,23453,29173,33825,56687,83356
55,4570,4570.000,1869,8150,11479,16431,23103,28646,33232,57374,68378
56,4424,4424.000,1929,8291,13694,16909,23489,29169,34686,57711,85598
57,4543,4543.000,1837,8135,11873,16588,23397,29007,33966,58658,88725
58,4356,4356.000,1765,8240,13069,17165,24072,30008,35739,61799,85680
59,4440,4440.000,1853,8264,12721,16879,23591,29909,35810,59405,74387
60,4718,4718.000,1908,8131,10599,15884,22630,28214,31753,55311,67939
61,4277,4277.000,1900,8333,14238,17535,24062,30436,42420,61791,177667
62,4595,4595.000,1928,7946,11152,16319,23037,28872,33243,58156,68899
63,4610,4610.000,1832,7998,12629,16344,23021,28573,32909,57337,126541
64,4351,4351.000,1951,8145,13864,17168,23727,30247,39500,59481,80171
65,4683,4683.000,1835,8013,10651,15999,22630,28204,32310,56323,65093
66,3894,3894.000,1932,8284,13806,19289,25217,38367,55555,75820,172784
67,4574,4574.000,1815,7960,11348,16396,22894,29164,33200,57924,77016
68,4222,4222.000,1897,8183,14828,17832,24203,31170,45717,65395,107464
69,2359,2359.000,1831,13705,27748,31869,41022,64318,81498,94161,156199
70,2802,2802.000,1860,11780,20905,26773,33738,54209,70627,101960,186001
71,2890,2890.000,1904,11259,21426,25880,33222,55009,68034,82584,142502
72,2395,2395.000,1867,10831,21772,31889,35076,62950,88084,222196,228446
73,2926,2926.000,1923,10023,19333,25270,31363,55254,66495,114710,158834
74,3072,3072.000,1931,10109,19524,24295,30499,44819,70319,120062,191962
75,2934,2934.000,1991,10299,21752,25694,33210,54296,67653,97316,135345
76,3333,3333.000,1983,9808,18761,22296,28880,40826,60003,75490,148329
77,3458,3458.000,1879,9541,17703,21673,28794,38940,56586,85166,143279
78,3182,3182.000,1969,9855,19222,23676,30282,49052,66764,82838,119574
79,3639,3639.000,1910,9352,17679,20575,28818,37922,48993,67667,100168
80,3594,3594.000,1907,9281,17243,20823,27916,38458,57991,75410,133157
81,3301,3301.000,1933,9375,18078,23092,29895,46778,61741,102645,142018
82,1997,1997.000,2057,12023,24896,37924,48282,90271,122252,184605,292822
83,1917,1917.000,2012,13263,28279,37926,50192,80275,110442,157323,268314
84,2833,2833.000,2042,10952,21102,26781,36022,54119,66974,103672,163528
85,2545,2545.000,2213,12527,25826,30186,40963,57722,72881,110586,203676
86,2267,2267.000,1953,12243,26167,32237,44337,64498,78277,116519,180726
87,3114,3114.000,1785,10040,20055,24268,32422,49414,60925,87437,150078
88,2760,2760.000,1781,11045,21670,27060,36761,54160,68000,97846,149012
89,2823,2823.000,1879,10610,20605,26496,35688,53581,69546,99116,145019
90,2562,2562.000,1956,11033,23001,29390,39515,60306,75222,116109,212684
91,2755,2755.000,1872,11037,21960,27253,36975,55073,67674,102388,160164
92,2823,2823.000,1988,10648,21116,26399,35954,51822,64067,99369,197511
93,2861,2861.000,1885,10604,20794,26260,35472,51511,66238,99511,211269
94,3259,3259.000,1935,9594,18438,22905,31196,45668,56004,81259,139140
95,3500,3500.000,2016,8760,17164,21393,27161,45046,59374,83900,135050
96,3134,3134.000,1986,8876,16329,23852,30568,55583,72092,91306,133101
97,3622,3622.000,1859,9136,16526,20738,28106,38866,50120,77237,140358
98,4128,4128.000,1792,8606,14848,18094,25117,32096,41353,62322,85269
99,4168,4168.000,1907,8574,14967,18023,25068,31988,39624,60520,86423
100,4078,4078.000,1886,8693,15277,18412,25326,32178,41639,62334,129684
101,3979,3979.000,1926,8554,15796,18926,25447,33789,46758,70993,136097
102,3416,3416.000,1876,9178,17312,21961,30049,42911,54254,82740,132522
103,3969,3969.000,1912,8822,14954,18806,26223,33874,42857,65099,105712
104,4214,4214.000,1923,8522,13977,17849,24629,31108,40026,62580,85362
105,4169,4169.000,1806,8546,14468,18000,25128,31238,39189,63259,101037
106,3953,3953.000,1823,9008,14933,18909,26263,33949,41211,68809,100999
107,3714,3714.000,1870,9239,16239,20214,26940,37483,47848,75462,123394
108,4226,4226.000,1899,8592,13763,17678,24659,30535,35961,62767,102012
109,4193,4193.000,1863,8565,14473,17946,24921,31731,41111,61619,80189
110,4354,4354.000,1880,8465,13270,17210,24181,30300,35166,60420,79352
111,3614,3614.000,2015,9263,16084,21221,27309,40055,60274,84150,118887
112,2609,2609.000,1938,10053,18995,28374,36861,70274,84085,106320,198423
113,2644,2644.000,1934,10193,21307,28398,41642,62775,73116,92434,153535
114,3999,3999.000,1948,8453,16484,18572,25260,32474,42207,62285,82409
115,4518,4518.000,1867,8015,12646,16521,23168,29122,34064,57580,68437
116,4082,4082.000,1856,8604,14970,18548,25567,33692,43569,64085,95296
117,3835,3835.000,1934,8777,15299,19477,26788,35815,46988,73091,111692
118,4174,4174.000,1970,8545,14476,17910,24503,31895,40208,62911,89188
119,4424,4424.000,1800,8258,12234,16998,23802,29858,36768,59497,73241
120,4295,4295.000,1854,8244,14056,17399,24148,30788,37911,60145,105799
121,4299,4299.000,1844,8349,13836,17475,24609,31197,36992,60690,87646
122,4027,4027.000,1967,8769,14975,18665,25621,33729,44274,65482,107942
123,4588,4588.000,1845,8020,11833,16300,23047,28909,33382,57109,78192
124,4371,4371.000,1829,8251,14548,17172,23826,29838,36842,58085,103729
125,4538,4538.000,1853,8123,12642,16482,23303,28854,32429,56999,72781
126,4292,4292.000,1880,8207,14568,17617,24313,31307,43228,60056,136558
127,4179,4179.000,1926,8216,14342,17830,24506,32075,42338,67330,96776
128,4607,4607.000,1804,8094,12345,16278,22797,28279,32154,56020,80368
129,4463,4463.000,1806,8219,12675,16819,23623,29594,36040,59611,129031
130,4555,4555.000,1904,8059,12340,16455,23285,28969,33870,57348,67759
131,4325,4325.000,1845,8212,14097,17402,23928,30661,39732,60815,103237
132,4011,4011.000,1897,8355,14770,18696,25835,34802,45156,68302,92455
133,4342,4342.000,1856,8188,13637,17152,24149,30472,39002,60284,85269
134,4534,4534.000,1906,8140,11679,16568,23019,29518,34783,60893,104453
135,4655,4655.000,1812,7980,11881,16119,22716,28255,31762,55597,71655
136,4324,4324.000,1958,8122,14129,17395,24003,30770,40522,59301,115638
137,4195,4195.000,1927,8074,13182,17859,24814,32555,44348,64019,90501
138,3779,3779.000,1909,8350,17323,19942,26209,39327,49140,70451,125611
139,2681,2681.000,1886,11071,21427,27777,34861,60246,84905,108127,152223
140,3202,3202.000,1976,10321,20005,23704,32141,46301,58221,74840,117033
141,2351,2351.000,1928,11548,22575,31731,44350,71190,84437,119181,171673
142,2349,2349.000,1919,11881,22865,31932,40662,68127,94042,138574,229419
143,3371,3371.000,1949,9590,17599,22102,29050,43090,58517,76013,164705
144,3540,3540.000,1968,9298,17067,21309,27932,40865,57373,76474,129897
145,3548,3548.000,1904,9079,17231,21120,27677,40448,54912,76995,111554
146,3508,3508.000,1903,9090,17228,21357,28779,41625,55578,79257,124517
147,2957,2957.000,1981,10421,20525,25501,35406,50289,64195,95514,149133
148,3602,3602.000,1860,9443,17865,20673,28122,37957,47749,66212,100764
149,3847,3847.000,1947,9134,16589,19454,26177,34571,47701,66880,125314
150,3888,3888.000,1850,8760,16837,19326,26613,34838,44448,62897,84620
151,3772,3772.000,1936,8911,16993,20016,27184,37190,48112,70582,134229
152,3643,3643.000,1944,9285,17030,20510,27977,38234,49103,73102,107542
153,3844,3844.000,1884,9007,16626,19463,26783,35053,44769,66795,100040
154,3932,3932.000,1892,8546,16488,18985,26390,33729,46181,62384,130996
155,4020,4020.000,1861,8916,16256,18743,25772,33569,42901,64266,95050
156,3735,3735.000,1869,9256,16564,20008,27152,35534,48841,68582,107312
157,3581,3581.000,1917,9193,17082,20913,28504,39117,51211,73078,131403
158,3994,3994.000,1892,8721,15884,18807,25504,33519,44588,66924,98289
159,4145,4145.000,1849,8617,14934,18125,25202,32451,40843,62255,98398
160,4222,4222.000,1947,8408,14130,17747,24896,31450,38862,61331,80156
161,3961,3961.000,1804,8825,15274,19105,25852,34878,44766,68270,104346
162,3315,3315.000,2003,9751,18552,22532,30177,42705,55983,81693,113870
163,4232,4232.000,1847,8308,13915,17599,24750,31742,38546,62674,101405
164,4186,4186.000,1814,8696,15144,17991,24670,31331,40587,59720,90432
165,4220,4220.000,1955,8476,14781,17723,24155,30621,41914,60910,130990
166,4176,4176.000,1873,8342,14214,17974,24838,31863,44005,63295,83796
167,3764,3764.000,1952,9141,16813,19981,27422,36699,46849,68814,100794
168,4282,4282.000,1878,8274,14158,17429,24281,30507,39478,61410,83121
169,4294,4294.000,1916,8441,14613,17463,24193,30224,36081,60959,85408
170,4353,4353.000,1872,8440,14733,17267,23844,30140,36388,59794,102290
171,3929,3929.000,1891,8745,14642,19199,25702,34323,52859,71462,115570
172,2871,2871.000,1888,9852,18493,26113,32497,60920,76955,105266,157124
173,3017,3017.000,1797,9333,17985,24715,30185,57428,70418,100160,225005
174,3893,3893.000,1896,8658,14409,19397,25454,37316,56632,73258,97276
175,2745,2745.000,1902,9819,20653,27142,37423,59122,68978,85730,323120
176,4011,4011.000,1864,8633,15799,18650,25373,32487,47976,64429,92003
177,3658,3658.000,1885,8998,16015,20490,27014,38985,55523,78941,139594
178,4290,4290.000,1933,8409,14043,17510,24129,30815,37414,63069,113624
179,4560,4560.000,1855,8136,13911,16445,23193,28518,32364,55426,69613
180,4413,4413.000,1942,8273,12990,16945,23895,29665,35175,58154,113662
181,4285,4285.000,1853,8198,14260,17534,24214,30606,39394,61160,95985
182,3981,3981.000,1958,8821,14731,18906,26314,34005,43287,65467,102285
183,4183,4183.000,1937,8279,14357,17874,24867,31861,42270,63611,87768
184,4326,4326.000,1868,8148,14310,17344,24169,30093,37341,60388,124041
185,4416,4416.000,1898,8187,14142,16959,23594,29811,35259,57678,81002
186,4332,4332.000,1875,8159,14028,17351,24626,30441,38440,58715,88837
187,4081,4081.000,1880,8435,14168,18341,25127,33635,43537,66507,94938
188,4432,4432.000,1920,8162,13947,16988,24074,29597,36184,57339,73510
189,4413,4413.000,1936,8304,14333,16925,23629,28909,34303,57019,80358
190,4636,4636.000,1949,7980,11689,16217,22864,28565,32541,56907,69613
191,4334,4334.000,1910,8245,13331,17330,24159,30942,39143,61654,83511
192,4050,4050.000,1816,8462,14151,18510,25469,34510,43649,67257,92916
193,4296,4296.000,1778,8432,14580,17349,24124,30443,36193,60173,122494
194,4404,4404.000,1775,8282,14161,17091,23365,30304,37248,59314,77532
195,4446,4446.000,1933,8252,14001,16872,23290,29687,35185,57983,100684
196,4406,4406.000,1855,8277,14309,16991,23392,29829,35783,58028,82857
197,4290,4290.000,1856,8426,12856,17486,24221,31299,39545,63689,95806
198,4438,4438.000,1855,8296,13692,16894,23653,29411,36093,58282,92306
199,4609,4609.000,1928,8023,12071,16229,22695,28621,32414,57020,79986
200,4443,4443.000,1948,8149,13753,16942,23372,29884,38626,58314,99342
201,4520,4520.000,1848,7901,12509,16578,23195,29804,35261,58503,91729
202,4055,4055.000,1794,8427,15107,18491,25448,33611,44358,63709,92548
203,4355,4355.000,1793,8139,13227,17221,24185,30446,37189,62044,99047
204,4634,4634.000,1876,7974,11954,16221,22905,28836,32909,57804,72098
205,4425,4425.000,1908,8019,13285,16894,23617,29559,38704,58863,95930
206,4459,4459.000,1886,7998,12153,16864,23523,30032,38529,61848,94647
207,4148,4148.000,1751,8165,14260,18086,24807,33208,43306,63731,105738
208,4293,4293.000,1819,8197,14088,17462,24273,31109,40317,62078,90361
209,4626,4626.000,1936,7806,10812,16146,22793,28479,34433,57235,75996
210,4525,4525.000,1899,7991,13734,16562,23004,28568,33996,55944,147326
211,4629,4629.000,1856,8004,11041,16208,22658,28427,35645,56723,84377
212,4251,4251.000,1811,8097,13832,17657,24539,31896,40933,63654,96937
213,4517,4517.000,1866,7972,13124,16609,23230,28837,34788,56606,85132
214,4794,4794.000,1792,7607,10751,15648,22384,27640,31641,54781,83466
215,4615,4615.000,1852,7909,11686,16275,23147,28540,32353,55319,68574
216,4198,4198.000,1891,8468,13129,17977,24575,31840,47205,66569,107426
217,2982,2982.000,1873,9319,19221,25104,31453,53978,70308,111187,190462
218,2084,2084.000,1978,12125,25185,35738,52272,81817,92165,132259,175545
219,3093,3093.000,1897,11277,21046,24402,32308,45685,58412,80803,110106
220,2974,2974.000,1904,10366,21051,25087,32593,50349,65205,84395,150656
221,3353,3353.000,1896,9884,18631,22429,29790,43757,59468,73507,138195
222,2684,2684.000,1961,11013,21830,28226,36254,56979,74040,116047,153800
223,2748,2748.000,2088,11533,21235,27159,37867,54231,65753,92165,168491
224,3302,3302.000,1849,9853,18753,22553,29721,45689,54718,82137,150742
225,3762,3762.000,1876,8861,16087,19958,26708,38050,54454,69013,101100
226,3678,3678.000,1991,9141,17217,20562,27591,38921,53339,70257,126831
227,2999,2999.000,1981,10169,21076,24751,34148,49533,59151,84396,132965
228,3893,3893.000,1878,8790,15837,19374,26320,35938,48746,65713,107721
229,3989,3989.000,1876,8675,16393,18580,25939,33392,40505,61043,85774
230,3931,3931.000,1941,8821,16081,19184,26411,35539,44249,66489,86682
231,3896,3896.000,1893,8889,15950,19412,26432,35980,47321,68854,117584
232,3281,3281.000,1975,9793,18256,22739,30403,43092,54054,87258,170052
233,3786,3786.000,1925,8561,16780,19977,26639,38034,49852,72761,98611
234,4200,4200.000,1855,8498,14669,17653,24744,30641,38292,61457,91117
235,4101,4101.000,1870,8572,16191,18317,24865,31736,42283,60071,115634
236,3931,3931.000,1891,8772,16251,19085,25761,34239,44645,65332,97199
237,3674,3674.000,1832,9171,16434,20526,27540,38350,50785,72233,140302
238,3952,3952.000,1930,8645,15472,18855,25619,34037,43625,67192,102478
239,4072,4072.000,2043,8470,15482,18386,25487,33236,42665,63768,110548
240,4311,4311.000,1849,8563,14603,17334,23924,30450,36477,59991,120983
241,4233,4233.000,1876,8531,14457,17805,24799,31397,37954,59978,85144
242,3627,3627.000,1933,9213,16878,20707,28063,37721,50197,79234,138916
243,4147,4147.000,1838,8602,14594,18065,24969,31649,40544,65721,102801
244,4232,4232.000,1896,8483,14752,17659,24582,30820,38628,60314,76988
245,4179,4179.000,1880,8549,15068,18001,24869,31693,40650,61464,87976
246,3824,3824.000,1941,8849,15841,19738,26076,35724,52818,71132,145515
247,3200,3200.000,1930,9290,16510,23315,29766,46491,65231,97893,421716
248,4195,4195.000,1861,8411,15237,17828,24675,31245,38719,61363,89380
249,4400,4400.000,1925,8268,13521,17002,23815,29606,35448,58527,79059
250,4308,4308.000,1840,8472,15311,17446,24175,30287,36035,56991,109612
251,4336,4336.000,1879,8184,14366,17459,24004,30200,39392,61908,115375
252,3804,3804.000,1860,8722,15646,19565,26642,35735,49747,71626,104892
253,4225,4225.000,1839,8427,14653,17711,24153,31058,42101,59489,138722
254,4347,4347.000,1865,8273,14104,17258,24048,30563,37355,62238,93667
255,4353,4353.000,1874,8348,14142,17231,23821,30517,36757,58627,80807
256,4468,4468.000,1911,8189,12994,16817,23224,29601,35816,59625,93804
257,3810,3810.000,1832,8838,15792,19646,26922,36881,46057,70588,107197
258,4410,4410.000,1885,8132,12959,16972,23854,30094,36960,59248,87624
259,4367,4367.000,1852,8312,13758,17173,23715,29962,37126,59969,99924
260,4405,4405.000,1932,8298,13635,17030,23936,30025,34558,58745,77869
261,4025,4025.000,2023,8547,14887,18781,25606,33211,50817,67122,123691
262,3466,3466.000,1887,8845,16022,21561,28188,44361,60383,87589,124542
263,4324,4324.000,1894,8574,13579,17241,24215,30238,35159,59406,99921
264,4499,4499.000,1899,8269,13703,16736,23666,29186,33656,57537,66659
265,4374,4374.000,1920,8274,14434,17138,23825,30193,36972,56707,88051
266,4248,4248.000,1867,8365,14286,17671,24518,30940,39743,61340,79446
267,3940,3940.000,1824,8807,15735,19238,26579,35261,44431,69776,98366
268,4070,4070.000,1833,8493,14063,18195,24940,33158,43035,66134,126046
269,4545,4545.000,1916,8008,13163,16531,23418,28905,33529,57305,75053
270,4475,4475.000,1901,8154,12964,16728,23522,29651,36091,56578,83107
271,4511,4511.000,1949,8224,12232,16703,23410,29636,34790,57062,76641
272,4018,4018.000,1818,8753,15050,18596,25417,34063,45080,66147,112862
273,4591,4591.000,1831,7979,11580,16278,23024,28680,33759,57182,85240
274,4444,4444.000,1904,8091,13542,16910,23822,29679,34931,57703,96132
275,4559,4559.000,1792,8077,12637,16447,23064,28461,33588,56905,77935
276,4042,4042.000,1881,8803,15134,18674,25200,33122,46800,65049,143661
277,3239,3239.000,1869,9153,17071,23280,29619,52697,66151,92610,125960
278,4022,4022.000,1889,8469,15773,18381,25130,33054,45065,62470,84955
279,4494,4494.000,1781,8113,11820,16676,23499,29399,35253,60593,84486
280,4504,4504.000,1849,8192,13841,16669,23478,29429,34139,55451,73950
281,4445,4445.000,1925,8108,12966,17006,23465,29800,42280,58500,100605
282,3957,3957.000,1879,8501,15093,18914,25676,35387,45533,69548,105900
283,4319,4319.000,1923,8220,13702,17269,23672,30114,40527,60765,126191
284,4554,4554.000,1901,7969,11297,16473,22926,29264,34973,59920,90268
285,4417,4417.000,1954,8136,14382,17003,23692,29519,35549,57450,79281
286,4515,4515.000,1808,8091,11684,16628,23294,29767,35898,60323,92061
287,4225,4225.000,1886,8035,14201,17723,24574,31816,39203,63588,96430
288,4467,4467.000,1833,8045,13338,16826,23222,29281,39208,58943,82367
289,4669,4669.000,1850,8005,11202,16026,22515,28345,32880,55759,72759
290,4565,4565.000,1965,8069,12242,16470,23206,29127,34408,56958,123192
291,4150,4150.000,1822,8284,13437,18134,24705,33011,47530,67909,105356
292,4187,4187.000,1870,8131,12525,17775,24082,32000,44773,69588,134172
293,4380,4380.000,1877,8168,14006,17137,23547,30266,38311,59301,89437
294,4671,4671.000,1877,7659,11661,16045,22837,28341,33045,57383,76050
295,4651,4651.000,1914,7741,11266,16122,23001,28338,32478,55052,71222
296,4255,4255.000,1908,8090,14384,17699,24352,31470,44116,64965,134128
297,4229,4229.000,1912,8166,13880,17787,24844,32405,42118,65376,84813
298,4088,4088.000,1842,8126,15294,18384,25223,32993,47966,65517,151674
299,2668,2668.000,1862,12078,23907,28783,37762,57564,72066,89171,127915
300,3055,3055.000,1985,10522,20018,23730,31305,47024,59952,76879,133162
301,3209,3209.000,2027,10321,19565,23957,32582,47609,63611,81752,128359
302,2753,2753.000,1949,10871,22749,26474,37697,51497,61657,88149,127046
303,3377,3377.000,1916,9761,18070,22255,29135,44658,57857,84621,121948
304,3558,3558.000,1905,9295,17807,21196,28838,39382,53999,75506,160815
305,3685,3685.000,1855,9102,16757,20314,27624,38503,50663,70667,134222
306,3462,3462.000,1853,9380,17393,21624,28487,40348,58655,79882,130520
307,2971,2971.000,2019,9889,18967,25365,34660,51564,66187,103359,188704
308,3750,3750.000,1920,9183,16904,20004,26880,36511,47797,70380,103168
309,3874,3874.000,1928,8680,16299,19270,26325,35969,48505,64634,116659
310,4005,4005.000,1959,8720,15060,18662,25688,33519,48907,63308,95885
311,4061,4061.000,1896,8739,14376,18598,25897,33915,42680,65433,97529
312,3326,3326.000,1885,9885,18474,22537,30285,42468,54867,84237,128130
313,4006,4006.000,1814,8625,15508,18681,25796,33789,42758,65466,93184
314,4018,4018.000,1833,8735,15909,18651,25853,32832,44023,63699,104512
315,4272,4272.000,1889,8462,14774,17951,24705,31406,45855,62475,115631
316,4067,4067.000,1800,8603,15235,18094,24939,32199,40118,61388,120282
317,3478,3478.000,1845,9383,17853,21523,28985,40507,52051,79610,151226
318,4087,4087.000,1877,8720,15315,18279,25147,32431,41499,60461,112058
319,4348,4348.000,1879,8647,13249,17297,23907,30045,35387,60791,76339
320,4335,4335.000,1864,8561,13065,17285,24087,30279,35341,60946,83850
321,3793,3793.000,1953,9099,16541,19920,26821,35782,51369,75197,109740
322,2791,2791.000,1991,10673,21904,26762,34358,54389,69476,101120,147552
323,3195,3195.000,1934,9210,15891,23341,29386,54214,68509,94581,143817
324,3796,3796.000,1901,8820,16487,19831,26482,38200,50572,70956,99863
325,3559,3559.000,1981,8802,16575,21034,26970,40660,56805,79180,256671
326,4216,4216.000,1863,8465,13666,17873,24407,32398,42179,65190,115016
327,3665,3665.000,1971,9006,16631,20405,27815,37880,48735,73339,114955
328,4196,4196.000,1885,8539,14869,17902,24884,31574,38924,61153,92100
329,4329,4329.000,1876,8210,13774,17277,24115,30609,37201,61207,125278
330,4362,4362.000,1912,8255,15166,17174,23881,29677,35933,58420,92740
331,4256,4256.000,1880,8338,14266,17670,24580,31878,40305,59833,88024
332,3789,3789.000,1894,9028,15568,19777,26868,37163,47604,73718,151049
333,4361,4361.000,1842,8384,13092,17135,23788,30285,37820,58788,74840
334,4293,4293.000,1758,8398,14547,17506,24567,30760,36720,61010,110903
335,4332,4332.000,1822,8429,13966,17358,24295,30497,38294,58953,81679
336,3932,3932.000,1777,8627,15816,19129,25581,33948,50903,69066,118798
337,3106,3106.000,1994,9352,17695,24406,30791,54310,71093,107537,151748
338,3992,3992.000,1905,8340,14694,18474,25505,33426,47313,65710,110252
339,4310,4310.000,1956,8297,14366,17355,24049,30066,37290,59045,95717
340,4422,4422.000,1915,8153,13577,17007,23763,30118,35514,59416,77944
341,4204,4204.000,1819,8425,14312,17845,24678,31210,41245,61221,104866
342,3993,3993.000,1799,8433,14889,18836,25668,34946,46945,68452,105454
343,4133,4133.000,1910,8640,14615,18059,24669,31575,43295,62512,89533
344,4437,4437.000,1833,8255,13088,16886,23660,29949,36242,59616,79940
345,4362,4362.000,1840,8121,14955,17312,24139,29940,36275,60020,92357
346,4271,4271.000,1891,8283,13835,17487,24059,30641,41176,63400,100774
347,4080,4080.000,1945,8490,14150,18339,25164,33551,43704,68069,97835
348,4304,4304.000,1880,8331,14667,17439,24297,30318,37667,60499,92055
349,4480,4480.000,1797,8173,13284,16705,23488,29191,33031,57990,72219
350,4357,4357.000,1794,8462,13900,17262,23977,30416,38031,60052,107852
351,4478,4478.000,1879,8233,12357,16827,23591,29715,35636,60280,81265
352,3988,3988.000,1819,8601,14744,18738,25880,34245,45349,67543,111272
353,4464,4464.000,1839,8073,12681,16762,23576,29855,35939,58769,86893
354,4490,4490.000,1896,8100,12792,16749,23611,29575,34463,58816,74106
355,4544,4544.000,1856,8123,12085,16437,22997,28798,33011,57236,67094
356,4583,4583.000,1808,7992,12196,16392,23214,28975,33114,56557,90024
357,4015,4015.000,1898,8566,15180,18789,25555,33997,43880,69225,106893
358,4318,4318.000,1895,8393,13256,17258,23707,30463,38359,61331,97447
359,4408,4408.000,1817,8294,13411,17042,23756,29385,35923,58523,102330
360,4538,4538.000,1893,8233,12655,16490,23092,28578,33455,57314,67564
361,4497,4497.000,1793,8070,12968,16736,23373,29277,35323,58974,80068
362,3969,3969.000,1933,8420,15234,18816,25853,34786,46282,68908,119595
363,4535,4535.000,1798,7872,13883,16513,23295,28877,34200,56938,72564
364,4431,4431.000,1885,8230,13766,16989,23762,29826,38452,57227,102248
365,4612,4612.000,1872,7935,13288,16272,22930,28419,32550,56327,69709
366,4053,4053.000,1847,8407,15243,18660,24972,33055,48547,69342,137443
367,3403,3403.000,1942,8706,15836,22186,26824,48709,64500,97690,301048
368,3757,3757.000,1817,8523,16055,19637,25744,35774,53316,74997,220016
369,4698,4698.000,1899,7734,12096,15964,22644,28012,31650,54844,70531
370,4714,4714.000,1878,7689,11278,15877,22535,28276,31674,54832,65866
371,4324,4324.000,1830,8120,12934,17355,24425,30752,37648,63661,150123
372,3983,3983.000,1868,8582,15431,18862,25874,35206,45691,68551,98327
373,4392,4392.000,1832,8130,13465,17031,23686,30136,36683,59319,95568
374,4594,4594.000,1870,7808,11837,16338,22927,28853,36124,57037,88598
375,4625,4625.000,1853,7870,11991,16243,22694,28690,33728,55236,72656
376,4428,4428.000,1850,7878,12853,16972,23572,30135,39295,59303,96987
377,4185,4185.000,1894,8002,13593,17837,24793,32827,42576,65964,108000
378,4680,4680.000,1873,7643,11523,16035,22857,28114,32429,54942,67870
379,2908,2908.000,1883,10153,22289,25726,34990,52813,62478,81109,147991
380,3062,3062.000,1894,10463,20474,24760,34671,49022,58930,79182,122519
381,2815,2815.000,1976,10659,21653,26714,37011,55701,70643,90920,128227
382,2813,2813.000,1928,10913,21621,26647,36014,53892,63763,95818,149294
383,3305,3305.000,1849,9328,17280,22510,29289,46599,60200,87252,147232
384,3686,3686.000,1916,9223,16458,20380,27233,35603,53582,72993,147836
385,3546,3546.000,1859,9392,16901,21141,28073,42095,53337,72732,113008
386,3637,3637.000,1796,9273,18222,20568,27894,36958,48598,67589,118569
387,3007,3007.000,1936,10387,20290,24899,33874,50914,62095,90603,137360
388,3350,3350.000,1928,9607,18755,22520,30432,45119,52070,79267,113393
389,3764,3764.000,1904,8899,17204,19848,27146,36569,46969,65590,98538
390,3930,3930.000,1836,8724,15365,19060,26077,35176,47503,66145,90632
391,3752,3752.000,1849,8791,16943,20094,27455,39155,49499,70259,102186
392,3260,3260.000,1809,9794,18889,22815,30879,44343,54761,83830,132515
393,3946,3946.000,1839,8771,15662,18980,26353,35113,44350,63960,96307
394,4055,4055.000,1844,8716,15666,18609,25781,32913,42034,64108,85125
395,4010,4010.000,1940,8648,15560,18641,25814,33079,45146,62858,109195
396,3715,3715.000,1900,9190,17050,20472,27513,36435,53015,74894,119904
397,2521,2521.000,1974,10783,20605,29620,37592,68242,88502,124021,160975
398,3923,3923.000,1865,8919,15768,18920,25177,32884,47297,71149,130821
399,4235,4235.000,1904,8697,14897,17726,24247,30493,41397,59433,126593
400,4082,4082.000,1844,8728,15313,18394,25444,32556,44448,61660,93399
401,4056,4056.000,1838,8422,14311,18443,25716,33673,42791,67669,98842
402,3693,3693.000,1946,9192,16744,20475,27873,37449,47832,74314,128978
403,3910,3910.000,1841,8609,15870,19060,25770,34457,44714,68850,104986
404,4240,4240.000,1921,8538,13560,17682,24800,31593,40605,61399,112581
405,4013,4013.000,1853,8520,15545,18640,25393,33678,45330,65654,94790
406,4359,4359.000,1886,8339,13754,17341,24176,30363,37618,58711,122139
407,3709,3709.000,1939,8993,16225,20102,27287,37406,48418,74490,130976
408,3960,3960.000,1949,8680,15724,18960,25936,33866,46631,68621,124606
409,4425,4425.000,1827,8340,13676,16950,23831,29733,35098,56883,70585
410,4237,4237.000,1889,8461,15484,17678,24096,30440,40043,59289,113721
411,4404,4404.000,1877,8261,13364,17021,24026,30037,35240,58828,90568
412,3685,3685.000,1790,9004,16265,20392,27823,38430,48813,76295,111897
413,4275,4275.000,1880,8358,13995,17501,24003,30733,40418,62269,90412
414,4357,4357.000,1902,8483,13792,17275,24100,30478,36576,59823,84740
415,4520,4520.000,1907,8195,11933,16561,23359,29101,34365,57039,74454
416,4407,4407.000,1907,8378,13114,17088,23707,30484,38211,57494,92915
417,3904,3904.000,1992,8708,14698,19242,26440,36348,46408,71491,107745
418,4315,4315.000,1884,8156,13432,17252,24010,30953,38935,61624,90584
419,4322,4322.000,1855,8219,14323,17343,24126,30359,37778,60197,72341
420,4489,4489.000,1938,8185,12372,16734,23366,29298,34738,58362,139670
421,4245,4245.000,1928,8290,14542,17663,24297,30613,39128,62847,136290
422,4249,4249.000,1876,8255,13393,17638,24760,32049,40501,62000,91402
423,4455,4455.000,1887,8093,12795,16963,23659,29430,37098,59905,114705
424,4379,4379.000,1879,8412,13893,16987,23373,29549,34701,58729,73343
425,4530,4530.000,1870,8031,13273,16629,23701,29283,34040,57658,87008
426,4135,4135.000,1885,8532,14692,18110,24718,32027,40164,65317,100199
427,2988,2988.000,1900,9562,18058,25388,32427,57621,74870,101230,155300
428,3055,3055.000,1848,9117,16274,24445,32222,57384,69416,92919,135436
429,4076,4076.000,1850,8517,15092,18191,25182,32211,44658,61842,98171
430,4069,4069.000,1872,8401,13854,18570,24751,37043,52844,64917,84000
431,3876,3876.000,1898,8497,15629,19221,25895,35589,50220,71205,137771
432,4056,4056.000,1903,8571,15098,18545,25451,33461,44444,69124,101404
433,4124,4124.000,1869,8404,14756,18137,25116,32620,39911,64046,86707
434,4451,4451.000,1833,8042,11321,16884,23753,30349,38089,60049,97184
435,4660,4660.000,1902,8034,11370,16039,22535,28179,32680,54497,74256
436,4463,4463.000,1869,8073,12896,16864,23705,29943,36474,60031,127103
437,4280,4280.000,1837,7942,12986,17548,24520,31620,41791,67177,101763
438,4315,4315.000,1930,8233,13907,17273,23892,30245,38376,60599,119074
439,4593,4593.000,1886,8178,12497,16331,22906,28374,32673,57185,74355
440,4450,4450.000,1919,8208,14300,16937,23394,29293,36411,57273,82728
441,4161,4161.000,1903,8782,14054,18079,24916,31884,41042,63981,101218
442,3845,3845.000,1921,9022,15160,19380,26663,35210,45263,70282,97756
443,4048,4048.000,1976,8324,13608,18580,24970,33607,50477,76173,134661
444,4190,4190.000,1918,8645,14564,17893,24715,31333,38680,62430,94957
445,4291,4291.000,1802,8339,12649,17459,24380,31018,38620,62951,100475
446,4097,4097.000,1911,8278,15342,18566,24830,32434,49755,70821,151484
447,4023,4023.000,1935,8570,14951,18364,25192,33177,43275,67213,104662
448,4470,4470.000,1857,7916,11786,16780,23357,30178,39095,59988,98086
449,4448,4448.000,1795,8101,13396,16882,23479,29699,36413,58982,98332
450,4612,4612.000,1843,7980,11243,16196,22983,28278,32527,55592,71112
451,4533,4533.000,1820,7972,12840,16637,23265,29431,36754,56898,106602
452,4081,4081.000,1852,8125,14534,18322,25153,34388,45145,66841,101441
453,4568,4568.000,1867,7828,12028,16379,23031,28820,33835,58520,79773
454,4542,4542.000,1819,8081,12253,16556,23365,28920,34538,58009,99307
455,4749,4749.000,1811,7821,10809,15795,22622,27759,31481,54090,67045
456,4553,4553.000,1942,8012,11687,16489,23223,28898,34230,58397,82835
457,4147,4147.000,1898,8271,14157,18049,25008,33253,42176,64194,106659
458,4587,4587.000,1806,7918,12755,16327,22959,28427,33108,55045,79077
459,4133,4133.000,1917,8123,15643,18347,24562,33792,49140,67896,109990
460,2657,2657.000,1941,12395,23699,28136,38615,54356,67431,86362,130804
461,3032,3032.000,1926,10818,20372,24984,34442,47074,62287,83371,118096
462,2763,2763.000,1856,10178,20235,27039,35583,57375,76859,100361,168995
463,3191,3191.000,1853,10327,20213,23499,31860,44730,53185,80739,119486
464,3333,3333.000,1989,9415,17845,22268,29301,45926,60222,78789,149485
465,3807,3807.000,1877,9117,16535,19685,26769,36101,50500,67046,107012
466,3643,3643.000,1859,9115,17679,20665,28532,38420,49609,68925,109174
467,3007,3007.000,1969,10347,19409,24894,34130,50373,62304,93697,145749
468,3592,3592.000,1785,9241,17638,20775,28370,38570,50220,74866,140056
469,3821,3821.000,1933,8903,16640,19624,26800,35769,51058,66129,123467
470,3917,3917.000,1922,8770,14955,19321,26102,35573,50309,71525,138163
471,3550,3550.000,1822,9350,16730,21304,28320,39839,57065,78476,127576
472,2824,2824.000,1925,10296,18902,26614,34021,56045,77340,111200,251704
473,3296,3296.000,1929,9441,18690,22333,29218,42280,58589,84627,204229
474,4059,4059.000,1928,8765,16151,18504,25780,32613,41120,62367,128504
475,4095,4095.000,1894,8658,15461,18259,25319,32058,43530,61185,84808
476,4200,4200.000,1907,8600,13504,17984,24916,31356,41910,62593,144215
477,3426,3426.000,1868,9542,18445,21846,29527,41456,51169,78784,178975
478,3903,3903.000,1837,9037,15348,19155,26449,34961,43823,64151,106825
479,4175,4175.000,1891,8800,15380,17969,24972,31699,37458,60976,79803
480,4433,4433.000,1862,8436,12889,16879,23767,29908,34460,57280,77659
481,4107,4107.000,1959,8637,15151,18435,25193,32713,43640,63235,106359
482,3563,3563.000,1891,9227,16583,20869,28656,39622,51283,78542,113257
483,4140,4140.000,1792,8626,15197,18136,24855,32187,42750,62654,85694
484,4193,4193.000,1825,8550,15166,17854,24474,31319,41477,61284,107791
485,4443,4443.000,1874,8450,13489,16929,23898,29478,34680,58505,66978
486,3897,3897.000,1821,8830,17260,19400,26066,34508,46565,67082,119989
487,2774,2774.000,2046,9937,19089,27135,32401,58656,79221,157476,276396
488,3217,3217.000,2007,8922,16743,23043,30548,52460,64561,84473,142549
489,4223,4223.000,1817,8443,14063,17740,24855,31495,39665,61214,85666
490,4308,4308.000,1903,8288,14930,17371,24066,30137,36149,59513,78273
491,4364,4364.000,1915,8367,13694,17235,24355,30524,36221,59480,85128
492,3720,3720.000,1837,8960,16435,20192,27459,37857,49532,73547,132397
493,4316,4316.000,1851,8359,14307,17301,24020,30481,37362,60150,86225
494,4072,4072.000,1897,8340,15850,18477,25014,33232,46197,64191,120187
495,4404,4404.000,1845,8135,13341,17011,23970,30416,35677,57954,69245
496,4189,4189.000,1862,8415,15168,17880,24655,31470,39770,60365,87301
497,3999,3999.000,1968,8595,13406,18753,25845,34495,43271,69257,108601
498,4165,4165.000,1923,8359,14437,17984,25190,32654,43955,62285,85480
499,4574,4574.000,1864,8061,12876,16398,23124,28849,33200,57424,71845
500,4429,4429.000,1873,8288,13745,16934,23715,29612,35767,59117,82696
501,4387,4387.000,1950,8187,13898,17131,23936,29959,36584,59329,110414
502,3925,3925.000,1942,8862,15630,19140,26572,34996,43971,68539,93610
503,4321,4321.000,1821,8129,13170,17248,24040,31013,39944,60961,101625
504,4353,4353.000,1783,8312,14140,17316,24176,30399,39179,59336,110176
505,4387,4387.000,1942,8238,12980,17061,23924,30134,36637,59372,87882
506,4400,4400.000,1880,8337,13466,17129,24148,30471,36228,59973,85769
507,4147,4147.000,1923,8417,13780,18058,24801,32989,43348,68071,114424
508,4069,4069.000,1842,8627,14316,18318,25467,33064,41099,64662,94321
509,4578,4578.000,1772,8205,12769,16424,23068,28944,33715,57677,77378
510,4623,4623.000,1924,8051,11204,16288,22988,28934,32931,57391,115796
511,4276,4276.000,1997,8371,13433,17492,24122,31097,38098,63966,105782
512,3988,3988.000,1856,8460,15092,18828,26191,34434,44074,68641,95750
513,4280,4280.000,1827,8380,14363,17484,24220,30719,38411,60602,81002
514,4398,4398.000,1859,8091,12362,17032,23659,30105,38067,61379,79115
515,4393,4393.000,1885,8347,14408,17110,23608,29663,35456,58735,75662
516,4223,4223.000,1966,8395,14218,17951,25052,31907,42004,63142,104015
517,3396,3396.000,1921,8687,15203,22056,27773,49606,64492,90313,149230
518,3360,3360.000,1926,8671,15691,22078,28297,51578,63608,82908,151354
519,4427,4427.000,1910,8130,14353,16968,23771,30087,37303,58905,134235
520,4486,4486.000,1856,8377,12636,16670,23177,29020,33485,56994,73864
521,4405,4405.000,1850,8176,13416,17171,23777,30392,37901,60106,107334
522,3728,3728.000,1984,8924,16222,20084,27279,37746,49250,70434,111187
523,4416,4416.000,1955,8298,13025,16911,23436,29613,36107,59143,111942
524,4370,4370.000,1916,8323,14066,17176,23856,29671,37372,59907,83219
525,4303,4303.000,1904,8289,14290,17337,24183,30427,36653,59733,78611
526,4429,4429.000,1840,8198,14140,17002,23768,29701,34286,60619,83279
527,3903,3903.000,1930,9001,15454,19211,26014,34443,46011,71396,117721
528,4420,4420.000,1936,8054,12244,16921,23740,29933,36312,59783,82965
529,4571,4571.000,1956,7978,12637,16415,22814,28811,33677,58434,71476
530,4201,4201.000,1879,8237,14617,17874,24783,31846,43308,64207,97203
531,4254,4254.000,1892,8434,12375,17817,24367,31800,43493,65877,138353
532,2963,2963.000,1922,8980,16466,25266,31595,60283,75327,109833,181771
533,3021,3021.000,1905,8812,15987,24521,33392,59092,71716,94328,128791
534,4416,4416.000,1863,8133,13306,17009,23819,29941,36470,59672,133173
535,4613,4613.000,1896,8097,11575,16264,22682,28540,32464,55730,68321
536,4480,4480.000,1959,7977,14727,16764,23479,29328,33333,57314,82587
537,4039,4039.000,1809,8410,14564,18513,25709,33847,42986,67574,98540
538,4380,4380.000,1886,8056,12917,17133,23689,30760,39870,62395,94917
539,4586,4586.000,1854,7988,11457,16329,22892,28721,32983,58199,74729
540,4446,4446.000,1923,8060,12328,16897,23791,29752,36114,57407,108282
541,4420,4420.000,1928,8037,12897,17033,23916,30120,36452,59922,81076
542,3999,3999.000,1921,8419,14917,18954,25889,35536,48091,71218,121104
543,2744,2744.000,2102,12067,23628,27414,36637,52619,63506,90745,124751
544,2780,2780.000,2022,10896,21178,26589,34693,59329,71860,89035,146229
545,3183,3183.000,1953,10007,18844,23671,31016,46154,60559,95151,144710
546,2857,2857.000,1997,11105,21739,26316,34488,52818,69454,89894,136885
547,2295,2295.000,2027,11644,22543,32906,41511,73641,98347,160092,239180
548,2466,2466.000,1846,11199,22529,30007,37282,59641,84920,134024,342805
549,3529,3529.000,1906,9441,17985,21182,29080,39435,48509,71277,134490
550,3747,3747.000,1944,9085,17114,20033,27423,37024,47388,70396,128480
551,3689,3689.000,1866,9307,17219,20436,28134,37426,47718,71639,112838
552,3109,3109.000,1951,10497,18718,24176,32259,47623,60226,94880,124557
553,3498,3498.000,1952,9653,17416,21387,28716,39401,51255,76837,121671
554,3714,3714.000,1939,9101,17347,20024,27566,36723,45410,68335,94575
555,3995,3995.000,1918,8950,15766,18842,26144,33039,42180,62896,94841
556,3806,3806.000,1898,8933,16844,19893,27444,37021,46641,68419,104480
557,3360,3360.000,2094,9705,18376,22197,30564,41610,52804,83283,122943
558,3966,3966.000,1958,8742,14820,18834,26236,34695,43027,63384,105984
559,3979,3979.000,1944,8804,16071,18788,26040,32926,40741,63517,89045
560,4025,4025.000,1865,8793,16228,18708,25919,33084,39772,63611,88851
561,3760,3760.000,1924,8903,16406,20053,26870,36419,50847,73624,189688
562,3573,3573.000,1971,9550,16755,20959,28640,39039,48251,76996,98771
563,3933,3933.000,1952,8856,15390,18964,25783,34448,43945,65783,100420
564,4155,4155.000,1909,8741,15162,18020,25062,31859,39492,61868,79532
565,4208,4208.000,1950,8425,13299,17862,24746,31862,40944,64444,100365
566,3987,3987.000,1927,8593,16208,18826,25955,33966,42959,64459,98960
567,3573,3573.000,2064,9291,17492,21175,28540,39713,51090,76004,119855
568,3534,3534.000,1957,9542,17829,20942,28002,38673,51134,74164,120576
569,4177,4177.000,1965,8626,15313,18004,24768,32021,39061,62419,82971
570,4353,4353.000,1947,8261,12276,17246,24408,30954,36489,59918,74717
571,4129,4129.000,1824,8612,14304,18233,25189,32381,41681,64631,96651
572,3919,3919.000,1897,8693,14636,19060,26124,35012,45598,70388,111374
573,4118,4118.000,1835,8458,15060,18219,25078,32956,42601,64056,109211
574,4342,4342.000,1869,8380,12890,17231,23942,30684,37081,62033,86687
575,4028,4028.000,1856,8442,15615,18594,25469,33818,46959,65035,89313
576,4264,4264.000,1924,8154,14566,17610,24381,30906,40542,61971,132888
577,4011,4011.000,1849,8644,15719,18769,25510,34083,41703,67389,119674
578,4273,4273.000,1839,8380,14266,17514,24223,30580,37826,62362,132484
579,4423,4423.000,1907,8244,13000,16957,23745,29688,37154,59830,83225
580,4395,4395.000,1906,8151,13148,17033,23674,29881,37869,59226,97823
581,4340,4340.000,1932,8306,14057,17411,24018,30513,39489,60949,86398
582,3816,3816.000,1838,8695,15431,19593,26106,36627,48182,75377,130451
583,4312,4312.000,1968,8216,14046,17324,24053,31076,37557,62035,108245
584,4412,4412.000,1880,8116,13619,17000,23512,30316,37261,60944,94348
585,4448,4448.000,1893,8147,14043,16915,23545,30043,34678,59702,78765
586,4488,4488.000,1882,8199,12624,16705,23411,29450,35390,56454,91590
587,4059,4059.000,1931,8610,14009,18419,25431,34034,42742,68147,103933
588,4458,4458.000,1922,8347,12694,16838,23473,29550,35426,58343,87487
589,4543,4543.000,1866,8177,11692,16444,23096,28798,33299,56057,148027
590,4673,4673.000,1921,8044,10870,16071,22646,28340,32536,56364,71670
591,4046,4046.000,1923,8737,15039,18653,25401,32847,49167,64153,107337
592,3043,3043.000,1901,9179,16553,24854,31612,60421,73366,102689,136821
593,3181,3181.000,1948,8889,17340,23306,29896,52641,63369,84716,295488
594,4477,4477.000,1826,8239,12267,16744,23378,29486,35787,58242,128443
595,4482,4482.000,1868,8193,12842,16734,23310,29150,34413,57224,70972
596,4492,4492.000,1877,8002,13031,16727,23532,29350,35403,57923,87672
597,3972,3972.000,1929,8552,15422,18933,26224,34229,43839,71164,100479
598,4299,4299.000,1815,8241,13446,17371,24189,30801,38912,61330,93630
599,4509,4509.000,1826,8070,12732,16593,23499,29513,34201,56597,79353
600,4545,4545.000,1808,8084,12064,16496,23493,29138,32901,57303,74814
601,4382,4382.000,1902,8126,12940,17122,23729,30217,38819,60034,80834
602,4140,4140.000,1915,8409,14169,18109,25142,32984,41692,62545,99333
603,4685,4685.000,1873,7924,11469,16041,22572,28029,33174,55213,79173
604,4472,4472.000,1839,8220,13060,16750,23335,29850,34755,57406,80658
605,4619,4619.000,1842,8031,11741,16234,22728,28337,32667,56027,72210
606,4349,4349.000,1943,8381,13914,17255,23893,30294,37708,58999,124643
607,3559,3559.000,1877,8720,15948,21126,27582,43019,59727,87205,141934
608,4203,4203.000,1950,8357,13388,17820,24419,31393,47647,60659,89341
609,3322,3322.000,1811,8810,15938,22644,28988,52045,64292,87302,169413
610,4201,4201.000,1858,8271,13070,17800,23778,31802,49959,66796,111351
611,4156,4156.000,1944,8411,14944,18045,25095,32188,44495,61570,121752
612,4083,4083.000,1916,8398,14024,18416,25515,34444,44776,68568,104077
613,4323,4323.000,1805,8096,13887,17290,24096,30682,39522,60545,85819
614,4317,4317.000,1889,8164,13886,17378,24223,30852,38330,62277,87096
615,4655,4655.000,1823,7739,10934,16059,22886,28538,33528,57403,89883
616,4574,4574.000,1827,7872,12479,16450,22932,28920,36673,55747,92196
617,4337,4337.000,1915,8205,13823,17258,24109,30513,39489,59421,89293
618,4720,4720.000,1813,7972,10544,15896,22612,27963,31811,53943,63511
619,4389,4389.000,1796,8131,13571,17051,23356,30025,38988,58686,109326
620,4600,4600.000,1909,7820,10932,16340,23173,28468,33560,57906,68014
621,4295,4295.000,1830,8396,13341,17489,24135,30967,39789,61662,95208
622,2934,2934.000,1869,8962,16850,25607,31041,60217,74363,114836,338050
623,4407,4407.000,1921,7924,14514,16944,23683,29490,35154,56947,107479
624,4452,4452.000,1932,8096,13461,16865,23607,29463,35099,58256,69273
625,4507,4507.000,1965,7781,12293,16653,23320,29370,38541,57985,84725
626,4309,4309.000,1879,7736,14630,17537,24023,30272,45678,63424,119975
627,2777,2777.000,1851,11950,21759,27167,35584,56059,67089,96936,195590
628,2839,2839.000,1853,10845,20693,26014,33371,53350,75358,104750,168149
629,3367,3367.000,1946,10079,20015,22356,30324,41915,51057,68790,150237
630,3166,3166.000,1899,9902,19248,23591,31131,48274,61377,85913,120949
631,3532,3532.000,1833,9526,17092,21396,29893,40001,53058,72345,109163
632,2875,2875.000,1840,10875,20420,25996,34889,53196,64498,98802,144811
633,3291,3291.000,1900,9667,17902,22699,30983,44980,56454,84189,134236
634,3771,3771.000,1875,9111,16517,19926,27300,36534,48915,70569,121431
635,3737,3737.000,1857,8915,17309,20049,27339,38639,48659,66254,86904
636,3607,3607.000,1918,9224,17679,20857,28254,38579,50744,72237,132888
637,2510,2510.000,2024,10801,21441,30235,39275,69780,86156,119003,186567
638,2627,2627.000,1917,10410,18985,28763,39975,66011,81130,107878,170261
639,3014,3014.000,1986,9552,18454,24500,32228,53065,66843,86451,178927
640,4088,4088.000,1941,8748,15117,18177,25348,32158,41010,61346,90190
641,3754,3754.000,1978,8958,16583,20142,27365,37518,50821,72509,120680
642,3135,3135.000,1843,9976,19195,23882,32405,48047,58985,91891,168847
643,3963,3963.000,1914,8710,14466,18828,25722,33991,45764,67780,127727
644,4088,4088.000,1869,8709,15597,18407,25415,33098,41249,62610,105348
645,4136,4136.000,1854,8674,15225,18108,25364,31899,40451,60027,91266
646,4090,4090.000,1997,8727,15542,18388,25666,32551,43373,62683,122112
647,3679,3679.000,1883,9118,16232,20181,27861,36842,47747,70564,112087
648,4081,4081.000,1892,8795,14896,18469,25151,33056,44036,66243,83269
649,4218,4218.000,1862,8401,14272,17796,24938,31880,40299,61169,83579
650,4223,4223.000,1800,8426,15473,17779,24759,31342,38998,59116,80450
651,3875,3875.000,1878,8883,16776,19422,26477,35339,45053,65950,97341
652,3649,3649.000,1867,9067,16725,20422,27845,37913,49179,74441,106864
653,4059,4059.000,1842,8561,15977,18450,25393,31930,39828,61943,91377
654,4471,4471.000,1835,8281,11904,16848,23762,29807,35294,59096,71749
655,4155,4155.000,1827,8492,14967,17980,25019,31797,39439,63197,125948
656,4216,4216.000,1902,8455,15012,17840,24582,31429,42461,61269,104599
657,3792,3792.000,1919,8829,14685,19795,27128,37942,50121,74364,112955
658,4085,4085.000,1841,8610,15402,18299,25315,32560,40054,64412,107348
659,4396,4396.000,1822,8265,13652,17079,23753,30115,36598,58896,75753
660,4395,4395.000,1880,8356,14102,17038,23729,29846,36278,56042,85754
661,4378,4378.000,1854,8278,13170,17190,23839,30309,38257,59328,124889
662,3731,3731.000,1914,8985,16074,20090,27185,38122,49483,71544,122331
663,4356,4356.000,1848,8175,13268,17147,23947,30166,37329,61319,91622
664,4401,4401.000,1905,8204,13729,17062,23959,29861,35856,57834,84232
665,4479,4479.000,1928,8281,13126,16729,23608,29284,34556,56556,72062
666,4261,4261.000,1840,8431,14689,17700,24548,31494,38123,60027,90693
667,4029,4029.000,1855,8561,14382,18592,25504,34291,44448,66219,93823
668,4231,4231.000,1866,8389,14293,17667,24442,30981,37993,63141,108361
669,4504,4504.000,1830,8159,12507,16628,23396,29338,33680,58574,76113
670,4415,4415.000,1863,8160,13699,16987,23606,30332,37688,57777,77649
671,4537,4537.000,1887,8087,12283,16556,23746,29056,34091,56579,79063
672,3985,3985.000,1991,8717,15244,18865,25880,34588,42553,69249,91980
673,4456,4456.000,1892,8176,13345,16787,23605,29480,34871,56913,76113
674,4390,4390.000,1831,8181,13917,17078,23366,29894,37142,59637,75586
675,4378,4378.000,1897,8225,13564,17141,24022,30342,35799,60803,95544
676,4476,4476.000,1861,8022,12067,16769,23612,29463,36481,59014,77422
677,3983,3983.000,1918,8559,16106,18826,25997,33358,44647,64973,145029
678,4621,4621.000,1878,7972,12819,16218,22936,28378,32353,56486,71735
679,4375,4375.000,1887,8400,14802,17164,23623,29837,36337,57243,100123
680,4650,4650.000,1870,8040,12248,16111,22931,28338,31772,55513,64902
681,4150,4150.000,1905,8588,14868,18213,24794,31683,43711,64862,118465
682,3196,3196.000,1914,8893,15782,23390,29501,54389,69230,93719,154283
683,3083,3083.000,1909,9073,15970,24343,30215,58083,70122,91592,222967
684,4462,4462.000,1886,8150,12531,16737,23627,29558,33556,57231,74962
685,4598,4598.000,1935,7973,11671,16357,23109,29041,35100,56636,82420
686,4428,4428.000,1842,8108,12416,16804,23630,30020,35778,58272,105820
687,3998,3998.000,1951,8420,15414,18886,25921,34410,46296,66939,100189
688,4225,4225.000,1807,8358,14597,17726,24803,31286,37958,61702,89467
689,4611,4611.000,1877,8092,11717,16241,22647,28769,34234,57966,69073
690,4654,4654.000,1851,8027,12367,16101,22854,28303,31827,54711,67258
691,4498,4498.000,1848,8219,12568,16696,23224,29414,35035,57779,121833
692,4197,4197.000,1886,8475,13350,17823,24440,31618,43174,65027,96207
693,4396,4396.000,1830,8153,14477,17045,23846,29708,35899,59352,81855
694,4507,4507.000,1912,8000,13021,16660,23307,29077,34790,58792,72614
695,4607,4607.000,1955,8001,12195,16313,22873,28524,32974,55133,68583
696,4180,4180.000,1834,8810,15088,17951,24753,31486,38665,61072,101253
697,3271,3271.000,1887,8769,15539,23266,29162,53516,67286,93669,373445
698,3842,3842.000,1963,8622,15697,19203,25048,36899,50147,68920,151024
699,3975,3975.000,1887,8050,12696,19006,25173,44380,53341,67510,86292
700,3184,3184.000,1794,8717,15489,23354,31742,54028,64971,85625,138535
701,4583,4583.000,1872,7937,11172,16552,23169,29372,37994,59027,103999
702,3959,3959.000,1997,8705,14695,18847,25940,34629,46468,67733,96388
703,4533,4533.000,1919,7832,11584,16444,23197,29426,36837,55689,98052
704,4541,4541.000,1897,7771,12912,16527,23265,28886,34574,57054,81300
705,4505,4505.000,1885,7986,13287,16629,23215,29088,35706,56931,126474
706,4699,4699.000,1869,7890,10780,15953,22434,28433,33638,55108,86135
707,4298,4298.000,1884,8098,12388,17423,24075,31941,39818,65946,96233
708,4347,4347.000,1850,8045,13690,17281,23982,30392,40747,61748,90332
709,4528,4528.000,1802,7892,13120,16564,22984,29237,35409,58127,77172
710,4662,4662.000,1910,7669,11961,16093,22568,28290,33039,55608,67086
711,2747,2747.000,1996,11868,21618,27461,36150,52727,73383,99612,145823
712,2703,2703.000,1878,11032,22146,27604,35483,57292,73160,108754,159900
713,3275,3275.000,1955,10252,19331,22902,31262,42971,53989,77267,112535
714,3397,3397.000,1859,9421,18014,22101,29872,43207,59461,78211,112054
715,3240,3240.000,2020,9653,19324,23155,30747,48835,61188,77490,123666
716,3610,3610.000,1866,9306,17413,20860,28450,41191,51825,70450,130628
717,3019,3019.000,1908,10272,20633,25100,33900,49664,61801,93594,136076
718,3105,3105.000,1992,10283,19152,23797,32344,45858,57725,89020,163433
719,3710,3710.000,1938,9186,17245,20245,27573,37407,48726,68681,103281
720,3974,3974.000,1829,8694,16082,18835,26204,34113,45296,63030,95611
721,3843,3843.000,1926,8992,16431,19534,26690,35435,48244,66406,138779
722,3242,3242.000,1979,9810,18912,23095,31197,45589,57540,81088,116589
723,3785,3785.000,1894,9087,16383,19796,27040,36411,47378,68815,129173
724,4052,4052.000,1868,8701,15781,18505,25614,32918,41120,63328,89517
725,4253,4253.000,1835,8597,14462,17797,25123,31658,37908,61032,101885
726,3981,3981.000,1933,8608,14957,18685,26025,33869,44359,63964,102021
727,3522,3522.000,1832,9261,16831,21301,29181,40682,50104,77987,109062
728,3903,3903.000,1924,8863,15475,19159,26098,34973,45203,68754,102394
729,4258,4258.000,1919,8493,12901,17604,24636,31595,39266,62139,92964
730,4074,4074.000,1912,8580,16371,18478,25662,32731,42543,60702,99447
731,4089,4089.000,1821,8703,14954,18297,25060,32366,44541,64070,93870
732,3562,3562.000,1872,9240,17187,21261,28689,40606,52032,77761,114518
733,3994,3994.000,1896,8742,15037,18536,25312,33408,42381,65474,100395
734,4219,4219.000,1900,8471,14447,17815,24590,31881,40030,62172,89965
735,4326,4326.000,1868,8323,13735,17349,24112,31318,38441,60764,85700
736,4316,4316.000,1856,8617,13396,17360,24166,30774,36802,59324,83111
737,3799,3799.000,1944,8669,15402,19828,26666,38096,49029,72927,113978
738,4090,4090.000,1824,8500,15309,18292,25251,32232,40556,62529,93699
739,4297,4297.000,1942,8340,14774,17437,24321,30369,37906,58768,81517
740,4524,4524.000,1928,8282,11461,16563,23331,29238,34642,56689,75172
741,4128,4128.000,1818,8546,14778,18212,25156,31998,44079,63346,119005
742,2988,2988.000,1967,9542,17306,25303,32068,58517,73343,104170,159231
743,2990,2990.000,1992,9376,17201,24818,31910,58540,69629,92397,158501
744,4156,4156.000,1995,8441,14128,18094,25417,32315,41005,64007,81494
745,4137,4137.000,1895,8479,14428,18011,25175,31878,38666,62867,90688
746,4012,4012.000,1945,8815,16310,18860,25634,32850,43890,64527,99960
747,3713,3713.000,1942,9229,16482,20207,27589,37769,47258,72212,150606
748,4043,4043.000,2009,8640,13544,18442,25604,33635,42494,66537,102455
749,4135,4135.000,1891,8539,15945,18210,24915,32148,40921,61194,85139
750,4425,4425.000,1876,8301,12886,16879,24176,29733,34274,57303,73941
751,4103,4103.000,1919,8619,15424,18267,25400,32266,40195,61882,128004
752,3598,3598.000,1940,9408,17087,20949,28881,39868,50684,71180,113093
753,4248,4248.000,1855,8375,13319,17605,24557,31465,39247,62635,85467
754,4126,4126.000,1873,8616,15572,18122,25020,31599,39435,61755,109525
755,4232,4232.000,1848,8473,14817,17747,24690,31245,40391,60544,98604
756,4044,4044.000,1819,8697,15686,18599,25403,33047,41870,64735,136473
757,3830,3830.000,1908,9038,15258,19575,27352,35575,46208,72679,108424
758,4282,4282.000,1935,8581,15210,17425,24155,30095,36969,57154,86253
759,4184,4184.000,1973,8432,14937,17993,24870,31631,41134,61976,83788
760,4310,4310.000,1819,8432,13598,17427,24333,30947,38020,61835,84410
761,4044,4044.000,1816,8621,15579,18519,25629,32569,43707,61994,106523
762,3580,3580.000,1930,9240,16309,20942,29023,39919,50397,77593,107873
763,4113,4113.000,1872,8644,14986,18183,24954,32763,41745,62121,83376
764,4212,4212.000,1895,8410,14054,17901,24832,31801,40233,64509,112301
765,4127,4127.000,1850,8660,15325,18204,25125,32484,39562,63843,86853
766,4347,4347.000,1824,8315,12411,17270,24319,30784,39252,60729,98938
767,2720,2720.000,1893,9616,21105,28127,35892,65110,87716,104750,127037
768,955,955.000,1793,48453,55778,78568,68256,221080,222580,239714,284739
769,3616,3616.000,1840,8656,16062,20202,25153,32315,58519,117847,154711
770,4243,4243.000,1854,8800,14549,17644,24324,30531,37778,58553,118373
771,4036,4036.000,1992,8710,15629,18643,25240,32383,45954,64629,112506
772,3240,3240.000,1871,9055,16467,23275,30464,51506,64815,90640,134274
773,2813,2813.000,1884,9535,19127,26625,39166,59063,69998,88276,132507
774,3995,3995.000,2028,8487,14833,18667,25676,33843,48641,66299,96383
775,2491,2491.000,1823,9047,19311,34891,44951,78313,112351,242893,274145
776,2896,2896.000,1861,8473,15464,21828,25990,32725,54319,191931,199628
777,3611,3611.000,1974,8940,16399,20757,28286,40134,51123,79746,163557
778,4252,4252.000,1842,8470,13101,17597,24226,31442,40382,62337,82850
779,4461,4461.000,1912,8320,13172,16829,23596,29982,35085,58810,90507
780,4404,4404.000,1945,8339,12730,17064,24037,30141,34994,58259,112286
781,4293,4293.000,1879,8569,12948,17416,24251,30756,35880,59985,86582
782,3715,3715.000,1804,9097,16519,20099,27503,36205,47688,74692,112471
783,4015,4015.000,1829,8618,14889,18666,25672,33109,47134,65533,110192
784,2507,2507.000,1941,13170,24946,30226,39248,59483,77752,107232,169847
785,2784,2784.000,1848,11695,21797,26842,35117,52209,74067,93377,146566
786,2767,2767.000,1934,11593,22873,27326,36853,53367,65152,100938,158170
787,2621,2621.000,2031,11932,23168,28542,39042,56318,69271,105758,185708
788,2833,2833.000,1914,10661,20474,26433,34781,57108,67815,102821,141264
789,3284,3284.000,1916,10076,18968,22737,30000,40923,59995,82374,131627
790,3478,3478.000,1842,9801,17481,21577,29200,42216,55396,75863,125513
791,3278,3278.000,1855,9652,19028,22916,30215,46341,58248,79297,138304
792,2630,2630.000,1866,11022,22153,28864,38313,60245,78727,112707,159500
793,3262,3262.000,1952,9907,19936,22706,30835,43374,53763,72186,110277
794,1853,1853.000,1886,9472,22165,40742,39440,115999,143784,198000,199933
795,3326,3326.000,1907,9505,18831,22418,30224,46131,57731,73919,98943
796,3531,3531.000,1911,9528,17958,21101,28672,39791,51711,70345,106680
797,2964,2964.000,1980,10384,19931,25390,34712,49514,64321,90592,141490
798,3537,3537.000,1887,9765,18310,21163,29210,38003,49158,71451,109345
799,3639,3639.000,1900,9392,17509,20643,27811,38171,50317,70517,132934
800,3778,3778.000,1917,9053,17347,19859,27461,36123,46349,66439,97199
801,3733,3733.000,1871,9244,17107,20129,27242,38398,48358,67262,104242
802,2488,2488.000,2058,10859,21931,30461,36982,69765,89463,140046,220355
803,2819,2819.000,2101,10133,19625,26521,33974,57732,74426,102195,140837
804,2653,2653.000,1888,9849,20944,28476,41415,62850,75691,102879,285147
805,3076,3076.000,1832,9694,19624,24121,32002,51565,60606,80069,221077
806,3789,3789.000,1808,9005,16418,19780,27119,36921,46830,66973,118551
807,3054,3054.000,1884,10102,19652,24638,32623,50138,64508,90332,193906
808,3880,3880.000,1831,9039,14466,19127,26559,35773,44359,66466,107002
809,3987,3987.000,1874,8766,15986,18819,26229,33760,42233,62367,131068
810,4082,4082.000,1802,8624,15022,18383,25498,33073,42461,62750,102980
811,4285,4285.000,1855,8618,13014,17547,24823,31178,38474,59948,97176
812,3475,3475.000,1806,9590,17267,21546,29629,40381,52794,75038,135670
813,3858,3858.000,1858,8862,16406,19443,26637,34973,45429,69372,86302
814,4176,4176.000,1875,8684,14730,17947,25251,31576,36652,63364,81295
815,4069,4069.000,1878,8735,15624,18422,25636,32281,39930,61288,79339
816,4162,4162.000,1909,8681,13569,18072,25122,32490,41222,63592,113488
817,3557,3557.000,2004,9369,17841,21196,28755,40665,50963,73592,104230
818,3964,3964.000,1828,9081,15807,18758,25392,33164,41036,64307,136085
819,4306,4306.000,1924,8571,14596,17422,24336,30275,35292,59892,79522
820,4114,4114.000,1916,8566,16005,18187,25122,32560,39088,59463,93410
821,4148,4148.000,1879,8608,15392,18233,25196,31821,40589,62092,143202
822,3717,3717.000,1827,9051,16273,20257,27646,38510,49325,74150,139596
823,3955,3955.000,1871,8613,15472,18720,25768,33730,44068,65097,94702
824,4155,4155.000,1883,8415,14639,19282,25429,33409,48647,112885,173991
825,3521,3521.000,1879,8678,15351,19834,25515,34207,50266,91662,138233
826,4236,4236.000,1946,8732,14989,17720,24489,30714,39020,58696,89759
827,3957,3957.000,1875,8512,14427,19008,25866,36932,49059,65236,114425
828,4021,4021.000,1940,8651,15567,18597,25472,32975,41710,65924,129380
829,4058,4058.000,1801,8818,15622,18518,25892,33176,41274,65254,85107
830,3208,3208.000,1800,8739,16721,23337,26664,50777,87528,112233,158272
831,4192,4192.000,1865,8650,15154,17963,24586,31485,39406,60342,85898
832,3719,3719.000,1879,9083,15879,20221,27750,37418,49046,74966,126727
833,4032,4032.000,1880,8777,16263,18512,25522,32494,40674,62602,101734
834,3997,3997.000,1944,8395,15305,19823,25573,35866,55233,91455,126859
835,722,722.000,1818,52092,76418,100676,181098,235996,241678,247753,281700
836,1428,1428.000,1880,8601,20021,51285,42800,214235,219513,229900,251145
837,3912,3912.000,1910,8784,15008,19106,26260,35521,46273,70483,103828
838,4196,4196.000,1929,8574,14462,17921,24585,31989,38143,62991,81783
839,4283,4283.000,1921,8549,14730,17465,24440,30412,36143,59865,75608
840,4301,4301.000,1862,8644,14378,17425,24032,30042,36169,59333,87533
841,4202,4202.000,1875,8732,14946,17898,24521,31978,39286,61520,82825
842,3783,3783.000,1916,8979,15054,19851,27082,36916,49927,77120,111889
843,3077,3077.000,1947,9972,19698,24699,30717,48006,72507,101019,179017
844,2756,2756.000,1864,11653,22775,26795,33762,51768,69921,105331,133398
845,2889,2889.000,1935,10689,21328,25999,33666,54646,69538,98144,139144
846,3080,3080.000,1925,10708,20284,25915,33601,47893,64620,108985,261764
847,427,427.000,2063,89786,169692,169842,205516,375055,387990,411703,553207
848,2125,2125.000,1927,11558,24891,34213,45167,71070,98673,148087,161346
849,3268,3268.000,1851,10096,18500,23484,31088,46289,62394,85294,213186
850,2707,2707.000,1878,11077,21335,26992,32924,52643,80912,116827,175539
851,3184,3184.000,1912,10624,19742,23751,31087,46777,58304,84050,172948
852,2611,2611.000,2011,11566,23224,29035,38799,58978,75851,108660,160134
853,3036,3036.000,1907,10456,20323,24037,32599,47650,57350,79248,116104
854,3676,3676.000,1942,9385,17126,20540,27401,36696,51675,76051,144148
855,3790,3790.000,1893,9050,16164,19802,26345,36577,51798,72100,113671
856,3850,3850.000,1918,9017,16436,19565,27138,35492,46381,66424,105023
857,3085,3085.000,1908,10067,19521,24320,33407,48002,57480,89648,129904
858,3694,3694.000,1959,9289,17122,20210,27609,36896,47036,71117,123312
859,3946,3946.000,1886,8709,16041,18951,26324,34142,42724,66927,98168
860,3994,3994.000,1987,8878,15727,18848,26278,33545,44226,65047,86809
861,3779,3779.000,1834,9108,16368,19837,27391,36450,47047,69370,96025
862,2830,2830.000,1882,10500,18222,26806,33702,58151,80360,116378,169385
863,2721,2721.000,1982,9982,19041,27415,37015,64201,76641,102114,151335
864,2711,2711.000,1929,9871,20568,27541,35603,61054,75135,105534,319964
865,3504,3504.000,1787,9597,17925,21455,28805,39541,54083,75306,109214
866,3066,3066.000,1891,9586,18237,24720,32873,55817,66729,90203,131391
867,2374,2374.000,1866,11005,20678,31481,42692,75972,92532,125391,157230
868,3395,3395.000,2039,9441,17371,21811,28439,42762,57087,85412,184107
869,3510,3510.000,1929,8911,15653,21315,27769,45262,59609,85020,151411
870,4275,4275.000,1987,8453,14499,17600,24445,30279,37152,61706,73717
871,4012,4012.000,1857,8779,14946,18641,25468,32541,42925,68099,116175
872,3550,3550.000,1920,9550,17058,21142,28896,39517,49350,77311,110391
873,4122,4122.000,1879,8654,14819,18195,25305,32107,38878,63522,104491
874,4085,4085.000,1873,8678,14989,18361,25383,32622,40367,64373,141190
875,4236,4236.000,1796,8339,13612,17739,24715,31877,37117,63489,84995
876,3919,3919.000,1933,8659,16168,19088,26276,33983,43759,66353,108572
877,3726,3726.000,1880,9258,15425,20217,28057,37194,47516,77920,118549
878,4029,4029.000,1885,8441,15399,18581,25390,32482,48647,65198,104323
879,4203,4203.000,1928,8509,14895,17783,24609,30664,36990,61501,123369
880,4173,4173.000,1872,8546,13664,18004,25223,32010,40113,63089,86208
881,4064,4064.000,1983,8598,14688,18552,25749,33429,42068,67030,97205
882,3523,3523.000,1857,9224,16546,21237,29045,41137,50778,82258,127627
883,3912,3912.000,1941,8682,14857,19081,26248,34706,44950,69425,99667
884,4257,4257.000,1899,8508,13253,17638,24556,31023,37330,62910,85835
885,4173,4173.000,1835,8432,14403,17966,24704,31250,45022,63708,107485
886,4359,4359.000,1926,8243,12379,17276,24164,30398,36875,62046,82111
887,3784,3784.000,1927,8791,15702,19850,27328,36038,48419,72343,174902
888,4433,4433.000,1928,8197,12397,16880,23674,29813,35009,59471,89602
889,4157,4157.000,1915,8443,14495,17944,24604,31448,42161,63661,91783
890,4287,4287.000,1900,8499,14516,17534,24500,30763,35705,61155,74859
891,4255,4255.000,1889,8648,14083,17693,24550,31418,36782,63049,99871
892,3651,3651.000,1925,9150,16092,20474,27865,38375,49479,77543,102045
893,4111,4111.000,1829,8693,14775,18260,25173,32092,39410,63521,147355
894,4428,4428.000,1859,8501,12237,16897,23783,29917,34519,58506,73280
895,4281,4281.000,1872,8406,14392,17504,24027,30380,36690,62582,96948
896,4374,4374.000,1877,8343,13633,17161,23830,29947,36021,60161,85500
897,3917,3917.000,1979,8912,15588,19233,26392,34286,45479,69387,129325
898,4196,4196.000,1877,8335,13870,17770,24740,31200,38781,63945,90991
899,4281,4281.000,1929,8469,14358,17599,24355,30253,35645,61669,104236
900,4375,4375.000,1864,8280,12375,17044,24016,29874,33794,60890,76563
901,4169,4169.000,1933,8597,14936,18149,25084,30964,40881,63998,159770
902,3948,3948.000,1863,8663,14782,18905,25957,34478,43845,71678,111313
903,4391,4391.000,1880,8187,13348,17119,23772,29924,35536,60919,130045
904,3952,3952.000,1862,8257,15568,18914,25770,35753,51742,69903,106682
905,4480,4480.000,1801,8154,12660,16684,23642,28879,33134,57825,70552
906,4291,4291.000,1823,8394,13244,17527,24304,30610,37362,63791,84361
907,3772,3772.000,1861,8827,15643,19881,27299,36571,47471,74983,110734
908,4247,4247.000,1878,8378,13902,17681,24573,31409,36985,62903,112113
909,4386,4386.000,1977,8151,12881,17090,23943,29688,35398,61767,128600
910,4497,4497.000,1914,8207,13116,16713,23592,29077,33028,59091,89156
911,4347,4347.000,1912,8446,13686,17272,24305,29764,34736,60460,91194
912,4084,4084.000,1903,8460,14002,18403,25726,33321,40398,67067,99782
913,4272,4272.000,1836,8426,12934,17473,24179,31325,37179,65704,116795
914,4222,4222.000,1886,8209,13879,17750,24649,31496,38796,63980,96078
915,3846,3846.000,1813,8339,16320,19712,25622,38676,53022,79725,121135
916,2390,2390.000,1726,13127,25702,31283,40790,66446,82596,98704,147696
917,2721,2721.000,1930,11409,23143,27681,37610,54035,68563,100373,148028
918,3112,3112.000,1790,10652,19996,24075,31990,47412,58310,79939,174842
919,3065,3065.000,1866,10085,19699,24287,32586,47333,65646,83880,125699
920,3443,3443.000,1884,9667,18977,21719,29472,39102,50583,72560,121057
921,3448,3448.000,1951,9596,17427,21898,30434,42294,52610,74380,140512
922,2412,2412.000,1959,11931,24137,31556,42145,64884,82575,134302,178337
923,2416,2416.000,1938,10995,21116,30579,40721,70098,86157,129381,164904
924,2710,2710.000,1993,10244,20320,27559,36388,59583,73826,105364,266345
925,3564,3564.000,2001,9232,16666,20959,28167,39186,56707,76206,107225
926,3581,3581.000,1876,9181,17402,20975,28585,39317,53545,73645,135163
927,3171,3171.000,1948,10125,18630,23791,32593,46810,58865,89234,169208
928,3342,3342.000,1800,9660,17806,22484,30414,44885,54439,83135,114740
929,3941,3941.000,1803,8828,15653,18874,25485,33525,42645,68021,135371
930,3784,3784.000,1864,8835,16705,19806,26979,36543,50636,68417,98921
931,3801,3801.000,1903,9171,16695,19773,27229,35166,43056,66664,100911
932,3313,3313.000,1866,9993,18087,22765,31227,42431,53997,83425,153304
933,3873,3873.000,1951,9048,14816,19277,26468,34923,43869,69718,87598
934,4006,4006.000,1961,8808,15644,18697,25840,33791,40683,64216,89130
935,4052,4052.000,1891,8683,14817,18446,25436,33089,43294,65886,89709
936,4016,4016.000,1865,8674,15171,18734,25556,33372,46857,67363,108045
937,3541,3541.000,1918,9253,16882,21183,28918,40128,51213,83554,118157
938,3781,3781.000,1952,8741,16459,19784,27185,36404,49635,69485,103356
939,3994,3994.000,1809,8822,16233,18777,25937,32454,44054,64490,126421
940,4146,4146.000,1970,8634,14624,18061,25148,31772,37481,63227,79841
941,3830,3830.000,1961,8937,16557,19645,26923,35201,44234,70990,114234
942,3364,3364.000,1987,9471,17818,22452,30814,43435,55236,82986,138208
943,3916,3916.000,1911,8673,16157,18995,25878,34438,44303,66857,133637
944,3995,3995.000,1820,8615,15573,18770,25931,33482,43325,64929,112848
945,4153,4153.000,1909,8336,13466,18046,25153,32264,39853,65136,85897
946,4145,4145.000,1887,8642,14250,18159,25194,32259,39706,65169,82827
947,3657,3657.000,2035,9154,16431,20362,27502,37743,47540,75685,109536
948,4021,4021.000,1897,8626,15420,18696,25770,32970,40969,64992,98789
949,4079,4079.000,1891,8462,15064,18412,25365,32271,44733,62882,109729
950,4252,4252.000,1804,8412,14421,17631,24305,31094,36144,61042,75780
951,3934,3934.000,1883,8994,16145,19167,26327,33866,42201,68361,113302
952,2951,2951.000,1886,9847,17963,25358,32811,55665,72721,98785,129398
953,3070,3070.000,1852,9383,17577,24560,33429,55512,66793,88550,158855
954,3536,3536.000,1899,8996,17328,21110,28329,42062,55868,77766,112369
955,3989,3989.000,1842,8692,13550,18674,25520,33214,51263,67978,119325
956,4220,4220.000,1920,8499,13703,17979,25087,32032,38399,64462,89842
957,3622,3622.000,1947,9006,16881,20522,28243,38489,49782,70271,108167
958,3790,3790.000,1829,9092,16303,19744,26777,35813,48242,71516,119320
959,4370,4370.000,1879,8290,12284,17195,24194,30513,36138,61580,94053
960,4296,4296.000,1834,8239,13891,17430,24395,30549,36816,60642,127335
961,4368,4368.000,1916,8288,12266,17168,24219,30441,36059,61879,87068
962,3809,3809.000,1903,9111,15785,19658,27242,35504,44356,67221,135792
963,4308,4308.000,1957,8300,12900,17440,24348,30436,37131,62109,86806
964,4177,4177.000,1802,8539,13499,17942,24984,31612,37927,64304,120322
965,4378,4378.000,1845,8163,13620,17129,24178,29868,34782,60351,80892
966,4042,4042.000,1937,8815,14614,18673,26076,33387,41588,65995,111695
967,3292,3292.000,1797,9001,16430,22954,29760,48835,67462,97027,144864
968,3352,3352.000,1931,8940,16528,22106,28333,50731,62934,82845,110769
969,4271,4271.000,1918,8372,12461,17589,24306,31189,42693,61924,87842
970,3544,3544.000,1932,8478,14736,21107,26820,48647,61123,82706,128201
971,4426,4426.000,1955,8121,13323,16964,24072,29486,34480,57837,87936
972,3712,3712.000,1928,9137,16449,20238,27395,36464,48539,74778,108372
973,4308,4308.000,1900,8227,12725,17337,24232,30624,36790,60807,87377
974,4016,4016.000,1864,8543,15120,18696,25904,33341,47196,65563,109098
975,4432,4432.000,1929,8180,13536,16924,24029,29730,34525,57843,74821
976,4243,4243.000,1949,8485,14259,17636,24323,30863,37246,58763,94918
977,3781,3781.000,1956,9000,15193,19916,27311,36994,48705,75211,107866
978,4225,4225.000,1905,8342,14063,17749,24703,31266,38479,62034,119452
979,4097,4097.000,1910,8665,13785,18282,25223,32517,41655,66196,94081
980,4414,4414.000,1862,8179,12298,16975,24026,30081,34527,59680,73192
981,4117,4117.000,1850,8798,14542,18249,25097,32445,39475,66592,97904
982,3265,3265.000,1980,9320,17407,23095,29807,49456,65924,91408,137046
983,3132,3132.000,1941,8980,16229,23984,31876,56419,68032,85966,199706
984,4030,4030.000,1873,8308,13334,18409,24875,32688,52408,65907,112949
985,4123,4123.000,1964,8445,14205,18235,25629,32056,38891,65044,87417
986,4468,4468.000,1919,8152,12633,16789,23926,29347,34061,58577,85952
987,3669,3669.000,1859,9010,16692,20508,27768,37900,50694,76638,144040
988,4171,4171.000,1882,8477,13508,17882,25022,31906,38931,65991,91788
989,4424,4424.000,1855,8270,12560,16994,23887,29778,34147,59763,79873
990,4378,4378.000,1950,8179,13865,17149,23810,29697,34696,59659,73740
991,4307,4307.000,2037,8219,14116,17494,24178,30211,40906,61016,103705
992,2618,2618.000,2028,13584,23774,28865,38157,56106,71438,99458,146567
993,2638,2638.000,2003,11807,22209,28153,35199,61566,72732,110359,162360
994,3161,3161.000,1997,10264,19532,23706,32038,44941,59730,82774,177951
995,2949,2949.000,1943,10786,21267,25328,33667,49471,61990,90378,131463
996,3273,3273.000,1959,10352,19063,22997,31078,42064,55000,79612,110031
997,2545,2545.000,1978,11377,22956,29687,40773,59309,75107,119378,191920
998,2950,2950.000,2031,10749,20440,25113,33161,48791,62739,90862,154689
999,3693,3693.000,1833,9211,17719,20364,27858,36531,47258,69133,139215
1000,3716,3716.000,1976,9109,17461,20236,28257,36118,46383,68455,143256
1001,3399,3399.000,1998,9137,17500,21871,29371,42420,57283,82239,136534
1002,3103,3103.000,1971,10373,19199,24639,33083,47924,62744,97181,175088
1003,3307,3307.000,1823,9538,17743,22304,30110,43570,55187,81308,136263
1004,3737,3737.000,1962,9150,15975,20127,26491,37025,53764,73973,113038
1005,3890,3890.000,1823,8913,16391,19226,26417,34681,45404,65233,111151
1006,3980,3980.000,1979,8697,16326,18981,26122,33563,44283,64339,115631
1007,3304,3304.000,1851,9771,17557,22641,30914,43684,55462,86240,113310
1008,3914,3914.000,1900,9030,16034,19103,26271,34504,42917,63908,118303
1009,3841,3841.000,1893,8848,16216,19523,26690,35196,47384,67114,156397
1010,4054,4054.000,1908,8561,15275,18471,25871,32704,44910,62057,86441
1011,4239,4239.000,1909,8584,13811,17779,25200,32205,37553,63860,81102
1012,3540,3540.000,2006,9239,17932,21147,28743,39171,50342,75230,109150
1013,3904,3904.000,1885,9072,15227,19087,25975,35311,46424,66281,103697
1014,4304,4304.000,1836,8371,13921,17496,24485,30938,36352,60596,82858
1015,4163,4163.000,1898,8495,15155,17996,25094,31865,40833,59790,107882
1016,4152,4152.000,1838,8494,16005,18098,24692,30853,41412,60822,100368
1017,3889,3889.000,1918,8803,15208,19452,26729,36043,45985,72416,151298
1018,3933,3933.000,1857,8573,15462,18947,26000,35371,45294,67135,100134
1019,4352,4352.000,1905,8415,13653,17194,24343,30483,35901,59912,81079
1020,4277,4277.000,1913,8334,14239,17544,24447,31158,38017,60401,94353
1021,4254,4254.000,1938,8460,13847,17568,24473,31115,36164,62565,78511
1022,3614,3614.000,1922,9210,16839,20866,28100,40132,50037,82355,130327
1023,4228,4228.000,1881,8320,14681,17737,24382,31089,38743,59198,103925
1024,4291,4291.000,1830,8309,13122,17410,24174,31136,39186,61949,86143
1025,4353,4353.000,1931,8220,14224,17258,24004,30468,37402,60297,86302
1026,4150,4150.000,1919,8502,14726,18180,25032,32700,46296,66052,107002
1027,3052,3052.000,1829,9381,17691,24621,30369,56342,70510,106405,153554
1028,2905,2905.000,1945,9345,17206,25911,34806,61118,74422,97906,159277
1029,3436,3436.000,1885,8817,15353,21541,27260,50670,62626,86518,129535
1030,4312,4312.000,1947,8357,14209,17327,24249,30238,37161,59273,117236
1031,4503,4503.000,1892,8295,13053,16769,23558,29220,33430,57419,82628
1032,3872,3872.000,1958,8776,15761,19460,26407,35404,47127,70395,123663
1033,4064,4064.000,1849,8364,15296,18354,24788,32738,46580,64197,111839
1034,4362,4362.000,1867,8283,13851,17169,23821,29753,37004,58308,89602
1035,4277,4277.000,1885,8322,14126,17558,24563,31258,38163,60182,106039
1036,4416,4416.000,1921,8104,12230,16953,23717,30005,39547,59112,85181
1037,3871,3871.000,1935,8566,15649,19377,27083,35835,46787,70551,151514
1038,4427,4427.000,1961,8160,13204,16952,23602,29811,35643,59057,88398
1039,4198,4198.000,1828,8460,14599,17841,24632,31259,40326,62093,128906
1040,4440,4440.000,1918,8263,13297,16899,23514,29701,34039,58917,81689
1041,4212,4212.000,1969,8665,14840,17791,25059,31265,37233,58824,77566
1042,3290,3290.000,1922,8925,16575,23312,29572,51174,68143,102760,146986
1043,2879,2879.000,1903,9685,17111,25657,31941,61790,73774,101019,207563
1044,3096,3096.000,1836,9325,17949,24044,31166,54209,64922,86607,185144
1045,4294,4294.000,1862,8402,14153,17464,23765,30349,40419,60611,107629
1046,4375,4375.000,1855,8264,13843,17133,24105,30580,36173,60118,87621
1047,4010,4010.000,1917,8576,13975,18811,25411,34864,46739,69904,105741
1048,3904,3904.000,1934,8969,15512,19175,25869,34123,44339,68514,99810
1049,4279,4279.000,1932,8383,13485,17474,24417,31352,37790,62236,81678
1050,4176,4176.000,1888,8574,14001,17948,24644,31347,44679,61521,94088
1051,4310,4310.000,1905,8372,12532,17409,24410,30816,37552,62355,80130
1052,3901,3901.000,1976,8619,15390,19250,26585,35487,46198,67604,116576
1053,4288,4288.000,1967,8403,14116,17473,24158,30744,37375,62003,134945
1054,4358,4358.000,1984,8315,13968,17198,24225,30157,35209,59373,80014
1055,4344,4344.000,1879,8327,14087,17365,23921,30227,36433,61858,98474
1056,4100,4100.000,1846,8690,14494,18266,25320,32330,41354,64970,94397
1057,3451,3451.000,2008,8933,15083,21594,28206,45351,61507,89423,140583
1058,4114,4114.000,1951,8585,15029,18237,25255,32544,43392,63647,98479
1059,4465,4465.000,1908,8117,12990,16821,23781,29622,34152,58707,70512
1060,4335,4335.000,1897,8248,13635,17354,24245,30420,37334,61499,159607
1061,4204,4204.000,1905,8375,13723,17811,24826,32302,39988,63753,103136
1062,3817,3817.000,1873,8935,15828,19655,26924,36084,45878,69260,121067
1063,4247,4247.000,1928,8398,13423,17657,24332,32079,41321,61968,107357
1064,4308,4308.000,1910,8303,13879,17378,24448,30448,36986,60840,82375
1065,4520,4520.000,1940,7957,11354,16574,23262,29314,34646,59658,76483
1066,4347,4347.000,1958,8177,12717,17309,24087,30766,37556,61684,90217
1067,4002,4002.000,1917,8402,15014,18727,25599,34475,45174,70056,108614
1068,4458,4458.000,1846,7926,13253,16810,23770,29881,34902,58683,83224
1069,4259,4259.000,1889,8291,13904,17600,24710,31479,38738,60741,90975
1070,4497,4497.000,1960,7856,12393,16646,23331,29558,35288,59157,78276
1071,4429,4429.000,1905,8225,12477,17040,23830,30140,36205,60369,137854
1072,4022,4022.000,1850,8714,15016,18518,25515,33210,43489,63670,99442
1073,4199,4199.000,2024,8552,14318,17912,24934,31607,40125,62668,91300
1074,4124,4124.000,1857,8406,12561,18201,24951,33209,47909,66050,117209
1075,4294,4294.000,1875,8316,13405,17543,24248,31216,41155,61711,95754
1076,2613,2613.000,1976,12632,23490,28775,38254,59473,76134,94646,158171
1077,2272,2272.000,1886,12280,24964,33052,47693,68220,88682,115397,194426
1078,2837,2837.000,2012,11830,21280,26401,35899,53116,64493,88484,125598
1079,2926,2926.000,1952,10931,22281,25551,34952,50231,63899,82659,112843
1080,3145,3145.000,1957,10629,20138,23793,32687,44623,56475,80435,105590
1081,3224,3224.000,1970,11115,18830,23300,31777,42739,54109,78725,111363
1082,2649,2649.000,2039,12028,23106,28501,39165,54904,70488,105250,179656
1083,2943,2943.000,1973,10949,20201,25222,34083,49602,61504,92236,132549
1084,3318,3318.000,1917,10105,18628,22730,30346,43107,59147,78870,160498
1085,3385,3385.000,2005,9902,19044,22016,29640,39523,55343,74589,112334
1086,3315,3315.000,1922,9736,18962,23010,31504,44166,59312,81994,147567
1087,2763,2763.000,1886,10356,20262,26920,35852,53942,69970,117578,188749
1088,2670,2670.000,1946,10430,20308,27946,35285,62288,79264,116960,190403
1089,2642,2642.000,1926,10065,19961,28741,40313,66367,80355,108246,146049
1090,2746,2746.000,2007,10299,20569,26983,34652,62240,74591,100373,155593
1091,3741,3741.000,1859,9507,16935,20248,27741,35783,46343,70890,167103
1092,2893,2893.000,1994,10658,21426,25771,34879,50547,62085,93216,127841
1093,3225,3225.000,1961,9460,19103,23056,30125,49062,60414,84953,128068
1094,2923,2923.000,1819,9280,19366,25778,31267,55524,79320,142765,173298
1095,2866,2866.000,1934,9585,20188,28285,32049,51966,83273,166007,208956
1096,3095,3095.000,1950,9182,16982,22387,28460,40861,59245,102531,170510
1097,2990,2990.000,1942,9945,18930,24969,32182,50844,69616,102509,149139
1098,3340,3340.000,2030,9587,18659,22258,30428,42570,54919,75521,125474
1099,3760,3760.000,1910,9065,15743,20029,27501,36894,49062,70640,112330
1100,3858,3858.000,1871,8909,17097,19447,26733,34451,43344,65022,82138
1101,3836,3836.000,2019,8939,15409,19437,27141,35429,44535,67681,106520
1102,3034,3034.000,1959,10027,18808,25264,33009,51168,69006,115151,177379
1103,2950,2950.000,1968,9366,17529,25114,32634,56613,71118,108705,153320
1104,2924,2924.000,1873,9717,18568,25591,34163,58566,71192,91332,122511
1105,2901,2901.000,1871,9391,17674,25857,31707,58809,83400,110724,166953
1106,3815,3815.000,1961,8950,15675,19680,27250,35957,49374,69308,143865
1107,3255,3255.000,1953,9845,18433,23113,30847,45278,56149,90000,161637
1108,3792,3792.000,1893,8854,15986,19649,26971,35970,47359,70511,100082
1109,3869,3869.000,1832,9122,16172,19366,26862,34886,42464,65910,87317
1110,3894,3894.000,1885,8879,15333,19241,26512,35018,47292,67583,93904
1111,3849,3849.000,1952,9097,15914,19529,26825,35283,45456,71050,145533
1112,3189,3189.000,2068,9952,18509,23611,32719,45836,57664,90266,175639
1113,3819,3819.000,1946,8953,15985,19484,26665,35005,44535,69015,105400
1114,3781,3781.000,1853,9072,16929,19908,27026,35518,46198,69640,136838
1115,3581,3581.000,1928,8932,16899,20901,27602,39104,60888,81505,110947
1116,3996,3996.000,1794,8940,15597,18815,25812,32984,43043,64429,87760
1117,3467,3467.000,1850,9324,16922,21723,30079,41350,54130,82640,128011
1118,3823,3823.000,1898,8919,17169,19439,26803,34760,43013,63919,102129
1119,4253,4253.000,1887,8634,13873,17712,24813,31096,36937,61743,84885
1120,3787,3787.000,1859,9073,17017,19793,26724,35919,46525,68189,96600
1121,4100,4100.000,1898,8887,14966,18336,25089,32313,41682,64398,116796
1122,3428,3428.000,1975,9460,16628,22025,29867,43676,55556,80943,127986
1123,3638,3638.000,1833,9000,16901,20416,27835,38760,50494,69579,104398
1124,4072,4072.000,1935,8787,13626,18434,25489,33280,42556,65607,90473
1125,3535,3535.000,1796,8754,16861,21194,26929,37594,56011,101317,147506
1126,3702,3702.000,1798,8519,15708,20824,27125,37862,58135,111129,161819
1127,936,936.000,1907,40319,63168,88882,78714,223926,395195,407068,407508
1128,2579,2579.000,1998,8426,17032,25025,27412,50111,77312,222925,224070
1129,4193,4193.000,1897,8683,15013,17955,24766,31409,38593,62734,134210
1130,4239,4239.000,1888,8506,13277,17638,24687,31063,38086,61653,81930
1131,4215,4215.000,1910,8652,13745,17860,24758,31035,38177,62904,89755
1132,3499,3499.000,1972,9471,17224,21461,28785,39706,52996,83397,123976
1133,4135,4135.000,1941,8364,13133,18075,25172,32909,42707,64454,111532
1134,4127,4127.000,1902,8597,14230,18142,25398,32011,38340,64810,121131
1135,3882,3882.000,1897,8554,16230,19556,26035,34704,52929,78732,124246
1136,2363,2363.000,2056,13752,25822,31918,45277,62538,80712,95119,138025
1137,2690,2690.000,2047,11938,22670,27645,37729,54761,64380,92904,135397
1138,3083,3083.000,1893,10264,19899,24193,31311,49704,62259,83557,151904
1139,3119,3119.000,1942,10424,20594,24081,31185,46336,64534,79536,127151
1140,3493,3493.000,2065,9556,17979,21452,29224,40198,51897,72460,105968
1141,3409,3409.000,2024,9732,18616,21963,29571,41557,55528,73510,116373
1142,2682,2682.000,2045,11437,22136,28252,38514,56739,69841,106483,165764
1143,3063,3063.000,2033,10141,21161,24179,32600,46084,56511,84596,158085
1144,3705,3705.000,1848,9218,16555,20265,27965,36094,48464,70404,123250
1145,3647,3647.000,1882,9038,16795,21574,27324,38331,60462,112882,176934
1146,3749,3749.000,1940,9167,15550,19130,26602,33835,40275,67207,203014
1147,2915,2915.000,2003,10552,20627,25533,34143,48598,64016,95366,177425
1148,3526,3526.000,1931,9491,18696,21298,28996,39167,49772,74891,111429
1149,3896,3896.000,1851,8912,15343,19195,26622,35065,46284,67468,92518
1150,4144,4144.000,1962,8747,13957,18117,25485,32354,38627,63119,82016
1151,3842,3842.000,1928,9045,16670,19582,27260,35734,43984,66395,102962
1152,3171,3171.000,1882,10082,19669,23721,31830,46720,57186,85550,135163
1153,3988,3988.000,1873,8725,16215,18955,26048,34199,42817,65443,98567
1154,3982,3982.000,1902,8632,16449,18608,25691,32837,40281,65602,85387
1155,4013,4013.000,1862,8401,16074,18622,26086,33028,46668,62118,112585
1156,3871,3871.000,1870,8573,16998,19484,26007,35261,52439,66605,99385
1157,3734,3734.000,1859,9199,15425,19947,27674,36414,46268,71780,102428
1158,4173,4173.000,1915,8521,14794,18002,24870,31850,39718,61140,96973
1159,4321,4321.000,1908,8456,13645,17323,24332,30624,36450,60006,86817
1160,4240,4240.000,1879,8449,14469,17743,24789,31666,38362,61769,88707
1161,4025,4025.000,1832,8762,16275,18719,25598,33096,43977,63393,104493
1162,3344,3344.000,1941,9606,17978,22647,29480,43561,58679,93544,165293
1163,3096,3096.000,1970,9408,17037,24124,30356,56023,67469,96293,159559
1164,3138,3138.000,1884,9322,17877,23686,29897,52110,66067,93452,157088
1165,4023,4023.000,1875,8520,14008,18785,25323,33783,48940,74604,129766
1166,3393,3393.000,1859,8841,16185,21893,27719,47811,60270,85800,133679
1167,3820,3820.000,1987,8911,15817,19875,27011,37160,47345,74282,126792
1168,3578,3578.000,1856,9338,16102,20739,27890,39332,51671,81602,141850
1169,4236,4236.000,1822,8533,13398,17654,24578,31331,37578,61818,87617
1170,4286,4286.000,1899,8553,13979,17586,24748,31140,36205,60865,84238
1171,4303,4303.000,1870,8341,12746,17399,24255,31065,37954,60753,105028
1172,3739,3739.000,1824,9043,16708,20086,27541,37025,49030,72653,98038
1173,4230,4230.000,1837,8407,13871,17711,24613,31705,41603,59733,88234
1174,4166,4166.000,1946,8701,14079,17925,24753,31659,38666,64114,90319
1175,4236,4236.000,1944,8548,14335,17762,25008,31440,37080,62345,90201
1176,4036,4036.000,1831,8729,15514,18558,25836,32640,40404,63669,94028
1177,3638,3638.000,1871,9261,15899,20660,28267,38732,50359,76298,124022
1178,3932,3932.000,1962,8941,15396,18998,26083,34295,42492,66473,107387
1179,3861,3861.000,1843,8877,16444,19450,26625,34719,44346,73242,98871
1180,3909,3909.000,1991,8761,15452,19192,26442,34612,43755,68169,93731
1181,3598,3598.000,2031,8843,17050,21080,28053,39338,55291,88644,153785
1182,3566,3566.000,1907,9634,17350,20913,28764,37952,49152,74999,122044
1183,3912,3912.000,1984,8992,16270,19007,26328,33372,45462,63582,87611
1184,4184,4184.000,2075,8478,14322,18012,25151,31792,40232,62274,80703
1185,3943,3943.000,1882,8173,14045,18994,23868,31230,55556,87770,134589
1186,4310,4310.000,1845,8364,13675,17402,24153,30504,37832,61517,103612
1187,3892,3892.000,1911,8764,15305,19200,26423,35736,44034,69198,95767
1188,4305,4305.000,1805,8256,14179,17476,24323,30667,39395,61158,100250
1189,4479,4479.000,1933,8180,13307,16741,23642,29535,34025,56853,78457
1190,4405,4405.000,1837,8168,13893,17027,24067,30164,35985,58215,86144
1191,4397,4397.000,1998,8171,13220,17072,24021,30162,36135,60959,93013
1192,4088,4088.000,1922,8321,14202,18326,25188,33929,43439,68330,91664
1193,4338,4338.000,1929,8282,13795,17251,24130,30449,36999,60829,85874
1194,4631,4631.000,1814,8097,11225,16238,22902,28627,33076,57444,77895
1195,4374,4374.000,1973,8099,14386,17104,23804,30011,36638,58183,97725
1196,4628,4628.000,1912,7925,11749,16223,22961,28429,33053,55542,71981
1197,4018,4018.000,1998,8309,15103,18744,25869,34620,44387,69537,102024
1198,4180,4180.000,1823,8357,14290,17880,24583,31684,41825,63353,84898
1199,4422,4422.000,1853,8286,12448,16954,23925,29905,35121,59172,73908
1200,4282,4282.000,1952,8437,14660,17512,24452,30869,36802,59569,81084
1201,4225,4225.000,1901,8420,12847,17858,25137,31818,40257,62566,84201
1202,4035,4035.000,1959,8521,14222,18509,25440,34108,43948,69970,106192
1203,4119,4119.000,1928,8574,14463,18174,24847,32096,40933,66779,107721
1204,4472,4472.000,1861,8145,12492,16734,23494,29557,34890,60813,91028
1205,4543,4543.000,1954,7999,11482,16521,23237,29149,35027,58325,72844
1206,4172,4172.000,1966,8598,13948,18115,25118,31842,40800,65984,158833
1207,3394,3394.000,1896,8986,14730,22044,28514,47406,64557,89887,134717
1208,3269,3269.000,1774,8880,16802,23072,30010,52758,64260,83314,187146
1209,3825,3825.000,1926,8555,14491,19453,25826,35700,54720,74227,168180
1210,3891,3891.000,1919,8736,13589,19283,25699,35676,53384,70574,164363
1211,3423,3423.000,1989,8883,14225,21984,27917,53271,61099,79971,125261
1212,3410,3410.000,2050,9053,16313,21814,27923,44084,61322,91826,134566
1213,4441,4441.000,1928,8140,11467,16937,23911,30315,35022,60935,79400
1214,4285,4285.000,1910,8197,14408,17503,24304,31113,37260,63586,88674
1215,4220,4220.000,1879,7926,14438,17777,24448,32269,45570,64213,92518
1216,4460,4460.000,1842,7903,14079,16861,23355,29496,36087,61306,77742
1217,4115,4115.000,1940,8245,14198,18151,25181,33035,42709,66234,84590
1218,4378,4378.000,1947,7861,13532,17105,23705,30363,38793,61615,80664
1219,4721,4721.000,1925,7687,10740,15894,22250,27996,32919,59020,77330
1220,4656,4656.000,1817,7654,11337,16131,22645,28759,34023,55723,72578
1221,3222,3222.000,1906,9295,19478,23600,32011,46396,57471,80162,133203
1222,2636,2636.000,1977,12626,23208,28312,37872,53095,65093,102386,286281
1223,2724,2724.000,2046,11115,21567,27354,36762,56524,71163,94539,172399
1224,3168,3168.000,2121,10123,19271,23649,31784,45984,60435,85463,125397
1225,2978,2978.000,1842,10409,21086,25247,34009,53936,61486,84922,135939
1226,3561,3561.000,1864,9347,17248,21086,28098,39572,56386,72977,133675
1227,2879,2879.000,1885,10839,21168,26374,35039,50585,65219,108442,219454
1228,2973,2973.000,1936,10623,19826,24838,32985,48414,62001,94208,183932
1229,3673,3673.000,1966,8965,16374,20358,27649,38632,50540,72638,111476
1230,3822,3822.000,1963,8916,16980,19643,27105,35528,47351,67188,119700
1231,3826,3826.000,1872,8949,17009,19584,26606,35333,46958,67262,108241
1232,3493,3493.000,1911,9453,16660,21654,29331,41637,52762,85323,124210
1233,3792,3792.000,1887,8974,15501,19617,26510,36184,48793,71567,107728
1234,3974,3974.000,1824,8790,15997,18824,26071,33976,42483,64436,107707
1235,3977,3977.000,1778,8652,15619,18895,25648,33923,46018,63829,138798
1236,4042,4042.000,1859,8721,15536,18591,25866,34136,42278,63712,79905
1237,3371,3371.000,1832,9332,17651,22335,30693,43443,54746,83107,112811
1238,3882,3882.000,1807,8585,15583,19207,26611,34764,45969,66796,154515
1239,4143,4143.000,1890,8521,14763,18109,25156,31905,42549,63003,131023
1240,4127,4127.000,1808,8798,15345,18165,24950,31986,40030,61640,105168
1241,4097,4097.000,1882,8747,14415,18264,25574,32162,38723,65895,95121
1242,3532,3532.000,1822,9299,17277,21464,28944,40275,53689,79485,115267
1243,4152,4152.000,1850,8457,13661,17890,25029,32027,41100,63679,90898
1244,3976,3976.000,1907,8676,14952,18843,26240,33790,42911,66258,93609
1245,3798,3798.000,1871,8481,14657,19823,24396,33597,54517,116996,245590
1246,4290,4290.000,1932,8390,13588,17427,24072,30704,39155,61608,92670
1247,3634,3634.000,2080,9044,16350,20761,28035,39026,51895,78728,183255
1248,4244,4244.000,1923,8357,13802,17564,24383,31420,40967,60625,93433
1249,4283,4283.000,1894,8365,14103,17495,24617,30825,35989,60673,116397
1250,4346,4346.000,1946,8227,14659,17286,24195,30135,35901,58463,106924
1251,4138,4138.000,1867,8419,14578,18182,25067,32428,43618,65076,89704
1252,3798,3798.000,1914,8858,15814,19725,26861,36299,47977,75570,157889
1253,4146,4146.000,1854,8412,13930,18041,25038,32076,41378,66630,101452
1254,4209,4209.000,1937,8558,14320,17838,24798,31516,37914,62081,111712
1255,4286,4286.000,1965,8317,14097,17516,24435,30999,38338,61292,75646
1256,4286,4286.000,1888,8430,14183,17496,24250,30709,37999,60052,87411
1257,3893,3893.000,2018,8831,15170,19307,26809,35227,45417,70665,98240
1258,3997,3997.000,1913,8703,14954,18694,25555,33421,41632,69995,109813
1259,4275,4275.000,1904,8222,13386,17500,24381,30774,38200,64438,88411
1260,4352,4352.000,1914,8143,14353,17288,23991,30305,39894,59531,77317
1261,4475,4475.000,1896,8081,12590,16758,23474,29696,35848,59180,76039
1262,3922,3922.000,1849,8582,14853,19049,26051,35033,44997,70806,168632
1263,4468,4468.000,1874,8145,13020,16786,23473,29355,35498,58224,81407
1264,4378,4378.000,1923,8309,13810,17147,23849,29788,37697,59528,99033
1265,4504,4504.000,1962,8293,14233,16693,23218,28641,33842,57683,65562
1266,4234,4234.000,1846,8295,14443,17685,24613,30682,39526,61896,125716
1267,3652,3652.000,2005,8894,15924,20786,27348,40627,55746,87831,119072
1268,3348,3348.000,1832,8917,15805,22176,28866,51436,62162,80652,166138
1269,3808,3808.000,1861,8375,14240,19647,25264,41117,55675,77683,229482
1270,4358,4358.000,1895,8301,14532,17233,23788,30289,36443,58210,77714
1271,4513,4513.000,1921,8129,12741,16645,23063,28958,34808,56939,75849
1272,4058,4058.000,1989,8533,14124,18548,25491,33658,45291,68792,120829
1273,4368,4368.000,1931,8157,13268,17064,23610,30399,39057,59117,89393
1274,4409,4409.000,1797,8044,13386,17035,23679,30271,36471,59685,91161
1275,4360,4360.000,1875,8155,14278,17154,23967,30223,37119,59686,79919
1276,4625,4625.000,1836,7907,11243,16208,23030,28864,33369,57384,83674
1277,4037,4037.000,1941,8426,14859,18601,25548,34048,44630,68247,97203
1278,4548,4548.000,1882,7954,12249,16456,23118,28821,33155,57349,78035
1279,4422,4422.000,1863,8055,13960,17028,23468,29925,37982,59154,111113
1280,4469,4469.000,1927,8122,13066,16794,23463,29557,35291,60388,83864
1281,4288,4288.000,1879,8231,13058,17528,24445,31181,38563,62549,90583
1282,3454,3454.000,1904,9220,16373,21898,28182,43212,61165,89802,141379
1283,3585,3585.000,1807,8659,16343,20720,26742,40807,58789,81988,109810
1284,4343,4343.000,1843,8240,13619,17183,23482,29910,44591,59870,81158
1285,4441,4441.000,1831,8183,13338,16891,23415,29446,36631,58868,95339
1286,4262,4262.000,1876,8376,14678,17616,24267,30597,38838,61263,81532
1287,3903,3903.000,1883,8617,14411,19244,26202,37122,47124,69386,106455
1288,4292,4292.000,1861,8206,13238,17487,24377,31729,39194,61936,100931
1289,4194,4194.000,1883,8640,14169,17855,24460,31093,41098,61771,79803
1290,4497,4497.000,1847,8125,12423,16661,23404,29522,33403,58930,76271
1291,4340,4340.000,1849,8111,14343,17292,24196,30587,37478,60541,95856
1292,4236,4236.000,1859,8191,14016,17685,24794,31995,40202,62622,93617
1293,4622,4622.000,1936,8055,11590,16172,22697,28028,32003,55981,73658
1294,4462,4462.000,1844,8202,13866,16858,23442,29437,35368,57308,95890
1295,4559,4559.000,1967,8027,11454,16494,23453,28823,33062,57094,79183
1296,4553,4553.000,2027,8049,10989,16483,23290,29417,34280,59889,88432
1297,3193,3193.000,1909,9402,16103,24021,29372,54749,72375,103545,245806
1298,4088,4088.000,1998,7900,11528,17843,24010,31690,51756,70621,142268
1299,4419,4419.000,1867,8081,13034,17003,23619,29961,37186,59430,87591
1300,4246,4246.000,1953,7915,14995,17689,24403,31264,41906,64774,101187
1301,4391,4391.000,1896,7929,11839,17099,23815,30413,37792,63907,93557
1302,3723,3723.000,1910,8891,16012,20194,27209,37494,49960,75465,169822
1303,4227,4227.000,1901,8118,13624,17659,24425,32126,45005,62758,98047
1304,4424,4424.000,1844,7954,12162,16960,23550,29997,37338,61014,146420
1305,3766,3766.000,1906,8582,16534,19863,26291,37730,50087,75164,157374
1306,2723,2723.000,2002,12262,23196,27741,36247,57297,65524,89180,144432
1307,2886,2886.000,1910,11467,21097,25966,34208,49679,65833,91867,130343
1308,3132,3132.000,1894,10603,20778,24113,33374,45000,55740,77934,113106
1309,3371,3371.000,1971,9729,17778,21942,29672,40685,59108,72523,122709
1310,3522,3522.000,1951,9369,17367,21486,29159,40751,52169,78028,146866
1311,3309,3309.000,1968,10162,19403,22574,30890,41337,53261,79450,130853
1312,2608,2608.000,1809,11055,22643,28960,39103,58318,74785,112704,178216
1313,2393,2393.000,2016,11160,21522,31692,39227,73023,94530,142789,225835
1314,2682,2682.000,2040,10230,19007,27951,35976,63730,79843,111995,361685
1315,2989,2989.000,1900,9862,18512,24601,31356,52460,65644,99817,232136
1316,3612,3612.000,1829,9234,16956,20721,26961,38374,56238,77989,126867
1317,2459,2459.000,1905,10692,21236,31414,39334,74458,97808,140353,198315
1318,2573,2573.000,2073,10912,19895,28550,36291,66187,82411,115792,162122
1319,3439,3439.000,1847,9015,16228,21775,27956,48121,61155,87263,136406
1320,3989,3989.000,1964,8794,14970,18650,25794,33228,40337,65621,91607
1321,3946,3946.000,1941,9146,16417,19051,26131,33355,40024,63834,97302
1322,3384,3384.000,1996,9861,18243,22210,29833,42057,53511,81901,123540
1323,3912,3912.000,1897,8795,15684,19067,25925,34461,45947,67094,98270
1324,4056,4056.000,1931,8873,14659,18513,25316,33304,44892,64274,88620
1325,4129,4129.000,1938,8642,14666,18138,24740,32541,42180,62948,90314
1326,4084,4084.000,1976,8587,15607,18377,25490,32904,41933,60650,114399
1327,3828,3828.000,1925,9112,15084,19608,27179,35724,45296,72063,104215
1328,4042,4042.000,1882,8716,15153,18523,25582,32976,41580,66512,81439
1329,4108,4108.000,1916,8453,15492,18225,25012,32182,44715,61724,81850
1330,4107,4107.000,1870,8572,13938,18313,25182,33212,42880,65184,106154
1331,4135,4135.000,1847,8418,15087,18117,24737,32119,45329,61736,109884
1332,3650,3650.000,1894,8902,15908,20803,28324,40539,51698,79372,115810
1333,3939,3939.000,1860,8671,16208,18852,25671,33427,44936,66914,114856
1334,4337,4337.000,1885,8458,13024,17439,24528,30652,37524,59954,129013
1335,4388,4388.000,1898,8284,13609,16875,23728,29369,34635,58528,75842
1336,4323,4323.000,1901,8348,14027,17395,24336,30849,38458,58164,105391
1337,3832,3832.000,1870,8643,15265,19488,26921,36077,47734,72591,103350
1338,4093,4093.000,1869,8486,15313,18390,25320,32747,40831,64764,95375
1339,4450,4450.000,2023,8202,12151,16844,23584,29600,35417,59670,76890
1340,4280,4280.000,1853,8438,14631,17580,24548,30532,36410,59566,82095
1341,4287,4287.000,1900,8333,13397,17439,24379,31007,39112,60890,88791
1342,3818,3818.000,1923,8954,15929,19649,26599,36185,48726,72010,104370
1343,4297,4297.000,1767,8283,13601,17437,24218,31171,40692,61028,89374
1344,4343,4343.000,1914,8332,13953,17263,24184,29931,36310,59121,107002
1345,4428,4428.000,1833,8173,13162,16956,23637,29988,36528,57817,103742
1346,4308,4308.000,1905,8368,14046,17456,24313,30452,39239,61566,95017
1347,4058,4058.000,1883,8645,13761,18525,25691,34005,42170,68990,108047
1348,4065,4065.000,1900,8465,14561,18350,25228,32966,42668,68473,94985
1349,4520,4520.000,1919,8272,11739,16597,23422,29253,34591,58837,71714
1350,4415,4415.000,1825,8359,13755,16963,23692,29812,35025,57816,71460
1351,4558,4558.000,1825,8143,12152,16497,23457,29034,33456,57683,70028
1352,4143,4143.000,1838,8465,13973,18086,25172,32239,42633,64837,96499
1353,4241,4241.000,1924,8220,13386,17631,24481,31779,40632,65844,101129
1354,4171,4171.000,1897,8437,15091,18066,24994,31583,39541,63650,88852
1355,4340,4340.000,1874,8285,13404,17243,24158,30385,38194,58706,98328
1356,4236,4236.000,1892,8404,14383,17714,24512,31288,38465,61280,108554
1357,3907,3907.000,1919,8487,14709,19290,25787,35045,51924,74555,112021
1358,3594,3594.000,1827,9005,16106,20762,27258,40345,57409,82237,112668
1359,4357,4357.000,1955,8254,13063,17152,23890,30426,36742,61647,85411
1360,4454,4454.000,1896,8218,14280,16908,23452,29128,34453,58807,80187
1361,4196,4196.000,1844,8257,14593,17864,24866,31814,39025,64007,143660
1362,3919,3919.000,1879,8566,14836,19212,26373,36235,47659,71838,111500
1363,4197,4197.000,1860,8370,14524,17799,24562,31881,40258,64636,94212
1364,4401,4401.000,1866,8292,13253,17039,23715,30110,36508,56926,83040
1365,4462,4462.000,1832,8016,12406,16763,23551,29552,36970,57990,90670
1366,4543,4543.000,1910,8280,12170,16578,23357,29117,33550,57486,70698
1367,4064,4064.000,1864,8512,14504,18385,25104,33130,42258,68918,97300
1368,4264,4264.000,1838,8307,13937,17599,24484,31090,39655,61313,90421
1369,4419,4419.000,1870,8220,14103,17053,23546,29746,36404,59215,81868
1370,4408,4408.000,1821,8331,13682,16961,23327,29440,35616,57600,88655
1371,4411,4411.000,1915,8274,12700,17016,23693,29804,35332,62758,86844
1372,3781,3781.000,1881,8765,15323,19882,26429,37236,50833,78254,159618
1373,3572,3572.000,1921,8598,14851,20924,26025,48324,59186,85646,138107
1374,3587,3587.000,1915,8828,16586,20864,27161,42254,56692,77091,178877
1375,4132,4132.000,1877,8121,11892,18273,24800,32659,50757,69830,143567
1376,4156,4156.000,1830,7981,12602,18014,24591,32777,49718,69331,140099
1377,3861,3861.000,1875,8706,15370,19411,26292,35791,47551,74520,121843
1378,4318,4318.000,1875,8168,13692,17296,24007,30832,38739,61471,105457
1379,4502,4502.000,1806,8110,12906,16669,23108,29140,34385,57690,80623
1380,4638,4638.000,1840,7762,11865,16146,22860,28249,32009,55777,66223
1381,4465,4465.000,1914,8039,13607,16784,23672,29131,33790,57074,91426
1382,4562,4562.000,1870,7891,11325,16505,23167,29200,34579,61086,84187
1383,4529,4529.000,1967,7938,11164,16535,23286,28769,34794,58223,73475
1384,4455,4455.000,1892,8164,12027,16834,23372,29767,36153,61375,95894
1385,4600,4600.000,1903,7908,11139,16306,22827,28860,33564,58444,75361
1386,3893,3893.000,1866,8285,15571,19404,25697,36708,52450,78656,135590
1387,2309,2309.000,1978,13155,25147,32432,42188,66675,87987,120805,178682
1388,2889,2889.000,2006,11130,21867,25870,34187,52275,62801,85801,151007
1389,3046,3046.000,2072,10263,19216,24548,30784,56954,70083,92207,169893
1390,3517,3517.000,1858,9661,17494,21369,28389,39161,59311,70651,115690
1391,3545,3545.000,1988,9297,16150,21181,28638,40551,55280,75870,99796
1392,2852,2852.000,1877,10954,21301,26529,36351,55172,67127,94506,140433
1393,3091,3091.000,1798,9934,19117,24122,31961,48404,60407,96927,163750
1394,2957,2957.000,1900,9279,17577,25216,28360,41495,66698,227009,284126
1395,3742,3742.000,1884,9025,16995,20029,27425,36788,51521,68068,118913
1396,3854,3854.000,1819,9116,16449,19525,26385,34722,48061,67517,102634
1397,3235,3235.000,1970,9781,19312,23144,31116,44443,56205,86562,122274
1398,3577,3577.000,1974,9476,17347,20943,27664,38791,51604,78772,113893
1399,3937,3937.000,1958,8918,15719,19085,26138,34309,45812,64468,105073
1400,3797,3797.000,1895,8937,16403,19680,26647,36286,47638,68186,137223
1401,3987,3987.000,1920,8997,15344,19031,26114,33437,46458,67856,118995
1402,3265,3265.000,1862,9507,18157,22808,31562,44495,55287,84831,128536
1403,3559,3559.000,1953,9299,17545,20996,28047,38652,51037,74602,160651
1404,3996,3996.000,1891,8981,16448,18766,25955,32576,39590,65202,93435
1405,4142,4142.000,2009,8836,13585,18371,25340,32750,43441,67391,126451
1406,4028,4028.000,1972,8775,15758,18431,25418,32821,41125,61699,98707
1407,3444,3444.000,1970,9574,16949,21857,29123,41581,53678,84600,136168
1408,3736,3736.000,1998,8835,16438,19932,26558,36911,49438,73231,127580
1409,4181,4181.000,1890,8521,14500,17884,24781,32003,37955,65011,89524
1410,4200,4200.000,1893,8468,15906,17933,24412,31554,37893,60409,116770
1411,4193,4193.000,1832,8482,14924,17829,24608,31151,38429,61330,128446
1412,3642,3642.000,1999,9424,16383,20675,28328,38777,50617,77949,110875
1413,3936,3936.000,1816,8871,15309,19032,26044,33833,45254,71005,120888
1414,4130,4130.000,1943,8629,15791,18159,24454,32010,41413,63976,102520
1415,4315,4315.000,1830,8498,13883,17310,24054,30529,36721,60782,83912
1416,4141,4141.000,1923,8601,15103,18180,24814,31675,40722,65214,137066
1417,3699,3699.000,1884,8947,15051,20253,27565,38793,49915,77508,113835
1418,4093,4093.000,1943,8545,14879,18322,24851,32615,42126,67614,116601
1419,4287,4287.000,1869,8381,14174,17522,24309,31259,37521,62422,85499
1420,4417,4417.000,1946,8140,12283,16917,23752,30052,35770,61206,98034
1421,4185,4185.000,1899,8469,14011,17984,24812,31615,39684,64683,92490
1422,3729,3729.000,1809,8894,15828,20251,27458,38390,48736,79589,121747
1423,4014,4014.000,1919,8635,14642,18468,25134,32676,45672,66307,114751
1424,4280,4280.000,1930,8475,14131,17614,24224,30794,38958,62636,85854
1425,4184,4184.000,1910,8409,15515,17820,24247,30560,39943,62164,111799
1426,4139,4139.000,1902,8219,13210,18015,24266,31521,50435,66150,132609
1427,4043,4043.000,1929,8609,15869,18737,25834,33633,42440,68249,99368
1428,4116,4116.000,1850,8454,14828,18187,25089,32091,41427,66789,120524
1429,4469,4469.000,1912,8307,12773,16825,23390,29453,34426,59828,90165
1430,4300,4300.000,1874,8426,13958,17380,24254,30161,36125,61534,108864
1431,4402,4402.000,1882,8408,12702,17110,23761,29716,35469,62029,88600
1432,3371,3371.000,1952,9252,17327,22277,29450,45108,60075,88654,116732
1433,3577,3577.000,1960,8870,15958,21122,27239,45132,59223,80767,110168
1434,3173,3173.000,1808,8540,16522,23414,28867,53520,66383,104114,188874
1435,4338,4338.000,1842,8082,12339,17250,24150,30278,38814,63582,86269
1436,3536,3536.000,2069,8701,15418,21486,27700,50248,60807,77049,126881
1437,2763,2763.000,1938,9693,18470,27073,34118,64337,79239,108287,152750
1438,3901,3901.000,1851,8554,14791,18983,25134,34139,49127,78150,163802
1439,4466,4466.000,1922,8097,13470,16857,23423,29954,34900,58744,79567
1440,4539,4539.000,1891,8074,11589,16499,22997,29084,34454,59680,70577
1441,4371,4371.000,1868,8388,13586,17176,23917,29763,35400,60804,80712
1442,4059,4059.000,1860,8654,14995,18474,25198,32966,41144,71730,90379
1443,4498,4498.000,1877,8178,12792,16705,23341,29428,34365,58242,95662
1444,4341,4341.000,1904,8431,13636,17166,23729,29621,37832,59535,74205
1445,4567,4567.000,1841,8231,12371,16461,23041,28313,32452,58302,69658
1446,4272,4272.000,1782,8558,14097,17597,24584,30842,36379,63020,86749
1447,3565,3565.000,1879,9045,16214,21122,27995,39357,57867,84137,137493
1448,3412,3412.000,1923,8763,15288,21816,27348,47774,61050,90171,263185
1449,4381,4381.000,1983,8086,12906,17288,23994,29924,43507,61638,136056
1450,4208,4208.000,1788,8271,15026,17636,24057,31195,40082,60908,81938
1451,4624,4624.000,1935,8018,10938,16269,22787,28388,33010,58280,70197
1452,3988,3988.000,1828,8560,14386,18896,25838,34464,46027,69218,109128
1453,4483,4483.000,1843,8015,11506,16536,23156,29213,35663,59834,86779
1454,4100,4100.000,1879,8205,15486,18391,25138,33256,47711,63483,101932
1455,4524,4524.000,1883,7906,12362,16561,22961,28864,34798,60975,74870
1456,4502,4502.000,1777,8036,12734,16677,23532,28885,35190,58516,73338
1457,4036,4036.000,1871,8405,14972,18569,25458,33960,44787,69877,109778
1458,4392,4392.000,1833,7968,12560,17056,23500,30073,39485,63339,92204
1459,4434,4434.000,1900,8152,12886,16935,23167,29323,36434,62172,123048
1460,4584,4584.000,1946,8036,11692,16325,23021,28197,31656,58752,78997
1461,3323,3323.000,1865,9284,17380,23185,27779,51059,66057,96117,149576
1462,2624,2624.000,1926,11539,23891,28186,38383,55517,66107,95275,133370
1463,2806,2806.000,1939,10886,21095,26396,34443,52645,71524,94893,142735
1464,3376,3376.000,1896,10074,18423,22273,29924,42493,52531,77506,115871
1465,3437,3437.000,1927,9721,17750,21887,29845,41495,53417,78620,130034
1466,3283,3283.000,1912,9609,19030,22963,29867,46220,59268,78886,132400
1467,2867,2867.000,1901,10792,20046,26645,35660,53552,67630,110065,285097
1468,3048,3048.000,1986,10009,18407,24212,32192,46736,62340,105726,217693
1469,3521,3521.000,1885,9461,18737,21146,28611,38924,50651,71047,100541
1470,3663,3663.000,1853,9130,17573,20442,27241,37692,50027,72136,103692
1471,3680,3680.000,1915,9143,17277,20401,27437,37188,54067,70440,125954
1472,3246,3246.000,1975,9724,16653,23167,31425,44957,55930,100835,150765
1473,3614,3614.000,1939,9012,17171,20649,27856,38341,51069,74382,127481
1474,3838,3838.000,1885,8795,15610,19530,26600,36146,46343,74184,132658
1475,3866,3866.000,1885,8903,16498,19271,26587,33711,42919,67813,89494
1476,3954,3954.000,1959,8961,16350,19060,26189,33258,41450,67028,127013
1477,3213,3213.000,1810,10041,19764,23518,31473,43422,57176,88259,175076
1478,3818,3818.000,1929,9047,15995,19562,26809,34818,46571,70613,111577
1479,3916,3916.000,1931,8810,16149,19134,26322,34169,44396,70882,91700
1480,3944,3944.000,1870,8573,15857,19025,25814,33920,43736,72037,96829
1481,3989,3989.000,1895,8810,15157,18744,25279,32722,41860,66860,95738
1482,3296,3296.000,1903,9758,18484,22921,30303,44096,56307,95151,131443
1483,3811,3811.000,1790,8824,15613,19461,26600,35793,45620,69764,125542
1484,3983,3983.000,1892,8690,16024,18849,25820,32818,42828,67639,99195
1485,4149,4149.000,1940,8576,14818,18237,24995,31852,41856,66275,88071
1486,4191,4191.000,1972,8337,14768,17741,24936,30910,37034,62353,86264
1487,3550,3550.000,1942,9403,17965,21221,28616,38644,49065,76864,130337
1488,4164,4164.000,1871,8383,14010,17955,24789,31935,39892,67558,93258
1489,4160,4160.000,1916,8733,14557,17996,24847,31387,37364,63119,107552
1490,4216,4216.000,1928,8303,14931,17842,24692,30877,39236,66590,106813
1491,4303,4303.000,1916,8435,12529,17432,24273,30128,36033,65074,99038
1492,3344,3344.000,1920,9526,17481,22579,29410,43478,57084,97811,131200
1493,3182,3182.000,1890,9309,16906,23551,30164,54218,67650,91175,147311
1494,2999,2999.000,2084,9110,16432,25261,32710,60685,72810,95244,149340
1495,3647,3647.000,1921,8696,15506,20115,26365,36737,55744,81229,119519
1496,4374,4374.000,1926,8417,13365,17234,23766,30244,35076,61939,91191
1497,3651,3651.000,1909,9167,17026,20756,28023,38040,49209,81932,125148
1498,3824,3824.000,1915,8695,15694,19404,26390,35044,46332,73447,128615
1499,4393,4393.000,1840,8289,12493,17037,23813,30042,35613,63072,88131
1500,4371,4371.000,1960,8317,14316,17148,23848,29850,35599,60214,89298
1501,4513,4513.000,1922,8220,12573,16667,23367,29396,33620,59629,72270
1502,3803,3803.000,1823,9017,16727,19664,26531,35526,46162,73678,103867
1503,4396,4396.000,1907,8278,13248,17082,23784,29658,35966,60504,97254
1504,4202,4202.000,1853,8483,15119,17852,24387,30649,38246,63303,87325
1505,4401,4401.000,1891,8123,13631,17083,23715,29482,36074,61277,116372
1506,4446,4446.000,1939,8441,12529,16834,23455,29668,33813,60610,94314
1507,3533,3533.000,1895,9185,16604,21294,28057,39345,55139,89603,127126
1508,3643,3643.000,2010,8498,14328,20449,26235,40345,59212,88814,129354
1509,4285,4285.000,1957,8302,14303,17615,24044,30688,41273,63970,93483
1510,4385,4385.000,1958,8187,13397,17031,23753,29796,35345,60337,80606
1511,4328,4328.000,1932,8302,14630,17356,23800,29657,36175,61532,86091
1512,3838,3838.000,1786,8797,15062,19703,26767,36814,46918,74770,114964
1513,4089,4089.000,1915,8378,14929,18206,25201,32137,41806,68305,102752
1514,4256,4256.000,1875,8222,13395,17590,24286,31401,39471,69811,93248
1515,4286,4286.000,1904,8142,14911,17496,23980,30385,38606,61436,75508
1516,4484,4484.000,1853,8193,13063,16729,23209,29290,35251,59782,78650
1517,4034,4034.000,1826,8520,15154,18598,25405,33220,42224,71266,107526
1518,4170,4170.000,1889,8647,15318,17971,24451,31167,40944,62695,105419
1519,4491,4491.000,1884,8405,12627,16704,23348,29098,33782,59705,74257
1520,4296,4296.000,1851,8520,14458,17424,23961,30134,35271,61660,78282
1521,4423,4423.000,1873,8264,12226,17007,23762,30227,35720,61381,77158
1522,3563,3563.000,1906,9208,16037,21311,27518,40896,59747,89371,128088
1523,3349,3349.000,1999,8587,15328,22367,27926,52187,66745,94565,160437
1524,3962,3962.000,2022,8475,15112,18714,25076,33052,50500,69924,144219
1525,4566,4566.000,1810,7879,11876,16417,22834,28999,33925,60852,97150
1526,4386,4386.000,1956,8231,12369,17107,23643,30208,38152,62458,119389
1527,3934,3934.000,1903,8359,13630,19062,25944,36254,48536,76183,135328
1528,4285,4285.000,1985,8159,13955,17518,24343,30885,38352,64600,97618
1529,4276,4276.000,1870,8204,14363,17488,23915,30946,39661,64654,114303
1530,4655,4655.000,1950,7887,11054,16131,22897,28364,32295,57980,73820
1531,4409,4409.000,1859,7978,12755,17016,23398,29917,39773,63872,115675
1532,4005,4005.000,1854,8448,14691,18753,25644,33508,44940,74636,96821
1533,4422,4422.000,1834,8075,13829,16918,23381,29496,35125,60622,96549
1534,4480,4480.000,1871,8107,13627,16746,23635,29286,35131,59010,80439
1535,4575,4575.000,1852,7999,11457,16383,22837,28526,32940,58775,116693
1536,3072,3072.000,1917,10053,20088,24512,31279,48365,62408,99072,126219
1537,2738,2738.000,1994,11528,21446,27910,36260,56840,71666,109302,173199
1538,2580,2580.000,2064,10976,21123,28608,37668,62121,77392,107813,154993
1539,2598,2598.000,2248,10825,22029,28594,36006,62051,76359,114191,291114
1540,3333,3333.000,1973,10133,19226,22616,30533,41058,55223,79643,133279
1541,3567,3567.000,1884,9526,17203,20934,28309,37803,54787,74440,120978
1542,2783,2783.000,2003,10571,21677,27295,36188,54731,70212,110703,176454
1543,2775,2775.000,1884,10279,21115,26811,36554,54806,69719,104822,153567
1544,3483,3483.000,1821,9404,18363,21544,28849,39987,50690,80709,110342
1545,3631,3631.000,1975,9090,17141,20675,27705,38748,53071,73954,120634
1546,3770,3770.000,1871,8917,16493,19821,26882,37134,49742,70798,97258
1547,3081,3081.000,1974,10063,19728,24544,33053,46907,60297,100987,147658
1548,3705,3705.000,1883,9009,16368,20048,26679,37073,48876,76976,123607
1549,4053,4053.000,1958,9004,15811,18529,25501,32478,40572,63284,132539
1550,4106,4106.000,1882,8849,15035,18229,25184,31914,38662,66852,120028
1551,3932,3932.000,1795,8949,15432,19185,26186,34176,45463,68880,111451
1552,3185,3185.000,1899,9924,19729,23568,31295,45445,56744,87928,148325
1553,3108,3108.000,1925,9282,17660,24474,32162,56541,66539,94371,142998
1554,2898,2898.000,1975,9425,18243,25582,34346,58187,70759,91275,111662
1555,3452,3452.000,2097,8792,16196,21500,27771,44149,61637,86693,172781
1556,4073,4073.000,1856,8529,16364,18430,25153,32059,39775,64409,82722
1557,3389,3389.000,2002,9634,17801,22356,30154,42943,53391,85009,144217
1558,3857,3857.000,1870,8695,15827,19262,26227,34890,43853,68991,153729
1559,4091,4091.000,1939,8587,16087,18314,25240,32009,40743,63421,88056
1560,4199,4199.000,2017,8539,15673,17871,24838,31241,38569,60864,84831
1561,4201,4201.000,1885,8474,13833,17825,24614,31159,38958,64683,81862
1562,3587,3587.000,1839,9197,16761,20992,27877,40781,52451,77316,166454
1563,3994,3994.000,2008,8484,15727,18697,25585,33441,43234,64994,115389
1564,4169,4169.000,1930,8424,14825,18024,24679,31453,38959,67007,91483
1565,4196,4196.000,1858,8513,14726,17789,24638,31558,37852,63405,91591
1566,4404,4404.000,1926,8264,13668,17131,23791,29578,35779,60703,114521
1567,3822,3822.000,1947,9162,15478,19633,26908,35169,44307,70631,105376
1568,4123,4123.000,1944,8448,14854,18089,24976,32037,39666,64977,111352
1569,4521,4521.000,1956,8271,12584,16629,23560,29146,33313,58430,73061
1570,4113,4113.000,1850,8396,15868,18193,24850,31805,40047,61124,121830
1571,4377,4377.000,1907,8296,13501,17179,24042,30156,35489,61162,93739
1572,3462,3462.000,1953,9238,17458,22044,29149,42420,56683,86890,136767
1573,3273,3273.000,1929,8892,15932,22710,28828,53153,64595,88267,149013
1574,3966,3966.000,1914,8554,15525,18751,25152,33724,46279,66837,157761
1575,4593,4593.000,1919,7950,12383,16269,22926,28227,32439,57264,71811
1576,4080,4080.000,1868,8320,15896,18419,24839,31988,50431,63305,127923
1577,4043,4043.000,1903,8626,13989,18559,25518,33579,42842,67783,99937
1578,3913,3913.000,1850,8581,15543,19188,25848,35433,47738,69881,105849
1579,4481,4481.000,1962,8192,13667,16744,23490,28877,33785,59120,79058
1580,4290,4290.000,1926,8454,14535,17537,24189,30373,36440,61060,129665
1581,4522,4522.000,1911,8050,11807,16545,23358,29017,32768,58582,71795
1582,3854,3854.000,1938,8888,15991,19523,26402,35279,47099,72992,143884
1583,4193,4193.000,1908,8152,14222,17805,24443,32152,42653,64432,110824
1584,4342,4342.000,1961,8139,14054,17232,23803,30191,36817,59914,82555
1585,4329,4329.000,1916,8128,13441,17350,24117,30946,39452,61983,102631
1586,4211,4211.000,1908,8406,14481,17830,24834,31596,39127,65039,88034
1587,3843,3843.000,1973,8656,15298,19476,26755,36161,47318,71903,114094
1588,4253,4253.000,1912,8317,13698,17772,24727,31419,39783,64320,98233
1589,4373,4373.000,1949,8271,13884,17083,23738,29594,36943,58057,81958
1590,4504,4504.000,1949,8097,13058,16576,23313,28810,33588,56857,128075
1591,4390,4390.000,1880,8248,14073,17166,23979,30015,35687,59021,122224
1592,4058,4058.000,2011,8486,14799,18477,25602,33360,42258,66297,111709
1593,4261,4261.000,1922,8435,13718,17540,24456,30821,37315,62620,110224
1594,4505,4505.000,1887,8224,12613,16633,23281,29047,34022,58176,71744
1595,4420,4420.000,1898,8306,13661,17004,23315,29560,36942,58892,100286
1596,4483,4483.000,1851,8193,12725,16756,23590,29535,34387,59503,82008
1597,3988,3988.000,1879,8671,14873,18804,25535,34557,44953,69322,97110
1598,4371,4371.000,1904,8341,13512,17105,23623,29958,37045,60618,103650
1599,4477,4477.000,1864,8051,12805,16740,23264,29694,36131,59697,71854
1600,4460,4460.000,1919,8220,13390,16837,23420,29273,35602,58346,97725
1601,4404,4404.000,1869,8166,12718,17034,23504,30463,38838,60540,122191
1602,3720,3720.000,1890,8854,15359,20566,27048,40206,55133,86246,146926
1603,3200,3200.000,1822,8754,16301,23148,29343,53927,66424,90031,131164
1604,3314,3314.000,1943,8595,15045,22470,28230,54143,65159,86270,238679
1605,4288,4288.000,1954,8255,14830,17542,24022,30408,44432,57406,80148
1606,3743,3743.000,1804,8275,14148,20205,26047,43341,58389,81338,135185
1607,3803,3803.000,1828,8762,15765,19520,26080,35849,47275,74106,114435
1608,4416,4416.000,1922,7979,13906,16934,23611,29721,38239,57785,79416
1609,4424,4424.000,1973,8205,13965,16980,23660,29231,35065,58834,149347
1610,4618,4618.000,1902,7887,11268,16166,22814,28619,32945,57632,75335
1611,4735,4735.000,1876,7738,11048,15926,22515,27868,31591,55851,67035
1612,4065,4065.000,1940,8471,14588,18470,25555,33462,41897,69729,99858
1613,4564,4564.000,1871,7994,11811,16368,23138,29301,33231,56192,87998
1614,4479,4479.000,1897,7856,13507,16923,23514,29445,42826,58523,114433
1615,2740,2740.000,1846,11527,22176,27126,34437,50326,78044,98192,156379
1616,2865,2865.000,1982,11391,22470,26129,34450,51771,62779,89523,148245
1617,2990,2990.000,1951,11035,20028,25341,33623,50135,62122,93680,183121
1618,2982,2982.000,2022,10240,19651,24924,33454,47901,64290,96998,155474
1619,3253,3253.000,1968,9652,18589,22960,31162,45895,57126,84283,126286
1620,3591,3591.000,1920,9384,16538,21103,28436,40149,55203,75922,119267
1621,3768,3768.000,1845,9218,16140,19782,27237,35970,47344,68623,89970
1622,3127,3127.000,2057,10228,20648,24134,31883,44669,59266,85918,158251
1623,3204,3204.000,1901,9738,18356,23232,30919,48256,58441,87452,123336
1624,3752,3752.000,2020,9228,16261,19987,28037,36451,46003,68375,96078
1625,3526,3526.000,2009,9010,18068,21249,28534,40032,53719,73257,105186
1626,4027,4027.000,1930,8832,14507,18942,26020,34171,42905,69165,115529
1627,3149,3149.000,1859,9827,18910,23650,31941,46282,57159,90150,152685
1628,3523,3523.000,1946,9649,17857,21190,28338,39489,48181,79007,141501
1629,3884,3884.000,1867,8886,16056,19266,26681,34477,43524,68177,113326
1630,3916,3916.000,1940,8893,15918,19040,26369,33907,42752,65217,122068
1631,4080,4080.000,1931,8842,15410,18491,25708,32957,39319,63448,91557
1632,3105,3105.000,2000,10012,18700,24461,31726,48902,64025,106112,142935
1633,2937,2937.000,1918,9856,18455,25224,31101,55113,71950,108227,168252
1634,4088,4088.000,1985,8832,14272,18323,25434,32382,38296,65803,92009
1635,3745,3745.000,1817,8961,17358,19999,27245,37085,47799,67275,110389
1636,4082,4082.000,1864,8838,14577,18422,25507,32469,40925,66619,98339
1637,3463,3463.000,1872,9397,17153,21595,29406,41017,51684,82366,127786
1638,3752,3752.000,1899,9008,16333,20014,26860,37693,49555,70559,174711
1639,4059,4059.000,1908,8641,15889,18440,25129,32747,41242,62781,93598
1640,4353,4353.000,1939,8411,12252,17176,24313,30409,35266,60675,79376
1641,4177,4177.000,1970,8483,14265,18121,25387,31994,40629,64119,136715
1642,3462,3462.000,2030,9416,17120,21632,29714,41875,52779,77020,117665
1643,3985,3985.000,1930,8914,15026,18727,25453,33433,44894,64265,109794
1644,4195,4195.000,1975,8552,14036,17937,24886,32002,40143,63720,125654
1645,4084,4084.000,1931,8558,13844,18323,25144,33178,41607,67826,109048
1646,3913,3913.000,2067,8972,16394,19170,26218,33781,42372,67756,156539
1647,3417,3417.000,1906,9717,16529,21993,29704,41821,55284,84556,121324
1648,3687,3687.000,1850,9333,16330,20274,28081,37021,46803,71946,134261
1649,4042,4042.000,1953,8745,14436,18646,25935,32961,40307,69210,119677
1650,3952,3952.000,1929,8905,15564,18901,26258,33333,42488,65084,106369
1651,4034,4034.000,1968,9052,14097,18641,25800,33358,41226,67431,100397
1652,3568,3568.000,1907,9341,16008,21008,28385,39246,51442,82116,118350
1653,3886,3886.000,1861,9053,15584,19315,26471,34866,44933,68075,123840
1654,3877,3877.000,1931,8925,16144,19339,26397,34833,44235,68270,100914
1655,4064,4064.000,1975,8770,13887,18444,25901,32952,38921,65578,88312
1656,4073,4073.000,2011,8899,14149,18381,25658,32724,37914,64692,93082
1657,3605,3605.000,1887,9631,16234,20807,28256,38233,47668,76487,117528
1658,3799,3799.000,1977,9309,15872,19746,27362,35708,45117,68554,131952
1659,4149,4149.000,2027,8712,14107,18137,25090,32310,39404,65752,88462
1660,4080,4080.000,1908,8805,14147,18296,25572,32603,40210,65319,122314
1661,3961,3961.000,1943,8847,15624,19063,25975,34091,45665,67909,108296
1662,3323,3323.000,1916,9629,18185,22660,30633,43270,55089,86273,156934
1663,3076,3076.000,2030,9750,17569,24310,30078,53899,71164,101059,165955
1664,2247,2247.000,2085,10024,21497,33305,44796,78638,101692,151244,201833
1665,2613,2613.000,2140,10247,19323,28856,41323,67722,79757,104101,167449
1666,3737,3737.000,2015,8823,14673,19867,26675,36005,54576,78698,114956
1667,3889,3889.000,1906,8796,14608,19251,26282,35118,45237,70907,127467
1668,3748,3748.000,1866,8976,15993,20062,27016,37147,49989,77405,131273
1669,3583,3583.000,1894,8839,16410,20910,26856,36122,58541,102784,192532
1670,4299,4299.000,1954,8511,13416,17465,24465,30793,35487,61106,81674
1671,3977,3977.000,1884,8945,14860,18859,26234,33587,42023,66906,102896
1672,3623,3623.000,1995,9293,16054,20745,28285,39239,50374,76568,125804
1673,3770,3770.000,1858,9414,16134,19788,27073,35876,45705,70642,104703
1674,4271,4271.000,1935,8734,13491,17541,24635,30569,35744,61081,78660
1675,4004,4004.000,1934,8739,15420,18743,25751,33399,43115,64604,134158
1676,4216,4216.000,1953,8541,13125,17848,24825,31635,38483,64820,114782
1677,3650,3650.000,1926,9116,16343,20502,28157,38680,49849,73422,125523
1678,3858,3858.000,1873,8998,15118,19481,27023,34742,46216,71598,101439
1679,2481,2481.000,1997,9943,21103,32163,35190,72969,77940,215174,273989
1680,2842,2842.000,1968,8924,18827,24603,29283,52671,70244,125049,154560
1681,4086,4086.000,1957,8785,16069,18373,25302,31530,36473,63808,151123
1682,3721,3721.000,1942,8906,15348,20234,27833,38384,50325,77558,122217
1683,4037,4037.000,1865,8962,15177,18544,25671,32555,40126,65762,91857
1684,4210,4210.000,1937,8705,13787,17780,24679,30945,38102,60418,87725
1685,4136,4136.000,1914,8805,13625,18133,25149,32212,38272,63937,77003
1686,4129,4129.000,1951,8716,14551,18172,25087,32046,41068,63834,93294
1687,3601,3601.000,1870,9034,16462,20897,28272,39235,51865,77933,115581
1688,2641,2641.000,2031,10923,20948,28154,35831,58877,81927,117070,157032
1689,2476,2476.000,2126,11611,22480,30731,38354,75545,83868,107151,153361
1690,2767,2767.000,2144,11564,23067,26895,36046,54791,65769,88528,132008
1691,2998,2998.000,1848,11137,19555,25068,33482,48149,67935,93493,141896
1692,2188,2188.000,2102,13818,27100,35395,46640,74474,98271,144719,215946
1693,2199,2199.000,1912,10914,22892,32765,39223,72191,93960,164363,250935
1694,2442,2442.000,1992,11070,23425,31226,40759,70802,79786,123123,268627
1695,2679,2679.000,1991,9967,19912,27630,34171,62741,85682,106576,286930
1696,3393,3393.000,1968,10120,18178,22340,30289,42018,55649,79930,149448
1697,2806,2806.000,1940,11240,21114,27002,35723,52724,67676,110879,188992
1698,2925,2925.000,1902,10692,20946,25935,34917,53854,65575,87452,174765
1699,3339,3339.000,2056,9883,18967,21673,29521,39750,50954,70941,107967
1700,3472,3472.000,1932,9895,17634,21759,29724,38697,57437,79760,165764
1701,3539,3539.000,2007,9549,16684,21054,27913,36966,61684,75380,168902
1702,2763,2763.000,2043,10515,20530,27385,35003,59169,81318,106650,212058
1703,2960,2960.000,2110,10668,20715,25354,34133,49473,62570,93522,150416
1704,3591,3591.000,1990,9491,16725,20773,27879,37073,54345,79071,136563
1705,3644,3644.000,1871,9524,15821,20494,28238,37583,49326,75573,102169
1706,3466,3466.000,1898,9734,18137,21755,30007,39742,50519,77423,103468
1707,3000,3000.000,1936,10519,20920,25027,33524,47809,59855,96954,148366
1708,3260,3260.000,1866,10283,18705,22869,30362,42513,55731,80146,145343
1709,3641,3641.000,1924,9183,16814,20605,27713,38156,52248,74093,147381
1710,3832,3832.000,1937,9248,16875,19636,27062,35041,45988,68170,99502
1711,3839,3839.000,1952,9108,15844,19755,27283,36213,46647,70490,134806
1712,3013,3013.000,1949,10809,20592,24575,33217,45314,57093,89685,241839
1713,3480,3480.000,1982,9489,17042,21548,29576,39796,53627,79001,102016
1714,3574,3574.000,1903,9455,18291,20986,28560,37634,50440,71295,109259
1715,3570,3570.000,1963,9394,18184,20978,28261,38816,50727,71017,140381
1716,3785,3785.000,2009,9274,16886,19853,27397,35337,46980,67612,146933
1717,3211,3211.000,1933,9933,18060,23395,31302,45333,59019,90340,151246
1718,3554,3554.000,1942,9469,17007,20992,28459,38210,50451,78213,155223
1719,3946,3946.000,1792,8985,16003,19641,26509,35166,48021,72158,140905
1720,2836,2836.000,2066,9090,17288,25592,28974,63392,83339,138577,171768
1721,3598,3598.000,1879,9336,17011,20923,28375,40144,51588,78594,135976
1722,2842,2842.000,2010,10681,20994,26559,34016,53134,69411,114125,190276
1723,3266,3266.000,1962,9537,16575,22685,29154,47398,63779,94485,143306
1724,2906,2906.000,1988,10093,19234,26154,33195,57141,74323,106858,175779
1725,2672,2672.000,1989,9894,18407,28046,37231,67182,81586,108012,153244
1726,3827,3827.000,1943,9188,16264,19418,26439,33960,43286,68849,169608
1727,3463,3463.000,1996,9394,16770,21627,28903,41629,54028,84596,153776
1728,3515,3515.000,1968,9243,17112,21257,28845,40309,53956,78467,120720
1729,3902,3902.000,1891,8963,16268,19237,26440,33913,42917,67652,124657
1730,3850,3850.000,1913,8895,15779,19546,26854,35224,49778,69906,98741
1731,3950,3950.000,1891,8872,14859,19014,26205,33597,43845,67944,95072
1732,2978,2978.000,1928,9652,18375,25238,30980,51249,68789,129139,236899
1733,3742,3742.000,2032,9129,16597,19935,27138,36198,48001,67857,115519
1734,3972,3972.000,2008,9152,15603,18927,25643,33357,43140,67154,101465
1735,1940,1940.000,1962,8847,16018,59758,27757,57443,426677,858210,860150
1736,89,89.000,2407,354170,673089,461538,676272,677271,677476,677683,677683
1737,3198,3198.000,1932,9805,17472,21141,28808,38735,47583,78008,110071
1738,3422,3422.000,2006,9488,18035,21950,29706,40924,54382,77682,171515
1739,3539,3539.000,2033,9126,16438,23887,26683,35977,56523,238187,342616
1740,3828,3828.000,1914,8776,11499,17081,24048,30470,34982,59732,73339
1741,4121,4121.000,1963,8755,15407,18245,25011,32057,41340,61173,89774
1742,3498,3498.000,2006,9211,17277,21494,29563,40511,51702,79108,133901
1743,4185,4185.000,1856,8452,14370,17859,24401,32049,40207,63341,95358
1744,4156,4156.000,1916,8592,15127,17983,25239,31470,37767,60079,124309
1745,4257,4257.000,1904,8437,14405,17677,24441,31029,39450,59368,136990
1746,4302,4302.000,1881,8349,14187,17578,24448,30406,45185,62209,121876
1747,2403,2403.000,1923,13660,26564,31228,41538,61350,74786,108918,162824
1748,2851,2851.000,1919,11276,21391,26058,33184,54842,63310,84971,152508
1749,3009,3009.000,1943,11301,21014,24987,33332,49422,60904,79859,115396
1750,3138,3138.000,1925,10604,20407,23956,30952,46910,61931,87792,141452
1751,3321,3321.000,1768,10291,19749,22688,30607,41653,53446,76586,130440
1752,2489,2489.000,1975,11746,24209,30414,40065,61534,79191,124464,227210
1753,2719,2719.000,1970,11221,23107,27064,36970,52488,63873,91660,155057
1754,3430,3430.000,1988,9799,18014,21890,29382,43429,56202,74178,118481
1755,3459,3459.000,2022,9445,18125,21717,28908,41180,57646,76656,110387
1756,3391,3391.000,1975,9813,19429,22172,30619,41046,53578,71302,98883
1757,2897,2897.000,1978,10932,20722,26252,34663,52626,66488,105236,151887
1758,3097,3097.000,1954,10020,18990,23773,32089,47708,62605,86553,157356
1759,3708,3708.000,1844,9352,17640,20179,27631,36093,48982,66817,116212
1760,3868,3868.000,1907,9573,16221,19450,27216,33985,42374,64879,89002
1761,3743,3743.000,1867,9394,16597,20087,27554,35760,47729,68548,94025
1762,3010,3010.000,1914,10572,19793,24864,32459,49866,62147,91986,151015
1763,3266,3266.000,1869,10020,19063,22863,30670,44041,55368,85449,119752
1764,3821,3821.000,1915,8944,16459,19641,26925,35187,49250,67031,113222
1765,3894,3894.000,1909,8997,15883,19368,26351,34757,46687,71954,106598
1766,3797,3797.000,1831,9071,16498,19676,27081,36458,47289,65970,100097
1767,3165,3165.000,1970,9927,19285,24206,31548,47889,62574,96356,203629
1768,3083,3083.000,1907,9258,17708,23835,30522,51128,67260,97907,181062
1769,3926,3926.000,1860,8670,16016,19010,25761,34298,44554,68756,95615
1770,949,949.000,1771,9088,22360,100816,93719,308826,545820,693960,694143
1771,2868,2868.000,1957,8856,15644,19012,25931,33038,47057,66450,93743
1772,2895,2895.000,1852,11805,23965,26283,36505,49289,58566,81423,98789
1773,2723,2723.000,1942,16261,26014,27118,36308,46151,54589,70666,103400
1774,3786,3786.000,1823,8931,17555,19868,27019,36273,46651,62367,80664
1775,4034,4034.000,1938,8849,15144,18459,25448,32410,41237,65552,150091
1776,4254,4254.000,1890,8500,13411,17758,24785,32014,38895,64021,91204
1777,3817,3817.000,1861,8884,16468,19640,26636,36001,45975,68320,114688
1778,3958,3958.000,1926,8834,15128,18910,26116,33676,41087,70163,137444
1779,4225,4225.000,1961,8586,13568,17789,24881,31459,37936,62726,89045
1780,4063,4063.000,1861,8766,15163,18448,25324,33022,43149,66740,146803
1781,4068,4068.000,1909,8609,15631,18469,25294,33262,42060,64018,105126
1782,3524,3524.000,1850,9603,16880,21443,28846,40216,53609,84126,135092
1783,3037,3037.000,1967,9872,18879,24605,31856,51796,70087,98853,133599
1784,3158,3158.000,1967,9441,15923,23976,30323,56357,70951,95433,140061
1785,2861,2861.000,1973,9768,18128,25790,34591,58271,68915,92317,359370
1786,4083,4083.000,1825,8701,14739,18411,25467,32575,40799,64076,155942
1787,3536,3536.000,1980,9451,16174,21180,29164,40162,51181,79388,114982
1788,3745,3745.000,1851,9021,16374,20004,26993,35892,47823,73263,157701
1789,4204,4204.000,1882,8513,14307,17819,24885,31836,39204,61454,141030
1790,4099,4099.000,1848,8811,15147,18337,25424,32070,40699,63322,86817
1791,4067,4067.000,1840,8695,15507,18379,25429,32323,39689,63786,114314
1792,3607,3607.000,1875,9332,16367,20865,27886,38782,52111,76582,164736
1793,4181,4181.000,1920,8745,14153,17921,25050,31343,39798,61405,85466
1794,4288,4288.000,1934,8500,14497,17499,24583,30671,37191,59482,111855
1795,4349,4349.000,1943,8346,13362,17202,24242,30386,35958,59131,79837
1796,4220,4220.000,1883,8557,14771,17781,24478,30900,37227,59786,150555
1797,3737,3737.000,1969,9179,15084,20180,27276,38185,49725,75780,120346
1798,3185,3185.000,1796,9084,17255,23554,30197,52865,64979,95980,126779
1799,3167,3167.000,1823,9167,16225,23709,30682,55533,66791,90924,139260
1800,3300,3300.000,1958,8705,14894,21989,27340,48242,64811,97940,210681
